role_id,role_display_name,metric_id,metric_name,domain,trust_level,headline_permitted,dimensions,date_field,permitted_conclusion,must_never_claim,conflict_ids,dq_ids,validation_reference
data_analyst,Data Analyst,M.REV.001,"Revenue (total, ledger-derived)",Financial,SAFE,True,organization; property; tenant/allotment/bed; time (month); account/COA,journal_entries.entry_date (journal_lines carries this denormalised at export),"State the value as the answer, with its evidence and validation status.","Introduce a metric, dimension, or grouping the semantic layer does not already document.",,,"F.001 v_pnl.revenue (validated: REV.01, exact match, Rs.72,705,593.43 both sides)"
data_analyst,Data Analyst,M.REV.002,Revenue by month,Financial,SAFE,True,organization; property; tenant/allotment/bed; time (month),"entry_date, truncated to calendar month","State the value as the answer, with its evidence and validation status.","Introduce a metric, dimension, or grouping the semantic layer does not already document.",,,"F.001 v_pnl, monthly rows (validated: REV.02, 57 of 57 (property,month) rows match in VALUE exactly; monthly_validation/revenue_by_month.csv). Row-count differs"
data_analyst,Data Analyst,M.COL.001,Collections (application-level),Financial,DISCLOSE,True,organization; property; tenant/allotment/bed; time (month),payment_date,"State the value, with the documented caveat carried alongside it.","Introduce a metric, dimension, or grouping the semantic layer does not already document. Additionally: the caveat may not be dropped for brevity.",C.014,DQ.006;DQ.014,"No dedicated business view exists to validate the total against; validated instead against H.001's legacy_amount for receipts (COLL.01, exact match Rs.81,855,68"
data_analyst,Data Analyst,M.COL.002,Collections by month,Financial,DISCLOSE,True,organization; property; tenant/allotment/bed; time (month),"payment_date, truncated to month","State the value, with the documented caveat carried alongside it.","Introduce a metric, dimension, or grouping the semantic layer does not already document. Additionally: the caveat may not be dropped for brevity.",C.014,DQ.006;DQ.014,"No exported view; recorded as a first computation (monthly_validation/collections_by_month.csv, 46 months)."
data_analyst,Data Analyst,M.COL.003,Collections (ledger-derived),Financial,DISCLOSE,True,organization; property; tenant/allotment/bed; time (month); account/COA,journal_entries.entry_date,"State the value, with the documented caveat carried alongside it.","Introduce a metric, dimension, or grouping the semantic layer does not already document. Additionally: the caveat may not be dropped for brevity.",C.014,DQ.006;DQ.030,"No same-definition comparable reference is wired, so this metric is UNVERIFIED. COLL.02 (H.001 v_je_amount_reconciliation je_net_amount, Rs.87,196,482.59) is supporting evidence only and is NOT this metric's reference: H.001's own formula, CASE WHEN is_reversal_of IS NULL THEN debit ELSE -debit END, never subtracts anything because reversal lines carry credit and not debit, so it reports gross debit including reversed forwards. COLL.03 is a code-defect proof for DQ.030, also supporting evidence only. Live value of this metric: Rs.81,839,404.52."
data_analyst,Data Analyst,M.INV.001,Invoice billed amount,Financial,DISCLOSE,True,organization; property; tenant/allotment/bed; time (month),"COALESCE(invoice_date, (billing_month||'-01')::date, created_at::date) per get_universal_metrics; invoice_date alone for","State the value, with the documented caveat carried alongside it.","Introduce a metric, dimension, or grouping the semantic layer does not already document. Additionally: the caveat may not be dropped for brevity.",C.015;C.020,DQ.007;DQ.013,"No single exported view sums invoices.total_amount alone; cross-checked against H.001's legacy_amount for invoices (Rs.72,405,785.40) and against v_je_amount_re"
data_analyst,Data Analyst,M.INV.002,Invoice count,Financial,DISCLOSE,True,organization; property; tenant/allotment/bed,invoice_date or billing_month depending on the question,"State the value, with the documented caveat carried alongside it.","Introduce a metric, dimension, or grouping the semantic layer does not already document. Additionally: the caveat may not be dropped for brevity.",,DQ.013,H.035 (invoice_type_status_matrix) provides an independent breakdown by type/status/reference_type; total row count (5214) matches M.006's exact count directly.
data_analyst,Data Analyst,M.AR.001A,Tenant dues -- Def A: v_outstanding_receivables (reversals excluded),Financial,SHOW_BOTH,False,organization; property; tenant/allotment/bed; account/COA,entry_date (for last_charge_date/last_payment_date only; not a filter on the balance itself),Present every competing definition and the spread between them. May explain why they differ; may NOT select one.,"Introduce a metric, dimension, or grouping the semantic layer does not already document. Additionally: no single figure, no default definition, no average of the competing values, and no recommendation acting on a disputed number.",C.001;C.002;C.005,DQ.002;DQ.037,"F.006 v_outstanding_receivables (validated: AR.01, exact match Rs.83,297.85)."
data_analyst,Data Analyst,M.AR.001B,Tenant dues -- Def B: v_tenant_current_dues (reversals included),Financial,SHOW_BOTH,False,organization; property; tenant/allotment/bed; account/COA,"entry_date (for last_charge_date/last_payment_date, charge_count/payment_count)",Present every competing definition and the spread between them. May explain why they differ; may NOT select one.,"Introduce a metric, dimension, or grouping the semantic layer does not already document. Additionally: no single figure, no default definition, no average of the competing values, and no recommendation acting on a disputed number.",C.001;C.002;C.005,DQ.002;DQ.037,"F.007 v_tenant_current_dues (validated: AR.02, exact match Rs.83,297.85; AR.03 proves A==B for the total)."
data_analyst,Data Analyst,M.AR.001C,Tenant dues -- Def C: application tenant_allotments.balance_due,Financial,BLOCK,False,organization; property; tenant/allotment/bed,"Not applicable (a current-value column, not an event)","Explain why no single figure exists, present each definition separately, and surface the owner decision. May NOT state a headline figure.","Introduce a metric, dimension, or grouping the semantic layer does not already document. Additionally: no single figure, no default definition, no average of the competing values, and no recommendation acting on a disputed number.",C.001;C.005,DQ.002;DQ.037,"No exported view/diagnostic pre-sums this column; summed directly in this pass (validate_receivables.py: Rs.1,009,125.78 over 97 allotments >0)."
data_analyst,Data Analyst,M.AR.001D,Tenant dues -- Def D: tenant_transactions (frozen legacy ledger),Financial,BLOCK,False,organization; property; tenant/allotment/bed,"date (NOTE: 1 row has a corrupt year, '0206-03-27' -- DQ.023)","Explain why no single figure exists, present each definition separately, and surface the owner decision. May NOT state a headline figure.","Introduce a metric, dimension, or grouping the semantic layer does not already document. Additionally: no single figure, no default definition, no average of the competing values, and no recommendation acting on a disputed number.",C.001;C.003;C.005,DQ.002;DQ.019;DQ.023;DQ.037,"H.052 (T164500.151) def2_tenant_transactions column (validated: AR.04a, exact match Rs.9,968,023.32, proving the unclipped-sum mechanism). The floored variant ("
data_analyst,Data Analyst,M.AR.002,Tenant dues by tenant,Financial,BLOCK,False,organization; property; tenant/allotment/bed,Same as M.AR.001A-D,"Explain why no single figure exists, present each definition separately, and surface the owner decision. May NOT state a headline figure.","Introduce a metric, dimension, or grouping the semantic layer does not already document. Additionally: no single figure, no default definition, no average of the competing values, and no recommendation acting on a disputed number.",C.001;C.003;C.005,DQ.002;DQ.019,Same underlying validation as M.AR.001A-D (AR.01-AR.04c).
data_analyst,Data Analyst,M.AR.003,Tenant dues by property,Financial,SHOW_BOTH,False,organization; property; tenant/allotment/bed,Same as M.AR.001A/B,Present every competing definition and the spread between them. May explain why they differ; may NOT select one.,"Introduce a metric, dimension, or grouping the semantic layer does not already document. Additionally: no single figure, no default definition, no average of the competing values, and no recommendation acting on a disputed number.",C.001;C.002,DQ.002,Not separately validated (degenerate single-property case); underlying totals validated via AR.01/AR.02.
data_analyst,Data Analyst,M.DEP.001,Deposit held,Financial,SAFE,True,organization; property; tenant/allotment/bed; account/COA,entry_date (not a filter for the current balance),"State the value as the answer, with its evidence and validation status.","Introduce a metric, dimension, or grouping the semantic layer does not already document.",,DQ.011;DQ.012;DQ.035,"F.010 v_advance_balances.deposit_held (validated: DEP.01, exact match Rs.4,221,150.00)."
data_analyst,Data Analyst,M.DEP.002,Deposit settlements,Financial,DISCLOSE,True,organization; property; tenant/allotment/bed; time (month),settlement_date,"State the value, with the documented caveat carried alongside it.","Introduce a metric, dimension, or grouping the semantic layer does not already document. Additionally: the caveat may not be dropped for brevity.",C.016,DQ.008;DQ.012,"H.001 legacy_amount for deposit_settlements (validated: DEP.03, exact match Rs.5,085,959.33); ledger net (validated: DEP.04, exact match Rs.5,669,454.67, reprod"
data_analyst,Data Analyst,M.DEP.003,Deposit refunds,Financial,DISCLOSE,True,organization; property; tenant/allotment/bed; account/COA,settlement_date,"State the value, with the documented caveat carried alongside it.","Introduce a metric, dimension, or grouping the semantic layer does not already document. Additionally: the caveat may not be dropped for brevity.",C.016,DQ.008,Identical figures to M.DEP.002's DEP.03/DEP.04 (refund_amount IS the field being reconciled there).
data_analyst,Data Analyst,M.EXP.001,"Expenses (total, ledger-derived)",Financial,SAFE,True,organization; property; tenant/allotment/bed; time (month); account/COA,entry_date,"State the value as the answer, with its evidence and validation status.","Introduce a metric, dimension, or grouping the semantic layer does not already document.",,DQ.033,"F.001 v_pnl.expenses (validated: EXP.01, exact match Rs.20,784,831.96; monthly series in EXP.07, 0 mismatches)."
data_analyst,Data Analyst,M.EXP.002,Expenses by category,Financial,DISCLOSE,True,organization; property; tenant/allotment/bed; time (month); account/COA,entry_date,"State the value, with the documented caveat carried alongside it.","Introduce a metric, dimension, or grouping the semantic layer does not already document. Additionally: the caveat may not be dropped for brevity.",C.012;C.013;C.022,DQ.015;DQ.033;DQ.034,"F.002 v_pnl_by_category (validated: EXP.02 sum_of_buckets exact match Rs.19,754,213.96; EXP.03 electricity exact match Rs.1,030,618.00; EXP.04 proves the unbuck"
data_analyst,Data Analyst,M.OWN.001,Owner payments (source total),Financial,SAFE,True,organization; property; tenant/allotment/bed; time (month),"bill_date (ledger-posting basis, per normalize_owner_payment_journal_dates) OR COALESCE(paid_date,due_date) (v_diag_owne","State the value as the answer, with its evidence and validation status.","Introduce a metric, dimension, or grouping the semantic layer does not already document.",,DQ.017;DQ.020,"H.001 legacy_amount/je_net_amount for owner_payments (validated: OWNPAY.01/OWNPAY.02, both exact matches, Rs.19,019,250.00)."
data_analyst,Data Analyst,M.OWN.002,"Owner rent (ledger bucket, 3 definitions)",Financial,SHOW_BOTH,False,organization; property; tenant/allotment/bed; time (month),entry_date (Def ii); bill_date (Def iii),Present every competing definition and the spread between them. May explain why they differ; may NOT select one.,"Introduce a metric, dimension, or grouping the semantic layer does not already document. Additionally: no single figure, no default definition, no average of the competing values, and no recommendation acting on a disputed number.",C.010;C.011,DQ.016;DQ.017;DQ.020,"H.030 pnl_owner_rent (validated: PROFIT.04, exact match Rs.19,019,250.00); F.028 owner_rent_paid_or_accrued (validated: PROFIT.03, exact match)."
data_analyst,Data Analyst,M.PROFIT.001,Gross/net profit (3 definitions),Financial,BLOCK,False,organization; property; tenant/allotment/bed; time (month),"entry_date (Def A/C); COALESCE(billing_month,invoice_date,created_at) (Def B, invoices) / expense_date (Def B, expenses)","Explain why no single figure exists, present each definition separately, and surface the owner decision. May NOT state a headline figure.","Introduce a metric, dimension, or grouping the semantic layer does not already document. Additionally: no single figure, no default definition, no average of the competing values, and no recommendation acting on a disputed number.",C.010;C.011,DQ.016;DQ.017,"F.001 v_pnl.net_profit (validated: PROFIT.01, exact match Rs.51,920,761.47, Def A); H.030's profit_if_owner_rent_excluded (validated: PROFIT.05, exact match Rs."
data_analyst,Data Analyst,M.PNL.001,P&L by month,Financial,SAFE,True,organization; property; tenant/allotment/bed; time (month),"entry_date, truncated to month","State the value as the answer, with its evidence and validation status.","Introduce a metric, dimension, or grouping the semantic layer does not already document.",C.012;C.013,DQ.015;DQ.033,"F.001 v_pnl, monthly rows (validated: REV.02/EXP.07 for the two halves; 0 VALUE mismatches across all 57 overlapping rows; monthly_validation/revenue_by_month.c"
data_analyst,Data Analyst,M.CASH.001,Cash balance,Financial,SAFE,True,organization; property; tenant/allotment/bed; account/COA,entry_date (not a filter for the current balance -- this is a running total),"State the value as the answer, with its evidence and validation status.","Introduce a metric, dimension, or grouping the semantic layer does not already document.",,,"F.011 v_org_cash_balance (not independently re-validated in this pass's scripts -- same construction pattern as M.DEP.001, which IS validated exactly; recommend"
data_analyst,Data Analyst,M.TB.001,Trial balance / accounting checks,Financial,SAFE,True,organization; tenant/allotment/bed; account/COA,Not applicable (all-time balance),"State the value as the answer, with its evidence and validation status.","Introduce a metric, dimension, or grouping the semantic layer does not already document.",C.002,,"F.012 v_trial_balance (validated: LEDGER.04, exact match, 24/24 accounts, 0 mismatches); F.013 v_trial_balance_detailed (validated: LEDGER.07, exact total_debit"
data_analyst,Data Analyst,M.OCC.001,Current occupancy (5+ definitions),Operations,SHOW_BOTH,False,organization; property; tenant/allotment/bed; time (month),Not applicable for snapshot definitions (A-D); onboarding_date/actual_exit_date for Def E,Present every competing definition and the spread between them. May explain why they differ; may NOT select one.,"Introduce a metric, dimension, or grouping the semantic layer does not already document. Additionally: no single figure, no default definition, no average of the competing values, and no recommendation acting on a disputed number.",C.006;C.007;C.008;C.009,DQ.004;DQ.005,"F.005 v_occupancy (validated: OCC.01-05, all exact matches, including the reproduced defect); H.012a-e (validated: OCC.06-08b, all exact matches); F.022 v_activ"
data_analyst,Data Analyst,M.OCC.002,Occupancy by property,Operations,SHOW_BOTH,False,organization; property; tenant/allotment/bed,Same as M.OCC.001,Present every competing definition and the spread between them. May explain why they differ; may NOT select one.,"Introduce a metric, dimension, or grouping the semantic layer does not already document. Additionally: no single figure, no default definition, no average of the competing values, and no recommendation acting on a disputed number.",C.006;C.007;C.008;C.009,DQ.004;DQ.005,Identical to M.OCC.001 (single-property dataset).
data_analyst,Data Analyst,M.OCC.003,Occupancy by apartment,Operations,NOT_DETERMINABLE,False,organization; property; tenant/allotment/bed; time (month),"Window-bounded (p_from/p_to parameters, day-level)","State exactly: ""Not determinable from exported evidence."", plus what is missing.","Introduce a metric, dimension, or grouping the semantic layer does not already document. Additionally: no estimate, no proxy metric, no zero-as-placeholder.",C.006;C.008,DQ.004,No exported output to validate against -- Not determinable from exported evidence whether a reconstruction matches production output.
data_analyst,Data Analyst,M.OCC.004,Occupancy by bed,Operations,NOT_DETERMINABLE,False,organization; property; tenant/allotment/bed,"onboarding_date, actual_exit_date, day-range window [p_from,p_to] clamped to LEAST(p_to, CURRENT_DATE)","State exactly: ""Not determinable from exported evidence."", plus what is missing.","Introduce a metric, dimension, or grouping the semantic layer does not already document. Additionally: no estimate, no proxy metric, no zero-as-placeholder.",C.008,,No exported output exists for either function at the per-bed grain.
data_analyst,Data Analyst,M.TEN.001,Staying tenants,Operations,SAFE,True,organization; property; tenant/allotment/bed,Not applicable (current-state field),"State the value as the answer, with its evidence and validation status.","Introduce a metric, dimension, or grouping the semantic layer does not already document.",,DQ.003,"H.013 allotment_status_rollup (validated: OCC.13, exact match, 168)."
data_analyst,Data Analyst,M.TEN.002,On-Notice tenants,Operations,SAFE,True,organization; property; tenant/allotment/bed,Not applicable,"State the value as the answer, with its evidence and validation status.","Introduce a metric, dimension, or grouping the semantic layer does not already document.",C.009,DQ.005,"H.011/H.013 (validated: OCC.14, exact match, 7; OCC.03/05 confirm the downstream defect)."
data_analyst,Data Analyst,M.TEN.003,Booked beds,Operations,SAFE,True,organization; property; tenant/allotment/bed,Not applicable,"State the value as the answer, with its evidence and validation status.","Introduce a metric, dimension, or grouping the semantic layer does not already document.",,,"F.022 v_active_tenants.booked_tenants (validated: OCC.11, exact match, 4); v_occupancy's booked column (validated: OCC construction consistent, 4)."
data_analyst,Data Analyst,M.OCC.005,Historical occupancy,Operations,SHOW_BOTH,False,organization; property; tenant/allotment/bed,"onboarding_date, actual_exit_date, window-bounded",Present every competing definition and the spread between them. May explain why they differ; may NOT select one.,"Introduce a metric, dimension, or grouping the semantic layer does not already document. Additionally: no single figure, no default definition, no average of the competing values, and no recommendation acting on a disputed number.",C.006;C.008,DQ.004,"H.012e (194/203, cross-referenced in OCC printout, not independently re-derived as a day-weighted calc in this pass's scripts -- the bed-set-membership check (S"
data_analyst,Data Analyst,M.LIFE.001,Tenant lifecycle (staying_status sync),Operations,SAFE,True,organization; tenant/allotment/bed,created_at (tie-break only),"State the value as the answer, with its evidence and validation status.","Introduce a metric, dimension, or grouping the semantic layer does not already document.",,,"Not independently re-executed in this pass's scripts (the derivation is a row-level trigger rule, not an aggregate to compare against a view) -- confidence is f"
data_analyst,Data Analyst,M.LIFE.002,Move-ins,Operations,SAFE,True,organization; property; tenant/allotment/bed; time (month),onboarding_date,"State the value as the answer, with its evidence and validation status.","Introduce a metric, dimension, or grouping the semantic layer does not already document.",,,"F.017 v_tenant_lifecycle_events (2204 rows, full population, exact SQL reproduced in business_logic.md 10.2; not independently re-executed as a row-count check "
data_analyst,Data Analyst,M.LIFE.003,Move-outs,Operations,SAFE,True,organization; property; tenant/allotment/bed; time (month),actual_exit_date,"State the value as the answer, with its evidence and validation status.","Introduce a metric, dimension, or grouping the semantic layer does not already document.",,,Same as M.LIFE.002.
data_analyst,Data Analyst,M.LIFE.004,Exit reconciliation,Operations,SAFE,True,organization; property; tenant/allotment/bed,actual_exit_date,"State the value as the answer, with its evidence and validation status.","Introduce a metric, dimension, or grouping the semantic layer does not already document.",C.001,,"F.027 v_exit_reconciliation_worklist (45 rows; not independently re-executed as a full reconstruction in this pass's scripts given its 8-way join complexity, bu"
data_analyst,Data Analyst,M.MAINT.001,Maintenance volume,Operations,SAFE,True,organization; property; tenant/allotment/bed; time (month),created_at,"State the value as the answer, with its evidence and validation status.","Introduce a metric, dimension, or grouping the semantic layer does not already document.",,DQ.027,"M.006 exact row count (1611, live table); H.019's 1613 figure (validated: MAINT.01/MAINT.01b, exact match AND mechanism proven)."
data_analyst,Data Analyst,M.MAINT.002,Maintenance cost (2 paths),Operations,SAFE,True,organization; property; tenant/allotment/bed; time (month),Path A: maintenance_tickets.created_at (ticket creation month). Path B: expenses.expense_date.,"State the value as the answer, with its evidence and validation status.","Introduce a metric, dimension, or grouping the semantic layer does not already document.",C.023,DQ.027;DQ.034,"F.015 v_maintenance_metrics (validated: MAINT.02, exact match Rs.28,796.00); F.016 v_maintenance_by_issue_type (validated: MAINT.03/04, exact match, 15 resolved"
data_analyst,Data Analyst,M.EB.001,EB/electricity usage and cost,Operations,DISCLOSE,True,organization; property; tenant/allotment/bed; time (month),"electricity_readings.billing_month (TEXT, 'Mon-YY' format -- see Known limitations); eb_payments.bill_date (a real DATE ","State the value, with the documented caveat carried alongside it.","Introduce a metric, dimension, or grouping the semantic layer does not already document. Additionally: the caveat may not be dropped for brevity.",,DQ.021;DQ.028,"Format-mismatch fully re-verified in this pass (validate_eb.py EB.03-07, all exact matches to the 0%/100% pattern); eb_payments 2-month coverage re-verified (EB"
data_analyst,Data Analyst,M.EB.002,EB tenant allocation,Operations,DISCLOSE,True,organization; property; tenant/allotment/bed; time (month),"billing_month (TEXT, 'Mon-YY' format -- same DQ.028 defect as M.EB.001)","State the value, with the documented caveat carried alongside it.","Introduce a metric, dimension, or grouping the semantic layer does not already document. Additionally: the caveat may not be dropped for brevity.",,DQ.028,"Formula verification (validated: EB.01/EB.02, both 801/801 exact matches -- upgraded from business_logic.md's original 5-row spot-check to a full-population pro"
data_analyst,Data Analyst,M.RISK.001,Outstanding dues,Risk & Data Quality,BLOCK,False,organization; property; tenant/allotment/bed,See M.AR.001A-D,"Explain why no single figure exists, present each definition separately, and surface the owner decision. May NOT state a headline figure.","Introduce a metric, dimension, or grouping the semantic layer does not already document. Additionally: no single figure, no default definition, no average of the competing values, and no recommendation acting on a disputed number.",C.001;C.003;C.005,DQ.002;DQ.019,Same as M.AR.001A-D.
data_analyst,Data Analyst,M.RISK.002,Aging,Risk & Data Quality,DISCLOSE,True,organization; property; tenant/allotment/bed,"CURRENT_DATE - entry_date (bucket boundary), entry_date (charge date itself)","State the value, with the documented caveat carried alongside it.","Introduce a metric, dimension, or grouping the semantic layer does not already document. Additionally: the caveat may not be dropped for brevity.",C.019,DQ.018;DQ.036,Not independently re-executed in this pass's scripts (a snapshot-dependent calculation cannot be meaningfully re-validated against a frozen export without first
data_analyst,Data Analyst,M.RISK.003,Deposit risk,Risk & Data Quality,DISCLOSE,True,organization; property; tenant/allotment/bed,"Various (settlement_date, actual_exit_date)","State the value, with the documented caveat carried alongside it.","Introduce a metric, dimension, or grouping the semantic layer does not already document. Additionally: the caveat may not be dropped for brevity.",,DQ.011;DQ.012;DQ.035,"H.045 (validated: DEP.06, exact match, 32); H.046 (not independently re-executed as a full 3-way anomaly reconstruction in this pass's scripts, given its comple"
data_analyst,Data Analyst,M.RISK.004,Phantom deposits,Risk & Data Quality,DISCLOSE,True,organization; property; tenant/allotment/bed,Not applicable (current-state check),"State the value, with the documented caveat carried alongside it.","Introduce a metric, dimension, or grouping the semantic layer does not already document. Additionally: the caveat may not be dropped for brevity.",,DQ.011;DQ.035,"H.045 v_diag_deposit_phantom (validated: DEP.06, exact match, 32 allotments); amount at risk (validated: DEP.07, Rs.722,700.00 -- a NEW figure, H.045 does not e"
data_analyst,Data Analyst,M.RISK.005,Duplicate invoices,Risk & Data Quality,DISCLOSE,True,organization; property; tenant/allotment/bed; time (month),Not applicable to the grouping itself (billing_month is the grouping key),"State the value, with the documented caveat carried alongside it.","Introduce a metric, dimension, or grouping the semantic layer does not already document. Additionally: the caveat may not be dropped for brevity.",C.020,DQ.013,"H.055 duplicate_invoices (validated: DQ.013/DQ.013b in validate_data_quality.py, exact match, 322 groups / 356 excess rows -- independently re-derived from raw "
data_analyst,Data Analyst,M.RISK.006,Duplicate receipts,Risk & Data Quality,DISCLOSE,True,organization; property; tenant/allotment/bed,"detected_at (single value, not a range)","State the value, with the documented caveat carried alongside it.","Introduce a metric, dimension, or grouping the semantic layer does not already document. Additionally: the caveat may not be dropped for brevity.",C.018;C.020,DQ.014,Not independently re-executed as a fresh detection pass in this pass's scripts (the 9-group/23-id/11-live cross-check was performed and confirmed during the con
data_analyst,Data Analyst,M.RISK.007,Overlapping allotments,Risk & Data Quality,DISCLOSE,True,organization; property; tenant/allotment/bed,"onboarding_date, actual_exit_date","State the value, with the documented caveat carried alongside it.","Introduce a metric, dimension, or grouping the semantic layer does not already document. Additionally: the caveat may not be dropped for brevity.",,DQ.003,"H.056 overlapping_allotments (validated: DQ.003 in validate_data_quality.py, DIFFERS: 214 reconstructed vs 187 reference, ~14% higher, explained by boundary-con"
data_analyst,Data Analyst,M.RISK.008,Ledger/source reconciliation,Risk & Data Quality,DISCLOSE,True,organization; property; tenant/allotment/bed,See each component metric,"State the value, with the documented caveat carried alongside it.","Introduce a metric, dimension, or grouping the semantic layer does not already document. Additionally: the caveat may not be dropped for brevity.",C.014;C.015;C.016,DQ.006;DQ.007;DQ.008,"All three independently re-derived and exact-matched to H.001 in this pass (COLL.02, and the invoice/deposit equivalents referenced in M.INV.001/M.DEP.002)."
data_analyst,Data Analyst,M.RISK.009,Data-quality score / trust status,Risk & Data Quality,SAFE,True,tenant/allotment/bed,Not applicable,"State the value as the answer, with its evidence and validation status.","Introduce a metric, dimension, or grouping the semantic layer does not already document.",,,Self-validating: this document's closing summary counts are derived directly from metric_registry.csv.
business_analyst,Business Analyst,M.REV.001,"Revenue (total, ledger-derived)",Financial,SAFE,True,organization; property; tenant/allotment/bed; time (month); account/COA,journal_entries.entry_date (journal_lines carries this denormalised at export),"State the value as the answer, with its evidence and validation status.",Blend competing definitions into one business conclusion.,,,"F.001 v_pnl.revenue (validated: REV.01, exact match, Rs.72,705,593.43 both sides)"
business_analyst,Business Analyst,M.REV.002,Revenue by month,Financial,SAFE,True,organization; property; tenant/allotment/bed; time (month),"entry_date, truncated to calendar month","State the value as the answer, with its evidence and validation status.",Blend competing definitions into one business conclusion.,,,"F.001 v_pnl, monthly rows (validated: REV.02, 57 of 57 (property,month) rows match in VALUE exactly; monthly_validation/revenue_by_month.csv). Row-count differs"
business_analyst,Business Analyst,M.COL.001,Collections (application-level),Financial,DISCLOSE,True,organization; property; tenant/allotment/bed; time (month),payment_date,"State the value, with the documented caveat carried alongside it.",Blend competing definitions into one business conclusion. Additionally: the caveat may not be dropped for brevity.,C.014,DQ.006;DQ.014,"No dedicated business view exists to validate the total against; validated instead against H.001's legacy_amount for receipts (COLL.01, exact match Rs.81,855,68"
business_analyst,Business Analyst,M.COL.002,Collections by month,Financial,DISCLOSE,True,organization; property; tenant/allotment/bed; time (month),"payment_date, truncated to month","State the value, with the documented caveat carried alongside it.",Blend competing definitions into one business conclusion. Additionally: the caveat may not be dropped for brevity.,C.014,DQ.006;DQ.014,"No exported view; recorded as a first computation (monthly_validation/collections_by_month.csv, 46 months)."
business_analyst,Business Analyst,M.COL.003,Collections (ledger-derived),Financial,DISCLOSE,True,organization; property; tenant/allotment/bed; time (month); account/COA,journal_entries.entry_date,"State the value, with the documented caveat carried alongside it.",Blend competing definitions into one business conclusion. Additionally: the caveat may not be dropped for brevity.,C.014,DQ.006;DQ.030,"No same-definition comparable reference is wired, so this metric is UNVERIFIED. COLL.02 (H.001 v_je_amount_reconciliation je_net_amount, Rs.87,196,482.59) is supporting evidence only and is NOT this metric's reference: H.001's own formula, CASE WHEN is_reversal_of IS NULL THEN debit ELSE -debit END, never subtracts anything because reversal lines carry credit and not debit, so it reports gross debit including reversed forwards. COLL.03 is a code-defect proof for DQ.030, also supporting evidence only. Live value of this metric: Rs.81,839,404.52."
business_analyst,Business Analyst,M.INV.001,Invoice billed amount,Financial,DISCLOSE,True,organization; property; tenant/allotment/bed; time (month),"COALESCE(invoice_date, (billing_month||'-01')::date, created_at::date) per get_universal_metrics; invoice_date alone for","State the value, with the documented caveat carried alongside it.",Blend competing definitions into one business conclusion. Additionally: the caveat may not be dropped for brevity.,C.015;C.020,DQ.007;DQ.013,"No single exported view sums invoices.total_amount alone; cross-checked against H.001's legacy_amount for invoices (Rs.72,405,785.40) and against v_je_amount_re"
business_analyst,Business Analyst,M.INV.002,Invoice count,Financial,DISCLOSE,True,organization; property; tenant/allotment/bed,invoice_date or billing_month depending on the question,"State the value, with the documented caveat carried alongside it.",Blend competing definitions into one business conclusion. Additionally: the caveat may not be dropped for brevity.,,DQ.013,H.035 (invoice_type_status_matrix) provides an independent breakdown by type/status/reference_type; total row count (5214) matches M.006's exact count directly.
business_analyst,Business Analyst,M.AR.001A,Tenant dues -- Def A: v_outstanding_receivables (reversals excluded),Financial,SHOW_BOTH,False,organization; property; tenant/allotment/bed; account/COA,entry_date (for last_charge_date/last_payment_date only; not a filter on the balance itself),Present every competing definition and the spread between them. May explain why they differ; may NOT select one.,"Blend competing definitions into one business conclusion. Additionally: no single figure, no default definition, no average of the competing values, and no recommendation acting on a disputed number.",C.001;C.002;C.005,DQ.002;DQ.037,"F.006 v_outstanding_receivables (validated: AR.01, exact match Rs.83,297.85)."
business_analyst,Business Analyst,M.AR.001B,Tenant dues -- Def B: v_tenant_current_dues (reversals included),Financial,SHOW_BOTH,False,organization; property; tenant/allotment/bed; account/COA,"entry_date (for last_charge_date/last_payment_date, charge_count/payment_count)",Present every competing definition and the spread between them. May explain why they differ; may NOT select one.,"Blend competing definitions into one business conclusion. Additionally: no single figure, no default definition, no average of the competing values, and no recommendation acting on a disputed number.",C.001;C.002;C.005,DQ.002;DQ.037,"F.007 v_tenant_current_dues (validated: AR.02, exact match Rs.83,297.85; AR.03 proves A==B for the total)."
business_analyst,Business Analyst,M.AR.001C,Tenant dues -- Def C: application tenant_allotments.balance_due,Financial,BLOCK,False,organization; property; tenant/allotment/bed,"Not applicable (a current-value column, not an event)","Explain why no single figure exists, present each definition separately, and surface the owner decision. May NOT state a headline figure.","Blend competing definitions into one business conclusion. Additionally: no single figure, no default definition, no average of the competing values, and no recommendation acting on a disputed number.",C.001;C.005,DQ.002;DQ.037,"No exported view/diagnostic pre-sums this column; summed directly in this pass (validate_receivables.py: Rs.1,009,125.78 over 97 allotments >0)."
business_analyst,Business Analyst,M.AR.001D,Tenant dues -- Def D: tenant_transactions (frozen legacy ledger),Financial,BLOCK,False,organization; property; tenant/allotment/bed,"date (NOTE: 1 row has a corrupt year, '0206-03-27' -- DQ.023)","Explain why no single figure exists, present each definition separately, and surface the owner decision. May NOT state a headline figure.","Blend competing definitions into one business conclusion. Additionally: no single figure, no default definition, no average of the competing values, and no recommendation acting on a disputed number.",C.001;C.003;C.005,DQ.002;DQ.019;DQ.023;DQ.037,"H.052 (T164500.151) def2_tenant_transactions column (validated: AR.04a, exact match Rs.9,968,023.32, proving the unclipped-sum mechanism). The floored variant ("
business_analyst,Business Analyst,M.AR.002,Tenant dues by tenant,Financial,BLOCK,False,organization; property; tenant/allotment/bed,Same as M.AR.001A-D,"Explain why no single figure exists, present each definition separately, and surface the owner decision. May NOT state a headline figure.","Blend competing definitions into one business conclusion. Additionally: no single figure, no default definition, no average of the competing values, and no recommendation acting on a disputed number.",C.001;C.003;C.005,DQ.002;DQ.019,Same underlying validation as M.AR.001A-D (AR.01-AR.04c).
business_analyst,Business Analyst,M.AR.003,Tenant dues by property,Financial,SHOW_BOTH,False,organization; property; tenant/allotment/bed,Same as M.AR.001A/B,Present every competing definition and the spread between them. May explain why they differ; may NOT select one.,"Blend competing definitions into one business conclusion. Additionally: no single figure, no default definition, no average of the competing values, and no recommendation acting on a disputed number.",C.001;C.002,DQ.002,Not separately validated (degenerate single-property case); underlying totals validated via AR.01/AR.02.
business_analyst,Business Analyst,M.DEP.001,Deposit held,Financial,SAFE,True,organization; property; tenant/allotment/bed; account/COA,entry_date (not a filter for the current balance),"State the value as the answer, with its evidence and validation status.",Blend competing definitions into one business conclusion.,,DQ.011;DQ.012;DQ.035,"F.010 v_advance_balances.deposit_held (validated: DEP.01, exact match Rs.4,221,150.00)."
business_analyst,Business Analyst,M.DEP.002,Deposit settlements,Financial,DISCLOSE,True,organization; property; tenant/allotment/bed; time (month),settlement_date,"State the value, with the documented caveat carried alongside it.",Blend competing definitions into one business conclusion. Additionally: the caveat may not be dropped for brevity.,C.016,DQ.008;DQ.012,"H.001 legacy_amount for deposit_settlements (validated: DEP.03, exact match Rs.5,085,959.33); ledger net (validated: DEP.04, exact match Rs.5,669,454.67, reprod"
business_analyst,Business Analyst,M.DEP.003,Deposit refunds,Financial,DISCLOSE,True,organization; property; tenant/allotment/bed; account/COA,settlement_date,"State the value, with the documented caveat carried alongside it.",Blend competing definitions into one business conclusion. Additionally: the caveat may not be dropped for brevity.,C.016,DQ.008,Identical figures to M.DEP.002's DEP.03/DEP.04 (refund_amount IS the field being reconciled there).
business_analyst,Business Analyst,M.EXP.001,"Expenses (total, ledger-derived)",Financial,SAFE,True,organization; property; tenant/allotment/bed; time (month); account/COA,entry_date,"State the value as the answer, with its evidence and validation status.",Blend competing definitions into one business conclusion.,,DQ.033,"F.001 v_pnl.expenses (validated: EXP.01, exact match Rs.20,784,831.96; monthly series in EXP.07, 0 mismatches)."
business_analyst,Business Analyst,M.EXP.002,Expenses by category,Financial,DISCLOSE,True,organization; property; tenant/allotment/bed; time (month); account/COA,entry_date,"State the value, with the documented caveat carried alongside it.",Blend competing definitions into one business conclusion. Additionally: the caveat may not be dropped for brevity.,C.012;C.013;C.022,DQ.015;DQ.033;DQ.034,"F.002 v_pnl_by_category (validated: EXP.02 sum_of_buckets exact match Rs.19,754,213.96; EXP.03 electricity exact match Rs.1,030,618.00; EXP.04 proves the unbuck"
business_analyst,Business Analyst,M.OWN.001,Owner payments (source total),Financial,SAFE,True,organization; property; tenant/allotment/bed; time (month),"bill_date (ledger-posting basis, per normalize_owner_payment_journal_dates) OR COALESCE(paid_date,due_date) (v_diag_owne","State the value as the answer, with its evidence and validation status.",Blend competing definitions into one business conclusion.,,DQ.017;DQ.020,"H.001 legacy_amount/je_net_amount for owner_payments (validated: OWNPAY.01/OWNPAY.02, both exact matches, Rs.19,019,250.00)."
business_analyst,Business Analyst,M.OWN.002,"Owner rent (ledger bucket, 3 definitions)",Financial,SHOW_BOTH,False,organization; property; tenant/allotment/bed; time (month),entry_date (Def ii); bill_date (Def iii),Present every competing definition and the spread between them. May explain why they differ; may NOT select one.,"Blend competing definitions into one business conclusion. Additionally: no single figure, no default definition, no average of the competing values, and no recommendation acting on a disputed number.",C.010;C.011,DQ.016;DQ.017;DQ.020,"H.030 pnl_owner_rent (validated: PROFIT.04, exact match Rs.19,019,250.00); F.028 owner_rent_paid_or_accrued (validated: PROFIT.03, exact match)."
business_analyst,Business Analyst,M.PROFIT.001,Gross/net profit (3 definitions),Financial,BLOCK,False,organization; property; tenant/allotment/bed; time (month),"entry_date (Def A/C); COALESCE(billing_month,invoice_date,created_at) (Def B, invoices) / expense_date (Def B, expenses)","Explain why no single figure exists, present each definition separately, and surface the owner decision. May NOT state a headline figure.","Blend competing definitions into one business conclusion. Additionally: no single figure, no default definition, no average of the competing values, and no recommendation acting on a disputed number.",C.010;C.011,DQ.016;DQ.017,"F.001 v_pnl.net_profit (validated: PROFIT.01, exact match Rs.51,920,761.47, Def A); H.030's profit_if_owner_rent_excluded (validated: PROFIT.05, exact match Rs."
business_analyst,Business Analyst,M.PNL.001,P&L by month,Financial,SAFE,True,organization; property; tenant/allotment/bed; time (month),"entry_date, truncated to month","State the value as the answer, with its evidence and validation status.",Blend competing definitions into one business conclusion.,C.012;C.013,DQ.015;DQ.033,"F.001 v_pnl, monthly rows (validated: REV.02/EXP.07 for the two halves; 0 VALUE mismatches across all 57 overlapping rows; monthly_validation/revenue_by_month.c"
business_analyst,Business Analyst,M.CASH.001,Cash balance,Financial,SAFE,True,organization; property; tenant/allotment/bed; account/COA,entry_date (not a filter for the current balance -- this is a running total),"State the value as the answer, with its evidence and validation status.",Blend competing definitions into one business conclusion.,,,"F.011 v_org_cash_balance (not independently re-validated in this pass's scripts -- same construction pattern as M.DEP.001, which IS validated exactly; recommend"
business_analyst,Business Analyst,M.TB.001,Trial balance / accounting checks,Financial,SAFE,True,organization; tenant/allotment/bed; account/COA,Not applicable (all-time balance),"State the value as the answer, with its evidence and validation status.",Blend competing definitions into one business conclusion.,C.002,,"F.012 v_trial_balance (validated: LEDGER.04, exact match, 24/24 accounts, 0 mismatches); F.013 v_trial_balance_detailed (validated: LEDGER.07, exact total_debit"
business_analyst,Business Analyst,M.OCC.001,Current occupancy (5+ definitions),Operations,SHOW_BOTH,False,organization; property; tenant/allotment/bed; time (month),Not applicable for snapshot definitions (A-D); onboarding_date/actual_exit_date for Def E,Present every competing definition and the spread between them. May explain why they differ; may NOT select one.,"Blend competing definitions into one business conclusion. Additionally: no single figure, no default definition, no average of the competing values, and no recommendation acting on a disputed number.",C.006;C.007;C.008;C.009,DQ.004;DQ.005,"F.005 v_occupancy (validated: OCC.01-05, all exact matches, including the reproduced defect); H.012a-e (validated: OCC.06-08b, all exact matches); F.022 v_activ"
business_analyst,Business Analyst,M.OCC.002,Occupancy by property,Operations,SHOW_BOTH,False,organization; property; tenant/allotment/bed,Same as M.OCC.001,Present every competing definition and the spread between them. May explain why they differ; may NOT select one.,"Blend competing definitions into one business conclusion. Additionally: no single figure, no default definition, no average of the competing values, and no recommendation acting on a disputed number.",C.006;C.007;C.008;C.009,DQ.004;DQ.005,Identical to M.OCC.001 (single-property dataset).
business_analyst,Business Analyst,M.OCC.003,Occupancy by apartment,Operations,NOT_DETERMINABLE,False,organization; property; tenant/allotment/bed; time (month),"Window-bounded (p_from/p_to parameters, day-level)","State exactly: ""Not determinable from exported evidence."", plus what is missing.","Blend competing definitions into one business conclusion. Additionally: no estimate, no proxy metric, no zero-as-placeholder.",C.006;C.008,DQ.004,No exported output to validate against -- Not determinable from exported evidence whether a reconstruction matches production output.
business_analyst,Business Analyst,M.OCC.004,Occupancy by bed,Operations,NOT_DETERMINABLE,False,organization; property; tenant/allotment/bed,"onboarding_date, actual_exit_date, day-range window [p_from,p_to] clamped to LEAST(p_to, CURRENT_DATE)","State exactly: ""Not determinable from exported evidence."", plus what is missing.","Blend competing definitions into one business conclusion. Additionally: no estimate, no proxy metric, no zero-as-placeholder.",C.008,,No exported output exists for either function at the per-bed grain.
business_analyst,Business Analyst,M.TEN.001,Staying tenants,Operations,SAFE,True,organization; property; tenant/allotment/bed,Not applicable (current-state field),"State the value as the answer, with its evidence and validation status.",Blend competing definitions into one business conclusion.,,DQ.003,"H.013 allotment_status_rollup (validated: OCC.13, exact match, 168)."
business_analyst,Business Analyst,M.TEN.002,On-Notice tenants,Operations,SAFE,True,organization; property; tenant/allotment/bed,Not applicable,"State the value as the answer, with its evidence and validation status.",Blend competing definitions into one business conclusion.,C.009,DQ.005,"H.011/H.013 (validated: OCC.14, exact match, 7; OCC.03/05 confirm the downstream defect)."
business_analyst,Business Analyst,M.TEN.003,Booked beds,Operations,SAFE,True,organization; property; tenant/allotment/bed,Not applicable,"State the value as the answer, with its evidence and validation status.",Blend competing definitions into one business conclusion.,,,"F.022 v_active_tenants.booked_tenants (validated: OCC.11, exact match, 4); v_occupancy's booked column (validated: OCC construction consistent, 4)."
business_analyst,Business Analyst,M.OCC.005,Historical occupancy,Operations,SHOW_BOTH,False,organization; property; tenant/allotment/bed,"onboarding_date, actual_exit_date, window-bounded",Present every competing definition and the spread between them. May explain why they differ; may NOT select one.,"Blend competing definitions into one business conclusion. Additionally: no single figure, no default definition, no average of the competing values, and no recommendation acting on a disputed number.",C.006;C.008,DQ.004,"H.012e (194/203, cross-referenced in OCC printout, not independently re-derived as a day-weighted calc in this pass's scripts -- the bed-set-membership check (S"
business_analyst,Business Analyst,M.LIFE.001,Tenant lifecycle (staying_status sync),Operations,SAFE,True,organization; tenant/allotment/bed,created_at (tie-break only),"State the value as the answer, with its evidence and validation status.",Blend competing definitions into one business conclusion.,,,"Not independently re-executed in this pass's scripts (the derivation is a row-level trigger rule, not an aggregate to compare against a view) -- confidence is f"
business_analyst,Business Analyst,M.LIFE.002,Move-ins,Operations,SAFE,True,organization; property; tenant/allotment/bed; time (month),onboarding_date,"State the value as the answer, with its evidence and validation status.",Blend competing definitions into one business conclusion.,,,"F.017 v_tenant_lifecycle_events (2204 rows, full population, exact SQL reproduced in business_logic.md 10.2; not independently re-executed as a row-count check "
business_analyst,Business Analyst,M.LIFE.003,Move-outs,Operations,SAFE,True,organization; property; tenant/allotment/bed; time (month),actual_exit_date,"State the value as the answer, with its evidence and validation status.",Blend competing definitions into one business conclusion.,,,Same as M.LIFE.002.
business_analyst,Business Analyst,M.LIFE.004,Exit reconciliation,Operations,SAFE,True,organization; property; tenant/allotment/bed,actual_exit_date,"State the value as the answer, with its evidence and validation status.",Blend competing definitions into one business conclusion.,C.001,,"F.027 v_exit_reconciliation_worklist (45 rows; not independently re-executed as a full reconstruction in this pass's scripts given its 8-way join complexity, bu"
business_analyst,Business Analyst,M.MAINT.001,Maintenance volume,Operations,SAFE,True,organization; property; tenant/allotment/bed; time (month),created_at,"State the value as the answer, with its evidence and validation status.",Blend competing definitions into one business conclusion.,,DQ.027,"M.006 exact row count (1611, live table); H.019's 1613 figure (validated: MAINT.01/MAINT.01b, exact match AND mechanism proven)."
business_analyst,Business Analyst,M.MAINT.002,Maintenance cost (2 paths),Operations,SAFE,True,organization; property; tenant/allotment/bed; time (month),Path A: maintenance_tickets.created_at (ticket creation month). Path B: expenses.expense_date.,"State the value as the answer, with its evidence and validation status.",Blend competing definitions into one business conclusion.,C.023,DQ.027;DQ.034,"F.015 v_maintenance_metrics (validated: MAINT.02, exact match Rs.28,796.00); F.016 v_maintenance_by_issue_type (validated: MAINT.03/04, exact match, 15 resolved"
business_analyst,Business Analyst,M.EB.001,EB/electricity usage and cost,Operations,DISCLOSE,True,organization; property; tenant/allotment/bed; time (month),"electricity_readings.billing_month (TEXT, 'Mon-YY' format -- see Known limitations); eb_payments.bill_date (a real DATE ","State the value, with the documented caveat carried alongside it.",Blend competing definitions into one business conclusion. Additionally: the caveat may not be dropped for brevity.,,DQ.021;DQ.028,"Format-mismatch fully re-verified in this pass (validate_eb.py EB.03-07, all exact matches to the 0%/100% pattern); eb_payments 2-month coverage re-verified (EB"
business_analyst,Business Analyst,M.EB.002,EB tenant allocation,Operations,DISCLOSE,True,organization; property; tenant/allotment/bed; time (month),"billing_month (TEXT, 'Mon-YY' format -- same DQ.028 defect as M.EB.001)","State the value, with the documented caveat carried alongside it.",Blend competing definitions into one business conclusion. Additionally: the caveat may not be dropped for brevity.,,DQ.028,"Formula verification (validated: EB.01/EB.02, both 801/801 exact matches -- upgraded from business_logic.md's original 5-row spot-check to a full-population pro"
financial_analyst,Financial Analyst,M.REV.001,"Revenue (total, ledger-derived)",Financial,SAFE,True,organization; property; tenant/allotment/bed; time (month); account/COA,journal_entries.entry_date (journal_lines carries this denormalised at export),"State the value as the answer, with its evidence and validation status.","State a single financial truth where the evidence carries competing definitions. Every conflict is preserved, never resolved.",,,"F.001 v_pnl.revenue (validated: REV.01, exact match, Rs.72,705,593.43 both sides)"
financial_analyst,Financial Analyst,M.REV.002,Revenue by month,Financial,SAFE,True,organization; property; tenant/allotment/bed; time (month),"entry_date, truncated to calendar month","State the value as the answer, with its evidence and validation status.","State a single financial truth where the evidence carries competing definitions. Every conflict is preserved, never resolved.",,,"F.001 v_pnl, monthly rows (validated: REV.02, 57 of 57 (property,month) rows match in VALUE exactly; monthly_validation/revenue_by_month.csv). Row-count differs"
financial_analyst,Financial Analyst,M.COL.001,Collections (application-level),Financial,DISCLOSE,True,organization; property; tenant/allotment/bed; time (month),payment_date,"State the value, with the documented caveat carried alongside it.","State a single financial truth where the evidence carries competing definitions. Every conflict is preserved, never resolved. Additionally: the caveat may not be dropped for brevity.",C.014,DQ.006;DQ.014,"No dedicated business view exists to validate the total against; validated instead against H.001's legacy_amount for receipts (COLL.01, exact match Rs.81,855,68"
financial_analyst,Financial Analyst,M.COL.002,Collections by month,Financial,DISCLOSE,True,organization; property; tenant/allotment/bed; time (month),"payment_date, truncated to month","State the value, with the documented caveat carried alongside it.","State a single financial truth where the evidence carries competing definitions. Every conflict is preserved, never resolved. Additionally: the caveat may not be dropped for brevity.",C.014,DQ.006;DQ.014,"No exported view; recorded as a first computation (monthly_validation/collections_by_month.csv, 46 months)."
financial_analyst,Financial Analyst,M.COL.003,Collections (ledger-derived),Financial,DISCLOSE,True,organization; property; tenant/allotment/bed; time (month); account/COA,journal_entries.entry_date,"State the value, with the documented caveat carried alongside it.","State a single financial truth where the evidence carries competing definitions. Every conflict is preserved, never resolved. Additionally: the caveat may not be dropped for brevity.",C.014,DQ.006;DQ.030,"No same-definition comparable reference is wired, so this metric is UNVERIFIED. COLL.02 (H.001 v_je_amount_reconciliation je_net_amount, Rs.87,196,482.59) is supporting evidence only and is NOT this metric's reference: H.001's own formula, CASE WHEN is_reversal_of IS NULL THEN debit ELSE -debit END, never subtracts anything because reversal lines carry credit and not debit, so it reports gross debit including reversed forwards. COLL.03 is a code-defect proof for DQ.030, also supporting evidence only. Live value of this metric: Rs.81,839,404.52."
financial_analyst,Financial Analyst,M.INV.001,Invoice billed amount,Financial,DISCLOSE,True,organization; property; tenant/allotment/bed; time (month),"COALESCE(invoice_date, (billing_month||'-01')::date, created_at::date) per get_universal_metrics; invoice_date alone for","State the value, with the documented caveat carried alongside it.","State a single financial truth where the evidence carries competing definitions. Every conflict is preserved, never resolved. Additionally: the caveat may not be dropped for brevity.",C.015;C.020,DQ.007;DQ.013,"No single exported view sums invoices.total_amount alone; cross-checked against H.001's legacy_amount for invoices (Rs.72,405,785.40) and against v_je_amount_re"
financial_analyst,Financial Analyst,M.INV.002,Invoice count,Financial,DISCLOSE,True,organization; property; tenant/allotment/bed,invoice_date or billing_month depending on the question,"State the value, with the documented caveat carried alongside it.","State a single financial truth where the evidence carries competing definitions. Every conflict is preserved, never resolved. Additionally: the caveat may not be dropped for brevity.",,DQ.013,H.035 (invoice_type_status_matrix) provides an independent breakdown by type/status/reference_type; total row count (5214) matches M.006's exact count directly.
financial_analyst,Financial Analyst,M.AR.001A,Tenant dues -- Def A: v_outstanding_receivables (reversals excluded),Financial,SHOW_BOTH,False,organization; property; tenant/allotment/bed; account/COA,entry_date (for last_charge_date/last_payment_date only; not a filter on the balance itself),Present every competing definition and the spread between them. May explain why they differ; may NOT select one.,"State a single financial truth where the evidence carries competing definitions. Every conflict is preserved, never resolved. Additionally: no single figure, no default definition, no average of the competing values, and no recommendation acting on a disputed number.",C.001;C.002;C.005,DQ.002;DQ.037,"F.006 v_outstanding_receivables (validated: AR.01, exact match Rs.83,297.85)."
financial_analyst,Financial Analyst,M.AR.001B,Tenant dues -- Def B: v_tenant_current_dues (reversals included),Financial,SHOW_BOTH,False,organization; property; tenant/allotment/bed; account/COA,"entry_date (for last_charge_date/last_payment_date, charge_count/payment_count)",Present every competing definition and the spread between them. May explain why they differ; may NOT select one.,"State a single financial truth where the evidence carries competing definitions. Every conflict is preserved, never resolved. Additionally: no single figure, no default definition, no average of the competing values, and no recommendation acting on a disputed number.",C.001;C.002;C.005,DQ.002;DQ.037,"F.007 v_tenant_current_dues (validated: AR.02, exact match Rs.83,297.85; AR.03 proves A==B for the total)."
financial_analyst,Financial Analyst,M.AR.001C,Tenant dues -- Def C: application tenant_allotments.balance_due,Financial,BLOCK,False,organization; property; tenant/allotment/bed,"Not applicable (a current-value column, not an event)","Explain why no single figure exists, present each definition separately, and surface the owner decision. May NOT state a headline figure.","State a single financial truth where the evidence carries competing definitions. Every conflict is preserved, never resolved. Additionally: no single figure, no default definition, no average of the competing values, and no recommendation acting on a disputed number.",C.001;C.005,DQ.002;DQ.037,"No exported view/diagnostic pre-sums this column; summed directly in this pass (validate_receivables.py: Rs.1,009,125.78 over 97 allotments >0)."
financial_analyst,Financial Analyst,M.AR.001D,Tenant dues -- Def D: tenant_transactions (frozen legacy ledger),Financial,BLOCK,False,organization; property; tenant/allotment/bed,"date (NOTE: 1 row has a corrupt year, '0206-03-27' -- DQ.023)","Explain why no single figure exists, present each definition separately, and surface the owner decision. May NOT state a headline figure.","State a single financial truth where the evidence carries competing definitions. Every conflict is preserved, never resolved. Additionally: no single figure, no default definition, no average of the competing values, and no recommendation acting on a disputed number.",C.001;C.003;C.005,DQ.002;DQ.019;DQ.023;DQ.037,"H.052 (T164500.151) def2_tenant_transactions column (validated: AR.04a, exact match Rs.9,968,023.32, proving the unclipped-sum mechanism). The floored variant ("
financial_analyst,Financial Analyst,M.AR.002,Tenant dues by tenant,Financial,BLOCK,False,organization; property; tenant/allotment/bed,Same as M.AR.001A-D,"Explain why no single figure exists, present each definition separately, and surface the owner decision. May NOT state a headline figure.","State a single financial truth where the evidence carries competing definitions. Every conflict is preserved, never resolved. Additionally: no single figure, no default definition, no average of the competing values, and no recommendation acting on a disputed number.",C.001;C.003;C.005,DQ.002;DQ.019,Same underlying validation as M.AR.001A-D (AR.01-AR.04c).
financial_analyst,Financial Analyst,M.AR.003,Tenant dues by property,Financial,SHOW_BOTH,False,organization; property; tenant/allotment/bed,Same as M.AR.001A/B,Present every competing definition and the spread between them. May explain why they differ; may NOT select one.,"State a single financial truth where the evidence carries competing definitions. Every conflict is preserved, never resolved. Additionally: no single figure, no default definition, no average of the competing values, and no recommendation acting on a disputed number.",C.001;C.002,DQ.002,Not separately validated (degenerate single-property case); underlying totals validated via AR.01/AR.02.
financial_analyst,Financial Analyst,M.DEP.001,Deposit held,Financial,SAFE,True,organization; property; tenant/allotment/bed; account/COA,entry_date (not a filter for the current balance),"State the value as the answer, with its evidence and validation status.","State a single financial truth where the evidence carries competing definitions. Every conflict is preserved, never resolved.",,DQ.011;DQ.012;DQ.035,"F.010 v_advance_balances.deposit_held (validated: DEP.01, exact match Rs.4,221,150.00)."
financial_analyst,Financial Analyst,M.DEP.002,Deposit settlements,Financial,DISCLOSE,True,organization; property; tenant/allotment/bed; time (month),settlement_date,"State the value, with the documented caveat carried alongside it.","State a single financial truth where the evidence carries competing definitions. Every conflict is preserved, never resolved. Additionally: the caveat may not be dropped for brevity.",C.016,DQ.008;DQ.012,"H.001 legacy_amount for deposit_settlements (validated: DEP.03, exact match Rs.5,085,959.33); ledger net (validated: DEP.04, exact match Rs.5,669,454.67, reprod"
financial_analyst,Financial Analyst,M.DEP.003,Deposit refunds,Financial,DISCLOSE,True,organization; property; tenant/allotment/bed; account/COA,settlement_date,"State the value, with the documented caveat carried alongside it.","State a single financial truth where the evidence carries competing definitions. Every conflict is preserved, never resolved. Additionally: the caveat may not be dropped for brevity.",C.016,DQ.008,Identical figures to M.DEP.002's DEP.03/DEP.04 (refund_amount IS the field being reconciled there).
financial_analyst,Financial Analyst,M.EXP.001,"Expenses (total, ledger-derived)",Financial,SAFE,True,organization; property; tenant/allotment/bed; time (month); account/COA,entry_date,"State the value as the answer, with its evidence and validation status.","State a single financial truth where the evidence carries competing definitions. Every conflict is preserved, never resolved.",,DQ.033,"F.001 v_pnl.expenses (validated: EXP.01, exact match Rs.20,784,831.96; monthly series in EXP.07, 0 mismatches)."
financial_analyst,Financial Analyst,M.EXP.002,Expenses by category,Financial,DISCLOSE,True,organization; property; tenant/allotment/bed; time (month); account/COA,entry_date,"State the value, with the documented caveat carried alongside it.","State a single financial truth where the evidence carries competing definitions. Every conflict is preserved, never resolved. Additionally: the caveat may not be dropped for brevity.",C.012;C.013;C.022,DQ.015;DQ.033;DQ.034,"F.002 v_pnl_by_category (validated: EXP.02 sum_of_buckets exact match Rs.19,754,213.96; EXP.03 electricity exact match Rs.1,030,618.00; EXP.04 proves the unbuck"
financial_analyst,Financial Analyst,M.OWN.001,Owner payments (source total),Financial,SAFE,True,organization; property; tenant/allotment/bed; time (month),"bill_date (ledger-posting basis, per normalize_owner_payment_journal_dates) OR COALESCE(paid_date,due_date) (v_diag_owne","State the value as the answer, with its evidence and validation status.","State a single financial truth where the evidence carries competing definitions. Every conflict is preserved, never resolved.",,DQ.017;DQ.020,"H.001 legacy_amount/je_net_amount for owner_payments (validated: OWNPAY.01/OWNPAY.02, both exact matches, Rs.19,019,250.00)."
financial_analyst,Financial Analyst,M.OWN.002,"Owner rent (ledger bucket, 3 definitions)",Financial,SHOW_BOTH,False,organization; property; tenant/allotment/bed; time (month),entry_date (Def ii); bill_date (Def iii),Present every competing definition and the spread between them. May explain why they differ; may NOT select one.,"State a single financial truth where the evidence carries competing definitions. Every conflict is preserved, never resolved. Additionally: no single figure, no default definition, no average of the competing values, and no recommendation acting on a disputed number.",C.010;C.011,DQ.016;DQ.017;DQ.020,"H.030 pnl_owner_rent (validated: PROFIT.04, exact match Rs.19,019,250.00); F.028 owner_rent_paid_or_accrued (validated: PROFIT.03, exact match)."
financial_analyst,Financial Analyst,M.PROFIT.001,Gross/net profit (3 definitions),Financial,BLOCK,False,organization; property; tenant/allotment/bed; time (month),"entry_date (Def A/C); COALESCE(billing_month,invoice_date,created_at) (Def B, invoices) / expense_date (Def B, expenses)","Explain why no single figure exists, present each definition separately, and surface the owner decision. May NOT state a headline figure.","State a single financial truth where the evidence carries competing definitions. Every conflict is preserved, never resolved. Additionally: no single figure, no default definition, no average of the competing values, and no recommendation acting on a disputed number.",C.010;C.011,DQ.016;DQ.017,"F.001 v_pnl.net_profit (validated: PROFIT.01, exact match Rs.51,920,761.47, Def A); H.030's profit_if_owner_rent_excluded (validated: PROFIT.05, exact match Rs."
financial_analyst,Financial Analyst,M.PNL.001,P&L by month,Financial,SAFE,True,organization; property; tenant/allotment/bed; time (month),"entry_date, truncated to month","State the value as the answer, with its evidence and validation status.","State a single financial truth where the evidence carries competing definitions. Every conflict is preserved, never resolved.",C.012;C.013,DQ.015;DQ.033,"F.001 v_pnl, monthly rows (validated: REV.02/EXP.07 for the two halves; 0 VALUE mismatches across all 57 overlapping rows; monthly_validation/revenue_by_month.c"
financial_analyst,Financial Analyst,M.CASH.001,Cash balance,Financial,SAFE,True,organization; property; tenant/allotment/bed; account/COA,entry_date (not a filter for the current balance -- this is a running total),"State the value as the answer, with its evidence and validation status.","State a single financial truth where the evidence carries competing definitions. Every conflict is preserved, never resolved.",,,"F.011 v_org_cash_balance (not independently re-validated in this pass's scripts -- same construction pattern as M.DEP.001, which IS validated exactly; recommend"
financial_analyst,Financial Analyst,M.TB.001,Trial balance / accounting checks,Financial,SAFE,True,organization; tenant/allotment/bed; account/COA,Not applicable (all-time balance),"State the value as the answer, with its evidence and validation status.","State a single financial truth where the evidence carries competing definitions. Every conflict is preserved, never resolved.",C.002,,"F.012 v_trial_balance (validated: LEDGER.04, exact match, 24/24 accounts, 0 mismatches); F.013 v_trial_balance_detailed (validated: LEDGER.07, exact total_debit"
operations_analyst,Operations Analyst,M.OCC.001,Current occupancy (5+ definitions),Operations,SHOW_BOTH,False,organization; property; tenant/allotment/bed; time (month),Not applicable for snapshot definitions (A-D); onboarding_date/actual_exit_date for Def E,Present every competing definition and the spread between them. May explain why they differ; may NOT select one.,"Present a bed/apartment-grain figure the evidence cannot support. Additionally: no single figure, no default definition, no average of the competing values, and no recommendation acting on a disputed number.",C.006;C.007;C.008;C.009,DQ.004;DQ.005,"F.005 v_occupancy (validated: OCC.01-05, all exact matches, including the reproduced defect); H.012a-e (validated: OCC.06-08b, all exact matches); F.022 v_activ"
operations_analyst,Operations Analyst,M.OCC.002,Occupancy by property,Operations,SHOW_BOTH,False,organization; property; tenant/allotment/bed,Same as M.OCC.001,Present every competing definition and the spread between them. May explain why they differ; may NOT select one.,"Present a bed/apartment-grain figure the evidence cannot support. Additionally: no single figure, no default definition, no average of the competing values, and no recommendation acting on a disputed number.",C.006;C.007;C.008;C.009,DQ.004;DQ.005,Identical to M.OCC.001 (single-property dataset).
operations_analyst,Operations Analyst,M.OCC.003,Occupancy by apartment,Operations,NOT_DETERMINABLE,False,organization; property; tenant/allotment/bed; time (month),"Window-bounded (p_from/p_to parameters, day-level)","State exactly: ""Not determinable from exported evidence."", plus what is missing.","Present a bed/apartment-grain figure the evidence cannot support. Additionally: no estimate, no proxy metric, no zero-as-placeholder.",C.006;C.008,DQ.004,No exported output to validate against -- Not determinable from exported evidence whether a reconstruction matches production output.
operations_analyst,Operations Analyst,M.OCC.004,Occupancy by bed,Operations,NOT_DETERMINABLE,False,organization; property; tenant/allotment/bed,"onboarding_date, actual_exit_date, day-range window [p_from,p_to] clamped to LEAST(p_to, CURRENT_DATE)","State exactly: ""Not determinable from exported evidence."", plus what is missing.","Present a bed/apartment-grain figure the evidence cannot support. Additionally: no estimate, no proxy metric, no zero-as-placeholder.",C.008,,No exported output exists for either function at the per-bed grain.
operations_analyst,Operations Analyst,M.TEN.001,Staying tenants,Operations,SAFE,True,organization; property; tenant/allotment/bed,Not applicable (current-state field),"State the value as the answer, with its evidence and validation status.",Present a bed/apartment-grain figure the evidence cannot support.,,DQ.003,"H.013 allotment_status_rollup (validated: OCC.13, exact match, 168)."
operations_analyst,Operations Analyst,M.TEN.002,On-Notice tenants,Operations,SAFE,True,organization; property; tenant/allotment/bed,Not applicable,"State the value as the answer, with its evidence and validation status.",Present a bed/apartment-grain figure the evidence cannot support.,C.009,DQ.005,"H.011/H.013 (validated: OCC.14, exact match, 7; OCC.03/05 confirm the downstream defect)."
operations_analyst,Operations Analyst,M.TEN.003,Booked beds,Operations,SAFE,True,organization; property; tenant/allotment/bed,Not applicable,"State the value as the answer, with its evidence and validation status.",Present a bed/apartment-grain figure the evidence cannot support.,,,"F.022 v_active_tenants.booked_tenants (validated: OCC.11, exact match, 4); v_occupancy's booked column (validated: OCC construction consistent, 4)."
operations_analyst,Operations Analyst,M.OCC.005,Historical occupancy,Operations,SHOW_BOTH,False,organization; property; tenant/allotment/bed,"onboarding_date, actual_exit_date, window-bounded",Present every competing definition and the spread between them. May explain why they differ; may NOT select one.,"Present a bed/apartment-grain figure the evidence cannot support. Additionally: no single figure, no default definition, no average of the competing values, and no recommendation acting on a disputed number.",C.006;C.008,DQ.004,"H.012e (194/203, cross-referenced in OCC printout, not independently re-derived as a day-weighted calc in this pass's scripts -- the bed-set-membership check (S"
operations_analyst,Operations Analyst,M.LIFE.001,Tenant lifecycle (staying_status sync),Operations,SAFE,True,organization; tenant/allotment/bed,created_at (tie-break only),"State the value as the answer, with its evidence and validation status.",Present a bed/apartment-grain figure the evidence cannot support.,,,"Not independently re-executed in this pass's scripts (the derivation is a row-level trigger rule, not an aggregate to compare against a view) -- confidence is f"
operations_analyst,Operations Analyst,M.LIFE.002,Move-ins,Operations,SAFE,True,organization; property; tenant/allotment/bed; time (month),onboarding_date,"State the value as the answer, with its evidence and validation status.",Present a bed/apartment-grain figure the evidence cannot support.,,,"F.017 v_tenant_lifecycle_events (2204 rows, full population, exact SQL reproduced in business_logic.md 10.2; not independently re-executed as a row-count check "
operations_analyst,Operations Analyst,M.LIFE.003,Move-outs,Operations,SAFE,True,organization; property; tenant/allotment/bed; time (month),actual_exit_date,"State the value as the answer, with its evidence and validation status.",Present a bed/apartment-grain figure the evidence cannot support.,,,Same as M.LIFE.002.
operations_analyst,Operations Analyst,M.LIFE.004,Exit reconciliation,Operations,SAFE,True,organization; property; tenant/allotment/bed,actual_exit_date,"State the value as the answer, with its evidence and validation status.",Present a bed/apartment-grain figure the evidence cannot support.,C.001,,"F.027 v_exit_reconciliation_worklist (45 rows; not independently re-executed as a full reconstruction in this pass's scripts given its 8-way join complexity, bu"
operations_analyst,Operations Analyst,M.MAINT.001,Maintenance volume,Operations,SAFE,True,organization; property; tenant/allotment/bed; time (month),created_at,"State the value as the answer, with its evidence and validation status.",Present a bed/apartment-grain figure the evidence cannot support.,,DQ.027,"M.006 exact row count (1611, live table); H.019's 1613 figure (validated: MAINT.01/MAINT.01b, exact match AND mechanism proven)."
operations_analyst,Operations Analyst,M.MAINT.002,Maintenance cost (2 paths),Operations,SAFE,True,organization; property; tenant/allotment/bed; time (month),Path A: maintenance_tickets.created_at (ticket creation month). Path B: expenses.expense_date.,"State the value as the answer, with its evidence and validation status.",Present a bed/apartment-grain figure the evidence cannot support.,C.023,DQ.027;DQ.034,"F.015 v_maintenance_metrics (validated: MAINT.02, exact match Rs.28,796.00); F.016 v_maintenance_by_issue_type (validated: MAINT.03/04, exact match, 15 resolved"
operations_analyst,Operations Analyst,M.EB.001,EB/electricity usage and cost,Operations,DISCLOSE,True,organization; property; tenant/allotment/bed; time (month),"electricity_readings.billing_month (TEXT, 'Mon-YY' format -- see Known limitations); eb_payments.bill_date (a real DATE ","State the value, with the documented caveat carried alongside it.",Present a bed/apartment-grain figure the evidence cannot support. Additionally: the caveat may not be dropped for brevity.,,DQ.021;DQ.028,"Format-mismatch fully re-verified in this pass (validate_eb.py EB.03-07, all exact matches to the 0%/100% pattern); eb_payments 2-month coverage re-verified (EB"
operations_analyst,Operations Analyst,M.EB.002,EB tenant allocation,Operations,DISCLOSE,True,organization; property; tenant/allotment/bed; time (month),"billing_month (TEXT, 'Mon-YY' format -- same DQ.028 defect as M.EB.001)","State the value, with the documented caveat carried alongside it.",Present a bed/apartment-grain figure the evidence cannot support. Additionally: the caveat may not be dropped for brevity.,,DQ.028,"Formula verification (validated: EB.01/EB.02, both 801/801 exact matches -- upgraded from business_logic.md's original 5-row spot-check to a full-population pro"
data_scientist,Data Scientist / Diagnostic Analyst,M.REV.001,"Revenue (total, ledger-derived)",Financial,SAFE,True,organization; property; tenant/allotment/bed; time (month); account/COA,journal_entries.entry_date (journal_lines carries this denormalised at export),"State the value as the answer, with its evidence and validation status.","Apply a statistical method or threshold the specifications do not define. analytics_execution_spec.md 2.5 leaves the anomaly method open, so no anomaly threshold is invented here.",,,"F.001 v_pnl.revenue (validated: REV.01, exact match, Rs.72,705,593.43 both sides)"
data_scientist,Data Scientist / Diagnostic Analyst,M.REV.002,Revenue by month,Financial,SAFE,True,organization; property; tenant/allotment/bed; time (month),"entry_date, truncated to calendar month","State the value as the answer, with its evidence and validation status.","Apply a statistical method or threshold the specifications do not define. analytics_execution_spec.md 2.5 leaves the anomaly method open, so no anomaly threshold is invented here.",,,"F.001 v_pnl, monthly rows (validated: REV.02, 57 of 57 (property,month) rows match in VALUE exactly; monthly_validation/revenue_by_month.csv). Row-count differs"
data_scientist,Data Scientist / Diagnostic Analyst,M.COL.001,Collections (application-level),Financial,DISCLOSE,True,organization; property; tenant/allotment/bed; time (month),payment_date,"State the value, with the documented caveat carried alongside it.","Apply a statistical method or threshold the specifications do not define. analytics_execution_spec.md 2.5 leaves the anomaly method open, so no anomaly threshold is invented here. Additionally: the caveat may not be dropped for brevity.",C.014,DQ.006;DQ.014,"No dedicated business view exists to validate the total against; validated instead against H.001's legacy_amount for receipts (COLL.01, exact match Rs.81,855,68"
data_scientist,Data Scientist / Diagnostic Analyst,M.COL.002,Collections by month,Financial,DISCLOSE,True,organization; property; tenant/allotment/bed; time (month),"payment_date, truncated to month","State the value, with the documented caveat carried alongside it.","Apply a statistical method or threshold the specifications do not define. analytics_execution_spec.md 2.5 leaves the anomaly method open, so no anomaly threshold is invented here. Additionally: the caveat may not be dropped for brevity.",C.014,DQ.006;DQ.014,"No exported view; recorded as a first computation (monthly_validation/collections_by_month.csv, 46 months)."
data_scientist,Data Scientist / Diagnostic Analyst,M.COL.003,Collections (ledger-derived),Financial,DISCLOSE,True,organization; property; tenant/allotment/bed; time (month); account/COA,journal_entries.entry_date,"State the value, with the documented caveat carried alongside it.","Apply a statistical method or threshold the specifications do not define. analytics_execution_spec.md 2.5 leaves the anomaly method open, so no anomaly threshold is invented here. Additionally: the caveat may not be dropped for brevity.",C.014,DQ.006;DQ.030,"No same-definition comparable reference is wired, so this metric is UNVERIFIED. COLL.02 (H.001 v_je_amount_reconciliation je_net_amount, Rs.87,196,482.59) is supporting evidence only and is NOT this metric's reference: H.001's own formula, CASE WHEN is_reversal_of IS NULL THEN debit ELSE -debit END, never subtracts anything because reversal lines carry credit and not debit, so it reports gross debit including reversed forwards. COLL.03 is a code-defect proof for DQ.030, also supporting evidence only. Live value of this metric: Rs.81,839,404.52."
data_scientist,Data Scientist / Diagnostic Analyst,M.INV.001,Invoice billed amount,Financial,DISCLOSE,True,organization; property; tenant/allotment/bed; time (month),"COALESCE(invoice_date, (billing_month||'-01')::date, created_at::date) per get_universal_metrics; invoice_date alone for","State the value, with the documented caveat carried alongside it.","Apply a statistical method or threshold the specifications do not define. analytics_execution_spec.md 2.5 leaves the anomaly method open, so no anomaly threshold is invented here. Additionally: the caveat may not be dropped for brevity.",C.015;C.020,DQ.007;DQ.013,"No single exported view sums invoices.total_amount alone; cross-checked against H.001's legacy_amount for invoices (Rs.72,405,785.40) and against v_je_amount_re"
data_scientist,Data Scientist / Diagnostic Analyst,M.INV.002,Invoice count,Financial,DISCLOSE,True,organization; property; tenant/allotment/bed,invoice_date or billing_month depending on the question,"State the value, with the documented caveat carried alongside it.","Apply a statistical method or threshold the specifications do not define. analytics_execution_spec.md 2.5 leaves the anomaly method open, so no anomaly threshold is invented here. Additionally: the caveat may not be dropped for brevity.",,DQ.013,H.035 (invoice_type_status_matrix) provides an independent breakdown by type/status/reference_type; total row count (5214) matches M.006's exact count directly.
data_scientist,Data Scientist / Diagnostic Analyst,M.AR.001A,Tenant dues -- Def A: v_outstanding_receivables (reversals excluded),Financial,SHOW_BOTH,False,organization; property; tenant/allotment/bed; account/COA,entry_date (for last_charge_date/last_payment_date only; not a filter on the balance itself),Present every competing definition and the spread between them. May explain why they differ; may NOT select one.,"Apply a statistical method or threshold the specifications do not define. analytics_execution_spec.md 2.5 leaves the anomaly method open, so no anomaly threshold is invented here. Additionally: no single figure, no default definition, no average of the competing values, and no recommendation acting on a disputed number.",C.001;C.002;C.005,DQ.002;DQ.037,"F.006 v_outstanding_receivables (validated: AR.01, exact match Rs.83,297.85)."
data_scientist,Data Scientist / Diagnostic Analyst,M.AR.001B,Tenant dues -- Def B: v_tenant_current_dues (reversals included),Financial,SHOW_BOTH,False,organization; property; tenant/allotment/bed; account/COA,"entry_date (for last_charge_date/last_payment_date, charge_count/payment_count)",Present every competing definition and the spread between them. May explain why they differ; may NOT select one.,"Apply a statistical method or threshold the specifications do not define. analytics_execution_spec.md 2.5 leaves the anomaly method open, so no anomaly threshold is invented here. Additionally: no single figure, no default definition, no average of the competing values, and no recommendation acting on a disputed number.",C.001;C.002;C.005,DQ.002;DQ.037,"F.007 v_tenant_current_dues (validated: AR.02, exact match Rs.83,297.85; AR.03 proves A==B for the total)."
data_scientist,Data Scientist / Diagnostic Analyst,M.AR.001C,Tenant dues -- Def C: application tenant_allotments.balance_due,Financial,BLOCK,False,organization; property; tenant/allotment/bed,"Not applicable (a current-value column, not an event)","Explain why no single figure exists, present each definition separately, and surface the owner decision. May NOT state a headline figure.","Apply a statistical method or threshold the specifications do not define. analytics_execution_spec.md 2.5 leaves the anomaly method open, so no anomaly threshold is invented here. Additionally: no single figure, no default definition, no average of the competing values, and no recommendation acting on a disputed number.",C.001;C.005,DQ.002;DQ.037,"No exported view/diagnostic pre-sums this column; summed directly in this pass (validate_receivables.py: Rs.1,009,125.78 over 97 allotments >0)."
data_scientist,Data Scientist / Diagnostic Analyst,M.AR.001D,Tenant dues -- Def D: tenant_transactions (frozen legacy ledger),Financial,BLOCK,False,organization; property; tenant/allotment/bed,"date (NOTE: 1 row has a corrupt year, '0206-03-27' -- DQ.023)","Explain why no single figure exists, present each definition separately, and surface the owner decision. May NOT state a headline figure.","Apply a statistical method or threshold the specifications do not define. analytics_execution_spec.md 2.5 leaves the anomaly method open, so no anomaly threshold is invented here. Additionally: no single figure, no default definition, no average of the competing values, and no recommendation acting on a disputed number.",C.001;C.003;C.005,DQ.002;DQ.019;DQ.023;DQ.037,"H.052 (T164500.151) def2_tenant_transactions column (validated: AR.04a, exact match Rs.9,968,023.32, proving the unclipped-sum mechanism). The floored variant ("
data_scientist,Data Scientist / Diagnostic Analyst,M.AR.002,Tenant dues by tenant,Financial,BLOCK,False,organization; property; tenant/allotment/bed,Same as M.AR.001A-D,"Explain why no single figure exists, present each definition separately, and surface the owner decision. May NOT state a headline figure.","Apply a statistical method or threshold the specifications do not define. analytics_execution_spec.md 2.5 leaves the anomaly method open, so no anomaly threshold is invented here. Additionally: no single figure, no default definition, no average of the competing values, and no recommendation acting on a disputed number.",C.001;C.003;C.005,DQ.002;DQ.019,Same underlying validation as M.AR.001A-D (AR.01-AR.04c).
data_scientist,Data Scientist / Diagnostic Analyst,M.AR.003,Tenant dues by property,Financial,SHOW_BOTH,False,organization; property; tenant/allotment/bed,Same as M.AR.001A/B,Present every competing definition and the spread between them. May explain why they differ; may NOT select one.,"Apply a statistical method or threshold the specifications do not define. analytics_execution_spec.md 2.5 leaves the anomaly method open, so no anomaly threshold is invented here. Additionally: no single figure, no default definition, no average of the competing values, and no recommendation acting on a disputed number.",C.001;C.002,DQ.002,Not separately validated (degenerate single-property case); underlying totals validated via AR.01/AR.02.
data_scientist,Data Scientist / Diagnostic Analyst,M.DEP.001,Deposit held,Financial,SAFE,True,organization; property; tenant/allotment/bed; account/COA,entry_date (not a filter for the current balance),"State the value as the answer, with its evidence and validation status.","Apply a statistical method or threshold the specifications do not define. analytics_execution_spec.md 2.5 leaves the anomaly method open, so no anomaly threshold is invented here.",,DQ.011;DQ.012;DQ.035,"F.010 v_advance_balances.deposit_held (validated: DEP.01, exact match Rs.4,221,150.00)."
data_scientist,Data Scientist / Diagnostic Analyst,M.DEP.002,Deposit settlements,Financial,DISCLOSE,True,organization; property; tenant/allotment/bed; time (month),settlement_date,"State the value, with the documented caveat carried alongside it.","Apply a statistical method or threshold the specifications do not define. analytics_execution_spec.md 2.5 leaves the anomaly method open, so no anomaly threshold is invented here. Additionally: the caveat may not be dropped for brevity.",C.016,DQ.008;DQ.012,"H.001 legacy_amount for deposit_settlements (validated: DEP.03, exact match Rs.5,085,959.33); ledger net (validated: DEP.04, exact match Rs.5,669,454.67, reprod"
data_scientist,Data Scientist / Diagnostic Analyst,M.DEP.003,Deposit refunds,Financial,DISCLOSE,True,organization; property; tenant/allotment/bed; account/COA,settlement_date,"State the value, with the documented caveat carried alongside it.","Apply a statistical method or threshold the specifications do not define. analytics_execution_spec.md 2.5 leaves the anomaly method open, so no anomaly threshold is invented here. Additionally: the caveat may not be dropped for brevity.",C.016,DQ.008,Identical figures to M.DEP.002's DEP.03/DEP.04 (refund_amount IS the field being reconciled there).
data_scientist,Data Scientist / Diagnostic Analyst,M.EXP.001,"Expenses (total, ledger-derived)",Financial,SAFE,True,organization; property; tenant/allotment/bed; time (month); account/COA,entry_date,"State the value as the answer, with its evidence and validation status.","Apply a statistical method or threshold the specifications do not define. analytics_execution_spec.md 2.5 leaves the anomaly method open, so no anomaly threshold is invented here.",,DQ.033,"F.001 v_pnl.expenses (validated: EXP.01, exact match Rs.20,784,831.96; monthly series in EXP.07, 0 mismatches)."
data_scientist,Data Scientist / Diagnostic Analyst,M.EXP.002,Expenses by category,Financial,DISCLOSE,True,organization; property; tenant/allotment/bed; time (month); account/COA,entry_date,"State the value, with the documented caveat carried alongside it.","Apply a statistical method or threshold the specifications do not define. analytics_execution_spec.md 2.5 leaves the anomaly method open, so no anomaly threshold is invented here. Additionally: the caveat may not be dropped for brevity.",C.012;C.013;C.022,DQ.015;DQ.033;DQ.034,"F.002 v_pnl_by_category (validated: EXP.02 sum_of_buckets exact match Rs.19,754,213.96; EXP.03 electricity exact match Rs.1,030,618.00; EXP.04 proves the unbuck"
data_scientist,Data Scientist / Diagnostic Analyst,M.OWN.001,Owner payments (source total),Financial,SAFE,True,organization; property; tenant/allotment/bed; time (month),"bill_date (ledger-posting basis, per normalize_owner_payment_journal_dates) OR COALESCE(paid_date,due_date) (v_diag_owne","State the value as the answer, with its evidence and validation status.","Apply a statistical method or threshold the specifications do not define. analytics_execution_spec.md 2.5 leaves the anomaly method open, so no anomaly threshold is invented here.",,DQ.017;DQ.020,"H.001 legacy_amount/je_net_amount for owner_payments (validated: OWNPAY.01/OWNPAY.02, both exact matches, Rs.19,019,250.00)."
data_scientist,Data Scientist / Diagnostic Analyst,M.OWN.002,"Owner rent (ledger bucket, 3 definitions)",Financial,SHOW_BOTH,False,organization; property; tenant/allotment/bed; time (month),entry_date (Def ii); bill_date (Def iii),Present every competing definition and the spread between them. May explain why they differ; may NOT select one.,"Apply a statistical method or threshold the specifications do not define. analytics_execution_spec.md 2.5 leaves the anomaly method open, so no anomaly threshold is invented here. Additionally: no single figure, no default definition, no average of the competing values, and no recommendation acting on a disputed number.",C.010;C.011,DQ.016;DQ.017;DQ.020,"H.030 pnl_owner_rent (validated: PROFIT.04, exact match Rs.19,019,250.00); F.028 owner_rent_paid_or_accrued (validated: PROFIT.03, exact match)."
data_scientist,Data Scientist / Diagnostic Analyst,M.PROFIT.001,Gross/net profit (3 definitions),Financial,BLOCK,False,organization; property; tenant/allotment/bed; time (month),"entry_date (Def A/C); COALESCE(billing_month,invoice_date,created_at) (Def B, invoices) / expense_date (Def B, expenses)","Explain why no single figure exists, present each definition separately, and surface the owner decision. May NOT state a headline figure.","Apply a statistical method or threshold the specifications do not define. analytics_execution_spec.md 2.5 leaves the anomaly method open, so no anomaly threshold is invented here. Additionally: no single figure, no default definition, no average of the competing values, and no recommendation acting on a disputed number.",C.010;C.011,DQ.016;DQ.017,"F.001 v_pnl.net_profit (validated: PROFIT.01, exact match Rs.51,920,761.47, Def A); H.030's profit_if_owner_rent_excluded (validated: PROFIT.05, exact match Rs."
data_scientist,Data Scientist / Diagnostic Analyst,M.PNL.001,P&L by month,Financial,SAFE,True,organization; property; tenant/allotment/bed; time (month),"entry_date, truncated to month","State the value as the answer, with its evidence and validation status.","Apply a statistical method or threshold the specifications do not define. analytics_execution_spec.md 2.5 leaves the anomaly method open, so no anomaly threshold is invented here.",C.012;C.013,DQ.015;DQ.033,"F.001 v_pnl, monthly rows (validated: REV.02/EXP.07 for the two halves; 0 VALUE mismatches across all 57 overlapping rows; monthly_validation/revenue_by_month.c"
data_scientist,Data Scientist / Diagnostic Analyst,M.CASH.001,Cash balance,Financial,SAFE,True,organization; property; tenant/allotment/bed; account/COA,entry_date (not a filter for the current balance -- this is a running total),"State the value as the answer, with its evidence and validation status.","Apply a statistical method or threshold the specifications do not define. analytics_execution_spec.md 2.5 leaves the anomaly method open, so no anomaly threshold is invented here.",,,"F.011 v_org_cash_balance (not independently re-validated in this pass's scripts -- same construction pattern as M.DEP.001, which IS validated exactly; recommend"
data_scientist,Data Scientist / Diagnostic Analyst,M.TB.001,Trial balance / accounting checks,Financial,SAFE,True,organization; tenant/allotment/bed; account/COA,Not applicable (all-time balance),"State the value as the answer, with its evidence and validation status.","Apply a statistical method or threshold the specifications do not define. analytics_execution_spec.md 2.5 leaves the anomaly method open, so no anomaly threshold is invented here.",C.002,,"F.012 v_trial_balance (validated: LEDGER.04, exact match, 24/24 accounts, 0 mismatches); F.013 v_trial_balance_detailed (validated: LEDGER.07, exact total_debit"
data_scientist,Data Scientist / Diagnostic Analyst,M.OCC.001,Current occupancy (5+ definitions),Operations,SHOW_BOTH,False,organization; property; tenant/allotment/bed; time (month),Not applicable for snapshot definitions (A-D); onboarding_date/actual_exit_date for Def E,Present every competing definition and the spread between them. May explain why they differ; may NOT select one.,"Apply a statistical method or threshold the specifications do not define. analytics_execution_spec.md 2.5 leaves the anomaly method open, so no anomaly threshold is invented here. Additionally: no single figure, no default definition, no average of the competing values, and no recommendation acting on a disputed number.",C.006;C.007;C.008;C.009,DQ.004;DQ.005,"F.005 v_occupancy (validated: OCC.01-05, all exact matches, including the reproduced defect); H.012a-e (validated: OCC.06-08b, all exact matches); F.022 v_activ"
data_scientist,Data Scientist / Diagnostic Analyst,M.OCC.002,Occupancy by property,Operations,SHOW_BOTH,False,organization; property; tenant/allotment/bed,Same as M.OCC.001,Present every competing definition and the spread between them. May explain why they differ; may NOT select one.,"Apply a statistical method or threshold the specifications do not define. analytics_execution_spec.md 2.5 leaves the anomaly method open, so no anomaly threshold is invented here. Additionally: no single figure, no default definition, no average of the competing values, and no recommendation acting on a disputed number.",C.006;C.007;C.008;C.009,DQ.004;DQ.005,Identical to M.OCC.001 (single-property dataset).
data_scientist,Data Scientist / Diagnostic Analyst,M.OCC.003,Occupancy by apartment,Operations,NOT_DETERMINABLE,False,organization; property; tenant/allotment/bed; time (month),"Window-bounded (p_from/p_to parameters, day-level)","State exactly: ""Not determinable from exported evidence."", plus what is missing.","Apply a statistical method or threshold the specifications do not define. analytics_execution_spec.md 2.5 leaves the anomaly method open, so no anomaly threshold is invented here. Additionally: no estimate, no proxy metric, no zero-as-placeholder.",C.006;C.008,DQ.004,No exported output to validate against -- Not determinable from exported evidence whether a reconstruction matches production output.
data_scientist,Data Scientist / Diagnostic Analyst,M.OCC.004,Occupancy by bed,Operations,NOT_DETERMINABLE,False,organization; property; tenant/allotment/bed,"onboarding_date, actual_exit_date, day-range window [p_from,p_to] clamped to LEAST(p_to, CURRENT_DATE)","State exactly: ""Not determinable from exported evidence."", plus what is missing.","Apply a statistical method or threshold the specifications do not define. analytics_execution_spec.md 2.5 leaves the anomaly method open, so no anomaly threshold is invented here. Additionally: no estimate, no proxy metric, no zero-as-placeholder.",C.008,,No exported output exists for either function at the per-bed grain.
data_scientist,Data Scientist / Diagnostic Analyst,M.TEN.001,Staying tenants,Operations,SAFE,True,organization; property; tenant/allotment/bed,Not applicable (current-state field),"State the value as the answer, with its evidence and validation status.","Apply a statistical method or threshold the specifications do not define. analytics_execution_spec.md 2.5 leaves the anomaly method open, so no anomaly threshold is invented here.",,DQ.003,"H.013 allotment_status_rollup (validated: OCC.13, exact match, 168)."
data_scientist,Data Scientist / Diagnostic Analyst,M.TEN.002,On-Notice tenants,Operations,SAFE,True,organization; property; tenant/allotment/bed,Not applicable,"State the value as the answer, with its evidence and validation status.","Apply a statistical method or threshold the specifications do not define. analytics_execution_spec.md 2.5 leaves the anomaly method open, so no anomaly threshold is invented here.",C.009,DQ.005,"H.011/H.013 (validated: OCC.14, exact match, 7; OCC.03/05 confirm the downstream defect)."
data_scientist,Data Scientist / Diagnostic Analyst,M.TEN.003,Booked beds,Operations,SAFE,True,organization; property; tenant/allotment/bed,Not applicable,"State the value as the answer, with its evidence and validation status.","Apply a statistical method or threshold the specifications do not define. analytics_execution_spec.md 2.5 leaves the anomaly method open, so no anomaly threshold is invented here.",,,"F.022 v_active_tenants.booked_tenants (validated: OCC.11, exact match, 4); v_occupancy's booked column (validated: OCC construction consistent, 4)."
data_scientist,Data Scientist / Diagnostic Analyst,M.OCC.005,Historical occupancy,Operations,SHOW_BOTH,False,organization; property; tenant/allotment/bed,"onboarding_date, actual_exit_date, window-bounded",Present every competing definition and the spread between them. May explain why they differ; may NOT select one.,"Apply a statistical method or threshold the specifications do not define. analytics_execution_spec.md 2.5 leaves the anomaly method open, so no anomaly threshold is invented here. Additionally: no single figure, no default definition, no average of the competing values, and no recommendation acting on a disputed number.",C.006;C.008,DQ.004,"H.012e (194/203, cross-referenced in OCC printout, not independently re-derived as a day-weighted calc in this pass's scripts -- the bed-set-membership check (S"
data_scientist,Data Scientist / Diagnostic Analyst,M.LIFE.001,Tenant lifecycle (staying_status sync),Operations,SAFE,True,organization; tenant/allotment/bed,created_at (tie-break only),"State the value as the answer, with its evidence and validation status.","Apply a statistical method or threshold the specifications do not define. analytics_execution_spec.md 2.5 leaves the anomaly method open, so no anomaly threshold is invented here.",,,"Not independently re-executed in this pass's scripts (the derivation is a row-level trigger rule, not an aggregate to compare against a view) -- confidence is f"
data_scientist,Data Scientist / Diagnostic Analyst,M.LIFE.002,Move-ins,Operations,SAFE,True,organization; property; tenant/allotment/bed; time (month),onboarding_date,"State the value as the answer, with its evidence and validation status.","Apply a statistical method or threshold the specifications do not define. analytics_execution_spec.md 2.5 leaves the anomaly method open, so no anomaly threshold is invented here.",,,"F.017 v_tenant_lifecycle_events (2204 rows, full population, exact SQL reproduced in business_logic.md 10.2; not independently re-executed as a row-count check "
data_scientist,Data Scientist / Diagnostic Analyst,M.LIFE.003,Move-outs,Operations,SAFE,True,organization; property; tenant/allotment/bed; time (month),actual_exit_date,"State the value as the answer, with its evidence and validation status.","Apply a statistical method or threshold the specifications do not define. analytics_execution_spec.md 2.5 leaves the anomaly method open, so no anomaly threshold is invented here.",,,Same as M.LIFE.002.
data_scientist,Data Scientist / Diagnostic Analyst,M.LIFE.004,Exit reconciliation,Operations,SAFE,True,organization; property; tenant/allotment/bed,actual_exit_date,"State the value as the answer, with its evidence and validation status.","Apply a statistical method or threshold the specifications do not define. analytics_execution_spec.md 2.5 leaves the anomaly method open, so no anomaly threshold is invented here.",C.001,,"F.027 v_exit_reconciliation_worklist (45 rows; not independently re-executed as a full reconstruction in this pass's scripts given its 8-way join complexity, bu"
data_scientist,Data Scientist / Diagnostic Analyst,M.MAINT.001,Maintenance volume,Operations,SAFE,True,organization; property; tenant/allotment/bed; time (month),created_at,"State the value as the answer, with its evidence and validation status.","Apply a statistical method or threshold the specifications do not define. analytics_execution_spec.md 2.5 leaves the anomaly method open, so no anomaly threshold is invented here.",,DQ.027,"M.006 exact row count (1611, live table); H.019's 1613 figure (validated: MAINT.01/MAINT.01b, exact match AND mechanism proven)."
data_scientist,Data Scientist / Diagnostic Analyst,M.MAINT.002,Maintenance cost (2 paths),Operations,SAFE,True,organization; property; tenant/allotment/bed; time (month),Path A: maintenance_tickets.created_at (ticket creation month). Path B: expenses.expense_date.,"State the value as the answer, with its evidence and validation status.","Apply a statistical method or threshold the specifications do not define. analytics_execution_spec.md 2.5 leaves the anomaly method open, so no anomaly threshold is invented here.",C.023,DQ.027;DQ.034,"F.015 v_maintenance_metrics (validated: MAINT.02, exact match Rs.28,796.00); F.016 v_maintenance_by_issue_type (validated: MAINT.03/04, exact match, 15 resolved"
data_scientist,Data Scientist / Diagnostic Analyst,M.EB.001,EB/electricity usage and cost,Operations,DISCLOSE,True,organization; property; tenant/allotment/bed; time (month),"electricity_readings.billing_month (TEXT, 'Mon-YY' format -- see Known limitations); eb_payments.bill_date (a real DATE ","State the value, with the documented caveat carried alongside it.","Apply a statistical method or threshold the specifications do not define. analytics_execution_spec.md 2.5 leaves the anomaly method open, so no anomaly threshold is invented here. Additionally: the caveat may not be dropped for brevity.",,DQ.021;DQ.028,"Format-mismatch fully re-verified in this pass (validate_eb.py EB.03-07, all exact matches to the 0%/100% pattern); eb_payments 2-month coverage re-verified (EB"
data_scientist,Data Scientist / Diagnostic Analyst,M.EB.002,EB tenant allocation,Operations,DISCLOSE,True,organization; property; tenant/allotment/bed; time (month),"billing_month (TEXT, 'Mon-YY' format -- same DQ.028 defect as M.EB.001)","State the value, with the documented caveat carried alongside it.","Apply a statistical method or threshold the specifications do not define. analytics_execution_spec.md 2.5 leaves the anomaly method open, so no anomaly threshold is invented here. Additionally: the caveat may not be dropped for brevity.",,DQ.028,"Formula verification (validated: EB.01/EB.02, both 801/801 exact matches -- upgraded from business_logic.md's original 5-row spot-check to a full-population pro"
data_scientist,Data Scientist / Diagnostic Analyst,M.RISK.001,Outstanding dues,Risk & Data Quality,BLOCK,False,organization; property; tenant/allotment/bed,See M.AR.001A-D,"Explain why no single figure exists, present each definition separately, and surface the owner decision. May NOT state a headline figure.","Apply a statistical method or threshold the specifications do not define. analytics_execution_spec.md 2.5 leaves the anomaly method open, so no anomaly threshold is invented here. Additionally: no single figure, no default definition, no average of the competing values, and no recommendation acting on a disputed number.",C.001;C.003;C.005,DQ.002;DQ.019,Same as M.AR.001A-D.
data_scientist,Data Scientist / Diagnostic Analyst,M.RISK.002,Aging,Risk & Data Quality,DISCLOSE,True,organization; property; tenant/allotment/bed,"CURRENT_DATE - entry_date (bucket boundary), entry_date (charge date itself)","State the value, with the documented caveat carried alongside it.","Apply a statistical method or threshold the specifications do not define. analytics_execution_spec.md 2.5 leaves the anomaly method open, so no anomaly threshold is invented here. Additionally: the caveat may not be dropped for brevity.",C.019,DQ.018;DQ.036,Not independently re-executed in this pass's scripts (a snapshot-dependent calculation cannot be meaningfully re-validated against a frozen export without first
data_scientist,Data Scientist / Diagnostic Analyst,M.RISK.003,Deposit risk,Risk & Data Quality,DISCLOSE,True,organization; property; tenant/allotment/bed,"Various (settlement_date, actual_exit_date)","State the value, with the documented caveat carried alongside it.","Apply a statistical method or threshold the specifications do not define. analytics_execution_spec.md 2.5 leaves the anomaly method open, so no anomaly threshold is invented here. Additionally: the caveat may not be dropped for brevity.",,DQ.011;DQ.012;DQ.035,"H.045 (validated: DEP.06, exact match, 32); H.046 (not independently re-executed as a full 3-way anomaly reconstruction in this pass's scripts, given its comple"
data_scientist,Data Scientist / Diagnostic Analyst,M.RISK.004,Phantom deposits,Risk & Data Quality,DISCLOSE,True,organization; property; tenant/allotment/bed,Not applicable (current-state check),"State the value, with the documented caveat carried alongside it.","Apply a statistical method or threshold the specifications do not define. analytics_execution_spec.md 2.5 leaves the anomaly method open, so no anomaly threshold is invented here. Additionally: the caveat may not be dropped for brevity.",,DQ.011;DQ.035,"H.045 v_diag_deposit_phantom (validated: DEP.06, exact match, 32 allotments); amount at risk (validated: DEP.07, Rs.722,700.00 -- a NEW figure, H.045 does not e"
data_scientist,Data Scientist / Diagnostic Analyst,M.RISK.005,Duplicate invoices,Risk & Data Quality,DISCLOSE,True,organization; property; tenant/allotment/bed; time (month),Not applicable to the grouping itself (billing_month is the grouping key),"State the value, with the documented caveat carried alongside it.","Apply a statistical method or threshold the specifications do not define. analytics_execution_spec.md 2.5 leaves the anomaly method open, so no anomaly threshold is invented here. Additionally: the caveat may not be dropped for brevity.",C.020,DQ.013,"H.055 duplicate_invoices (validated: DQ.013/DQ.013b in validate_data_quality.py, exact match, 322 groups / 356 excess rows -- independently re-derived from raw "
data_scientist,Data Scientist / Diagnostic Analyst,M.RISK.006,Duplicate receipts,Risk & Data Quality,DISCLOSE,True,organization; property; tenant/allotment/bed,"detected_at (single value, not a range)","State the value, with the documented caveat carried alongside it.","Apply a statistical method or threshold the specifications do not define. analytics_execution_spec.md 2.5 leaves the anomaly method open, so no anomaly threshold is invented here. Additionally: the caveat may not be dropped for brevity.",C.018;C.020,DQ.014,Not independently re-executed as a fresh detection pass in this pass's scripts (the 9-group/23-id/11-live cross-check was performed and confirmed during the con
data_scientist,Data Scientist / Diagnostic Analyst,M.RISK.007,Overlapping allotments,Risk & Data Quality,DISCLOSE,True,organization; property; tenant/allotment/bed,"onboarding_date, actual_exit_date","State the value, with the documented caveat carried alongside it.","Apply a statistical method or threshold the specifications do not define. analytics_execution_spec.md 2.5 leaves the anomaly method open, so no anomaly threshold is invented here. Additionally: the caveat may not be dropped for brevity.",,DQ.003,"H.056 overlapping_allotments (validated: DQ.003 in validate_data_quality.py, DIFFERS: 214 reconstructed vs 187 reference, ~14% higher, explained by boundary-con"
data_scientist,Data Scientist / Diagnostic Analyst,M.RISK.008,Ledger/source reconciliation,Risk & Data Quality,DISCLOSE,True,organization; property; tenant/allotment/bed,See each component metric,"State the value, with the documented caveat carried alongside it.","Apply a statistical method or threshold the specifications do not define. analytics_execution_spec.md 2.5 leaves the anomaly method open, so no anomaly threshold is invented here. Additionally: the caveat may not be dropped for brevity.",C.014;C.015;C.016,DQ.006;DQ.007;DQ.008,"All three independently re-derived and exact-matched to H.001 in this pass (COLL.02, and the invoice/deposit equivalents referenced in M.INV.001/M.DEP.002)."
data_scientist,Data Scientist / Diagnostic Analyst,M.RISK.009,Data-quality score / trust status,Risk & Data Quality,SAFE,True,tenant/allotment/bed,Not applicable,"State the value as the answer, with its evidence and validation status.","Apply a statistical method or threshold the specifications do not define. analytics_execution_spec.md 2.5 leaves the anomaly method open, so no anomaly threshold is invented here.",,,Self-validating: this document's closing summary counts are derived directly from metric_registry.csv.
bi_analyst,BI Analyst,M.REV.001,"Revenue (total, ledger-derived)",Financial,SAFE,True,organization; property; tenant/allotment/bed; time (month); account/COA,journal_entries.entry_date (journal_lines carries this denormalised at export),"State the value as the answer, with its evidence and validation status.","Emit a KPI card without its trust level, conflicts, and DQ indicators.",,,"F.001 v_pnl.revenue (validated: REV.01, exact match, Rs.72,705,593.43 both sides)"
bi_analyst,BI Analyst,M.REV.002,Revenue by month,Financial,SAFE,True,organization; property; tenant/allotment/bed; time (month),"entry_date, truncated to calendar month","State the value as the answer, with its evidence and validation status.","Emit a KPI card without its trust level, conflicts, and DQ indicators.",,,"F.001 v_pnl, monthly rows (validated: REV.02, 57 of 57 (property,month) rows match in VALUE exactly; monthly_validation/revenue_by_month.csv). Row-count differs"
bi_analyst,BI Analyst,M.COL.001,Collections (application-level),Financial,DISCLOSE,True,organization; property; tenant/allotment/bed; time (month),payment_date,"State the value, with the documented caveat carried alongside it.","Emit a KPI card without its trust level, conflicts, and DQ indicators. Additionally: the caveat may not be dropped for brevity.",C.014,DQ.006;DQ.014,"No dedicated business view exists to validate the total against; validated instead against H.001's legacy_amount for receipts (COLL.01, exact match Rs.81,855,68"
bi_analyst,BI Analyst,M.COL.002,Collections by month,Financial,DISCLOSE,True,organization; property; tenant/allotment/bed; time (month),"payment_date, truncated to month","State the value, with the documented caveat carried alongside it.","Emit a KPI card without its trust level, conflicts, and DQ indicators. Additionally: the caveat may not be dropped for brevity.",C.014,DQ.006;DQ.014,"No exported view; recorded as a first computation (monthly_validation/collections_by_month.csv, 46 months)."
bi_analyst,BI Analyst,M.COL.003,Collections (ledger-derived),Financial,DISCLOSE,True,organization; property; tenant/allotment/bed; time (month); account/COA,journal_entries.entry_date,"State the value, with the documented caveat carried alongside it.","Emit a KPI card without its trust level, conflicts, and DQ indicators. Additionally: the caveat may not be dropped for brevity.",C.014,DQ.006;DQ.030,"No same-definition comparable reference is wired, so this metric is UNVERIFIED. COLL.02 (H.001 v_je_amount_reconciliation je_net_amount, Rs.87,196,482.59) is supporting evidence only and is NOT this metric's reference: H.001's own formula, CASE WHEN is_reversal_of IS NULL THEN debit ELSE -debit END, never subtracts anything because reversal lines carry credit and not debit, so it reports gross debit including reversed forwards. COLL.03 is a code-defect proof for DQ.030, also supporting evidence only. Live value of this metric: Rs.81,839,404.52."
bi_analyst,BI Analyst,M.INV.001,Invoice billed amount,Financial,DISCLOSE,True,organization; property; tenant/allotment/bed; time (month),"COALESCE(invoice_date, (billing_month||'-01')::date, created_at::date) per get_universal_metrics; invoice_date alone for","State the value, with the documented caveat carried alongside it.","Emit a KPI card without its trust level, conflicts, and DQ indicators. Additionally: the caveat may not be dropped for brevity.",C.015;C.020,DQ.007;DQ.013,"No single exported view sums invoices.total_amount alone; cross-checked against H.001's legacy_amount for invoices (Rs.72,405,785.40) and against v_je_amount_re"
bi_analyst,BI Analyst,M.INV.002,Invoice count,Financial,DISCLOSE,True,organization; property; tenant/allotment/bed,invoice_date or billing_month depending on the question,"State the value, with the documented caveat carried alongside it.","Emit a KPI card without its trust level, conflicts, and DQ indicators. Additionally: the caveat may not be dropped for brevity.",,DQ.013,H.035 (invoice_type_status_matrix) provides an independent breakdown by type/status/reference_type; total row count (5214) matches M.006's exact count directly.
bi_analyst,BI Analyst,M.AR.001A,Tenant dues -- Def A: v_outstanding_receivables (reversals excluded),Financial,SHOW_BOTH,False,organization; property; tenant/allotment/bed; account/COA,entry_date (for last_charge_date/last_payment_date only; not a filter on the balance itself),Present every competing definition and the spread between them. May explain why they differ; may NOT select one.,"Emit a KPI card without its trust level, conflicts, and DQ indicators. Additionally: no single figure, no default definition, no average of the competing values, and no recommendation acting on a disputed number.",C.001;C.002;C.005,DQ.002;DQ.037,"F.006 v_outstanding_receivables (validated: AR.01, exact match Rs.83,297.85)."
bi_analyst,BI Analyst,M.AR.001B,Tenant dues -- Def B: v_tenant_current_dues (reversals included),Financial,SHOW_BOTH,False,organization; property; tenant/allotment/bed; account/COA,"entry_date (for last_charge_date/last_payment_date, charge_count/payment_count)",Present every competing definition and the spread between them. May explain why they differ; may NOT select one.,"Emit a KPI card without its trust level, conflicts, and DQ indicators. Additionally: no single figure, no default definition, no average of the competing values, and no recommendation acting on a disputed number.",C.001;C.002;C.005,DQ.002;DQ.037,"F.007 v_tenant_current_dues (validated: AR.02, exact match Rs.83,297.85; AR.03 proves A==B for the total)."
bi_analyst,BI Analyst,M.AR.001C,Tenant dues -- Def C: application tenant_allotments.balance_due,Financial,BLOCK,False,organization; property; tenant/allotment/bed,"Not applicable (a current-value column, not an event)","Explain why no single figure exists, present each definition separately, and surface the owner decision. May NOT state a headline figure.","Emit a KPI card without its trust level, conflicts, and DQ indicators. Additionally: no single figure, no default definition, no average of the competing values, and no recommendation acting on a disputed number.",C.001;C.005,DQ.002;DQ.037,"No exported view/diagnostic pre-sums this column; summed directly in this pass (validate_receivables.py: Rs.1,009,125.78 over 97 allotments >0)."
bi_analyst,BI Analyst,M.AR.001D,Tenant dues -- Def D: tenant_transactions (frozen legacy ledger),Financial,BLOCK,False,organization; property; tenant/allotment/bed,"date (NOTE: 1 row has a corrupt year, '0206-03-27' -- DQ.023)","Explain why no single figure exists, present each definition separately, and surface the owner decision. May NOT state a headline figure.","Emit a KPI card without its trust level, conflicts, and DQ indicators. Additionally: no single figure, no default definition, no average of the competing values, and no recommendation acting on a disputed number.",C.001;C.003;C.005,DQ.002;DQ.019;DQ.023;DQ.037,"H.052 (T164500.151) def2_tenant_transactions column (validated: AR.04a, exact match Rs.9,968,023.32, proving the unclipped-sum mechanism). The floored variant ("
bi_analyst,BI Analyst,M.AR.002,Tenant dues by tenant,Financial,BLOCK,False,organization; property; tenant/allotment/bed,Same as M.AR.001A-D,"Explain why no single figure exists, present each definition separately, and surface the owner decision. May NOT state a headline figure.","Emit a KPI card without its trust level, conflicts, and DQ indicators. Additionally: no single figure, no default definition, no average of the competing values, and no recommendation acting on a disputed number.",C.001;C.003;C.005,DQ.002;DQ.019,Same underlying validation as M.AR.001A-D (AR.01-AR.04c).
bi_analyst,BI Analyst,M.AR.003,Tenant dues by property,Financial,SHOW_BOTH,False,organization; property; tenant/allotment/bed,Same as M.AR.001A/B,Present every competing definition and the spread between them. May explain why they differ; may NOT select one.,"Emit a KPI card without its trust level, conflicts, and DQ indicators. Additionally: no single figure, no default definition, no average of the competing values, and no recommendation acting on a disputed number.",C.001;C.002,DQ.002,Not separately validated (degenerate single-property case); underlying totals validated via AR.01/AR.02.
bi_analyst,BI Analyst,M.DEP.001,Deposit held,Financial,SAFE,True,organization; property; tenant/allotment/bed; account/COA,entry_date (not a filter for the current balance),"State the value as the answer, with its evidence and validation status.","Emit a KPI card without its trust level, conflicts, and DQ indicators.",,DQ.011;DQ.012;DQ.035,"F.010 v_advance_balances.deposit_held (validated: DEP.01, exact match Rs.4,221,150.00)."
bi_analyst,BI Analyst,M.DEP.002,Deposit settlements,Financial,DISCLOSE,True,organization; property; tenant/allotment/bed; time (month),settlement_date,"State the value, with the documented caveat carried alongside it.","Emit a KPI card without its trust level, conflicts, and DQ indicators. Additionally: the caveat may not be dropped for brevity.",C.016,DQ.008;DQ.012,"H.001 legacy_amount for deposit_settlements (validated: DEP.03, exact match Rs.5,085,959.33); ledger net (validated: DEP.04, exact match Rs.5,669,454.67, reprod"
bi_analyst,BI Analyst,M.DEP.003,Deposit refunds,Financial,DISCLOSE,True,organization; property; tenant/allotment/bed; account/COA,settlement_date,"State the value, with the documented caveat carried alongside it.","Emit a KPI card without its trust level, conflicts, and DQ indicators. Additionally: the caveat may not be dropped for brevity.",C.016,DQ.008,Identical figures to M.DEP.002's DEP.03/DEP.04 (refund_amount IS the field being reconciled there).
bi_analyst,BI Analyst,M.EXP.001,"Expenses (total, ledger-derived)",Financial,SAFE,True,organization; property; tenant/allotment/bed; time (month); account/COA,entry_date,"State the value as the answer, with its evidence and validation status.","Emit a KPI card without its trust level, conflicts, and DQ indicators.",,DQ.033,"F.001 v_pnl.expenses (validated: EXP.01, exact match Rs.20,784,831.96; monthly series in EXP.07, 0 mismatches)."
bi_analyst,BI Analyst,M.EXP.002,Expenses by category,Financial,DISCLOSE,True,organization; property; tenant/allotment/bed; time (month); account/COA,entry_date,"State the value, with the documented caveat carried alongside it.","Emit a KPI card without its trust level, conflicts, and DQ indicators. Additionally: the caveat may not be dropped for brevity.",C.012;C.013;C.022,DQ.015;DQ.033;DQ.034,"F.002 v_pnl_by_category (validated: EXP.02 sum_of_buckets exact match Rs.19,754,213.96; EXP.03 electricity exact match Rs.1,030,618.00; EXP.04 proves the unbuck"
bi_analyst,BI Analyst,M.OWN.001,Owner payments (source total),Financial,SAFE,True,organization; property; tenant/allotment/bed; time (month),"bill_date (ledger-posting basis, per normalize_owner_payment_journal_dates) OR COALESCE(paid_date,due_date) (v_diag_owne","State the value as the answer, with its evidence and validation status.","Emit a KPI card without its trust level, conflicts, and DQ indicators.",,DQ.017;DQ.020,"H.001 legacy_amount/je_net_amount for owner_payments (validated: OWNPAY.01/OWNPAY.02, both exact matches, Rs.19,019,250.00)."
bi_analyst,BI Analyst,M.OWN.002,"Owner rent (ledger bucket, 3 definitions)",Financial,SHOW_BOTH,False,organization; property; tenant/allotment/bed; time (month),entry_date (Def ii); bill_date (Def iii),Present every competing definition and the spread between them. May explain why they differ; may NOT select one.,"Emit a KPI card without its trust level, conflicts, and DQ indicators. Additionally: no single figure, no default definition, no average of the competing values, and no recommendation acting on a disputed number.",C.010;C.011,DQ.016;DQ.017;DQ.020,"H.030 pnl_owner_rent (validated: PROFIT.04, exact match Rs.19,019,250.00); F.028 owner_rent_paid_or_accrued (validated: PROFIT.03, exact match)."
bi_analyst,BI Analyst,M.PROFIT.001,Gross/net profit (3 definitions),Financial,BLOCK,False,organization; property; tenant/allotment/bed; time (month),"entry_date (Def A/C); COALESCE(billing_month,invoice_date,created_at) (Def B, invoices) / expense_date (Def B, expenses)","Explain why no single figure exists, present each definition separately, and surface the owner decision. May NOT state a headline figure.","Emit a KPI card without its trust level, conflicts, and DQ indicators. Additionally: no single figure, no default definition, no average of the competing values, and no recommendation acting on a disputed number.",C.010;C.011,DQ.016;DQ.017,"F.001 v_pnl.net_profit (validated: PROFIT.01, exact match Rs.51,920,761.47, Def A); H.030's profit_if_owner_rent_excluded (validated: PROFIT.05, exact match Rs."
bi_analyst,BI Analyst,M.PNL.001,P&L by month,Financial,SAFE,True,organization; property; tenant/allotment/bed; time (month),"entry_date, truncated to month","State the value as the answer, with its evidence and validation status.","Emit a KPI card without its trust level, conflicts, and DQ indicators.",C.012;C.013,DQ.015;DQ.033,"F.001 v_pnl, monthly rows (validated: REV.02/EXP.07 for the two halves; 0 VALUE mismatches across all 57 overlapping rows; monthly_validation/revenue_by_month.c"
bi_analyst,BI Analyst,M.CASH.001,Cash balance,Financial,SAFE,True,organization; property; tenant/allotment/bed; account/COA,entry_date (not a filter for the current balance -- this is a running total),"State the value as the answer, with its evidence and validation status.","Emit a KPI card without its trust level, conflicts, and DQ indicators.",,,"F.011 v_org_cash_balance (not independently re-validated in this pass's scripts -- same construction pattern as M.DEP.001, which IS validated exactly; recommend"
bi_analyst,BI Analyst,M.TB.001,Trial balance / accounting checks,Financial,SAFE,True,organization; tenant/allotment/bed; account/COA,Not applicable (all-time balance),"State the value as the answer, with its evidence and validation status.","Emit a KPI card without its trust level, conflicts, and DQ indicators.",C.002,,"F.012 v_trial_balance (validated: LEDGER.04, exact match, 24/24 accounts, 0 mismatches); F.013 v_trial_balance_detailed (validated: LEDGER.07, exact total_debit"
bi_analyst,BI Analyst,M.OCC.001,Current occupancy (5+ definitions),Operations,SHOW_BOTH,False,organization; property; tenant/allotment/bed; time (month),Not applicable for snapshot definitions (A-D); onboarding_date/actual_exit_date for Def E,Present every competing definition and the spread between them. May explain why they differ; may NOT select one.,"Emit a KPI card without its trust level, conflicts, and DQ indicators. Additionally: no single figure, no default definition, no average of the competing values, and no recommendation acting on a disputed number.",C.006;C.007;C.008;C.009,DQ.004;DQ.005,"F.005 v_occupancy (validated: OCC.01-05, all exact matches, including the reproduced defect); H.012a-e (validated: OCC.06-08b, all exact matches); F.022 v_activ"
bi_analyst,BI Analyst,M.OCC.002,Occupancy by property,Operations,SHOW_BOTH,False,organization; property; tenant/allotment/bed,Same as M.OCC.001,Present every competing definition and the spread between them. May explain why they differ; may NOT select one.,"Emit a KPI card without its trust level, conflicts, and DQ indicators. Additionally: no single figure, no default definition, no average of the competing values, and no recommendation acting on a disputed number.",C.006;C.007;C.008;C.009,DQ.004;DQ.005,Identical to M.OCC.001 (single-property dataset).
bi_analyst,BI Analyst,M.OCC.003,Occupancy by apartment,Operations,NOT_DETERMINABLE,False,organization; property; tenant/allotment/bed; time (month),"Window-bounded (p_from/p_to parameters, day-level)","State exactly: ""Not determinable from exported evidence."", plus what is missing.","Emit a KPI card without its trust level, conflicts, and DQ indicators. Additionally: no estimate, no proxy metric, no zero-as-placeholder.",C.006;C.008,DQ.004,No exported output to validate against -- Not determinable from exported evidence whether a reconstruction matches production output.
bi_analyst,BI Analyst,M.OCC.004,Occupancy by bed,Operations,NOT_DETERMINABLE,False,organization; property; tenant/allotment/bed,"onboarding_date, actual_exit_date, day-range window [p_from,p_to] clamped to LEAST(p_to, CURRENT_DATE)","State exactly: ""Not determinable from exported evidence."", plus what is missing.","Emit a KPI card without its trust level, conflicts, and DQ indicators. Additionally: no estimate, no proxy metric, no zero-as-placeholder.",C.008,,No exported output exists for either function at the per-bed grain.
bi_analyst,BI Analyst,M.TEN.001,Staying tenants,Operations,SAFE,True,organization; property; tenant/allotment/bed,Not applicable (current-state field),"State the value as the answer, with its evidence and validation status.","Emit a KPI card without its trust level, conflicts, and DQ indicators.",,DQ.003,"H.013 allotment_status_rollup (validated: OCC.13, exact match, 168)."
bi_analyst,BI Analyst,M.TEN.002,On-Notice tenants,Operations,SAFE,True,organization; property; tenant/allotment/bed,Not applicable,"State the value as the answer, with its evidence and validation status.","Emit a KPI card without its trust level, conflicts, and DQ indicators.",C.009,DQ.005,"H.011/H.013 (validated: OCC.14, exact match, 7; OCC.03/05 confirm the downstream defect)."
bi_analyst,BI Analyst,M.TEN.003,Booked beds,Operations,SAFE,True,organization; property; tenant/allotment/bed,Not applicable,"State the value as the answer, with its evidence and validation status.","Emit a KPI card without its trust level, conflicts, and DQ indicators.",,,"F.022 v_active_tenants.booked_tenants (validated: OCC.11, exact match, 4); v_occupancy's booked column (validated: OCC construction consistent, 4)."
bi_analyst,BI Analyst,M.OCC.005,Historical occupancy,Operations,SHOW_BOTH,False,organization; property; tenant/allotment/bed,"onboarding_date, actual_exit_date, window-bounded",Present every competing definition and the spread between them. May explain why they differ; may NOT select one.,"Emit a KPI card without its trust level, conflicts, and DQ indicators. Additionally: no single figure, no default definition, no average of the competing values, and no recommendation acting on a disputed number.",C.006;C.008,DQ.004,"H.012e (194/203, cross-referenced in OCC printout, not independently re-derived as a day-weighted calc in this pass's scripts -- the bed-set-membership check (S"
bi_analyst,BI Analyst,M.LIFE.001,Tenant lifecycle (staying_status sync),Operations,SAFE,True,organization; tenant/allotment/bed,created_at (tie-break only),"State the value as the answer, with its evidence and validation status.","Emit a KPI card without its trust level, conflicts, and DQ indicators.",,,"Not independently re-executed in this pass's scripts (the derivation is a row-level trigger rule, not an aggregate to compare against a view) -- confidence is f"
bi_analyst,BI Analyst,M.LIFE.002,Move-ins,Operations,SAFE,True,organization; property; tenant/allotment/bed; time (month),onboarding_date,"State the value as the answer, with its evidence and validation status.","Emit a KPI card without its trust level, conflicts, and DQ indicators.",,,"F.017 v_tenant_lifecycle_events (2204 rows, full population, exact SQL reproduced in business_logic.md 10.2; not independently re-executed as a row-count check "
bi_analyst,BI Analyst,M.LIFE.003,Move-outs,Operations,SAFE,True,organization; property; tenant/allotment/bed; time (month),actual_exit_date,"State the value as the answer, with its evidence and validation status.","Emit a KPI card without its trust level, conflicts, and DQ indicators.",,,Same as M.LIFE.002.
bi_analyst,BI Analyst,M.LIFE.004,Exit reconciliation,Operations,SAFE,True,organization; property; tenant/allotment/bed,actual_exit_date,"State the value as the answer, with its evidence and validation status.","Emit a KPI card without its trust level, conflicts, and DQ indicators.",C.001,,"F.027 v_exit_reconciliation_worklist (45 rows; not independently re-executed as a full reconstruction in this pass's scripts given its 8-way join complexity, bu"
bi_analyst,BI Analyst,M.MAINT.001,Maintenance volume,Operations,SAFE,True,organization; property; tenant/allotment/bed; time (month),created_at,"State the value as the answer, with its evidence and validation status.","Emit a KPI card without its trust level, conflicts, and DQ indicators.",,DQ.027,"M.006 exact row count (1611, live table); H.019's 1613 figure (validated: MAINT.01/MAINT.01b, exact match AND mechanism proven)."
bi_analyst,BI Analyst,M.MAINT.002,Maintenance cost (2 paths),Operations,SAFE,True,organization; property; tenant/allotment/bed; time (month),Path A: maintenance_tickets.created_at (ticket creation month). Path B: expenses.expense_date.,"State the value as the answer, with its evidence and validation status.","Emit a KPI card without its trust level, conflicts, and DQ indicators.",C.023,DQ.027;DQ.034,"F.015 v_maintenance_metrics (validated: MAINT.02, exact match Rs.28,796.00); F.016 v_maintenance_by_issue_type (validated: MAINT.03/04, exact match, 15 resolved"
bi_analyst,BI Analyst,M.EB.001,EB/electricity usage and cost,Operations,DISCLOSE,True,organization; property; tenant/allotment/bed; time (month),"electricity_readings.billing_month (TEXT, 'Mon-YY' format -- see Known limitations); eb_payments.bill_date (a real DATE ","State the value, with the documented caveat carried alongside it.","Emit a KPI card without its trust level, conflicts, and DQ indicators. Additionally: the caveat may not be dropped for brevity.",,DQ.021;DQ.028,"Format-mismatch fully re-verified in this pass (validate_eb.py EB.03-07, all exact matches to the 0%/100% pattern); eb_payments 2-month coverage re-verified (EB"
bi_analyst,BI Analyst,M.EB.002,EB tenant allocation,Operations,DISCLOSE,True,organization; property; tenant/allotment/bed; time (month),"billing_month (TEXT, 'Mon-YY' format -- same DQ.028 defect as M.EB.001)","State the value, with the documented caveat carried alongside it.","Emit a KPI card without its trust level, conflicts, and DQ indicators. Additionally: the caveat may not be dropped for brevity.",,DQ.028,"Formula verification (validated: EB.01/EB.02, both 801/801 exact matches -- upgraded from business_logic.md's original 5-row spot-check to a full-population pro"
bi_analyst,BI Analyst,M.RISK.001,Outstanding dues,Risk & Data Quality,BLOCK,False,organization; property; tenant/allotment/bed,See M.AR.001A-D,"Explain why no single figure exists, present each definition separately, and surface the owner decision. May NOT state a headline figure.","Emit a KPI card without its trust level, conflicts, and DQ indicators. Additionally: no single figure, no default definition, no average of the competing values, and no recommendation acting on a disputed number.",C.001;C.003;C.005,DQ.002;DQ.019,Same as M.AR.001A-D.
bi_analyst,BI Analyst,M.RISK.002,Aging,Risk & Data Quality,DISCLOSE,True,organization; property; tenant/allotment/bed,"CURRENT_DATE - entry_date (bucket boundary), entry_date (charge date itself)","State the value, with the documented caveat carried alongside it.","Emit a KPI card without its trust level, conflicts, and DQ indicators. Additionally: the caveat may not be dropped for brevity.",C.019,DQ.018;DQ.036,Not independently re-executed in this pass's scripts (a snapshot-dependent calculation cannot be meaningfully re-validated against a frozen export without first
bi_analyst,BI Analyst,M.RISK.003,Deposit risk,Risk & Data Quality,DISCLOSE,True,organization; property; tenant/allotment/bed,"Various (settlement_date, actual_exit_date)","State the value, with the documented caveat carried alongside it.","Emit a KPI card without its trust level, conflicts, and DQ indicators. Additionally: the caveat may not be dropped for brevity.",,DQ.011;DQ.012;DQ.035,"H.045 (validated: DEP.06, exact match, 32); H.046 (not independently re-executed as a full 3-way anomaly reconstruction in this pass's scripts, given its comple"
bi_analyst,BI Analyst,M.RISK.004,Phantom deposits,Risk & Data Quality,DISCLOSE,True,organization; property; tenant/allotment/bed,Not applicable (current-state check),"State the value, with the documented caveat carried alongside it.","Emit a KPI card without its trust level, conflicts, and DQ indicators. Additionally: the caveat may not be dropped for brevity.",,DQ.011;DQ.035,"H.045 v_diag_deposit_phantom (validated: DEP.06, exact match, 32 allotments); amount at risk (validated: DEP.07, Rs.722,700.00 -- a NEW figure, H.045 does not e"
bi_analyst,BI Analyst,M.RISK.005,Duplicate invoices,Risk & Data Quality,DISCLOSE,True,organization; property; tenant/allotment/bed; time (month),Not applicable to the grouping itself (billing_month is the grouping key),"State the value, with the documented caveat carried alongside it.","Emit a KPI card without its trust level, conflicts, and DQ indicators. Additionally: the caveat may not be dropped for brevity.",C.020,DQ.013,"H.055 duplicate_invoices (validated: DQ.013/DQ.013b in validate_data_quality.py, exact match, 322 groups / 356 excess rows -- independently re-derived from raw "
bi_analyst,BI Analyst,M.RISK.006,Duplicate receipts,Risk & Data Quality,DISCLOSE,True,organization; property; tenant/allotment/bed,"detected_at (single value, not a range)","State the value, with the documented caveat carried alongside it.","Emit a KPI card without its trust level, conflicts, and DQ indicators. Additionally: the caveat may not be dropped for brevity.",C.018;C.020,DQ.014,Not independently re-executed as a fresh detection pass in this pass's scripts (the 9-group/23-id/11-live cross-check was performed and confirmed during the con
bi_analyst,BI Analyst,M.RISK.007,Overlapping allotments,Risk & Data Quality,DISCLOSE,True,organization; property; tenant/allotment/bed,"onboarding_date, actual_exit_date","State the value, with the documented caveat carried alongside it.","Emit a KPI card without its trust level, conflicts, and DQ indicators. Additionally: the caveat may not be dropped for brevity.",,DQ.003,"H.056 overlapping_allotments (validated: DQ.003 in validate_data_quality.py, DIFFERS: 214 reconstructed vs 187 reference, ~14% higher, explained by boundary-con"
bi_analyst,BI Analyst,M.RISK.008,Ledger/source reconciliation,Risk & Data Quality,DISCLOSE,True,organization; property; tenant/allotment/bed,See each component metric,"State the value, with the documented caveat carried alongside it.","Emit a KPI card without its trust level, conflicts, and DQ indicators. Additionally: the caveat may not be dropped for brevity.",C.014;C.015;C.016,DQ.006;DQ.007;DQ.008,"All three independently re-derived and exact-matched to H.001 in this pass (COLL.02, and the invoice/deposit equivalents referenced in M.INV.001/M.DEP.002)."
bi_analyst,BI Analyst,M.RISK.009,Data-quality score / trust status,Risk & Data Quality,SAFE,True,tenant/allotment/bed,Not applicable,"State the value as the answer, with its evidence and validation status.","Emit a KPI card without its trust level, conflicts, and DQ indicators.",,,Self-validating: this document's closing summary counts are derived directly from metric_registry.csv.
management_reporting_analyst,Management Reporting Analyst,M.REV.001,"Revenue (total, ledger-derived)",Financial,SAFE,True,organization; property; tenant/allotment/bed; time (month); account/COA,journal_entries.entry_date (journal_lines carries this denormalised at export),"State the value as the answer, with its evidence and validation status.",Collapse a SHOW_BOTH/BLOCK metric into a single headline KPI for brevity.,,,"F.001 v_pnl.revenue (validated: REV.01, exact match, Rs.72,705,593.43 both sides)"
management_reporting_analyst,Management Reporting Analyst,M.REV.002,Revenue by month,Financial,SAFE,True,organization; property; tenant/allotment/bed; time (month),"entry_date, truncated to calendar month","State the value as the answer, with its evidence and validation status.",Collapse a SHOW_BOTH/BLOCK metric into a single headline KPI for brevity.,,,"F.001 v_pnl, monthly rows (validated: REV.02, 57 of 57 (property,month) rows match in VALUE exactly; monthly_validation/revenue_by_month.csv). Row-count differs"
management_reporting_analyst,Management Reporting Analyst,M.COL.001,Collections (application-level),Financial,DISCLOSE,True,organization; property; tenant/allotment/bed; time (month),payment_date,"State the value, with the documented caveat carried alongside it.",Collapse a SHOW_BOTH/BLOCK metric into a single headline KPI for brevity. Additionally: the caveat may not be dropped for brevity.,C.014,DQ.006;DQ.014,"No dedicated business view exists to validate the total against; validated instead against H.001's legacy_amount for receipts (COLL.01, exact match Rs.81,855,68"
management_reporting_analyst,Management Reporting Analyst,M.COL.002,Collections by month,Financial,DISCLOSE,True,organization; property; tenant/allotment/bed; time (month),"payment_date, truncated to month","State the value, with the documented caveat carried alongside it.",Collapse a SHOW_BOTH/BLOCK metric into a single headline KPI for brevity. Additionally: the caveat may not be dropped for brevity.,C.014,DQ.006;DQ.014,"No exported view; recorded as a first computation (monthly_validation/collections_by_month.csv, 46 months)."
management_reporting_analyst,Management Reporting Analyst,M.COL.003,Collections (ledger-derived),Financial,DISCLOSE,True,organization; property; tenant/allotment/bed; time (month); account/COA,journal_entries.entry_date,"State the value, with the documented caveat carried alongside it.",Collapse a SHOW_BOTH/BLOCK metric into a single headline KPI for brevity. Additionally: the caveat may not be dropped for brevity.,C.014,DQ.006;DQ.030,"No same-definition comparable reference is wired, so this metric is UNVERIFIED. COLL.02 (H.001 v_je_amount_reconciliation je_net_amount, Rs.87,196,482.59) is supporting evidence only and is NOT this metric's reference: H.001's own formula, CASE WHEN is_reversal_of IS NULL THEN debit ELSE -debit END, never subtracts anything because reversal lines carry credit and not debit, so it reports gross debit including reversed forwards. COLL.03 is a code-defect proof for DQ.030, also supporting evidence only. Live value of this metric: Rs.81,839,404.52."
management_reporting_analyst,Management Reporting Analyst,M.INV.001,Invoice billed amount,Financial,DISCLOSE,True,organization; property; tenant/allotment/bed; time (month),"COALESCE(invoice_date, (billing_month||'-01')::date, created_at::date) per get_universal_metrics; invoice_date alone for","State the value, with the documented caveat carried alongside it.",Collapse a SHOW_BOTH/BLOCK metric into a single headline KPI for brevity. Additionally: the caveat may not be dropped for brevity.,C.015;C.020,DQ.007;DQ.013,"No single exported view sums invoices.total_amount alone; cross-checked against H.001's legacy_amount for invoices (Rs.72,405,785.40) and against v_je_amount_re"
management_reporting_analyst,Management Reporting Analyst,M.INV.002,Invoice count,Financial,DISCLOSE,True,organization; property; tenant/allotment/bed,invoice_date or billing_month depending on the question,"State the value, with the documented caveat carried alongside it.",Collapse a SHOW_BOTH/BLOCK metric into a single headline KPI for brevity. Additionally: the caveat may not be dropped for brevity.,,DQ.013,H.035 (invoice_type_status_matrix) provides an independent breakdown by type/status/reference_type; total row count (5214) matches M.006's exact count directly.
management_reporting_analyst,Management Reporting Analyst,M.AR.001A,Tenant dues -- Def A: v_outstanding_receivables (reversals excluded),Financial,SHOW_BOTH,False,organization; property; tenant/allotment/bed; account/COA,entry_date (for last_charge_date/last_payment_date only; not a filter on the balance itself),Present every competing definition and the spread between them. May explain why they differ; may NOT select one.,"Collapse a SHOW_BOTH/BLOCK metric into a single headline KPI for brevity. Additionally: no single figure, no default definition, no average of the competing values, and no recommendation acting on a disputed number.",C.001;C.002;C.005,DQ.002;DQ.037,"F.006 v_outstanding_receivables (validated: AR.01, exact match Rs.83,297.85)."
management_reporting_analyst,Management Reporting Analyst,M.AR.001B,Tenant dues -- Def B: v_tenant_current_dues (reversals included),Financial,SHOW_BOTH,False,organization; property; tenant/allotment/bed; account/COA,"entry_date (for last_charge_date/last_payment_date, charge_count/payment_count)",Present every competing definition and the spread between them. May explain why they differ; may NOT select one.,"Collapse a SHOW_BOTH/BLOCK metric into a single headline KPI for brevity. Additionally: no single figure, no default definition, no average of the competing values, and no recommendation acting on a disputed number.",C.001;C.002;C.005,DQ.002;DQ.037,"F.007 v_tenant_current_dues (validated: AR.02, exact match Rs.83,297.85; AR.03 proves A==B for the total)."
management_reporting_analyst,Management Reporting Analyst,M.AR.001C,Tenant dues -- Def C: application tenant_allotments.balance_due,Financial,BLOCK,False,organization; property; tenant/allotment/bed,"Not applicable (a current-value column, not an event)","Explain why no single figure exists, present each definition separately, and surface the owner decision. May NOT state a headline figure.","Collapse a SHOW_BOTH/BLOCK metric into a single headline KPI for brevity. Additionally: no single figure, no default definition, no average of the competing values, and no recommendation acting on a disputed number.",C.001;C.005,DQ.002;DQ.037,"No exported view/diagnostic pre-sums this column; summed directly in this pass (validate_receivables.py: Rs.1,009,125.78 over 97 allotments >0)."
management_reporting_analyst,Management Reporting Analyst,M.AR.001D,Tenant dues -- Def D: tenant_transactions (frozen legacy ledger),Financial,BLOCK,False,organization; property; tenant/allotment/bed,"date (NOTE: 1 row has a corrupt year, '0206-03-27' -- DQ.023)","Explain why no single figure exists, present each definition separately, and surface the owner decision. May NOT state a headline figure.","Collapse a SHOW_BOTH/BLOCK metric into a single headline KPI for brevity. Additionally: no single figure, no default definition, no average of the competing values, and no recommendation acting on a disputed number.",C.001;C.003;C.005,DQ.002;DQ.019;DQ.023;DQ.037,"H.052 (T164500.151) def2_tenant_transactions column (validated: AR.04a, exact match Rs.9,968,023.32, proving the unclipped-sum mechanism). The floored variant ("
management_reporting_analyst,Management Reporting Analyst,M.AR.002,Tenant dues by tenant,Financial,BLOCK,False,organization; property; tenant/allotment/bed,Same as M.AR.001A-D,"Explain why no single figure exists, present each definition separately, and surface the owner decision. May NOT state a headline figure.","Collapse a SHOW_BOTH/BLOCK metric into a single headline KPI for brevity. Additionally: no single figure, no default definition, no average of the competing values, and no recommendation acting on a disputed number.",C.001;C.003;C.005,DQ.002;DQ.019,Same underlying validation as M.AR.001A-D (AR.01-AR.04c).
management_reporting_analyst,Management Reporting Analyst,M.AR.003,Tenant dues by property,Financial,SHOW_BOTH,False,organization; property; tenant/allotment/bed,Same as M.AR.001A/B,Present every competing definition and the spread between them. May explain why they differ; may NOT select one.,"Collapse a SHOW_BOTH/BLOCK metric into a single headline KPI for brevity. Additionally: no single figure, no default definition, no average of the competing values, and no recommendation acting on a disputed number.",C.001;C.002,DQ.002,Not separately validated (degenerate single-property case); underlying totals validated via AR.01/AR.02.
management_reporting_analyst,Management Reporting Analyst,M.DEP.001,Deposit held,Financial,SAFE,True,organization; property; tenant/allotment/bed; account/COA,entry_date (not a filter for the current balance),"State the value as the answer, with its evidence and validation status.",Collapse a SHOW_BOTH/BLOCK metric into a single headline KPI for brevity.,,DQ.011;DQ.012;DQ.035,"F.010 v_advance_balances.deposit_held (validated: DEP.01, exact match Rs.4,221,150.00)."
management_reporting_analyst,Management Reporting Analyst,M.DEP.002,Deposit settlements,Financial,DISCLOSE,True,organization; property; tenant/allotment/bed; time (month),settlement_date,"State the value, with the documented caveat carried alongside it.",Collapse a SHOW_BOTH/BLOCK metric into a single headline KPI for brevity. Additionally: the caveat may not be dropped for brevity.,C.016,DQ.008;DQ.012,"H.001 legacy_amount for deposit_settlements (validated: DEP.03, exact match Rs.5,085,959.33); ledger net (validated: DEP.04, exact match Rs.5,669,454.67, reprod"
management_reporting_analyst,Management Reporting Analyst,M.DEP.003,Deposit refunds,Financial,DISCLOSE,True,organization; property; tenant/allotment/bed; account/COA,settlement_date,"State the value, with the documented caveat carried alongside it.",Collapse a SHOW_BOTH/BLOCK metric into a single headline KPI for brevity. Additionally: the caveat may not be dropped for brevity.,C.016,DQ.008,Identical figures to M.DEP.002's DEP.03/DEP.04 (refund_amount IS the field being reconciled there).
management_reporting_analyst,Management Reporting Analyst,M.EXP.001,"Expenses (total, ledger-derived)",Financial,SAFE,True,organization; property; tenant/allotment/bed; time (month); account/COA,entry_date,"State the value as the answer, with its evidence and validation status.",Collapse a SHOW_BOTH/BLOCK metric into a single headline KPI for brevity.,,DQ.033,"F.001 v_pnl.expenses (validated: EXP.01, exact match Rs.20,784,831.96; monthly series in EXP.07, 0 mismatches)."
management_reporting_analyst,Management Reporting Analyst,M.EXP.002,Expenses by category,Financial,DISCLOSE,True,organization; property; tenant/allotment/bed; time (month); account/COA,entry_date,"State the value, with the documented caveat carried alongside it.",Collapse a SHOW_BOTH/BLOCK metric into a single headline KPI for brevity. Additionally: the caveat may not be dropped for brevity.,C.012;C.013;C.022,DQ.015;DQ.033;DQ.034,"F.002 v_pnl_by_category (validated: EXP.02 sum_of_buckets exact match Rs.19,754,213.96; EXP.03 electricity exact match Rs.1,030,618.00; EXP.04 proves the unbuck"
management_reporting_analyst,Management Reporting Analyst,M.OWN.001,Owner payments (source total),Financial,SAFE,True,organization; property; tenant/allotment/bed; time (month),"bill_date (ledger-posting basis, per normalize_owner_payment_journal_dates) OR COALESCE(paid_date,due_date) (v_diag_owne","State the value as the answer, with its evidence and validation status.",Collapse a SHOW_BOTH/BLOCK metric into a single headline KPI for brevity.,,DQ.017;DQ.020,"H.001 legacy_amount/je_net_amount for owner_payments (validated: OWNPAY.01/OWNPAY.02, both exact matches, Rs.19,019,250.00)."
management_reporting_analyst,Management Reporting Analyst,M.OWN.002,"Owner rent (ledger bucket, 3 definitions)",Financial,SHOW_BOTH,False,organization; property; tenant/allotment/bed; time (month),entry_date (Def ii); bill_date (Def iii),Present every competing definition and the spread between them. May explain why they differ; may NOT select one.,"Collapse a SHOW_BOTH/BLOCK metric into a single headline KPI for brevity. Additionally: no single figure, no default definition, no average of the competing values, and no recommendation acting on a disputed number.",C.010;C.011,DQ.016;DQ.017;DQ.020,"H.030 pnl_owner_rent (validated: PROFIT.04, exact match Rs.19,019,250.00); F.028 owner_rent_paid_or_accrued (validated: PROFIT.03, exact match)."
management_reporting_analyst,Management Reporting Analyst,M.PROFIT.001,Gross/net profit (3 definitions),Financial,BLOCK,False,organization; property; tenant/allotment/bed; time (month),"entry_date (Def A/C); COALESCE(billing_month,invoice_date,created_at) (Def B, invoices) / expense_date (Def B, expenses)","Explain why no single figure exists, present each definition separately, and surface the owner decision. May NOT state a headline figure.","Collapse a SHOW_BOTH/BLOCK metric into a single headline KPI for brevity. Additionally: no single figure, no default definition, no average of the competing values, and no recommendation acting on a disputed number.",C.010;C.011,DQ.016;DQ.017,"F.001 v_pnl.net_profit (validated: PROFIT.01, exact match Rs.51,920,761.47, Def A); H.030's profit_if_owner_rent_excluded (validated: PROFIT.05, exact match Rs."
management_reporting_analyst,Management Reporting Analyst,M.PNL.001,P&L by month,Financial,SAFE,True,organization; property; tenant/allotment/bed; time (month),"entry_date, truncated to month","State the value as the answer, with its evidence and validation status.",Collapse a SHOW_BOTH/BLOCK metric into a single headline KPI for brevity.,C.012;C.013,DQ.015;DQ.033,"F.001 v_pnl, monthly rows (validated: REV.02/EXP.07 for the two halves; 0 VALUE mismatches across all 57 overlapping rows; monthly_validation/revenue_by_month.c"
management_reporting_analyst,Management Reporting Analyst,M.CASH.001,Cash balance,Financial,SAFE,True,organization; property; tenant/allotment/bed; account/COA,entry_date (not a filter for the current balance -- this is a running total),"State the value as the answer, with its evidence and validation status.",Collapse a SHOW_BOTH/BLOCK metric into a single headline KPI for brevity.,,,"F.011 v_org_cash_balance (not independently re-validated in this pass's scripts -- same construction pattern as M.DEP.001, which IS validated exactly; recommend"
management_reporting_analyst,Management Reporting Analyst,M.TB.001,Trial balance / accounting checks,Financial,SAFE,True,organization; tenant/allotment/bed; account/COA,Not applicable (all-time balance),"State the value as the answer, with its evidence and validation status.",Collapse a SHOW_BOTH/BLOCK metric into a single headline KPI for brevity.,C.002,,"F.012 v_trial_balance (validated: LEDGER.04, exact match, 24/24 accounts, 0 mismatches); F.013 v_trial_balance_detailed (validated: LEDGER.07, exact total_debit"
management_reporting_analyst,Management Reporting Analyst,M.OCC.001,Current occupancy (5+ definitions),Operations,SHOW_BOTH,False,organization; property; tenant/allotment/bed; time (month),Not applicable for snapshot definitions (A-D); onboarding_date/actual_exit_date for Def E,Present every competing definition and the spread between them. May explain why they differ; may NOT select one.,"Collapse a SHOW_BOTH/BLOCK metric into a single headline KPI for brevity. Additionally: no single figure, no default definition, no average of the competing values, and no recommendation acting on a disputed number.",C.006;C.007;C.008;C.009,DQ.004;DQ.005,"F.005 v_occupancy (validated: OCC.01-05, all exact matches, including the reproduced defect); H.012a-e (validated: OCC.06-08b, all exact matches); F.022 v_activ"
management_reporting_analyst,Management Reporting Analyst,M.OCC.002,Occupancy by property,Operations,SHOW_BOTH,False,organization; property; tenant/allotment/bed,Same as M.OCC.001,Present every competing definition and the spread between them. May explain why they differ; may NOT select one.,"Collapse a SHOW_BOTH/BLOCK metric into a single headline KPI for brevity. Additionally: no single figure, no default definition, no average of the competing values, and no recommendation acting on a disputed number.",C.006;C.007;C.008;C.009,DQ.004;DQ.005,Identical to M.OCC.001 (single-property dataset).
management_reporting_analyst,Management Reporting Analyst,M.OCC.003,Occupancy by apartment,Operations,NOT_DETERMINABLE,False,organization; property; tenant/allotment/bed; time (month),"Window-bounded (p_from/p_to parameters, day-level)","State exactly: ""Not determinable from exported evidence."", plus what is missing.","Collapse a SHOW_BOTH/BLOCK metric into a single headline KPI for brevity. Additionally: no estimate, no proxy metric, no zero-as-placeholder.",C.006;C.008,DQ.004,No exported output to validate against -- Not determinable from exported evidence whether a reconstruction matches production output.
management_reporting_analyst,Management Reporting Analyst,M.OCC.004,Occupancy by bed,Operations,NOT_DETERMINABLE,False,organization; property; tenant/allotment/bed,"onboarding_date, actual_exit_date, day-range window [p_from,p_to] clamped to LEAST(p_to, CURRENT_DATE)","State exactly: ""Not determinable from exported evidence."", plus what is missing.","Collapse a SHOW_BOTH/BLOCK metric into a single headline KPI for brevity. Additionally: no estimate, no proxy metric, no zero-as-placeholder.",C.008,,No exported output exists for either function at the per-bed grain.
management_reporting_analyst,Management Reporting Analyst,M.TEN.001,Staying tenants,Operations,SAFE,True,organization; property; tenant/allotment/bed,Not applicable (current-state field),"State the value as the answer, with its evidence and validation status.",Collapse a SHOW_BOTH/BLOCK metric into a single headline KPI for brevity.,,DQ.003,"H.013 allotment_status_rollup (validated: OCC.13, exact match, 168)."
management_reporting_analyst,Management Reporting Analyst,M.TEN.002,On-Notice tenants,Operations,SAFE,True,organization; property; tenant/allotment/bed,Not applicable,"State the value as the answer, with its evidence and validation status.",Collapse a SHOW_BOTH/BLOCK metric into a single headline KPI for brevity.,C.009,DQ.005,"H.011/H.013 (validated: OCC.14, exact match, 7; OCC.03/05 confirm the downstream defect)."
management_reporting_analyst,Management Reporting Analyst,M.TEN.003,Booked beds,Operations,SAFE,True,organization; property; tenant/allotment/bed,Not applicable,"State the value as the answer, with its evidence and validation status.",Collapse a SHOW_BOTH/BLOCK metric into a single headline KPI for brevity.,,,"F.022 v_active_tenants.booked_tenants (validated: OCC.11, exact match, 4); v_occupancy's booked column (validated: OCC construction consistent, 4)."
management_reporting_analyst,Management Reporting Analyst,M.OCC.005,Historical occupancy,Operations,SHOW_BOTH,False,organization; property; tenant/allotment/bed,"onboarding_date, actual_exit_date, window-bounded",Present every competing definition and the spread between them. May explain why they differ; may NOT select one.,"Collapse a SHOW_BOTH/BLOCK metric into a single headline KPI for brevity. Additionally: no single figure, no default definition, no average of the competing values, and no recommendation acting on a disputed number.",C.006;C.008,DQ.004,"H.012e (194/203, cross-referenced in OCC printout, not independently re-derived as a day-weighted calc in this pass's scripts -- the bed-set-membership check (S"
management_reporting_analyst,Management Reporting Analyst,M.LIFE.001,Tenant lifecycle (staying_status sync),Operations,SAFE,True,organization; tenant/allotment/bed,created_at (tie-break only),"State the value as the answer, with its evidence and validation status.",Collapse a SHOW_BOTH/BLOCK metric into a single headline KPI for brevity.,,,"Not independently re-executed in this pass's scripts (the derivation is a row-level trigger rule, not an aggregate to compare against a view) -- confidence is f"
management_reporting_analyst,Management Reporting Analyst,M.LIFE.002,Move-ins,Operations,SAFE,True,organization; property; tenant/allotment/bed; time (month),onboarding_date,"State the value as the answer, with its evidence and validation status.",Collapse a SHOW_BOTH/BLOCK metric into a single headline KPI for brevity.,,,"F.017 v_tenant_lifecycle_events (2204 rows, full population, exact SQL reproduced in business_logic.md 10.2; not independently re-executed as a row-count check "
management_reporting_analyst,Management Reporting Analyst,M.LIFE.003,Move-outs,Operations,SAFE,True,organization; property; tenant/allotment/bed; time (month),actual_exit_date,"State the value as the answer, with its evidence and validation status.",Collapse a SHOW_BOTH/BLOCK metric into a single headline KPI for brevity.,,,Same as M.LIFE.002.
management_reporting_analyst,Management Reporting Analyst,M.LIFE.004,Exit reconciliation,Operations,SAFE,True,organization; property; tenant/allotment/bed,actual_exit_date,"State the value as the answer, with its evidence and validation status.",Collapse a SHOW_BOTH/BLOCK metric into a single headline KPI for brevity.,C.001,,"F.027 v_exit_reconciliation_worklist (45 rows; not independently re-executed as a full reconstruction in this pass's scripts given its 8-way join complexity, bu"
management_reporting_analyst,Management Reporting Analyst,M.MAINT.001,Maintenance volume,Operations,SAFE,True,organization; property; tenant/allotment/bed; time (month),created_at,"State the value as the answer, with its evidence and validation status.",Collapse a SHOW_BOTH/BLOCK metric into a single headline KPI for brevity.,,DQ.027,"M.006 exact row count (1611, live table); H.019's 1613 figure (validated: MAINT.01/MAINT.01b, exact match AND mechanism proven)."
management_reporting_analyst,Management Reporting Analyst,M.MAINT.002,Maintenance cost (2 paths),Operations,SAFE,True,organization; property; tenant/allotment/bed; time (month),Path A: maintenance_tickets.created_at (ticket creation month). Path B: expenses.expense_date.,"State the value as the answer, with its evidence and validation status.",Collapse a SHOW_BOTH/BLOCK metric into a single headline KPI for brevity.,C.023,DQ.027;DQ.034,"F.015 v_maintenance_metrics (validated: MAINT.02, exact match Rs.28,796.00); F.016 v_maintenance_by_issue_type (validated: MAINT.03/04, exact match, 15 resolved"
management_reporting_analyst,Management Reporting Analyst,M.EB.001,EB/electricity usage and cost,Operations,DISCLOSE,True,organization; property; tenant/allotment/bed; time (month),"electricity_readings.billing_month (TEXT, 'Mon-YY' format -- see Known limitations); eb_payments.bill_date (a real DATE ","State the value, with the documented caveat carried alongside it.",Collapse a SHOW_BOTH/BLOCK metric into a single headline KPI for brevity. Additionally: the caveat may not be dropped for brevity.,,DQ.021;DQ.028,"Format-mismatch fully re-verified in this pass (validate_eb.py EB.03-07, all exact matches to the 0%/100% pattern); eb_payments 2-month coverage re-verified (EB"
management_reporting_analyst,Management Reporting Analyst,M.EB.002,EB tenant allocation,Operations,DISCLOSE,True,organization; property; tenant/allotment/bed; time (month),"billing_month (TEXT, 'Mon-YY' format -- same DQ.028 defect as M.EB.001)","State the value, with the documented caveat carried alongside it.",Collapse a SHOW_BOTH/BLOCK metric into a single headline KPI for brevity. Additionally: the caveat may not be dropped for brevity.,,DQ.028,"Formula verification (validated: EB.01/EB.02, both 801/801 exact matches -- upgraded from business_logic.md's original 5-row spot-check to a full-population pro"
management_reporting_analyst,Management Reporting Analyst,M.RISK.001,Outstanding dues,Risk & Data Quality,BLOCK,False,organization; property; tenant/allotment/bed,See M.AR.001A-D,"Explain why no single figure exists, present each definition separately, and surface the owner decision. May NOT state a headline figure.","Collapse a SHOW_BOTH/BLOCK metric into a single headline KPI for brevity. Additionally: no single figure, no default definition, no average of the competing values, and no recommendation acting on a disputed number.",C.001;C.003;C.005,DQ.002;DQ.019,Same as M.AR.001A-D.
management_reporting_analyst,Management Reporting Analyst,M.RISK.002,Aging,Risk & Data Quality,DISCLOSE,True,organization; property; tenant/allotment/bed,"CURRENT_DATE - entry_date (bucket boundary), entry_date (charge date itself)","State the value, with the documented caveat carried alongside it.",Collapse a SHOW_BOTH/BLOCK metric into a single headline KPI for brevity. Additionally: the caveat may not be dropped for brevity.,C.019,DQ.018;DQ.036,Not independently re-executed in this pass's scripts (a snapshot-dependent calculation cannot be meaningfully re-validated against a frozen export without first
management_reporting_analyst,Management Reporting Analyst,M.RISK.003,Deposit risk,Risk & Data Quality,DISCLOSE,True,organization; property; tenant/allotment/bed,"Various (settlement_date, actual_exit_date)","State the value, with the documented caveat carried alongside it.",Collapse a SHOW_BOTH/BLOCK metric into a single headline KPI for brevity. Additionally: the caveat may not be dropped for brevity.,,DQ.011;DQ.012;DQ.035,"H.045 (validated: DEP.06, exact match, 32); H.046 (not independently re-executed as a full 3-way anomaly reconstruction in this pass's scripts, given its comple"
management_reporting_analyst,Management Reporting Analyst,M.RISK.004,Phantom deposits,Risk & Data Quality,DISCLOSE,True,organization; property; tenant/allotment/bed,Not applicable (current-state check),"State the value, with the documented caveat carried alongside it.",Collapse a SHOW_BOTH/BLOCK metric into a single headline KPI for brevity. Additionally: the caveat may not be dropped for brevity.,,DQ.011;DQ.035,"H.045 v_diag_deposit_phantom (validated: DEP.06, exact match, 32 allotments); amount at risk (validated: DEP.07, Rs.722,700.00 -- a NEW figure, H.045 does not e"
management_reporting_analyst,Management Reporting Analyst,M.RISK.005,Duplicate invoices,Risk & Data Quality,DISCLOSE,True,organization; property; tenant/allotment/bed; time (month),Not applicable to the grouping itself (billing_month is the grouping key),"State the value, with the documented caveat carried alongside it.",Collapse a SHOW_BOTH/BLOCK metric into a single headline KPI for brevity. Additionally: the caveat may not be dropped for brevity.,C.020,DQ.013,"H.055 duplicate_invoices (validated: DQ.013/DQ.013b in validate_data_quality.py, exact match, 322 groups / 356 excess rows -- independently re-derived from raw "
management_reporting_analyst,Management Reporting Analyst,M.RISK.006,Duplicate receipts,Risk & Data Quality,DISCLOSE,True,organization; property; tenant/allotment/bed,"detected_at (single value, not a range)","State the value, with the documented caveat carried alongside it.",Collapse a SHOW_BOTH/BLOCK metric into a single headline KPI for brevity. Additionally: the caveat may not be dropped for brevity.,C.018;C.020,DQ.014,Not independently re-executed as a fresh detection pass in this pass's scripts (the 9-group/23-id/11-live cross-check was performed and confirmed during the con
management_reporting_analyst,Management Reporting Analyst,M.RISK.007,Overlapping allotments,Risk & Data Quality,DISCLOSE,True,organization; property; tenant/allotment/bed,"onboarding_date, actual_exit_date","State the value, with the documented caveat carried alongside it.",Collapse a SHOW_BOTH/BLOCK metric into a single headline KPI for brevity. Additionally: the caveat may not be dropped for brevity.,,DQ.003,"H.056 overlapping_allotments (validated: DQ.003 in validate_data_quality.py, DIFFERS: 214 reconstructed vs 187 reference, ~14% higher, explained by boundary-con"
management_reporting_analyst,Management Reporting Analyst,M.RISK.008,Ledger/source reconciliation,Risk & Data Quality,DISCLOSE,True,organization; property; tenant/allotment/bed,See each component metric,"State the value, with the documented caveat carried alongside it.",Collapse a SHOW_BOTH/BLOCK metric into a single headline KPI for brevity. Additionally: the caveat may not be dropped for brevity.,C.014;C.015;C.016,DQ.006;DQ.007;DQ.008,"All three independently re-derived and exact-matched to H.001 in this pass (COLL.02, and the invoice/deposit equivalents referenced in M.INV.001/M.DEP.002)."
management_reporting_analyst,Management Reporting Analyst,M.RISK.009,Data-quality score / trust status,Risk & Data Quality,SAFE,True,tenant/allotment/bed,Not applicable,"State the value as the answer, with its evidence and validation status.",Collapse a SHOW_BOTH/BLOCK metric into a single headline KPI for brevity.,,,Self-validating: this document's closing summary counts are derived directly from metric_registry.csv.
decision_support_analyst,Decision-Support Analyst,M.REV.001,"Revenue (total, ledger-derived)",Financial,SAFE,True,organization; property; tenant/allotment/bed; time (month); account/COA,journal_entries.entry_date (journal_lines carries this denormalised at export),"State the value as the answer, with its evidence and validation status.",Recommend an operational action on a BLOCK metric's disputed figure; the only recommendation available there is to resolve the conflict.,,,"F.001 v_pnl.revenue (validated: REV.01, exact match, Rs.72,705,593.43 both sides)"
decision_support_analyst,Decision-Support Analyst,M.REV.002,Revenue by month,Financial,SAFE,True,organization; property; tenant/allotment/bed; time (month),"entry_date, truncated to calendar month","State the value as the answer, with its evidence and validation status.",Recommend an operational action on a BLOCK metric's disputed figure; the only recommendation available there is to resolve the conflict.,,,"F.001 v_pnl, monthly rows (validated: REV.02, 57 of 57 (property,month) rows match in VALUE exactly; monthly_validation/revenue_by_month.csv). Row-count differs"
decision_support_analyst,Decision-Support Analyst,M.COL.001,Collections (application-level),Financial,DISCLOSE,True,organization; property; tenant/allotment/bed; time (month),payment_date,"State the value, with the documented caveat carried alongside it.",Recommend an operational action on a BLOCK metric's disputed figure; the only recommendation available there is to resolve the conflict. Additionally: the caveat may not be dropped for brevity.,C.014,DQ.006;DQ.014,"No dedicated business view exists to validate the total against; validated instead against H.001's legacy_amount for receipts (COLL.01, exact match Rs.81,855,68"
decision_support_analyst,Decision-Support Analyst,M.COL.002,Collections by month,Financial,DISCLOSE,True,organization; property; tenant/allotment/bed; time (month),"payment_date, truncated to month","State the value, with the documented caveat carried alongside it.",Recommend an operational action on a BLOCK metric's disputed figure; the only recommendation available there is to resolve the conflict. Additionally: the caveat may not be dropped for brevity.,C.014,DQ.006;DQ.014,"No exported view; recorded as a first computation (monthly_validation/collections_by_month.csv, 46 months)."
decision_support_analyst,Decision-Support Analyst,M.COL.003,Collections (ledger-derived),Financial,DISCLOSE,True,organization; property; tenant/allotment/bed; time (month); account/COA,journal_entries.entry_date,"State the value, with the documented caveat carried alongside it.",Recommend an operational action on a BLOCK metric's disputed figure; the only recommendation available there is to resolve the conflict. Additionally: the caveat may not be dropped for brevity.,C.014,DQ.006;DQ.030,"No same-definition comparable reference is wired, so this metric is UNVERIFIED. COLL.02 (H.001 v_je_amount_reconciliation je_net_amount, Rs.87,196,482.59) is supporting evidence only and is NOT this metric's reference: H.001's own formula, CASE WHEN is_reversal_of IS NULL THEN debit ELSE -debit END, never subtracts anything because reversal lines carry credit and not debit, so it reports gross debit including reversed forwards. COLL.03 is a code-defect proof for DQ.030, also supporting evidence only. Live value of this metric: Rs.81,839,404.52."
decision_support_analyst,Decision-Support Analyst,M.INV.001,Invoice billed amount,Financial,DISCLOSE,True,organization; property; tenant/allotment/bed; time (month),"COALESCE(invoice_date, (billing_month||'-01')::date, created_at::date) per get_universal_metrics; invoice_date alone for","State the value, with the documented caveat carried alongside it.",Recommend an operational action on a BLOCK metric's disputed figure; the only recommendation available there is to resolve the conflict. Additionally: the caveat may not be dropped for brevity.,C.015;C.020,DQ.007;DQ.013,"No single exported view sums invoices.total_amount alone; cross-checked against H.001's legacy_amount for invoices (Rs.72,405,785.40) and against v_je_amount_re"
decision_support_analyst,Decision-Support Analyst,M.INV.002,Invoice count,Financial,DISCLOSE,True,organization; property; tenant/allotment/bed,invoice_date or billing_month depending on the question,"State the value, with the documented caveat carried alongside it.",Recommend an operational action on a BLOCK metric's disputed figure; the only recommendation available there is to resolve the conflict. Additionally: the caveat may not be dropped for brevity.,,DQ.013,H.035 (invoice_type_status_matrix) provides an independent breakdown by type/status/reference_type; total row count (5214) matches M.006's exact count directly.
decision_support_analyst,Decision-Support Analyst,M.AR.001A,Tenant dues -- Def A: v_outstanding_receivables (reversals excluded),Financial,SHOW_BOTH,False,organization; property; tenant/allotment/bed; account/COA,entry_date (for last_charge_date/last_payment_date only; not a filter on the balance itself),Present every competing definition and the spread between them. May explain why they differ; may NOT select one.,"Recommend an operational action on a BLOCK metric's disputed figure; the only recommendation available there is to resolve the conflict. Additionally: no single figure, no default definition, no average of the competing values, and no recommendation acting on a disputed number.",C.001;C.002;C.005,DQ.002;DQ.037,"F.006 v_outstanding_receivables (validated: AR.01, exact match Rs.83,297.85)."
decision_support_analyst,Decision-Support Analyst,M.AR.001B,Tenant dues -- Def B: v_tenant_current_dues (reversals included),Financial,SHOW_BOTH,False,organization; property; tenant/allotment/bed; account/COA,"entry_date (for last_charge_date/last_payment_date, charge_count/payment_count)",Present every competing definition and the spread between them. May explain why they differ; may NOT select one.,"Recommend an operational action on a BLOCK metric's disputed figure; the only recommendation available there is to resolve the conflict. Additionally: no single figure, no default definition, no average of the competing values, and no recommendation acting on a disputed number.",C.001;C.002;C.005,DQ.002;DQ.037,"F.007 v_tenant_current_dues (validated: AR.02, exact match Rs.83,297.85; AR.03 proves A==B for the total)."
decision_support_analyst,Decision-Support Analyst,M.AR.001C,Tenant dues -- Def C: application tenant_allotments.balance_due,Financial,BLOCK,False,organization; property; tenant/allotment/bed,"Not applicable (a current-value column, not an event)","Explain why no single figure exists, present each definition separately, and surface the owner decision. May NOT state a headline figure.","Recommend an operational action on a BLOCK metric's disputed figure; the only recommendation available there is to resolve the conflict. Additionally: no single figure, no default definition, no average of the competing values, and no recommendation acting on a disputed number.",C.001;C.005,DQ.002;DQ.037,"No exported view/diagnostic pre-sums this column; summed directly in this pass (validate_receivables.py: Rs.1,009,125.78 over 97 allotments >0)."
decision_support_analyst,Decision-Support Analyst,M.AR.001D,Tenant dues -- Def D: tenant_transactions (frozen legacy ledger),Financial,BLOCK,False,organization; property; tenant/allotment/bed,"date (NOTE: 1 row has a corrupt year, '0206-03-27' -- DQ.023)","Explain why no single figure exists, present each definition separately, and surface the owner decision. May NOT state a headline figure.","Recommend an operational action on a BLOCK metric's disputed figure; the only recommendation available there is to resolve the conflict. Additionally: no single figure, no default definition, no average of the competing values, and no recommendation acting on a disputed number.",C.001;C.003;C.005,DQ.002;DQ.019;DQ.023;DQ.037,"H.052 (T164500.151) def2_tenant_transactions column (validated: AR.04a, exact match Rs.9,968,023.32, proving the unclipped-sum mechanism). The floored variant ("
decision_support_analyst,Decision-Support Analyst,M.AR.002,Tenant dues by tenant,Financial,BLOCK,False,organization; property; tenant/allotment/bed,Same as M.AR.001A-D,"Explain why no single figure exists, present each definition separately, and surface the owner decision. May NOT state a headline figure.","Recommend an operational action on a BLOCK metric's disputed figure; the only recommendation available there is to resolve the conflict. Additionally: no single figure, no default definition, no average of the competing values, and no recommendation acting on a disputed number.",C.001;C.003;C.005,DQ.002;DQ.019,Same underlying validation as M.AR.001A-D (AR.01-AR.04c).
decision_support_analyst,Decision-Support Analyst,M.AR.003,Tenant dues by property,Financial,SHOW_BOTH,False,organization; property; tenant/allotment/bed,Same as M.AR.001A/B,Present every competing definition and the spread between them. May explain why they differ; may NOT select one.,"Recommend an operational action on a BLOCK metric's disputed figure; the only recommendation available there is to resolve the conflict. Additionally: no single figure, no default definition, no average of the competing values, and no recommendation acting on a disputed number.",C.001;C.002,DQ.002,Not separately validated (degenerate single-property case); underlying totals validated via AR.01/AR.02.
decision_support_analyst,Decision-Support Analyst,M.DEP.001,Deposit held,Financial,SAFE,True,organization; property; tenant/allotment/bed; account/COA,entry_date (not a filter for the current balance),"State the value as the answer, with its evidence and validation status.",Recommend an operational action on a BLOCK metric's disputed figure; the only recommendation available there is to resolve the conflict.,,DQ.011;DQ.012;DQ.035,"F.010 v_advance_balances.deposit_held (validated: DEP.01, exact match Rs.4,221,150.00)."
decision_support_analyst,Decision-Support Analyst,M.DEP.002,Deposit settlements,Financial,DISCLOSE,True,organization; property; tenant/allotment/bed; time (month),settlement_date,"State the value, with the documented caveat carried alongside it.",Recommend an operational action on a BLOCK metric's disputed figure; the only recommendation available there is to resolve the conflict. Additionally: the caveat may not be dropped for brevity.,C.016,DQ.008;DQ.012,"H.001 legacy_amount for deposit_settlements (validated: DEP.03, exact match Rs.5,085,959.33); ledger net (validated: DEP.04, exact match Rs.5,669,454.67, reprod"
decision_support_analyst,Decision-Support Analyst,M.DEP.003,Deposit refunds,Financial,DISCLOSE,True,organization; property; tenant/allotment/bed; account/COA,settlement_date,"State the value, with the documented caveat carried alongside it.",Recommend an operational action on a BLOCK metric's disputed figure; the only recommendation available there is to resolve the conflict. Additionally: the caveat may not be dropped for brevity.,C.016,DQ.008,Identical figures to M.DEP.002's DEP.03/DEP.04 (refund_amount IS the field being reconciled there).
decision_support_analyst,Decision-Support Analyst,M.EXP.001,"Expenses (total, ledger-derived)",Financial,SAFE,True,organization; property; tenant/allotment/bed; time (month); account/COA,entry_date,"State the value as the answer, with its evidence and validation status.",Recommend an operational action on a BLOCK metric's disputed figure; the only recommendation available there is to resolve the conflict.,,DQ.033,"F.001 v_pnl.expenses (validated: EXP.01, exact match Rs.20,784,831.96; monthly series in EXP.07, 0 mismatches)."
decision_support_analyst,Decision-Support Analyst,M.EXP.002,Expenses by category,Financial,DISCLOSE,True,organization; property; tenant/allotment/bed; time (month); account/COA,entry_date,"State the value, with the documented caveat carried alongside it.",Recommend an operational action on a BLOCK metric's disputed figure; the only recommendation available there is to resolve the conflict. Additionally: the caveat may not be dropped for brevity.,C.012;C.013;C.022,DQ.015;DQ.033;DQ.034,"F.002 v_pnl_by_category (validated: EXP.02 sum_of_buckets exact match Rs.19,754,213.96; EXP.03 electricity exact match Rs.1,030,618.00; EXP.04 proves the unbuck"
decision_support_analyst,Decision-Support Analyst,M.OWN.001,Owner payments (source total),Financial,SAFE,True,organization; property; tenant/allotment/bed; time (month),"bill_date (ledger-posting basis, per normalize_owner_payment_journal_dates) OR COALESCE(paid_date,due_date) (v_diag_owne","State the value as the answer, with its evidence and validation status.",Recommend an operational action on a BLOCK metric's disputed figure; the only recommendation available there is to resolve the conflict.,,DQ.017;DQ.020,"H.001 legacy_amount/je_net_amount for owner_payments (validated: OWNPAY.01/OWNPAY.02, both exact matches, Rs.19,019,250.00)."
decision_support_analyst,Decision-Support Analyst,M.OWN.002,"Owner rent (ledger bucket, 3 definitions)",Financial,SHOW_BOTH,False,organization; property; tenant/allotment/bed; time (month),entry_date (Def ii); bill_date (Def iii),Present every competing definition and the spread between them. May explain why they differ; may NOT select one.,"Recommend an operational action on a BLOCK metric's disputed figure; the only recommendation available there is to resolve the conflict. Additionally: no single figure, no default definition, no average of the competing values, and no recommendation acting on a disputed number.",C.010;C.011,DQ.016;DQ.017;DQ.020,"H.030 pnl_owner_rent (validated: PROFIT.04, exact match Rs.19,019,250.00); F.028 owner_rent_paid_or_accrued (validated: PROFIT.03, exact match)."
decision_support_analyst,Decision-Support Analyst,M.PROFIT.001,Gross/net profit (3 definitions),Financial,BLOCK,False,organization; property; tenant/allotment/bed; time (month),"entry_date (Def A/C); COALESCE(billing_month,invoice_date,created_at) (Def B, invoices) / expense_date (Def B, expenses)","Explain why no single figure exists, present each definition separately, and surface the owner decision. May NOT state a headline figure.","Recommend an operational action on a BLOCK metric's disputed figure; the only recommendation available there is to resolve the conflict. Additionally: no single figure, no default definition, no average of the competing values, and no recommendation acting on a disputed number.",C.010;C.011,DQ.016;DQ.017,"F.001 v_pnl.net_profit (validated: PROFIT.01, exact match Rs.51,920,761.47, Def A); H.030's profit_if_owner_rent_excluded (validated: PROFIT.05, exact match Rs."
decision_support_analyst,Decision-Support Analyst,M.PNL.001,P&L by month,Financial,SAFE,True,organization; property; tenant/allotment/bed; time (month),"entry_date, truncated to month","State the value as the answer, with its evidence and validation status.",Recommend an operational action on a BLOCK metric's disputed figure; the only recommendation available there is to resolve the conflict.,C.012;C.013,DQ.015;DQ.033,"F.001 v_pnl, monthly rows (validated: REV.02/EXP.07 for the two halves; 0 VALUE mismatches across all 57 overlapping rows; monthly_validation/revenue_by_month.c"
decision_support_analyst,Decision-Support Analyst,M.CASH.001,Cash balance,Financial,SAFE,True,organization; property; tenant/allotment/bed; account/COA,entry_date (not a filter for the current balance -- this is a running total),"State the value as the answer, with its evidence and validation status.",Recommend an operational action on a BLOCK metric's disputed figure; the only recommendation available there is to resolve the conflict.,,,"F.011 v_org_cash_balance (not independently re-validated in this pass's scripts -- same construction pattern as M.DEP.001, which IS validated exactly; recommend"
decision_support_analyst,Decision-Support Analyst,M.TB.001,Trial balance / accounting checks,Financial,SAFE,True,organization; tenant/allotment/bed; account/COA,Not applicable (all-time balance),"State the value as the answer, with its evidence and validation status.",Recommend an operational action on a BLOCK metric's disputed figure; the only recommendation available there is to resolve the conflict.,C.002,,"F.012 v_trial_balance (validated: LEDGER.04, exact match, 24/24 accounts, 0 mismatches); F.013 v_trial_balance_detailed (validated: LEDGER.07, exact total_debit"
decision_support_analyst,Decision-Support Analyst,M.OCC.001,Current occupancy (5+ definitions),Operations,SHOW_BOTH,False,organization; property; tenant/allotment/bed; time (month),Not applicable for snapshot definitions (A-D); onboarding_date/actual_exit_date for Def E,Present every competing definition and the spread between them. May explain why they differ; may NOT select one.,"Recommend an operational action on a BLOCK metric's disputed figure; the only recommendation available there is to resolve the conflict. Additionally: no single figure, no default definition, no average of the competing values, and no recommendation acting on a disputed number.",C.006;C.007;C.008;C.009,DQ.004;DQ.005,"F.005 v_occupancy (validated: OCC.01-05, all exact matches, including the reproduced defect); H.012a-e (validated: OCC.06-08b, all exact matches); F.022 v_activ"
decision_support_analyst,Decision-Support Analyst,M.OCC.002,Occupancy by property,Operations,SHOW_BOTH,False,organization; property; tenant/allotment/bed,Same as M.OCC.001,Present every competing definition and the spread between them. May explain why they differ; may NOT select one.,"Recommend an operational action on a BLOCK metric's disputed figure; the only recommendation available there is to resolve the conflict. Additionally: no single figure, no default definition, no average of the competing values, and no recommendation acting on a disputed number.",C.006;C.007;C.008;C.009,DQ.004;DQ.005,Identical to M.OCC.001 (single-property dataset).
decision_support_analyst,Decision-Support Analyst,M.OCC.003,Occupancy by apartment,Operations,NOT_DETERMINABLE,False,organization; property; tenant/allotment/bed; time (month),"Window-bounded (p_from/p_to parameters, day-level)","State exactly: ""Not determinable from exported evidence."", plus what is missing.","Recommend an operational action on a BLOCK metric's disputed figure; the only recommendation available there is to resolve the conflict. Additionally: no estimate, no proxy metric, no zero-as-placeholder.",C.006;C.008,DQ.004,No exported output to validate against -- Not determinable from exported evidence whether a reconstruction matches production output.
decision_support_analyst,Decision-Support Analyst,M.OCC.004,Occupancy by bed,Operations,NOT_DETERMINABLE,False,organization; property; tenant/allotment/bed,"onboarding_date, actual_exit_date, day-range window [p_from,p_to] clamped to LEAST(p_to, CURRENT_DATE)","State exactly: ""Not determinable from exported evidence."", plus what is missing.","Recommend an operational action on a BLOCK metric's disputed figure; the only recommendation available there is to resolve the conflict. Additionally: no estimate, no proxy metric, no zero-as-placeholder.",C.008,,No exported output exists for either function at the per-bed grain.
decision_support_analyst,Decision-Support Analyst,M.TEN.001,Staying tenants,Operations,SAFE,True,organization; property; tenant/allotment/bed,Not applicable (current-state field),"State the value as the answer, with its evidence and validation status.",Recommend an operational action on a BLOCK metric's disputed figure; the only recommendation available there is to resolve the conflict.,,DQ.003,"H.013 allotment_status_rollup (validated: OCC.13, exact match, 168)."
decision_support_analyst,Decision-Support Analyst,M.TEN.002,On-Notice tenants,Operations,SAFE,True,organization; property; tenant/allotment/bed,Not applicable,"State the value as the answer, with its evidence and validation status.",Recommend an operational action on a BLOCK metric's disputed figure; the only recommendation available there is to resolve the conflict.,C.009,DQ.005,"H.011/H.013 (validated: OCC.14, exact match, 7; OCC.03/05 confirm the downstream defect)."
decision_support_analyst,Decision-Support Analyst,M.TEN.003,Booked beds,Operations,SAFE,True,organization; property; tenant/allotment/bed,Not applicable,"State the value as the answer, with its evidence and validation status.",Recommend an operational action on a BLOCK metric's disputed figure; the only recommendation available there is to resolve the conflict.,,,"F.022 v_active_tenants.booked_tenants (validated: OCC.11, exact match, 4); v_occupancy's booked column (validated: OCC construction consistent, 4)."
decision_support_analyst,Decision-Support Analyst,M.OCC.005,Historical occupancy,Operations,SHOW_BOTH,False,organization; property; tenant/allotment/bed,"onboarding_date, actual_exit_date, window-bounded",Present every competing definition and the spread between them. May explain why they differ; may NOT select one.,"Recommend an operational action on a BLOCK metric's disputed figure; the only recommendation available there is to resolve the conflict. Additionally: no single figure, no default definition, no average of the competing values, and no recommendation acting on a disputed number.",C.006;C.008,DQ.004,"H.012e (194/203, cross-referenced in OCC printout, not independently re-derived as a day-weighted calc in this pass's scripts -- the bed-set-membership check (S"
decision_support_analyst,Decision-Support Analyst,M.LIFE.001,Tenant lifecycle (staying_status sync),Operations,SAFE,True,organization; tenant/allotment/bed,created_at (tie-break only),"State the value as the answer, with its evidence and validation status.",Recommend an operational action on a BLOCK metric's disputed figure; the only recommendation available there is to resolve the conflict.,,,"Not independently re-executed in this pass's scripts (the derivation is a row-level trigger rule, not an aggregate to compare against a view) -- confidence is f"
decision_support_analyst,Decision-Support Analyst,M.LIFE.002,Move-ins,Operations,SAFE,True,organization; property; tenant/allotment/bed; time (month),onboarding_date,"State the value as the answer, with its evidence and validation status.",Recommend an operational action on a BLOCK metric's disputed figure; the only recommendation available there is to resolve the conflict.,,,"F.017 v_tenant_lifecycle_events (2204 rows, full population, exact SQL reproduced in business_logic.md 10.2; not independently re-executed as a row-count check "
decision_support_analyst,Decision-Support Analyst,M.LIFE.003,Move-outs,Operations,SAFE,True,organization; property; tenant/allotment/bed; time (month),actual_exit_date,"State the value as the answer, with its evidence and validation status.",Recommend an operational action on a BLOCK metric's disputed figure; the only recommendation available there is to resolve the conflict.,,,Same as M.LIFE.002.
decision_support_analyst,Decision-Support Analyst,M.LIFE.004,Exit reconciliation,Operations,SAFE,True,organization; property; tenant/allotment/bed,actual_exit_date,"State the value as the answer, with its evidence and validation status.",Recommend an operational action on a BLOCK metric's disputed figure; the only recommendation available there is to resolve the conflict.,C.001,,"F.027 v_exit_reconciliation_worklist (45 rows; not independently re-executed as a full reconstruction in this pass's scripts given its 8-way join complexity, bu"
decision_support_analyst,Decision-Support Analyst,M.MAINT.001,Maintenance volume,Operations,SAFE,True,organization; property; tenant/allotment/bed; time (month),created_at,"State the value as the answer, with its evidence and validation status.",Recommend an operational action on a BLOCK metric's disputed figure; the only recommendation available there is to resolve the conflict.,,DQ.027,"M.006 exact row count (1611, live table); H.019's 1613 figure (validated: MAINT.01/MAINT.01b, exact match AND mechanism proven)."
decision_support_analyst,Decision-Support Analyst,M.MAINT.002,Maintenance cost (2 paths),Operations,SAFE,True,organization; property; tenant/allotment/bed; time (month),Path A: maintenance_tickets.created_at (ticket creation month). Path B: expenses.expense_date.,"State the value as the answer, with its evidence and validation status.",Recommend an operational action on a BLOCK metric's disputed figure; the only recommendation available there is to resolve the conflict.,C.023,DQ.027;DQ.034,"F.015 v_maintenance_metrics (validated: MAINT.02, exact match Rs.28,796.00); F.016 v_maintenance_by_issue_type (validated: MAINT.03/04, exact match, 15 resolved"
decision_support_analyst,Decision-Support Analyst,M.EB.001,EB/electricity usage and cost,Operations,DISCLOSE,True,organization; property; tenant/allotment/bed; time (month),"electricity_readings.billing_month (TEXT, 'Mon-YY' format -- see Known limitations); eb_payments.bill_date (a real DATE ","State the value, with the documented caveat carried alongside it.",Recommend an operational action on a BLOCK metric's disputed figure; the only recommendation available there is to resolve the conflict. Additionally: the caveat may not be dropped for brevity.,,DQ.021;DQ.028,"Format-mismatch fully re-verified in this pass (validate_eb.py EB.03-07, all exact matches to the 0%/100% pattern); eb_payments 2-month coverage re-verified (EB"
decision_support_analyst,Decision-Support Analyst,M.EB.002,EB tenant allocation,Operations,DISCLOSE,True,organization; property; tenant/allotment/bed; time (month),"billing_month (TEXT, 'Mon-YY' format -- same DQ.028 defect as M.EB.001)","State the value, with the documented caveat carried alongside it.",Recommend an operational action on a BLOCK metric's disputed figure; the only recommendation available there is to resolve the conflict. Additionally: the caveat may not be dropped for brevity.,,DQ.028,"Formula verification (validated: EB.01/EB.02, both 801/801 exact matches -- upgraded from business_logic.md's original 5-row spot-check to a full-population pro"
decision_support_analyst,Decision-Support Analyst,M.RISK.001,Outstanding dues,Risk & Data Quality,BLOCK,False,organization; property; tenant/allotment/bed,See M.AR.001A-D,"Explain why no single figure exists, present each definition separately, and surface the owner decision. May NOT state a headline figure.","Recommend an operational action on a BLOCK metric's disputed figure; the only recommendation available there is to resolve the conflict. Additionally: no single figure, no default definition, no average of the competing values, and no recommendation acting on a disputed number.",C.001;C.003;C.005,DQ.002;DQ.019,Same as M.AR.001A-D.
decision_support_analyst,Decision-Support Analyst,M.RISK.002,Aging,Risk & Data Quality,DISCLOSE,True,organization; property; tenant/allotment/bed,"CURRENT_DATE - entry_date (bucket boundary), entry_date (charge date itself)","State the value, with the documented caveat carried alongside it.",Recommend an operational action on a BLOCK metric's disputed figure; the only recommendation available there is to resolve the conflict. Additionally: the caveat may not be dropped for brevity.,C.019,DQ.018;DQ.036,Not independently re-executed in this pass's scripts (a snapshot-dependent calculation cannot be meaningfully re-validated against a frozen export without first
decision_support_analyst,Decision-Support Analyst,M.RISK.003,Deposit risk,Risk & Data Quality,DISCLOSE,True,organization; property; tenant/allotment/bed,"Various (settlement_date, actual_exit_date)","State the value, with the documented caveat carried alongside it.",Recommend an operational action on a BLOCK metric's disputed figure; the only recommendation available there is to resolve the conflict. Additionally: the caveat may not be dropped for brevity.,,DQ.011;DQ.012;DQ.035,"H.045 (validated: DEP.06, exact match, 32); H.046 (not independently re-executed as a full 3-way anomaly reconstruction in this pass's scripts, given its comple"
decision_support_analyst,Decision-Support Analyst,M.RISK.004,Phantom deposits,Risk & Data Quality,DISCLOSE,True,organization; property; tenant/allotment/bed,Not applicable (current-state check),"State the value, with the documented caveat carried alongside it.",Recommend an operational action on a BLOCK metric's disputed figure; the only recommendation available there is to resolve the conflict. Additionally: the caveat may not be dropped for brevity.,,DQ.011;DQ.035,"H.045 v_diag_deposit_phantom (validated: DEP.06, exact match, 32 allotments); amount at risk (validated: DEP.07, Rs.722,700.00 -- a NEW figure, H.045 does not e"
decision_support_analyst,Decision-Support Analyst,M.RISK.005,Duplicate invoices,Risk & Data Quality,DISCLOSE,True,organization; property; tenant/allotment/bed; time (month),Not applicable to the grouping itself (billing_month is the grouping key),"State the value, with the documented caveat carried alongside it.",Recommend an operational action on a BLOCK metric's disputed figure; the only recommendation available there is to resolve the conflict. Additionally: the caveat may not be dropped for brevity.,C.020,DQ.013,"H.055 duplicate_invoices (validated: DQ.013/DQ.013b in validate_data_quality.py, exact match, 322 groups / 356 excess rows -- independently re-derived from raw "
decision_support_analyst,Decision-Support Analyst,M.RISK.006,Duplicate receipts,Risk & Data Quality,DISCLOSE,True,organization; property; tenant/allotment/bed,"detected_at (single value, not a range)","State the value, with the documented caveat carried alongside it.",Recommend an operational action on a BLOCK metric's disputed figure; the only recommendation available there is to resolve the conflict. Additionally: the caveat may not be dropped for brevity.,C.018;C.020,DQ.014,Not independently re-executed as a fresh detection pass in this pass's scripts (the 9-group/23-id/11-live cross-check was performed and confirmed during the con
decision_support_analyst,Decision-Support Analyst,M.RISK.007,Overlapping allotments,Risk & Data Quality,DISCLOSE,True,organization; property; tenant/allotment/bed,"onboarding_date, actual_exit_date","State the value, with the documented caveat carried alongside it.",Recommend an operational action on a BLOCK metric's disputed figure; the only recommendation available there is to resolve the conflict. Additionally: the caveat may not be dropped for brevity.,,DQ.003,"H.056 overlapping_allotments (validated: DQ.003 in validate_data_quality.py, DIFFERS: 214 reconstructed vs 187 reference, ~14% higher, explained by boundary-con"
decision_support_analyst,Decision-Support Analyst,M.RISK.008,Ledger/source reconciliation,Risk & Data Quality,DISCLOSE,True,organization; property; tenant/allotment/bed,See each component metric,"State the value, with the documented caveat carried alongside it.",Recommend an operational action on a BLOCK metric's disputed figure; the only recommendation available there is to resolve the conflict. Additionally: the caveat may not be dropped for brevity.,C.014;C.015;C.016,DQ.006;DQ.007;DQ.008,"All three independently re-derived and exact-matched to H.001 in this pass (COLL.02, and the invoice/deposit equivalents referenced in M.INV.001/M.DEP.002)."
decision_support_analyst,Decision-Support Analyst,M.RISK.009,Data-quality score / trust status,Risk & Data Quality,SAFE,True,tenant/allotment/bed,Not applicable,"State the value as the answer, with its evidence and validation status.",Recommend an operational action on a BLOCK metric's disputed figure; the only recommendation available there is to resolve the conflict.,,,Self-validating: this document's closing summary counts are derived directly from metric_registry.csv.
risk_dq_analyst,Risk / Data-Quality Analyst,M.RISK.001,Outstanding dues,Risk & Data Quality,BLOCK,False,organization; property; tenant/allotment/bed,See M.AR.001A-D,"Explain why no single figure exists, present each definition separately, and surface the owner decision. May NOT state a headline figure.","Manufacture urgency for a LOW/INFORMATIONAL finding (ai_agent_roles.md 2, Insight Generator). Additionally: no single figure, no default definition, no average of the competing values, and no recommendation acting on a disputed number.",C.001;C.003;C.005,DQ.002;DQ.019,Same as M.AR.001A-D.
risk_dq_analyst,Risk / Data-Quality Analyst,M.RISK.002,Aging,Risk & Data Quality,DISCLOSE,True,organization; property; tenant/allotment/bed,"CURRENT_DATE - entry_date (bucket boundary), entry_date (charge date itself)","State the value, with the documented caveat carried alongside it.","Manufacture urgency for a LOW/INFORMATIONAL finding (ai_agent_roles.md 2, Insight Generator). Additionally: the caveat may not be dropped for brevity.",C.019,DQ.018;DQ.036,Not independently re-executed in this pass's scripts (a snapshot-dependent calculation cannot be meaningfully re-validated against a frozen export without first
risk_dq_analyst,Risk / Data-Quality Analyst,M.RISK.003,Deposit risk,Risk & Data Quality,DISCLOSE,True,organization; property; tenant/allotment/bed,"Various (settlement_date, actual_exit_date)","State the value, with the documented caveat carried alongside it.","Manufacture urgency for a LOW/INFORMATIONAL finding (ai_agent_roles.md 2, Insight Generator). Additionally: the caveat may not be dropped for brevity.",,DQ.011;DQ.012;DQ.035,"H.045 (validated: DEP.06, exact match, 32); H.046 (not independently re-executed as a full 3-way anomaly reconstruction in this pass's scripts, given its comple"
risk_dq_analyst,Risk / Data-Quality Analyst,M.RISK.004,Phantom deposits,Risk & Data Quality,DISCLOSE,True,organization; property; tenant/allotment/bed,Not applicable (current-state check),"State the value, with the documented caveat carried alongside it.","Manufacture urgency for a LOW/INFORMATIONAL finding (ai_agent_roles.md 2, Insight Generator). Additionally: the caveat may not be dropped for brevity.",,DQ.011;DQ.035,"H.045 v_diag_deposit_phantom (validated: DEP.06, exact match, 32 allotments); amount at risk (validated: DEP.07, Rs.722,700.00 -- a NEW figure, H.045 does not e"
risk_dq_analyst,Risk / Data-Quality Analyst,M.RISK.005,Duplicate invoices,Risk & Data Quality,DISCLOSE,True,organization; property; tenant/allotment/bed; time (month),Not applicable to the grouping itself (billing_month is the grouping key),"State the value, with the documented caveat carried alongside it.","Manufacture urgency for a LOW/INFORMATIONAL finding (ai_agent_roles.md 2, Insight Generator). Additionally: the caveat may not be dropped for brevity.",C.020,DQ.013,"H.055 duplicate_invoices (validated: DQ.013/DQ.013b in validate_data_quality.py, exact match, 322 groups / 356 excess rows -- independently re-derived from raw "
risk_dq_analyst,Risk / Data-Quality Analyst,M.RISK.006,Duplicate receipts,Risk & Data Quality,DISCLOSE,True,organization; property; tenant/allotment/bed,"detected_at (single value, not a range)","State the value, with the documented caveat carried alongside it.","Manufacture urgency for a LOW/INFORMATIONAL finding (ai_agent_roles.md 2, Insight Generator). Additionally: the caveat may not be dropped for brevity.",C.018;C.020,DQ.014,Not independently re-executed as a fresh detection pass in this pass's scripts (the 9-group/23-id/11-live cross-check was performed and confirmed during the con
risk_dq_analyst,Risk / Data-Quality Analyst,M.RISK.007,Overlapping allotments,Risk & Data Quality,DISCLOSE,True,organization; property; tenant/allotment/bed,"onboarding_date, actual_exit_date","State the value, with the documented caveat carried alongside it.","Manufacture urgency for a LOW/INFORMATIONAL finding (ai_agent_roles.md 2, Insight Generator). Additionally: the caveat may not be dropped for brevity.",,DQ.003,"H.056 overlapping_allotments (validated: DQ.003 in validate_data_quality.py, DIFFERS: 214 reconstructed vs 187 reference, ~14% higher, explained by boundary-con"
risk_dq_analyst,Risk / Data-Quality Analyst,M.RISK.008,Ledger/source reconciliation,Risk & Data Quality,DISCLOSE,True,organization; property; tenant/allotment/bed,See each component metric,"State the value, with the documented caveat carried alongside it.","Manufacture urgency for a LOW/INFORMATIONAL finding (ai_agent_roles.md 2, Insight Generator). Additionally: the caveat may not be dropped for brevity.",C.014;C.015;C.016,DQ.006;DQ.007;DQ.008,"All three independently re-derived and exact-matched to H.001 in this pass (COLL.02, and the invoice/deposit equivalents referenced in M.INV.001/M.DEP.002)."
risk_dq_analyst,Risk / Data-Quality Analyst,M.RISK.009,Data-quality score / trust status,Risk & Data Quality,SAFE,True,tenant/allotment/bed,Not applicable,"State the value as the answer, with its evidence and validation status.","Manufacture urgency for a LOW/INFORMATIONAL finding (ai_agent_roles.md 2, Insight Generator).",,,Self-validating: this document's closing summary counts are derived directly from metric_registry.csv.
