allotment_id,organization_id,staying_status,actual_exit_date,def1_allotment_balance_due,def2_tenant_transactions,def3_ledger_incl_reversals,def4_ledger_excl_reversals,drift_app_vs_ledger
29309a70-09a1-4c35-b877-ca27b04ec436,00000000-0000-0000-0000-000000000001,Staying,null,0,-33292.87,-52801.15,-52801.15,52801.15
14ec7431-95a9-40c9-b35f-afa87c3bd8fc,00000000-0000-0000-0000-000000000001,Exited,2024-10-01,33641,null,0.00,null,33641
20d5e9a6-73cd-4f5f-9b27-ba9a13e7864e,00000000-0000-0000-0000-000000000001,Staying,null,27930,0,0.00,0.00,27930.00
86f462a2-856c-4214-90c9-478d801f7838,00000000-0000-0000-0000-000000000001,Exited,2026-01-06,26582,2250,0.00,0.00,26582.00
3e77d5cd-7102-4a50-a5a1-f77aced5ebb8,00000000-0000-0000-0000-000000000001,Exited,2026-07-01,22653,null,0.00,0.00,22653.00
78f157e9-bdd7-480f-9648-2b00b519de3c,00000000-0000-0000-0000-000000000001,Exited,2026-01-10,0,-21750,-21750.00,-21750.00,21750.00
8a561990-e50b-4b93-b48e-7ee8bf0fbc67,00000000-0000-0000-0000-000000000001,Exited,2024-08-31,26876,26876,5126.00,5126.00,21750.00
9353da56-208c-4158-959f-29d5aee289f3,00000000-0000-0000-0000-000000000001,Exited,2024-12-23,20692,20692.00,-1058.00,-1058.00,21750.00
ed381183-4ca6-4302-84bc-e1e05958ed09,00000000-0000-0000-0000-000000000001,Exited,2026-06-30,20850,0,0.00,0.00,20850.00
f312b2ae-7f10-492c-9287-54120aec2b40,00000000-0000-0000-0000-000000000001,Exited,2026-05-30,20490,0,0.00,0.00,20490.00
6d852880-001e-41ee-b447-e94c58384795,00000000-0000-0000-0000-000000000001,Exited,2026-07-31,20086,0,0.00,0.00,20086.00
d2cd92f7-dd23-41a8-a665-1d8e656732e6,00000000-0000-0000-0000-000000000001,Exited,2026-06-05,19620,0,0.00,0.00,19620.00
dad1b29f-8aff-47de-904a-221021ab7353,00000000-0000-0000-0000-000000000001,Staying,null,19500,null,0.00,0.00,19500.00
e365af46-795b-4530-ae58-60e0e516d232,00000000-0000-0000-0000-000000000001,Staying,null,19500,null,0.00,0.00,19500.00
56e6630d-239f-4544-99e4-87ae533ed05a,00000000-0000-0000-0000-000000000001,Exited,2026-06-30,19476,-1000,0.00,0.00,19476.00
3aabe842-7390-4208-9bde-936af6f8b658,00000000-0000-0000-0000-000000000001,Exited,2026-08-25,18938,0,0.00,0.00,18938.00
8cada743-d341-4211-b2f2-094d551e9ef3,00000000-0000-0000-0000-000000000001,Exited,2026-08-21,20517,-18373,2144.00,2144.00,18373.00
d6b9850d-fe17-4c67-b36f-05e0bc58188b,00000000-0000-0000-0000-000000000001,Exited,2026-06-30,18324,null,0.00,0.00,18324.00
288569c1-8892-451c-ae1f-6ccf0c41daa4,00000000-0000-0000-0000-000000000001,Staying,null,0,0,-18077.00,-18077.00,18077.00
0da14d53-61b8-4b58-b20e-46f13ee71f42,00000000-0000-0000-0000-000000000001,Exited,2026-06-13,17750,0,0.00,0.00,17750.00
9af60a9e-6b26-4092-a74d-63db07835fca,00000000-0000-0000-0000-000000000001,Exited,2026-05-01,17750,null,0.00,0.00,17750.00
4b303935-cf4d-4555-a274-6c5947063ef3,00000000-0000-0000-0000-000000000001,Exited,2026-06-19,16943,0,0.00,0.00,16943.00
aabe391a-b8fc-4f8b-9b7c-414468bc4d54,00000000-0000-0000-0000-000000000001,Exited,2026-07-26,16840,null,0.00,0.00,16840.00
e6357f5c-05c6-4829-9508-d39b4be473cf,00000000-0000-0000-0000-000000000001,Exited,2026-07-20,16520,null,0.00,0.00,16520.00
8872ba1f-ebbe-4b26-b0c9-a5b330c229f7,00000000-0000-0000-0000-000000000001,Exited,2026-07-18,16146,null,0.00,0.00,16146.00
452510c9-42bd-481f-b8df-4cfcdf59bb2f,00000000-0000-0000-0000-000000000001,Staying,null,16080,1000,0.00,0.00,16080.00
f775eabb-5fcf-4725-8ffa-808159d48485,00000000-0000-0000-0000-000000000001,Exited,2026-06-01,15690,6145,0.00,0.00,15690.00
047e4ff5-1a8d-4524-801a-60c70f28caf8,00000000-0000-0000-0000-000000000001,Exited,2026-08-01,15650,null,0.00,0.00,15650.00
323a69fe-46d3-4b0d-b2ea-a768741e7f3e,00000000-0000-0000-0000-000000000001,Staying,null,15500,null,0.00,0.00,15500.00
f45d9f5f-f04f-4a35-88cd-5579e5341445,00000000-0000-0000-0000-000000000001,Staying,null,15500,null,0.00,0.00,15500.00
86bbf62d-82b7-4d2d-85bc-ff008b7dc293,00000000-0000-0000-0000-000000000001,Staying,null,15000,null,0.00,0.00,15000.00
2a75ba7a-e5ca-4409-ae0f-8efe8993c4ea,00000000-0000-0000-0000-000000000001,Exited,2026-05-15,14605,0,0.00,0.00,14605.00
5d25f43a-c0a9-4111-b201-e334553b2899,00000000-0000-0000-0000-000000000001,Exited,2026-08-14,14574,null,0.00,0.00,14574.00
2fc943d9-a0cd-49f1-95bf-dd2e5aa0bf3d,00000000-0000-0000-0000-000000000001,Cancelled,null,14500,null,null,null,14500
c27e2530-59cb-4fcf-9950-ddbc7703f3ee,00000000-0000-0000-0000-000000000001,Staying,null,14500,null,0.00,0.00,14500.00
daa4363b-15ef-406b-adb8-5451eb652e2d,00000000-0000-0000-0000-000000000001,Staying,null,0,-11969,-13969.00,-13969.00,13969.00
b158eb96-519d-492e-9c1c-6a34701ba7e6,00000000-0000-0000-0000-000000000001,Staying,null,0,null,-13500.00,-13500.00,13500.00
2df3f295-89b0-4f4b-a539-ea4fcd1c8df3,00000000-0000-0000-0000-000000000001,Exited,2023-11-18,13355,null,0.00,null,13355
9ffe9701-32ac-461a-b5a1-8bb653d34a4b,00000000-0000-0000-0000-000000000001,Exited,2026-06-15,13199,100,0.00,0.00,13199.00
7e0d9e6f-f4ea-425d-9869-e4649eabffab,00000000-0000-0000-0000-000000000001,Staying,null,0,null,-13065.00,-13065.00,13065.00
d0b11ad6-7841-48cf-82cb-55e373063fac,00000000-0000-0000-0000-000000000001,Exited,2026-06-08,13000,0,0.00,0.00,13000.00
052eaacd-614f-4cac-8bee-618b1549c36d,00000000-0000-0000-0000-000000000001,Exited,2026-07-28,1,null,11999.00,11999.00,-11998.00
ddc84784-c683-4996-b4e4-d17137b9a82d,00000000-0000-0000-0000-000000000001,Exited,2026-07-31,6728,null,-5126.00,-5126.00,11854.00
5a78509d-339f-4045-a024-d2fe14b0f8b6,00000000-0000-0000-0000-000000000001,Exited,2026-07-25,11054.449999999997,null,0.00,0.00,11054.449999999997
fafe913c-97b3-41f6-b828-d278cd6b473d,00000000-0000-0000-0000-000000000001,Exited,2026-07-07,10837,0,0.00,0.00,10837.00
fd43045b-00f1-45a8-9961-b318b8081c9f,00000000-0000-0000-0000-000000000001,Staying,null,10500,null,0.00,0.00,10500.00
2cbbaf40-cfba-4ec9-93dd-f9cab8685a47,00000000-0000-0000-0000-000000000001,Staying,null,0,null,9920.00,9920.00,-9920.00
f28f5c69-2c4a-4fee-ac51-5e0607c7ecc4,00000000-0000-0000-0000-000000000001,Staying,null,0,null,9759.00,9759.00,-9759.00
6a5f9ba5-2140-430d-899f-6de542663df3,00000000-0000-0000-0000-000000000001,Exited,2026-08-18,0,null,-9493.00,-9493.00,9493.00
edccd11e-94f9-462f-b112-ac7a25e14c27,00000000-0000-0000-0000-000000000001,Exited,2026-07-17,0,null,-9429.00,-9429.00,9429.00
9d8d4a1e-75b6-41fa-9add-21e6b87958b7,00000000-0000-0000-0000-000000000001,Exited,2026-06-23,9195,null,0.00,0.00,9195.00
31a1c073-bb44-4019-8548-0c5a8114de7b,00000000-0000-0000-0000-000000000001,Staying,null,15540,0,6584.00,6584.00,8956.00
a592d732-fe7f-4bfa-841d-7433e477f43e,00000000-0000-0000-0000-000000000001,Exited,2026-07-29,8573,0,0.00,0.00,8573.00
014f81be-2724-4302-8681-1c89fa734cce,00000000-0000-0000-0000-000000000001,Exited,2026-07-06,8259.020000000019,17577.03,0.00,0.00,8259.020000000019
3359585a-5168-44d0-8c31-fe926dcaa27e,00000000-0000-0000-0000-000000000001,Exited,2026-06-28,7655,null,0.00,0.00,7655.00
45f06c81-d7ff-4111-a873-a9531d7c18b2,00000000-0000-0000-0000-000000000001,Exited,2026-08-03,0,null,-7500.00,-7500.00,7500.00
d90be848-529b-49b3-ad05-997993e57c0a,00000000-0000-0000-0000-000000000001,Exited,2026-09-06,2250,null,9750.00,9750.00,-7500.00
c5047a0f-6374-4758-87f4-9afa4ef861b8,00000000-0000-0000-0000-000000000001,Exited,2026-07-02,7477,null,0.00,0.00,7477.00
da786425-8bf1-4da0-b417-6371476a7bfe,00000000-0000-0000-0000-000000000001,Exited,2026-07-02,7477,null,0.00,0.00,7477.00
05a7138b-3291-401c-b2bf-28981d85d111,00000000-0000-0000-0000-000000000001,Exited,2026-05-29,6598.319999999949,755.32,0.00,0.00,6598.319999999949
6ca3eea4-73dc-4e3e-809a-bc43ca4d4e08,00000000-0000-0000-0000-000000000001,Staying,null,0,null,6573.00,6573.00,-6573.00
a6a2c8c9-399e-49c5-bc51-3f362c903208,00000000-0000-0000-0000-000000000001,Exited,2026-07-22,0,null,-6573.00,-6573.00,6573.00
1a8854ae-648e-4d46-afb7-3ddbf102976d,00000000-0000-0000-0000-000000000001,Staying,null,6500,null,0.00,0.00,6500.00
6b62e693-85c9-473d-a3a5-e0329b7dba62,00000000-0000-0000-0000-000000000001,Exited,2026-06-01,0,null,-5798.00,-5798.00,5798.00
deef0c83-4c8c-46e7-bbae-139905f81a3c,00000000-0000-0000-0000-000000000001,Exited,2026-08-08,10247,null,16045.00,16045.00,-5798.00
4c47b9e1-78f5-473f-99e9-31c4da4f0f0d,00000000-0000-0000-0000-000000000001,Exited,2026-05-17,0,null,-5579.00,-5579.00,5579.00
a6efc369-3910-43e4-b870-b5daf647ecd8,00000000-0000-0000-0000-000000000001,Staying,null,0,null,5579.00,5579.00,-5579.00
4423cb72-755e-42c0-8b73-0855bef4f660,00000000-0000-0000-0000-000000000001,Exited,2026-06-30,5133,null,0.00,0.00,5133.00
63c00eb8-28c7-4176-a247-574b0ca40a4c,00000000-0000-0000-0000-000000000001,Exited,2026-07-22,0,null,-4788.00,-4788.00,4788.00
cd9ca88a-0864-48e3-b8e7-296f64e06185,00000000-0000-0000-0000-000000000001,Exited,2026-07-22,0,null,-4788.00,-4788.00,4788.00
56b0ee82-1177-443e-8a50-b939786d1aad,00000000-0000-0000-0000-000000000001,Exited,2026-05-31,4606,0,0.00,0.00,4606.00
4eb2b3b6-d5de-4190-81ab-e563885218a3,00000000-0000-0000-0000-000000000001,Exited,2026-07-18,4296,null,0.00,0.00,4296.00
fea05c11-59c1-4026-b397-4565e58eca15,00000000-0000-0000-0000-000000000001,Exited,2026-07-18,4296,null,0.00,0.00,4296.00
0299869f-22a5-4429-95e8-27424b5d4291,00000000-0000-0000-0000-000000000001,Exited,2026-06-30,4269,0,0.00,0.00,4269.00
8db9e51a-5204-4143-a5a0-086b8cd03403,00000000-0000-0000-0000-000000000001,Exited,2026-08-02,4229,0,0.00,0.00,4229.00
e1603fed-7593-4717-b5a0-f63c1e03483e,00000000-0000-0000-0000-000000000001,Staying,null,0,null,4210.00,4210.00,-4210.00
ed99994f-80a9-48cc-afab-45db09c246e1,00000000-0000-0000-0000-000000000001,Exited,2026-05-23,0,0,-4210.00,-4210.00,4210.00
16ba7f9b-b61c-4fb6-a957-8fdf8bf58876,00000000-0000-0000-0000-000000000001,Exited,2026-02-02,5239,-126,1125.00,1125.00,4114.00
af516c5e-d805-42d6-b74d-de67dc41d376,00000000-0000-0000-0000-000000000001,Exited,2026-06-30,3810,null,0.00,0.00,3810.00
af77c84c-c34c-43ff-a61d-62b390f12d3f,00000000-0000-0000-0000-000000000001,Staying,null,0,null,3640.00,3640.00,-3640.00
e02f5ad1-ec73-468d-8cb6-27d54cb62b81,00000000-0000-0000-0000-000000000001,Staying,null,0,null,3640.00,3640.00,-3640.00
3394785d-ad9b-442e-9c87-3ab4f47b1876,00000000-0000-0000-0000-000000000001,Staying,null,0,0,3534.00,3534.00,-3534.00
feeb7a13-1e0e-4b17-9b0a-a9c7fa648c23,00000000-0000-0000-0000-000000000001,Staying,null,0,null,3388.00,3388.00,-3388.00
ca1e5c59-fbe8-4786-b241-43233c852dc1,00000000-0000-0000-0000-000000000001,Staying,null,0,null,3238.00,3238.00,-3238.00
d507ffac-5fb5-480b-b385-262ca3ff3224,00000000-0000-0000-0000-000000000001,Exited,2026-07-28,0,null,-3238.00,-3238.00,3238.00
91e9c4a4-cf9f-4ea2-bbce-8ca8d01150ff,00000000-0000-0000-0000-000000000001,Staying,null,476,0,3576.00,3576.00,-3100.00
3aaba622-f423-48be-b5c5-5516fd1498a3,00000000-0000-0000-0000-000000000001,Exited,2026-07-01,0,0,2360.00,2360.00,-2360.00
74d85a8c-cf99-492c-8656-d7bb8666ae7c,00000000-0000-0000-0000-000000000001,Staying,null,0,null,-2360.00,-2360.00,2360.00
d5a55ceb-f139-4b56-a3ff-5b9dc493a76d,00000000-0000-0000-0000-000000000001,Staying,null,0,null,-2346.00,-2346.00,2346.00
30d902fd-ac49-49ee-9adc-50287807f836,00000000-0000-0000-0000-000000000001,Exited,2026-08-26,0,null,-2300.00,-2300.00,2300.00
ac6b528f-3e64-4f40-a65a-a073b663edd0,00000000-0000-0000-0000-000000000001,Exited,2026-07-15,2259,0,0.00,0.00,2259.00
6f08860a-522c-400d-b39a-2c974ff6f3cf,00000000-0000-0000-0000-000000000001,Exited,2026-08-05,0,null,-2168.00,-2168.00,2168.00
d06e259b-0f3f-4c09-bc77-00ec39ab5924,00000000-0000-0000-0000-000000000001,Staying,null,0,-8413,2124.00,2124.00,-2124.00
da5e646c-ad64-4c61-a484-163e722c0791,00000000-0000-0000-0000-000000000001,Exited,2023-08-10,0,-2124,-2124.00,-2124.00,2124.00
f848c7a4-dbda-4fab-8678-376064453b2f,00000000-0000-0000-0000-000000000001,Exited,2025-12-08,0,-2000,-2000.00,-2000.00,2000.00
a089c1bf-e6c1-4700-b4bd-52304e5c006f,00000000-0000-0000-0000-000000000001,Staying,null,0,0,1984.00,1984.00,-1984.00
cdbd0a31-d685-4189-af7e-25c08d80399b,00000000-0000-0000-0000-000000000001,Staying,null,0,0,1984.00,1984.00,-1984.00
e053e915-af46-443c-ae72-9afc7fde4294,00000000-0000-0000-0000-000000000001,Exited,2026-05-23,1955,0,0.00,0.00,1955.00
89e38df1-f4a2-4e81-9bff-b1f27d37faeb,00000000-0000-0000-0000-000000000001,Exited,2026-01-31,0,-1630,-1630.00,-1630.00,1630.00
f56bff0c-85b6-4ece-9597-a0712f4e6908,00000000-0000-0000-0000-000000000001,Exited,2026-05-18,1618.8800000000047,-392,0.00,0.00,1618.8800000000047
4f2cdcfa-282c-461d-84f8-aefe0567d4f0,00000000-0000-0000-0000-000000000001,Exited,2026-08-21,1595,null,0.00,0.00,1595.00
de3fc75a-dc8c-4bfb-b959-494a94a5d287,00000000-0000-0000-0000-000000000001,Exited,2026-08-05,0,-310,-1310.00,-1310.00,1310.00
53e90bf9-8b82-4fc9-ac46-406163bf802d,00000000-0000-0000-0000-000000000001,Exited,2026-08-24,0,null,1058.00,1058.00,-1058.00
9a5c2a4d-3f8a-401f-b8aa-d0410e196176,00000000-0000-0000-0000-000000000001,On-Notice,null,0,null,-1000.00,-1000.00,1000.00
a7aee36f-3d41-45fa-b6f5-99d3affc290c,00000000-0000-0000-0000-000000000001,Staying,null,0,null,-1000.00,-1000.00,1000.00
d7709bd6-1161-44ae-9f91-65c23c49cd71,00000000-0000-0000-0000-000000000001,Exited,2025-08-06,1000,1000,0.00,0.00,1000.00
dcb00194-e35e-4017-87a5-7a1ce16e1022,00000000-0000-0000-0000-000000000001,Exited,2025-03-13,1000,0,0.00,0.00,1000.00
70452c2a-f59d-452c-8eae-71979521ff54,00000000-0000-0000-0000-000000000001,Exited,2026-07-01,0,null,967.00,967.00,-967.00
69341b56-d4c0-4a38-b844-4f3ad2d6221a,00000000-0000-0000-0000-000000000001,Exited,2026-08-21,0,null,956.00,956.00,-956.00
bbdf0229-85be-4048-ad84-553cde28b461,00000000-0000-0000-0000-000000000001,Exited,2026-07-19,0,null,805.00,805.00,-805.00
1b8d196c-a429-4d7f-823b-82a43769d60d,00000000-0000-0000-0000-000000000001,Staying,null,0,-750,-750.00,-750.00,750.00
72d8dd8f-6a7e-4de5-a46c-ed0f808c288f,00000000-0000-0000-0000-000000000001,Exited,2024-04-30,750,750,0.00,0.00,750.00
f70dca28-1fc9-495a-aa3b-8966f09e7f57,00000000-0000-0000-0000-000000000001,Staying,null,0,null,-743.00,-743.00,743.00
592a7c03-06e9-4111-b881-3d5ee4a5cfd8,00000000-0000-0000-0000-000000000001,Staying,null,0,null,-616.00,-616.00,616.00
32d53862-5d4f-46ee-a5d3-3372c75389c1,00000000-0000-0000-0000-000000000001,Staying,null,0,null,609.00,609.00,-609.00
481d5ba9-f2ad-47b5-85a8-606cab8e96c1,00000000-0000-0000-0000-000000000001,Exited,2026-07-01,0,null,-609.00,-609.00,609.00
d700c1e9-4564-4c4d-a800-2b6d68e962f7,00000000-0000-0000-0000-000000000001,Staying,null,0,0,-400.00,-400.00,400.00
4e78638f-65ec-472b-9991-cea4565d4ea7,00000000-0000-0000-0000-000000000001,Exited,2026-01-09,391.88,391.88,0.00,0.00,391.88
3cabe0f9-bb7f-492b-b069-bfa191e91033,00000000-0000-0000-0000-000000000001,On-Notice,null,0,null,-386.00,-386.00,386.00
5c326c75-6587-41cb-a153-ab42deb95efc,00000000-0000-0000-0000-000000000001,Exited,2026-07-23,0,null,386.00,386.00,-386.00
3307b426-235b-4385-ad78-af773e1b6ce6,00000000-0000-0000-0000-000000000001,Staying,null,0,null,-373.00,-373.00,373.00
10d5e601-b052-4ea6-95c3-6f3df1f0d8cc,00000000-0000-0000-0000-000000000001,Staying,null,2,null,-356.00,-356.00,358.00
349077f2-398a-4e69-9dd0-86494973ad4d,00000000-0000-0000-0000-000000000001,Staying,null,0,null,-354.00,-354.00,354.00
28420725-90ac-4266-842b-9b183a97b3ff,00000000-0000-0000-0000-000000000001,Staying,null,0,null,-300.00,-300.00,300.00
44af6e31-36ec-4fca-846f-d7b1dd70b150,00000000-0000-0000-0000-000000000001,Staying,null,0,null,-289.00,-289.00,289.00
d0e05b52-a5c4-4085-a2d8-ce3ef7c5c49d,00000000-0000-0000-0000-000000000001,Exited,2026-08-05,14533,null,14267.00,14267.00,266.00
e539d7d2-d820-4b38-91a1-a6971b11b072,00000000-0000-0000-0000-000000000001,Staying,null,0,null,-265.00,-265.00,265.00
eeb747fd-a4c0-4097-a86f-55f604dadabe,00000000-0000-0000-0000-000000000001,Exited,2026-07-28,0,null,133.00,133.00,-133.00
1d8b2085-b87b-4a65-a8c6-ee6b287ba381,00000000-0000-0000-0000-000000000001,Staying,null,0,null,130.00,130.00,-130.00
99eb3f32-d53e-4470-ab2a-09ed6e9b3872,00000000-0000-0000-0000-000000000001,Staying,null,0,0,130.00,130.00,-130.00
53bd63b6-67b1-4de6-94a4-66b940e4e20a,00000000-0000-0000-0000-000000000001,Staying,null,0,0,10.00,10.00,-10.00
bdc2c4ae-b9b2-4aa7-b8bd-01fdd0145e27,00000000-0000-0000-0000-000000000001,Staying,null,0,-8000,-3.00,-3.00,3.00
2c97d0a2-8c5a-49ab-a12c-e9aeaa347808,00000000-0000-0000-0000-000000000001,On-Notice,null,1,null,0.00,0.00,1.00
403fd948-6055-496f-bf65-b5f1c7f8ab55,00000000-0000-0000-0000-000000000001,Staying,null,1,null,0.00,0.00,1.00
66d111c1-cc43-45d5-a2c0-be03b4449aeb,00000000-0000-0000-0000-000000000001,Staying,null,1,null,0.00,0.00,1.00
81960dab-ecf9-49d3-af4d-cae4502c1e9e,00000000-0000-0000-0000-000000000001,Staying,null,1,null,0.00,0.00,1.00
9494194d-43c9-47ad-8402-0c22cde7b00f,00000000-0000-0000-0000-000000000001,Staying,null,1,null,0.00,0.00,1.00
bcffd7fb-53a0-457f-9d14-6d9ef2bbf48b,00000000-0000-0000-0000-000000000001,Staying,null,0,null,-1.00,-1.00,1.00
cb8517a4-2c13-42bf-b7c0-95130bfd7275,00000000-0000-0000-0000-000000000001,Staying,null,1,null,0.00,0.00,1.00
f08f0b98-4740-41e3-9fb3-cdc9d4e943cc,00000000-0000-0000-0000-000000000001,Staying,null,1,null,0.00,0.00,1.00
9c588654-a04c-4dad-9514-9aff226de468,00000000-0000-0000-0000-000000000001,Exited,2026-07-21,0.7399999999906868,-0.26,0.00,0.00,0.7399999999906868
6a566076-355d-47b3-840f-1ddcb740c496,00000000-0000-0000-0000-000000000001,Exited,2026-01-09,0.43,-999.57,0.00,0.00,0.43
62887698-aebf-475f-9c98-0a212110dd24,00000000-0000-0000-0000-000000000001,Staying,null,0.06,0.06,0.00,0.00,0.06
00146a12-cb97-4344-9cc3-21185f78e2be,00000000-0000-0000-0000-000000000001,Exited,2025-05-02,0,6575,null,null,0
001e7f96-d222-478b-a502-dbcad1cc96b5,00000000-0000-0000-0000-000000000001,Exited,2024-07-17,0,44258,0.00,0.00,0.00
0023d344-348b-4ab3-856d-5b51c7a199ca,00000000-0000-0000-0000-000000000001,Exited,2025-02-18,0,0,0.00,0.00,0.00
00843cbc-9d3a-4994-be37-d7ab686c85d3,00000000-0000-0000-0000-000000000001,Exited,2025-07-20,0,25500,0.00,0.00,0.00
00e85150-3d75-455c-90be-dca4be928e2c,00000000-0000-0000-0000-000000000001,Exited,2024-08-02,0,-163,null,null,0
0171a74b-f8cb-4ca3-88f7-4e403fe293a8,00000000-0000-0000-0000-000000000001,Exited,2023-01-02,0,1000,null,null,0
01e02e8d-bc3a-4ec2-ae58-c2dad05312aa,00000000-0000-0000-0000-000000000001,Exited,2025-06-08,0,3841,0.00,0.00,0.00
020b9ca6-f237-414a-a692-e254856c4cef,00000000-0000-0000-0000-000000000001,Exited,2026-05-14,0,0,0.00,0.00,0.00
024b70d0-29db-40f3-a244-a9a228b5388b,00000000-0000-0000-0000-000000000001,Exited,2026-02-13,0,45879,0.00,0.00,0.00
025a7e54-0aa1-4250-9d6c-4222bd5fe8eb,00000000-0000-0000-0000-000000000001,Exited,2023-06-15,0,20586,null,null,0
025b834b-6af6-47c5-9e91-8ad4dd4f36c3,00000000-0000-0000-0000-000000000001,Exited,2025-12-06,0,7080,0.00,0.00,0.00
028fb3c7-fa96-4d12-9554-7511a3d7ab06,00000000-0000-0000-0000-000000000001,Exited,2025-07-18,0,-390,0.00,0.00,0.00
02ca5efe-e730-44ed-8213-fb622197978a,00000000-0000-0000-0000-000000000001,Exited,2024-10-20,0,-4251,0.00,0.00,0.00
0307c243-b060-4763-a9f2-e77ccf11b701,00000000-0000-0000-0000-000000000001,Exited,2023-07-16,0,16430,null,null,0
0312e73c-7ac3-4464-8c92-d3771d098413,00000000-0000-0000-0000-000000000001,Exited,2025-11-29,0,20216,0.00,0.00,0.00
0318d74f-95a7-4ced-92bb-ded9eb88d273,00000000-0000-0000-0000-000000000001,Staying,null,0,0,0.00,0.00,0.00
035e811e-ae31-4a52-888b-e60bf432c0e1,00000000-0000-0000-0000-000000000001,Exited,2023-05-26,0,9550,null,null,0
03f784f3-5e39-4f6d-9192-43b724d68fcf,00000000-0000-0000-0000-000000000001,Exited,2025-02-14,0,16766,null,null,0
045a391b-62c2-4e7d-9bf3-d0fadc5eb34c,00000000-0000-0000-0000-000000000001,Exited,2022-12-31,0,19900,null,null,0
04ee0754-17c8-4edc-a0c1-b1c000e6b2ce,00000000-0000-0000-0000-000000000001,Exited,2025-06-12,0,19241,0.00,0.00,0.00
05399265-1bb2-476e-b9a9-9777cb248975,00000000-0000-0000-0000-000000000001,Exited,2024-12-02,0,4021,null,null,0
05841c0e-7f6f-4c9f-8b0d-ad24c00cb036,00000000-0000-0000-0000-000000000001,Exited,2025-05-02,0,5020,0.00,0.00,0.00
0682de36-4af4-428d-ae04-e9ea4257ddb0,00000000-0000-0000-0000-000000000001,Exited,2025-03-31,0,0,0.00,0.00,0.00
06b5871f-d372-44f3-b954-354630efdbda,00000000-0000-0000-0000-000000000001,Exited,2023-11-09,0,29695,null,null,0
06c63c3f-e987-4c81-aa6d-b53c6832eb90,00000000-0000-0000-0000-000000000001,Exited,2025-02-28,0,2343,null,null,0
06fddff5-f483-4b7b-ae7c-20537db5f8e2,00000000-0000-0000-0000-000000000001,Exited,2023-06-02,0,18535,null,null,0
073645a4-3ce2-4cc7-96cf-54d0f49f2353,00000000-0000-0000-0000-000000000001,Staying,null,0,0,0.00,0.00,0.00
0775dc45-b49a-4b77-ac42-878673bade62,00000000-0000-0000-0000-000000000001,Staying,null,0,null,0.00,0.00,0.00
07b262bd-7a69-4d3b-b4cf-7fdfd82e019f,00000000-0000-0000-0000-000000000001,Exited,2024-08-15,0,10971,null,null,0
07ba8f06-8bc9-4c96-94a6-f3a9a7a9a454,00000000-0000-0000-0000-000000000001,Exited,2023-05-31,0,20139,null,null,0
07c6f13f-7961-4f07-bd58-291ed6c7c6ac,00000000-0000-0000-0000-000000000001,Exited,2024-04-01,0,30750,null,null,0
0845dfe2-15f7-4aff-bc54-0f23410923bd,00000000-0000-0000-0000-000000000001,Exited,2024-12-14,0,-952,null,null,0
084cbeba-199b-4533-8ca4-f9abf83df8f8,00000000-0000-0000-0000-000000000001,Exited,2025-07-03,0,25683,0.00,0.00,0.00
0854c3f1-d13b-4426-a1fb-087bf78070cb,00000000-0000-0000-0000-000000000001,Exited,2024-10-19,0,21598,null,null,0
088a5e93-15c6-47aa-9e71-0f6c82d4ac38,00000000-0000-0000-0000-000000000001,Exited,2024-02-17,0,11276,null,null,0
08961753-5e7a-4734-8cdc-f9283aece607,00000000-0000-0000-0000-000000000001,Cancelled,null,1,null,1.00,1.00,0.00
08b359b3-caad-4e09-a957-8866ca7dba42,00000000-0000-0000-0000-000000000001,Exited,2025-11-30,0,-1200,0.00,0.00,0.00
08e36251-9b2c-4f93-81f7-55fb0ced65e9,00000000-0000-0000-0000-000000000001,Exited,2022-12-31,0,-6550,0.00,0.00,0.00
093692ce-7ef4-4c87-b9e5-f67444d8d286,00000000-0000-0000-0000-000000000001,Exited,2023-02-18,0,7330,null,null,0
09480588-260f-4e91-bcf7-5033ba88e43c,00000000-0000-0000-0000-000000000001,Exited,2025-08-02,0,590,0.00,0.00,0.00
09848a8b-4b46-4fc9-85b8-9a46fecdd91c,00000000-0000-0000-0000-000000000001,Exited,2025-07-31,0,1000,0.00,0.00,0.00
0a2c28ae-9266-47bd-8c14-aa39f370e0fa,00000000-0000-0000-0000-000000000001,Exited,2026-06-30,0,null,0.00,0.00,0.00
0a662671-85e1-4db0-80a3-811c81560053,00000000-0000-0000-0000-000000000001,Exited,2025-06-09,0,610,null,null,0
0a989307-6b75-425f-9096-50bad6242ed8,00000000-0000-0000-0000-000000000001,Exited,2023-07-30,0,15850,null,null,0
0ab4614a-82b3-4810-b877-e696de754080,00000000-0000-0000-0000-000000000001,Exited,2026-04-26,0,0,0.00,0.00,0.00
0ae4ab8e-9445-438d-928e-6268bd27380f,00000000-0000-0000-0000-000000000001,Exited,2023-05-31,0,13424,null,null,0
0b41c361-9e49-4b79-bf8b-e79472e21d8d,00000000-0000-0000-0000-000000000001,Exited,2025-04-14,0,31195,null,null,0
0ba08a0f-dfc9-4583-9301-a99a7e275d94,00000000-0000-0000-0000-000000000001,Exited,2025-10-04,0,24760,0.00,0.00,0.00
0ba96026-b84c-43fd-b6a2-4f7838410965,00000000-0000-0000-0000-000000000001,Exited,2023-05-31,0,17536,null,null,0
0bb006a6-102a-47c8-8091-3f3a4bc5731a,00000000-0000-0000-0000-000000000001,Staying,null,0,0,0.00,0.00,0.00
0bd8f3cf-5196-4d90-b0e0-0bfd74cf5f4c,00000000-0000-0000-0000-000000000001,Exited,2023-08-07,0,7460,null,null,0
0be240d1-c1a1-4b64-b5f7-1dfb8d074f7c,00000000-0000-0000-0000-000000000001,Exited,2025-05-31,0,17140,0.00,0.00,0.00
0c2a6fee-350f-4f38-9514-2da36a652a15,00000000-0000-0000-0000-000000000001,Exited,2024-12-31,0,2250,null,null,0
0c2d0599-14e8-4486-b844-47e01ce1c7bc,00000000-0000-0000-0000-000000000001,Exited,2023-11-15,0,9148,null,null,0
0c8b2433-3b52-4a31-973c-d1049e2367ce,00000000-0000-0000-0000-000000000001,Staying,null,0,0,0.00,0.00,0.00
0ca7affa-fac9-4315-a252-9bd2f7975433,00000000-0000-0000-0000-000000000001,Exited,2023-04-15,0,7259,null,null,0
0d1504e1-2884-4dba-97bd-0c3bc37e1669,00000000-0000-0000-0000-000000000001,Exited,2025-10-02,13000,12000,13000.00,13000.00,0.00
0d1e4741-28d6-485f-9142-a15e4ff5c364,00000000-0000-0000-0000-000000000001,Exited,2023-06-30,0,5802,0.00,0.00,0.00
0dad4959-5b40-4eea-ba8e-9b5a3fafae1e,00000000-0000-0000-0000-000000000001,Exited,2025-05-07,0,4225,0.00,0.00,0.00
0dbd34ff-df20-4e27-a2ad-bcd09666d64a,00000000-0000-0000-0000-000000000001,Exited,2026-05-24,0,0,0.00,0.00,0.00
0e4656ab-a418-4a6c-a856-d4b7fdcdf15b,00000000-0000-0000-0000-000000000001,Exited,2025-06-18,0,19627,0.00,0.00,0.00
0eaaeaef-9e94-4d72-ab6c-6f4fa8a5eb26,00000000-0000-0000-0000-000000000001,Staying,null,0,0,0.00,0.00,0.00
0ebed288-9916-4671-b6fd-cb84915c1ff7,00000000-0000-0000-0000-000000000001,Exited,2024-03-21,0,20133.00,null,null,0
0f5abe32-07d1-4ae6-bb85-24da53827aab,00000000-0000-0000-0000-000000000001,Exited,2025-08-31,0,23524,0.00,0.00,0.00
0f6ef705-bedc-4008-88a1-8c600fe56c57,00000000-0000-0000-0000-000000000001,Staying,null,0,0,0.00,0.00,0.00
0f7ffc2e-0a2e-4aff-92cd-c4f4478f694e,00000000-0000-0000-0000-000000000001,Exited,2026-06-11,0,0,0.00,0.00,0.00
0facc6aa-e905-4df8-9d5b-f98303e35831,00000000-0000-0000-0000-000000000001,Exited,2022-12-25,0,37000,null,null,0
0ff1b2b8-e451-49cd-a49e-a90da9e8bb9b,00000000-0000-0000-0000-000000000001,Exited,2026-05-02,0,null,0.00,0.00,0.00
1039a56f-b966-42c7-af24-d9c93b6e6e3c,00000000-0000-0000-0000-000000000001,Exited,2025-05-19,0,31579,0.00,0.00,0.00
10cb0103-8eed-4bdc-8a42-241cdc98c510,00000000-0000-0000-0000-000000000001,Exited,2023-12-06,0,-4111,null,null,0
10e76d13-8eb6-450a-9558-ea32a374cd59,00000000-0000-0000-0000-000000000001,Exited,2025-07-05,0,23413.75,0.00,0.00,0.00
10f786c8-3837-4bf5-9d96-10b34c9cfbb6,00000000-0000-0000-0000-000000000001,Exited,2025-06-11,0,2433.32,0.00,0.00,0.00
10faeb4e-dee0-45d4-9abc-634cebf44af0,00000000-0000-0000-0000-000000000001,Exited,2025-02-15,0,10076,null,null,0
11120e44-bcb9-461d-aec6-d77ac6d1ecac,00000000-0000-0000-0000-000000000001,Cancelled,2026-02-27,0,null,null,null,0
111beea8-cbd4-4349-9ebf-f82cada7ec05,00000000-0000-0000-0000-000000000001,Exited,2025-02-02,0,31429,null,null,0
1129e54a-0b3f-417c-b6db-e1090df6981b,00000000-0000-0000-0000-000000000001,Staying,null,0,0,0.00,0.00,0.00
1227a914-1fa1-4cef-b2e4-99515cf49056,00000000-0000-0000-0000-000000000001,Exited,2024-08-15,0,8095,null,null,0
126221ad-2008-407d-8cc4-588eafdfd19c,00000000-0000-0000-0000-000000000001,Exited,2022-12-17,0,28450,null,null,0
1265235c-5696-491b-925f-044ee29ba97e,00000000-0000-0000-0000-000000000001,Staying,null,0,0,0.00,0.00,0.00
128d1130-7d0e-426e-9622-a3535454c173,00000000-0000-0000-0000-000000000001,Exited,2025-08-02,0,-2050,0.00,0.00,0.00
12e9cb2e-a027-4cc5-886d-86d7c562ab53,00000000-0000-0000-0000-000000000001,Exited,2025-06-08,0,56108,null,null,0
1441a9f4-467e-4388-b211-567d85af8e05,00000000-0000-0000-0000-000000000001,Exited,2025-02-15,0,33292,null,null,0
1483b85f-a6bb-4074-8d46-9618fc19a1bd,00000000-0000-0000-0000-000000000001,Exited,2023-08-31,0,2250,null,null,0
1485d6cf-41d9-48f0-9bc0-40496b1c8e29,00000000-0000-0000-0000-000000000001,Exited,2024-06-01,0,5356.34,null,null,0
148fdb9b-a250-4ea3-93bb-aa8fe148c913,00000000-0000-0000-0000-000000000001,Cancelled,2025-07-03,0,null,null,null,0
14a56846-9891-4413-b142-b80acab9e730,00000000-0000-0000-0000-000000000001,Exited,2025-10-31,0,0,0.00,0.00,0.00
14f9659a-5710-47bd-945d-74b61d0ed70a,00000000-0000-0000-0000-000000000001,Exited,2026-08-17,0,-633,0.00,0.00,0.00
153d7a52-8e69-4ec6-b3cf-a0dfe622329e,00000000-0000-0000-0000-000000000001,Exited,2023-03-30,0,9334,0.00,null,0
15426bd8-7a9b-4489-a292-8977c3f995bd,00000000-0000-0000-0000-000000000001,Exited,2026-05-24,0,29250,null,null,0
1573f384-8eda-4722-8c9d-fb5824d2d68e,00000000-0000-0000-0000-000000000001,Exited,2024-05-04,0,6517,0.00,0.00,0.00
1603dbbe-906a-4637-b5f3-7b439534f396,00000000-0000-0000-0000-000000000001,Exited,2025-08-31,0,735.86,0.00,0.00,0.00
1672411f-ec0d-440b-adc0-b378df2949c3,00000000-0000-0000-0000-000000000001,Exited,2026-07-21,0,null,null,null,0
16d3b10d-5534-47ea-9d58-6bf28dccc8ad,00000000-0000-0000-0000-000000000001,Exited,2024-08-09,0,9346,null,null,0
16f797ab-24e6-40ea-b71e-b2257911213d,00000000-0000-0000-0000-000000000001,Exited,2024-01-31,0,10832,null,null,0
17064150-b244-4d6d-a375-bdb235815080,00000000-0000-0000-0000-000000000001,Exited,2024-08-31,0,22750,0.00,0.00,0.00
17977b7e-5d13-47b8-8a03-3fe0588740be,00000000-0000-0000-0000-000000000001,Exited,2023-05-31,0,18610,null,null,0
17bf7a07-4e73-4ce5-8aa7-b66cd8363946,00000000-0000-0000-0000-000000000001,Staying,null,0,null,0.00,0.00,0.00
17ff314f-3f55-4b40-9e82-aa85e601fdfb,00000000-0000-0000-0000-000000000001,Exited,2024-05-31,0,18114,null,null,0
1819d24a-60cf-4222-b03b-b24e48607c5b,00000000-0000-0000-0000-000000000001,Exited,2024-09-10,0,21499,null,null,0
183c2ab7-dcbf-4046-837b-dc15eb7cd1c2,00000000-0000-0000-0000-000000000001,Exited,2024-12-31,0,21003,null,null,0
184b0742-99fa-4f23-bf40-a0f255796bef,00000000-0000-0000-0000-000000000001,Exited,2023-08-20,0,-3722,null,null,0
187cf591-8176-49d6-ad9c-1bccb3901236,00000000-0000-0000-0000-000000000001,Exited,2025-06-18,0,-606,0.00,0.00,0.00
18df6412-8498-4a2a-9064-5a6222f47aa6,00000000-0000-0000-0000-000000000001,Exited,2023-04-06,0,20500,null,null,0
18f378b6-2171-4974-95f9-ff41511149fa,00000000-0000-0000-0000-000000000001,Exited,2025-04-30,0,-560,null,null,0
190eb601-0d0e-4436-b02b-dd4893a5f01b,00000000-0000-0000-0000-000000000001,Exited,2023-10-31,0,17530,null,null,0
1919494c-3aa8-4267-a2f2-0e5557ef654f,00000000-0000-0000-0000-000000000001,Exited,2024-05-03,0,4122,null,null,0
19205e3e-3255-4d77-b7d8-b932f3034c10,00000000-0000-0000-0000-000000000001,Exited,2023-01-04,0,21400,null,null,0
19cc5bbe-1012-4cbe-bea4-9ed7f1aa163e,00000000-0000-0000-0000-000000000001,Staying,null,0,0,0.00,0.00,0.00
1a0e2d19-8f39-4850-aacc-b18f2b4c729d,00000000-0000-0000-0000-000000000001,Exited,2024-07-25,0,2797,null,null,0
1a597f5b-e031-40c3-bb3b-e9dbb360d6c2,00000000-0000-0000-0000-000000000001,Exited,2024-01-02,0,2878,null,null,0
1a78acc0-9584-464e-b911-6ae39c248369,00000000-0000-0000-0000-000000000001,Exited,2023-07-05,0,6420,null,null,0
1acb933b-ee06-488d-ae63-6aa49797c684,00000000-0000-0000-0000-000000000001,Exited,2025-06-22,0,0,0.00,0.00,0.00
1af31ba4-be02-41ab-80f7-31b0a6b8deaf,00000000-0000-0000-0000-000000000001,Exited,2025-06-08,0,22500,0.00,0.00,0.00
1b15a1a2-9fc0-49b4-813b-74c81725b2a3,00000000-0000-0000-0000-000000000001,Exited,2025-11-09,0,8450,0.00,0.00,0.00
1b2b14f1-f84a-404b-8ef1-fec032dd447f,00000000-0000-0000-0000-000000000001,Exited,2026-07-30,0,0,0.00,0.00,0.00
1b31b0cd-0f96-4d1a-bd73-aa703f095a42,00000000-0000-0000-0000-000000000001,Exited,2026-07-17,0,null,0.00,0.00,0.00
1b57322b-f060-40e5-9036-8ae33c6268e4,00000000-0000-0000-0000-000000000001,Exited,2023-12-31,0,-1839,null,null,0
1b83adc0-8ea9-4c38-8fe8-0b1e1cd10cc3,00000000-0000-0000-0000-000000000001,Exited,2023-08-08,0,2250,null,null,0
1b909ee1-7d56-4c23-8013-1a318e1c0d8a,00000000-0000-0000-0000-000000000001,Exited,2023-12-24,0,-369,null,null,0
1ba4c129-2c50-449f-a8d9-d5da482f4d5a,00000000-0000-0000-0000-000000000001,Exited,2023-06-05,0,9043.25,null,null,0
1bb08655-ecc9-4795-8186-bb34f130a593,00000000-0000-0000-0000-000000000001,Staying,null,0,0,0.00,0.00,0.00
1c037a2c-6d79-4707-9be1-b01c51a1c336,00000000-0000-0000-0000-000000000001,Exited,2025-09-27,0,0,0.00,0.00,0.00
1c67797f-b194-445b-969a-ea04d891a7c6,00000000-0000-0000-0000-000000000001,Exited,2023-05-26,0,19356.00,null,null,0
1c8ee0ef-db6b-43b1-a9e9-234d5a3b93ca,00000000-0000-0000-0000-000000000001,Exited,2024-06-30,0,2250,null,null,0
1cacd6fd-9817-46af-9577-9c4b39a706da,00000000-0000-0000-0000-000000000001,Exited,2025-06-30,0,628,0.00,0.00,0.00
1cade627-e515-41a2-8fef-84b24901e0a8,00000000-0000-0000-0000-000000000001,Exited,2025-10-28,0,-1764,0.00,0.00,0.00
1cceb3e9-4204-46ae-8706-29ede7a6bcdb,00000000-0000-0000-0000-000000000001,Exited,2025-06-27,0,2250,0.00,0.00,0.00
1d2dab29-e24f-4dd8-adeb-4c7b2bd792e0,00000000-0000-0000-0000-000000000001,Staying,null,0,0,0.00,0.00,0.00
1d2dc2fc-8a25-4f35-890f-f00dca967995,00000000-0000-0000-0000-000000000001,Exited,2024-06-01,0,22500,null,null,0
1d55d3f1-9418-46a6-a13a-a6d090620184,00000000-0000-0000-0000-000000000001,Exited,2023-02-28,0,19900,null,null,0
1dcbdc90-610b-4530-a9cb-a032f49707e3,00000000-0000-0000-0000-000000000001,Exited,2026-05-27,0,0,0.00,0.00,0.00
1e0bb8aa-b4ea-473a-90f7-c89d96df2323,00000000-0000-0000-0000-000000000001,Exited,2026-02-19,0,-2902,0.00,0.00,0.00
1e6d8679-6aa7-427f-b975-146dfa792f8a,00000000-0000-0000-0000-000000000001,Exited,2024-08-31,0,2591,null,null,0
1e9f3018-6098-4a56-934f-5484bca84f5b,00000000-0000-0000-0000-000000000001,Exited,2025-08-21,0,468,0.00,0.00,0.00
1ea77b42-81d1-4535-bfd4-de9a7bd31eca,00000000-0000-0000-0000-000000000001,Exited,2024-12-08,0,12173,0.00,0.00,0.00
1edcc724-251b-4277-9462-f2b9ccb93d6e,00000000-0000-0000-0000-000000000001,Exited,2025-12-17,0,-1144,0.00,0.00,0.00
1f3827bb-860c-4240-bad5-714a89a798d7,00000000-0000-0000-0000-000000000001,Exited,2025-06-30,0,3250,0.00,0.00,0.00
1fa23c51-df27-441b-b6f9-749824d586dc,00000000-0000-0000-0000-000000000001,Exited,2026-05-16,0,null,0.00,0.00,0.00
1fbee6f2-3f66-44cf-b956-8e4f4fb8920d,00000000-0000-0000-0000-000000000001,Exited,2025-12-05,0,32190,0.00,0.00,0.00
1fd1f81d-2c6e-4859-b321-9e7b66417035,00000000-0000-0000-0000-000000000001,Exited,2024-09-10,0,7973,null,null,0
1ff33734-0856-4de7-969f-32a72e00dddf,00000000-0000-0000-0000-000000000001,Exited,2024-04-23,0,19461,null,null,0
20a89758-648a-468f-afde-36d66ffa0044,00000000-0000-0000-0000-000000000001,Exited,2026-05-01,0,null,0.00,0.00,0.00
20b2ba4d-fad2-47d5-90a9-d883c1caeb4a,00000000-0000-0000-0000-000000000001,Exited,2023-11-10,0,11861,null,null,0
20fc25b0-4fcb-4ade-b806-7fe1bc2a04e7,00000000-0000-0000-0000-000000000001,Exited,2024-10-04,0,5885,null,null,0
21504961-3916-4e68-b659-02411365893e,00000000-0000-0000-0000-000000000001,Exited,2024-09-02,0,613.88,null,null,0
21506fa6-9ecc-4737-9fe7-742cf3dc0a51,00000000-0000-0000-0000-000000000001,Exited,2025-08-31,0,-2480,0.00,0.00,0.00
217c8766-e5e3-40c5-9b12-1c0379fe6e47,00000000-0000-0000-0000-000000000001,Cancelled,null,0,null,0.00,0.00,0.00
21806f52-efbc-436b-aad0-36b019026f47,00000000-0000-0000-0000-000000000001,Exited,2024-12-31,0,2249,null,null,0
21ace771-57b7-46ab-8de4-24ee76957f12,00000000-0000-0000-0000-000000000001,Exited,2026-04-28,0,0,null,null,0
21d670a9-7003-48a3-9542-b7615c12760f,00000000-0000-0000-0000-000000000001,Staying,null,0,null,0.00,0.00,0.00
220f6df0-3ed5-40cf-bd01-339aaa13047d,00000000-0000-0000-0000-000000000001,Exited,2024-06-25,0,17352,null,null,0
2215f00d-635a-4e88-bde8-a00e2dbfc7aa,00000000-0000-0000-0000-000000000001,Exited,2023-06-03,0,19287,null,null,0
22638b59-a59b-46e7-86b9-34c7ea2d2847,00000000-0000-0000-0000-000000000001,Staying,null,0,0,0.00,0.00,0.00
2277376a-ef6b-45df-a224-5c7e824b0f56,00000000-0000-0000-0000-000000000001,Exited,2023-06-02,0,17320,null,null,0
227c9652-ac75-46b7-8053-8e0762c2d6ec,00000000-0000-0000-0000-000000000001,Exited,2023-12-20,0,33414,null,null,0
22fa5986-8a5e-46e5-8860-bcd0d2050e7e,00000000-0000-0000-0000-000000000001,Staying,null,0,0,0.00,0.00,0.00
23bb5686-6f75-407b-b0c1-5f41b67fab6b,00000000-0000-0000-0000-000000000001,Exited,2025-01-15,0,-11250,null,null,0
23c5e9e3-4903-464f-8cf1-6b15a4f015d6,00000000-0000-0000-0000-000000000001,Exited,2024-05-05,0,2890,null,null,0
24624e7d-1049-4d1d-a1d3-00acce0a4ef0,00000000-0000-0000-0000-000000000001,Exited,2025-06-28,0,2250,0.00,0.00,0.00
246c3458-f41d-4862-a1ea-7154091f73c3,00000000-0000-0000-0000-000000000001,Exited,2025-03-21,0,17105,null,null,0
250003c6-6d0b-4c20-8d6f-d08c5e2493c4,00000000-0000-0000-0000-000000000001,Exited,2022-12-02,0,19900,null,null,0
25ee80b8-cf8c-4ae2-be73-fe7c991751ce,00000000-0000-0000-0000-000000000001,Exited,2025-09-30,0,-15353,0.00,0.00,0.00
261c6838-0d2b-4ef8-b7c0-722341418ce5,00000000-0000-0000-0000-000000000001,Staying,null,0,0,0.00,0.00,0.00
26649261-09f5-4778-9d41-98376cdae645,00000000-0000-0000-0000-000000000001,Exited,2023-01-31,0,19900,null,null,0
26a0a5ca-7623-4406-8776-15d57ccb11fc,00000000-0000-0000-0000-000000000001,Staying,null,0,0,0.00,0.00,0.00
26c78af2-e5af-4f4c-af04-ed1e84a9359e,00000000-0000-0000-0000-000000000001,Exited,2024-06-02,0,19786,0.00,0.00,0.00
26ea5f2f-b2ed-4d34-96c4-ba829be1bb0c,00000000-0000-0000-0000-000000000001,Exited,2024-03-31,0,4200,0.00,0.00,0.00
26ec2515-a68d-4281-86b2-efe7e4c688fa,00000000-0000-0000-0000-000000000001,Exited,2024-02-15,0,5982,null,null,0
27061892-86db-42e5-9288-eb82923727ee,00000000-0000-0000-0000-000000000001,Exited,2026-01-25,0,31500,0.00,0.00,0.00
272577fa-3e31-4571-a9b3-38227ae0dd12,00000000-0000-0000-0000-000000000001,Exited,2023-11-30,0,6556,null,null,0
27553868-e62d-447c-a6cc-4be32f01ab1e,00000000-0000-0000-0000-000000000001,Exited,2024-06-08,0,0,0.00,0.00,0.00
279f73e8-7318-4266-87f1-059d87d91e6c,00000000-0000-0000-0000-000000000001,Exited,2024-05-31,0,10950,null,null,0
281a86e5-c57b-4be4-ba14-3ddb980553ce,00000000-0000-0000-0000-000000000001,Cancelled,null,0,null,null,null,0
284f33b6-8a36-43c0-89a2-302d3fc60bba,00000000-0000-0000-0000-000000000001,Exited,2023-05-30,0,-8852,null,null,0
28ab5f04-80cd-498a-8be1-c35d0d9e49af,00000000-0000-0000-0000-000000000001,Exited,2025-07-16,0,58415,null,null,0
28e5374d-15bb-4a81-a95a-08242c3b6323,00000000-0000-0000-0000-000000000001,Exited,2023-07-08,0,13326,null,null,0
28f1c8a3-249a-4338-a9c2-c9f51b3b5e20,00000000-0000-0000-0000-000000000001,Exited,2026-06-30,0,null,0.00,0.00,0.00
29082c5e-d56c-4fe5-a68f-d29411525968,00000000-0000-0000-0000-000000000001,Cancelled,null,0,null,0.00,0.00,0.00
290d05d3-ab1b-4d62-b65b-41d05273cde7,00000000-0000-0000-0000-000000000001,Exited,2025-07-15,750,750,750.00,750.00,0.00
29267d93-2289-496e-9877-8228ee1032c9,00000000-0000-0000-0000-000000000001,Exited,2024-07-31,0,-3130,null,null,0
296f0113-6916-40f3-8fcc-cd54685de8f3,00000000-0000-0000-0000-000000000001,Exited,2025-12-31,0,-1050,0.00,0.00,0.00
298a7c4d-846f-4232-aa3e-ca7136e7ebe0,00000000-0000-0000-0000-000000000001,Exited,2025-03-17,0,-1350,0.00,0.00,0.00
298ae27c-7f05-4e4a-b957-6a68d2287c2d,00000000-0000-0000-0000-000000000001,Exited,2026-06-26,0,-1,null,null,0
29d42b72-25bc-4add-80b5-cacc09e2b5cf,00000000-0000-0000-0000-000000000001,Exited,2023-08-31,0,-2139,null,null,0
2a3fc12f-bcd3-4898-8930-a46ed5e7ce25,00000000-0000-0000-0000-000000000001,Exited,2024-12-31,0,2250,null,null,0
2a692520-8541-4a63-93c2-c357184d705c,00000000-0000-0000-0000-000000000001,Exited,2023-08-08,0,29700,null,null,0
2ac3401b-f8ca-4f58-ae09-6298c3a6e02d,00000000-0000-0000-0000-000000000001,Exited,2023-06-16,0,23986,null,null,0
2acd9f1d-5e5c-475b-b951-24e908d2fd9a,00000000-0000-0000-0000-000000000001,Staying,null,0,null,0.00,0.00,0.00
2b6cd2fd-4e9f-41ef-b220-9e5f57afda26,00000000-0000-0000-0000-000000000001,Exited,2023-03-31,0,19125,0.00,null,0
2b92c273-4b4e-466c-9430-ff2378db6372,00000000-0000-0000-0000-000000000001,Exited,2026-05-02,0,null,0.00,0.00,0.00
2bd87809-95d5-4459-bebf-9fbe393fe4cc,00000000-0000-0000-0000-000000000001,Exited,2023-08-31,0,-2263,null,null,0
2bf4d6e0-cbe5-49f2-bd4b-a6c2fd8e19c5,00000000-0000-0000-0000-000000000001,Exited,2023-08-14,0,40627,null,null,0
2ca17745-8e1f-4a54-bd20-5ca34a0e6db1,00000000-0000-0000-0000-000000000001,Exited,2023-08-08,0,26269,null,null,0
2cd51fed-59b9-4e9e-9568-67fbc1f25c17,00000000-0000-0000-0000-000000000001,Exited,2024-12-19,0,826,null,null,0
2cf5adb8-1171-4eb4-b45b-825e324e1c58,00000000-0000-0000-0000-000000000001,Exited,2023-05-01,0,13672,null,null,0
2cf7e5d8-e07c-4c6f-ba92-56a17206e276,00000000-0000-0000-0000-000000000001,Exited,2023-07-07,0,4651,null,null,0
2d403254-d4e3-484a-ab66-492809785e47,00000000-0000-0000-0000-000000000001,Staying,null,0,0,0.00,0.00,0.00
2d8c54c4-e5ae-4759-9080-3b5b9def7d52,00000000-0000-0000-0000-000000000001,Exited,2022-12-30,0,1990,0.00,null,0
2db84571-46d6-4b51-ac45-79ace71c8554,00000000-0000-0000-0000-000000000001,Exited,2025-04-03,0,28541,0.00,0.00,0.00
2ddbff71-425b-4f25-a932-e1bf574b2035,00000000-0000-0000-0000-000000000001,Staying,null,0,0,0.00,0.00,0.00
2de6ee53-a917-4a9b-962f-37e5d429949a,00000000-0000-0000-0000-000000000001,Exited,2025-12-10,0,7910,0.00,0.00,0.00
2e4ea943-32a5-4e20-8342-bce660b15065,00000000-0000-0000-0000-000000000001,Exited,2025-07-31,0,-1395,0.00,0.00,0.00
2ea9ab1e-4840-4daa-a94f-d1168cb43650,00000000-0000-0000-0000-000000000001,Exited,2024-06-03,0,31382,null,null,0
2f49d447-f15d-424d-9a7d-be051dc880d2,00000000-0000-0000-0000-000000000001,Staying,null,0,0,0.00,0.00,0.00
2fabdd34-e4fc-4649-9a0c-b4526792d157,00000000-0000-0000-0000-000000000001,Exited,2024-08-01,0,22500,null,null,0
30427b01-fe3a-4dad-bf47-2118067791b2,00000000-0000-0000-0000-000000000001,Exited,2025-03-12,0,31138,null,null,0
30bf7a47-8033-40e6-9b42-8c799808df57,00000000-0000-0000-0000-000000000001,Staying,null,0,null,0.00,0.00,0.00
30d0f38e-d286-4331-8b0e-f2a6132e5cb3,00000000-0000-0000-0000-000000000001,Exited,2024-06-30,0,24000,null,null,0
311825bd-1639-4d90-9a9f-a7fc800d86fa,00000000-0000-0000-0000-000000000001,Exited,2025-07-25,0,992,null,null,0
319657d0-b51b-44fe-a8ed-d324b02bff95,00000000-0000-0000-0000-000000000001,Exited,2024-12-15,0,2250,null,null,0
31c9b57f-ed29-48c0-8c4e-e04fee5d8436,00000000-0000-0000-0000-000000000001,Staying,null,0,null,0.00,0.00,0.00
320988ad-f90f-4107-a830-e78e8636ac39,00000000-0000-0000-0000-000000000001,Exited,2025-03-23,0,-897,null,null,0
323f67cc-5fe8-4e19-89b1-838f908c4f0a,00000000-0000-0000-0000-000000000001,Exited,2025-10-27,0,1871,0.00,0.00,0.00
3258200d-d0ec-4ed7-b3da-c2ef66bdc07f,00000000-0000-0000-0000-000000000001,Exited,2023-11-10,0,36520,null,null,0
32647bde-5d58-4cec-b103-a5eeb0b73d60,00000000-0000-0000-0000-000000000001,Exited,2025-07-31,0,3250,null,null,0
32ac9378-63fc-44d1-ae65-245ee1c47e4a,00000000-0000-0000-0000-000000000001,Exited,2024-05-31,0,21610,null,null,0
332b409b-9964-4d14-afd7-d6b8d6ce6fcb,00000000-0000-0000-0000-000000000001,Exited,2024-02-17,0,11276,null,null,0
33717087-45fe-4062-bb32-edb6d86b468d,00000000-0000-0000-0000-000000000001,Exited,2025-07-17,0,19636,null,null,0
339c2194-5128-4413-ab41-c6c8a8128434,00000000-0000-0000-0000-000000000001,Exited,2024-08-31,0,1536,0.00,0.00,0.00
33a67359-b1b2-45e4-8dba-a9001a8d659e,00000000-0000-0000-0000-000000000001,Exited,2025-10-20,0,-1140,0.00,0.00,0.00
343122e8-7646-4085-b65d-8d77c7375f0f,00000000-0000-0000-0000-000000000001,Exited,2023-07-08,0,4966,null,null,0
3447faae-0e3c-4f46-980b-208729833800,00000000-0000-0000-0000-000000000001,Exited,2023-10-24,0,587,0.00,0.00,0.00
344e766d-803d-41b0-9ead-19b02ad20786,00000000-0000-0000-0000-000000000001,Exited,2026-03-22,0,0,0.00,0.00,0.00
34509f3d-6069-42fa-ae57-c95d6ee75aa2,00000000-0000-0000-0000-000000000001,Exited,2025-06-07,0,-12192,0.00,0.00,0.00
3459831f-b235-48ec-ab34-6e408a8f1bbd,00000000-0000-0000-0000-000000000001,Exited,2022-11-30,0,1000,null,null,0
345fd782-4252-4f02-958d-3531a545878b,00000000-0000-0000-0000-000000000001,Staying,null,0,-27,0.00,0.00,0.00
347e8b01-eb88-45d8-a580-571e195ca777,00000000-0000-0000-0000-000000000001,Exited,2024-03-30,0,2250,0.00,0.00,0.00
349407f1-b9ed-4f70-9e10-33aa675f85e6,00000000-0000-0000-0000-000000000001,Exited,2025-10-05,0,1245,0.00,0.00,0.00
34b068b8-ff44-4f19-bc55-ff1ccc2bcad5,00000000-0000-0000-0000-000000000001,Staying,null,0,null,0.00,0.00,0.00
34b48e10-aa34-478c-954d-06259adb5384,00000000-0000-0000-0000-000000000001,Staying,null,0,0,0.00,0.00,0.00
35ac770c-06ce-4222-99bd-09fa597e1cb6,00000000-0000-0000-0000-000000000001,Exited,2024-11-26,0,38155,null,null,0
35e346e7-9614-45f5-9ce0-40c291d0ee74,00000000-0000-0000-0000-000000000001,Exited,2023-06-15,0,-9954,null,null,0
35f09de9-4fca-40ec-9b64-d79630bafd60,00000000-0000-0000-0000-000000000001,Exited,2026-02-01,0,0,0.00,0.00,0.00
360918dd-f09b-40d4-b860-138764394fd4,00000000-0000-0000-0000-000000000001,Exited,2024-08-11,0,-1392,null,null,0
36282a6e-e613-4832-9dc9-77915feffc17,00000000-0000-0000-0000-000000000001,Exited,2025-07-04,0,13770,0.00,0.00,0.00
369460df-c1aa-43c8-87c0-ff659499481c,00000000-0000-0000-0000-000000000001,Cancelled,null,0,null,null,null,0
36c204f1-519c-4729-b424-1ca9d17fff37,00000000-0000-0000-0000-000000000001,Exited,2025-09-10,0,-690,0.00,0.00,0.00
36f38854-7db5-4901-8e41-4206f82fd5f9,00000000-0000-0000-0000-000000000001,Exited,2023-07-05,0,6120,null,null,0
372c73cb-6982-442d-99bd-56f818a444b3,00000000-0000-0000-0000-000000000001,Exited,2024-06-01,0,4017,null,null,0
3768b49f-07b7-4161-b907-0b802a0f5754,00000000-0000-0000-0000-000000000001,Exited,2024-11-04,0,22500,null,null,0
3776d00c-1c7a-4553-99ca-64fc396ce0e1,00000000-0000-0000-0000-000000000001,Exited,2023-07-08,0,30661,null,null,0
3783f917-d3aa-4d36-be87-c4cf3854fd8c,00000000-0000-0000-0000-000000000001,Exited,2023-05-31,0,17502,null,null,0
378d0b50-9308-47ae-aa43-5f0a0609328e,00000000-0000-0000-0000-000000000001,Exited,2023-04-06,0,20500,null,null,0
3792a205-356d-41de-b5b7-7e9358bdd1ae,00000000-0000-0000-0000-000000000001,Exited,2024-01-26,0,28250,null,null,0
37b5c369-6a5d-4ee9-b59d-4728d328e0b0,00000000-0000-0000-0000-000000000001,Exited,2025-02-06,0,5630,null,null,0
37c6fb39-3bee-4626-aef4-1f87dea29c48,00000000-0000-0000-0000-000000000001,Exited,2024-08-06,0,-318,null,null,0
37e15c62-4e4c-45a5-8003-e4f73897eb8e,00000000-0000-0000-0000-000000000001,Cancelled,null,0,null,0.00,0.00,0.00
3820ef49-8442-45ed-aeee-6a7a0cec9205,00000000-0000-0000-0000-000000000001,Staying,null,0,0,0.00,0.00,0.00
3866a820-2b57-4f77-8c55-3c6c7aed2eee,00000000-0000-0000-0000-000000000001,Exited,2024-05-10,0,8456,0.00,0.00,0.00
3872c789-953f-4053-8cc2-01034dd1ec2e,00000000-0000-0000-0000-000000000001,Exited,2024-07-31,0,-1798,null,null,0
38bf3373-724a-476b-97ef-ff29115bc036,00000000-0000-0000-0000-000000000001,Exited,2025-04-26,0,12139,null,null,0
38e67633-b581-40bb-b185-2ff884afe2f3,00000000-0000-0000-0000-000000000001,Exited,2024-06-15,0,43052,null,null,0
396c14f1-4da0-44da-86c8-5b3884103ca5,00000000-0000-0000-0000-000000000001,Exited,2025-11-30,0,-1110,0.00,0.00,0.00
39d1db8d-13bf-4a9b-9b97-fc08a3b18592,00000000-0000-0000-0000-000000000001,Exited,2022-12-29,0,18250,null,null,0
39ea3363-7669-4b60-8c30-7d3687b62a0d,00000000-0000-0000-0000-000000000001,Exited,2025-09-18,0,12562,0.00,0.00,0.00
3a12feb1-bd30-4401-9a16-c09a6e29f6df,00000000-0000-0000-0000-000000000001,Exited,2026-01-12,0,2250,null,null,0
3a2ae2ea-17fd-4cdf-9005-74ebeed4c001,00000000-0000-0000-0000-000000000001,Exited,2025-12-27,0,17460,null,null,0
3a3ba4c0-5120-465d-8089-741506cc0adb,00000000-0000-0000-0000-000000000001,Exited,2024-01-09,0,15322.39,null,null,0
3a6ab533-41aa-47dd-9f23-0674b58fb212,00000000-0000-0000-0000-000000000001,Exited,2024-05-31,0,2250,null,null,0
3a6be2b9-53b0-479d-98e5-0cac6abef074,00000000-0000-0000-0000-000000000001,Exited,2023-02-16,0,19900,null,null,0
3a99b199-56c3-415c-bebd-c2d8b28f0972,00000000-0000-0000-0000-000000000001,Staying,null,0,null,0.00,0.00,0.00
3ad8e654-ae8f-4a3a-9e19-21488f044425,00000000-0000-0000-0000-000000000001,Exited,2024-07-07,0,31750,null,null,0
3b1a2c86-d73f-4573-8cf4-712db5199f67,00000000-0000-0000-0000-000000000001,Exited,2024-10-31,0,2250,0.00,0.00,0.00
3b5c4873-3a99-40bf-bcbb-dfb9f530741c,00000000-0000-0000-0000-000000000001,Exited,2025-02-15,0,21250,null,null,0
3b9f9edd-8bd5-416c-bf7f-9d0da8807d71,00000000-0000-0000-0000-000000000001,Exited,2023-04-30,0,10162,null,null,0
3bb36569-1213-4fb1-9f1f-d40883261d63,00000000-0000-0000-0000-000000000001,Exited,2025-07-31,0,0,0.00,0.00,0.00
3c5d7e2c-44b1-43ba-8ac1-f78ac7bf9a90,00000000-0000-0000-0000-000000000001,Exited,2024-12-30,0,2250,null,null,0
3c6dfb4b-b32b-4155-bcc0-1eab4ccc55ce,00000000-0000-0000-0000-000000000001,Exited,2025-10-03,0,-177,0.00,0.00,0.00
3c7ccdf6-cc34-4475-9b15-a0933043ad80,00000000-0000-0000-0000-000000000001,Staying,null,0,0,0.00,0.00,0.00
3c9eac87-dd0b-49f5-ba27-aae22a7cf629,00000000-0000-0000-0000-000000000001,Exited,2024-06-02,0,19137,0.00,0.00,0.00
3ca315cc-b9c4-4379-be8c-c2df8c0e42d6,00000000-0000-0000-0000-000000000001,Staying,null,0,0,0.00,0.00,0.00
3cefa430-cbfb-4bcc-be8e-442a4a193045,00000000-0000-0000-0000-000000000001,Staying,null,0,null,0.00,0.00,0.00
3d2bb31e-a4e2-4d67-b934-8fbb641505da,00000000-0000-0000-0000-000000000001,On-Notice,null,0,0,0.00,0.00,0.00
3d9062ff-4eaf-4049-b19c-313968ac6125,00000000-0000-0000-0000-000000000001,Exited,2023-08-18,0,2484,null,null,0
3da3ab8f-68d6-4938-b8fd-1e3cab1a6464,00000000-0000-0000-0000-000000000001,Exited,2024-06-09,0,2250,0.00,0.00,0.00
3dbc494b-8cdf-4313-b3b7-54c739b3a23e,00000000-0000-0000-0000-000000000001,Exited,2024-09-15,0,5658,null,null,0
3e5c4637-e490-4562-aa63-5e0308c4ec9d,00000000-0000-0000-0000-000000000001,Exited,2025-02-03,0,18034,0.00,0.00,0.00
3ee6b4c7-33ea-450d-bc85-cd7bdfac9d9a,00000000-0000-0000-0000-000000000001,Exited,2024-08-09,0,25333,null,null,0
3ef2ede7-3e4d-4e6b-8c21-de508349b208,00000000-0000-0000-0000-000000000001,Exited,2024-06-06,0,6653,null,null,0
3f072df4-ca44-4975-9844-ebd8be4312e0,00000000-0000-0000-0000-000000000001,Staying,null,0,0,0.00,0.00,0.00
3f3f190e-a2eb-48e6-b702-8b5e67672ac5,00000000-0000-0000-0000-000000000001,Exited,2024-04-05,0,16400,null,null,0
402a2cd4-f2e5-4123-bc02-a3ded64c071c,00000000-0000-0000-0000-000000000001,Cancelled,null,0,null,null,null,0
40bfdd40-d013-43c1-b5e0-5b81cc7edf70,00000000-0000-0000-0000-000000000001,Exited,2023-08-30,0,23779,null,null,0
40c41229-cb7b-45da-8818-3433d1c20604,00000000-0000-0000-0000-000000000001,Exited,2025-10-01,0,33569,0.00,0.00,0.00
41399a68-74d6-4f82-8fd2-c3db8290ccfc,00000000-0000-0000-0000-000000000001,Exited,2025-12-31,0,24000,0.00,0.00,0.00
4149cf6f-ec53-43ab-8c10-30b59be2e67b,00000000-0000-0000-0000-000000000001,Exited,2024-04-17,0,10441,null,null,0
419e1438-3ed5-4447-9f4c-68505b3371d9,00000000-0000-0000-0000-000000000001,Staying,null,0,0,0.00,0.00,0.00
41ef036d-4bde-439a-b7a7-ad979c420d01,00000000-0000-0000-0000-000000000001,Exited,2024-10-08,0,7769,null,null,0
427ddc0b-65a4-4728-8b05-498644adea33,00000000-0000-0000-0000-000000000001,Cancelled,2024-07-05,0,null,null,null,0
4285ffb5-00b5-43ed-8956-07fcaeccb965,00000000-0000-0000-0000-000000000001,Exited,2026-06-14,0,0,0.00,0.00,0.00
42ec8bd7-528a-4997-a1e0-f1027504bc6c,00000000-0000-0000-0000-000000000001,Exited,2025-08-17,0,936,0.00,0.00,0.00
43058d1d-6ce8-4ad0-9f04-48ad2efa67c4,00000000-0000-0000-0000-000000000001,Staying,null,0,0,0.00,0.00,0.00
435014fe-a688-4ee7-970a-881f9e941376,00000000-0000-0000-0000-000000000001,Exited,2026-06-30,0,null,null,null,0
4352d50d-5c00-4355-8bcf-392a22b96126,00000000-0000-0000-0000-000000000001,Exited,2024-05-17,0,-3699,null,null,0
43586048-77c9-4561-9383-a68fe6f1a296,00000000-0000-0000-0000-000000000001,Exited,2024-10-22,0,20594,null,null,0
4364ae28-1999-46c4-86a4-3d9565069abf,00000000-0000-0000-0000-000000000001,Exited,2025-07-11,0,-4465,0.00,0.00,0.00
43900846-f9ce-4959-bb48-ffe5ba53ae57,00000000-0000-0000-0000-000000000001,Exited,2025-07-01,0,3668,null,null,0
4397e78a-e410-49f9-89b8-18f3bbeabf47,00000000-0000-0000-0000-000000000001,Exited,2024-12-25,0,28917,0.00,0.00,0.00
43ba38ca-08a9-4fda-9c38-448a30f1cbe9,00000000-0000-0000-0000-000000000001,Exited,2026-02-27,0,2250,0.00,0.00,0.00
43c6b7ce-fe19-4510-999e-bea6584c3fae,00000000-0000-0000-0000-000000000001,Exited,2023-02-08,0,21400,null,null,0
43d57acf-0a6c-41c7-9d13-0fe412aa5e7c,00000000-0000-0000-0000-000000000001,Exited,2025-04-02,0,-88,0.00,0.00,0.00
43dd8c38-f19b-4e75-a934-ec4c973686b9,00000000-0000-0000-0000-000000000001,Exited,2026-03-30,0,19950,0.00,0.00,0.00
43eec801-0423-458f-8e6c-dcadff5fcaf2,00000000-0000-0000-0000-000000000001,Exited,2026-03-02,0,20570,0.00,0.00,0.00
442202f1-6d3b-40f8-8d01-e139bea86647,00000000-0000-0000-0000-000000000001,Exited,2025-10-12,0,25000,null,null,0
442fb7e6-281c-4f92-8dc3-0f6af6cd61fb,00000000-0000-0000-0000-000000000001,Exited,2025-09-24,0,15741,0.00,0.00,0.00
443012e2-1bde-493b-9e05-e6d366b5495b,00000000-0000-0000-0000-000000000001,Exited,2026-01-15,0,32918,0.00,0.00,0.00
4444ce1a-ff96-4227-ba27-b4cbea47a808,00000000-0000-0000-0000-000000000001,Exited,2024-10-31,0,2150,null,null,0
447c43a0-e92a-46ea-8d81-d6ac82131b96,00000000-0000-0000-0000-000000000001,Exited,2024-02-29,0,911,null,null,0
44b14c26-5b84-4a81-912c-9b0e2c7b5ab2,00000000-0000-0000-0000-000000000001,Staying,null,0,null,0.00,0.00,0.00
44de4701-9ebc-4f66-9efb-71969131f583,00000000-0000-0000-0000-000000000001,Exited,2023-06-30,0,8443,0.00,0.00,0.00
4507404f-8056-48af-bccf-9df703e7d029,00000000-0000-0000-0000-000000000001,Exited,2025-07-05,0,6946,0.00,0.00,0.00
450ec5df-19e7-4701-8f3b-91a4f41e1058,00000000-0000-0000-0000-000000000001,Exited,2023-07-31,0,10715,null,null,0
450f401d-8436-48b4-a43d-76571ec1ee1f,00000000-0000-0000-0000-000000000001,Exited,2024-08-01,0,24000,null,null,0
451b1bff-8e9a-4f07-beaa-2abe3d3b9465,00000000-0000-0000-0000-000000000001,Exited,2025-07-20,0,-1607,null,null,0
4532ca03-379f-45b7-8b13-2d30129ad6f7,00000000-0000-0000-0000-000000000001,Exited,2024-06-15,0,4935,null,null,0
456cf34a-e5d6-46e0-aeb0-38eac990ae51,00000000-0000-0000-0000-000000000001,Exited,2023-10-08,0,16117,null,null,0
457cb561-fb62-48f5-9d62-a85a1323e543,00000000-0000-0000-0000-000000000001,Exited,2023-12-24,0,-1436,null,null,0
45df567e-3c5b-4da3-8bfd-6605e5e6c7a9,00000000-0000-0000-0000-000000000001,Exited,2026-07-18,0,0,0.00,0.00,0.00
460261c6-c1c2-4654-81fa-19637f3602a8,00000000-0000-0000-0000-000000000001,Staying,null,0,-0.44,0.00,0.00,0.00
467a4a8e-2db8-4bd3-a0b3-e4d37731be26,00000000-0000-0000-0000-000000000001,Staying,null,0,0,0.00,0.00,0.00
46a01983-9012-4cb2-b0d6-a9d1f573d3d0,00000000-0000-0000-0000-000000000001,Exited,2024-08-17,0,45413,null,null,0
46f10580-1d5d-4bb1-9cef-e69ea1f0bd54,00000000-0000-0000-0000-000000000001,Exited,2024-06-08,0,23235,0.00,0.00,0.00
47427b81-4142-421e-aa12-04d8f6f5d16d,00000000-0000-0000-0000-000000000001,Exited,2024-07-12,0,32500,0.00,0.00,0.00
47a0b433-921d-4b7e-8a44-bbb373b050e3,00000000-0000-0000-0000-000000000001,Exited,2024-05-31,0,30214,null,null,0
47e496e6-1ae7-4640-bcfd-9bdb5ecb1d89,00000000-0000-0000-0000-000000000001,Exited,2026-06-30,0,0,null,null,0
47ff34bd-dce4-48e4-91d4-a599695e48f1,00000000-0000-0000-0000-000000000001,Exited,2025-12-30,0,18201,0.00,0.00,0.00
4911da55-b10d-4ff0-811b-eeddb6a48ef5,00000000-0000-0000-0000-000000000001,Exited,2026-02-28,0,-1344,0.00,0.00,0.00
4933134e-7b7f-4653-9897-243b6ffb0ec5,00000000-0000-0000-0000-000000000001,Exited,2024-09-30,0,2250,null,null,0
493bfaf1-17d0-42bb-b17b-4ed62395522c,00000000-0000-0000-0000-000000000001,Exited,2024-01-03,0,6576,null,null,0
497443c8-a345-468e-bf84-e1f127c48871,00000000-0000-0000-0000-000000000001,Exited,2024-07-15,0,31215,null,null,0
498d6df6-513f-4c6b-af80-e8e4922b4d59,00000000-0000-0000-0000-000000000001,Exited,2023-10-15,0,8129,null,null,0
49b09056-47b3-4a11-8d08-91b6907ca646,00000000-0000-0000-0000-000000000001,Exited,2025-08-11,0,9204,0.00,0.00,0.00
49ceafeb-c3e1-495b-b140-05315cfcbdbe,00000000-0000-0000-0000-000000000001,Exited,2024-08-30,0,21750,null,null,0
4a138cca-052e-4a80-8e9e-c9cfad6ee7ce,00000000-0000-0000-0000-000000000001,Exited,2024-03-06,0,6429,null,null,0
4a578608-57b6-49f8-ac47-7386b4e4ba50,00000000-0000-0000-0000-000000000001,Cancelled,null,13065,null,13065.00,13065.00,0.00
4ab14a0f-9437-43ed-9504-94985a2312ab,00000000-0000-0000-0000-000000000001,Staying,null,0,0,0.00,0.00,0.00
4acc95f4-6a56-4163-8ede-28746e3da176,00000000-0000-0000-0000-000000000001,Exited,2023-11-09,0,7978,null,null,0
4aedd180-2aa2-4eab-bade-c5f39e770c79,00000000-0000-0000-0000-000000000001,Exited,2024-01-02,0,84,null,null,0
4afeb9db-d6f9-41e9-8082-bffccb1d82ea,00000000-0000-0000-0000-000000000001,Exited,2023-12-24,0,-296,null,null,0
4b2d4837-d16d-44d7-a05b-039c886602c9,00000000-0000-0000-0000-000000000001,Exited,2024-03-31,0,-1980,null,null,0
4ba52145-5e19-48d7-ac5d-3c487b6d3eaa,00000000-0000-0000-0000-000000000001,Exited,2024-04-17,0,0,0.00,0.00,0.00
4c012f66-06db-4f1c-9f52-211cd3540713,00000000-0000-0000-0000-000000000001,Exited,2025-11-08,0,-488,0.00,0.00,0.00
4c3b1aca-4db5-4dbe-94c8-4acaa07739cc,00000000-0000-0000-0000-000000000001,Exited,2026-02-28,0,1052,0.00,0.00,0.00
4c4837c0-6282-4361-adf3-89706623857c,00000000-0000-0000-0000-000000000001,Exited,2023-02-06,0,null,0.00,null,0
4c75be5e-2976-4903-a0dc-c5c51b4e3bc6,00000000-0000-0000-0000-000000000001,Exited,2024-12-07,0,-238,null,null,0
4cdbcb50-8269-4839-948a-b81ec476b274,00000000-0000-0000-0000-000000000001,Exited,2024-07-25,0,23500,0.00,0.00,0.00
4cfa8225-aa4f-4f73-acf6-83dfd41c1b6a,00000000-0000-0000-0000-000000000001,Exited,2025-06-05,0,21245,0.00,0.00,0.00
4cfcf95b-ab56-42e7-8b21-f2ccd356600a,00000000-0000-0000-0000-000000000001,Exited,2023-12-24,0,3250,null,null,0
4cfd84c6-f37a-4253-8ebf-67f925718505,00000000-0000-0000-0000-000000000001,Exited,2024-03-31,0,3750,null,null,0
4d3b5fa4-0bb1-45c9-ba28-b751ceb0e4cb,00000000-0000-0000-0000-000000000001,Exited,2023-09-15,0,10904,null,null,0
4d827797-b9e5-4f2d-8343-74b56ddd8df8,00000000-0000-0000-0000-000000000001,Exited,2025-02-15,0,23605,0.00,0.00,0.00
4d963ab3-10bd-442e-9324-ca8a5b0bf68f,00000000-0000-0000-0000-000000000001,Exited,2024-03-16,0,12600,null,null,0
4da78ee8-cbc6-4e20-949d-cf7237c7129e,00000000-0000-0000-0000-000000000001,Staying,null,0,0,0.00,0.00,0.00
4dd63429-058d-4acd-b326-3620e2c9624b,00000000-0000-0000-0000-000000000001,Exited,2026-01-31,0,0,0.00,0.00,0.00
4de925d8-04be-4537-b586-920bf18cc74f,00000000-0000-0000-0000-000000000001,Exited,2023-06-03,0,20295,null,null,0
4dfe3fd6-1496-41bf-84f6-295089a69529,00000000-0000-0000-0000-000000000001,Exited,2023-09-30,0,18850,null,null,0
4e99e268-4ae1-4512-ab86-632155c082f6,00000000-0000-0000-0000-000000000001,Exited,2024-04-17,0,40859,0.00,0.00,0.00
4eaa06fe-be7b-4d8f-8cba-fd92a3d3fb69,00000000-0000-0000-0000-000000000001,Exited,2025-09-30,0,19500,0.00,0.00,0.00
4eda8082-8d5d-4c98-9bb1-d2daeb9ad362,00000000-0000-0000-0000-000000000001,Exited,2024-03-01,0,10583,null,null,0
4eff7b9c-84b9-48f9-b546-e0556106f1e8,00000000-0000-0000-0000-000000000001,Staying,null,0,null,0.00,0.00,0.00
4f0effea-5b23-4cec-829d-13c7ba541fcf,00000000-0000-0000-0000-000000000001,Exited,2024-07-16,0,52436,null,null,0
4f712d5e-a137-4d11-a1e4-eadf54abc093,00000000-0000-0000-0000-000000000001,Exited,2025-12-23,0,-644,0.00,0.00,0.00
4f9f8094-514c-4f81-b9ca-2c6d968d744d,00000000-0000-0000-0000-000000000001,Exited,2023-12-05,0,-215.00,null,null,0
4fac063c-5430-4b03-984d-ddede60e9cee,00000000-0000-0000-0000-000000000001,Exited,2025-10-07,0,8280,0.00,0.00,0.00
4fbf07dd-60c4-4e20-a04f-3714c378ffec,00000000-0000-0000-0000-000000000001,Staying,null,0,null,0.00,0.00,0.00
4fdb3490-3888-490f-94d3-f96a80c4bdbc,00000000-0000-0000-0000-000000000001,Exited,2024-06-13,0,30750,null,null,0
5008836c-8f0b-4e7c-a0bc-a2df39870ecf,00000000-0000-0000-0000-000000000001,Exited,2025-11-29,0,22061,0.00,0.00,0.00
502454df-42ea-4cbd-9fd6-1997976a8555,00000000-0000-0000-0000-000000000001,Exited,2024-08-31,0,-1705,null,null,0
508c8a41-f86d-4b1c-877c-32061f4f7bcb,00000000-0000-0000-0000-000000000001,Staying,null,0,null,0.00,0.00,0.00
5114bc36-338b-48c4-b4b2-ca1da1311323,00000000-0000-0000-0000-000000000001,Exited,2024-11-20,0,-920,null,null,0
512e8781-33b0-43f5-b16d-c092917cfa1e,00000000-0000-0000-0000-000000000001,Exited,2024-04-15,0,26140,null,null,0
515d2d21-d8b2-432e-928d-aefbd3c5842a,00000000-0000-0000-0000-000000000001,Exited,2024-10-27,0,603,null,null,0
516e3c96-c474-4440-a492-8375a30eaede,00000000-0000-0000-0000-000000000001,Exited,2024-07-24,0,9996,null,null,0
51d487a4-362a-4bd9-a6a6-9dc3ef618cf6,00000000-0000-0000-0000-000000000001,Exited,2024-03-03,0,5537,null,null,0
5268e485-491e-40b7-942f-61c133c796bb,00000000-0000-0000-0000-000000000001,Staying,null,0,0,0.00,0.00,0.00
5284432c-8fee-4044-91ab-f8fff43f7c08,00000000-0000-0000-0000-000000000001,Exited,2023-12-31,0,48653,null,null,0
52a9f4b4-9410-42d9-873d-42c29ff6af8d,00000000-0000-0000-0000-000000000001,Exited,2024-06-02,0,6191,null,null,0
52aa41af-44c0-4882-8e76-6bcd5beaca95,00000000-0000-0000-0000-000000000001,Exited,2023-05-04,0,2446,null,null,0
52af2eb2-0f97-484b-aa94-fae6a75d64ab,00000000-0000-0000-0000-000000000001,Exited,2026-02-27,0,-1404,0.00,0.00,0.00
52d2cd7a-2b95-4dce-ad9f-b5f2a7500872,00000000-0000-0000-0000-000000000001,Exited,2026-01-31,0,16649,0.00,0.00,0.00
52d6aec0-5afc-4403-ac70-23cf15308741,00000000-0000-0000-0000-000000000001,Exited,2025-05-01,0,-105,0.00,0.00,0.00
53466569-020d-4b09-a63a-40197e9ac09c,00000000-0000-0000-0000-000000000001,Exited,2024-04-08,0,19444,null,null,0
5348f941-ea06-47de-9913-e7c4bfcec223,00000000-0000-0000-0000-000000000001,Exited,2025-05-31,0,32030,null,null,0
53672f06-4cbc-4116-a538-2cd56e5f49c4,00000000-0000-0000-0000-000000000001,Exited,2023-08-08,0,33546,null,null,0
537d7700-2397-448d-a0b5-3579e13e2964,00000000-0000-0000-0000-000000000001,Staying,null,468,null,468.00,468.00,0.00
5395b65b-ba1f-4960-9fca-37bcf710e72f,00000000-0000-0000-0000-000000000001,Exited,2022-12-15,0,1000,null,null,0
53a7fb28-646b-4386-84c8-81e1aed557c4,00000000-0000-0000-0000-000000000001,Exited,2024-10-21,0,13769,null,null,0
53f80b16-81c6-48dc-a5b5-3ffad0099564,00000000-0000-0000-0000-000000000001,Staying,null,0,0,0.00,0.00,0.00
54d84f2f-c9b8-4951-abec-4ae8d9b7786f,00000000-0000-0000-0000-000000000001,Exited,2023-11-04,0,12141,null,null,0
54e65874-c807-40e4-b543-99e3473c7ace,00000000-0000-0000-0000-000000000001,Exited,2024-01-10,0,7616,null,null,0
55469cc1-579d-4801-bbbd-4f113cad46e9,00000000-0000-0000-0000-000000000001,Staying,null,0,0,0.00,0.00,0.00
554f0704-337e-4989-af04-90f3048063d8,00000000-0000-0000-0000-000000000001,Exited,2024-10-05,0,22400,null,null,0
55765ce0-31dd-476c-87de-500e35aa75ed,00000000-0000-0000-0000-000000000001,Cancelled,null,13500,null,13500.00,13500.00,0.00
55c869da-c670-452e-aa98-469528be9efa,00000000-0000-0000-0000-000000000001,Exited,2026-07-18,0,0,0.00,0.00,0.00
562cd310-3e1b-47bd-94f6-8a209b566931,00000000-0000-0000-0000-000000000001,Exited,2025-06-24,0,26160,null,null,0
56498d84-884f-40e1-bd91-cfb6c94eb3f8,00000000-0000-0000-0000-000000000001,Exited,2025-09-30,0,-2620,0.00,0.00,0.00
56c74c11-314a-4b83-b979-71ab776e8ae3,00000000-0000-0000-0000-000000000001,Exited,2025-08-18,0,24000,0.00,0.00,0.00
56f4a140-164c-4b44-9fd5-7343feb6a7ad,00000000-0000-0000-0000-000000000001,Exited,2024-07-31,0,2250,null,null,0
5734d9ab-2692-44ed-8eff-cace015e0df7,00000000-0000-0000-0000-000000000001,Exited,2023-05-31,0,10035,null,null,0
5796b3a9-09ff-4bbc-a812-d94bdb9a8953,00000000-0000-0000-0000-000000000001,Exited,2024-04-07,0,21750,0.00,null,0
57bb44d1-76cc-445a-9a85-03ea01da86a2,00000000-0000-0000-0000-000000000001,Exited,2023-12-25,0,2250,null,null,0
57d1d250-caf0-4e54-afe7-757c96a4a181,00000000-0000-0000-0000-000000000001,Exited,2025-12-13,0,0,0.00,0.00,0.00
57ea1d04-79fa-4cd5-8dcb-a9f13f6dd7de,00000000-0000-0000-0000-000000000001,Exited,2025-01-14,0,590,null,null,0
58645b74-d329-43a5-8a41-6a361b974d72,00000000-0000-0000-0000-000000000001,Exited,2022-12-15,0,1000,null,null,0
58be17e4-d9ea-4d43-bf9e-e28c1fe5fec1,00000000-0000-0000-0000-000000000001,Exited,2023-11-30,0,45700,null,null,0
58da70c4-f496-42cb-83ec-0c4bfa1fc472,00000000-0000-0000-0000-000000000001,Exited,2023-02-25,0,1000,null,null,0
591c74b4-49b1-40ec-b9aa-e68026a2c352,00000000-0000-0000-0000-000000000001,Exited,2023-08-10,0,14319,null,null,0
597a1580-9401-42ce-a407-c9448d5017f6,00000000-0000-0000-0000-000000000001,Staying,null,0,0,0.00,0.00,0.00
597c2d33-b758-4acd-811b-c7b22289dcbc,00000000-0000-0000-0000-000000000001,Exited,2026-08-28,27431,43000.27,27431.00,27431.00,0.00
59864420-62d6-4d3b-9b98-6872f9821633,00000000-0000-0000-0000-000000000001,Exited,2025-09-10,0,16167,0.00,0.00,0.00
5a0db36f-c6e8-4fab-ab76-f9ab42b23e3c,00000000-0000-0000-0000-000000000001,Exited,2024-09-25,0,15603,null,null,0
5a447dd2-fab2-4ef3-8d42-75b2c36aaa4d,00000000-0000-0000-0000-000000000001,Exited,2024-10-31,0,22735,null,null,0
5b198a79-45c7-428f-8d45-a855dec2b7f6,00000000-0000-0000-0000-000000000001,Exited,2024-06-15,0,1371,null,null,0
5b402e4f-f074-438e-826b-fc33c15c440d,00000000-0000-0000-0000-000000000001,Exited,2023-06-15,0,19132,null,null,0
5b4a7af6-62e8-4971-87dc-8158a970b8fb,00000000-0000-0000-0000-000000000001,Exited,2025-07-31,0,0,null,null,0
5bc32985-0886-4295-a62a-9c74f68db984,00000000-0000-0000-0000-000000000001,Exited,2023-07-18,0,-16120,0.00,null,0
5c202072-a66c-4bc5-8908-03d82ac2718d,00000000-0000-0000-0000-000000000001,Exited,2025-06-07,0,494,0.00,0.00,0.00
5c6e4440-a7b7-4d5b-baec-a422ba050dcd,00000000-0000-0000-0000-000000000001,Staying,null,0,0,0.00,0.00,0.00
5c95a1ac-7b19-4b5d-a083-135551f8438d,00000000-0000-0000-0000-000000000001,Exited,2022-12-13,0,15696,0.00,null,0
5cf89856-c380-4ae6-9003-cb9bb358d958,00000000-0000-0000-0000-000000000001,Exited,2024-03-10,0,2150,null,null,0
5d477f76-89db-4254-a72c-93c95f1d1cec,00000000-0000-0000-0000-000000000001,Exited,2023-03-19,0,-23584.03,0.00,null,0
5dac2237-5cf3-47ca-a63e-d32f16420f6f,00000000-0000-0000-0000-000000000001,Exited,2026-05-13,0,0,0.00,0.00,0.00
5dccdbd9-0c56-4520-98f6-17d696beaea3,00000000-0000-0000-0000-000000000001,Exited,2023-09-30,0,9047,null,null,0
5e06feb5-626b-4ffe-a13c-86bb5e349dfe,00000000-0000-0000-0000-000000000001,Exited,2025-12-28,0,17917,0.00,0.00,0.00
5e7af76f-8d15-47b9-b335-63f9479672fa,00000000-0000-0000-0000-000000000001,Exited,2024-08-28,0,19076,null,null,0
5e7f4785-c0cf-4dda-9ef1-443e494bb982,00000000-0000-0000-0000-000000000001,Exited,2024-09-02,0,5189,null,null,0
5ea4709c-8062-4a64-8984-6ee517568b75,00000000-0000-0000-0000-000000000001,Exited,2023-05-25,0,30512,null,null,0
5efe4230-e081-4932-8bef-c352bd9eb4a7,00000000-0000-0000-0000-000000000001,Exited,2025-11-30,0,-1110,0.00,0.00,0.00
5f2f7523-c002-4fa5-b1b9-905a126d1bf9,00000000-0000-0000-0000-000000000001,Cancelled,null,0,null,0.00,0.00,0.00
5f3bdbac-ad4e-4470-8335-92e10836e2b9,00000000-0000-0000-0000-000000000001,Exited,2024-06-30,0,-2543,null,null,0
5f73fba4-3f0a-4892-83c8-c970974eccb2,00000000-0000-0000-0000-000000000001,Exited,2024-04-30,0,-7250,null,null,0
5f811af1-7d24-4112-8cad-e7245ea2634a,00000000-0000-0000-0000-000000000001,Exited,2024-11-04,0,24007,0.00,0.00,0.00
5fa9754b-a5a9-4fc6-a683-cb770077bc9c,00000000-0000-0000-0000-000000000001,Exited,2024-05-04,512,512,512.00,512.00,0.00
5fb13e8c-1901-4e83-9521-51597514e131,00000000-0000-0000-0000-000000000001,Exited,2025-03-31,0,3750,null,null,0
5fc57cce-98f7-47a7-93f9-5354e8de9c82,00000000-0000-0000-0000-000000000001,Exited,2024-11-09,0,-1246,null,null,0
5fcd5e70-7cdf-48fb-ad7e-d00f6d055871,00000000-0000-0000-0000-000000000001,Exited,2024-06-09,0,2250,0.00,0.00,0.00
5fd2b547-48d4-4ad8-b62e-fdcc828de415,00000000-0000-0000-0000-000000000001,Exited,2024-12-24,0,31565,null,null,0
602c8df1-d6ec-46d3-b843-8ccdbefca07d,00000000-0000-0000-0000-000000000001,Exited,2023-09-30,0,2250,null,null,0
60c43c2f-804e-4263-a5d5-8644b2369530,00000000-0000-0000-0000-000000000001,Exited,2024-12-31,0,3250,null,null,0
616effe0-2c07-4b9e-81b6-dc30cecd447a,00000000-0000-0000-0000-000000000001,Exited,2024-07-15,0,-930,null,null,0
618077c8-5dec-479f-834c-c71ced52966e,00000000-0000-0000-0000-000000000001,Exited,2026-04-16,0,0,0.00,0.00,0.00
6194596e-7834-47cd-88c4-b13082ada4ee,00000000-0000-0000-0000-000000000001,Exited,2026-05-13,0,0,0.00,0.00,0.00
61e8ab8c-3cbb-4815-ac41-eb07c4fd4cdc,00000000-0000-0000-0000-000000000001,Exited,2023-09-15,0,20500,null,null,0
62dc2b76-d436-4b3d-8d68-d366afc0ac24,00000000-0000-0000-0000-000000000001,Exited,2024-12-19,0,38773,0.00,0.00,0.00
635810a5-180f-4ea0-9f8f-5f593362f834,00000000-0000-0000-0000-000000000001,Exited,2023-01-31,0,7490,0.00,0.00,0.00
63a0159c-e6c8-4788-b958-b1f31f575481,00000000-0000-0000-0000-000000000001,Exited,2024-05-31,0,21364,null,null,0
63dc5133-4cd0-4c86-a93e-bf9b61b2d1ef,00000000-0000-0000-0000-000000000001,Exited,2025-12-01,0,2180,0.00,0.00,0.00
6475a997-0ace-47be-b0b2-03ed67dc3ca5,00000000-0000-0000-0000-000000000001,Exited,2024-05-31,0,29975,0.00,0.00,0.00
64768794-73a9-4562-af3d-29ad4599476a,00000000-0000-0000-0000-000000000001,Exited,2024-05-07,0,2024,null,null,0
6496c482-6282-4094-be95-a55929573369,00000000-0000-0000-0000-000000000001,Exited,2025-06-21,0,-1174,0.00,0.00,0.00
64e94573-3ff8-4444-8463-cc997625aa46,00000000-0000-0000-0000-000000000001,Exited,2025-08-10,0,-2400,0.00,0.00,0.00
65441d96-c57b-4b05-b65b-a7ff2a0b9127,00000000-0000-0000-0000-000000000001,Staying,null,0,null,0.00,0.00,0.00
6555e453-3efe-45a0-9b81-711fbf2d0726,00000000-0000-0000-0000-000000000001,Staying,null,0,0,0.00,0.00,0.00
655866ca-fb62-4a05-a3eb-bccb8a53adac,00000000-0000-0000-0000-000000000001,Exited,2024-05-31,0,25000,0.00,0.00,0.00
656473e2-7641-46ed-9ba0-9fa996a8b682,00000000-0000-0000-0000-000000000001,Staying,null,0,0,0.00,0.00,0.00
65f64e54-dd00-471f-befe-cd9a90c8f991,00000000-0000-0000-0000-000000000001,Exited,2025-08-16,0,1514,0.00,0.00,0.00
65fd2e81-3fe0-4030-bae3-f5eab85bdf90,00000000-0000-0000-0000-000000000001,Cancelled,null,0,null,null,null,0
662dbf71-b455-4f65-87d6-caf121586f6b,00000000-0000-0000-0000-000000000001,Exited,2024-05-31,0,27200,null,null,0
6658b5f8-6798-48ed-9e21-3fe4df3c32c4,00000000-0000-0000-0000-000000000001,Staying,null,0,null,0.00,0.00,0.00
668a42a5-32bc-4a00-af80-c060fecaeb03,00000000-0000-0000-0000-000000000001,Exited,2025-09-24,0,15741,0.00,0.00,0.00
66a2f50b-1a02-4134-99e1-3c38dffad558,00000000-0000-0000-0000-000000000001,Exited,2025-04-08,0,28723,0.00,0.00,0.00
66e0ed87-45df-4c65-a0bd-77023f980d24,00000000-0000-0000-0000-000000000001,Exited,2023-12-25,0,-3300,null,null,0
677998dd-ed5b-48fe-a19d-27e5fb278729,00000000-0000-0000-0000-000000000001,Exited,2023-09-30,0,2189,null,null,0
677acde0-af2d-4d1c-8602-d3613da6786b,00000000-0000-0000-0000-000000000001,Exited,2024-10-01,0,24000,null,null,0
681226d9-4d33-4f2a-909f-4d0a9fcbf8f8,00000000-0000-0000-0000-000000000001,Exited,2026-03-31,0,24250,null,null,0
68d18f9b-4507-4666-ac72-584dab73def6,00000000-0000-0000-0000-000000000001,Exited,2023-06-28,0,37178,0.00,0.00,0.00
68dcea2c-9101-48e1-80b1-1183a85f1def,00000000-0000-0000-0000-000000000001,Exited,2022-12-17,0,21400,null,null,0
68eca912-7b7a-4d76-915a-45c78963740c,00000000-0000-0000-0000-000000000001,Exited,2025-02-14,0,39912,null,null,0
69416dcc-69ff-4f82-ba4a-a9b81172d9d0,00000000-0000-0000-0000-000000000001,Exited,2023-12-31,0,13150,null,null,0
697875ab-bb4c-4ac9-8234-0c473478b420,00000000-0000-0000-0000-000000000001,Exited,2024-01-25,0,36393.33,null,null,0
697ad8b8-5795-40f2-9d6e-f9e1287c13c8,00000000-0000-0000-0000-000000000001,Exited,2025-07-05,0,6217,0.00,0.00,0.00
6a04c29f-9d98-49a4-b05b-5944c74de9db,00000000-0000-0000-0000-000000000001,Booked,null,0,null,null,null,0
6a5d492b-8175-4c5d-86ac-ff94ea72d963,00000000-0000-0000-0000-000000000001,Exited,2026-07-09,0,0,0.00,0.00,0.00
6a62bcb7-2838-4247-9556-3de6988f214f,00000000-0000-0000-0000-000000000001,Exited,2025-06-27,0,19589,0.00,0.00,0.00
6a7f31d4-8b7c-4873-a35e-a47903c0c2a7,00000000-0000-0000-0000-000000000001,Exited,2023-08-31,0,27394,null,null,0
6abcb9ba-4986-4fbc-ac9e-1c41b9a0cc13,00000000-0000-0000-0000-000000000001,Exited,2025-09-06,0,22750,null,null,0
6b283442-207c-4a26-8ca9-2214393a804b,00000000-0000-0000-0000-000000000001,Exited,2025-08-17,0,0,0.00,0.00,0.00
6b4279c2-88e5-42c6-84c1-71f20002952b,00000000-0000-0000-0000-000000000001,Staying,null,0,0,0.00,0.00,0.00
6bbf10b2-fdb1-4ed1-ae55-813b503b48f9,00000000-0000-0000-0000-000000000001,Exited,2025-04-05,0,-1891.77,0.00,0.00,0.00
6bc31fe9-d45f-4e28-8495-14cdd8e9aaab,00000000-0000-0000-0000-000000000001,Exited,2022-12-24,0,19900,null,null,0
6bc70656-6bda-442d-b5de-957845a9f912,00000000-0000-0000-0000-000000000001,Exited,2024-07-07,0,6594,null,null,0
6bda26b6-4b11-41e5-b158-8456181770d3,00000000-0000-0000-0000-000000000001,Exited,2024-09-01,0,3723,null,null,0
6beda474-f6a4-4444-aeee-9ac12318d295,00000000-0000-0000-0000-000000000001,Cancelled,null,0,null,null,null,0
6c08a897-9cd6-4c0c-8e6b-5f5b02a1c6a7,00000000-0000-0000-0000-000000000001,Exited,2024-07-11,0,null,0.00,null,0
6c324c5e-aeef-4e6f-9ef7-34c43ba95b3e,00000000-0000-0000-0000-000000000001,Exited,2025-05-28,0,2250,null,null,0
6c5f154c-ab3a-4495-a310-c207510ca983,00000000-0000-0000-0000-000000000001,Exited,2025-07-05,0,31500,0.00,0.00,0.00
6cd23393-298c-495f-ae83-185c23576866,00000000-0000-0000-0000-000000000001,Exited,2025-06-12,0,19345,0.00,0.00,0.00
6ce63b60-bffa-4279-b9e2-2e9817a487d6,00000000-0000-0000-0000-000000000001,Exited,2024-06-30,0,16500,null,null,0
6d011ce7-e45b-46e3-a3b4-3a304706eea2,00000000-0000-0000-0000-000000000001,Exited,2023-10-09,0,30728,null,null,0
6d185241-9d9d-4aca-8181-3856e4570373,00000000-0000-0000-0000-000000000001,Exited,2024-09-06,0,4948,null,null,0
6d27b7fa-9864-413d-81e2-6f298d2a12b3,00000000-0000-0000-0000-000000000001,Exited,2025-07-05,0,8255,0.00,0.00,0.00
6d71c50d-1efe-4198-bed3-b149788f2a88,00000000-0000-0000-0000-000000000001,Exited,2024-04-26,0,16461,null,null,0
6d956c8b-fb4b-472a-86dc-1822f77d09b6,00000000-0000-0000-0000-000000000001,Exited,2026-07-18,0,null,0.00,0.00,0.00
6de2a9a3-daa5-421e-b49a-4373d2afec05,00000000-0000-0000-0000-000000000001,Exited,2023-09-15,0,-2921,null,null,0
6e1472bb-6002-4892-99e0-a2cb506ec54c,00000000-0000-0000-0000-000000000001,Exited,2024-06-14,0,22750,0.00,0.00,0.00
6eae3c53-9212-4814-b991-b284ea8da158,00000000-0000-0000-0000-000000000001,Exited,2025-09-30,1000,0,1000.00,1000.00,0.00
6ebde561-2450-4a1b-b3f0-d59509c9c6d4,00000000-0000-0000-0000-000000000001,Exited,2025-05-20,0,12624,null,null,0
6eda4f36-5ba8-4b93-b2de-022481039f46,00000000-0000-0000-0000-000000000001,Exited,2026-01-17,0,26613,0.00,0.00,0.00
6edb4981-c302-4992-b7a8-e24912892b61,00000000-0000-0000-0000-000000000001,Staying,null,0,0,0.00,0.00,0.00
6eeeaa8d-a857-4a5d-bc20-06d00edbaedc,00000000-0000-0000-0000-000000000001,Exited,2024-09-04,0,13050,0.00,0.00,0.00
6f66b3f8-599e-4c02-a705-ded376c67223,00000000-0000-0000-0000-000000000001,Exited,2024-07-18,0,2250,null,null,0
6fcb602b-fe97-43aa-a191-4ce78f19cfa3,00000000-0000-0000-0000-000000000001,Exited,2025-07-11,0,0,0.00,0.00,0.00
700a7643-327e-4095-8700-552384c8ee7e,00000000-0000-0000-0000-000000000001,Exited,2025-02-14,0,0,null,null,0
7013f2db-d34c-4c31-b3eb-91d6dda154ff,00000000-0000-0000-0000-000000000001,Exited,2026-07-17,0,null,0.00,0.00,0.00
705a49c0-cb49-4536-a2c9-2c77d18ce169,00000000-0000-0000-0000-000000000001,Exited,2023-08-20,0,12383,null,null,0
70988ef1-13f8-4acd-ad04-bc3fea60f55f,00000000-0000-0000-0000-000000000001,Exited,2024-04-13,0,1500,null,null,0
70cf58d6-c59c-442f-bcb7-e982fce9a792,00000000-0000-0000-0000-000000000001,Exited,2023-10-13,0,14635,null,null,0
717f6b75-e390-4bb2-bc21-3eef99f9ac47,00000000-0000-0000-0000-000000000001,Exited,2025-11-07,0,-357,null,null,0
71996e3b-4769-4a60-a67d-35f760d47902,00000000-0000-0000-0000-000000000001,Exited,2024-08-31,0,-1513,null,null,0
71d445e4-70bb-46a7-8236-da61ebb65617,00000000-0000-0000-0000-000000000001,Exited,2023-03-31,0,9027,0.00,null,0
724f9e52-9cbe-4c63-889a-cff8851b9bf1,00000000-0000-0000-0000-000000000001,Exited,2023-05-31,0,19889,null,null,0
727d0a1e-834c-434a-aed5-028042d5a102,00000000-0000-0000-0000-000000000001,Cancelled,null,0,null,0.00,0.00,0.00
72a73808-8073-4ec5-9e91-6e4bdbe02c26,00000000-0000-0000-0000-000000000001,Exited,2022-12-24,0,18250,null,null,0
732a5356-417e-41a8-ac97-a5e5be93e8f4,00000000-0000-0000-0000-000000000001,Exited,2025-02-05,0,55114,null,null,0
73908ccf-13c3-406c-bf1b-c3d0b1b3f4ec,00000000-0000-0000-0000-000000000001,Exited,2024-07-27,0,23500,0.00,0.00,0.00
73f27fac-554e-48b2-b97d-1d42f202ef3e,00000000-0000-0000-0000-000000000001,Exited,2026-04-12,0,0,0.00,0.00,0.00
74b55c6a-d263-4477-9d29-4259b77d7523,00000000-0000-0000-0000-000000000001,Exited,2025-07-23,0,19571,0.00,0.00,0.00
74bb5eed-d2ab-4ca3-9ecc-e57958ad8df9,00000000-0000-0000-0000-000000000001,Exited,2024-11-30,0,-1680,null,null,0
74f14a8c-120f-495e-aa13-67707c1326f5,00000000-0000-0000-0000-000000000001,Exited,2023-07-07,0,6311,null,null,0
7576e09b-31e9-4e4d-934f-f41e491fa425,00000000-0000-0000-0000-000000000001,Exited,2024-02-07,0,5066,null,null,0
75bda7a3-784c-45cf-afb7-4daa289288fb,00000000-0000-0000-0000-000000000001,Exited,2025-04-30,0,1731.38,null,null,0
75f9c990-1b74-4429-8428-89d0ddab75ed,00000000-0000-0000-0000-000000000001,Exited,2023-04-20,0,37430,null,null,0
765379d8-118b-44af-aa30-79602e0297c6,00000000-0000-0000-0000-000000000001,Exited,2024-05-31,0,1280,null,null,0
76907e36-77a4-4a95-a8cb-02e265eb29bf,00000000-0000-0000-0000-000000000001,Exited,2026-01-12,0,245.98,0.00,0.00,0.00
76f856ea-75bf-4a65-b822-9265eb344968,00000000-0000-0000-0000-000000000001,Staying,null,0,0,0.00,0.00,0.00
775396ff-81c7-4669-b5d7-e7436a0ea122,00000000-0000-0000-0000-000000000001,Exited,2022-12-10,0,4410,0.00,null,0
778655b7-c1e0-4699-9ee7-0e5834799010,00000000-0000-0000-0000-000000000001,Exited,2025-12-15,0,26843.11,0.00,0.00,0.00
7790b900-db16-4855-bf52-32d929c70e45,00000000-0000-0000-0000-000000000001,Exited,2025-09-04,0,1406,0.00,0.00,0.00
77b097a8-e856-4264-a152-5fc4d84e06a0,00000000-0000-0000-0000-000000000001,Exited,2025-07-05,0,13379,0.00,0.00,0.00
77bcab5b-9a93-4daa-91bd-9b8fa4b709e3,00000000-0000-0000-0000-000000000001,Exited,2024-06-11,0,34137,null,null,0
780dc984-9bf9-4aa8-bc3c-227a2829f184,00000000-0000-0000-0000-000000000001,Exited,2026-02-17,0,9439,0.00,0.00,0.00
78132c63-5404-438d-945f-f182c310acfb,00000000-0000-0000-0000-000000000001,Exited,2025-03-13,0,21750,null,null,0
785642e6-1ae8-4a83-99b9-2b8348a0cc73,00000000-0000-0000-0000-000000000001,Exited,2025-06-07,0,31500,null,null,0
788902e5-a961-4b4f-a8df-5f1b58c60105,00000000-0000-0000-0000-000000000001,Exited,2025-08-06,0,26500,null,null,0
7942e994-f3e4-4fd3-bff5-777b11eb40b6,00000000-0000-0000-0000-000000000001,Exited,2025-06-27,0,2250,0.00,0.00,0.00
7a3b9b70-5ab2-46f2-9f96-d40563863bb9,00000000-0000-0000-0000-000000000001,Exited,2025-09-28,0,13653,0.00,0.00,0.00
7a3bcd81-bc55-44a9-95b9-eb58e4b9043a,00000000-0000-0000-0000-000000000001,Exited,2022-11-20,0,21400,null,null,0
7a7b89cf-0fde-4956-b3c5-08705f05807d,00000000-0000-0000-0000-000000000001,Exited,2025-03-03,0,1894,null,null,0
7ac0b678-6273-4da8-abc6-addd1cfef95c,00000000-0000-0000-0000-000000000001,Exited,2022-12-30,0,-6160,0.00,0.00,0.00
7accdd63-1485-464a-806d-b438e220d5f5,00000000-0000-0000-0000-000000000001,Exited,2024-06-15,0,3135,null,null,0
7aea3086-2b56-4649-8da2-a76852bcd034,00000000-0000-0000-0000-000000000001,Exited,2024-01-25,0,31212,null,null,0
7c23b4a5-63fa-47d1-8211-a565f6ed8ee9,00000000-0000-0000-0000-000000000001,Staying,null,1630,1630,1630.00,1630.00,0.00
7c83dcf3-f370-4430-9826-a6e78672cd5e,00000000-0000-0000-0000-000000000001,Exited,2025-08-01,0,33304,null,null,0
7ca523ea-866d-44bb-b2d2-2d375337d38c,00000000-0000-0000-0000-000000000001,Exited,2023-10-14,0,20500,0,null,0
7ce12566-27b9-4350-9d4f-0270d24be293,00000000-0000-0000-0000-000000000001,Exited,2024-05-31,0,24160,null,null,0
7ce79ba5-79fe-49c0-9e0a-2ace149ffbd0,00000000-0000-0000-0000-000000000001,Staying,null,0,0,0.00,0.00,0.00
7d18db2b-245f-4c5d-a3e0-2b84f436c943,00000000-0000-0000-0000-000000000001,Exited,2025-07-13,0,-1105,null,null,0
7d28ee88-18cb-440b-86e4-24732d117a8b,00000000-0000-0000-0000-000000000001,Exited,2025-06-01,0,24000,0.00,0.00,0.00
7d443297-a984-4f74-b992-7e971ca01250,00000000-0000-0000-0000-000000000001,Exited,2024-11-20,0,-2720,null,null,0
7d4b2d93-5a67-4cab-9d04-109cf1b346b1,00000000-0000-0000-0000-000000000001,Exited,2025-06-10,0,2250,0.00,0.00,0.00
7dab7637-2452-4733-b6df-b682c2da172d,00000000-0000-0000-0000-000000000001,Exited,2025-01-19,0,23500,null,null,0
7de10146-20a1-4aca-aad6-cba4b7ee0d10,00000000-0000-0000-0000-000000000001,Staying,null,0,null,0.00,0.00,0.00
7de85026-5c55-4ab3-b028-9efeef6d8701,00000000-0000-0000-0000-000000000001,Exited,2024-01-28,0,21150,null,null,0
7df29bce-4c09-4875-b1ff-9a001f5753bc,00000000-0000-0000-0000-000000000001,Exited,2023-12-22,0,83453,null,null,0
7f3ffec8-9b1c-4df8-bbac-f6e9bd04c00e,00000000-0000-0000-0000-000000000001,Exited,2025-07-03,0,8004,null,null,0
7f5cffa5-4263-4a72-befd-9edc350013a0,00000000-0000-0000-0000-000000000001,Cancelled,null,0,null,null,null,0
7fbb45b3-c667-4029-8cc7-f4587a3f9901,00000000-0000-0000-0000-000000000001,Exited,2024-12-20,0,13224,null,null,0
7fe30671-daee-4f76-90ae-6f6c728383b0,00000000-0000-0000-0000-000000000001,Exited,2024-06-30,0,5250,0.00,0.00,0.00
802ace6f-47d3-4de4-ab64-6c90bb5f6212,00000000-0000-0000-0000-000000000001,Exited,2024-05-10,0,9575,null,null,0
8063d53b-2037-4d29-b8f9-6443c5209d1e,00000000-0000-0000-0000-000000000001,Exited,2023-09-30,0,3750,null,null,0
807af96c-1bab-4972-a055-2b143ce2d0ba,00000000-0000-0000-0000-000000000001,Exited,2023-11-03,0,19625,null,null,0
807be581-90a6-4282-bf63-0fba98f5b1d7,00000000-0000-0000-0000-000000000001,Exited,2024-06-07,0,0,null,null,0
80eee016-bb9d-4eef-ae7d-9dc3447673bf,00000000-0000-0000-0000-000000000001,Exited,2024-01-24,0,250,0.00,0.00,0.00
811c8d66-7a3f-457b-9dcc-4f53c8671fe1,00000000-0000-0000-0000-000000000001,Exited,2025-05-31,0,18860,0.00,0.00,0.00
81207d06-2e2d-431b-95ed-5aaa0c6eb1b1,00000000-0000-0000-0000-000000000001,Exited,2022-12-24,0,18250,null,null,0
8199be90-a807-4cdf-9133-819a6efc1905,00000000-0000-0000-0000-000000000001,Exited,2026-04-04,0,0,0.00,0.00,0.00
81b1c21e-ed7c-4ea3-a192-ef5429fd6e71,00000000-0000-0000-0000-000000000001,Exited,2023-08-08,0,22532,null,null,0
81ba2f90-8814-4a61-8777-c2b150c5e234,00000000-0000-0000-0000-000000000001,Exited,2025-01-28,0,16370,null,null,0
81eaee4a-ea11-4d6e-90df-b97db88db260,00000000-0000-0000-0000-000000000001,Exited,2024-11-22,0,2249,null,null,0
81f71080-dac7-40e9-bb6b-3526cdd47015,00000000-0000-0000-0000-000000000001,Staying,null,0,0,0.00,0.00,0.00
8232f9de-eb07-459b-999a-6fe2c9e44a47,00000000-0000-0000-0000-000000000001,Exited,2023-12-31,0,5700,null,null,0
83336658-86b1-49ec-b67f-8e99853628a0,00000000-0000-0000-0000-000000000001,Exited,2024-05-31,0,5250,null,null,0
8360a5e4-df00-4a86-b326-2f6b2f85bd25,00000000-0000-0000-0000-000000000001,Exited,2023-04-30,0,-2200,null,null,0
83dd2c1e-368b-4c57-b9b8-fbcd6ae6ea9f,00000000-0000-0000-0000-000000000001,Staying,null,0,-1,0.00,0.00,0.00
8407f632-d588-4d3e-ae96-bd55baafd4aa,00000000-0000-0000-0000-000000000001,Exited,2024-05-03,0,18876,null,null,0
8419d24a-5624-4735-bd3c-af55612a12f8,00000000-0000-0000-0000-000000000001,Exited,2025-10-09,0,6980,0.00,0.00,0.00
841f2fd3-7364-4cc7-b1c0-35aa7cefee9f,00000000-0000-0000-0000-000000000001,Exited,2025-07-31,0,0,0.00,0.00,0.00
8441d5c4-fdfc-4731-9e95-7af2570dc7ea,00000000-0000-0000-0000-000000000001,Exited,2025-05-24,0,276,0.00,0.00,0.00
845cdbab-67cd-4791-951f-ea3a752dd1e3,00000000-0000-0000-0000-000000000001,Exited,2023-05-31,0,25550,null,null,0
848caf4f-f138-4018-bd9a-5af14f58bbc4,00000000-0000-0000-0000-000000000001,Exited,2023-11-30,0,22150,null,null,0
84a6864a-847a-491d-9dcd-e98868d7063f,00000000-0000-0000-0000-000000000001,Exited,2025-07-31,0,0,0.00,0.00,0.00
84ed620a-626e-495a-895b-488a5812e183,00000000-0000-0000-0000-000000000001,Exited,2026-04-10,0,0,0.00,0.00,0.00
84f750f2-9bbd-424f-ba7f-7193189241be,00000000-0000-0000-0000-000000000001,Exited,2025-07-26,0,-1742,null,null,0
853365cf-91e5-4430-935f-075097e6d30a,00000000-0000-0000-0000-000000000001,Exited,2023-05-31,0,17017,null,null,0
85e79c68-e122-41a5-8ee1-c3204600babb,00000000-0000-0000-0000-000000000001,Exited,2024-04-30,0,23755,0.00,0.00,0.00
86487ac8-dd1c-42b7-89d1-689e51cfa348,00000000-0000-0000-0000-000000000001,Exited,2024-08-01,0,24000,null,null,0
866f165e-557f-4591-8050-923411f82acb,00000000-0000-0000-0000-000000000001,Exited,2024-05-31,0,24160,null,null,0
86bd0990-56e2-4bc9-97d0-f4794c3ea567,00000000-0000-0000-0000-000000000001,Exited,2025-08-31,0,-2139,0.00,0.00,0.00
874b3b50-b801-4e30-a0a9-808746433886,00000000-0000-0000-0000-000000000001,Staying,null,0,0,0.00,0.00,0.00
874e9230-dcd8-4e67-8070-e93164f0cf75,00000000-0000-0000-0000-000000000001,Exited,2024-06-22,0,0,null,null,0
8785933b-d7db-45ce-8753-21f7273ced44,00000000-0000-0000-0000-000000000001,Exited,2024-07-19,0,-1178,null,null,0
879a2c88-0d40-4f5c-8c97-44596d6d79b6,00000000-0000-0000-0000-000000000001,Exited,2026-04-30,0,0,0.00,0.00,0.00
87f857a9-de6f-45c8-8a79-2e660fa0c50d,00000000-0000-0000-0000-000000000001,Exited,2024-09-30,0,18641,null,null,0
88123924-7cf3-4c60-b7ea-b90a9b780b9c,00000000-0000-0000-0000-000000000001,Exited,2026-03-05,0,24388,0.00,0.00,0.00
889897ed-f2e0-4625-addc-0dd9f21e8189,00000000-0000-0000-0000-000000000001,Exited,2022-12-04,0,21400,null,null,0
88d7f91b-4b17-432a-85d0-f0bdcdd44b99,00000000-0000-0000-0000-000000000001,Exited,2025-09-18,0,12562,0.00,0.00,0.00
8954e026-2f8f-4c54-96d8-8b5519d62928,00000000-0000-0000-0000-000000000001,Exited,2025-10-06,0,9221,0.00,0.00,0.00
89a2e9a1-acaf-4bfd-996a-8a996e3d3f9a,00000000-0000-0000-0000-000000000001,Exited,2025-12-01,0,39619,0.00,0.00,0.00
8a0ab625-5691-4394-82ef-44ef90833de2,00000000-0000-0000-0000-000000000001,Exited,2025-04-30,0,1950,0.00,0.00,0.00
8a4c7903-f9d2-4a48-bbb2-7b0083c6a258,00000000-0000-0000-0000-000000000001,Exited,2023-12-01,0,-50,null,null,0
8a9625a2-0250-4dbc-b8f9-a6309fa3b6a6,00000000-0000-0000-0000-000000000001,Exited,2023-10-07,0,20346,null,null,0
8b1e9788-785c-4db6-8417-dbf3b2e0e89d,00000000-0000-0000-0000-000000000001,Exited,2023-09-30,0,36015,null,null,0
8c07adec-fe19-4c85-b350-e57228e17f68,00000000-0000-0000-0000-000000000001,Exited,2025-06-08,0,4226,null,null,0
8c13229c-0ce4-4c8d-acd8-1172c9d8c97c,00000000-0000-0000-0000-000000000001,Exited,2023-07-31,0,2250,null,null,0
8c96bbeb-234f-4c4e-b3f0-dea0ea5a1cac,00000000-0000-0000-0000-000000000001,Exited,2025-10-20,0,-2540,0.00,0.00,0.00
8cb7b15b-afe2-4003-992c-b7a03d293f54,00000000-0000-0000-0000-000000000001,Exited,2024-04-05,0,5958,null,null,0
8cd3ef09-94c7-4773-b3fb-823d2cf16c19,00000000-0000-0000-0000-000000000001,Exited,2026-07-18,0,null,0.00,0.00,0.00
8cee691a-97d4-4d48-9261-a1bac530fe9b,00000000-0000-0000-0000-000000000001,Exited,2023-05-31,0,15558,null,null,0
8d1541fa-8ce0-467b-90c0-527766d7c703,00000000-0000-0000-0000-000000000001,Exited,2025-10-16,0,2160,0.00,0.00,0.00
8d250b74-9006-4464-882e-2e37894580aa,00000000-0000-0000-0000-000000000001,Cancelled,null,0,null,0.00,0.00,0.00
8dd4cde4-2050-4622-be37-13f72db9b434,00000000-0000-0000-0000-000000000001,Exited,2025-07-26,0,-1742,0.00,0.00,0.00
8df6ff2e-27cf-4867-be3a-4049c58f1258,00000000-0000-0000-0000-000000000001,Cancelled,null,0,null,null,null,0
8e0f4391-a34e-4de7-8ee4-45c05963f9c5,00000000-0000-0000-0000-000000000001,Exited,2024-01-16,0,25201.81,null,null,0
8e10f843-91e1-4e44-bbfe-e8a26e3665fb,00000000-0000-0000-0000-000000000001,Exited,2024-08-31,0,2250,null,null,0
8e4074c3-c4f7-4999-bcaa-03c2a94abafc,00000000-0000-0000-0000-000000000001,Exited,2025-02-15,0,-780,null,null,0
8e5a25a3-aa63-48ba-9534-428a57218e69,00000000-0000-0000-0000-000000000001,Exited,2025-06-30,0,29087,0.00,0.00,0.00
8e96a43e-6fd9-4323-8d17-2c4e2317d420,00000000-0000-0000-0000-000000000001,Exited,2025-12-10,0,7910,0.00,0.00,0.00
8ecb6643-b643-4649-8b98-a49c1f7163af,00000000-0000-0000-0000-000000000001,Exited,2023-11-07,0,56900,null,null,0
8f974785-0027-4c0c-88de-592a5fb9ed17,00000000-0000-0000-0000-000000000001,Exited,2025-08-08,0,1586,0.00,0.00,0.00
90142d7f-0cd3-4395-bc25-258ff0c2be66,00000000-0000-0000-0000-000000000001,Exited,2024-06-13,0,10342,null,null,0
902fa4e5-f7dd-4671-9d39-6516ba2e51d8,00000000-0000-0000-0000-000000000001,On-Notice,null,0,-0.24,0.00,0.00,0.00
9086606b-5e93-4208-af95-d0e4f496b7a5,00000000-0000-0000-0000-000000000001,Exited,2025-06-21,0,2250,0.00,0.00,0.00
90db06be-f710-455c-91a5-b5e863bb2caf,00000000-0000-0000-0000-000000000001,Exited,2026-01-26,0,19606.79,0.00,0.00,0.00
90df3267-4239-48a4-89aa-4a61e24239bc,00000000-0000-0000-0000-000000000001,Staying,null,0,0.16,0.00,0.00,0.00
9131c211-f95d-4213-9955-02879ced6aaf,00000000-0000-0000-0000-000000000001,Staying,null,0,0,0.00,0.00,0.00
918ecd2a-8085-4aa5-ab1e-fd1708761fc0,00000000-0000-0000-0000-000000000001,Exited,2025-05-08,0,31495,0.00,0.00,0.00
91ac3395-115d-464c-b811-f5b619028011,00000000-0000-0000-0000-000000000001,Exited,2026-02-28,0,2250,0.00,0.00,0.00
9213b9cf-1bcf-41e7-a060-e578f718f991,00000000-0000-0000-0000-000000000001,Exited,2026-02-04,0,4309.55,0.00,0.00,0.00
92255795-d08a-477d-b997-687f071d6358,00000000-0000-0000-0000-000000000001,Exited,2025-08-01,0,24000,0.00,0.00,0.00
924c2996-22b9-4f75-a760-a40afe04263f,00000000-0000-0000-0000-000000000001,Exited,2026-04-04,0,0,0.00,0.00,0.00
937ee80d-f705-4af9-95be-9f301627032b,00000000-0000-0000-0000-000000000001,Exited,2023-05-06,0,2479,null,null,0
94474160-d37a-495d-a16f-f7280c3b7a29,00000000-0000-0000-0000-000000000001,Staying,null,0,-0.13,0.00,0.00,0.00
948c83b1-ecc1-440f-9997-479b290ef8a0,00000000-0000-0000-0000-000000000001,Staying,null,0,0,0.00,0.00,0.00
950d7f64-2cc1-4259-b271-47a4f667913f,00000000-0000-0000-0000-000000000001,Exited,2023-06-03,0,17301,null,null,0
953c914c-4d92-4ca0-91cf-69a5a15edbe9,00000000-0000-0000-0000-000000000001,Exited,2025-03-16,0,0,0.00,0.00,0.00
954a76d4-6294-4fd9-9c87-30457c524da9,00000000-0000-0000-0000-000000000001,Exited,2025-11-29,0,22495,0.00,0.00,0.00
954fff8e-069a-494d-be90-9a5ed01b5fa9,00000000-0000-0000-0000-000000000001,Exited,2024-04-30,0,-43000,0.00,0.00,0.00
956b173b-5f08-4c46-999e-d04c26cb3609,00000000-0000-0000-0000-000000000001,Staying,null,0,0,0.00,0.00,0.00
956b4511-b9af-4036-85ca-b2fd208a7522,00000000-0000-0000-0000-000000000001,Exited,2023-05-31,0,17889,null,null,0
95855f3f-2de6-4518-923a-d6bb61e6edd7,00000000-0000-0000-0000-000000000001,Exited,2025-11-07,0,-9716,0.00,0.00,0.00
959010dc-2b21-4db0-bbcc-902c491be61d,00000000-0000-0000-0000-000000000001,Staying,null,0,18732,0.00,0.00,0.00
95ab14dc-c1e7-4e0b-9109-5f606989644e,00000000-0000-0000-0000-000000000001,Exited,2024-07-31,0,2250,null,null,0
95cb46b6-3bcf-463a-b4bb-9043a2332f31,00000000-0000-0000-0000-000000000001,Exited,2024-05-02,0,4380,null,null,0
95d4bd20-0e15-4d41-8379-da5ea7d3153b,00000000-0000-0000-0000-000000000001,Exited,2024-04-30,0,24004,null,null,0
960e9375-979e-48a5-8bf7-1f5e4f821d99,00000000-0000-0000-0000-000000000001,Exited,2025-09-20,0,13807,0.00,0.00,0.00
963cf5bf-9228-4f80-b0f3-4bca56cb47fc,00000000-0000-0000-0000-000000000001,Exited,2025-08-16,0,31500,0.00,0.00,0.00
9648904d-4b0b-4ce4-acc8-394f89e97388,00000000-0000-0000-0000-000000000001,Exited,2023-12-26,0,2250,null,null,0
966f1055-d97b-4cc8-98b7-1813c83eb3ad,00000000-0000-0000-0000-000000000001,Exited,2024-12-31,0,3000,null,null,0
967093eb-114f-4888-a2d2-501238d2b8d2,00000000-0000-0000-0000-000000000001,Exited,2025-06-26,0,2250,0.00,0.00,0.00
9698da1c-596f-48ae-8618-16b9c409f192,00000000-0000-0000-0000-000000000001,On-Notice,null,0,0,0.00,0.00,0.00
96b11b68-e1cb-41d5-be11-128779a6cfcf,00000000-0000-0000-0000-000000000001,Exited,2024-08-01,0,30750,null,null,0
96de0901-00a4-4065-9724-f9c3d04d2014,00000000-0000-0000-0000-000000000001,Exited,2024-05-31,0,15990,null,null,0
97161abf-8476-4258-b89b-9f6059068720,00000000-0000-0000-0000-000000000001,Exited,2023-10-18,0,14780,null,null,0
972aee8a-7e77-4604-ab82-bb3e3894832f,00000000-0000-0000-0000-000000000001,Exited,2023-05-31,0,17389,null,null,0
976e5e3e-9aa9-464c-9f27-f8765ddb1380,00000000-0000-0000-0000-000000000001,Exited,2024-10-18,0,null,0.00,null,0
9775d9bc-9ec9-4ce1-9956-df9fb745df70,00000000-0000-0000-0000-000000000001,Exited,2024-09-06,0,7088,null,null,0
979dd39a-8d84-462b-b5db-ccd885fc0208,00000000-0000-0000-0000-000000000001,Exited,2023-08-04,0,10025,null,null,0
981fad8e-7c7a-45a9-af81-073da2585486,00000000-0000-0000-0000-000000000001,Exited,2023-08-05,0,13643,null,null,0
98a505a9-d139-431f-b01e-b943795f434d,00000000-0000-0000-0000-000000000001,Exited,2025-07-10,0,-2630,0.00,0.00,0.00
98eeb599-e464-442a-be7c-f04b854c45f5,00000000-0000-0000-0000-000000000001,Exited,2024-07-29,0,30750,null,null,0
990bff4a-f22f-491f-9a32-5aa2dd5b7fbb,00000000-0000-0000-0000-000000000001,Exited,2023-01-28,0,1000,null,null,0
9a28f02e-b541-46d1-a5fe-5391359b82fe,00000000-0000-0000-0000-000000000001,Exited,2023-08-31,0,1032,0.00,0.00,0.00
9a794a01-a364-4e43-864a-7bf79f112458,00000000-0000-0000-0000-000000000001,Exited,2024-07-17,0,11585,null,null,0
9ad1d363-c598-4faa-ad0e-b781657d4191,00000000-0000-0000-0000-000000000001,Exited,2023-12-31,0,31362,null,null,0
9ae6a01c-a37b-4aed-858c-91ea566d38ab,00000000-0000-0000-0000-000000000001,Exited,2026-03-09,0,38238.25,0.00,0.00,0.00
9b2b3fe5-0f02-4525-a84a-61d6418d0fa4,00000000-0000-0000-0000-000000000001,Staying,null,0,0,0.00,0.00,0.00
9ba03bcb-5a6e-4d0a-84d6-c5cc76f1adc1,00000000-0000-0000-0000-000000000001,Cancelled,2024-07-19,0,null,null,null,0
9bdf254a-5df8-44a7-813b-e9b06e4ff4f2,00000000-0000-0000-0000-000000000001,Exited,2024-12-14,0,2532,null,null,0
9c29f798-675e-422a-b4fa-e91d17f84eb4,00000000-0000-0000-0000-000000000001,Exited,2026-05-05,0,0,0.00,0.00,0.00
9c5f6705-4936-4bf4-91d9-8bd75b4c341b,00000000-0000-0000-0000-000000000001,Staying,null,0,0,0.00,0.00,0.00
9c7a215e-253b-493c-ab79-4d656c88fd38,00000000-0000-0000-0000-000000000001,Exited,2025-07-26,0,-2728,0.00,0.00,0.00
9c9383b3-b322-473d-83e3-34d3507f55da,00000000-0000-0000-0000-000000000001,Exited,2024-07-31,0,2250,null,null,0
9c96f217-d8b2-4d8c-aae1-ac96d64f6a68,00000000-0000-0000-0000-000000000001,Exited,2022-12-12,0,19900,null,null,0
9ca446d4-b058-487a-a30b-aa7885b54dba,00000000-0000-0000-0000-000000000001,Exited,2023-12-24,0,-290,null,null,0
9d144313-6057-4adc-bbd0-f6940dc3f37e,00000000-0000-0000-0000-000000000001,Exited,2023-11-10,0,-480,null,null,0
9d68a15f-2c09-4d92-aafc-00500eb1cd66,00000000-0000-0000-0000-000000000001,Exited,2025-01-18,0,34469,null,null,0
9ddc3b2e-3ea3-44e6-b674-4cc843ee0e0d,00000000-0000-0000-0000-000000000001,Staying,null,0,0,0.00,0.00,0.00
9de091ed-d2b1-4c1d-9d63-af7fe15eb2d3,00000000-0000-0000-0000-000000000001,Exited,2023-03-31,0,21400,null,null,0
9e0f8073-801f-474f-b49d-53dfad4ea567,00000000-0000-0000-0000-000000000001,Exited,2024-04-15,0,11422,null,null,0
9e147869-9f68-418d-af1c-8cdb85f540ed,00000000-0000-0000-0000-000000000001,Exited,2025-03-01,0,24468,null,null,0
9e4aafe0-ac55-401f-9248-72b172150db8,00000000-0000-0000-0000-000000000001,Exited,2023-07-31,0,14150,null,null,0
9ed28830-e432-4c58-9c57-c514a0ece246,00000000-0000-0000-0000-000000000001,Exited,2025-03-31,0,0,0.00,0.00,0.00
9f4616fa-a5b3-4973-b0e8-fe9dc42e5706,00000000-0000-0000-0000-000000000001,Exited,2024-03-27,0,2250,null,null,0
a0c56020-2eb8-4b3c-80a2-f837b1555d64,00000000-0000-0000-0000-000000000001,Staying,null,0,0,0.00,0.00,0.00
a0cd9c66-c067-4001-ad7b-586b6c15537e,00000000-0000-0000-0000-000000000001,Staying,null,0,0,0.00,0.00,0.00
a15489ed-053d-4793-b95b-de0cafc05473,00000000-0000-0000-0000-000000000001,Staying,null,0,0,0.00,0.00,0.00
a18677b0-7ed0-4d9a-b9b3-f425550c1e96,00000000-0000-0000-0000-000000000001,Exited,2023-12-31,0,39250,null,null,0
a19cb77a-2e51-4ca9-88b6-1c9423cd7b63,00000000-0000-0000-0000-000000000001,Exited,2025-08-15,0,-47.86,0.00,0.00,0.00
a28bb1f5-9704-48e7-beab-26353d29a960,00000000-0000-0000-0000-000000000001,Exited,2025-04-30,0,2250,0.00,0.00,0.00
a2b0ee31-8c68-4f88-82a0-a97f2818ee85,00000000-0000-0000-0000-000000000001,Staying,null,0,0,0.00,0.00,0.00
a2b40718-04d7-4dbb-9143-65a881e8a092,00000000-0000-0000-0000-000000000001,Exited,2025-10-01,0,2000,0.00,0.00,0.00
a2f5f487-4815-4afa-b790-bf52a37e2d4b,00000000-0000-0000-0000-000000000001,Exited,2024-11-20,0,-920,null,null,0
a30a269f-f3bc-415e-955d-93910e76c95c,00000000-0000-0000-0000-000000000001,Exited,2025-02-10,0,-420,null,null,0
a3211f6f-c8e9-4a53-84a7-f4b4e3680084,00000000-0000-0000-0000-000000000001,Exited,2023-07-31,0,2250,null,null,0
a38411a4-41ea-4525-b071-7072a55c3975,00000000-0000-0000-0000-000000000001,Staying,null,0,0,0.00,0.00,0.00
a3cfd3dc-4afc-4129-8b06-9756a905d971,00000000-0000-0000-0000-000000000001,Exited,2025-12-08,0,4630,0.00,0.00,0.00
a3dc9118-c86d-4044-9933-2e34438e1e68,00000000-0000-0000-0000-000000000001,Exited,2026-03-31,0,0,0.00,0.00,0.00
a47ad7ef-bedd-401f-989d-7d3b2af250c6,00000000-0000-0000-0000-000000000001,Exited,2024-04-30,0,2250,0.00,0.00,0.00
a49dfe35-7e1e-4d81-a32b-8877a575eb1e,00000000-0000-0000-0000-000000000001,Exited,2025-09-03,0,5034,0.00,0.00,0.00
a5240ad6-0f02-4177-a0fd-9ccfcb5eb170,00000000-0000-0000-0000-000000000001,Exited,2023-07-05,0,-6784,null,null,0
a528bed1-a3aa-4be6-9069-e23f593bdd83,00000000-0000-0000-0000-000000000001,Exited,2023-12-30,0,2250,null,null,0
a55b21c2-e0cb-4c70-84fc-8a05ff0867a8,00000000-0000-0000-0000-000000000001,Exited,2024-09-30,0,11250,0.00,0.00,0.00
a5696df7-ca6d-4c6b-bef2-a905054e3f8b,00000000-0000-0000-0000-000000000001,Exited,2025-08-06,0,7200.3,0.00,0.00,0.00
a57a8308-4dac-4c6d-a841-21d5ba2de228,00000000-0000-0000-0000-000000000001,Exited,2023-01-31,0,4940,0.00,0.00,0.00
a5c3b6ee-62eb-4a93-8975-778887134835,00000000-0000-0000-0000-000000000001,Staying,null,0,null,null,null,0
a69a2802-98f7-47de-b82d-e16d657cae9c,00000000-0000-0000-0000-000000000001,Exited,2026-05-01,0,0,null,null,0
a6a319b2-b378-4820-bdbe-703b1c23848d,00000000-0000-0000-0000-000000000001,Exited,2024-02-29,0,17789,null,null,0
a6e807f3-afdf-44ff-b5cb-81a3f0906217,00000000-0000-0000-0000-000000000001,Staying,null,0,0,0.00,0.00,0.00
a6ebee32-e984-46da-929f-4e1c0d37ccef,00000000-0000-0000-0000-000000000001,Exited,2026-05-12,0,0,0.00,0.00,0.00
a6f435f9-998c-40ba-bf6f-582ceb29e4da,00000000-0000-0000-0000-000000000001,Exited,2023-02-08,0,28450,null,null,0
a710a504-eed4-465a-8668-bc3fbe646e62,00000000-0000-0000-0000-000000000001,Exited,2026-05-04,0,0,0.00,0.00,0.00
a72d65a2-b126-48f6-8030-369501a0a7fa,00000000-0000-0000-0000-000000000001,Exited,2025-04-12,0,23500,null,null,0
a7ea0b5b-fb17-401a-b957-cc269124f819,00000000-0000-0000-0000-000000000001,Cancelled,null,0,null,0.00,0.00,0.00
a825175d-67cd-4efa-9cb3-dcb18e3beabe,00000000-0000-0000-0000-000000000001,Exited,2024-08-10,0,-4840,null,null,0
a83cb8bf-79d5-41af-945e-0f9d1fd36a15,00000000-0000-0000-0000-000000000001,Exited,2025-03-15,0,32762,null,null,0
a875e623-57e2-4204-a50d-4945d3f0ec57,00000000-0000-0000-0000-000000000001,Exited,2023-07-02,0,15705,null,null,0
a87c1d64-64e5-4f80-92bf-5b8b3e1712bb,00000000-0000-0000-0000-000000000001,Exited,2024-05-17,0,-491,null,null,0
a89f3caa-40a6-4c67-a7c5-a35a16f96d24,00000000-0000-0000-0000-000000000001,Exited,2024-01-31,0,-15040,0.00,0.00,0.00
a8c175ce-168f-4d3c-8326-a18e59502653,00000000-0000-0000-0000-000000000001,Exited,2024-09-15,0,-155,null,null,0
a8f5fbcd-6c8b-4f20-aa60-68a4becf583c,00000000-0000-0000-0000-000000000001,Exited,2024-07-07,0,-2028,null,null,0
a8f9f259-dbb0-4c18-8594-43ed8248f850,00000000-0000-0000-0000-000000000001,Exited,2024-03-30,0,null,0.00,null,0
a9694079-2985-486a-8cd6-bd3243751b22,00000000-0000-0000-0000-000000000001,Staying,null,0,0,0.00,0.00,0.00
aa445c76-f817-4bbf-a0ed-429d9c2e97d7,00000000-0000-0000-0000-000000000001,Exited,2024-11-03,0,4871,null,null,0
aa607aba-4ed2-4440-904b-677c8dbc3713,00000000-0000-0000-0000-000000000001,Exited,2023-09-30,0,2250,null,null,0
aa73e93c-ec7b-4ca7-a951-e0010299b8a3,00000000-0000-0000-0000-000000000001,Exited,2024-06-06,0,-8180,null,null,0
aad07001-80a0-4f08-982c-ef64795d4775,00000000-0000-0000-0000-000000000001,Exited,2026-02-11,0,-2750,0.00,0.00,0.00
aad0f942-1ddf-47cf-ba72-32342002566d,00000000-0000-0000-0000-000000000001,Exited,2025-07-06,0,19690,0.00,0.00,0.00
aad9a3ed-094e-43a1-b64d-0e4f60c95c04,00000000-0000-0000-0000-000000000001,Exited,2025-07-10,0,-1040,0.00,0.00,0.00
ab42acef-df0d-4f2b-9def-a961cdf6c003,00000000-0000-0000-0000-000000000001,Exited,2025-04-30,0,3250,0.00,0.00,0.00
ab90badf-0762-4759-9787-fd93c707cb2b,00000000-0000-0000-0000-000000000001,Exited,2024-01-28,0,21150,null,null,0
abadcc8e-a1c4-402e-90b1-23cd3c4dcf00,00000000-0000-0000-0000-000000000001,Exited,2024-06-05,0,6464,null,null,0
abdf3e08-0e7d-4e9d-939e-2f4b77206a4a,00000000-0000-0000-0000-000000000001,Exited,2023-04-03,0,20716,0.00,0.00,0.00
abf6275d-aab5-4614-963d-9dbe3ee0aa87,00000000-0000-0000-0000-000000000001,Exited,2026-01-11,0,-264,0.00,0.00,0.00
ac016b96-0314-46a0-b0ee-97ee094b1268,00000000-0000-0000-0000-000000000001,Exited,2023-01-15,0,19900,null,null,0
ac2059a9-ac22-4c7c-94a1-cbc4cfbeb93d,00000000-0000-0000-0000-000000000001,Staying,null,0,0,0.00,0.00,0.00
ac30f0c7-5c0e-4dec-8e9d-1c8eb2a7987c,00000000-0000-0000-0000-000000000001,Exited,2023-12-22,0,-5508,null,null,0
ac39fc09-9c3b-449b-aac5-e211c3923fc8,00000000-0000-0000-0000-000000000001,Exited,2025-05-30,0,2250,0.00,0.00,0.00
ac4ee6a6-486f-4b41-b3c7-71ce9034e813,00000000-0000-0000-0000-000000000001,Exited,2024-05-03,0,18876,null,null,0
acdabd2e-60b7-45b6-83f6-c3dc448d0327,00000000-0000-0000-0000-000000000001,Exited,2023-06-08,0,21044,null,null,0
ad2138de-e1c7-4dff-92d0-7f9ade15e56a,00000000-0000-0000-0000-000000000001,Exited,2026-06-30,0,0,0.00,0.00,0.00
add0fc75-c260-4d70-8744-7fea8a581cf6,00000000-0000-0000-0000-000000000001,Exited,2025-08-04,0,29573,0.00,0.00,0.00
adf6ed96-f917-4bc2-8de7-b8027dbaaa38,00000000-0000-0000-0000-000000000001,Exited,2024-06-01,0,22500,null,null,0
ae624b44-7868-4260-8537-a51154f0745c,00000000-0000-0000-0000-000000000001,Exited,2023-06-03,0,18695,null,null,0
ae68c045-42d5-44b9-877b-34c32d98fdbf,00000000-0000-0000-0000-000000000001,Staying,null,0,0,0.00,0.00,0.00
ae815367-edc6-4c09-a07e-5fa6303dc14b,00000000-0000-0000-0000-000000000001,Exited,2023-09-30,0,-7112,0.00,0.00,0.00
ae96d118-0440-4762-bcd4-9ab8177a9d04,00000000-0000-0000-0000-000000000001,Exited,2025-09-19,0,18135,0.00,0.00,0.00
afe238a8-b065-4ef9-905a-7ae15495c488,00000000-0000-0000-0000-000000000001,Exited,2025-05-31,0,2250,0.00,0.00,0.00
afe8f1b5-83f6-449b-ab75-8c70ee10e02f,00000000-0000-0000-0000-000000000001,Exited,2025-03-20,0,2250,null,null,0
b0265ed6-0f17-4be2-8121-f4504b3cb3ee,00000000-0000-0000-0000-000000000001,Exited,2025-04-26,0,-1112,null,null,0
b068372f-b741-47ab-b7ad-ce801583b68d,00000000-0000-0000-0000-000000000001,Exited,2023-05-05,0,446,0.00,0.00,0.00
b11dc1e6-b9dc-4e42-aa2d-744bec5b8106,00000000-0000-0000-0000-000000000001,Cancelled,null,0,null,null,null,0
b1d3f1bb-62f0-4609-9680-14f590bd47d2,00000000-0000-0000-0000-000000000001,Exited,2025-03-03,0,4266,null,null,0
b1d94712-75ad-4600-b49a-9c86b8512f88,00000000-0000-0000-0000-000000000001,Exited,2025-01-19,0,23935,null,null,0
b257ba57-c4d2-4fa7-bf24-696f760109bd,00000000-0000-0000-0000-000000000001,Exited,2023-12-22,0,51868,null,null,0
b32803aa-3d09-4a8d-aedd-9ace748339b3,00000000-0000-0000-0000-000000000001,Exited,2025-04-30,0,38870,null,null,0
b3a06fbc-3747-4179-b345-2bac2d163812,00000000-0000-0000-0000-000000000001,Exited,2023-05-31,0,10924,null,null,0
b431c231-4860-491e-80cd-0afc879fd7bb,00000000-0000-0000-0000-000000000001,Exited,2024-07-09,0,-556,null,null,0
b43f4ac3-9c75-4d81-b09f-a83bd965904e,00000000-0000-0000-0000-000000000001,Exited,2024-04-27,0,30750,null,null,0
b46cb807-c10b-4429-97e3-b1f1484fa2e9,00000000-0000-0000-0000-000000000001,Exited,2025-07-06,0,19690,0.00,0.00,0.00
b4d5b0bf-2e96-4e9b-919a-b5a1d5f792ff,00000000-0000-0000-0000-000000000001,Exited,2024-10-19,0,1205,null,null,0
b4e942d5-5bcc-46fe-b3ae-9bcc4f67c4c6,00000000-0000-0000-0000-000000000001,Exited,2023-12-31,0,-1750,null,null,0
b50b4404-b828-481b-8796-d331731a6961,00000000-0000-0000-0000-000000000001,Exited,2023-07-18,0,3537,null,null,0
b5312907-0187-43c1-8ccd-8cf7c15fe51c,00000000-0000-0000-0000-000000000001,Exited,2026-04-15,0,0,null,null,0
b57cbdbf-37dd-45a3-96be-474d010f383b,00000000-0000-0000-0000-000000000001,Exited,2024-12-15,0,1380,null,null,0
b5ab9368-7ed0-44f4-8281-64ccbef2f8b0,00000000-0000-0000-0000-000000000001,Exited,2024-06-08,0,0,0.00,0.00,0.00
b5f8c289-f906-412c-9d97-0349acbc1fe2,00000000-0000-0000-0000-000000000001,Exited,2023-06-03,0,29595,null,null,0
b617d658-932d-4a8c-8eda-94e28f4bbdc7,00000000-0000-0000-0000-000000000001,Exited,2024-06-08,798,-202,798.00,798.00,0.00
b6241849-5b7a-4e1f-a213-13f2b659227f,00000000-0000-0000-0000-000000000001,Exited,2024-12-31,0,2249,null,null,0
b6b48bf2-25a2-4810-9338-b1847a53c5ed,00000000-0000-0000-0000-000000000001,Staying,null,0,0,0.00,0.00,0.00
b6d39ec4-f024-431b-9783-7b6485fc2a85,00000000-0000-0000-0000-000000000001,Exited,2024-12-31,0,-1112,0.00,0.00,0.00
b6f67fc7-f321-4090-b196-9e5cb080fade,00000000-0000-0000-0000-000000000001,Exited,2025-07-06,0,19690,0.00,0.00,0.00
b70634e5-3fe5-4b7c-b1fc-944606f31212,00000000-0000-0000-0000-000000000001,Exited,2024-04-30,0,-1350,null,null,0
b73b9bc5-69d7-459f-84dc-2612341f024a,00000000-0000-0000-0000-000000000001,Exited,2026-03-31,0,18590,0.00,0.00,0.00
b7aceab0-4b39-4425-925f-8cd493190e5d,00000000-0000-0000-0000-000000000001,Cancelled,null,0,null,null,null,0
b7e89eb0-3d36-47ff-a391-0cd301aba9df,00000000-0000-0000-0000-000000000001,Exited,2024-08-31,0,24000,0.00,0.00,0.00
b7f6d6bd-9b5d-40c2-89db-f5b4b8726078,00000000-0000-0000-0000-000000000001,Exited,2023-06-05,0,7652.05,null,null,0
b874ac34-d8c8-45b0-a884-15ba141fd279,00000000-0000-0000-0000-000000000001,Exited,2025-07-04,0,-336,0.00,0.00,0.00
b8971625-3f48-4616-9465-67417c2f2dad,00000000-0000-0000-0000-000000000001,Exited,2023-09-05,0,5448,null,null,0
b8f099e9-1d89-4458-8631-26b486eea890,00000000-0000-0000-0000-000000000001,Cancelled,null,0,null,0.00,0.00,0.00
b918833a-50d7-4534-8f0b-31f1802134ee,00000000-0000-0000-0000-000000000001,Exited,2025-04-30,0,15183,0.00,0.00,0.00
b98116fe-247d-44f2-b608-5bb481b84f9a,00000000-0000-0000-0000-000000000001,Exited,2026-04-30,0,0,0.00,0.00,0.00
b98f8c1f-f2b7-4f45-a583-7bb76e52c466,00000000-0000-0000-0000-000000000001,Exited,2026-05-19,0,0,0.00,0.00,0.00
b9aaea14-9f05-4cef-bbc9-91fbcabeac1b,00000000-0000-0000-0000-000000000001,Exited,2024-04-30,0,-250,0.00,0.00,0.00
b9c14a34-14d0-4df0-bc57-3af231191a52,00000000-0000-0000-0000-000000000001,Exited,2025-06-10,0,2250,0.00,0.00,0.00
b9e2dadf-f366-494c-bb72-fcbe54f1404a,00000000-0000-0000-0000-000000000001,Exited,2023-11-24,0,9041,null,null,0
b9eed860-8d09-4150-a723-dbc761073c5d,00000000-0000-0000-0000-000000000001,Exited,2025-07-20,0,3607,null,null,0
ba4c5c48-91b5-46db-8397-4aa7ed371200,00000000-0000-0000-0000-000000000001,Exited,2025-04-30,0,39635,null,null,0
baa51bf8-ec5a-4485-9bce-721b5f37edcb,00000000-0000-0000-0000-000000000001,Exited,2025-05-30,0,35228,0.00,0.00,0.00
badc4f52-9209-4008-bcff-ed3cf3a3726f,00000000-0000-0000-0000-000000000001,Staying,null,0,0,0.00,0.00,0.00
bae60454-e3ff-4bd7-868d-14c5e5a579c8,00000000-0000-0000-0000-000000000001,Exited,2024-12-31,0,2250,null,null,0
baec572d-bb5d-4638-aa57-89dd08e7b7eb,00000000-0000-0000-0000-000000000001,Exited,2022-12-27,0,21400,null,null,0
bb2d4adc-02c8-4fce-b240-f208f8c78ba0,00000000-0000-0000-0000-000000000001,Exited,2024-10-15,0,2250,null,null,0
bb51f6f8-2b1a-4e9f-b3e3-16a942773d8e,00000000-0000-0000-0000-000000000001,Staying,null,0,0,0.00,0.00,0.00
bbf6ef5a-ab03-4b59-8e75-7b835ad23ad2,00000000-0000-0000-0000-000000000001,Booked,null,0,null,0.00,0.00,0.00
bbf8a4e4-679e-4ff5-ae0d-6e67d9ae14e8,00000000-0000-0000-0000-000000000001,Exited,2024-06-30,0,2250,null,null,0
bcc476b6-3b2d-42cc-a440-6ff57fd6e3d3,00000000-0000-0000-0000-000000000001,Exited,2024-07-08,0,7840,null,null,0
bd43bb0e-75cc-46d3-9bb3-0970271f685b,00000000-0000-0000-0000-000000000001,Staying,null,0,null,0.00,0.00,0.00
bd4e74fa-afbd-42f9-bf0e-26b018e644af,00000000-0000-0000-0000-000000000001,Exited,2026-03-31,0,17590,0.00,0.00,0.00
bdb54e25-310b-4a05-b472-f1ba8158fefe,00000000-0000-0000-0000-000000000001,Exited,2024-11-30,0,2250,null,null,0
bdcf1b4b-5e3a-489d-84e6-bf0f20996e0c,00000000-0000-0000-0000-000000000001,Exited,2024-01-06,0,900,null,null,0
bdf14880-afb6-4bdb-b634-632673f135db,00000000-0000-0000-0000-000000000001,Exited,2025-06-25,0,null,0.00,null,0
be08d917-7f06-4742-aace-543da57acd36,00000000-0000-0000-0000-000000000001,Exited,2025-04-02,0,4683,null,null,0
be1c2b12-bbba-4fa5-b2a7-619f4991576c,00000000-0000-0000-0000-000000000001,Exited,2023-09-05,0,2250,null,null,0
be73422e-cf75-4199-830c-a2601411a0ae,00000000-0000-0000-0000-000000000001,Exited,2024-09-12,0,15529,null,null,0
be99f7a0-c9f6-43b6-9cc5-04577043e0bb,00000000-0000-0000-0000-000000000001,Exited,2026-08-03,0,17670.00,0.00,0.00,0.00
bf43080e-78f9-4c4f-af4a-147f9022981b,00000000-0000-0000-0000-000000000001,Exited,2025-03-10,0,60469,null,null,0
bf476b22-d29f-4ca9-a890-976eed244d60,00000000-0000-0000-0000-000000000001,Exited,2025-03-10,0,-690,null,null,0
bf9b5cd5-13dc-4229-9b7f-2fd8541f64b3,00000000-0000-0000-0000-000000000001,Staying,null,0,0,0.00,0.00,0.00
bfbe73c1-1d54-415e-a9b7-75ff12d9a5ef,00000000-0000-0000-0000-000000000001,Exited,2024-02-07,0,6709,null,null,0
c029ada8-f2e8-4017-816f-39ed5259c0e1,00000000-0000-0000-0000-000000000001,Exited,2025-10-15,0,-900,0.00,0.00,0.00
c0d5ac03-c532-4c77-b4d1-1c695192a063,00000000-0000-0000-0000-000000000001,Exited,2024-08-30,0,19807,0.00,0.00,0.00
c0fa4ec4-61f4-4502-afd0-f819dff3ab5b,00000000-0000-0000-0000-000000000001,Staying,null,0,null,0.00,0.00,0.00
c13bb755-c85e-41b5-970f-ae290e79270a,00000000-0000-0000-0000-000000000001,Exited,2023-11-24,0,-1670,0.00,0.00,0.00
c1c258d3-0750-49fb-8d6a-a5a84de41974,00000000-0000-0000-0000-000000000001,Staying,null,2000,2000,2000.00,2000.00,0.00
c1e933df-dfde-4636-884b-59ad37cb89db,00000000-0000-0000-0000-000000000001,Exited,2025-06-28,0,2250,null,null,0
c22e7ddc-1032-4544-af57-c47918fa6ab8,00000000-0000-0000-0000-000000000001,Exited,2023-04-30,0,20920,null,null,0
c2533594-7bef-485f-9c06-e515153c4d3b,00000000-0000-0000-0000-000000000001,Exited,2025-08-20,0,23679,0.00,0.00,0.00
c26692cf-75b7-4ede-9858-201c269dd988,00000000-0000-0000-0000-000000000001,Exited,2025-11-08,0,-488,0.00,0.00,0.00
c2b24d33-90f8-4d46-aca8-d99bb1f2c844,00000000-0000-0000-0000-000000000001,Exited,2026-01-31,0,-750,0.00,0.00,0.00
c2cffb02-40e8-49aa-8017-407cb38b85a8,00000000-0000-0000-0000-000000000001,Exited,2023-09-30,0,2500,null,null,0
c3a91ae8-2bf8-42ab-b4cc-d77e5ba0e5dd,00000000-0000-0000-0000-000000000001,Exited,2024-03-01,0,6916,null,null,0
c3be7cc9-30e3-4326-b978-7d4f000a8443,00000000-0000-0000-0000-000000000001,Exited,2023-01-28,0,1000,null,null,0
c3c93524-0724-471b-8fcc-298a8380c185,00000000-0000-0000-0000-000000000001,Exited,2026-06-04,0,0,null,null,0
c4015ec4-a0e0-4017-a482-5294eff9604b,00000000-0000-0000-0000-000000000001,Exited,2022-12-30,0,18250,null,null,0
c4529273-c445-4ef2-b476-ea0d5b539094,00000000-0000-0000-0000-000000000001,Exited,2023-06-03,0,18887,null,null,0
c4920cb0-8996-4de8-b968-805eac974201,00000000-0000-0000-0000-000000000001,Exited,2025-07-17,0,23500,null,null,0
c4a6e069-7bfb-4ad6-825a-a77999e62a37,00000000-0000-0000-0000-000000000001,Exited,2026-01-01,0,25500,0.00,0.00,0.00
c4b70566-f30c-4ebf-b0bd-f5ae0f27d3b9,00000000-0000-0000-0000-000000000001,Exited,2024-09-02,0,4668,null,null,0
c4d5ce55-6bde-429a-8f2c-049d9cb5b4be,00000000-0000-0000-0000-000000000001,Exited,2025-06-08,0,22500,0.00,0.00,0.00
c50a1107-9019-4658-b66d-fc9bf6bad064,00000000-0000-0000-0000-000000000001,Exited,2023-07-31,0,24147,null,null,0
c55284ff-f120-4606-8d96-29c8ec1ce454,00000000-0000-0000-0000-000000000001,Exited,2026-06-10,0,0,0.00,0.00,0.00
c5b7bc4d-7225-4d6a-85d8-c0dccecbed52,00000000-0000-0000-0000-000000000001,Exited,2024-11-01,0,24000,null,null,0
c5dfcd7c-eb98-4ea5-b4ce-4b12cc02b40d,00000000-0000-0000-0000-000000000001,Exited,2024-05-18,0,14000,null,null,0
c6035e5d-f32d-44de-a23b-055e75dcfa6b,00000000-0000-0000-0000-000000000001,Staying,null,0,null,0.00,0.00,0.00
c60e7351-900f-4499-a207-99f3acb1ba49,00000000-0000-0000-0000-000000000001,Exited,2025-08-06,0,4274,0.00,0.00,0.00
c60e8f31-ee0d-41e6-9f44-0eaffbc5072c,00000000-0000-0000-0000-000000000001,Exited,2024-07-20,0,3750,null,null,0
c6bf983e-033d-46e6-825f-5620364a403d,00000000-0000-0000-0000-000000000001,Staying,null,0,0,0.00,0.00,0.00
c6c0baaf-37a5-4ce2-8082-131f6964ac58,00000000-0000-0000-0000-000000000001,Exited,2023-10-31,0,3894,null,null,0
c739ba33-407f-4f9d-a252-2a997535b10b,00000000-0000-0000-0000-000000000001,Exited,2024-09-02,0,4668,null,null,0
c76b2f0e-57c7-4e46-86fd-47c45e954450,00000000-0000-0000-0000-000000000001,Exited,2022-12-26,0,28450,null,null,0
c7d4572a-4e5f-4f8a-a891-082b31db6c86,00000000-0000-0000-0000-000000000001,Exited,2024-09-27,0,0,0.00,0.00,0.00
c7f06da4-2365-433f-adc3-9f9169263644,00000000-0000-0000-0000-000000000001,Staying,null,0,0,0.00,0.00,0.00
c812ba7b-6318-4ce6-b0dd-78749fff30e5,00000000-0000-0000-0000-000000000001,Staying,null,0,0,0.00,0.00,0.00
c88936bc-cb40-4598-a743-3c301dd4dccf,00000000-0000-0000-0000-000000000001,Staying,null,0,0,0.00,0.00,0.00
c8a0bd76-724f-4717-b654-3ed17e3abcb1,00000000-0000-0000-0000-000000000001,Exited,2023-09-30,0,4500,null,null,0
c8cd24f4-05c2-4614-ad50-13f8e7f0984c,00000000-0000-0000-0000-000000000001,Exited,2025-12-26,0,-1482,null,null,0
c8d1e881-af10-4a30-8794-85448679f057,00000000-0000-0000-0000-000000000001,Staying,null,0,null,0.00,0.00,0.00
c8d7a17b-b62f-41d7-8550-bfd1d1fec649,00000000-0000-0000-0000-000000000001,Cancelled,null,0,null,0.00,0.00,0.00
c95071e6-baac-4c03-9ee4-82e18f461a3c,00000000-0000-0000-0000-000000000001,Exited,2025-09-30,0,2229,0.00,0.00,0.00
c96a9673-5d50-414c-a388-0606aacac447,00000000-0000-0000-0000-000000000001,Exited,2023-12-31,0,-4300,null,null,0
ca41e865-9a60-42a6-9765-492dcb1e0790,00000000-0000-0000-0000-000000000001,Exited,2023-02-08,0,6300,0.00,0.00,0.00
ca99fa52-1a9f-4d9c-809e-b7b9c30d2129,00000000-0000-0000-0000-000000000001,Staying,null,0,-27,0.00,0.00,0.00
cae46a0c-8545-4ee9-ae5e-3f94bfa02442,00000000-0000-0000-0000-000000000001,Staying,null,0,0,0.00,0.00,0.00
cb2cfb01-e883-450a-b629-528ae33ffc07,00000000-0000-0000-0000-000000000001,Exited,2023-10-31,0,2250,null,null,0
cb58257c-05da-4740-9e71-a5571f113c54,00000000-0000-0000-0000-000000000001,Exited,2024-04-05,0,36259,null,null,0
cb774f43-617a-4b73-9f13-526077201ee7,00000000-0000-0000-0000-000000000001,Exited,2025-10-20,0,9771,null,null,0
cba9bb70-dcff-450b-b20d-b882c284baf4,00000000-0000-0000-0000-000000000001,Exited,2023-11-30,0,9803,null,null,0
cbc3ba06-d98c-40c2-9fe3-0713100e9d78,00000000-0000-0000-0000-000000000001,Exited,2023-07-07,0,7071,null,null,0
cbde9bdc-2d51-4e5d-a732-1df1160c4b74,00000000-0000-0000-0000-000000000001,Staying,null,0,0,0.00,0.00,0.00
cc479b4c-9ff2-4d88-8eff-9314403f6113,00000000-0000-0000-0000-000000000001,Exited,2026-06-04,0,0,0.00,0.00,0.00
cc4b8344-5e48-47a5-b8eb-1246492ee771,00000000-0000-0000-0000-000000000001,Exited,2024-06-08,0,0,null,null,0
cc84d065-0749-4895-96c3-dcae2f76d087,00000000-0000-0000-0000-000000000001,Cancelled,null,0,null,null,null,0
ccd605eb-72a7-438a-82e2-25367f1e2b20,00000000-0000-0000-0000-000000000001,Exited,2023-03-09,0,9579,0.00,null,0
cceba8fd-0028-40cb-8f28-b96d46ac40c5,00000000-0000-0000-0000-000000000001,Exited,2024-07-18,0,11828,null,null,0
cd70909e-21e4-4192-b6a1-72be44e16cb7,00000000-0000-0000-0000-000000000001,Booked,null,0,null,0.00,0.00,0.00
ce0714ff-a085-4f18-b713-5d7ea55f8d8e,00000000-0000-0000-0000-000000000001,Exited,2025-05-08,0,56926,null,null,0
ce388eea-7b90-4c85-a61f-d797e872de2f,00000000-0000-0000-0000-000000000001,Exited,2025-12-17,0,11831.79,null,null,0
ce3de6e9-ffa6-4bbc-9b46-e0a146d5e9ac,00000000-0000-0000-0000-000000000001,Exited,2025-01-17,0,15411,null,null,0
ce72357c-0720-4252-89f1-98224577f53b,00000000-0000-0000-0000-000000000001,Exited,2025-11-06,0,25500,0.00,0.00,0.00
ce8b33f9-7dcd-4a91-99bf-4080de6e45cc,00000000-0000-0000-0000-000000000001,Exited,2023-12-05,0,8399,null,null,0
cf05a718-2bd9-45df-af20-395f667f3c3b,00000000-0000-0000-0000-000000000001,Exited,2023-04-30,0,8550,null,null,0
cf161048-ad73-472e-9797-1b018565b309,00000000-0000-0000-0000-000000000001,Exited,2024-09-27,0,2400,null,null,0
cf20f8c1-122d-4d5b-a35d-7ab599abbea2,00000000-0000-0000-0000-000000000001,Exited,2024-07-31,0,2250,null,null,0
cf51a976-c857-46bf-ac5c-ef936afd5069,00000000-0000-0000-0000-000000000001,Exited,2023-08-20,0,31252,null,null,0
cfafc812-f1cb-4018-be15-ee702308c132,00000000-0000-0000-0000-000000000001,Exited,2025-12-22,0,13770,0.00,0.00,0.00
cfdd61e6-58ca-48b5-baf8-65e3c4251c0d,00000000-0000-0000-0000-000000000001,Exited,2023-07-31,0,-4230,0.00,0.00,0.00
d01b8836-44a2-4310-a6f9-2f87d399cc4a,00000000-0000-0000-0000-000000000001,Staying,null,0,null,0.00,0.00,0.00
d08cab43-6304-4be3-8531-9f4066c2c461,00000000-0000-0000-0000-000000000001,Staying,null,0,null,0.00,0.00,0.00
d0d2708b-039b-4380-93ca-a0076ae20eb5,00000000-0000-0000-0000-000000000001,Exited,2026-01-15,0,31500,0.00,0.00,0.00
d125242f-8938-482d-b6c9-20bbc5a91fa8,00000000-0000-0000-0000-000000000001,Exited,2023-08-08,0,32866,null,null,0
d12e22c1-73c0-4f66-a36d-27637c672f3e,00000000-0000-0000-0000-000000000001,Exited,2024-05-31,0,26425,null,null,0
d18369d6-5435-4b4e-9880-4bb8df7a1a17,00000000-0000-0000-0000-000000000001,Exited,2023-09-30,0,21467,null,null,0
d1981985-ab9a-4777-b85f-46da934e391c,00000000-0000-0000-0000-000000000001,On-Notice,null,0,0,0.00,0.00,0.00
d2684214-917e-474b-866b-d38509a0bd53,00000000-0000-0000-0000-000000000001,Exited,2024-08-02,0,2932,null,null,0
d2a1b0e9-a573-4c99-8093-42240dbf6847,00000000-0000-0000-0000-000000000001,Exited,2025-09-27,0,0,0.00,0.00,0.00
d2a5896f-3381-48ed-ae10-b56059f302bc,00000000-0000-0000-0000-000000000001,Exited,2024-06-08,0,0,null,null,0
d3781754-4ad0-45fb-b64f-9153d1b33e6a,00000000-0000-0000-0000-000000000001,Exited,2025-11-06,0,7148,0.00,0.00,0.00
d3acdb39-30e5-4ffe-8b9c-f4326c93be87,00000000-0000-0000-0000-000000000001,Exited,2025-09-30,0,25000,0.00,0.00,0.00
d3c75e3f-ebcf-4bd2-ba3f-80eb52ac9ee6,00000000-0000-0000-0000-000000000001,Exited,2026-01-07,0,24040,0.00,0.00,0.00
d4864d31-0010-44b0-9978-a5492eed1380,00000000-0000-0000-0000-000000000001,Exited,2025-07-31,0,9067,0.00,0.00,0.00
d49d7541-0561-4426-a678-4b7ff8374349,00000000-0000-0000-0000-000000000001,Exited,2023-07-10,0,-6963,null,null,0
d4f8dde5-9ced-44e6-8fb8-e972b465cc44,00000000-0000-0000-0000-000000000001,Exited,2023-07-08,0,7265,null,null,0
d54a3478-2b40-42d1-b5c7-343f6f9a6e1c,00000000-0000-0000-0000-000000000001,Exited,2025-06-08,0,22500,0.00,0.00,0.00
d5f009f2-1511-4c26-8bcb-ca2d9dd1b868,00000000-0000-0000-0000-000000000001,Exited,2023-05-25,0,26171,null,null,0
d60bf084-22b7-4aeb-a8fd-b48b4786c6fd,00000000-0000-0000-0000-000000000001,Staying,null,0,0,0.00,0.00,0.00
d64c4831-78e1-4363-a610-1ebbeb84019a,00000000-0000-0000-0000-000000000001,Exited,2024-12-03,0,5088,null,null,0
d6556653-907a-4dcc-bb18-bb238302159a,00000000-0000-0000-0000-000000000001,Cancelled,null,0,null,null,null,0
d66308ce-65d9-4c63-91b1-96f32f42036c,00000000-0000-0000-0000-000000000001,Exited,2025-06-07,0,0,0.00,0.00,0.00
d6df63a7-af6f-47cd-9751-1008ddd5707c,00000000-0000-0000-0000-000000000001,Exited,2024-06-22,0,0,null,null,0
d6ff5050-d218-472d-8629-1e322818167d,00000000-0000-0000-0000-000000000001,Exited,2025-04-30,0,19499,0.00,0.00,0.00
d7061409-c4f6-488a-a33c-0865eb84541a,00000000-0000-0000-0000-000000000001,Exited,2023-12-25,0,2250,null,null,0
d738be55-4297-417e-a30c-1675cd36ae88,00000000-0000-0000-0000-000000000001,Cancelled,null,0,null,null,null,0
d777fad1-3294-45a8-9b9f-a4db1dc1787b,00000000-0000-0000-0000-000000000001,Exited,2024-02-29,0,22240,0.00,0.00,0.00
d807766b-8169-4e8c-9aac-196373a449ec,00000000-0000-0000-0000-000000000001,Exited,2024-05-31,0,7618,null,null,0
d80df6b4-00fb-4bdb-b51d-1cc96fe68405,00000000-0000-0000-0000-000000000001,Exited,2025-08-31,0,22870,0.00,0.00,0.00
d825f52c-1ed8-4a3f-a461-cb3b0015a318,00000000-0000-0000-0000-000000000001,Exited,2024-05-05,0,9066,null,null,0
d8412842-3ef5-41f7-b92e-f45608490f30,00000000-0000-0000-0000-000000000001,Exited,2024-07-09,0,22926,null,null,0
d888fe48-4000-4a90-b404-f4440749e137,00000000-0000-0000-0000-000000000001,Exited,2024-05-20,0,1050,null,null,0
d8e97056-6537-4159-bcea-802e2f37fbff,00000000-0000-0000-0000-000000000001,Exited,2025-12-27,0,21558,0.00,0.00,0.00
d8f25ff2-8197-4297-a749-cb539cb39cd1,00000000-0000-0000-0000-000000000001,Exited,2024-09-07,0,365,null,null,0
d92acb4f-8c3f-48ac-8e6b-e7e693fef3d9,00000000-0000-0000-0000-000000000001,Exited,2026-09-20,2250,null,2250.00,2250.00,0.00
d937a5c0-aca3-43f3-85dc-76e55bbc556b,00000000-0000-0000-0000-000000000001,Exited,2024-06-30,0,-2750,null,null,0
d9685ad2-82b8-4590-93fa-fdd4856e2976,00000000-0000-0000-0000-000000000001,Exited,2025-10-02,0,2000,0.00,0.00,0.00
d969744b-e96f-4fc1-8f1f-45a8e825e590,00000000-0000-0000-0000-000000000001,Exited,2022-12-04,0,21400,null,null,0
d96c536b-52f7-45c3-ab6e-4424d724f30c,00000000-0000-0000-0000-000000000001,Exited,2023-07-19,0,45322,null,null,0
d96ffdbc-40d1-47d4-a226-d0935748ab15,00000000-0000-0000-0000-000000000001,Exited,2025-03-01,0,608,null,null,0
d9865b49-8ea0-46e5-9a6f-e0eb24663ee7,00000000-0000-0000-0000-000000000001,Exited,2024-12-31,0,750,null,null,0
d9d1d753-3cdc-4350-a425-b36a52b7df96,00000000-0000-0000-0000-000000000001,Exited,2025-03-03,0,33750,0.00,0.00,0.00
da0cb449-71d9-43bd-b4ee-69b6ed8c0f68,00000000-0000-0000-0000-000000000001,Exited,2024-04-17,969,-31,969.00,969.00,0.00
da23859f-7e79-4cfd-972a-a4e8115d981f,00000000-0000-0000-0000-000000000001,Exited,2023-11-10,0,35924,null,null,0
daf26ce0-60d0-49e1-ab9d-f4d2f44a1f9b,00000000-0000-0000-0000-000000000001,Exited,2026-01-03,0,40500,0.00,0.00,0.00
daf72a75-d234-4c5e-8206-36bd6614babe,00000000-0000-0000-0000-000000000001,Exited,2025-10-31,0,22225.48,null,null,0
db02e562-aa09-448e-9187-bfa7c3788aca,00000000-0000-0000-0000-000000000001,Staying,null,21750,21750,21750.00,21750.00,0.00
db29fb51-7937-47b8-89ae-a76c37602092,00000000-0000-0000-0000-000000000001,Exited,2025-02-24,0,-2392,0.00,0.00,0.00
db2c046b-1142-4ab0-888f-531b7a2f0966,00000000-0000-0000-0000-000000000001,Exited,2024-11-15,0,11354,null,null,0
db32d2dc-c76d-4a69-ac88-f42e35d95aac,00000000-0000-0000-0000-000000000001,Exited,2025-12-27,0,13659,null,null,0
db444fba-5aec-4862-a9c0-391c72ffc503,00000000-0000-0000-0000-000000000001,Exited,2024-08-09,0,8511,null,null,0
db615118-b5d5-48fb-aa2b-90a5dc340c0f,00000000-0000-0000-0000-000000000001,Staying,null,0,0,0.00,0.00,0.00
db626b75-298b-43e0-aa14-5e1f48730fea,00000000-0000-0000-0000-000000000001,Exited,2024-04-18,0,25000,null,null,0
db9ec732-0eba-43c2-8e97-5e7a05e17561,00000000-0000-0000-0000-000000000001,Staying,null,0,0,0.00,0.00,0.00
dbda42d8-1ac6-4f80-aac4-c8eca922772a,00000000-0000-0000-0000-000000000001,Exited,2024-12-28,0,8292,null,null,0
dbedf85e-9b2b-4d8a-8adc-3a2752ea907f,00000000-0000-0000-0000-000000000001,Exited,2024-11-15,0,21824,null,null,0
dc0d8b2a-d826-4669-a569-d5e3d5b37649,00000000-0000-0000-0000-000000000001,Exited,2024-05-19,0,-71,null,null,0
dc103d69-193e-4d8e-810d-fe4773d27224,00000000-0000-0000-0000-000000000001,Exited,2022-12-30,0,28450,null,null,0
dc98d471-05dd-4c16-843f-806cb4711f05,00000000-0000-0000-0000-000000000001,Exited,2023-06-07,0,-37,null,null,0
dcd6d78d-d735-4f74-9742-687ff8a8bf96,00000000-0000-0000-0000-000000000001,Exited,2025-09-12,0,1697.67,0.00,0.00,0.00
dcf74cc9-cd3b-4604-8e6c-f880027dd244,00000000-0000-0000-0000-000000000001,Exited,2023-06-25,0,552,0.00,0.00,0.00
dd05d372-ad4b-436e-bb5a-19f80425364b,00000000-0000-0000-0000-000000000001,Cancelled,null,0,null,0.00,0.00,0.00
dd3e2e56-d7ee-429c-ba41-e4662b5b3ed6,00000000-0000-0000-0000-000000000001,Exited,2024-11-20,0,2250,null,null,0
dd4843b8-b558-4f1f-898a-c8a764539497,00000000-0000-0000-0000-000000000001,Exited,2023-07-23,0,641,0.00,0.00,0.00
dd53ac44-fa85-4d55-862f-21ef23300b18,00000000-0000-0000-0000-000000000001,Exited,2026-04-04,0,-1356,0.00,0.00,0.00
dd5ec992-6b66-47df-96f8-dfd077b01677,00000000-0000-0000-0000-000000000001,Exited,2024-05-26,0,25963,null,null,0
de2d0f33-008f-484a-b327-a2ac4753c1b6,00000000-0000-0000-0000-000000000001,Exited,2023-06-10,0,37279,null,null,0
de7fb388-9e42-4739-b4e0-0e31f93eb36d,00000000-0000-0000-0000-000000000001,Exited,2023-12-09,0,7561,null,null,0
df2d9d44-67f4-4ba5-b0aa-981e00dd8d22,00000000-0000-0000-0000-000000000001,Exited,2023-08-31,0,9300,null,null,0
df6a638f-8008-4e24-9d5f-e2188a356b32,00000000-0000-0000-0000-000000000001,Exited,2025-09-08,0,24672,0.00,0.00,0.00
df841318-356f-4456-8a38-b094d9648cec,00000000-0000-0000-0000-000000000001,Exited,2024-08-03,0,8636,null,null,0
dfbde8b3-e621-44a0-905c-e17f85d8c21e,00000000-0000-0000-0000-000000000001,Exited,2026-05-01,0,null,0.00,0.00,0.00
e05d33b7-025d-4839-ae51-e6d528cf5d39,00000000-0000-0000-0000-000000000001,Exited,2023-12-25,0,2250,null,null,0
e09525a3-6cb3-4080-b65a-6acfb2cf3b14,00000000-0000-0000-0000-000000000001,Exited,2023-12-02,0,-3285,null,null,0
e0cea7aa-9e68-4f66-9ae4-9f48e4753c98,00000000-0000-0000-0000-000000000001,Exited,2025-04-12,0,8076,0.00,0.00,0.00
e117ef1b-3287-4ba8-ba33-3e12fcd10002,00000000-0000-0000-0000-000000000001,Exited,2024-08-03,0,-256,null,null,0
e12a4a6d-8b94-415d-b58a-aee4e5847605,00000000-0000-0000-0000-000000000001,Exited,2025-08-11,0,10272,0.00,0.00,0.00
e18592c8-331f-4f10-9bb5-7d02b033cfe1,00000000-0000-0000-0000-000000000001,Exited,2024-04-18,0,24000,null,null,0
e18db186-e90f-48ab-80d6-0f83328bc7d0,00000000-0000-0000-0000-000000000001,Exited,2024-08-07,0,10985,null,null,0
e195680c-5ff9-464e-8228-089b76f4ea72,00000000-0000-0000-0000-000000000001,Exited,2025-10-02,0,-16200,0.00,0.00,0.00
e25f1c90-70a9-4888-9ab7-965ce0b58477,00000000-0000-0000-0000-000000000001,Exited,2024-03-27,0,40040,0.00,0.00,0.00
e270afca-14b5-4ced-bdcb-3722fdad9966,00000000-0000-0000-0000-000000000001,Exited,2025-04-30,0,-1341,0.00,0.00,0.00
e2bb4d88-5e58-4d25-8869-1777a304550b,00000000-0000-0000-0000-000000000001,Exited,2024-08-02,0,-2000,null,null,0
e2f21671-ff83-4e64-a392-1a594ea5073c,00000000-0000-0000-0000-000000000001,Exited,2024-09-24,0,21597,null,null,0
e3422f73-1205-4829-8df2-d134f29b5b5e,00000000-0000-0000-0000-000000000001,Exited,2025-06-14,0,4846,0.00,0.00,0.00
e3d6a9c5-9171-46b2-ae48-52ba071500a5,00000000-0000-0000-0000-000000000001,Exited,2024-05-03,0,3587,null,null,0
e4100228-7bac-4db8-ad87-46c710e2ed5b,00000000-0000-0000-0000-000000000001,Exited,2023-12-19,0,3309,null,null,0
e42d2bdf-7c18-4bd9-982c-de09a231f52f,00000000-0000-0000-0000-000000000001,Staying,null,0,0,0.00,0.00,0.00
e4723e45-5307-488a-9973-c9dc33ab5ae4,00000000-0000-0000-0000-000000000001,Exited,2024-08-04,0,20946,null,null,0
e49d5b4d-fd58-4f0c-a779-2ef25bd8eeac,00000000-0000-0000-0000-000000000001,Exited,2025-05-31,0,-2839.78,0.00,0.00,0.00
e4a9b466-0d37-4e62-b780-fa328de3d306,00000000-0000-0000-0000-000000000001,Exited,2023-05-27,0,19731,null,null,0
e4b79db0-ae80-41aa-a4f6-5014e65c5e8d,00000000-0000-0000-0000-000000000001,Exited,2025-03-01,0,0,null,null,0
e4d9bffa-07b6-4f98-b1bc-c16180642712,00000000-0000-0000-0000-000000000001,Cancelled,null,0,null,null,null,0
e4e949cb-e4e3-477d-a52d-ba35ecbdbd71,00000000-0000-0000-0000-000000000001,Exited,2022-12-22,0,28450,null,null,0
e51cbe99-e988-4597-8ea5-90fa4cd6496b,00000000-0000-0000-0000-000000000001,Exited,2023-06-19,0,4600,0.00,0.00,0.00
e5980cb7-efa5-4b3a-aad0-aae5ad32fac6,00000000-0000-0000-0000-000000000001,Exited,2024-10-31,0,2250,null,null,0
e5d8f9b9-9f3a-44a2-9d25-5b56c81d9ee7,00000000-0000-0000-0000-000000000001,Exited,2025-07-15,0,-1050,0.00,0.00,0.00
e6096f2f-1764-4460-a2c8-5c597fb158f9,00000000-0000-0000-0000-000000000001,Exited,2025-04-17,0,-1122,0.00,0.00,0.00
e64b42d4-64da-4878-b81e-4f28b67e7129,00000000-0000-0000-0000-000000000001,Exited,2023-10-10,0,29386,null,null,0
e6e15dbe-6e1b-451c-b5f1-810b262b5822,00000000-0000-0000-0000-000000000001,Exited,2024-06-12,0,0,0.00,0.00,0.00
e70ad66e-a26a-4c8b-a6e1-9743710c50f9,00000000-0000-0000-0000-000000000001,Staying,null,0,0,0.00,0.00,0.00
e763d526-0d47-4584-ae19-809d441191dc,00000000-0000-0000-0000-000000000001,Exited,2026-01-01,0,7587.27,null,null,0
e7b9082d-2b4d-44b2-bdf9-9b0c614e1101,00000000-0000-0000-0000-000000000001,Exited,2023-12-24,0,2250,null,null,0
e800e656-3fc2-4383-895e-5190e4ec2049,00000000-0000-0000-0000-000000000001,Exited,2025-08-14,0,11296,0.00,0.00,0.00
e8175ed3-f4b9-4e8c-8756-800672d61068,00000000-0000-0000-0000-000000000001,Exited,2022-12-22,0,21400,null,null,0
e8538798-34a4-4d14-b1a1-7bf0f633ccee,00000000-0000-0000-0000-000000000001,Staying,null,0,null,0.00,0.00,0.00
e853e4fd-4532-458c-b497-5266ad57609c,00000000-0000-0000-0000-000000000001,Exited,2025-07-04,0,-1336,0.00,0.00,0.00
e99c9ea9-09b4-462b-9ffc-9f6e4ae2b735,00000000-0000-0000-0000-000000000001,Exited,2025-04-22,0,21750,0.00,0.00,0.00
ea40fdca-3e27-466c-910c-99fef52b75d6,00000000-0000-0000-0000-000000000001,Exited,2026-03-31,0,11950,0.00,0.00,0.00
ea4d1416-9a8a-4cfa-a7f0-04dbc74f72bc,00000000-0000-0000-0000-000000000001,Exited,2025-09-30,0,-1350,0.00,0.00,0.00
ea8e99b3-089f-4cbc-9dfa-e8e2ef00b3df,00000000-0000-0000-0000-000000000001,Exited,2024-02-24,0,488,null,null,0
eb09e1fa-a60c-47db-b729-0f89f0b65d61,00000000-0000-0000-0000-000000000001,Exited,2025-05-28,0,1960,null,null,0
eb10394b-98cd-4a92-b37b-51dc1f2b3574,00000000-0000-0000-0000-000000000001,Exited,2025-10-31,0,0,0.00,0.00,0.00
eb56b25c-a8c0-47a7-a129-f50976eef501,00000000-0000-0000-0000-000000000001,Exited,2023-03-06,0,28450,null,null,0
eb5b501b-0051-40b4-b5e7-130a183d3934,00000000-0000-0000-0000-000000000001,Exited,2024-04-16,0,11298,null,null,0
eb87b8a3-14da-484d-b2d3-af02f6765739,00000000-0000-0000-0000-000000000001,Exited,2025-06-01,0,25192,0.00,0.00,0.00
eb8bd2bd-2656-48d2-a925-0bc2408ed5cb,00000000-0000-0000-0000-000000000001,Exited,2024-11-30,0,2250,null,null,0
ebe9eee1-c892-4100-90f4-2f8eb093624d,00000000-0000-0000-0000-000000000001,Exited,2023-12-23,0,0,null,null,0
ec4ceb31-f7e8-4478-b7c2-677f0db1d859,00000000-0000-0000-0000-000000000001,Exited,2024-05-31,0,18360,null,null,0
ec9c2967-7486-47d6-9cc6-008ff6c6d47a,00000000-0000-0000-0000-000000000001,Exited,2025-01-19,0,24468,null,null,0
eca74bfc-ac13-4475-81df-fd93de5cbf79,00000000-0000-0000-0000-000000000001,Exited,2024-08-31,0,7183,null,null,0
ed206b50-b8c2-4587-907e-681f2c148f8e,00000000-0000-0000-0000-000000000001,Exited,2025-10-01,0,2210,0.00,0.00,0.00
ed5ebbd4-719a-47b9-b71a-3f69da2e9369,00000000-0000-0000-0000-000000000001,Staying,null,0,-1933,0.00,0.00,0.00
ef324b99-76b4-42bc-a62c-db989268a4d0,00000000-0000-0000-0000-000000000001,Exited,2024-12-07,0,9397,null,null,0
ef823612-4b54-4f21-90df-37501ad634e3,00000000-0000-0000-0000-000000000001,Exited,2024-03-31,0,-2250,null,null,0
efa0d66e-ad3e-4e99-b4ea-e5a7da61f354,00000000-0000-0000-0000-000000000001,Exited,2025-05-13,0,39148,0.00,0.00,0.00
efefda86-b8fe-43de-92d2-8a5949ecaa29,00000000-0000-0000-0000-000000000001,Exited,2024-07-31,0,2250,null,null,0
f009d211-2428-4e63-8c09-22ad8ba10987,00000000-0000-0000-0000-000000000001,Exited,2025-11-16,0,13276,0.00,0.00,0.00
f0913317-e6dc-4581-b4bc-db324957bb05,00000000-0000-0000-0000-000000000001,Staying,null,0,null,0.00,0.00,0.00
f146269c-fbd2-4dea-aa16-c899ddebf093,00000000-0000-0000-0000-000000000001,Exited,2024-06-07,0,2250,null,null,0
f19c1e81-c028-4506-8a1f-249d1806837d,00000000-0000-0000-0000-000000000001,Exited,2024-07-31,0,2250,null,null,0
f1af4479-259b-4e41-871d-b6bab37db386,00000000-0000-0000-0000-000000000001,Exited,2024-04-15,0,10050,0.00,0.00,0.00
f1b214c9-48e5-4d70-b5a7-f6e8d6efe35e,00000000-0000-0000-0000-000000000001,Exited,2024-09-15,0,5658,null,null,0
f1b4318e-92ab-408d-812a-05db0c5a638f,00000000-0000-0000-0000-000000000001,Exited,2023-10-22,0,-15460,null,null,0
f2328684-b703-4862-a1ac-ccfb81f33593,00000000-0000-0000-0000-000000000001,Exited,2024-07-05,0,2337,null,null,0
f24ddb36-278f-4418-9814-af5c8a7d8159,00000000-0000-0000-0000-000000000001,Exited,2023-07-05,0,2250,null,null,0
f2d9195b-c864-4a69-a8a5-cacea5959a3b,00000000-0000-0000-0000-000000000001,Exited,2025-12-13,0,-546,0.00,0.00,0.00
f2eb3323-0151-4700-af4e-2f3b13979148,00000000-0000-0000-0000-000000000001,Exited,2022-12-27,0,37000,null,null,0
f2f4757e-a36f-4615-8d08-78e18eccf3b7,00000000-0000-0000-0000-000000000001,Exited,2026-05-23,0,0,0.00,0.00,0.00
f395ecb5-f67d-431c-8735-291f7a05d552,00000000-0000-0000-0000-000000000001,Exited,2025-04-14,0,8018,0.00,0.00,0.00
f3b12da2-fde0-498a-b9eb-624b7e5c5d22,00000000-0000-0000-0000-000000000001,Exited,2023-07-08,0,3306,null,null,0
f3d5faeb-a060-4d56-bb7c-559d3f157f51,00000000-0000-0000-0000-000000000001,Staying,null,0,0,0.00,0.00,0.00
f408fa99-fea4-4a02-9f6c-7be5db3f2c28,00000000-0000-0000-0000-000000000001,Booked,null,0,null,0.00,0.00,0.00
f47c8784-9c25-4a18-8dea-138937ac4e63,00000000-0000-0000-0000-000000000001,Exited,2023-10-07,0,6380,null,null,0
f4822e1d-d918-4193-8ea7-19932d1ed97f,00000000-0000-0000-0000-000000000001,Exited,2025-06-30,0,-1490,0.00,0.00,0.00
f48bcd4d-b81e-4a57-a0f3-09dfa5e2e00f,00000000-0000-0000-0000-000000000001,Exited,2025-11-30,0,629,0.00,0.00,0.00
f4ee29e4-6c4d-4f65-8b5e-ce92721c36ac,00000000-0000-0000-0000-000000000001,Exited,2025-08-31,0,-4170,0.00,0.00,0.00
f51128e3-e243-4a13-9c81-ebeab17cc897,00000000-0000-0000-0000-000000000001,Exited,2026-01-15,0,8755,0.00,0.00,0.00
f53bb669-9ac6-4b26-b92d-1989e6fd584a,00000000-0000-0000-0000-000000000001,Exited,2024-05-07,0,1024,null,null,0
f53c4250-94f5-4132-a3fa-7ca85499040d,00000000-0000-0000-0000-000000000001,Exited,2023-05-31,0,12582,null,null,0
f5dc7322-00ac-4867-a914-e2bddeac9a0f,00000000-0000-0000-0000-000000000001,Staying,null,0,0,0.00,0.00,0.00
f633e445-026c-4a6f-8f98-d485242a4653,00000000-0000-0000-0000-000000000001,Exited,2023-07-08,0,14726,null,null,0
f634c44a-96d3-49a9-9a8d-f2f05437a788,00000000-0000-0000-0000-000000000001,Exited,2024-10-03,0,-342,null,null,0
f6499a29-0bb5-4d1d-ac0c-dd3fb32a5019,00000000-0000-0000-0000-000000000001,Exited,2025-03-10,0,6424,null,null,0
f6956ad7-5d64-4b0c-99f0-998589504d34,00000000-0000-0000-0000-000000000001,Exited,2024-01-31,0,2250,0.00,0.00,0.00
f6976df5-ab7b-4cb2-8ce9-e36efe843745,00000000-0000-0000-0000-000000000001,Exited,2026-01-09,0,0,0.00,0.00,0.00
f6b29b1d-c950-46ae-a66f-fe48ad0eac52,00000000-0000-0000-0000-000000000001,Exited,2025-06-30,0,-348,0.00,0.00,0.00
f6d9b4ed-d1e3-4963-bbdd-fb87e50d1313,00000000-0000-0000-0000-000000000001,Exited,2025-07-01,0,-584,0.00,0.00,0.00
f7118285-3f53-4468-90b5-cb0373f007ec,00000000-0000-0000-0000-000000000001,Exited,2023-09-15,0,10351,null,null,0
f7502ebc-b898-48a8-a6bb-2247bf972051,00000000-0000-0000-0000-000000000001,Exited,2024-09-13,0,853,null,null,0
f76d2db9-0af5-4f15-bc7a-29fb9d0d2fa0,00000000-0000-0000-0000-000000000001,Exited,2024-05-31,18373,18373,18373.00,18373.00,0.00
f784a041-7255-4b65-938e-007dc3f575ac,00000000-0000-0000-0000-000000000001,Exited,2024-06-08,0,32386,null,null,0
f7f50c4c-4d0e-4e95-b2f6-fb00fdcf69d8,00000000-0000-0000-0000-000000000001,Exited,2024-10-15,0,-855,0.00,0.00,0.00
f80e0e3e-e4cb-479a-bcaa-e0be22cf3fba,00000000-0000-0000-0000-000000000001,Exited,2024-12-30,0,1782,null,null,0
f822df0d-358b-4c99-ad7d-cdcc6e375454,00000000-0000-0000-0000-000000000001,Exited,2024-02-03,0,15181,null,null,0
f85396b4-e076-41a6-a5e1-c7981113df4e,00000000-0000-0000-0000-000000000001,Exited,2024-03-29,0,2050,null,null,0
f85bb9c5-9916-4634-ae15-c1cacb03ec63,00000000-0000-0000-0000-000000000001,Exited,2023-02-09,0,28450,null,null,0
f8713ef8-edaf-48d9-9785-c65aa13cce29,00000000-0000-0000-0000-000000000001,Exited,2023-10-31,0,13120,null,null,0
f88277df-2e91-4c20-b4dc-542986b2e8d2,00000000-0000-0000-0000-000000000001,Exited,2023-07-10,52493,51493,52493.00,52493.00,0.00
f9231162-ec72-4793-bcfd-ea671ac0d111,00000000-0000-0000-0000-000000000001,Exited,2025-10-31,0,-1612,0.00,0.00,0.00
f9922902-5337-46f5-bf1f-7d8982a685af,00000000-0000-0000-0000-000000000001,Staying,null,0,822,0.00,0.00,0.00
f9f92fc9-d5c0-4c1b-9d50-6671883c3e5d,00000000-0000-0000-0000-000000000001,Exited,2023-05-31,0,19960,null,null,0
fa2e4c16-29fa-4e0c-a664-36ae14e6cc80,00000000-0000-0000-0000-000000000001,Exited,2023-12-31,0,11315,null,null,0
fa47803a-157d-4335-ba90-f00c05d3c5e3,00000000-0000-0000-0000-000000000001,Exited,2025-02-03,0,50699,null,null,0
fad9c620-d9d5-479c-981d-4bc0521c94bb,00000000-0000-0000-0000-000000000001,Staying,null,0,0,0.00,0.00,0.00
fadc9048-80aa-4e3f-af18-704c7a471f5a,00000000-0000-0000-0000-000000000001,Exited,2024-06-29,0,22500,null,null,0
faddca8d-590d-4f07-b361-c93c405b2b5e,00000000-0000-0000-0000-000000000001,Exited,2023-02-18,0,4812,0.00,null,0
fb2be2c1-503b-41f2-9ae7-238f157ffbd3,00000000-0000-0000-0000-000000000001,Exited,2024-04-17,0,16348,null,null,0
fb6ca425-9e5f-4f51-811c-c180458d07ca,00000000-0000-0000-0000-000000000001,Exited,2026-07-20,0,null,0.00,0.00,0.00
fbdb22d0-94a8-44e6-9c98-b1d8881da9e9,00000000-0000-0000-0000-000000000001,Exited,2026-01-17,0,44910,0.00,0.00,0.00
fc63a4a8-0b3e-406f-8ccb-2105eec8e19b,00000000-0000-0000-0000-000000000001,Exited,2025-08-27,0,-1485,0.00,0.00,0.00
fc73107e-4511-4bb3-af12-aa7c3d874773,00000000-0000-0000-0000-000000000001,Exited,2025-11-14,0,-574,0.00,0.00,0.00
fd350f40-ed9a-45f8-8aa5-d7e851b263ae,00000000-0000-0000-0000-000000000001,Exited,2024-11-04,0,24000,null,null,0
fd855109-6692-4bf6-b9d1-76412b3f91a5,00000000-0000-0000-0000-000000000001,Exited,2025-04-27,0,0,0.00,0.00,0.00
fdc7f930-cc59-4827-a7cc-d0afff37e6e6,00000000-0000-0000-0000-000000000001,Exited,2024-06-22,0,-110,null,null,0
fe0a7f8c-d7d4-4da8-a05e-1365fd88dd04,00000000-0000-0000-0000-000000000001,Exited,2023-06-22,0,3650,null,null,0
fe2ad17f-410e-481b-ab4d-af0e65a40934,00000000-0000-0000-0000-000000000001,Exited,2026-06-30,0,0,0.00,0.00,0.00
fe3f9a14-6b9b-493b-ba79-3290b7c0a9ab,00000000-0000-0000-0000-000000000001,Exited,2025-07-31,0,31500,0.00,0.00,0.00
fe75f030-f6fc-47d3-906a-37e3c1b395be,00000000-0000-0000-0000-000000000001,Exited,2023-10-30,0,4200,null,null,0
ff8ca2ee-9523-4a03-ba50-e7e02ce9fed6,00000000-0000-0000-0000-000000000001,Exited,2025-12-05,0,-315,0.00,0.00,0.00
ffbcd27c-2518-45d1-aea7-1201af9a3e16,00000000-0000-0000-0000-000000000001,Exited,2024-11-30,0,3750,null,null,0
ffc3777a-baa2-4d5a-bc63-e6ae4b76fce6,00000000-0000-0000-0000-000000000001,Exited,2023-04-03,0,20716,0.00,0.00,0.00
fff45ee4-c493-4b5d-abc2-2a79ee66e725,00000000-0000-0000-0000-000000000001,Exited,2025-09-01,0,26500,null,null,0
fff67381-c4cf-4cea-bd9c-cf44f593c9ca,00000000-0000-0000-0000-000000000001,Exited,2024-07-16,0,10809,null,null,0