id,organization_id,tenant_id,provider,direction,event_type,external_message_id,external_conversation_id,message_type,language,processing_status,correlation_id,processed_at,error_message,created_at,updated_at
33651790-5076-482c-98d9-fc7c392b9194,null,null,whatsapp,inbound,webhook_unparsed,unparsed-591e62d9-661e-4fb7-9f6d-60a319b5d553,null,unknown,null,received,eceafef7-070d-4a5a-8c68-4832e293b719,null,payload_shape_not_recognized,2026-05-16 12:48:53.123158+00,2026-05-16 12:48:53.123158+00
86179fee-dd33-4d46-a2ed-bbed2af7f9dd,null,null,whatsapp,inbound,webhook_unparsed,unparsed-0607029e-f612-4bf7-a7a6-c3fdc2a17984,null,unknown,null,received,86d7b71a-5bbe-4b3d-8ce3-0b1edde1ae60,null,payload_shape_not_recognized,2026-05-16 12:48:53.229247+00,2026-05-16 12:48:53.229247+00
9bc23458-0408-4aa9-9f32-8e8455051e85,null,null,whatsapp,inbound,webhook_unparsed,unparsed-71a81dee-c977-475b-8d73-ef41040869ac,null,unknown,null,received,1d66ff2c-d7e0-4da4-b94e-32e05b96d296,null,payload_shape_not_recognized,2026-05-16 12:48:53.675275+00,2026-05-16 12:48:53.675275+00
344b7929-80ad-43ca-9c5c-a2e4dfd454cf,null,null,whatsapp,inbound,webhook_unparsed,unparsed-06ade701-5ee3-4950-b99f-3c0b5bfec661,null,unknown,null,received,873867cc-7ae8-46ea-862d-2a6c069b9b5e,null,payload_shape_not_recognized,2026-05-16 12:48:54.173154+00,2026-05-16 12:48:54.173154+00
18f63b71-3c8c-4242-bb91-705479c88d4c,null,null,whatsapp,inbound,webhook_unparsed,unparsed-2cf86e29-9127-42d2-a324-e4ce4e3b9283,null,unknown,null,received,b557bbbf-b409-41ef-b35e-9ff3d6ac0676,null,payload_shape_not_recognized,2026-05-16 12:48:54.719855+00,2026-05-16 12:48:54.719855+00
05f6379d-1ab9-4590-8ca3-d672037ee65b,00000000-0000-0000-0000-000000000001,null,whatsapp,inbound,message,wamid.HBgMOTE2MzgzMjM5NDU0FQIAEhggQUMxMjc2RkJDQzExOUI1Q0NBQjNDOTM3MzVENDU2QzAA,null,text,null,received,8ea6ebb4-0369-4eed-8943-d31a0dcb64ba,null,null,2026-05-16 12:52:33.926936+00,2026-05-16 12:52:33.926936+00
1e98079d-a58a-4107-9388-310fa00dad26,00000000-0000-0000-0000-000000000001,null,whatsapp,inbound,message,wamid.HBgMOTE2MzgzMjM5NDU0FQIAEhggQUM0Qjc0RURFODEyMUE3MzlGMDIwQUE2RURDMEMxQTIA,null,text,null,received,05b65378-98e2-44f5-8790-837ba8b11819,null,null,2026-05-18 05:45:27.290367+00,2026-05-18 05:45:27.290367+00
9634cafd-cda2-416f-9391-ffc867aa42a9,00000000-0000-0000-0000-000000000001,null,whatsapp,inbound,message,wamid.HBgMOTE3Njk1OTMyODI0FQIAEhggQUNCMjFFNUQ4MkZEMTkzQjZFNTJBRkI4OTI5OTg5Q0YA,null,text,null,received,9db2f87f-bd00-4f70-8b05-4645d62b2226,null,null,2026-05-18 05:48:38.901522+00,2026-05-18 05:48:38.901522+00
d37047c2-3f60-4c80-b769-6e3218f9b6d5,00000000-0000-0000-0000-000000000001,19214e19-efc4-4eea-8118-944c998e3ab6,whatsapp,inbound,message,wamid.HBgMOTE3MzQ5NjAzMDA0FQIAEhggQUNDQkUxMTREQ0E2NjhDNUM1RjlDNzk3Q0QyRENEQTAA,null,text,null,received,f1112cf2-cb40-425c-b62b-35f2bd9a97ea,null,null,2026-05-29 12:42:25.03511+00,2026-05-29 12:42:25.03511+00
901e390a-513d-435f-baa0-4cfed93bc2bd,null,null,whatsapp,inbound,webhook_unparsed,unparsed-73ec98a6-d2f0-4f9e-9720-626e3da4183c,null,unknown,null,received,f52b1736-7794-4e1e-b32c-a2d049e92c89,null,payload_shape_not_recognized,2026-05-29 12:43:26.176081+00,2026-05-29 12:43:26.176081+00
806d6f76-13ff-4641-819e-cc72f693e7a9,00000000-0000-0000-0000-000000000001,19214e19-efc4-4eea-8118-944c998e3ab6,whatsapp,inbound,message,wamid.HBgMOTE3MzQ5NjAzMDA0FQIAEhggQUMxN0U0NDA4RjBDMzI4NTlGRUM5QTA3RkZFQjQ2RkUA,null,text,null,failed,d7dd9aff-33cf-4b2f-a78a-edeb0857a0ae,2026-05-29 12:44:13.374+00,"We could not confidently map this complaint to an issue category. Please specify a clear issue type (e.g., AC, plumbing, electrical).",2026-05-29 12:44:11.473891+00,2026-05-29 12:44:11.473891+00
83afc98c-0a94-461c-b4fc-2d5442cfe70e,00000000-0000-0000-0000-000000000001,null,whatsapp,inbound,message,wamid.HBgMOTE2MzgzMjM5NDU0FQIAEhgWM0VCMDRGMzkxRjM1QkJGQkU5NkI5QgA=,null,unknown,null,failed,d665d0c0-2a03-406b-a0f2-6550d1f0f24e,2026-05-29 13:27:27.89+00,"Vertex generateContent 400: {
  ""error"": {
    ""code"": 400,
    ""message"": ""Request contains an invalid argument."",
    ""status"": ""INVALID_ARGUMENT""
  }
}
",2026-05-29 13:27:26.44871+00,2026-05-29 13:27:26.44871+00
77cca71c-4b90-4e21-b6ea-80c5877f1d15,00000000-0000-0000-0000-000000000001,null,whatsapp,inbound,message,wamid.backfill-annamalai-20260601,null,image,null,failed,b87cdf8d-1482-460d-8020-ab8239f90553,2026-06-01 06:32:56.23+00,"Vertex generateContent 400: {
  ""error"": {
    ""code"": 400,
    ""message"": ""Request contains an invalid argument."",
    ""status"": ""INVALID_ARGUMENT""
  }
}
",2026-06-01 06:32:49.570711+00,2026-06-01 06:32:49.570711+00
802284a5-c4a7-4427-98a5-1b01756fe85c,null,null,whatsapp,inbound,webhook_unparsed,unparsed-8efbdf55-71f7-46ec-bb4e-6eea442252a9,null,unknown,null,received,ad565853-5567-4705-b3f7-5d689af1553e,null,payload_shape_not_recognized,2026-06-01 07:10:37.474469+00,2026-06-01 07:10:37.474469+00
c7d14cdc-4fa0-43aa-bdbe-73a738ce27ae,00000000-0000-0000-0000-000000000001,5fee0a79-3970-704a-2332-f7c7598e86c1,whatsapp,inbound,message,wamid.HBgMOTE4OTAzMDIyODY2FQIAEhgUM0FGODE5RDEyMDRBRkQ1ODgwNzMA,null,text,null,received,8af9b262-ff62-4ab2-aaa2-f5f4d90edb9c,null,null,2026-06-01 07:10:41.865052+00,2026-06-01 07:10:41.865052+00
ac932036-e57e-42e5-8af2-6d60bc8bb172,null,null,whatsapp,inbound,webhook_unparsed,unparsed-fd624b68-d7df-4e50-ae2b-5905ace948be,null,unknown,null,received,3c4106b0-7a1f-466d-b717-b765445f28c3,null,payload_shape_not_recognized,2026-06-01 07:15:39.269312+00,2026-06-01 07:15:39.269312+00
5ca63770-8a8e-460a-93ff-e1c3ecc3d358,null,null,whatsapp,inbound,webhook_unparsed,unparsed-19101e96-b32e-4235-ad6d-53320e111a4a,null,unknown,null,received,293744b3-69d0-438c-9374-c83c725479bc,null,payload_shape_not_recognized,2026-06-01 07:16:37.18916+00,2026-06-01 07:16:37.18916+00
6a1da590-be69-4b3d-b4e5-6b083e021d74,00000000-0000-0000-0000-000000000001,5fee0a79-3970-704a-2332-f7c7598e86c1,whatsapp,inbound,message,wamid.HBgMOTE4OTAzMDIyODY2FQIAEhgUM0E5MUJBMUQwMzZDMjMyODc0REQA,null,text,null,received,df9822db-56ea-4f7d-90b2-8dc025b71c58,null,null,2026-06-01 07:16:53.946439+00,2026-06-01 07:16:53.946439+00
31fe5c42-c212-4217-8924-bf45096ae441,null,null,whatsapp,inbound,webhook_unparsed,unparsed-61dc36f0-79c7-46c9-9f80-5dbce6cc7aac,null,unknown,null,received,d65a130e-ae91-4354-87e8-a3bcdaaa7bb3,null,payload_shape_not_recognized,2026-06-01 07:17:19.237012+00,2026-06-01 07:17:19.237012+00
332a1731-ffb5-48a4-9b98-ce0f35524e46,00000000-0000-0000-0000-000000000001,c0791d4c-9325-bf1b-30af-7af648c26338,whatsapp,inbound,message,wamid.HBgMOTE4OTMzODIyODQyFQIAEhggQUMxOTA2OEEyOTRGRkRGQ0Y2MDZFRjI1QkZCRTM1RDUA,null,image,null,received,d4095747-ae65-48aa-8411-70760571bb8d,null,null,2026-06-01 07:33:52.245592+00,2026-06-01 07:33:52.245592+00
5a97dfc1-5b9c-4983-bf4a-ec61c0d1d294,00000000-0000-0000-0000-000000000001,b0348aa8-ad9f-d0dd-94e8-c71a6627c930,whatsapp,inbound,message,wamid.HBgMOTE5NjU5Mzc5NTE0FQIAEhgUM0E4QkYxNEFDNTlGN0EzREJEMUQA,null,text,null,received,65cb9c74-4b90-4975-946d-9dd69b5cdbfb,null,null,2026-06-01 07:37:43.272465+00,2026-06-01 07:37:43.272465+00
0afb0d8a-be07-4d2a-812a-060e1d9d4575,null,null,whatsapp,inbound,webhook_unparsed,unparsed-e0bcea79-4c52-4315-a297-5605873837a9,null,unknown,null,received,77ff1f04-b7d3-4ac4-a45d-c7b94cc3518e,null,payload_shape_not_recognized,2026-06-01 07:38:06.99403+00,2026-06-01 07:38:06.99403+00
3c8b82d1-33e2-4c07-8bfb-f0f2508e5e65,00000000-0000-0000-0000-000000000001,43774f3c-9ce6-fc78-7857-b8607c3e1966,whatsapp,inbound,message,wamid.HBgMOTE4MjgxNjM2MDIyFQIAEhgUNEEzRUI5OEYxMUU2ODlEM0Y5MDYA,null,image,null,received,7ebc27fd-d805-4e39-9853-8c0a8c3d682c,null,null,2026-06-01 07:40:21.592536+00,2026-06-01 07:40:21.592536+00
bd39acce-cbfc-4eaf-8f56-328b77058de7,00000000-0000-0000-0000-000000000001,43774f3c-9ce6-fc78-7857-b8607c3e1966,whatsapp,inbound,message,wamid.HBgMOTE4MjgxNjM2MDIyFQIAEhgUMkFCMEY2NkZBREZGNjk2NEFCNzkA,null,text,null,received,51cba637-4e47-4e3d-a655-78e0b395a0a6,null,null,2026-06-01 07:40:31.833241+00,2026-06-01 07:40:31.833241+00
388cfdf4-f7bb-4ba5-8db8-13e12894d83d,00000000-0000-0000-0000-000000000001,b0348aa8-ad9f-d0dd-94e8-c71a6627c930,whatsapp,inbound,message,wamid.HBgMOTE5NjU5Mzc5NTE0FQIAEhgUNEFCMkE3NUI2QTE4OUYzOTFERUEA,null,image,null,received,17f66ad0-e6cd-4142-9b53-07bcca3f0734,null,null,2026-06-01 07:41:26.671963+00,2026-06-01 07:41:26.671963+00
1cd0b4f8-57c0-4b76-9a17-00d677e6c46a,00000000-0000-0000-0000-000000000001,491b8136-32a1-37c5-5253-b53ff3991d86,whatsapp,inbound,message,wamid.HBgMOTE4OTY5OTA0MjU3FQIAEhggQUMzMDgwNjdEQzE4RDc5NUY3QUJGMjM0RjI2NDNBNzkA,null,image,null,received,6df3ee2b-c6b0-44b4-aa2f-b618abce3179,null,null,2026-06-01 07:45:57.199431+00,2026-06-01 07:45:57.199431+00
add25a96-d2fe-4ca3-b241-816572a517b9,00000000-0000-0000-0000-000000000001,491b8136-32a1-37c5-5253-b53ff3991d86,whatsapp,inbound,message,wamid.HBgMOTE4OTY5OTA0MjU3FQIAEhggQUMzM0RFMDg5MkI5NjM4QUZDQjIzNUYyODg4NzBEOEMA,null,text,null,received,0d1c8b49-5fb4-4053-bbbd-aed4a0d21665,null,null,2026-06-01 07:46:03.978949+00,2026-06-01 07:46:03.978949+00
d7ec0d1d-90d9-4fed-bcd9-615c858c0844,null,null,whatsapp,inbound,webhook_unparsed,unparsed-00d9d907-0890-46c0-9c72-11d93cdd75bf,null,unknown,null,received,cc115fea-f236-4cc5-960c-295196a97b7d,null,payload_shape_not_recognized,2026-06-01 08:00:00.337289+00,2026-06-01 08:00:00.337289+00
abd598ff-39a2-4345-b711-b8550845bb0b,00000000-0000-0000-0000-000000000001,1932ea80-c6eb-874e-eca8-12410fa7a608,whatsapp,inbound,message,wamid.HBgMOTE5NjI5NDQ2ODY2FQIAEhggQUNFODQ1ODRDQUJFMUMyQTUxMDQ4RkUzNEI4NTVEMjcA,null,text,null,received,fefbdafb-85ce-43b6-8570-dca3c18c4780,null,null,2026-06-01 08:24:38.275994+00,2026-06-01 08:24:38.275994+00
2c29265e-35f5-4cbd-9c40-7ba4a24e3eee,00000000-0000-0000-0000-000000000001,1932ea80-c6eb-874e-eca8-12410fa7a608,whatsapp,inbound,message,wamid.HBgMOTE5NjI5NDQ2ODY2FQIAEhggQUMwM0Q1REQ3RTAyQjFCOTZDMzFEQUY1OEJERDYxQUQA,null,text,null,received,7989aa89-ac4e-4b6a-a7c4-567210835ab3,null,null,2026-06-01 08:24:39.850854+00,2026-06-01 08:24:39.850854+00
79ee32de-c630-4d81-b50a-5bb35458575e,00000000-0000-0000-0000-000000000001,e99afa10-6249-3f5b-4364-da75f89e34f9,whatsapp,inbound,message,wamid.HBgMOTE4NzcwMDk3NDU5FQIAEhggQUM0QkM4RDkyMjQwNThFREEwRUZDMjkxMkY4OEE0QTAA,null,image,null,received,97e28dbc-3e24-43a0-9d16-e04ada90a625,null,null,2026-06-01 08:28:37.319986+00,2026-06-01 08:28:37.319986+00
243658a4-913a-40d6-8adb-28c36b80c7cc,00000000-0000-0000-0000-000000000001,2c05db07-e980-4d52-a524-1b1ee5185554,whatsapp,inbound,message,wamid.HBgMOTE4OTA0MjMyMjMwFQIAEhggQUNCOUM3MjYzOEMyMTlGMEVFM0Q0ODYzMDdENUZDN0MA,null,text,null,received,2b615b6d-69f9-4817-8972-f8f3627fc1f7,null,null,2026-06-01 08:29:44.202115+00,2026-06-01 08:29:44.202115+00
4d5db446-4f24-4fe2-8f4c-18422c1833f1,null,null,whatsapp,inbound,webhook_unparsed,unparsed-55b69c96-5945-405e-b56f-d1858246b4fe,null,unknown,null,received,df17de21-65f0-4144-8850-31f8b2f4e45f,null,payload_shape_not_recognized,2026-06-01 08:41:09.421851+00,2026-06-01 08:41:09.421851+00
111094d0-cd6f-4862-ad7f-7aa61e1f9dc1,null,null,whatsapp,inbound,webhook_unparsed,unparsed-097f9a3c-61b7-4a6e-9453-104e2e5c9291,null,unknown,null,received,2562c9c5-3d4e-4990-8739-7f9aff3a7190,null,payload_shape_not_recognized,2026-06-01 08:42:31.811434+00,2026-06-01 08:42:31.811434+00
2323a345-92da-4685-b552-6dbf14152ba2,00000000-0000-0000-0000-000000000001,5fee0a79-3970-704a-2332-f7c7598e86c1,whatsapp,inbound,message,wamid.HBgMOTE4OTAzMDIyODY2FQIAEhgUM0E5OUY5RUUzRDI2MDMxQTI0NEUA,null,text,null,received,c6296e60-a7f5-485a-8ff4-c9b852b25e65,null,null,2026-06-01 08:43:37.057508+00,2026-06-01 08:43:37.057508+00
e7907684-c35d-47f1-b0a9-cfd558b5645c,null,null,whatsapp,inbound,webhook_unparsed,unparsed-e1381e2d-4ba5-48f8-8a9e-1c5f48fc70e5,null,unknown,null,received,36978989-5140-4307-920d-7f661a9a7963,null,payload_shape_not_recognized,2026-06-01 08:47:19.469903+00,2026-06-01 08:47:19.469903+00
39065f3f-da98-4b61-b6a6-84da60a8c0ba,null,null,whatsapp,inbound,webhook_unparsed,unparsed-54573c0f-3f5d-46aa-a516-046f2359b4ed,null,unknown,null,received,35facc28-2829-4397-af39-8b86e7746963,null,payload_shape_not_recognized,2026-06-01 08:58:27.968262+00,2026-06-01 08:58:27.968262+00
2425f271-5ca0-490c-8285-9017f8b50283,null,null,whatsapp,inbound,webhook_unparsed,unparsed-50827cd7-1b22-4fb5-a942-7417aca4c67f,null,unknown,null,received,cddfaa81-503f-4374-9c17-6cbc2210ef9b,null,payload_shape_not_recognized,2026-06-01 08:58:28.153109+00,2026-06-01 08:58:28.153109+00
11d052f7-89bf-4246-a059-71f81b13455d,null,null,whatsapp,inbound,webhook_unparsed,unparsed-3a97f701-a145-4ae3-8dcb-28cf6d267737,null,unknown,null,received,33463579-c9ec-4434-8ff7-947276e4d3b4,null,payload_shape_not_recognized,2026-06-01 08:58:29.734898+00,2026-06-01 08:58:29.734898+00
4eccdf2e-5ab1-4890-baaf-279ca0231471,null,null,whatsapp,inbound,webhook_unparsed,unparsed-56d3368b-addd-4a40-a66d-aa7f8bb6df99,null,unknown,null,received,b8c52ff2-1c81-4bf5-b61d-37a4e923b724,null,payload_shape_not_recognized,2026-06-01 08:58:29.941221+00,2026-06-01 08:58:29.941221+00
e2553cd5-c0aa-4ebb-910e-76a14ecc62c7,null,null,whatsapp,inbound,webhook_unparsed,unparsed-24b5588a-78aa-453d-ac89-091eb78e2e8c,null,unknown,null,received,458512ed-72a5-4258-8612-fc670e356c92,null,payload_shape_not_recognized,2026-06-01 08:58:31.035755+00,2026-06-01 08:58:31.035755+00
287c2543-2227-4286-951c-9e9c47d7ac97,00000000-0000-0000-0000-000000000001,f38ac232-fe6f-44f8-955c-18c46b4db738,whatsapp,inbound,message,wamid.HBgMOTE4MTc4ODE3NDQyFQIAEhggQUNFM0JCREQwMTBEMEUwNUQyQTVCNERERDEwNEFBRTYA,null,text,null,received,f1d3f713-0ed7-44e2-a76e-77ac9e66db45,null,null,2026-06-01 10:46:16.994402+00,2026-06-01 10:46:16.994402+00
59bdc791-fcbe-4f0f-9528-59e449c561e6,00000000-0000-0000-0000-000000000001,null,whatsapp,inbound,message,wamid.HBgMOTE2MzgzMjM5NDU0FQIAEhggQUM2RTc1NEUzRDY4RjY3RDJBNEY0QTMyMjE2Mzk3QUQA,null,text,null,failed,7900b54d-7c22-4b55-b9ae-4b2dc079eb1e,2026-06-01 10:57:16.317+00,"Please include a clear issue type (example: plumbing, AC, electrical) so I can create the ticket.",2026-06-01 10:57:13.879476+00,2026-06-01 10:57:13.879476+00
1da6d463-931e-4059-a10f-50e5c78624d3,00000000-0000-0000-0000-000000000001,null,whatsapp,inbound,message,wamid.HBgMOTE2MzgzMjM5NDU0FQIAEhggQUM1NkU5OENGNTgzRTkzQ0U4OTQ5NEVGOUU0RENCMjcA,null,text,null,received,7cb07dd2-f286-48bd-9801-ed9bc9ffb0c2,null,null,2026-06-01 11:18:15.830361+00,2026-06-01 11:18:15.830361+00
5e71a6b8-5b45-416a-8532-0d5c03128f5b,00000000-0000-0000-0000-000000000001,null,whatsapp,inbound,message,wamid.HBgMOTE2MzgzMjM5NDU0FQIAEhggQUM3QzcxREYyNjRBQ0E5N0FFRjIyRjVGRDNGQjM4MDIA,null,text,null,received,2772f95f-26c2-4424-a01e-c90bc27fa203,null,null,2026-06-01 11:18:59.808881+00,2026-06-01 11:18:59.808881+00
f12ea99e-77ff-47b1-a149-e514422a622a,00000000-0000-0000-0000-000000000001,null,whatsapp,inbound,message,wamid.HBgMOTE2MzgzMjM5NDU0FQIAEhggQUMzRTFBNDIxQzdBMDAwMEFGNEEzN0JCMjExNTQzMTEA,null,text,null,received,9715c6e4-63ca-4bd4-8a3a-c0173612047d,null,null,2026-06-01 11:21:39.689672+00,2026-06-01 11:21:39.689672+00
e81627db-8b51-4eab-a49d-2ffb0e284eac,00000000-0000-0000-0000-000000000001,null,whatsapp,inbound,message,wamid.HBgMOTE2MzgzMjM5NDU0FQIAEhggQUM1Qzc4Njg4NkNEQUE0MTQ4RDJEN0I5OTVDMDBEQUQA,null,text,null,received,f526ab9a-da25-4ba2-a9c3-dd3f0f3a9e11,null,null,2026-06-01 11:21:48.366458+00,2026-06-01 11:21:48.366458+00
134b2119-a8fc-4192-88a5-954035e87169,null,null,whatsapp,inbound,webhook_unparsed,unparsed-d82ed5fa-c0b7-445a-8680-1957f57735fb,null,unknown,null,received,8fde312b-4178-4ccb-8191-5fe4ba51c45b,null,payload_shape_not_recognized,2026-06-01 12:49:41.041504+00,2026-06-01 12:49:41.041504+00
b6995fc8-b4c7-4d18-baa4-30fe3932ee28,null,null,whatsapp,inbound,webhook_unparsed,unparsed-c8a5b1ac-1761-48f8-aa15-5d44ef13bccc,null,unknown,null,received,7090b47a-84af-405f-ae4a-3f84d716172b,null,payload_shape_not_recognized,2026-06-02 05:19:58.210031+00,2026-06-02 05:19:58.210031+00
35673177-e9d3-47df-a267-945a3f7f6a74,null,null,whatsapp,inbound,webhook_unparsed,unparsed-40dd3789-d70e-4993-9899-97583ed8273d,null,unknown,null,received,c2d5b6c8-1cfc-4681-adcb-aff74fe52da1,null,payload_shape_not_recognized,2026-06-02 05:19:58.210042+00,2026-06-02 05:19:58.210042+00
4ad555e8-2db3-4f3c-9313-09aaf827e8b6,00000000-0000-0000-0000-000000000001,null,whatsapp,inbound,message,wamid.HBgMOTE2MzgzMjM5NDU0FQIAEhggQUNCQ0VCNjIzREMzQjIzNTFGQzlFOEM4MUQwREY3MzAA,null,text,null,received,1e763440-1add-48c0-8bf0-8a65b53fdd79,null,null,2026-06-02 05:21:08.042905+00,2026-06-02 05:21:08.042905+00
ac39b53b-3d90-4fa7-a438-cfbf57b2cc9d,null,null,whatsapp,inbound,webhook_unparsed,unparsed-0009f9dc-c006-46ad-90c3-b6688282c62b,null,unknown,null,received,c29f1f70-d7ad-4f67-ac00-439d54a077e8,null,payload_shape_not_recognized,2026-06-02 05:41:59.916583+00,2026-06-02 05:41:59.916583+00
4652abfc-d1b2-42d4-8775-1bbd7355fc8a,null,null,whatsapp,inbound,webhook_unparsed,unparsed-bf05a9ed-5872-4712-bf99-6af44c5a4d4d,null,unknown,null,received,dc8cace2-399d-449b-9ff4-22e4008b49e5,null,payload_shape_not_recognized,2026-06-02 05:42:25.033052+00,2026-06-02 05:42:25.033052+00
68f95ecc-e151-4159-bc5d-99a97862ecdd,00000000-0000-0000-0000-000000000001,3b02f95a-b47e-1037-4f8a-f2f31e35c98e,whatsapp,inbound,message,wamid.HBgMOTE4Nzc5NDY2NjI0FQIAEhggQUM2OTREMDc2MzM0MzFDMThFMkNCQjVDRTVENTVFNDcA,null,image,null,received,731c3d15-6ad3-4fd5-9d57-5a063a703dc0,null,null,2026-06-02 06:16:21.784283+00,2026-06-02 06:16:21.784283+00
2db7d7a8-10c7-4a48-b496-8f471f21f293,00000000-0000-0000-0000-000000000001,93eb3d6a-d35b-ef1f-83b8-7430b6ad1674,whatsapp,inbound,message,wamid.HBgMOTE4NDE2OTI4MzU2FQIAEhggQUNFRDc5QkJGMjJBRDUyOEVFQTRCNUY1NkVCNEI4OTMA,null,text,null,received,00d0a10c-1920-4caa-b833-ae0934e5f775,null,null,2026-06-02 06:26:05.486037+00,2026-06-02 06:26:05.486037+00
a6fe5f66-999d-456b-be58-c301d153b41f,00000000-0000-0000-0000-000000000001,66fbcb59-3d06-d8cc-b1d5-53f38a599207,whatsapp,inbound,message,wamid.HBgMOTE4NjEwMTA2MzkzFQIAEhggQUMwQzY4OTg3RkU2QjMyRDdFRDA3QjU4RjQ0MUQyRTYA,null,text,null,received,d05f974d-6d15-47c9-b48c-753e6260efcd,null,null,2026-06-02 06:45:32.150021+00,2026-06-02 06:45:32.150021+00
3732358d-4576-4b3e-9d04-39c972fd9825,null,null,whatsapp,inbound,webhook_unparsed,unparsed-cab43230-e38a-47ef-a613-f3ba1252c649,null,unknown,null,received,6a7f217f-b34c-4b3a-9766-c13645a360ed,null,payload_shape_not_recognized,2026-06-02 06:45:52.660554+00,2026-06-02 06:45:52.660554+00
508ebfc9-6cc1-4eab-8eb5-e2ffdaca43e9,00000000-0000-0000-0000-000000000001,66fbcb59-3d06-d8cc-b1d5-53f38a599207,whatsapp,inbound,message,wamid.HBgMOTE4NjEwMTA2MzkzFQIAEhggQUNBMjAyQjZDMTRFRjJBMTlDODM5MUE1MUUzMzhDQjUA,null,text,null,received,dcc0185f-c516-49f6-ad88-51a717416e9d,null,null,2026-06-02 06:46:58.90495+00,2026-06-02 06:46:58.90495+00
1a05f071-ba8b-4f0a-8a37-6f171c825e7c,00000000-0000-0000-0000-000000000001,2ba81159-3fd3-401a-b806-4cf09e7dce86,whatsapp,inbound,message,wamid.HBgMOTE5Njg2NDE5MjY5FQIAEhgUM0E4RkMyODJERkVCRDYwOEUwQzAA,null,image,null,received,15ef8769-65b8-401a-bc21-ca86dc343a1d,null,null,2026-06-02 06:55:54.664403+00,2026-06-02 06:55:54.664403+00
8bf634bc-e799-45df-9050-dfcb826af0ca,null,null,whatsapp,inbound,webhook_unparsed,unparsed-05293732-c919-4151-928c-a43c42579cd2,null,unknown,null,received,7aa40a3e-7dbd-45d9-acc9-a6e33da24683,null,payload_shape_not_recognized,2026-06-02 07:11:46.972292+00,2026-06-02 07:11:46.972292+00
98eeee56-5386-4860-8007-b753e7060059,null,null,whatsapp,inbound,webhook_unparsed,unparsed-ea0ee991-b1e5-4ffa-93ca-f83606e4359a,null,unknown,null,received,7944a5ac-abca-4e1d-9175-942491097753,null,payload_shape_not_recognized,2026-06-02 07:22:55.034723+00,2026-06-02 07:22:55.034723+00
6d2c39f6-2b96-454e-a607-bd55322edf4d,null,null,whatsapp,inbound,webhook_unparsed,unparsed-8924845e-e57b-4e15-9cb2-67da9a16508b,null,unknown,null,received,48e5c7d1-6313-4d3a-8a12-11970bbcd02d,null,payload_shape_not_recognized,2026-06-02 07:23:00.960596+00,2026-06-02 07:23:00.960596+00
7a1fd2d9-a2bf-4e1c-8f1f-54c52e4bdbda,00000000-0000-0000-0000-000000000001,38305983-db92-2c3c-7949-96f7ca7833eb,whatsapp,inbound,message,wamid.HBgMOTE3NTE5OTk4ODg4FQIAEhggQUMzNzA3NENGQkFDQ0FDRkI3MDJFOUZFREQwRjM1NTEA,null,text,null,received,ee42ce10-e308-4a38-8694-19257ede3f52,null,null,2026-06-02 07:25:14.24218+00,2026-06-02 07:25:14.24218+00
e23064b9-3796-4ed4-8bc2-369397408ad8,null,null,whatsapp,inbound,webhook_unparsed,unparsed-28dbc3af-5d49-47bb-9ff0-368a6b9063f0,null,unknown,null,received,c3942b53-ab44-45f8-a152-406989c89827,null,payload_shape_not_recognized,2026-06-02 07:31:24.688031+00,2026-06-02 07:31:24.688031+00
3c2082c7-4590-40d2-b61f-18989b28f9d3,null,null,whatsapp,inbound,webhook_unparsed,unparsed-9b908158-7472-458e-8f3c-c028e1e0e12b,null,unknown,null,received,a1da98c2-2d7a-4eb1-bef9-969853cd9c14,null,payload_shape_not_recognized,2026-06-02 07:31:40.332993+00,2026-06-02 07:31:40.332993+00
fbab8861-e908-46cc-8418-39246bf0203b,00000000-0000-0000-0000-000000000001,93eb3d6a-d35b-ef1f-83b8-7430b6ad1674,whatsapp,inbound,message,wamid.HBgMOTE4NDE2OTI4MzU2FQIAEhggQUMyMDE5RDY4RkQwRjFDMTZGNTE0RTlENjY1RDUyRTcA,null,image,null,received,21409403-1896-41ff-8155-085110bdadb5,null,null,2026-06-02 07:37:10.213282+00,2026-06-02 07:37:10.213282+00
257cc397-86d7-4935-83db-2e2aa8deaea5,00000000-0000-0000-0000-000000000001,93eb3d6a-d35b-ef1f-83b8-7430b6ad1674,whatsapp,inbound,message,wamid.HBgMOTE4NDE2OTI4MzU2FQIAEhggQUNCODVFQzY3NTlFQzA3NUYwRDlDMzZBMTIzOTQxNTMA,null,text,null,received,eebe24f5-cc12-4c41-a9ce-5101acd52f7d,null,null,2026-06-02 07:37:14.289329+00,2026-06-02 07:37:14.289329+00
ccec5650-a073-479b-b69c-237d75bfa526,00000000-0000-0000-0000-000000000001,49355947-7605-ec5f-7d81-a6597f38d76b,whatsapp,inbound,message,wamid.HBgMOTE5Njc2MTMzODc2FQIAEhggQTVBRTY4QjEzRjVCRDFCMTAxQ0M3MkYxNzBEN0UyRDIA,null,image,null,received,9377df3e-2ea9-47db-bbbf-d79a307b83fe,null,null,2026-06-02 08:44:46.760395+00,2026-06-02 08:44:46.760395+00
a3297cd4-0ba0-4e4a-8fdb-0497692c029d,00000000-0000-0000-0000-000000000001,073e4bd7-f1f1-49d3-604f-c365b9952a6c,whatsapp,inbound,message,wamid.HBgMOTE5MDgwMTU1ODI2FQIAEhggQUM5MjgyQUQ0MzY1NTM1MkQxQTEzRjkxN0Q1OTdBMDkA,null,image,null,received,26715c2e-fe88-4c3d-aa11-fcc6f60c84d7,null,null,2026-06-02 09:12:40.325865+00,2026-06-02 09:12:40.325865+00
f763a606-0403-4248-accd-f2646f4de961,00000000-0000-0000-0000-000000000001,3b02f95a-b47e-1037-4f8a-f2f31e35c98e,whatsapp,inbound,message,wamid.HBgMOTE4Nzc5NDY2NjI0FQIAEhggQUNBNjU0MDUwOEIzQkNEMDczNjVBNjY3QzBDNjBDM0MA,null,text,null,received,1058af12-578f-4318-8e1b-2c0adfcabdc5,null,null,2026-06-02 10:06:36.917865+00,2026-06-02 10:06:36.917865+00
b46ae17c-dc59-4895-b496-e749fa28e128,00000000-0000-0000-0000-000000000001,3b02f95a-b47e-1037-4f8a-f2f31e35c98e,whatsapp,inbound,message,wamid.HBgMOTE4Nzc5NDY2NjI0FQIAEhggQUMwNEZENTc4MzFBRjRFNjAwMzAwNThFOUZCMzhENDYA,null,text,null,received,b4696dc8-3aee-4ed3-861a-d4a43da29a0f,null,null,2026-06-02 10:06:58.720838+00,2026-06-02 10:06:58.720838+00
853dc1f3-3a19-4dfd-8621-ca2531d1c9e1,null,null,whatsapp,inbound,webhook_unparsed,unparsed-e4a5cfdd-99aa-44ac-b698-4543b6c91c51,null,unknown,null,received,ec1ded5f-28de-4254-8e33-1fe1b5c368d9,null,payload_shape_not_recognized,2026-06-02 12:17:52.047735+00,2026-06-02 12:17:52.047735+00
70585ed7-4459-4324-9ce2-32e1e6775b4d,null,null,whatsapp,inbound,webhook_unparsed,unparsed-f2522ba7-336c-420c-9036-f039568d0f27,null,unknown,null,received,230af927-cbfa-4b4e-9478-14dd8c2d4d71,null,payload_shape_not_recognized,2026-06-02 12:17:52.116166+00,2026-06-02 12:17:52.116166+00
7af06a28-115b-459f-aecc-4c37452682ea,null,null,whatsapp,inbound,webhook_unparsed,unparsed-3357824e-cc51-4367-a112-158a15f412fd,null,unknown,null,received,241b9b3f-ebe0-4425-ae55-2cf142d9b8ff,null,payload_shape_not_recognized,2026-06-02 12:34:55.935509+00,2026-06-02 12:34:55.935509+00
51d669cf-4ff9-4978-9543-560508f2d3f5,00000000-0000-0000-0000-000000000001,3b02f95a-b47e-1037-4f8a-f2f31e35c98e,whatsapp,inbound,message,wamid.HBgMOTE4Nzc5NDY2NjI0FQIAEhggQUNFMDU1Rjg1N0QwQ0MwRUE1Qzg4RUIxNzMyMEQ0OTAA,null,text,null,received,499105bb-fd63-491f-bb4b-506850202061,null,null,2026-06-02 12:35:10.354919+00,2026-06-02 12:35:10.354919+00
3c831f37-0b5c-4cc1-8876-ad7e0881dd53,00000000-0000-0000-0000-000000000001,ba8dd5e0-ed0e-8b6a-7098-2732476feb31,whatsapp,inbound,message,wamid.HBgMOTE5MDAzNjI4OTYwFQIAEhgUM0FGOTk1QzlCOEQyRjhDQzYzRDYA,null,text,null,received,0a03a5b6-1c0b-468d-a0bb-a5ec4460dfa1,null,null,2026-06-02 14:33:40.922426+00,2026-06-02 14:33:40.922426+00
66a670c7-6805-4ebd-8eee-db0df3b52e62,null,null,whatsapp,inbound,webhook_unparsed,unparsed-3a47313e-e694-4005-84a6-e79d23001782,null,unknown,null,received,a3792298-d370-40ad-9b65-eed076ce9212,null,payload_shape_not_recognized,2026-06-02 14:35:17.647523+00,2026-06-02 14:35:17.647523+00
ba4aa458-8755-4cbb-9811-56befbb54276,00000000-0000-0000-0000-000000000001,ba8dd5e0-ed0e-8b6a-7098-2732476feb31,whatsapp,inbound,message,wamid.HBgMOTE5MDAzNjI4OTYwFQIAEhgUM0EyRjdGMTdBODMxNTdENDZFM0IA,null,text,null,received,81190b99-23b5-4117-bc35-f99ec596ab82,null,null,2026-06-02 14:48:57.345045+00,2026-06-02 14:48:57.345045+00
d1b4dfaf-7fae-4777-9c89-f0d104f1031a,00000000-0000-0000-0000-000000000001,ba8dd5e0-ed0e-8b6a-7098-2732476feb31,whatsapp,inbound,message,wamid.HBgMOTE5MDAzNjI4OTYwFQIAEhgUM0E0OTYxMDI5ODEzQThBNERGNkQA,null,image,null,received,e65df4e2-3c4c-4ac4-88b8-6ea3cb756d79,null,null,2026-06-02 14:49:18.412335+00,2026-06-02 14:49:18.412335+00
857923ee-581e-4e8c-98f8-2f0547094d16,00000000-0000-0000-0000-000000000001,ba8dd5e0-ed0e-8b6a-7098-2732476feb31,whatsapp,inbound,message,wamid.HBgMOTE5MDAzNjI4OTYwFQIAEhgUM0FDQzRFNUU0RjQxNjczOUY1NUQA,null,text,null,received,3d2335cf-af94-4bd5-adff-d6441b5b8fcb,null,null,2026-06-02 14:49:25.299478+00,2026-06-02 14:49:25.299478+00
a990585c-0b9c-41c8-b02d-667ee31e0e4a,null,null,whatsapp,inbound,webhook_unparsed,unparsed-9797a67b-29f0-4a3a-84c4-ab0c16a3c00e,null,unknown,null,received,34736b44-cf2f-44b0-92a7-cd034d4f42d2,null,payload_shape_not_recognized,2026-06-02 14:51:59.966951+00,2026-06-02 14:51:59.966951+00
5c1b397a-8117-4324-b1ef-d6e9a842159b,null,null,whatsapp,inbound,webhook_unparsed,unparsed-1ed65ba1-1595-49d1-ae31-80e2a251df05,null,unknown,null,received,b2a15268-ac54-4ead-89c4-9a8f2dab2ec4,null,payload_shape_not_recognized,2026-06-02 14:52:05.828627+00,2026-06-02 14:52:05.828627+00
0fa61ea0-7665-49df-a775-9b2eac4acb17,null,null,whatsapp,inbound,webhook_unparsed,unparsed-064d43f3-948a-46a3-adf7-c486070bdd2b,null,unknown,null,received,838e139c-166c-487a-b9e4-0f6108fffe08,null,payload_shape_not_recognized,2026-06-02 14:52:16.209174+00,2026-06-02 14:52:16.209174+00
5d4cecf4-c281-4c75-8ff6-174a0ef74d7e,00000000-0000-0000-0000-000000000001,04ba1c6f-6c06-819d-9ecc-a0c5f795b922,whatsapp,inbound,message,wamid.HBgMOTE4MDcyNjg0NTc5FQIAEhggQUM2M0RFMEZFQzM5QzU3MUIzQzIxNzE2NzlDMDE3RUIA,null,text,null,received,f44c6d33-2c6e-4a75-a97a-f53be820e022,null,null,2026-06-02 15:22:27.952054+00,2026-06-02 15:22:27.952054+00
e5e591bc-245b-448c-bcbf-1f5dff56eda1,00000000-0000-0000-0000-000000000001,04ba1c6f-6c06-819d-9ecc-a0c5f795b922,whatsapp,inbound,message,wamid.HBgMOTE4MDcyNjg0NTc5FQIAEhggQUM5MDVEREY5RkIxOTJCQUE4RDIxMDM1RDU2MDk5REEA,null,text,null,received,62f3a34d-e861-4003-a6fa-b4d23e50e1bf,null,null,2026-06-02 15:22:36.066355+00,2026-06-02 15:22:36.066355+00
f9cadaf0-e45c-46b1-8cc6-0c874a4bc252,00000000-0000-0000-0000-000000000001,f2a00e3d-de04-40a3-6f41-a3ebfcab4a3c,whatsapp,inbound,message,wamid.HBgMOTE5Mzk5NTQwNjMwFQIAEhggQUM0NDY0Q0M4RENGMUM3REI2QkRGOTdFMENFNjE4MzQA,null,text,null,received,18c62283-2d73-47ca-90af-2a7e11f1c950,null,null,2026-06-02 18:03:40.774552+00,2026-06-02 18:03:40.774552+00
99f5e8e0-8ade-41b0-9d45-a15eb552d267,00000000-0000-0000-0000-000000000001,417cb75b-9992-4df9-28ae-ad4d2313621f,whatsapp,inbound,message,wamid.HBgMOTE5ODQwMjA2ODI0FQIAEhggQUNBNEQwRkNGNjNFRjZEMzc2Q0VCMzhBQUUyNDk1MEQA,null,image,null,received,4df0eae9-8f4c-4ec8-9e1a-afc6de62972d,null,null,2026-06-03 01:48:34.002629+00,2026-06-03 01:48:34.002629+00
97bb0337-bfc3-40a9-8dae-0fa19bcfbdcf,00000000-0000-0000-0000-000000000001,1932ea80-c6eb-874e-eca8-12410fa7a608,whatsapp,inbound,message,wamid.HBgMOTE5NjI5NDQ2ODY2FQIAEhggQUM2MTBDQzU2M0JDNjI4N0MwNDI2MEY5OENGOUIxQjgA,null,text,null,received,595d51b9-4372-499c-91da-0342a52cfc3c,null,null,2026-06-03 04:04:21.106623+00,2026-06-03 04:04:21.106623+00
ae84ba94-2456-48a9-8c51-c2ed00bd51f1,00000000-0000-0000-0000-000000000001,66fbcb59-3d06-d8cc-b1d5-53f38a599207,whatsapp,inbound,message,wamid.HBgMOTE4NjEwMTA2MzkzFQIAEhggQUNEOEFEQzdCRkYyRjBDNjk1N0I4MzVCMzI4NzlCREYA,null,image,null,received,7c7c88ef-5c6b-4566-a365-f8ccf64e628f,null,null,2026-06-03 04:43:59.14314+00,2026-06-03 04:43:59.14314+00
c136ad4f-941a-43cd-8c19-651c986f2d2b,null,null,whatsapp,inbound,webhook_unparsed,unparsed-6f3b3907-eda7-4d9f-9fc4-9001cd3e6021,null,unknown,null,received,278e1008-eb37-4138-ba55-a3ff813d1d6a,null,payload_shape_not_recognized,2026-06-03 04:49:54.707445+00,2026-06-03 04:49:54.707445+00
08a93ff0-bdcd-49f7-a830-baafe8dac089,00000000-0000-0000-0000-000000000001,1932ea80-c6eb-874e-eca8-12410fa7a608,whatsapp,inbound,message,wamid.HBgMOTE5NjI5NDQ2ODY2FQIAEhggQUM2RTFBMDAxNDNDRTNEMzhGRDA2QjNCMjMzMjkwRjAA,null,text,null,received,e870f7d6-1663-45e3-b4d9-ed9142672eee,null,null,2026-06-03 05:22:44.892639+00,2026-06-03 05:22:44.892639+00
f0cf1524-9ebe-4cc7-98f5-e7cb778b8972,null,null,whatsapp,inbound,webhook_unparsed,unparsed-6624394b-0e72-443a-bc93-724ec3a1634d,null,unknown,null,received,77ec78e5-df63-44c8-85ff-d8bbe146217f,null,payload_shape_not_recognized,2026-06-03 05:23:52.20987+00,2026-06-03 05:23:52.20987+00
4b547bd6-d09e-4486-95fe-678b689aa08f,00000000-0000-0000-0000-000000000001,1932ea80-c6eb-874e-eca8-12410fa7a608,whatsapp,inbound,message,wamid.HBgMOTE5NjI5NDQ2ODY2FQIAEhggQUNGNDBCN0U4MUNBNDU3NjZEODM5ODY4QUQ1NDFCQzUA,null,text,null,received,e0e3ed29-128f-4a15-b9e9-5c3e1ed7d508,null,null,2026-06-03 05:24:07.74291+00,2026-06-03 05:24:07.74291+00
ce85fa7f-3449-4856-a53e-e7d9ef1b22ad,00000000-0000-0000-0000-000000000001,618f174c-7c45-cb54-907b-cacc78483918,whatsapp,inbound,message,wamid.HBgMOTE2Mzg1MTg3NTY5FQIAEhggQUMyMTJFQkEwRjUxNzBDMEVGMjQxNUNEQTIwNEQ4MDkA,null,image,null,received,25f72f59-a8f4-4973-8ce2-fbe2f88f0e11,null,null,2026-06-03 06:14:32.908622+00,2026-06-03 06:14:32.908622+00
5b921af9-8bb8-4714-a79f-5d9bc67d6550,00000000-0000-0000-0000-000000000001,f2a00e3d-de04-40a3-6f41-a3ebfcab4a3c,whatsapp,inbound,message,wamid.HBgMOTE5Mzk5NTQwNjMwFQIAEhggQUNCQzgwRDA2ODVFREE0N0E3ODhGRTE2RjhENjMxMzAA,null,image,null,received,e1b29b11-f2be-4e0c-99cc-a806235e0ddf,null,null,2026-06-03 06:28:58.808629+00,2026-06-03 06:28:58.808629+00
7596036c-7c8c-49f5-85ec-71544d06b951,00000000-0000-0000-0000-000000000001,062b56c4-c469-4ef7-b4e6-9615dd770ec9,whatsapp,inbound,message,wamid.HBgMOTE5MzQ1NDA0Nzk1FQIAEhgUM0E4N0Q4NEJBMENGQzkwNkE5NDYA,null,image,null,received,749e2188-8620-4ecc-bb43-da09b8f939bb,null,null,2026-06-03 06:41:02.363391+00,2026-06-03 06:41:02.363391+00
dd0f1274-f69f-4275-8fd8-0ff008b84df9,00000000-0000-0000-0000-000000000001,062b56c4-c469-4ef7-b4e6-9615dd770ec9,whatsapp,inbound,message,wamid.HBgMOTE5MzQ1NDA0Nzk1FQIAEhgUM0FDOEY5MkZBN0M2MEQ2NTgyNDgA,null,image,null,received,7a8997eb-d970-40c9-8d15-3be917f5debb,null,null,2026-06-03 06:41:36.442709+00,2026-06-03 06:41:36.442709+00
5262fd3d-39d2-4ab6-9fe5-2a73da0c8689,00000000-0000-0000-0000-000000000001,4628a4bf-d4c5-9e5d-471c-271b9f3e7d03,whatsapp,inbound,message,wamid.HBgMOTE3MjU5MTExMjU5FQIAEhggQUMyNDhBNkE3N0ZFQkVGMjY5N0NDNUU0RjNFMkU4NzQA,null,text,null,received,788af812-117d-4fc9-a736-5a7aa99d1a0f,null,null,2026-06-03 07:40:49.740889+00,2026-06-03 07:40:49.740889+00
44012d73-94d5-46fd-992d-0578339d43a3,null,null,whatsapp,inbound,webhook_unparsed,unparsed-522fcfb7-99ab-4e8f-96f6-db7fa7733d6e,null,unknown,null,received,e1e33a85-02c4-4198-9f72-f502a44cdf12,null,payload_shape_not_recognized,2026-06-03 07:42:59.696007+00,2026-06-03 07:42:59.696007+00
3aabca86-c2a0-4887-b067-755fb2722b7b,00000000-0000-0000-0000-000000000001,5b45a840-9d6c-242e-0e2f-2e2c972c2eec,whatsapp,inbound,message,wamid.HBgMOTE2MzYxNzMzOTg4FQIAEhggQUM5RTdDRkUxOTYyOUY1MjQyOUM2MkNENzNGQTUyMUQA,null,image,null,received,b6206d3c-fffe-4ae5-a99c-ce16933bea6b,null,null,2026-06-03 09:48:26.359253+00,2026-06-03 09:48:26.359253+00
d7e2e2a7-d566-48a9-9496-b6ada3f08256,00000000-0000-0000-0000-000000000001,b0a6f0b5-9fd8-112e-2bfa-24fa8a25779b,whatsapp,inbound,message,wamid.HBgMOTE5NzQ1NDc2ODMyFQIAEhgUNEE3QTBBMTRBNTZBQzUzRkM4RjYA,null,image,null,received,b0681639-8c14-47fc-b5e2-bcf43b00f66d,null,null,2026-06-03 10:35:03.019748+00,2026-06-03 10:35:03.019748+00
91e5fa92-fe30-439c-b4ea-f0f120dd3e78,00000000-0000-0000-0000-000000000001,b0a6f0b5-9fd8-112e-2bfa-24fa8a25779b,whatsapp,inbound,message,wamid.HBgMOTE5NzQ1NDc2ODMyFQIAEhgUM0FDRjUxQjJGODg5REYxODVFQ0EA,null,text,null,received,d4f79367-19c4-4ab1-9215-07e0f8c3bff7,null,null,2026-06-03 10:35:40.891464+00,2026-06-03 10:35:40.891464+00
5f4db661-cb64-4e6e-9042-d5110469f12a,null,null,whatsapp,inbound,webhook_unparsed,unparsed-8d74949d-f4c1-4986-b23d-d9a80839fa66,null,unknown,null,received,e12c9899-c2f7-40f2-81a1-80fff74c912c,null,payload_shape_not_recognized,2026-06-03 12:01:28.035705+00,2026-06-03 12:01:28.035705+00
ebabc45c-2cc9-4e29-a9e0-c2b75d546cdd,null,null,whatsapp,inbound,webhook_unparsed,unparsed-4aa75235-649d-4d3a-8360-23198bc55baf,null,unknown,null,received,76d96709-02f7-4a49-a774-f1359afd186c,null,payload_shape_not_recognized,2026-06-03 12:02:06.95+00,2026-06-03 12:02:06.95+00
739b809a-2455-469a-a8bf-5a58b35bab3d,null,null,whatsapp,inbound,webhook_unparsed,unparsed-bd9a3c21-044a-41ae-b864-50ff68cc0f6b,null,unknown,null,received,91315219-119f-42c1-a4f5-92b4caa94d0d,null,payload_shape_not_recognized,2026-06-03 12:03:02.498702+00,2026-06-03 12:03:02.498702+00
be25713f-5331-4374-b396-39e711098222,null,null,whatsapp,inbound,webhook_unparsed,unparsed-cd09d9c7-83e3-4603-85ad-dbe30f33cba6,null,unknown,null,received,4b283944-5d99-469a-9ad9-90bc5ca72988,null,payload_shape_not_recognized,2026-06-03 12:03:26.790099+00,2026-06-03 12:03:26.790099+00
8d10c907-4800-407a-9e77-c37edae78cce,null,null,whatsapp,inbound,webhook_unparsed,unparsed-4f65d815-4ad1-4c49-8d31-e14542584755,null,unknown,null,received,a1f58e8c-e635-4837-96fa-4cccbb8a82e2,null,payload_shape_not_recognized,2026-06-03 12:03:46.642356+00,2026-06-03 12:03:46.642356+00
8db64f73-34b7-49b0-b870-7db7052e14bf,null,null,whatsapp,inbound,webhook_unparsed,unparsed-dc6615ab-88d3-404c-9f78-81b7e27f5561,null,unknown,null,received,1b31bbc1-135f-4d2d-b914-4b82c4a77177,null,payload_shape_not_recognized,2026-06-03 12:04:02.990218+00,2026-06-03 12:04:02.990218+00
705156f1-6a57-4952-81ad-8583fd507ca3,null,null,whatsapp,inbound,webhook_unparsed,unparsed-d1829e2c-e39b-4c1f-b1b9-bcfa762050af,null,unknown,null,received,751178f1-7b91-43cc-8ce4-2029a61f2b82,null,payload_shape_not_recognized,2026-06-03 12:04:24.032196+00,2026-06-03 12:04:24.032196+00
6db9964a-d249-4515-bfb5-b12a5bbcb7a6,null,null,whatsapp,inbound,webhook_unparsed,unparsed-fc3b4b75-0e59-4d50-bc12-3282efd48793,null,unknown,null,received,3facca7d-c0c5-49c3-b165-fe84d86889cd,null,payload_shape_not_recognized,2026-06-03 12:05:08.346298+00,2026-06-03 12:05:08.346298+00
76f6d87e-9312-4525-af6b-af9078226919,null,null,whatsapp,inbound,webhook_unparsed,unparsed-bf133df3-3c3d-4fd6-b543-863a3e491679,null,unknown,null,received,22db90aa-f794-4ea3-8a23-fce493b365a8,null,payload_shape_not_recognized,2026-06-03 12:06:16.238366+00,2026-06-03 12:06:16.238366+00
e46af6d7-3901-4d81-a07f-9fec4be9bdd2,null,null,whatsapp,inbound,webhook_unparsed,unparsed-a57b47ce-5353-46eb-a3fa-9c4dd44f3a46,null,unknown,null,received,317ddcb5-44ce-442e-932c-953586cf69b0,null,payload_shape_not_recognized,2026-06-03 12:06:59.766556+00,2026-06-03 12:06:59.766556+00
01b56b2e-2cce-4784-acc8-3ea013bb38f0,null,null,whatsapp,inbound,webhook_unparsed,unparsed-21df7db7-e243-4bb4-8d09-699ee14ef99f,null,unknown,null,received,d2b7ce88-0d1e-4047-81cb-4821792be047,null,payload_shape_not_recognized,2026-06-03 12:07:20.199665+00,2026-06-03 12:07:20.199665+00
bf430885-127a-49d4-949b-e941cf422446,null,null,whatsapp,inbound,webhook_unparsed,unparsed-8c6530c8-72a1-429d-96f6-775eebc31682,null,unknown,null,received,5b4cb05a-789c-42b7-87ca-9cec9d595a0f,null,payload_shape_not_recognized,2026-06-03 12:07:36.19035+00,2026-06-03 12:07:36.19035+00
27f85a06-a08d-4c6a-84d2-9a1bfa35a28e,null,null,whatsapp,inbound,webhook_unparsed,unparsed-0c32b2d5-1d29-4e12-9810-f1c118edc220,null,unknown,null,received,f3c5dd67-f91c-42e5-88e2-7d6704d8b016,null,payload_shape_not_recognized,2026-06-03 12:08:14.197569+00,2026-06-03 12:08:14.197569+00
3c5f2fe4-2cd6-40de-b0a5-bf456a4d68b1,null,null,whatsapp,inbound,webhook_unparsed,unparsed-18112656-ff84-484c-a7d5-e8e6f2f348ee,null,unknown,null,received,2ee10510-1b61-49b1-8d75-b2c852ed1e75,null,payload_shape_not_recognized,2026-06-03 12:08:51.772907+00,2026-06-03 12:08:51.772907+00
b8862ec6-c53a-43f2-b4c6-b06d17a7f9f3,null,null,whatsapp,inbound,webhook_unparsed,unparsed-c59c24c3-e0c6-415f-a441-ffd4495ce436,null,unknown,null,received,cc9795f1-6d0b-43bb-a920-90273d711e9d,null,payload_shape_not_recognized,2026-06-03 12:09:05.020214+00,2026-06-03 12:09:05.020214+00
a9b8c851-e3e5-4554-acdc-2dbd6ce4b7e5,null,null,whatsapp,inbound,webhook_unparsed,unparsed-9fbcdeff-1f69-411e-8c40-25aec18022eb,null,unknown,null,received,86c74430-f880-4f51-b7de-9946f70ec02e,null,payload_shape_not_recognized,2026-06-03 12:09:22.782408+00,2026-06-03 12:09:22.782408+00
44be25db-c5a6-4de2-a4f3-1eaf0f428ae7,null,null,whatsapp,inbound,webhook_unparsed,unparsed-5f06c512-bfdb-496b-a1f0-73c568dc9057,null,unknown,null,received,83b096ff-937a-4e63-a81e-103c8f0ea03f,null,payload_shape_not_recognized,2026-06-03 12:09:39.718483+00,2026-06-03 12:09:39.718483+00
5cc114c2-820f-4ee2-9b5d-ed4897b40517,null,null,whatsapp,inbound,webhook_unparsed,unparsed-b49113b5-b43b-4832-9fb3-06cd06fb3071,null,unknown,null,received,8008b222-8d40-4fc0-82c9-4c276468911a,null,payload_shape_not_recognized,2026-06-03 12:09:58.208011+00,2026-06-03 12:09:58.208011+00
fd6f04b9-d2d0-4302-a813-15bdaf57ad80,null,null,whatsapp,inbound,webhook_unparsed,unparsed-61c8a6df-0f80-41a3-8302-9b0a27387716,null,unknown,null,received,354a2a70-e520-4fbe-be3b-2908f1661757,null,payload_shape_not_recognized,2026-06-03 12:10:18.290727+00,2026-06-03 12:10:18.290727+00
894b24f7-0204-464f-b245-96d4dd0e99d8,00000000-0000-0000-0000-000000000001,c02eb961-2471-c285-9c28-fb9a12aaf70a,whatsapp,inbound,message,wamid.HBgMOTE2MjgyMzAzNDI0FQIAEhggQUM5MTEwRTVFQjUwMDJBRDkwQTMzOUU3RDE1N0M3QTkA,null,text,null,received,791d3df6-01fb-4e90-949e-4cfe906c0471,null,null,2026-06-03 12:13:56.724753+00,2026-06-03 12:13:56.724753+00
43d0fe93-c539-421d-89f9-f8dac914bf8d,00000000-0000-0000-0000-000000000001,8aacbc78-5e56-b3c0-f8bc-fcb5490b94f3,whatsapp,inbound,message,wamid.HBgMOTE5ODk0MjEwOTMxFQIAEhgUM0E2QTYxRThGMDA2MEU2OTNFM0MA,null,image,null,received,7a6ef5a2-7574-4fea-8352-29b2a4887dcc,null,null,2026-06-03 12:28:21.542387+00,2026-06-03 12:28:21.542387+00
1a98bdef-f5c4-47ae-98d2-1b73ed17a089,null,null,whatsapp,inbound,webhook_unparsed,unparsed-bede7676-beab-42d9-972a-622d68f69ad9,null,unknown,null,received,a3a16046-bcd3-4779-98e3-84f2c9793483,null,payload_shape_not_recognized,2026-06-03 12:30:39.07562+00,2026-06-03 12:30:39.07562+00
2c25015a-1b7b-48cd-96f0-109997c92da7,00000000-0000-0000-0000-000000000001,c02eb961-2471-c285-9c28-fb9a12aaf70a,whatsapp,inbound,message,wamid.HBgMOTE2MjgyMzAzNDI0FQIAEhggQUMwOUJBQjUwMkFCMkMzRTk0QUVDMTM4MEU0N0Q3QzgA,null,text,null,received,a19f0b19-067e-4b48-bd42-c38e2f4d5297,null,null,2026-06-03 12:33:24.73653+00,2026-06-03 12:33:24.73653+00
0167d4bc-8ffa-433d-b2c2-1ca59bd0dbf1,null,null,whatsapp,inbound,webhook_unparsed,unparsed-ac1bb690-4afa-4bd5-bf42-0676fec17e25,null,unknown,null,received,53089ec0-331c-4bb7-af91-df7452fda04f,null,payload_shape_not_recognized,2026-06-03 12:48:51.24462+00,2026-06-03 12:48:51.24462+00
c9b5d22e-ebc2-4f39-aa51-7b116e4e410c,00000000-0000-0000-0000-000000000001,f70ae790-e17b-aca8-a21a-82ddd895450b,whatsapp,inbound,message,wamid.HBgMOTE5NDk2NzEzNTMyFQIAEhgUM0E0RUE0MzU0RkIzNEE5QTRDNDAA,null,text,null,received,aecd9e12-b279-4371-bde9-b9592e3b05d5,null,null,2026-06-03 13:00:07.867816+00,2026-06-03 13:00:07.867816+00
4a61b25b-9172-428a-970b-0abee95a8158,00000000-0000-0000-0000-000000000001,f295149c-bcb1-4d48-93ce-d2ea593d29c3,whatsapp,inbound,message,wamid.HBgMOTE4NTgyODQxNDQ0FQIAEhgUM0EwMzc3NzUwQTQ1QjM4NjBFOTgA,null,text,null,received,782f78fe-8541-4d33-a899-2987652fdc0e,null,null,2026-06-03 13:26:03.685952+00,2026-06-03 13:26:03.685952+00
34a3311b-cdea-4a95-a550-b73cec3e53f5,00000000-0000-0000-0000-000000000001,3b02f95a-b47e-1037-4f8a-f2f31e35c98e,whatsapp,inbound,message,wamid.HBgMOTE4Nzc5NDY2NjI0FQIAEhggQUM4QjI0OTc5NUYwOTJBQkFDMEQ4MDQ4Njk1MDE3OEMA,null,text,null,received,d8c40f73-28c2-450f-b771-8d772c4fc2af,null,null,2026-06-03 13:46:51.183081+00,2026-06-03 13:46:51.183081+00
84edb0d0-42ae-4155-8a14-bb343744d188,00000000-0000-0000-0000-000000000001,aa88d180-8c53-dbe4-70de-ecf38130d3ce,whatsapp,inbound,message,wamid.HBgMOTE3OTc4MzY5MjQwFQIAEhggQUMzQjlCRDVEOTkzOEYzREI4RkFCOTI5OTM1NkUwRjAA,null,text,null,received,64941c8c-17cb-4325-8715-3288fd4cabbc,null,null,2026-06-03 14:44:52.560821+00,2026-06-03 14:44:52.560821+00
34d573c6-5e75-4f05-960a-b2df5061ed9b,00000000-0000-0000-0000-000000000001,aa88d180-8c53-dbe4-70de-ecf38130d3ce,whatsapp,inbound,message,wamid.HBgMOTE3OTc4MzY5MjQwFQIAEhggQUM4OENBOTYxRkQ0NjYxNkM4OEY3Mzk4NDY5OTVGQTIA,null,text,null,received,ae6b6882-d5a8-4247-9b82-818c6550fc6b,null,null,2026-06-03 14:44:53.609356+00,2026-06-03 14:44:53.609356+00
7e63ef07-ab86-4b23-9d2f-9ae5e2ffe42e,00000000-0000-0000-0000-000000000001,2631ddfd-660e-8719-1876-82cf88e13a60,whatsapp,inbound,message,wamid.HBgMOTE4Mjg5OTE2MTQxFQIAEhggQUNBNzgzNDJDNDk3NEFGNjFGMUY0NTQ3OEQzRkRDRTEA,null,image,null,received,d5e4c9ef-4ee6-446e-86cf-e99a8381a7e0,null,null,2026-06-03 15:36:04.449759+00,2026-06-03 15:36:04.449759+00
32b173ad-de4d-430e-a303-9177819a429c,00000000-0000-0000-0000-000000000001,2631ddfd-660e-8719-1876-82cf88e13a60,whatsapp,inbound,message,wamid.HBgMOTE4Mjg5OTE2MTQxFQIAEhggQUMzRjMxNjM5MDE5OTcxNjU0QTAwNDg1QTI2NDY4OTQA,null,text,null,received,a109cb5b-ca86-42d6-aa23-5e96713f0a6f,null,null,2026-06-03 15:36:18.962861+00,2026-06-03 15:36:18.962861+00
ad9b2c98-af89-42f4-908c-7e8c9a922bb3,00000000-0000-0000-0000-000000000001,1fc0c3bb-f35c-8d5d-a4fa-a9c1723cd8ab,whatsapp,inbound,message,wamid.HBgMOTE3NTk4ODM3NzAyFQIAEhggQUM4REI0RDQ4QkEyNkExNjg3OEMyQzA3QURBODFGOTgA,null,image,null,received,02551274-6396-443d-a218-6a19f0a47167,null,null,2026-06-03 16:00:37.513089+00,2026-06-03 16:00:37.513089+00
28e0488a-aebe-4788-afee-b7e37e0f0955,00000000-0000-0000-0000-000000000001,53416e34-aaed-471f-937d-0fea74c444b8,whatsapp,inbound,message,wamid.HBgMOTE5NTM3OTYyOTMyFQIAEhggQUM3QTM5ODM0NkFCODU2NDc3Q0E0M0JBNkVBNEMxRDIA,null,text,null,received,42f16f1d-9f3b-4898-bb38-3f61749f6ed9,null,null,2026-06-03 18:10:31.963093+00,2026-06-03 18:10:31.963093+00
3dc3d6a5-a74b-48be-94eb-5a50a9441ccd,00000000-0000-0000-0000-000000000001,53416e34-aaed-471f-937d-0fea74c444b8,whatsapp,inbound,message,wamid.HBgMOTE5NTM3OTYyOTMyFQIAEhggQUNBRjlDNjg2QzNEOEQxMTA4OTY5MTNFMzJGNjk1OTgA,null,text,null,received,41b0350e-5f77-4b41-a610-aba12538f510,null,null,2026-06-03 18:10:39.857308+00,2026-06-03 18:10:39.857308+00
e2cd374b-de9b-47ac-b849-ab99df6f6cb6,00000000-0000-0000-0000-000000000001,22b0be2d-52c5-1127-642d-4f1083b404ca,whatsapp,inbound,message,wamid.HBgMOTE5NzAxMzQzOTczFQIAEhggQUNEMjlFNjhCMTg5OUE0MUVDRTg1QThCMjdGOUE1NTMA,null,image,null,received,db6f490f-88dd-48e4-957f-498dab298fb4,null,null,2026-06-03 18:21:33.584251+00,2026-06-03 18:21:33.584251+00
311fed3d-9bfe-4852-a819-27057149b0e5,00000000-0000-0000-0000-000000000001,cf1318a5-0564-4af6-d90e-c3e76de1ef08,whatsapp,inbound,message,wamid.HBgMOTE2Mzc5MTQxNzE1FQIAEhggQUNBNTg2MzE0RjIwQjZCNTJBQTBCMjk4NEY4RjdENkMA,null,image,null,received,1632903b-7483-4296-b9a1-c59b97a89986,null,null,2026-06-04 03:43:01.926295+00,2026-06-04 03:43:01.926295+00
dc8b3ed2-c596-4796-87ca-268f6013a66e,00000000-0000-0000-0000-000000000001,cb2574c2-6caf-4598-82dc-12b9569a6451,whatsapp,inbound,message,wamid.HBgMOTE5OTQ0NTI2NjE1FQIAEhggQUNCNEY4RDkyOUVCRUMzQjYzOURBNTg2OUJDQzg3QzYA,null,text,null,received,121fb48f-94e8-43bf-85a9-93633c34fe04,null,null,2026-06-04 04:05:29.518182+00,2026-06-04 04:05:29.518182+00
9faee366-6067-4414-9524-33a0f59f5133,null,null,whatsapp,inbound,webhook_unparsed,unparsed-c7c3b211-f8c6-4300-9f27-d57c454b3487,null,unknown,null,received,16af183a-ebad-43c5-861f-d490d872ad1a,null,payload_shape_not_recognized,2026-06-04 04:06:00.196122+00,2026-06-04 04:06:00.196122+00
fb88a61b-0a86-43cf-865e-783a8d51ff3c,null,null,whatsapp,inbound,webhook_unparsed,unparsed-695035d1-1fda-401f-927c-ffb18130b196,null,unknown,null,received,efae9baa-c738-4113-8e67-76e54b8ed27a,null,payload_shape_not_recognized,2026-06-04 04:06:10.153861+00,2026-06-04 04:06:10.153861+00
d6f532b4-6cf5-4cf6-bd75-83c72e10374a,null,null,whatsapp,inbound,webhook_unparsed,unparsed-4fb31e87-3fab-4bb4-9cac-5d817b353657,null,unknown,null,received,386a2033-d7e9-478f-939e-4250cf452eed,null,payload_shape_not_recognized,2026-06-04 04:06:19.406779+00,2026-06-04 04:06:19.406779+00
6162fac4-61ac-4569-b3cf-4005d7a1c211,00000000-0000-0000-0000-000000000001,aa88d180-8c53-dbe4-70de-ecf38130d3ce,whatsapp,inbound,message,wamid.HBgMOTE3OTc4MzY5MjQwFQIAEhggQUM4NEI3QTQ4ODVFNUU1RERENDVFMDQ1M0E3Q0Y1RTcA,null,text,null,received,4636d196-8b09-43c8-996a-e22852180662,null,null,2026-06-04 04:06:48.751186+00,2026-06-04 04:06:48.751186+00
2edb318e-6aa6-49e0-a195-a50d35cdf0af,null,null,whatsapp,inbound,webhook_unparsed,unparsed-ccdedaa5-17c3-4cbc-bd8e-77431188dfd8,null,unknown,null,received,7c8ac935-4fb1-4a59-b738-13e7267b0750,null,payload_shape_not_recognized,2026-06-04 04:07:00.779563+00,2026-06-04 04:07:00.779563+00
fbed99ca-757d-4475-b5ee-879a602f7080,00000000-0000-0000-0000-000000000001,aa88d180-8c53-dbe4-70de-ecf38130d3ce,whatsapp,inbound,message,wamid.HBgMOTE3OTc4MzY5MjQwFQIAEhggQUMyRjNGQTAxM0VDQkJCOEU2QzYwQUQ5MkJEMERGOEQA,null,text,null,received,f465a76e-7020-4ff8-902b-65dc251eed8f,null,null,2026-06-04 04:07:09.334155+00,2026-06-04 04:07:09.334155+00
75dd8176-79d0-4817-a3c0-70cad02cfa65,00000000-0000-0000-0000-000000000001,f295149c-bcb1-4d48-93ce-d2ea593d29c3,whatsapp,inbound,message,wamid.HBgMOTE4NTgyODQxNDQ0FQIAEhgUM0E0NDA2OUQxMjA1Q0M2MUJBN0YA,null,text,null,received,dd137422-0928-408a-a114-23a9edee8a20,null,null,2026-06-04 04:07:14.43195+00,2026-06-04 04:07:14.43195+00
6fd0ac85-223d-41d6-abf1-6ad67e90bdd4,00000000-0000-0000-0000-000000000001,f295149c-bcb1-4d48-93ce-d2ea593d29c3,whatsapp,inbound,message,wamid.HBgMOTE4NTgyODQxNDQ0FQIAEhgUM0EyNDlDNDI3RDkyRjQ2RTYwOEYA,null,text,null,received,e94f105a-c103-4b76-9658-b627ddddbe00,null,null,2026-06-04 04:07:16.820795+00,2026-06-04 04:07:16.820795+00
89ac303f-8715-485e-9a53-7173546c4567,00000000-0000-0000-0000-000000000001,aa88d180-8c53-dbe4-70de-ecf38130d3ce,whatsapp,inbound,message,wamid.HBgMOTE3OTc4MzY5MjQwFQIAEhggQUM0MzBDNjVGQTBFMTk4OTA2QjIzRjc3NzFGRTBBMDEA,null,text,null,received,e4a6417c-5df2-4d9e-9318-b36504a87056,null,null,2026-06-04 04:07:29.697717+00,2026-06-04 04:07:29.697717+00
f5328152-ba16-4f30-9d49-833f12c5cb84,null,null,whatsapp,inbound,webhook_unparsed,unparsed-ea72e950-b76c-4ae3-8076-d750222fb1d3,null,unknown,null,received,865f402f-f5ce-4b4b-844e-8479323676b6,null,payload_shape_not_recognized,2026-06-04 04:07:54.273852+00,2026-06-04 04:07:54.273852+00
9a8bd8b1-3f57-4eb5-a312-ec973a59111b,00000000-0000-0000-0000-000000000001,f295149c-bcb1-4d48-93ce-d2ea593d29c3,whatsapp,inbound,message,wamid.HBgMOTE4NTgyODQxNDQ0FQIAEhgUM0EwNEEyMjlFQzU5RTQ0NDQwN0MA,null,text,null,received,464f3ffc-0a70-4eac-ad8f-ef66686354bb,null,null,2026-06-04 04:08:09.690707+00,2026-06-04 04:08:09.690707+00
7259050a-63b8-4a3a-9f0d-36f3366c2320,00000000-0000-0000-0000-000000000001,f295149c-bcb1-4d48-93ce-d2ea593d29c3,whatsapp,inbound,message,wamid.HBgMOTE4NTgyODQxNDQ0FQIAEhgUM0EzQjQ2RjQ5OTBENzA5MkNBRkMA,null,text,null,received,afec4b79-2110-4c1d-9d2a-b28f9f9d1cf0,null,null,2026-06-04 04:08:28.737649+00,2026-06-04 04:08:28.737649+00
9fb6abc2-d38c-4480-8426-c94439ef0b5b,null,null,whatsapp,inbound,webhook_unparsed,unparsed-778d0c2c-d4b6-4d9e-8fff-416a663f539b,null,unknown,null,received,ad42e923-2a97-4253-a34d-345610bf01ed,null,payload_shape_not_recognized,2026-06-04 04:08:39.909805+00,2026-06-04 04:08:39.909805+00
78db0664-5e71-412a-a6d7-9ae2397b081a,00000000-0000-0000-0000-000000000001,f295149c-bcb1-4d48-93ce-d2ea593d29c3,whatsapp,inbound,message,wamid.HBgMOTE4NTgyODQxNDQ0FQIAEhgUM0E0QUUzRUY3RTM2ODYzNzIyNEUA,null,text,null,received,eea78e44-4b94-405b-865c-c4c6deafecad,null,null,2026-06-04 04:08:55.567616+00,2026-06-04 04:08:55.567616+00
50f9f7d9-e3b9-4441-9fd4-8c574acff765,null,null,whatsapp,inbound,webhook_unparsed,unparsed-7490ce26-8fc7-423c-9bf0-bce8a7aef69e,null,unknown,null,received,d75f26f2-781f-4737-bab1-aaea96592e33,null,payload_shape_not_recognized,2026-06-04 04:23:10.676375+00,2026-06-04 04:23:10.676375+00
15679934-9d35-4259-abac-6255fa1dcf61,00000000-0000-0000-0000-000000000001,aa88d180-8c53-dbe4-70de-ecf38130d3ce,whatsapp,inbound,message,wamid.HBgMOTE3OTc4MzY5MjQwFQIAEhggQUMzNEY1NTNFNjMwRjc4NzQ3MjBBNzFGMEUzMkQ2NDUA,null,text,null,received,ab06c3bf-b056-4be9-b933-bc9bc2678bce,null,null,2026-06-04 04:23:30.515543+00,2026-06-04 04:23:30.515543+00
b1927b2a-b595-410d-9836-6c571cf7236b,null,null,whatsapp,inbound,webhook_unparsed,unparsed-4c64bbff-e63a-43b6-86ad-f3f6f2f9c386,null,unknown,null,received,838722c9-684c-4ff7-9244-56e9d842be01,null,payload_shape_not_recognized,2026-06-04 04:25:49.941311+00,2026-06-04 04:25:49.941311+00
e9481ce1-607a-446a-b09b-9593c7ad66cc,00000000-0000-0000-0000-000000000001,733dd472-3b1e-dd43-76e5-082ddfe66c5b,whatsapp,inbound,message,wamid.HBgMOTE5MTMxMTkyNzczFQIAEhgUM0FGMzk5RUFBQTNENkUwNEI5REQA,null,text,null,received,7c6cd79f-0a8e-4da3-b55e-fabf50658a92,null,null,2026-06-04 04:47:33.827082+00,2026-06-04 04:47:33.827082+00
16aed5d9-7a83-44de-9f91-5330067d2c15,00000000-0000-0000-0000-000000000001,733dd472-3b1e-dd43-76e5-082ddfe66c5b,whatsapp,inbound,message,wamid.HBgMOTE5MTMxMTkyNzczFQIAEhgUM0E1RjZDM0NGQjc3NkUzN0YzNTgA,null,text,null,received,45c95c8d-2956-4e05-8a85-d419a26e80ca,null,null,2026-06-04 04:47:37.974594+00,2026-06-04 04:47:37.974594+00
ad9c4b2f-62b7-4bb5-8b25-64312c6075d6,null,null,whatsapp,inbound,webhook_unparsed,unparsed-a9f1eed9-6132-49e5-ba49-dc0dc6f4dca3,null,unknown,null,received,83f0808c-3317-4f84-a354-b9007d3c2992,null,payload_shape_not_recognized,2026-06-04 04:52:27.092126+00,2026-06-04 04:52:27.092126+00
63bfe8e1-d866-45c8-af23-4748b24009fa,00000000-0000-0000-0000-000000000001,04ba1c6f-6c06-819d-9ecc-a0c5f795b922,whatsapp,inbound,message,wamid.HBgMOTE4MDcyNjg0NTc5FQIAEhggQUM1MUIxODI4NTU4NDI1RDYyMjRGRjAyQzBEMjUyMTQA,null,text,null,received,6227ab75-1de5-4e57-91ae-c589758c1ca2,null,null,2026-06-04 04:52:38.416291+00,2026-06-04 04:52:38.416291+00
beb2c0f1-bdb7-42d1-a1eb-00653890d217,null,null,whatsapp,inbound,webhook_unparsed,unparsed-4dfb095b-0207-46a9-8c48-c6c37fee3037,null,unknown,null,received,c456dc90-a1cf-4854-a461-edf1c49d5d52,null,payload_shape_not_recognized,2026-06-04 04:53:09.258844+00,2026-06-04 04:53:09.258844+00
4afc75f3-c87c-41dc-9857-80b1d7a19e8a,00000000-0000-0000-0000-000000000001,733dd472-3b1e-dd43-76e5-082ddfe66c5b,whatsapp,inbound,message,wamid.HBgMOTE5MTMxMTkyNzczFQIAEhgUM0E0NzdERjJCRjVGQ0NGNzA5ODQA,null,text,null,received,64dae972-68c5-4129-8a49-e2a1d9f2983f,null,null,2026-06-04 04:55:36.942621+00,2026-06-04 04:55:36.942621+00
01030bf8-4a6f-418d-a143-c5a056dc929c,00000000-0000-0000-0000-000000000001,04ba1c6f-6c06-819d-9ecc-a0c5f795b922,whatsapp,inbound,message,wamid.HBgMOTE4MDcyNjg0NTc5FQIAEhgWM0VCMDJDNkEzQjAyMjJBODc4MkUzNwA=,null,text,null,received,3c30b98a-aa48-4b54-8a28-248ed8530b5b,null,null,2026-06-04 04:56:25.833296+00,2026-06-04 04:56:25.833296+00
d3c28b5e-0f4d-4891-8636-b8300489834a,null,null,whatsapp,inbound,webhook_unparsed,unparsed-2a59a7d0-7f84-4806-a580-cd9fdcd8b04e,null,unknown,null,received,3b9d8670-eaca-46e7-8660-853be8faaab5,null,payload_shape_not_recognized,2026-06-04 04:58:22.412226+00,2026-06-04 04:58:22.412226+00
3c644e28-d0a6-454d-bf5e-df6c2c2bf990,00000000-0000-0000-0000-000000000001,2c05db07-e980-4d52-a524-1b1ee5185554,whatsapp,inbound,message,wamid.HBgMOTE4OTA0MjMyMjMwFQIAEhggQUNGMzNFMzYwNkU1N0JFNTQyMDA1MkVBNkQyNDRBRTcA,null,text,null,received,976d2d07-b326-42ef-bca6-b7f913040b1b,null,null,2026-06-04 05:01:10.342889+00,2026-06-04 05:01:10.342889+00
4432237f-244a-4daa-a7c0-0673034af04b,null,null,whatsapp,inbound,webhook_unparsed,unparsed-a2284962-3583-4296-89e8-c5c4162024f4,null,unknown,null,received,e8a87da9-4a70-416e-bcf4-2c6343eba2fb,null,payload_shape_not_recognized,2026-06-04 05:01:30.09464+00,2026-06-04 05:01:30.09464+00
c8cc885a-437f-4093-b61a-99f7523f188d,00000000-0000-0000-0000-000000000001,2c05db07-e980-4d52-a524-1b1ee5185554,whatsapp,inbound,message,wamid.HBgMOTE4OTA0MjMyMjMwFQIAEhggQUM0OTE0NDQ3MkU1MkQxQkNDNzA2NTkwMzYxOENCMDgA,null,text,null,received,02ffef32-9bb3-49e6-a7eb-96d7535247bb,null,null,2026-06-04 05:01:52.481825+00,2026-06-04 05:01:52.481825+00
85e8dfe0-16ba-4349-8c60-c9dcab0952b8,00000000-0000-0000-0000-000000000001,2c05db07-e980-4d52-a524-1b1ee5185554,whatsapp,inbound,message,wamid.HBgMOTE4OTA0MjMyMjMwFQIAEhggQUM5QkUwNDkzM0ZFOUIzQTQ0ODFERkI0RUE4QTkyMkMA,null,text,null,received,d3ef30b8-5be1-4a23-a69b-19080c2d2879,null,null,2026-06-04 05:02:01.86974+00,2026-06-04 05:02:01.86974+00
57c2937a-b057-44ab-a335-140e11f42fc5,00000000-0000-0000-0000-000000000001,2c05db07-e980-4d52-a524-1b1ee5185554,whatsapp,inbound,message,wamid.HBgMOTE4OTA0MjMyMjMwFQIAEhggQUM4NTBDNjVBMzkyMzQ4M0Q3QkJGN0M4RDE3OTE5RUIA,null,text,null,received,dddfdfa8-3855-4914-89f3-791c8489c104,null,null,2026-06-04 05:02:29.968525+00,2026-06-04 05:02:29.968525+00
5bea2a94-c8e9-494b-b4af-3d509d1b81b9,00000000-0000-0000-0000-000000000001,2c05db07-e980-4d52-a524-1b1ee5185554,whatsapp,inbound,message,wamid.HBgMOTE4OTA0MjMyMjMwFQIAEhggQUM1NUZDNUZGN0ZCMDIwOUVCMDEyNzRENEMxRUQ3NjQA,null,text,null,received,b7707abd-cd09-4d26-82e9-d97fc54670f0,null,null,2026-06-04 05:02:52.068714+00,2026-06-04 05:02:52.068714+00
82bf7d48-87c3-4398-84cc-18e87ed265d7,null,null,whatsapp,inbound,webhook_unparsed,unparsed-f4e8e2b3-3491-4625-8d30-17432171780b,null,unknown,null,received,9be2947a-1dc7-478a-ab15-84d82f24df8b,null,payload_shape_not_recognized,2026-06-04 05:04:10.077326+00,2026-06-04 05:04:10.077326+00
a44cfccd-2db6-4dbf-b6b7-20e23a43948b,00000000-0000-0000-0000-000000000001,2c05db07-e980-4d52-a524-1b1ee5185554,whatsapp,inbound,message,wamid.HBgMOTE4OTA0MjMyMjMwFQIAEhggQUMwNTlDQjA4Q0Y0QUVCNTY4NkJERjI2MEZEMjQ0QUUA,null,text,null,received,476e459a-7d4a-4938-acf1-763a0364c386,null,null,2026-06-04 05:08:23.727374+00,2026-06-04 05:08:23.727374+00
96a39ece-5468-4eb5-bf4b-2ae5495357ad,00000000-0000-0000-0000-000000000001,2c05db07-e980-4d52-a524-1b1ee5185554,whatsapp,inbound,message,wamid.HBgMOTE4OTA0MjMyMjMwFQIAEhggQUNBNDkzOTYzMEUzOEIxQzU2QTA1QkM5QjI4N0I2NkEA,null,text,null,received,41f60c67-0c97-4e73-a9ac-930b1e548398,null,null,2026-06-04 05:08:26.852535+00,2026-06-04 05:08:26.852535+00
beb89da2-3052-4b4c-9322-913ae82b5ecf,00000000-0000-0000-0000-000000000001,2c05db07-e980-4d52-a524-1b1ee5185554,whatsapp,inbound,message,wamid.HBgMOTE4OTA0MjMyMjMwFQIAEhggQUMyOTIyOUJCNjhDQUYwODFCQjlDQzlCNDhDREIyRDUA,null,text,null,received,9418d7e1-22ea-49b2-a01e-acb48e589717,null,null,2026-06-04 05:31:32.428081+00,2026-06-04 05:31:32.428081+00
38f5ff28-d6ec-40b9-b42d-fd5b669ee74f,null,null,whatsapp,inbound,webhook_unparsed,unparsed-ceb140c5-3a01-4578-b208-b7fa2ff7a4df,null,unknown,null,received,a01e6a3a-d5c4-4703-b367-589ec84c709b,null,payload_shape_not_recognized,2026-06-04 05:37:28.130487+00,2026-06-04 05:37:28.130487+00
7074a1ba-c854-4a74-848d-86acadcab42d,00000000-0000-0000-0000-000000000001,a4709d2c-85e2-3d68-7467-1eaf879ba2c9,whatsapp,inbound,message,wamid.HBgMOTE5NDk1MzUxNjczFQIAEhggQUNGQ0Y2RDQ0MEREMjg5RjJDMEUxRTkyNjA3Rjc0NkIA,null,image,null,received,c022d490-138c-4e97-bc74-c4fbd59e6b6b,null,null,2026-06-04 05:39:43.965068+00,2026-06-04 05:39:43.965068+00
ecda1a76-3087-4434-944e-4141596357a6,00000000-0000-0000-0000-000000000001,8e39a9bd-3317-b2a6-22a6-16fa4cab9632,whatsapp,inbound,message,wamid.HBgMOTE5NDgzOTI0OTY4FQIAEhgUNEE0RDVFNzlCMEZFM0IxQTMzQzkA,null,image,null,received,e8b132ad-b2c9-4166-a192-42272d9f19af,null,null,2026-06-04 05:56:25.369594+00,2026-06-04 05:56:25.369594+00
5bb9d5a2-3bdc-466d-843f-1c28423da49b,00000000-0000-0000-0000-000000000001,8e39a9bd-3317-b2a6-22a6-16fa4cab9632,whatsapp,inbound,message,wamid.HBgMOTE5NDgzOTI0OTY4FQIAEhgUM0E4Njk1QkUyQUVBQzU5NDE3NkQA,null,text,null,received,b1b91edb-24da-4bbb-90be-f781274a3384,null,null,2026-06-04 05:56:35.078484+00,2026-06-04 05:56:35.078484+00
1f34413e-0190-4b94-a8ab-d348014eddff,00000000-0000-0000-0000-000000000001,8aacbc78-5e56-b3c0-f8bc-fcb5490b94f3,whatsapp,inbound,message,wamid.HBgMOTE5ODk0MjEwOTMxFQIAEhgUM0FGQzJEMEIyNzJBOUMzMzZERTIA,null,text,null,received,00bf7144-5a34-45e2-b3e1-db4642bc52df,null,null,2026-06-04 07:17:07.414306+00,2026-06-04 07:17:07.414306+00
5b3b8b64-917b-4041-87a8-ee3c34014770,00000000-0000-0000-0000-000000000001,77dd12b8-a20b-05c8-2372-79ba1b1624a9,whatsapp,inbound,message,wamid.HBgMOTE5MzY1MjU4MDA0FQIAEhggQUMzRTQzN0JGRERCNTEwNzZFNDE3OTMxRTBFRDc0MkEA,null,text,null,received,a6608f8c-fe0c-4006-a359-fddd44b7493f,null,null,2026-06-04 07:19:06.198417+00,2026-06-04 07:19:06.198417+00
93f23968-2be7-4e05-9d18-0dd88c71102e,null,null,whatsapp,inbound,webhook_unparsed,unparsed-9a69670a-f485-4e75-ba2c-6b443b2e0702,null,unknown,null,received,f801e014-4f1d-4299-8e7b-fb6a5889a950,null,payload_shape_not_recognized,2026-06-04 07:22:02.53593+00,2026-06-04 07:22:02.53593+00
15eab8a6-9c18-495a-9907-c4d8a1fe377e,00000000-0000-0000-0000-000000000001,77dd12b8-a20b-05c8-2372-79ba1b1624a9,whatsapp,inbound,message,wamid.HBgMOTE5MzY1MjU4MDA0FQIAEhggQUNBQUEyNEJDRjg3QTFGOTkwRURDNTgwMTE2MEI4NDgA,null,text,null,received,e63ca143-8dc2-4fac-b0d9-7b2389ba855f,null,null,2026-06-04 07:41:48.64055+00,2026-06-04 07:41:48.64055+00
a5acba17-dacb-42ca-aab2-bfb604895a38,00000000-0000-0000-0000-000000000001,53416e34-aaed-471f-937d-0fea74c444b8,whatsapp,inbound,message,wamid.HBgMOTE5NTM3OTYyOTMyFQIAEhggQUMxODNCRUI2Mzk1N0E4ODY5N0ZCMDBEQjExMDUzRDAA,null,image,null,received,a502c8c5-58f2-4907-8429-faccd6ba419f,null,null,2026-06-04 09:48:22.033023+00,2026-06-04 09:48:22.033023+00
25540a65-ace4-4ac2-9492-2ef89f1d3b0b,null,null,whatsapp,inbound,webhook_unparsed,unparsed-1f1ef0cd-e4c5-469d-a870-78a3765a1314,null,unknown,null,received,bd29274f-cf07-42da-a41b-86f9bfd5cc55,null,payload_shape_not_recognized,2026-06-04 10:44:17.064286+00,2026-06-04 10:44:17.064286+00
6ef93803-6d95-45e5-bd8d-e2d8de23c3e0,00000000-0000-0000-0000-000000000001,04ba1c6f-6c06-819d-9ecc-a0c5f795b922,whatsapp,inbound,message,wamid.HBgMOTE4MDcyNjg0NTc5FQIAEhggQUNDOUQxNUZCQzg5OTNGMjI5MTA1QUVDMjY2MkY1REYA,null,image,null,received,9e7bda54-d107-4ed1-8df7-61b6a092981d,null,null,2026-06-04 15:46:52.34888+00,2026-06-04 15:46:52.34888+00
7c606424-5dc1-415b-8bf2-075e29ea8a1f,00000000-0000-0000-0000-000000000001,f38ac232-fe6f-44f8-955c-18c46b4db738,whatsapp,inbound,message,wamid.HBgMOTE4MTc4ODE3NDQyFQIAEhggQUNBNDQ3MTQ1N0Q2NzIxNUI4NDY1MkExRDIwMUZGREIA,null,image,null,received,1992cb5a-2ef2-4960-a77e-7bd5ea53c9c1,null,null,2026-06-04 17:54:23.720987+00,2026-06-04 17:54:23.720987+00
37e5153a-c49f-4a40-a1db-1742e332ddf7,00000000-0000-0000-0000-000000000001,d751c131-c1c9-4f5c-88f8-7e4c6cb710b3,whatsapp,inbound,message,wamid.HBgMOTE4ODQwMzY3MzIyFQIAEhggQUNCMEJCMzFGMTQwOEUyNUQ0RUI2NjVFREFBOUVCMTMA,null,text,null,received,2a3ff71a-9970-448d-a77c-8c372bea9868,null,null,2026-06-04 18:03:20.708257+00,2026-06-04 18:03:20.708257+00
f1ddf938-c18f-4e0e-a649-964192d1dd9e,00000000-0000-0000-0000-000000000001,77dd12b8-a20b-05c8-2372-79ba1b1624a9,whatsapp,inbound,message,wamid.HBgMOTE5MzY1MjU4MDA0FQIAEhggQUNBRjQ0ODA0MzA1Q0UxQ0NBRTY5NkQyQjNDRTQ3MjIA,null,text,null,received,e0ce5000-8fa7-4613-a224-d81fdc50ec0d,null,null,2026-06-04 18:04:28.524257+00,2026-06-04 18:04:28.524257+00
4a9870d3-a155-4fa7-b343-8c00a4532e31,00000000-0000-0000-0000-000000000001,77dd12b8-a20b-05c8-2372-79ba1b1624a9,whatsapp,inbound,message,wamid.HBgMOTE5MzY1MjU4MDA0FQIAEhggQUM4NThFNzg5NzJCNkE5QzNEMDgxMkQ0RTZDRENENkYA,null,text,null,received,a1cce8bb-9d8f-4587-abb5-b13fd875fc17,null,null,2026-06-04 18:05:49.904854+00,2026-06-04 18:05:49.904854+00
e467ca85-35b0-4213-9cbc-bbd401603ead,00000000-0000-0000-0000-000000000001,38305983-db92-2c3c-7949-96f7ca7833eb,whatsapp,inbound,message,wamid.HBgMOTE3NTE5OTk4ODg4FQIAEhggQUM0NDE5RDNERTFDRUY2QjI5NDlCRjZFMTlFNTZGNEEA,null,image,null,received,d7d9e167-5ab2-43d6-8c17-29d70a64470d,null,null,2026-06-04 19:53:26.598526+00,2026-06-04 19:53:26.598526+00
1bb5f369-3fd3-4c34-9e1d-e30a9cc45e50,00000000-0000-0000-0000-000000000001,38305983-db92-2c3c-7949-96f7ca7833eb,whatsapp,inbound,message,wamid.HBgMOTE3NTE5OTk4ODg4FQIAEhggQUM0NDg5NTZDNDg0OUIxNzhGMzI0RDdEMzFERjQ3RjUA,null,text,null,received,ea8258e2-0128-4a67-ac4c-3fd31b05a23a,null,null,2026-06-04 19:53:52.806988+00,2026-06-04 19:53:52.806988+00
0056304b-359e-44ff-ad69-474be58baa8a,00000000-0000-0000-0000-000000000001,9541a16d-d020-eb78-80f1-a4a2d4b7775f,whatsapp,inbound,message,wamid.HBgMOTE5NjYzNjc3MDMyFQIAEhggQUMwMjEwQjlDRjZCOTAzNUZGODRBQzBEMzAyQUY5NUMA,null,image,null,received,f98c71d2-a549-4f30-9ed2-160f52fa48b9,null,null,2026-06-05 01:16:25.198372+00,2026-06-05 01:16:25.198372+00
fb5b7a92-747a-47c7-9320-490f3d36af5b,00000000-0000-0000-0000-000000000001,72ac33cc-b9b2-9cc4-47fd-d37096c8f30d,whatsapp,inbound,message,wamid.HBgMOTE5NDkxNjQ2MjAyFQIAEhgUNEEyQUEwMTk5NTQ2OUU2RjE5MDYA,null,image,null,received,a72a2f0f-63d9-48be-aec7-48bdee7251d0,null,null,2026-06-05 06:02:10.492561+00,2026-06-05 06:02:10.492561+00
fb0a2605-8251-470d-aec0-3d1140104bee,00000000-0000-0000-0000-000000000001,6dd50e39-9843-4442-cc09-3b49fbe97fb9,whatsapp,inbound,message,wamid.HBgMOTE5NjExNjg5MDE4FQIAEhggQUNBMjdBQkIzNTRGRTUyMUM0MjlGQUYxNDEzQzRBN0UA,null,image,null,received,e920b76e-7a9e-4b28-b7bb-03be17eebbe5,null,null,2026-06-05 06:42:54.22392+00,2026-06-05 06:42:54.22392+00
2865b7a3-17be-4847-bd98-9cfb9d9b1134,00000000-0000-0000-0000-000000000001,6dd50e39-9843-4442-cc09-3b49fbe97fb9,whatsapp,inbound,message,wamid.HBgMOTE5NjExNjg5MDE4FQIAEhggQUNDQjhCNzYwMjZDNUIyMUIxNzBDMDkxMThEMjIzMTUA,null,text,null,received,019869c4-9131-4b20-8c2d-028cbcbc364c,null,null,2026-06-05 06:43:02.903847+00,2026-06-05 06:43:02.903847+00
d4f06d49-e61d-44c7-b65e-2b1482918a1a,00000000-0000-0000-0000-000000000001,3b02f95a-b47e-1037-4f8a-f2f31e35c98e,whatsapp,inbound,message,wamid.HBgMOTE4Nzc5NDY2NjI0FQIAEhggQUNEMUEyNDgwRjlEN0QzQUYwMTQxNkIwNjM4RjVENkIA,null,text,null,received,c4323330-7747-4ee5-b8b1-e2772eda4c4f,null,null,2026-06-05 07:23:10.484044+00,2026-06-05 07:23:10.484044+00
ba4e37a7-c26d-484d-9afe-ab330255b155,00000000-0000-0000-0000-000000000001,ba8dd5e0-ed0e-8b6a-7098-2732476feb31,whatsapp,inbound,message,wamid.HBgMOTE5MDAzNjI4OTYwFQIAEhgUM0E0M0E2Q0QyRDA0Q0MzQ0Q0QUIA,null,text,null,received,8cba324d-4ce1-42c0-9818-e498bbf69a5a,null,null,2026-06-05 08:09:06.195556+00,2026-06-05 08:09:06.195556+00
6911c25d-1cb8-4c64-b858-8ecf36339c00,00000000-0000-0000-0000-000000000001,a467df39-5ec5-465e-a471-e2b54be7bc71,whatsapp,inbound,message,wamid.HBgMOTE4MjgxODk3Mjc1FQIAEhgUM0E1RkM1N0UwMzgyNkUxRDJFODcA,null,text,null,received,a534fa11-f0a0-46c3-a3f8-234d103aa827,null,null,2026-06-05 11:31:26.30632+00,2026-06-05 11:31:26.30632+00
eb220d46-6ccd-4a39-8af0-3992767f68cc,null,null,whatsapp,inbound,webhook_unparsed,unparsed-4f3b44f9-ef36-4650-ad99-a8bb9ca7d67a,null,unknown,null,received,def66b32-9098-4221-aa13-1436bd582ab7,null,payload_shape_not_recognized,2026-06-05 11:31:55.173727+00,2026-06-05 11:31:55.173727+00
522b2f1b-1ca1-4fbd-ab84-d03efccb02d4,null,null,whatsapp,inbound,webhook_unparsed,unparsed-df7b46e1-f12c-4c5c-8191-5d5ba0bd4079,null,unknown,null,received,700479e2-30f9-4a59-ad31-8556afeb92b0,null,payload_shape_not_recognized,2026-06-05 11:32:33.091809+00,2026-06-05 11:32:33.091809+00
d70e69a4-1818-4c6b-9956-8e68f769414c,00000000-0000-0000-0000-000000000001,11e96dd2-92f4-f793-56db-439d5b3de156,whatsapp,inbound,message,wamid.HBgMOTE5MDYxODM0NjE1FQIAEhggQUMzNkIwQjVERTlGMzUxQjA3QUFCNzdENTQwOTI1QkEA,null,text,null,received,0e3e489b-79ca-4bf9-b34e-470751191220,null,null,2026-06-05 11:49:52.130259+00,2026-06-05 11:49:52.130259+00
062895e8-1563-4846-be0d-7590e1ffd61d,null,null,whatsapp,inbound,webhook_unparsed,unparsed-be22410a-161f-4be6-a6c3-597d9323b41d,null,unknown,null,received,0aecf835-bf38-44b8-bfbd-20d1eceec1de,null,payload_shape_not_recognized,2026-06-05 11:50:23.686419+00,2026-06-05 11:50:23.686419+00
033fa134-86c9-4796-ae62-70b2f497f3d2,00000000-0000-0000-0000-000000000001,ba8dd5e0-ed0e-8b6a-7098-2732476feb31,whatsapp,inbound,message,wamid.HBgMOTE5MDAzNjI4OTYwFQIAEhgUM0FFOTA5MTcyMEJEM0U4NTA0NjgA,null,image,null,received,84ab993f-91d9-4548-a8db-a5ca6fb8ed14,null,null,2026-06-05 11:50:24.106868+00,2026-06-05 11:50:24.106868+00
b3cca6c4-1488-48d2-a43d-a8db7f7924b2,null,null,whatsapp,inbound,webhook_unparsed,unparsed-243b0dc0-9705-4278-95f9-5a0a7b887440,null,unknown,null,received,7ba864f1-6d02-4ac8-8175-cebecc21bff7,null,payload_shape_not_recognized,2026-06-05 11:50:53.940933+00,2026-06-05 11:50:53.940933+00
be2a2536-a77d-42df-87f0-2f9c2860b0df,00000000-0000-0000-0000-000000000001,ba8dd5e0-ed0e-8b6a-7098-2732476feb31,whatsapp,inbound,message,wamid.HBgMOTE5MDAzNjI4OTYwFQIAEhgUM0E5RTg0MkM5OEMzOEFEMkJCREEA,null,text,null,received,8b4d9c2f-6327-418c-8d43-c811248c8dba,null,null,2026-06-05 11:51:49.726318+00,2026-06-05 11:51:49.726318+00
b475043f-f07f-49ab-9714-909fd8d8f426,null,null,whatsapp,inbound,webhook_unparsed,unparsed-a5bf8ca2-d890-421e-a6fa-7ac41a09c7ac,null,unknown,null,received,37384e05-30dc-4fda-9d1e-2a731b8bd29c,null,payload_shape_not_recognized,2026-06-05 11:52:19.590048+00,2026-06-05 11:52:19.590048+00
8c91c759-2193-40ae-a8d5-0d3505c988b7,00000000-0000-0000-0000-000000000001,a467df39-5ec5-465e-a471-e2b54be7bc71,whatsapp,inbound,message,wamid.HBgMOTE4MjgxODk3Mjc1FQIAEhgUNEExMkZFRDBFN0E1QUI4MEI4QTkA,null,image,null,received,4a6671ff-b796-497e-9b76-e516d35784cc,null,null,2026-06-05 12:06:20.877908+00,2026-06-05 12:06:20.877908+00
117aa9a8-068f-489e-a707-b051130e1719,00000000-0000-0000-0000-000000000001,23f7ef5f-6b26-a104-b616-b438d7e9243c,whatsapp,inbound,message,wamid.HBgMOTE4MzAzNTUzNTgxFQIAEhggQUNERkEzMDZERjM3REY0RjU2MEMxOUEyRjQ1NzQ5OEYA,null,image,null,received,78104107-c777-4037-9d7e-3b7ecb220d45,null,null,2026-06-05 12:23:04.895012+00,2026-06-05 12:23:04.895012+00
f41bc8eb-75f7-4341-ae99-b4c4c5d33e7f,00000000-0000-0000-0000-000000000001,89d188b4-94a9-2f97-e068-155ed8ec3f5e,whatsapp,inbound,message,wamid.HBgMOTE2Mzk1ODc3NzkyFQIAEhgUM0FGRTRCQTAxQjQ3QjcxN0E4QzEA,null,text,null,received,3337d051-fb51-41e4-ab6d-7b270cbfd023,null,null,2026-06-05 12:29:22.337416+00,2026-06-05 12:29:22.337416+00
14465cfd-b1cb-46cb-b68f-71b33fc72f58,00000000-0000-0000-0000-000000000001,89d188b4-94a9-2f97-e068-155ed8ec3f5e,whatsapp,inbound,message,wamid.HBgMOTE2Mzk1ODc3NzkyFQIAEhgUM0EwMjc2Qzk5QjQ5RDM0QUNBMEMA,null,text,null,received,e33ae1a0-c79d-4853-8899-6de816966277,null,null,2026-06-05 12:29:48.767743+00,2026-06-05 12:29:48.767743+00
039e4d1f-29a7-4e14-8b2c-1cb832d1e87a,00000000-0000-0000-0000-000000000001,ba8dd5e0-ed0e-8b6a-7098-2732476feb31,whatsapp,inbound,message,wamid.HBgMOTE5MDAzNjI4OTYwFQIAEhgUM0EyOUQwMEQwMDUxQTk5QTNGMUMA,null,text,null,received,1b175681-c144-41df-9c99-539e0f9a2669,null,null,2026-06-05 15:25:14.742252+00,2026-06-05 15:25:14.742252+00
03c9c11a-5238-42f2-93b6-7896340db2a9,00000000-0000-0000-0000-000000000001,8971261e-a813-477f-94c0-0a9661dc4c34,whatsapp,inbound,message,wamid.HBgMOTE4MDU2Nzg1MDM4FQIAEhgUNEE5MkE4QUI0N0ZCOTgwNTNGQzkA,null,image,null,received,c226a2d6-0d44-4fab-8b67-5eef19107ce4,null,null,2026-06-05 16:27:54.290376+00,2026-06-05 16:27:54.290376+00
f4ab1a4f-0fdc-4285-a9dc-58e5dfbbb130,00000000-0000-0000-0000-000000000001,8971261e-a813-477f-94c0-0a9661dc4c34,whatsapp,inbound,message,wamid.HBgMOTE4MDU2Nzg1MDM4FQIAEhgUM0E1NDlGQ0YzQzQyQzQzOTYwN0YA,null,text,null,received,a37ba767-8e03-437e-b389-04986fa1864e,null,null,2026-06-05 16:28:52.169147+00,2026-06-05 16:28:52.169147+00
71f33900-43e2-4e4b-a070-99e9a2a3f811,00000000-0000-0000-0000-000000000001,238b347e-e7e9-b1a3-31a8-a2f8fed99f55,whatsapp,inbound,message,wamid.HBgMOTE5ODQ1ODk0ODM5FQIAEhggQUNEQTAzNTc1OEMzNEMwQjVENDI2NjVGRkVGMzM2MTEA,null,image,null,received,deba0916-cde5-4092-8661-299829deb30d,null,null,2026-06-06 04:43:40.570824+00,2026-06-06 04:43:40.570824+00
a76459c8-b432-4463-990c-0f043441e977,00000000-0000-0000-0000-000000000001,c2329858-525d-2f70-5e31-bf9a8358eb3e,whatsapp,inbound,message,wamid.HBgMOTE5MTIzNzkwMTUxFQIAEhggQUM1QkY1MUQ3RkYyNDZFN0ZBRTlDMzQ5QUZGNUYwQTMA,null,image,null,received,7f4a8739-82d5-4288-902a-5559a16a5a8e,null,null,2026-06-06 06:53:05.481166+00,2026-06-06 06:53:05.481166+00
66517ae1-4db0-4e50-8e14-624a7166764c,00000000-0000-0000-0000-000000000001,77dd12b8-a20b-05c8-2372-79ba1b1624a9,whatsapp,inbound,message,wamid.HBgMOTE5MzY1MjU4MDA0FQIAEhggQUMwQzZENzk0RjhGQkZGMDlBMkI1RUM1OUVDRjgxMUUA,null,text,null,received,9d82021a-222a-4749-ae9f-6fe220d0cd96,null,null,2026-06-06 07:44:23.349634+00,2026-06-06 07:44:23.349634+00
42445f4b-6719-496e-ac13-ab6cd3ff601a,00000000-0000-0000-0000-000000000001,77dd12b8-a20b-05c8-2372-79ba1b1624a9,whatsapp,inbound,message,wamid.HBgMOTE5MzY1MjU4MDA0FQIAEhggQUM1M0NEREE2NzIxRERBMUNCQjIxMTlDRkU1OEI5REEA,null,text,null,received,9063817e-51a7-4762-a46a-0a9f0d2e7af6,null,null,2026-06-06 07:45:47.014275+00,2026-06-06 07:45:47.014275+00
e8d1bffc-d187-4eda-8655-d2abc6900815,00000000-0000-0000-0000-000000000001,77dd12b8-a20b-05c8-2372-79ba1b1624a9,whatsapp,inbound,message,wamid.HBgMOTE5MzY1MjU4MDA0FQIAEhggQUMzMzdBQjExQzc2NzIyMDFGNjM3MjBBNENDRTg2Q0EA,null,text,null,received,bd3eb3f2-fe16-41b3-9542-8611cb40a2ba,null,null,2026-06-06 07:46:12.310813+00,2026-06-06 07:46:12.310813+00
adf34e6b-21c0-4d06-8d68-81e9eca3551b,null,null,whatsapp,inbound,webhook_unparsed,unparsed-537d48c9-6a06-4eb6-8dc7-e92d92bd0230,null,unknown,null,received,5ce8f69d-39b1-47ea-8fce-b9bc97e6fc7f,null,payload_shape_not_recognized,2026-06-06 07:47:47.572217+00,2026-06-06 07:47:47.572217+00
9fd93e65-2af6-4773-86a8-e955994371b8,00000000-0000-0000-0000-000000000001,be68c44d-d4d2-478a-7b1e-c9c3fefac406,whatsapp,inbound,message,wamid.HBgMOTE2MzgzNzAzODgxFQIAEhgUNEE5NzdEOEM2QkU2QjhFMkIxRkIA,null,image,null,received,b88c910b-793a-48c8-907a-b4d0ee85427c,null,null,2026-06-06 08:36:00.126851+00,2026-06-06 08:36:00.126851+00
9f010007-279d-485a-838d-c00c97d7b9b7,00000000-0000-0000-0000-000000000001,77dd12b8-a20b-05c8-2372-79ba1b1624a9,whatsapp,inbound,message,wamid.HBgMOTE5MzY1MjU4MDA0FQIAEhggQUM0ODA0M0FDQ0ZDQjYzMjk4RjE0NkIyRjE2RjE3NzEA,null,image,null,received,599d469b-473d-4c98-b39e-a9415ec006b9,null,null,2026-06-06 08:41:24.539581+00,2026-06-06 08:41:24.539581+00
acc9778c-97bb-4674-92df-8e4ef36ec67a,null,null,whatsapp,inbound,webhook_unparsed,unparsed-d4f4a980-cdd8-4080-a98e-03933ff29bd3,null,unknown,null,received,ebf87c33-3050-4100-96e0-73d99160a628,null,payload_shape_not_recognized,2026-06-06 08:41:52.149385+00,2026-06-06 08:41:52.149385+00
31a2f26d-4a35-4c43-92de-a3fd8adbdb14,00000000-0000-0000-0000-000000000001,77dd12b8-a20b-05c8-2372-79ba1b1624a9,whatsapp,inbound,message,wamid.HBgMOTE5MzY1MjU4MDA0FQIAEhgWM0VCMDUwQTM0RUNERUYxNkNGQzM2OAA=,null,text,null,received,c7cca7d5-88e9-4b58-b4e9-d43aa2f9f623,null,null,2026-06-06 08:42:52.385982+00,2026-06-06 08:42:52.385982+00
91e3013f-9089-4b84-9370-2180ff079925,00000000-0000-0000-0000-000000000001,77dd12b8-a20b-05c8-2372-79ba1b1624a9,whatsapp,inbound,message,wamid.HBgMOTE5MzY1MjU4MDA0FQIAEhggQUNEQTk4NTgxOUQ1MUZGNEYyNjA4MjI5Mjk2NjYzOEQA,null,image,null,received,5ec8c3d0-4bc7-48a3-9f8f-1edc430bedd5,null,null,2026-06-06 08:43:48.050134+00,2026-06-06 08:43:48.050134+00
47ba2423-35a7-4318-878e-6da62fc3baf5,00000000-0000-0000-0000-000000000001,25ef6338-6197-45a8-82d9-ddd0a846f1b2,whatsapp,inbound,message,wamid.HBgMOTE5MzQ1NDg1MjUyFQIAEhgUNEE1NTI4RDA1NThFOEJBRjBDOUEA,null,image,null,received,9f70bd2e-05da-49ce-b5c4-906693cc3813,null,null,2026-06-06 09:35:11.76311+00,2026-06-06 09:35:11.76311+00
8e06450e-4134-49ca-aed9-e482b598fd4f,00000000-0000-0000-0000-000000000001,2b785f57-1c4f-d4a8-d486-b69e7b2db5bc,whatsapp,inbound,message,wamid.HBgMOTE4NTI0MDc3OTk2FQIAEhggQUNDRTcxQzQ3RkNBMkEzRUIwRDU3RTQ2QzBERDg0MjgA,null,image,null,received,d3026401-9385-46cc-a791-74215b63a64c,null,null,2026-06-06 10:37:25.051514+00,2026-06-06 10:37:25.051514+00
6b756538-4e5d-42be-92f5-ff3c5c6468dd,00000000-0000-0000-0000-000000000001,77dd12b8-a20b-05c8-2372-79ba1b1624a9,whatsapp,inbound,message,wamid.HBgMOTE5MzY1MjU4MDA0FQIAEhggQUM2RkQ2MEZDMjU5MTIxNTI3OEMzQkIwRDQ0QjY2N0QA,null,text,null,received,892f54fd-79ff-4153-812f-5ec7fd80f059,null,null,2026-06-06 11:43:42.581955+00,2026-06-06 11:43:42.581955+00
fd3de482-e352-43d1-8e91-c1d1f9fa9321,00000000-0000-0000-0000-000000000001,b4a50439-db13-dc26-d980-eb079b321460,whatsapp,inbound,message,wamid.HBgMOTE5MDA4NzE1NjA5FQIAEhggQUMxQTYxOEM1M0JGQTZFRjc0NTdFOUY4RjJGM0U2Q0EA,null,image,null,received,6b71e20c-39f2-4cea-9916-45a5732227e7,null,null,2026-06-06 11:56:38.97515+00,2026-06-06 11:56:38.97515+00
3a013549-823e-456e-a4cc-bfa76d29ac3b,00000000-0000-0000-0000-000000000001,855f3f6a-72ae-46f4-4cc2-a9a0d5df5b70,whatsapp,inbound,message,wamid.HBgMOTE4MzI4NjkyNzU1FQIAEhggQUNFMDlFRTg4QkMzOEFEOUM2QTIzOTFFMjdCREZFOTYA,null,image,null,received,0b580d31-3a4c-4fd0-8725-42a235068474,null,null,2026-06-06 13:41:58.582753+00,2026-06-06 13:41:58.582753+00
61aa18ca-990d-46e5-80d2-9ef5f85f7b9d,00000000-0000-0000-0000-000000000001,94927866-7ca0-4311-b799-972822792cb8,whatsapp,inbound,message,wamid.HBgMOTE5NTk3NTU2ODI0FQIAEhggQUM0NUMyMDQzMTNFQzhGMjVENzFBNENGM0Y4NkQxOTgA,null,image,null,received,30bb7d60-843d-4e59-9c19-ea4307e49dd3,null,null,2026-06-06 15:24:31.471663+00,2026-06-06 15:24:31.471663+00
ea4140b7-455f-4703-8d64-91e684243203,00000000-0000-0000-0000-000000000001,94927866-7ca0-4311-b799-972822792cb8,whatsapp,inbound,message,wamid.HBgMOTE5NTk3NTU2ODI0FQIAEhggQUNENjU0MjBBMEVCMjJCMEI5NzREMTAwNzBFOUExNUEA,null,text,null,received,5042ae24-a126-4432-b754-51b84455b959,null,null,2026-06-06 15:24:37.215294+00,2026-06-06 15:24:37.215294+00
a22a4f4d-9aa4-4dc8-ba34-212dcd04d486,00000000-0000-0000-0000-000000000001,51c3d3a9-bfa0-4a8e-a687-3ef46bc022cc,whatsapp,inbound,message,wamid.HBgMOTE3MDI1NTY3MDAwFQIAEhgUNEEyQzc1ODdEM0VEN0QwQUVBN0MA,null,image,null,received,32356ee9-7613-42e4-9324-ff7ac2709b2f,null,null,2026-06-06 15:51:18.837889+00,2026-06-06 15:51:18.837889+00
53d9b0c7-239c-449e-a3e8-7632af0ad810,00000000-0000-0000-0000-000000000001,1a3b6c74-26e1-7124-0b5c-7f783d71624d,whatsapp,inbound,message,wamid.HBgMOTE2MzY5MzUzNTI2FQIAEhgUM0EyMTIwRDhDQzUxMzhDMzQyREYA,null,text,null,received,c3897768-51da-4700-9113-88ab1587d381,null,null,2026-06-06 15:51:47.923449+00,2026-06-06 15:51:47.923449+00
2ffbbb11-b7b8-457c-999f-cdd0333ae757,00000000-0000-0000-0000-000000000001,1a3b6c74-26e1-7124-0b5c-7f783d71624d,whatsapp,inbound,message,wamid.HBgMOTE2MzY5MzUzNTI2FQIAEhgUM0FBOUE1NUJGRDc2QjNERDBENUIA,null,text,null,received,a7a8677b-526c-4099-9498-5b5e74acf3c9,null,null,2026-06-06 15:52:12.865802+00,2026-06-06 15:52:12.865802+00
82d69315-3faa-4d86-be36-91452421e8ec,null,null,whatsapp,inbound,webhook_unparsed,unparsed-8ee73cc6-adee-40d6-8010-68b59044a6f3,null,unknown,null,received,4d220c9b-9a2b-402b-8e81-8ac4afdc9d07,null,payload_shape_not_recognized,2026-06-06 15:52:29.772031+00,2026-06-06 15:52:29.772031+00
6a877a08-62d9-41c4-be7a-185dd37585b8,00000000-0000-0000-0000-000000000001,1a3b6c74-26e1-7124-0b5c-7f783d71624d,whatsapp,inbound,message,wamid.HBgMOTE2MzY5MzUzNTI2FQIAEhgUM0FBMTYzRjdCNjEwRUI3QzQ4QUIA,null,image,null,received,ccaaa2f8-4603-4dec-99c3-137e4d983fee,null,null,2026-06-06 15:54:30.363983+00,2026-06-06 15:54:30.363983+00
7b8f5887-b89c-4002-b751-26c7471fa407,00000000-0000-0000-0000-000000000001,1a3b6c74-26e1-7124-0b5c-7f783d71624d,whatsapp,inbound,message,wamid.HBgMOTE2MzY5MzUzNTI2FQIAEhgUM0E3OUE3QTZCNEJENUQwRDk4QzQA,null,text,null,received,0bb5fef8-f2e6-42da-95f2-9726cc74f6b2,null,null,2026-06-06 15:55:03.747943+00,2026-06-06 15:55:03.747943+00
3de838b9-f214-40b2-b666-d56dea7efdea,null,null,whatsapp,inbound,webhook_unparsed,unparsed-819c87ca-1fcd-482c-b870-f894cbded6c7,null,unknown,null,received,0ccebd05-a221-4944-9e46-e19301c0682f,null,payload_shape_not_recognized,2026-06-06 15:59:28.541713+00,2026-06-06 15:59:28.541713+00
e6f85904-4d5b-4567-8dbb-3725b7efa0ff,00000000-0000-0000-0000-000000000001,1a3b6c74-26e1-7124-0b5c-7f783d71624d,whatsapp,inbound,message,wamid.HBgMOTE2MzY5MzUzNTI2FQIAEhgUM0FEODIwRTJBRjZFQUQxN0Q1MTQA,null,text,null,received,cc882a0a-bcc9-492a-a543-ef5fc5c0b865,null,null,2026-06-06 16:22:41.038379+00,2026-06-06 16:22:41.038379+00
3de2fb4d-b63f-42e5-8535-35016fe501ae,00000000-0000-0000-0000-000000000001,1a3b6c74-26e1-7124-0b5c-7f783d71624d,whatsapp,inbound,message,wamid.HBgMOTE2MzY5MzUzNTI2FQIAEhgUM0FEMUZDNjU2QjM2Qjc1QkQyMDcA,null,text,null,received,3438c64f-9790-4939-871a-ab87bcb0d546,null,null,2026-06-06 16:22:41.593414+00,2026-06-06 16:22:41.593414+00
0e68d0f5-d4e1-4471-a8e7-45f0a76b9c02,00000000-0000-0000-0000-000000000001,1a3b6c74-26e1-7124-0b5c-7f783d71624d,whatsapp,inbound,message,wamid.HBgMOTE2MzY5MzUzNTI2FQIAEhgUM0E3RjdFM0ZERUE5MzNDODNGOUEA,null,image,null,received,69f7e4e2-097e-455d-aa50-4147dd8f37e5,null,null,2026-06-06 16:22:50.349387+00,2026-06-06 16:22:50.349387+00
0e498ad5-c57a-49eb-8ce6-1e7f8c7608b3,00000000-0000-0000-0000-000000000001,5527e05d-475b-45ed-a6f4-284340eed262,whatsapp,inbound,message,wamid.HBgMOTE4ODg0Mzk1NjY2FQIAEhggQUMxQTRFRjVGODc1Mjc3Njg1QkNERjc0NjdBMTg0NjEA,null,text,null,received,da2f5ab1-8d5c-4900-b2eb-a0faf58f71a3,null,null,2026-06-06 17:00:41.118725+00,2026-06-06 17:00:41.118725+00
b95d2837-7b9d-4dcc-a0b7-23303e827a8a,null,null,whatsapp,inbound,webhook_unparsed,unparsed-215845b6-28a8-4bb4-96b1-f4e2f6985b61,null,unknown,null,received,71cae723-23de-4a03-89d9-5dc193cd9eea,null,payload_shape_not_recognized,2026-06-06 17:04:04.037543+00,2026-06-06 17:04:04.037543+00
8c3dbd88-84b2-49a5-bd53-ef5b340f1c67,00000000-0000-0000-0000-000000000001,d497808b-36e2-ea42-d247-85b4e409078c,whatsapp,inbound,message,wamid.HBgMOTE4MTAzNjY2OTAwFQIAEhggQUM5QzgyQTBGMkQ1QURCMTQ2RTZDMjU3N0IwNkU1MjAA,null,image,null,received,15c73b9a-c9fe-4194-ad68-6f67b0c2bd9e,null,null,2026-06-06 17:06:14.221832+00,2026-06-06 17:06:14.221832+00
67fa29be-81e7-462c-9074-a5b6b1e8587d,00000000-0000-0000-0000-000000000001,3b27dc97-dafa-0480-7b61-5549a3ea7eee,whatsapp,inbound,message,wamid.HBgMOTE5NTI2NTE3NzA5FQIAEhggQUNFMzk5OTkxRDkwMjg3MDEyMTg5OUYxNDkwMkQwQzcA,null,text,null,received,8b56c226-6faa-4def-a7c7-955f2fc10e97,null,null,2026-06-06 17:11:04.540857+00,2026-06-06 17:11:04.540857+00
0446aad8-1696-4462-9f3c-eef6afaa5812,null,null,whatsapp,inbound,webhook_unparsed,unparsed-db905db0-6493-4e3c-bdd4-b882779fd34a,null,unknown,null,received,bea1ef23-296b-47ed-b2ad-0663f53d7826,null,payload_shape_not_recognized,2026-06-06 17:18:36.61997+00,2026-06-06 17:18:36.61997+00
bef8d85b-e001-4963-b754-cfa5b7fd94b5,00000000-0000-0000-0000-000000000001,5527e05d-475b-45ed-a6f4-284340eed262,whatsapp,inbound,message,wamid.HBgMOTE4ODg0Mzk1NjY2FQIAEhggQUMzRjEyRjBBRTc3NENDMjk0NzFEMjEzQkRBNzI2MzUA,null,image,null,received,66e85bac-ac92-43bb-be7d-64957e5ec665,null,null,2026-06-06 17:20:53.148745+00,2026-06-06 17:20:53.148745+00
8b8566e4-0235-4d38-8b53-d9176ef0cf35,00000000-0000-0000-0000-000000000001,1287ac56-adee-78b5-6a6b-56b3e8dd7d48,whatsapp,inbound,message,wamid.HBgMOTE5MTY0NTk2NTMxFQIAEhgUNEFCRkE0Rjc2OUEyMjkxODFDNUIA,null,image,null,received,2f09e8bb-73ec-408d-a130-22639bd04b47,null,null,2026-06-07 01:28:28.824384+00,2026-06-07 01:28:28.824384+00
8860b14a-0b75-4e8f-b58d-069375c4cad0,00000000-0000-0000-0000-000000000001,4628a4bf-d4c5-9e5d-471c-271b9f3e7d03,whatsapp,inbound,message,wamid.HBgMOTE3MjU5MTExMjU5FQIAEhggQUNBMkZCNTk2MkYwQjMyOEU2NjNDMEUzMTgyMUYwRTEA,null,image,null,received,088a9f94-02c1-4abf-bbe9-9768ba9bf670,null,null,2026-06-07 04:18:19.165253+00,2026-06-07 04:18:19.165253+00
bffd7fc8-fa99-41c2-abc3-31ccbfe69c6f,00000000-0000-0000-0000-000000000001,4628a4bf-d4c5-9e5d-471c-271b9f3e7d03,whatsapp,inbound,message,wamid.HBgMOTE3MjU5MTExMjU5FQIAEhggQUM0NjVFMTFGMDRCREY0MDUwODkwOThENTc5NjJGREIA,null,text,null,received,43ef6363-b945-471c-8e31-ae5fffc34c06,null,null,2026-06-07 04:18:24.264624+00,2026-06-07 04:18:24.264624+00
eb6be6a9-039a-408a-9fbf-c4f7a38587b5,00000000-0000-0000-0000-000000000001,9653a402-ff75-bbdf-8cc6-1cb0ca01f233,whatsapp,inbound,message,wamid.HBgMOTE3Nzk5MDQ0MTMzFQIAEhgUM0FFMEFGRkVCQjg0NEM3Q0Y3QTEA,null,image,null,received,8b3012e4-0a6b-4988-85b2-caa98f758331,null,null,2026-06-07 04:22:36.802328+00,2026-06-07 04:22:36.802328+00
620f87e9-ba47-4096-80b6-a048bc67666b,00000000-0000-0000-0000-000000000001,d77b5c1e-605d-6795-5eee-1e2f9b83e069,whatsapp,inbound,message,wamid.HBgMOTE3OTcyOTU4MTI2FQIAEhggQUNGQUM4RDU2N0UyQzlCQzQzMDQ4MEFGNjBDQTBBNjIA,null,text,null,received,6f50be54-1f6e-4f7a-bc20-ad72d1d16f49,null,null,2026-06-07 04:45:17.793933+00,2026-06-07 04:45:17.793933+00
06d06455-806e-47cb-87ba-3a43440a8e18,00000000-0000-0000-0000-000000000001,d77b5c1e-605d-6795-5eee-1e2f9b83e069,whatsapp,inbound,message,wamid.HBgMOTE3OTcyOTU4MTI2FQIAEhggQUMwNjc1QkNDMjc5OTAyQjM0MzhGMzYwMTY5NzA0RTIA,null,image,null,received,25311621-5b1d-4c03-8814-adf366978d85,null,null,2026-06-07 04:45:19.213273+00,2026-06-07 04:45:19.213273+00
b727dce7-fc51-4f8e-93cb-3efb31eca07f,00000000-0000-0000-0000-000000000001,bcf8ffc1-fd5c-f6ab-0453-7a73c73786dd,whatsapp,inbound,message,wamid.HBgMOTE5NjI5NjIyNTcyFQIAEhgUM0E1QzEwNDE3N0VCMjIwMEM1N0UA,null,text,null,received,bacc504e-22fc-4c96-9034-24440edc8bc1,null,null,2026-06-07 04:57:39.458429+00,2026-06-07 04:57:39.458429+00
238fb547-2177-4971-a8f9-06472db403fb,00000000-0000-0000-0000-000000000001,86cd2239-fa55-0389-437e-e8fd505dc931,whatsapp,inbound,message,wamid.HBgMOTE3MzgyOTgyMjAyFQIAEhggQUNCQzg0MjEyMzFGQUEzNDVGRDkxRjBFRUJBMkM3NkEA,null,image,null,received,b8156568-d7b9-4928-a75a-61f61ab3a3c1,null,null,2026-06-07 06:09:57.711759+00,2026-06-07 06:09:57.711759+00
3636bfb8-ab2c-4b54-99ea-fd33e12d8400,00000000-0000-0000-0000-000000000001,c3c77367-5f51-f7a7-e667-0e3480f53751,whatsapp,inbound,message,wamid.HBgMOTE5MzAyMzQ4OTIxFQIAEhgUM0E0QzcwN0FCQUFCQzVBQkUzQUYA,null,image,null,received,a7de11ed-5ad6-44cc-aa0c-44fd32091d2f,null,null,2026-06-07 07:05:02.619906+00,2026-06-07 07:05:02.619906+00
67433cfd-d2c0-435a-b211-225cf2e1c26e,00000000-0000-0000-0000-000000000001,c3c77367-5f51-f7a7-e667-0e3480f53751,whatsapp,inbound,message,wamid.HBgMOTE5MzAyMzQ4OTIxFQIAEhgUM0EwRUYzMzU5ODI4RDMzODY0MEUA,null,image,null,received,a410c68e-62b4-4b49-a048-a17ea5150f51,null,null,2026-06-07 07:05:02.773421+00,2026-06-07 07:05:02.773421+00
58076220-9907-4713-940d-28a8ff68f9d4,00000000-0000-0000-0000-000000000001,9e188cc2-9f75-4d15-8fa3-9348236cae71,whatsapp,inbound,message,wamid.HBgMOTE5OTkwMjkxNTMyFQIAEhggQUNFOUM4NTk2MkQwMDQ5Mjk3NURDQzA0M0M3NjY4REQA,null,image,null,received,be0b0b2e-c86a-4e58-9d14-8c38a4e75ae3,null,null,2026-06-07 07:36:49.082613+00,2026-06-07 07:36:49.082613+00
41f63149-28e9-4948-b753-526599d8d4ae,00000000-0000-0000-0000-000000000001,9e188cc2-9f75-4d15-8fa3-9348236cae71,whatsapp,inbound,message,wamid.HBgMOTE5OTkwMjkxNTMyFQIAEhggQUNBNDkwQTc3MUU2Q0ZENjA2MzNERURGMkYxRkI4NUQA,null,text,null,received,f5806a51-8fe9-4fa5-b0bd-7d3a956972ac,null,null,2026-06-07 07:39:19.020025+00,2026-06-07 07:39:19.020025+00
38ba43de-a919-4b83-8221-76be197fb798,00000000-0000-0000-0000-000000000001,83f51f9d-9d36-eda9-e7fb-5b1badbbd5d9,whatsapp,inbound,message,wamid.HBgMOTE3OTg3NzMxMzgxFQIAEhggQUM4RUIxQTVCNEI5RjQ5MkU2RTUyQjYwMDA4MkUzQzAA,null,image,null,received,c87f8ca0-17e8-4d3c-aa14-06b807c9100f,null,null,2026-06-07 07:52:37.565407+00,2026-06-07 07:52:37.565407+00
8566b82d-8e34-4095-b35f-f985ae398d63,00000000-0000-0000-0000-000000000001,733dd472-3b1e-dd43-76e5-082ddfe66c5b,whatsapp,inbound,message,wamid.HBgMOTE5MTMxMTkyNzczFQIAEhgUM0FFMTA3NTY1MTI1Qzk3MTM0RjkA,null,text,null,received,06349820-99e1-4341-92fb-a3123b7cf104,null,null,2026-06-07 07:54:11.411677+00,2026-06-07 07:54:11.411677+00
4895256b-0bf6-406f-abab-ea701be8c43b,00000000-0000-0000-0000-000000000001,bcf8ffc1-fd5c-f6ab-0453-7a73c73786dd,whatsapp,inbound,message,wamid.HBgMOTE5NjI5NjIyNTcyFQIAEhgUNEEyMDQzODQ1OUYzNDFFNDJBRjgA,null,image,null,received,0376660b-8e93-4d3c-a4a4-b1f0b2e85222,null,null,2026-06-07 08:17:00.455951+00,2026-06-07 08:17:00.455951+00
2bf4cc9a-4874-4bad-9311-47563d0b4503,00000000-0000-0000-0000-000000000001,cb2574c2-6caf-4598-82dc-12b9569a6451,whatsapp,inbound,message,wamid.HBgMOTE5OTQ0NTI2NjE1FQIAEhggQUMxMDY1Qjc2NjgyQzFBRDlDODc5RDg1OEUyRTFEOEQA,null,image,null,received,329a167e-555e-416f-88eb-65d1c53f14c2,null,null,2026-06-07 08:39:12.241102+00,2026-06-07 08:39:12.241102+00
cee4c44b-ea77-4ae6-9376-36d0c8c25b05,00000000-0000-0000-0000-000000000001,9c88cc60-ea13-4dd1-9930-ca14ff0c6aa0,whatsapp,inbound,message,wamid.HBgMOTE3MzM3MjczMzE1FQIAEhgUNEE0MzY4NEQ1QjIzNTVEMDZGOUEA,null,image,null,received,0958f11a-2350-4a9b-bcf3-846442f42dc4,null,null,2026-06-07 08:39:43.485565+00,2026-06-07 08:39:43.485565+00
960b9334-9a0a-401d-bd71-befd191090a6,00000000-0000-0000-0000-000000000001,ec6bd398-2413-2c67-18db-10bdd92ee4f9,whatsapp,inbound,message,wamid.HBgMOTE4ODI2MjMzNDU2FQIAEhggQUMxM0FBOEJFRjk0RjFCQjczMkE2NEZCQkZCNDJFRDkA,null,image,null,received,ca26bf6a-8f70-4e61-898b-17768793cd89,null,null,2026-06-07 10:24:08.98804+00,2026-06-07 10:24:08.98804+00
68b3ec24-d900-41a8-846b-48afde4b9e87,00000000-0000-0000-0000-000000000001,a6037691-771e-8146-3714-f9dedb8acbcc,whatsapp,inbound,message,wamid.HBgMOTE3NDIwOTE4NDcxFQIAEhgUNEE4MkRENjFGMkNBNUI0RjIzODAA,null,image,null,received,e5c6b341-9b49-4f93-91e6-afb8bd0a73be,null,null,2026-06-07 10:28:05.923115+00,2026-06-07 10:28:05.923115+00
09cd723d-b039-4b34-af38-c26a64420ac2,00000000-0000-0000-0000-000000000001,c02eb961-2471-c285-9c28-fb9a12aaf70a,whatsapp,inbound,message,wamid.HBgMOTE2MjgyMzAzNDI0FQIAEhggQUM4MzI5Mzc0QjlCNTAzQkZCNjg2MDcwQzg1RUVENzMA,null,image,null,received,7725476c-1b10-4d3e-9763-04e562b5449f,null,null,2026-06-07 15:55:32.040437+00,2026-06-07 15:55:32.040437+00
bd22e899-12ee-4739-a6cd-0a2907a5d9ab,00000000-0000-0000-0000-000000000001,733dd472-3b1e-dd43-76e5-082ddfe66c5b,whatsapp,inbound,message,wamid.HBgMOTE5MTMxMTkyNzczFQIAEhgUNEE3REJDQURENUQwN0E4REJDQjAA,null,image,null,received,b321c9e2-c3d9-4721-b23e-7c5cb444abc6,null,null,2026-06-07 18:04:18.942244+00,2026-06-07 18:04:18.942244+00
c38fd3dc-e966-4e06-a887-460b4c852f55,00000000-0000-0000-0000-000000000001,1b003ea3-bdcb-0416-c3c2-8ff60f2f65f5,whatsapp,inbound,message,wamid.HBgMOTE5MDM1MTQ2MzI2FQIAEhggQUM5MkU0MEQxNDZCMzkwOEVDNzk1QTJCMjU3REFFRDAA,null,text,null,received,4e420d69-a74c-41e6-b758-e54cc6e35b84,null,null,2026-06-08 01:07:18.284331+00,2026-06-08 01:07:18.284331+00
5950ba86-5d57-4b10-912d-a3ab54369aec,00000000-0000-0000-0000-000000000001,1b003ea3-bdcb-0416-c3c2-8ff60f2f65f5,whatsapp,inbound,message,wamid.HBgMOTE5MDM1MTQ2MzI2FQIAEhggQUMwNTc3MkFGMEY0RkU2RUFCOEU3MzAxMkU5RDhGNzIA,null,image,null,received,07907902-48a1-4f4f-8799-75cd194278d6,null,null,2026-06-08 01:08:15.181272+00,2026-06-08 01:08:15.181272+00
251ba167-308e-4626-bb2a-d4d3ee61100d,00000000-0000-0000-0000-000000000001,1b003ea3-bdcb-0416-c3c2-8ff60f2f65f5,whatsapp,inbound,message,wamid.HBgMOTE5MDM1MTQ2MzI2FQIAEhggQUNCNDk3M0Q0NjExOEJEQkIyRjlBQjIxMDRDMUQwRUMA,null,text,null,received,8e71295f-89d1-4b46-81f8-1827f3cd8ca5,null,null,2026-06-08 01:08:21.32119+00,2026-06-08 01:08:21.32119+00
3d046508-bcdf-4c8b-9c53-40d69feca7a4,00000000-0000-0000-0000-000000000001,61031b0a-ef18-26aa-64b7-d412d7b3d276,whatsapp,inbound,message,wamid.HBgMOTE3ODI1ODM1MTM0FQIAEhggQUM0OTVCQTcyRDdGODM2Q0JGQTIzMTM3OUY4QzlEQTcA,null,image,null,received,4bfb8234-5345-4dce-a7f1-cc617aae7d44,null,null,2026-06-08 04:27:31.734623+00,2026-06-08 04:27:31.734623+00
157eddfd-b688-4a0c-8558-897418e1f877,00000000-0000-0000-0000-000000000001,f59fa4ad-6dca-c7e7-d459-5326609a6412,whatsapp,inbound,message,wamid.HBgMOTE5NzUwNzgzMTEyFQIAEhgUNEFFODJDNzdFMEM0REMwM0IxNDgA,null,image,null,received,bea7719e-c125-4678-8878-9e34e84ee231,null,null,2026-06-08 05:19:24.840511+00,2026-06-08 05:19:24.840511+00
ee3ce07f-89d1-459f-b1f1-a3c4eee44d6f,00000000-0000-0000-0000-000000000001,11e96dd2-92f4-f793-56db-439d5b3de156,whatsapp,inbound,message,wamid.HBgMOTE5MDYxODM0NjE1FQIAEhggQUNBMEUwQzRBQ0E4NUMyQzlFRkRENjU1OEUyOEVGNjAA,null,image,null,received,7c7f2ce7-6378-419f-be35-4149bc8a9d4b,null,null,2026-06-08 05:44:41.643274+00,2026-06-08 05:44:41.643274+00
ef86cba1-942d-46d9-88c9-82c9d7e885a6,00000000-0000-0000-0000-000000000001,11e96dd2-92f4-f793-56db-439d5b3de156,whatsapp,inbound,message,wamid.HBgMOTE5MDYxODM0NjE1FQIAEhggQUNBODkzNzhEM0Q1NTc0NjdDNDcxNjI1OTM3RUFFQzEA,null,text,null,received,ba25b20d-8e73-41ba-b2d2-8db679c51f34,null,null,2026-06-08 05:45:26.54402+00,2026-06-08 05:45:26.54402+00
d4c1d0a7-2bad-49ef-b94c-0b48f589d49b,null,null,whatsapp,inbound,webhook_unparsed,unparsed-32368ca3-13ee-4dda-aea4-b3798d92b1ec,null,unknown,null,received,df32aeec-5510-44c6-8901-f2fa3e7c157c,null,payload_shape_not_recognized,2026-06-08 05:56:59.222277+00,2026-06-08 05:56:59.222277+00
bb39661f-deee-46f5-8ad8-f29bb1458274,null,null,whatsapp,inbound,webhook_unparsed,unparsed-3c2d366d-5618-4b29-9bff-01c074833d87,null,unknown,null,received,5faa732a-cef1-450a-a196-4b73e86b4410,null,payload_shape_not_recognized,2026-06-08 05:57:09.791156+00,2026-06-08 05:57:09.791156+00
846290d3-e5b1-4d54-b4ed-4b3a6cc816d6,00000000-0000-0000-0000-000000000001,25aa2406-e171-b558-8249-7a525d126d8f,whatsapp,inbound,message,wamid.HBgMOTE4ODQ4MDM5MzY5FQIAEhggQUM3REE4MDJDN0Y3NEFCQjc1QUJEREUxQzhGOTMwQzYA,null,image,null,received,53fada23-0555-4e51-8334-23e89c6a1b4a,null,null,2026-06-08 06:38:43.885818+00,2026-06-08 06:38:43.885818+00
63bc12e2-0f3f-4e29-8b36-3f5180a03b1d,00000000-0000-0000-0000-000000000001,c09e703c-d287-38c8-d1c1-239145e17df9,whatsapp,inbound,message,wamid.HBgMOTE5ODk1NDM0MDkwFQIAEhgUM0FGOTBEMzE3NjI5MThFRkREOEYA,null,text,null,received,7c9779e2-4ac5-45ef-ab9e-fc0b61d7a925,null,null,2026-06-08 06:43:01.602463+00,2026-06-08 06:43:01.602463+00
105d6525-a31c-4c62-a9b6-528210fadac2,00000000-0000-0000-0000-000000000001,c09e703c-d287-38c8-d1c1-239145e17df9,whatsapp,inbound,message,wamid.HBgMOTE5ODk1NDM0MDkwFQIAEhgUM0FBNTFGMEFFRjhBNzdFMzI0NTEA,null,text,null,received,5b435954-58aa-4812-8678-6d327afa4e2b,null,null,2026-06-08 06:43:19.090799+00,2026-06-08 06:43:19.090799+00
36248850-6759-4791-b7c5-bc5793b28375,null,null,whatsapp,inbound,webhook_unparsed,unparsed-abc6427a-e4e8-4375-afbe-8851e469516e,null,unknown,null,received,b4e49147-5bb7-4be6-bf8b-0beda7187c96,null,payload_shape_not_recognized,2026-06-08 06:43:53.614407+00,2026-06-08 06:43:53.614407+00
4e1d3dd0-9094-4a99-9093-d73a4ddef5e5,00000000-0000-0000-0000-000000000001,c09e703c-d287-38c8-d1c1-239145e17df9,whatsapp,inbound,message,wamid.HBgMOTE5ODk1NDM0MDkwFQIAEhgUM0E0MTQ1Qzg0NTM5QUMxRTdGQjgA,null,text,null,received,e4186bdf-0771-4573-bb63-e4526b8a67fa,null,null,2026-06-08 06:45:50.653117+00,2026-06-08 06:45:50.653117+00
ffae78c9-19db-4f95-8a46-786d79ec7229,00000000-0000-0000-0000-000000000001,73715344-908a-b7fa-00cc-34358ffb16f0,whatsapp,inbound,message,wamid.HBgMOTE5ODEwMDMxNjI5FQIAEhgUM0E4NzA0Njk4N0ZCNUIxM0EyNDEA,null,text,null,received,5a3840dd-0c7d-4099-8c8e-dc96b48a10a4,null,null,2026-06-08 09:51:38.179182+00,2026-06-08 09:51:38.179182+00
ecc9d019-4eec-4bab-97f5-97792b9ff9a4,null,null,whatsapp,inbound,webhook_unparsed,unparsed-f01c8cd6-c73d-4394-a45c-41b9aa26b4bb,null,unknown,null,received,591812f5-f2ff-4125-be2d-86d4456849c1,null,payload_shape_not_recognized,2026-06-08 09:54:17.382173+00,2026-06-08 09:54:17.382173+00
b4ea6ac2-9279-471c-952a-52d6262259fd,00000000-0000-0000-0000-000000000001,73715344-908a-b7fa-00cc-34358ffb16f0,whatsapp,inbound,message,wamid.HBgMOTE5ODEwMDMxNjI5FQIAEhgUM0EzMjNBQzZBNjM4MjU3MTQzOEUA,null,text,null,received,bb8de23b-0b66-45e9-8e93-8210dec81137,null,null,2026-06-08 10:09:40.392954+00,2026-06-08 10:09:40.392954+00
eb11a9fd-f20b-4d91-9457-e2d0a35b1f3f,00000000-0000-0000-0000-000000000001,1932ea80-c6eb-874e-eca8-12410fa7a608,whatsapp,inbound,message,wamid.HBgMOTE5NjI5NDQ2ODY2FQIAEhggQUNFMTgyQTdFRTk2MkU1OEUyREFBRjNFREI4NzUzRjUA,null,image,null,received,683a32d0-9b41-47c8-816f-9669364941bf,null,null,2026-06-08 10:12:07.393357+00,2026-06-08 10:12:07.393357+00
a236cc22-a071-48df-9a6a-0e3384aa58a3,00000000-0000-0000-0000-000000000001,1932ea80-c6eb-874e-eca8-12410fa7a608,whatsapp,inbound,message,wamid.HBgMOTE5NjI5NDQ2ODY2FQIAEhggQUNFQzE3OUVGMEEzMTYyOTMxMEYyNjQyRkExOTM0RjkA,null,text,null,received,da829a6f-42c1-487a-977b-78c81bb17855,null,null,2026-06-08 10:12:15.164475+00,2026-06-08 10:12:15.164475+00
eea792dc-388f-4c17-971b-8617bb4597cc,00000000-0000-0000-0000-000000000001,1932ea80-c6eb-874e-eca8-12410fa7a608,whatsapp,inbound,message,wamid.HBgMOTE5NjI5NDQ2ODY2FQIAEhggQUM3ODgzNkU4MEVBQ0FGMEMwMDBBQjcxMjhFNzA2NTgA,null,image,null,received,7ca57ea9-8bb6-4835-90f1-6a478fec758c,null,null,2026-06-08 10:12:52.281798+00,2026-06-08 10:12:52.281798+00
d38d0ad3-54cb-4808-94e6-224e5e7bf1bc,00000000-0000-0000-0000-000000000001,6ea3368b-00ab-4626-a86f-7fcacb3e167e,whatsapp,inbound,message,wamid.HBgMOTE5ODYzNzAzMzEyFQIAEhggQUNCOUJEMkZGQzlFRTNBMzNDMDEzMThDRUY2REExM0MA,null,text,null,received,a48020eb-1b71-4043-afc3-73d4ec27c868,null,null,2026-06-08 10:31:48.699125+00,2026-06-08 10:31:48.699125+00
fe572903-1d0e-4211-8b26-e562f1789d7c,00000000-0000-0000-0000-000000000001,2bd67002-1f8f-faff-efc5-5063dbedf10f,whatsapp,inbound,message,wamid.HBgMOTE5NTgzMjgzMjk1FQIAEhgUM0EzRDlGMzhCRTNBMzEwNTFDREYA,null,text,null,received,81483e58-fdd1-4d9e-8a75-286ff2172300,null,null,2026-06-08 10:51:29.542562+00,2026-06-08 10:51:29.542562+00
bf9c9426-4271-4dc5-abe7-f0665c3e2939,null,null,whatsapp,inbound,webhook_unparsed,unparsed-b22da2d7-228e-49da-a855-1790d411716f,null,unknown,null,received,e2ed0a9e-e903-4ea2-87f7-3ebe1e83d412,null,payload_shape_not_recognized,2026-06-08 10:51:52.295932+00,2026-06-08 10:51:52.295932+00
360f4205-3217-49e7-8985-4374124191e8,00000000-0000-0000-0000-000000000001,d751c131-c1c9-4f5c-88f8-7e4c6cb710b3,whatsapp,inbound,message,wamid.HBgMOTE4ODQwMzY3MzIyFQIAEhgWM0VCMDc0OTU3NjMyMUM1MEIwOURFQgA=,null,text,null,received,1bbb60b4-b4dc-43ff-a955-a809a0d949de,null,null,2026-06-08 11:41:48.035404+00,2026-06-08 11:41:48.035404+00
baaa70cf-799e-48a4-8514-573ae450c7bd,00000000-0000-0000-0000-000000000001,d257c87f-0e42-048c-8409-362e925d86fc,whatsapp,inbound,message,wamid.HBgMOTE4NjU3NDI4MTI5FQIAEhgUM0E4QkE2NjdFM0E2Nzc1MzhDRjgA,null,text,null,received,1f1698db-a4e3-4650-a080-204f4378b813,null,null,2026-06-08 11:41:54.357499+00,2026-06-08 11:41:54.357499+00
42dc1c61-02c5-4749-9b31-34faf6bd509c,00000000-0000-0000-0000-000000000001,1a171004-7682-1c39-e6a2-758b668c33b0,whatsapp,inbound,message,wamid.HBgMOTE5MDY0MjEzODM0FQIAEhggQUM1ODBGNkI5MEE0QTIwRDVERTJGQzVENzlBRDE3QTYA,null,text,null,received,a3822d8a-a574-4a74-b115-90f34aa62392,null,null,2026-06-08 11:41:56.619287+00,2026-06-08 11:41:56.619287+00
ae72374c-8aa9-4c0e-8ced-d37c6a6a1ec7,00000000-0000-0000-0000-000000000001,d257c87f-0e42-048c-8409-362e925d86fc,whatsapp,inbound,message,wamid.HBgMOTE4NjU3NDI4MTI5FQIAEhgUM0E5NDFEMDA1MkI4QUUzNjAwQTYA,null,text,null,received,2a05c99a-ee49-4eba-8451-051abdd6c038,null,null,2026-06-08 11:41:57.491593+00,2026-06-08 11:41:57.491593+00
0490f78f-7a18-4173-a291-fe88c9193626,00000000-0000-0000-0000-000000000001,79d4d3fe-73c5-a965-030f-c60220ee20cb,whatsapp,inbound,message,wamid.HBgMOTE4NzAwMTI2MzkxFQIAEhgUM0E3Q0ZCRURGNjU3NkNBNkE1QzUA,null,image,null,received,0aac5f2c-afc0-4440-bde2-d11bb2718c65,null,null,2026-06-08 11:42:00.501728+00,2026-06-08 11:42:00.501728+00
36a36876-d588-4ec9-837c-ce6a30717867,00000000-0000-0000-0000-000000000001,257579ca-bef0-99b8-f916-e518891ffdab,whatsapp,inbound,message,wamid.HBgMOTE5NDAwMTI1NDAyFQIAEhgUM0EzNzBCQUQ4NUJDODgwMDc3OEQA,null,text,null,received,b3d6984a-9aea-4273-8150-dd110623da4c,null,null,2026-06-08 11:42:03.502142+00,2026-06-08 11:42:03.502142+00
6b4b2c07-3983-475e-83e8-75897ed09dba,00000000-0000-0000-0000-000000000001,73715344-908a-b7fa-00cc-34358ffb16f0,whatsapp,inbound,message,wamid.HBgMOTE5ODEwMDMxNjI5FQIAEhgUM0FCQzJCRkM4OTNDNkY1RDlGOTcA,null,text,null,received,eb65b35a-ff87-4fe2-b5c0-9e81c0cee13c,null,null,2026-06-08 11:42:04.800974+00,2026-06-08 11:42:04.800974+00
a117957a-a708-478f-a280-bc1c3fe080fa,00000000-0000-0000-0000-000000000001,18d86801-3cb7-11d4-8b9d-433429296014,whatsapp,inbound,message,wamid.HBgMOTE5NDg5NzcwNDM0FQIAEhgUM0EzRURGNTNGMTQ4QzdCNjVDRjUA,null,text,null,received,7a0546a8-dc23-4108-893c-93c7562c534a,null,null,2026-06-08 11:42:07.32747+00,2026-06-08 11:42:07.32747+00
cbeb7437-aa0c-48ff-90eb-2d12d1db2b79,00000000-0000-0000-0000-000000000001,b0348aa8-ad9f-d0dd-94e8-c71a6627c930,whatsapp,inbound,message,wamid.HBgMOTE5NjU5Mzc5NTE0FQIAEhgUM0E4OUE4QzNFNzdDQjhCOTQ2NDAA,null,image,null,received,2840779c-d414-45e7-ab77-a1ef8dbaa5fa,null,null,2026-06-08 11:42:12.57874+00,2026-06-08 11:42:12.57874+00
e2811fb1-674a-4d78-b2f7-e09dd8411f93,00000000-0000-0000-0000-000000000001,18d86801-3cb7-11d4-8b9d-433429296014,whatsapp,inbound,message,wamid.HBgMOTE5NDg5NzcwNDM0FQIAEhgUM0E0RkJBQjBCMTZBQzkwOEI2QjgA,null,text,null,received,b634b0dc-8330-414d-8d90-8998944e444a,null,null,2026-06-08 11:42:14.31417+00,2026-06-08 11:42:14.31417+00
66830752-4ffa-4f94-b998-6a87ebe6d00d,00000000-0000-0000-0000-000000000001,b6263381-5732-4544-952b-edde50fdfc28,whatsapp,inbound,message,wamid.HBgMOTE4ODUwMDU5NTY3FQIAEhgUM0FGRjU4MTI3MENBMzExNEU0QzQA,null,image,null,received,27902712-b967-4a90-ad79-36c9b94778b0,null,null,2026-06-08 11:42:15.290415+00,2026-06-08 11:42:15.290415+00
3d20ce36-e119-4b1d-b2ba-6009ba659472,00000000-0000-0000-0000-000000000001,bdcc24e3-6077-3ea9-b25e-2747d0f07be7,whatsapp,inbound,message,wamid.HBgMOTE4OTAwNTMxOTQ3FQIAEhggQUNBN0M5RkI4MzE3MDUwQ0I4N0YyRjBBOEQzMzE4MUEA,null,text,null,received,a6d44a90-e85c-43db-b2f0-35ff0dc70b5f,null,null,2026-06-08 11:42:16.039593+00,2026-06-08 11:42:16.039593+00
8bcc7220-f332-4ce1-a749-51def13171bd,00000000-0000-0000-0000-000000000001,073e4bd7-f1f1-49d3-604f-c365b9952a6c,whatsapp,inbound,message,wamid.HBgMOTE5MDgwMTU1ODI2FQIAEhggQUM2NTQyNDZDMjQ1MTJDQUUwMDY3QjM2MDgwODBCMEEA,null,text,null,received,5a8a54f5-e5a8-466a-92af-caa97fb72b76,null,null,2026-06-08 11:42:19.950516+00,2026-06-08 11:42:19.950516+00
d0376d2e-fbb6-48a8-b19e-f6d31f6da567,00000000-0000-0000-0000-000000000001,b0348aa8-ad9f-d0dd-94e8-c71a6627c930,whatsapp,inbound,message,wamid.HBgMOTE5NjU5Mzc5NTE0FQIAEhgUM0E2QUU4RUVEN0U1N0IwRDNGRkUA,null,text,null,received,a64ce179-8130-458d-aa4a-8d3b427e6afb,null,null,2026-06-08 11:42:21.215613+00,2026-06-08 11:42:21.215613+00
5d335c22-0570-46c2-aaba-5d62799563b3,00000000-0000-0000-0000-000000000001,b6263381-5732-4544-952b-edde50fdfc28,whatsapp,inbound,message,wamid.HBgMOTE4ODUwMDU5NTY3FQIAEhgUM0EzOUY5MDFFQzUxOEQ1QTI2REUA,null,text,null,received,b9747aa4-a1d7-40e9-b4ae-b4539ee4aa56,null,null,2026-06-08 11:42:21.271656+00,2026-06-08 11:42:21.271656+00
83d3511d-17e4-41c9-b4a7-eebbf83cec0e,00000000-0000-0000-0000-000000000001,18d86801-3cb7-11d4-8b9d-433429296014,whatsapp,inbound,message,wamid.HBgMOTE5NDg5NzcwNDM0FQIAEhgUM0E1NEY5MTRCMzIzQUMwMzc2NkIA,null,image,null,received,6fc2ea41-70ed-4c63-a2f9-778000254a33,null,null,2026-06-08 11:42:25.950937+00,2026-06-08 11:42:25.950937+00
a9df6287-c14c-44d9-9ca6-166380b41d1e,00000000-0000-0000-0000-000000000001,4f75b0ca-7bed-c37c-cfd4-1e361a1bb6d4,whatsapp,inbound,message,wamid.HBgMOTE4Mjk5MjYzNDE1FQIAEhgUNEEyRDJDMEIzODJCM0EzRTFERDQA,null,image,null,received,7c109260-a035-47a8-b875-b4036af77458,null,null,2026-06-08 11:42:31.564098+00,2026-06-08 11:42:31.564098+00
a1b87349-a12f-4ffc-a430-4bbb2a13f157,00000000-0000-0000-0000-000000000001,e99afa10-6249-3f5b-4364-da75f89e34f9,whatsapp,inbound,message,wamid.HBgMOTE4NzcwMDk3NDU5FQIAEhggQUMyNjdCNTQ4NzUzQkZDRjE0Q0UzMEFFMkUyQkRBQTAA,null,text,null,received,dde87717-d5ed-4efe-83a2-50d29b6bef11,null,null,2026-06-08 11:42:33.024842+00,2026-06-08 11:42:33.024842+00
7b115b12-4564-4b58-aee4-94125fe9919c,00000000-0000-0000-0000-000000000001,18d86801-3cb7-11d4-8b9d-433429296014,whatsapp,inbound,message,wamid.HBgMOTE5NDg5NzcwNDM0FQIAEhgUM0E0MENEODU1QjMzQzIwN0Q0MUUA,null,image,null,received,570cbf27-cdcf-43d6-8b2a-5eec923d8007,null,null,2026-06-08 11:42:40.801274+00,2026-06-08 11:42:40.801274+00
a924d164-9af3-44b1-aaf8-638eea0a4b10,00000000-0000-0000-0000-000000000001,f9eb9b23-5f60-4ec4-b990-8313323bb759,whatsapp,inbound,message,wamid.HBgMOTE5NzQ3MDM0NDcwFQIAEhgUNEE3MEYzQ0ZFQUQ4Q0E5REQ5OTMA,null,image,null,received,b45226ed-b14a-4c01-a9d6-6d0db42908b7,null,null,2026-06-08 11:42:43.693411+00,2026-06-08 11:42:43.693411+00
8de8d7ba-010f-495b-b925-23093797a4ab,00000000-0000-0000-0000-000000000001,73715344-908a-b7fa-00cc-34358ffb16f0,whatsapp,inbound,message,wamid.HBgMOTE5ODEwMDMxNjI5FQIAEhgUNEE3QkYyNDhCQzAzQzg5QjBDNjQA,null,image,null,received,7259ebb4-7b35-47cb-b47e-17c86cced407,null,null,2026-06-08 11:42:45.605251+00,2026-06-08 11:42:45.605251+00
1d21d296-4859-4cfa-9117-498a6a3abd09,00000000-0000-0000-0000-000000000001,ec6bd398-2413-2c67-18db-10bdd92ee4f9,whatsapp,inbound,message,wamid.HBgMOTE4ODI2MjMzNDU2FQIAEhggQUM0OEY0MkU3MTY4QjdGMTlDQjdEOEJEOTYxMEI3NjcA,null,text,null,received,ef065e50-fb75-4ed5-b1b2-516c5d41465b,null,null,2026-06-08 11:42:47.568311+00,2026-06-08 11:42:47.568311+00
b39145a4-fe27-4445-866c-3bbe41541799,00000000-0000-0000-0000-000000000001,8fd367e7-7404-4ef6-530b-a40219a48f1e,whatsapp,inbound,message,wamid.HBgMOTE4NTAwODQwMjc5FQIAEhgUM0FFRTIyMkQ5ODNDOTZBMEFEMjIA,null,text,null,received,876f9d43-c2a0-44bc-af4b-be86b3328e1d,null,null,2026-06-08 11:42:54.350764+00,2026-06-08 11:42:54.350764+00
77b097a4-fdc9-4fa0-b5ed-26d8efda4b8d,00000000-0000-0000-0000-000000000001,73715344-908a-b7fa-00cc-34358ffb16f0,whatsapp,inbound,message,wamid.HBgMOTE5ODEwMDMxNjI5FQIAEhgUM0FEODk0QzE5RkE2MEUwMUIxODAA,null,text,null,received,a664c3a5-f0c5-4fa2-b4cc-2e566b90d79d,null,null,2026-06-08 11:42:54.72213+00,2026-06-08 11:42:54.72213+00
448618ef-82f7-4b5f-8bac-f66504d81b5c,00000000-0000-0000-0000-000000000001,4f75b0ca-7bed-c37c-cfd4-1e361a1bb6d4,whatsapp,inbound,message,wamid.HBgMOTE4Mjk5MjYzNDE1FQIAEhgUM0E4QzczQ0I3MjRFRTJCMjZGREQA,null,text,null,received,6133d9d1-3ff6-475d-8f5e-c5cf4a5eff94,null,null,2026-06-08 11:42:56.36839+00,2026-06-08 11:42:56.36839+00
5d3852e6-db0d-48c2-bdc7-54575c8e2627,00000000-0000-0000-0000-000000000001,f9eb9b23-5f60-4ec4-b990-8313323bb759,whatsapp,inbound,message,wamid.HBgMOTE5NzQ3MDM0NDcwFQIAEhgUM0ExREJBMkUxQ0E2QTc5NDJENUEA,null,text,null,received,a6eba8a7-2414-431e-ac04-142eb55e1946,null,null,2026-06-08 11:42:58.902035+00,2026-06-08 11:42:58.902035+00
df3bb8d5-0761-4460-8ba7-504a4f81e886,00000000-0000-0000-0000-000000000001,bdcc24e3-6077-3ea9-b25e-2747d0f07be7,whatsapp,inbound,message,wamid.HBgMOTE4OTAwNTMxOTQ3FQIAEhggQUNCMDJCMUJCMzQ3RERGQ0I5QzdENEE1MDVFQkI3MEQA,null,image,null,received,8a9fa0d3-cc76-4f83-9f23-8cc9adf308cb,null,null,2026-06-08 11:43:01.835747+00,2026-06-08 11:43:01.835747+00
aa4cd18d-8aa1-426e-93e5-bbcd378169ef,00000000-0000-0000-0000-000000000001,f284b25b-d762-1399-a12e-ba7ffa6b6f97,whatsapp,inbound,message,wamid.HBgMOTE5NTY2ODgwNjcwFQIAEhgUNEExQTdFREEwNTE5MTRCNkZBQkQA,null,image,null,received,a89a8bc4-aad9-49b6-a694-e54a2832ada2,null,null,2026-06-08 11:43:02.689204+00,2026-06-08 11:43:02.689204+00
2204e9ff-ef3b-41f5-8a06-22968436b7ed,00000000-0000-0000-0000-000000000001,38069f8b-d44e-0b86-a0d1-dafac5ae1232,whatsapp,inbound,message,wamid.HBgMOTE5MTc2NTI2MTIxFQIAEhggQUNGMjhDRTMyNzAzMDYwMUNGMjI4QTJFRDY0OUVFRUYA,null,text,null,received,1b68ebe5-704c-4bd9-af33-1b41ef5139b6,null,null,2026-06-08 11:43:19.766042+00,2026-06-08 11:43:19.766042+00
51720802-8633-452f-94aa-8f1599a72254,00000000-0000-0000-0000-000000000001,11316c38-dc08-4983-3588-fcadd88bd5d2,whatsapp,inbound,message,wamid.HBgMOTE2Mzk1MzA1MDExFQIAEhggQUNERTFBMTdGRTgyQkM5OTUwQjQ4MEQ5NDY0RTAzQjMA,null,text,null,received,40249303-9630-43ed-b29f-bcb2f5347266,null,null,2026-06-08 11:43:46.03158+00,2026-06-08 11:43:46.03158+00
3ffdebb7-67a3-4c34-ad0a-be7f78e15db3,00000000-0000-0000-0000-000000000001,11316c38-dc08-4983-3588-fcadd88bd5d2,whatsapp,inbound,message,wamid.HBgMOTE2Mzk1MzA1MDExFQIAEhggQUNBMDVBNjMwNkY0Q0NEMEY2MUM5MTdFNEMyMkU0QTIA,null,image,null,received,3b2bffa0-fb9c-4635-948b-85c0f409b1ce,null,null,2026-06-08 11:43:46.598697+00,2026-06-08 11:43:46.598697+00
31f692ec-3907-49d3-8d66-c7888128a308,00000000-0000-0000-0000-000000000001,c02eb961-2471-c285-9c28-fb9a12aaf70a,whatsapp,inbound,message,wamid.HBgMOTE2MjgyMzAzNDI0FQIAEhggQUMyNEMyMUU3MjBEODNBRTlCODQxREI1NzBCRkYyM0QA,null,text,null,received,8684a340-e186-48c0-b53d-32379ba65c0e,null,null,2026-06-08 11:43:48.335335+00,2026-06-08 11:43:48.335335+00
90b674ae-040f-4bc0-a02f-c2237ac0991e,00000000-0000-0000-0000-000000000001,c0791d4c-9325-bf1b-30af-7af648c26338,whatsapp,inbound,message,wamid.HBgMOTE4OTMzODIyODQyFQIAEhggQUNDMkVDRkJENkYwOEQzN0FDNDFGQUUyMTI4MDdCQjcA,null,text,null,received,ec8f93aa-73f6-4277-9d52-af7506837460,null,null,2026-06-08 11:44:03.649213+00,2026-06-08 11:44:03.649213+00
58543658-9d51-439f-99b2-af8184af744a,00000000-0000-0000-0000-000000000001,93eb3d6a-d35b-ef1f-83b8-7430b6ad1674,whatsapp,inbound,message,wamid.HBgMOTE4NDE2OTI4MzU2FQIAEhggQUNGMDYxNzAxRkZFMjY2MDA1NDE2RkU0NUJFMEUwM0MA,null,text,null,received,e346b2f0-b56e-4ba7-bbdb-79276a74af20,null,null,2026-06-08 11:44:18.968621+00,2026-06-08 11:44:18.968621+00
110831f1-80a7-4b5b-9689-04df5d0a0982,00000000-0000-0000-0000-000000000001,bdcc24e3-6077-3ea9-b25e-2747d0f07be7,whatsapp,inbound,message,wamid.HBgMOTE4OTAwNTMxOTQ3FQIAEhggQUM0QjdBODEyQTg5RDdCOUM1MEM3MjEzMTRCM0UxNDcA,null,text,null,received,8496ace3-fa71-41c2-be3d-578c2fe66d5c,null,null,2026-06-08 11:44:22.0901+00,2026-06-08 11:44:22.0901+00
0a5037e4-20ed-468b-898d-cca023c93553,00000000-0000-0000-0000-000000000001,93eb3d6a-d35b-ef1f-83b8-7430b6ad1674,whatsapp,inbound,message,wamid.HBgMOTE4NDE2OTI4MzU2FQIAEhggQUMyM0Q1NjU5MDg1MzlGQTFENDA2QTE3RjBDNDcyMzMA,null,text,null,received,191bf34b-91eb-49d9-a90d-6ff6aa730dab,null,null,2026-06-08 11:44:34.743992+00,2026-06-08 11:44:34.743992+00
817b2267-92cb-4245-afb2-fc1b9bfd360d,00000000-0000-0000-0000-000000000001,e17238d1-34ce-0cbb-4dc0-f65e60ff52f7,whatsapp,inbound,message,wamid.HBgMOTE5NDgwNjY2OTk2FQIAEhgUM0E2MERBMjE0M0EwOEYwNEVEQkEA,null,text,null,received,c212ea1e-8fe0-4e67-a2db-9011cbe2ac59,null,null,2026-06-08 11:44:50.47884+00,2026-06-08 11:44:50.47884+00
8b7fa5aa-732b-4e38-b390-bddc8b868850,00000000-0000-0000-0000-000000000001,e17238d1-34ce-0cbb-4dc0-f65e60ff52f7,whatsapp,inbound,message,wamid.HBgMOTE5NDgwNjY2OTk2FQIAEhgUM0EwOEIzNUIxRDZBMEFFNDhCNUEA,null,text,null,received,2d14f552-bbc3-47ec-8554-4a2ce4b49d6c,null,null,2026-06-08 11:44:54.211042+00,2026-06-08 11:44:54.211042+00
94810e1a-7b7b-42e2-849c-568f7d72bbb3,null,null,whatsapp,inbound,webhook_unparsed,unparsed-07c71fa4-c30b-406c-9e66-6ec813434bd3,null,unknown,null,received,3af5eabe-f506-4b6e-8a17-eee97f3d7795,null,payload_shape_not_recognized,2026-06-08 11:44:56.926486+00,2026-06-08 11:44:56.926486+00
b3ebe2af-6d42-4c02-b65d-3dcf86eeb2fe,null,null,whatsapp,inbound,webhook_unparsed,unparsed-fde65771-d296-4412-b374-ab57c56ad30a,null,unknown,null,received,7c9d5504-8c9c-484e-9a37-82d54fdac5fa,null,payload_shape_not_recognized,2026-06-08 11:45:21.15399+00,2026-06-08 11:45:21.15399+00
45a82713-5e02-47cf-9806-0c28cfbc568e,00000000-0000-0000-0000-000000000001,d8c4b3c5-9b2a-4c6e-b1e8-0a98c9175234,whatsapp,inbound,message,wamid.HBgMOTE4NDM4NzEzNDAyFQIAEhgUM0E5NUI3QUU5MzAwQjQzMEFFRjUA,null,text,null,received,887fb171-1f56-47d6-86c8-88a440b92b9a,null,null,2026-06-08 11:45:31.779892+00,2026-06-08 11:45:31.779892+00
69c0c3ec-937b-48ee-a034-9eb66471505f,00000000-0000-0000-0000-000000000001,d8c4b3c5-9b2a-4c6e-b1e8-0a98c9175234,whatsapp,inbound,message,wamid.HBgMOTE4NDM4NzEzNDAyFQIAEhgUM0E1NjE0OEVFODBBRjJEM0Q2NzkA,null,text,null,received,1021ae4c-7a4a-46e7-9c2a-028bcda0e56b,null,null,2026-06-08 11:45:40.033754+00,2026-06-08 11:45:40.033754+00
e2edd903-0495-467f-ad48-328dd8552e76,00000000-0000-0000-0000-000000000001,d751c131-c1c9-4f5c-88f8-7e4c6cb710b3,whatsapp,inbound,message,wamid.HBgMOTE4ODQwMzY3MzIyFQIAEhgWM0VCMDU3RDIxQjkxQUUzMUU1QTM0MQA=,null,text,null,received,059a7a6c-f8ce-4afb-9481-cf454db46362,null,null,2026-06-08 11:45:40.460723+00,2026-06-08 11:45:40.460723+00
64fd5c34-63cf-4d92-8d5e-2f29d02550c8,00000000-0000-0000-0000-000000000001,122c395f-56fd-4482-fe33-7fa3c3cd30b5,whatsapp,inbound,message,wamid.HBgMOTE5ODkyODAxMDcwFQIAEhggQUM0NTFFNkQyMTA4OEM3NEIwNUNGMTMwNEY2RkIyRUQA,null,image,null,received,839a9419-4475-4ba6-9dad-5a9091b8a3fd,null,null,2026-06-08 11:45:51.507356+00,2026-06-08 11:45:51.507356+00
58dc2917-8f92-435d-8740-177c34eab6b3,null,null,whatsapp,inbound,webhook_unparsed,unparsed-3ba0be2c-01c0-4b79-8b25-1a3aab6034c7,null,unknown,null,received,70f82679-987a-4b16-aa00-c6b6f95cddcf,null,payload_shape_not_recognized,2026-06-08 11:45:52.740704+00,2026-06-08 11:45:52.740704+00
b91f45ad-72a7-4d57-9336-6786a115c121,00000000-0000-0000-0000-000000000001,3e50af3d-452f-d098-b3bc-3c2a64576d55,whatsapp,inbound,message,wamid.HBgMOTE4OTIxNTU0NTc1FQIAEhggQUM2RENDNEQ5M0M3NTE3N0Q0OTFGNTNCQURGQjM2NjkA,null,image,null,received,c4f47a95-dfad-458c-8a80-8bb72349843f,null,null,2026-06-08 11:45:56.156662+00,2026-06-08 11:45:56.156662+00
4e79c107-f64c-4543-8ee6-5c1f9749a234,00000000-0000-0000-0000-000000000001,c09e703c-d287-38c8-d1c1-239145e17df9,whatsapp,inbound,message,wamid.HBgMOTE5ODk1NDM0MDkwFQIAEhgUNEE5NDU1RDQzMDlENjdDRjVGOUQA,null,image,null,received,037bc552-c115-407f-ac72-b5ed9060513a,null,null,2026-06-08 11:46:23.879505+00,2026-06-08 11:46:23.879505+00
23577be1-5d3f-446b-824e-595d2e5086b2,00000000-0000-0000-0000-000000000001,55ca6f7c-112a-ec33-7c1c-987508bc9e41,whatsapp,inbound,message,wamid.HBgMOTE2MzgzMzM0NzE0FQIAEhggQUM4MERDRTMzNzI0MUU2RTY2RjNCQTVBMDcyODYyRjUA,null,image,null,received,ded78d72-0603-46e2-962c-c8cbc471bc51,null,null,2026-06-08 11:46:45.695887+00,2026-06-08 11:46:45.695887+00
45e871e7-ffcf-4001-b50b-85dc0dd3e2ba,00000000-0000-0000-0000-000000000001,122c395f-56fd-4482-fe33-7fa3c3cd30b5,whatsapp,inbound,message,wamid.HBgMOTE5ODkyODAxMDcwFQIAEhggQUNEMjNFMkYxMjRDNURDMDQ2QzQxMkFGRTU3MTc3MjEA,null,text,null,received,8631cc7f-2631-49b6-bde7-a9aa5df059ea,null,null,2026-06-08 11:46:57.825295+00,2026-06-08 11:46:57.825295+00
d5f400a3-d769-4f64-8ca4-811ac3a132f0,00000000-0000-0000-0000-000000000001,ba8dd5e0-ed0e-8b6a-7098-2732476feb31,whatsapp,inbound,message,wamid.HBgMOTE5MDAzNjI4OTYwFQIAEhgUM0EwM0VFOTg1QTVEMDM3MkQyQ0UA,null,text,null,received,a5484e92-78f8-40f6-bb45-255855845fe6,null,null,2026-06-08 11:47:10.365351+00,2026-06-08 11:47:10.365351+00
d46daae8-b1be-4cb2-9ed9-682f54ec1837,00000000-0000-0000-0000-000000000001,9e188cc2-9f75-4d15-8fa3-9348236cae71,whatsapp,inbound,message,wamid.HBgMOTE5OTkwMjkxNTMyFQIAEhggQUNFNEE0OTZBMkMzMkQ5MjMwNjM1MjBCREIyNDlDODUA,null,text,null,received,e57e452b-480e-4f50-97ba-1ccaeb868ceb,null,null,2026-06-08 11:49:38.524122+00,2026-06-08 11:49:38.524122+00
09847fb4-84d5-4ea4-8bac-086d77677efc,00000000-0000-0000-0000-000000000001,a6037691-771e-8146-3714-f9dedb8acbcc,whatsapp,inbound,message,wamid.HBgMOTE3NDIwOTE4NDcxFQIAEhgUM0ExN0JFREUxMjY5NjJEMTNGMzMA,null,text,null,received,db73cc83-1b24-4116-a985-e6c225c02f49,null,null,2026-06-08 11:50:32.651824+00,2026-06-08 11:50:32.651824+00
5aa51cb2-933a-42c9-810b-b96181a2c8db,00000000-0000-0000-0000-000000000001,f16a668c-ea8a-b26d-9dff-4da3c53fccc7,whatsapp,inbound,message,wamid.HBgMOTE5OTAxNzUzODM5FQIAEhgUMkE2RjBBQkYxQUYxOURDRUI3NUQA,null,text,null,received,a1f4f8c9-3341-45a9-aff0-5822b321dc5d,null,null,2026-06-08 11:50:56.988725+00,2026-06-08 11:50:56.988725+00
1712ad28-a855-488f-8dea-a3a8760ad70a,00000000-0000-0000-0000-000000000001,e17238d1-34ce-0cbb-4dc0-f65e60ff52f7,whatsapp,inbound,message,wamid.HBgMOTE5NDgwNjY2OTk2FQIAEhgUM0FBMTdBNkM1MzNCQzJFRTFCOUYA,null,text,null,received,0681f9f7-4de4-42e8-9a64-9cea0c80d748,null,null,2026-06-08 11:51:02.978314+00,2026-06-08 11:51:02.978314+00
de44c814-156e-4463-ad79-a4854077b846,00000000-0000-0000-0000-000000000001,73715344-908a-b7fa-00cc-34358ffb16f0,whatsapp,inbound,message,wamid.HBgMOTE5ODEwMDMxNjI5FQIAEhgUM0E2RkU1RTc2NDUwRUM0NUYwQzQA,null,text,null,received,efba824b-9493-478e-bfd7-88dc496c393a,null,null,2026-06-08 11:51:08.119369+00,2026-06-08 11:51:08.119369+00
bf0f5df5-10a2-4a3f-82f4-381ae881dff2,00000000-0000-0000-0000-000000000001,04ba1c6f-6c06-819d-9ecc-a0c5f795b922,whatsapp,inbound,message,wamid.HBgMOTE4MDcyNjg0NTc5FQIAEhgWM0VCMDU1RjM1RDA2MjRGMzM3MUY0OQA=,null,text,null,received,98d7c4fe-0b02-480f-8965-0494d295e75f,null,null,2026-06-08 11:51:09.164482+00,2026-06-08 11:51:09.164482+00
d78d42e6-4dfb-48bc-bb89-b4f52fbd2305,00000000-0000-0000-0000-000000000001,04ba1c6f-6c06-819d-9ecc-a0c5f795b922,whatsapp,inbound,message,wamid.HBgMOTE4MDcyNjg0NTc5FQIAEhgWM0VCMENFNEVGNDc3Q0FEQzk0MTE1RQA=,null,text,null,received,fa16900c-3f70-4456-ae2e-b0ffaaac9ca6,null,null,2026-06-08 11:51:13.164118+00,2026-06-08 11:51:13.164118+00
872985e8-ebb2-4621-8dcc-baa6f3f31ecb,00000000-0000-0000-0000-000000000001,e426d68a-16d2-9097-ff7d-ae2521fb52e5,whatsapp,inbound,message,wamid.HBgMOTE5MzQzOTk5NzQxFQIAEhgUM0FCNjNDNjE5MDNCM0VDNTM5RDQA,null,text,null,received,dbdd9e63-2d88-48a5-849a-1fab1d86a99a,null,null,2026-06-08 11:51:38.267257+00,2026-06-08 11:51:38.267257+00
a63e527b-1555-48c2-a61e-32e680ab9bc2,00000000-0000-0000-0000-000000000001,cd2c3f97-4df7-b32f-d0c0-12031beae516,whatsapp,inbound,message,wamid.HBgMOTE5Njg2NTY4OTk1FQIAEhggQUNERkEwQkVDMUQ1Qjc1RUM5MEJFOTAyMThGNTZFNTQA,null,text,null,received,bff19865-5087-4f55-b341-dcc796389d58,null,null,2026-06-08 11:51:44.317504+00,2026-06-08 11:51:44.317504+00
00ae77e9-3bf1-478c-8771-c4bfaabd44f8,00000000-0000-0000-0000-000000000001,011b7d1c-5697-5394-c05b-fa0473640657,whatsapp,inbound,message,wamid.HBgMOTE5NDg5MTE5Mjc1FQIAEhgWM0VCMDE2OTExQzY2NENDNTYxRjk1QwA=,null,image,null,received,adf8fa44-df89-4599-8e95-4d7492c56837,null,null,2026-06-08 11:51:48.980527+00,2026-06-08 11:51:48.980527+00
5c46a403-e512-479b-891e-268542e6c847,00000000-0000-0000-0000-000000000001,011b7d1c-5697-5394-c05b-fa0473640657,whatsapp,inbound,message,wamid.HBgMOTE5NDg5MTE5Mjc1FQIAEhgWM0VCMDBDQjQwMTk2RkJBNkM0MEVBOQA=,null,text,null,received,99a6b88a-3ae4-417f-bdba-a027d7523345,null,null,2026-06-08 11:52:19.992779+00,2026-06-08 11:52:19.992779+00
9552aed7-b434-4b07-9a9b-3456925dd2dc,00000000-0000-0000-0000-000000000001,1d4c0119-5151-7a5b-2266-f16e44f67157,whatsapp,inbound,message,wamid.HBgMOTE5MzE3MDEzMTk5FQIAEhggQUNDRjNCMjgyQUFFOUYxRDhGRjUzNzk3QUE1REI5QTcA,null,image,null,received,c1759884-387f-4e83-8760-d95379528770,null,null,2026-06-08 11:52:30.997085+00,2026-06-08 11:52:30.997085+00
d51f8c71-38f0-4fdc-b96f-45e521e69413,00000000-0000-0000-0000-000000000001,cd2c3f97-4df7-b32f-d0c0-12031beae516,whatsapp,inbound,message,wamid.HBgMOTE5Njg2NTY4OTk1FQIAEhggQUM0RjIzOTdBNURGQzk4QjQzQkEzRjQ3NkUwNzIxRDkA,null,text,null,received,8e3d3920-fc2d-4792-8de9-177d29918c27,null,null,2026-06-08 11:53:16.200822+00,2026-06-08 11:53:16.200822+00
cae08ad1-c3cf-440c-bdcb-71fe0d1a2f3f,00000000-0000-0000-0000-000000000001,cd2c3f97-4df7-b32f-d0c0-12031beae516,whatsapp,inbound,message,wamid.HBgMOTE5Njg2NTY4OTk1FQIAEhggQUM5QzI0QkM1MDAxMDFBRjFBQUIzQzQwMEQxMDg2N0MA,null,text,null,received,1c04465e-c687-400b-91ba-6acb864dae05,null,null,2026-06-08 11:54:10.50094+00,2026-06-08 11:54:10.50094+00
4d2fd75b-1b4e-4dc9-a635-c2e95779f4bf,00000000-0000-0000-0000-000000000001,2bd67002-1f8f-faff-efc5-5063dbedf10f,whatsapp,inbound,message,wamid.HBgMOTE5NTgzMjgzMjk1FQIAEhgUNEFGQzY4MkRENEJDREIzMkNCRDMA,null,image,null,received,373230c7-f4ec-4e49-80c0-027878c780c7,null,null,2026-06-08 11:54:41.32945+00,2026-06-08 11:54:41.32945+00
fff71c88-8aa9-49ff-a2de-d4434c01f51f,00000000-0000-0000-0000-000000000001,9653a402-ff75-bbdf-8cc6-1cb0ca01f233,whatsapp,inbound,message,wamid.HBgMOTE3Nzk5MDQ0MTMzFQIAEhgUM0FCOTQzQzFFNzg0M0IzN0M4N0EA,null,text,null,received,e16bff9d-6bc7-486c-85b1-29c5b55d5e7a,null,null,2026-06-08 11:54:58.845303+00,2026-06-08 11:54:58.845303+00
d0bf12a3-18dd-4604-874f-71a281a6c7f2,00000000-0000-0000-0000-000000000001,146a8458-f956-54ed-317f-b99f7d16fff8,whatsapp,inbound,message,wamid.HBgMOTE5NzE1NzQxNDU2FQIAEhggQUM0RDhGNENEN0U2RkRCOTMwRDlBQjI5RDM0REFFRTkA,null,image,null,received,76bb57cd-fa13-4be2-92ae-a7c0d6492f32,null,null,2026-06-08 12:01:03.066179+00,2026-06-08 12:01:03.066179+00
97056bfa-12e7-4b79-8e86-e2cebb1e5cf2,00000000-0000-0000-0000-000000000001,9653a402-ff75-bbdf-8cc6-1cb0ca01f233,whatsapp,inbound,message,wamid.HBgMOTE3Nzk5MDQ0MTMzFQIAEhgUM0E5RDU5QzUxRjI5NEFERjk1RDEA,null,text,null,received,94520773-73c6-4727-8f10-2ea5fcf4bb95,null,null,2026-06-08 12:01:06.747397+00,2026-06-08 12:01:06.747397+00
571b0afa-75cb-4c54-99ac-85a80a839b18,00000000-0000-0000-0000-000000000001,6ea3368b-00ab-4626-a86f-7fcacb3e167e,whatsapp,inbound,message,wamid.HBgMOTE5ODYzNzAzMzEyFQIAEhggQUM3RjhGRjNCOTNBNDA3NTEyNTZBRUExQjUxOEMxMjcA,null,text,null,received,6ae4daaf-0814-4a4a-adc6-5decb55fc270,null,null,2026-06-08 12:01:15.777869+00,2026-06-08 12:01:15.777869+00
570cc483-97bf-45e1-b2e4-49361c6246a7,00000000-0000-0000-0000-000000000001,f59fa4ad-6dca-c7e7-d459-5326609a6412,whatsapp,inbound,message,wamid.HBgMOTE5NzUwNzgzMTEyFQIAEhgUM0EwMzAyN0IzODFEQ0Y2NThFRjMA,null,text,null,received,91f6d664-975b-45ba-826a-cc3ff2d7f7d9,null,null,2026-06-08 12:01:16.265416+00,2026-06-08 12:01:16.265416+00
b74bdc88-319f-4d8c-83db-8f7e6a3f13db,00000000-0000-0000-0000-000000000001,31f3f7a3-5dc4-21cd-ba54-b41347a7822a,whatsapp,inbound,message,wamid.HBgMOTE3NjA0OTU3MjQ5FQIAEhggQUM0OTcyNzc5RjIyNDM0NDkzMTZBODI3NTk5ODFGQTkA,null,image,null,received,9a1081e5-7df8-42ea-a312-8b80fcbceb77,null,null,2026-06-08 12:01:17.487654+00,2026-06-08 12:01:17.487654+00
0db123c9-b42a-4071-bca0-4ea811141d5f,00000000-0000-0000-0000-000000000001,d751c131-c1c9-4f5c-88f8-7e4c6cb710b3,whatsapp,inbound,message,wamid.HBgMOTE4ODQwMzY3MzIyFQIAEhgWM0VCMEZCNUI2M0M4NTAzMkM2NDkyRQA=,null,text,null,received,83ae0782-64f6-4b42-a597-742d450bb6f7,null,null,2026-06-08 12:01:19.533114+00,2026-06-08 12:01:19.533114+00
b9f5919f-4c9e-44a4-97be-dd963d04e337,null,null,whatsapp,inbound,webhook_unparsed,unparsed-090683cf-8d0b-46ee-a0d2-6128b512cbcc,null,unknown,null,received,50005d33-f78f-455d-985b-4af046f33061,null,payload_shape_not_recognized,2026-06-08 12:01:25.570129+00,2026-06-08 12:01:25.570129+00
eebc67ad-8220-4ac9-b899-48254306e9d6,null,null,whatsapp,inbound,webhook_unparsed,unparsed-af8257b1-9c28-4dbd-bb4a-655d3b7c60f8,null,unknown,null,received,d6d463cf-e7c5-4487-bd44-57015cf6409f,null,payload_shape_not_recognized,2026-06-08 12:02:02.330301+00,2026-06-08 12:02:02.330301+00
224cf3f8-b111-4549-a645-f306cc451245,00000000-0000-0000-0000-000000000001,950dd22f-78fa-d205-48b3-fe5a5cc7438e,whatsapp,inbound,message,wamid.HBgMOTE5OTQ1NjY3MjcxFQIAEhggQUMwM0NFOENEQjRGNDVEOUIwNUYxQzVGQkEzQTMzREMA,null,image,null,received,4c8e1778-406a-494e-a359-779bdd874360,null,null,2026-06-08 12:02:16.575284+00,2026-06-08 12:02:16.575284+00
85833e0f-60d1-44a6-a8e0-c06fea485a04,00000000-0000-0000-0000-000000000001,2b785f57-1c4f-d4a8-d486-b69e7b2db5bc,whatsapp,inbound,message,wamid.HBgMOTE4NTI0MDc3OTk2FQIAEhggQUMzOTBBNDE5M0M1QzI1MDVBM0YzMjg2NzdCQjI0QjEA,null,text,null,received,4dab979f-7160-41c2-97e0-10ffb6f7c24e,null,null,2026-06-08 12:07:03.538752+00,2026-06-08 12:07:03.538752+00
f9a180ad-59a2-4e3d-9b84-c9f714ddeb2b,00000000-0000-0000-0000-000000000001,d2449d75-0593-4deb-a6c2-fae99fc83ab0,whatsapp,inbound,message,wamid.HBgMOTE4OTM5MTkzMjIxFQIAEhggQUM5OEE2QjdGNjRGOEQ0QUMwNTVBMzI5QzQ0ODQ4NzgA,null,text,null,received,c1135fc6-7cd4-45d7-b9bd-11e981a7ac62,null,null,2026-06-08 12:10:38.574518+00,2026-06-08 12:10:38.574518+00
363b6ab4-2af1-43f1-b1fa-4bae391e8dcc,00000000-0000-0000-0000-000000000001,c3c77367-5f51-f7a7-e667-0e3480f53751,whatsapp,inbound,message,wamid.HBgMOTE5MzAyMzQ4OTIxFQIAEhgUM0FFMzlDQUUwMTc2RkE5ODAzN0MA,null,text,null,received,f45e4b27-9870-4468-9953-5ea7eaf8fd0e,null,null,2026-06-08 12:14:06.328898+00,2026-06-08 12:14:06.328898+00
5c55e2d0-c1cf-4d2a-9901-16b70d2dd45d,00000000-0000-0000-0000-000000000001,be84008a-74d3-3cc1-6fd6-bcef998f7bff,whatsapp,inbound,message,wamid.HBgMOTE4NzU0NzA2NTIzFQIAEhgUNEEzQTBFQTIxNURGRkFFQ0JFNzQA,null,image,null,received,3f4c3369-851b-457e-b680-26f5f5ffd231,null,null,2026-06-08 12:17:51.265126+00,2026-06-08 12:17:51.265126+00
ee32463f-6b2c-47b3-aa91-09a02e256af5,00000000-0000-0000-0000-000000000001,87a1e515-e2e0-110f-05d1-04f5a83c066a,whatsapp,inbound,message,wamid.HBgMOTE5OTgxOTYzNjM2FQIAEhgUM0E3QkMwOUZGOUZFMTI3QUQ5NzAA,null,image,null,received,687fc8c2-e776-4fa5-ace4-2744c37136d6,null,null,2026-06-08 12:25:53.561599+00,2026-06-08 12:25:53.561599+00
8b22a8d1-ed7b-4730-b58d-a29f4917b72e,00000000-0000-0000-0000-000000000001,8fd367e7-7404-4ef6-530b-a40219a48f1e,whatsapp,inbound,message,wamid.HBgMOTE4NTAwODQwMjc5FQIAEhgUM0E0MTQyREVFQzgxMkM1MTk5MTMA,null,image,null,received,4af342c3-7a57-4037-ab47-d2fd55961b5f,null,null,2026-06-08 12:37:17.63659+00,2026-06-08 12:37:17.63659+00
fedbb971-29b4-42d5-b1ea-2a063d0c1c5b,00000000-0000-0000-0000-000000000001,8fd367e7-7404-4ef6-530b-a40219a48f1e,whatsapp,inbound,message,wamid.HBgMOTE4NTAwODQwMjc5FQIAEhgUM0ExNEI0MDIzMkMxRDI1REQ3RDgA,null,text,null,received,064dc525-7c33-4fd3-baca-d7c2a44e5b53,null,null,2026-06-08 12:37:23.28738+00,2026-06-08 12:37:23.28738+00
c576569c-7dd4-44c1-ac44-cd7f5c8930ac,00000000-0000-0000-0000-000000000001,00ff5468-3680-2a12-23e4-82855ab3c697,whatsapp,inbound,message,wamid.HBgMOTE3NjAzODQ4ODc0FQIAEhggQUNCRTkwQUE3QkUyOEMzMUI0Q0EzMTRGQTk5QjE4MjUA,null,text,null,received,ef37364f-f4ff-4eb1-b1d0-f6b52885b2b2,null,null,2026-06-08 12:42:02.495055+00,2026-06-08 12:42:02.495055+00
77c2a271-d1f9-4e16-b17f-51d926dce822,00000000-0000-0000-0000-000000000001,b19dfc6c-a5d5-734c-3d3d-6389c281b3bb,whatsapp,inbound,message,wamid.HBgMOTE3MDEyMjc0NzY0FQIAEhggQUNGNkQyNTY5QTU2M0EyQTAxODk3MTY5MjZCNzk3QTEA,null,text,null,received,6320e6ba-4ae5-4726-954d-2e6dac068a53,null,null,2026-06-08 12:45:16.753853+00,2026-06-08 12:45:16.753853+00
aed95f5f-a31b-4c01-8ada-153cce62ccba,00000000-0000-0000-0000-000000000001,791c16c3-5afa-4081-a47c-53439979e5b3,whatsapp,inbound,message,wamid.HBgMOTE5MDU4MzgxNDMwFQIAEhggQUMzQzlDMTkyMzEyQUJENUFFRENGQzBCQkFCQ0IyOUUA,null,text,null,received,4ad42b77-3255-4a6a-b976-64831fb813f8,null,null,2026-06-08 12:45:46.445574+00,2026-06-08 12:45:46.445574+00
49e8870f-0602-49de-9d45-c57f9904b8cb,00000000-0000-0000-0000-000000000001,21e237d1-286e-324e-0cef-45725d629768,whatsapp,inbound,message,wamid.HBgMOTE2Mzg1OTMyODI1FQIAEhggQUM2NzU3MDA0MjEzNjEyMTU3RTAyOTU5QTI0RjE0ODMA,null,text,null,received,07b9dd4e-f6d1-4813-be29-9659698ba5ad,null,null,2026-06-08 12:48:37.327364+00,2026-06-08 12:48:37.327364+00
ee6357fd-54ca-40b0-a96e-e7b16cc4ab9a,00000000-0000-0000-0000-000000000001,8b48adf3-c14a-fa6d-9785-b4bcb35f8fbb,whatsapp,inbound,message,wamid.HBgMOTE4OTI3MzI5NzIxFQIAEhggQUNGRkJFNjg4N0FCRDc1MDY3MUUwQUVCN0U1RkJGOTIA,null,image,null,received,c3a4404a-0238-41ce-88eb-fd35c7643511,null,null,2026-06-08 13:01:58.834727+00,2026-06-08 13:01:58.834727+00
7ab86e96-d316-40ac-a21e-7e401d13a336,00000000-0000-0000-0000-000000000001,8b48adf3-c14a-fa6d-9785-b4bcb35f8fbb,whatsapp,inbound,message,wamid.HBgMOTE4OTI3MzI5NzIxFQIAEhggQUM5MURFNUNBMzg2NTQ3RDJDNkE0RDlBMDVCOUEzNTkA,null,text,null,received,b099167f-599c-4ec5-a08d-38ab165da24d,null,null,2026-06-08 13:03:36.305589+00,2026-06-08 13:03:36.305589+00
556b2146-6ea3-473e-8b12-32c88319abfa,00000000-0000-0000-0000-000000000001,8b48adf3-c14a-fa6d-9785-b4bcb35f8fbb,whatsapp,inbound,message,wamid.HBgMOTE4OTI3MzI5NzIxFQIAEhggQUNEQjA4N0MwRjUxOEMxRkVENkVEMjRFREFGNkZDODkA,null,image,null,received,dd4c4a57-b75c-4357-8f5c-1257cc3c5e3d,null,null,2026-06-08 13:05:04.792989+00,2026-06-08 13:05:04.792989+00
3666bd8e-9b4a-47fb-8003-5e8a15f10308,00000000-0000-0000-0000-000000000001,4505ca5d-0961-03c9-5943-ffda2a5ae270,whatsapp,inbound,message,wamid.HBgMOTE5MDAzNTMzNzM2FQIAEhggQUMwOTdGRDE1MDdBMUFDQkRGQTg5NTYxNjY1RDZFRDYA,null,text,null,received,8c3734ed-d4a3-4c62-b693-fd0ae52f8113,null,null,2026-06-08 13:05:38.557452+00,2026-06-08 13:05:38.557452+00
ef0882d6-8431-4c32-a6f9-3d109c387e69,00000000-0000-0000-0000-000000000001,4505ca5d-0961-03c9-5943-ffda2a5ae270,whatsapp,inbound,message,wamid.HBgMOTE5MDAzNTMzNzM2FQIAEhggQUM2QUExRTgwRDM4NDVFMzdDQUI4RTE5QTZEQTk4RUEA,null,text,null,received,d046db0e-ed15-4f55-997a-742d62472b77,null,null,2026-06-08 13:05:49.819941+00,2026-06-08 13:05:49.819941+00
666eb358-9aae-4683-8170-32ef28d971d4,00000000-0000-0000-0000-000000000001,b2f85d5d-acf9-7c53-dc5b-0d3b67b462c5,whatsapp,inbound,message,wamid.HBgMOTE3MDQyMTI0ODY1FQIAEhggQUM5MDFENDY2REY0NjEyNkJCNjNGNzY4NDIxQTJFQjUA,null,image,null,received,df50da2a-6d40-4f21-8827-e36b1fc8a1d3,null,null,2026-06-08 13:50:47.035234+00,2026-06-08 13:50:47.035234+00
7e5b09fc-22c2-424e-82a3-4e87079525b5,00000000-0000-0000-0000-000000000001,f70ae790-e17b-aca8-a21a-82ddd895450b,whatsapp,inbound,message,wamid.HBgMOTE5NDk2NzEzNTMyFQIAEhgUM0FBODhCM0RGODQxMEUxOUQ5RDgA,null,text,null,received,0c1d0a04-0a03-437e-9f36-ad05e19a3b50,null,null,2026-06-08 14:11:22.060085+00,2026-06-08 14:11:22.060085+00
35134308-561a-4ba3-bbcd-1a26bbc2c523,00000000-0000-0000-0000-000000000001,9653a402-ff75-bbdf-8cc6-1cb0ca01f233,whatsapp,inbound,message,wamid.HBgMOTE3Nzk5MDQ0MTMzFQIAEhgUNEE0MDNEODc5MTlBM0ZBRjZCNkMA,null,image,null,received,13640f7e-01fc-4eaa-82c4-f4951c49eee1,null,null,2026-06-08 14:38:18.34375+00,2026-06-08 14:38:18.34375+00
7158f3cb-57b9-4894-8103-a0b17a39f941,00000000-0000-0000-0000-000000000001,9653a402-ff75-bbdf-8cc6-1cb0ca01f233,whatsapp,inbound,message,wamid.HBgMOTE3Nzk5MDQ0MTMzFQIAEhgUM0EwQTBGM0ExMTc5MzkyOUM5NDMA,null,text,null,received,026a592a-8f01-4c6e-8b30-c90529b6bd84,null,null,2026-06-08 14:38:39.557879+00,2026-06-08 14:38:39.557879+00
220f5fad-d08a-43f7-8719-06257bd4824c,00000000-0000-0000-0000-000000000001,83af11b3-a274-7404-3265-ec658f74f8cf,whatsapp,inbound,message,wamid.HBgMOTE3MzAzNzQ2MTQ0FQIAEhggQUMzREQ0NDBGNkNDRTUxODgzREE0MkMzM0FGNjYxQkYA,null,image,null,received,a552adf5-89d7-43f4-b0b9-92a7540adff3,null,null,2026-06-08 17:39:53.537491+00,2026-06-08 17:39:53.537491+00
4200a96e-1c02-4356-801a-fb6e1100d518,00000000-0000-0000-0000-000000000001,9653a402-ff75-bbdf-8cc6-1cb0ca01f233,whatsapp,inbound,message,wamid.HBgMOTE3Nzk5MDQ0MTMzFQIAEhgUM0E4NzFFNDhDQkY0N0Q3NThDREUA,null,text,null,received,89771364-4b27-4f6c-b5a9-3b6654170e6d,null,null,2026-06-08 18:01:56.803233+00,2026-06-08 18:01:56.803233+00
ef984d54-dd79-44c8-bd0c-eb7001b77b9c,00000000-0000-0000-0000-000000000001,18788fe2-f6a2-826e-2199-6cec118c6d00,whatsapp,inbound,message,wamid.HBgMOTE5Njk4OTg5MTc1FQIAEhgUM0EwMjNERDBFOEQwMUMwMDhGRTMA,null,image,null,received,69017b55-7bf9-4cbd-aff7-78a39d33db12,null,null,2026-06-08 18:46:07.031696+00,2026-06-08 18:46:07.031696+00
6d880ef6-3b57-40ca-b874-7a66334cc3de,00000000-0000-0000-0000-000000000001,df5ea39c-c069-5211-271d-f0d3831adefa,whatsapp,inbound,message,wamid.HBgMOTE5OTkwMDQzMTc0FQIAEhggQUM2NDdCMEEwNkNFNEY0MDA1NTNERUE0NkYzMkQ3ODIA,null,image,null,received,bc9bd56b-c469-442d-9b0e-74302abaf42d,null,null,2026-06-08 20:06:09.533209+00,2026-06-08 20:06:09.533209+00
ea91125a-e527-4bf4-a539-3fc6c433640f,00000000-0000-0000-0000-000000000001,df5ea39c-c069-5211-271d-f0d3831adefa,whatsapp,inbound,message,wamid.HBgMOTE5OTkwMDQzMTc0FQIAEhggQUNCMDY4NUNCNzAzOEUyRjA3MUFFNkVGNDI3NkU0RUYA,null,text,null,received,3c5596b2-a3bf-4497-a3ac-4a0a67cec555,null,null,2026-06-08 20:06:21.514356+00,2026-06-08 20:06:21.514356+00
bac47cef-a416-4c02-8a83-cf1511b8296b,00000000-0000-0000-0000-000000000001,18788fe2-f6a2-826e-2199-6cec118c6d00,whatsapp,inbound,message,wamid.HBgMOTE5Njk4OTg5MTc1FQIAEhgUM0FERjk3QTI4NEE1ODkyMDQ3MDQA,null,image,null,received,f16f09bd-72d4-4bfd-9c2c-e2ab10767ad2,null,null,2026-06-09 00:26:07.011097+00,2026-06-09 00:26:07.011097+00
02337620-1805-4ae5-ac95-a76c699242ab,00000000-0000-0000-0000-000000000001,18788fe2-f6a2-826e-2199-6cec118c6d00,whatsapp,inbound,message,wamid.HBgMOTE5Njk4OTg5MTc1FQIAEhgUM0E5MUJBMTBFMjNGNEZFMTZDNTMA,null,text,null,received,9bff77b8-b8ff-4a06-b740-45d0d7b52be1,null,null,2026-06-09 00:26:23.267562+00,2026-06-09 00:26:23.267562+00
76e6e2c3-3a3a-4a2c-b982-f2f5c5577109,null,null,whatsapp,inbound,message,wamid.HBgMOTE2MzY0OTIyMTk0FQIAEhgSOURCNkNGNzI1MEQ4ODg2OTMxAA==,null,text,null,received,55ab9de2-0186-43fd-be68-a6f9ff878da4,null,null,2026-06-09 02:44:44.399759+00,2026-06-09 02:44:44.399759+00
b334f906-51fa-4444-8b43-1e8ed3abf89a,null,null,whatsapp,inbound,message,wamid.HBgMOTE2MzY0OTIyMTk0FQIAEhgSQjNBRTI2RkNCOTQ2MTg4RkFDAA==,null,text,null,received,d5a7004e-7f2f-44d4-b458-2b4529339ed4,null,null,2026-06-09 02:44:50.021704+00,2026-06-09 02:44:50.021704+00
baaaea86-9331-4420-af1e-5b8ad8af13ef,00000000-0000-0000-0000-000000000001,edee54e5-b970-ea10-551f-b156c26d8f0a,whatsapp,inbound,message,wamid.HBgMOTE4MDA4MzE4MTYyFQIAEhggQUMxRjdBQzY5OEY0REFCOUE0NDcyOUMwM0ZBQTgyODEA,null,text,null,received,2c806264-5b56-4a0a-945e-a95aea1f1e74,null,null,2026-06-09 03:50:58.87987+00,2026-06-09 03:50:58.87987+00
ded78153-0377-403a-8d70-d6e6572b6b03,00000000-0000-0000-0000-000000000001,3d18aa61-88d3-4390-b5d3-db4cb2e31e11,whatsapp,inbound,message,wamid.HBgMOTE5MTIzNTk1NzI3FQIAEhgUM0FCRDc2MzgzODNENzM0MDcyNzAA,null,image,null,received,540921ca-f907-40de-b32b-dd82002f437f,null,null,2026-06-09 06:09:52.391753+00,2026-06-09 06:09:52.391753+00
3e6f1783-f51d-4abe-b6dd-a6540b72fc51,00000000-0000-0000-0000-000000000001,3d18aa61-88d3-4390-b5d3-db4cb2e31e11,whatsapp,inbound,message,wamid.HBgMOTE5MTIzNTk1NzI3FQIAEhgUM0FEOUIzODBERDAxQTBDMjlCM0IA,null,text,null,received,707c8054-7994-40f6-99dd-77dee1465a3b,null,null,2026-06-09 06:12:52.531788+00,2026-06-09 06:12:52.531788+00
3a30d529-b0df-455b-b726-4e1a0c54cb8c,00000000-0000-0000-0000-000000000001,3d18aa61-88d3-4390-b5d3-db4cb2e31e11,whatsapp,inbound,message,wamid.HBgMOTE5MTIzNTk1NzI3FQIAEhgUM0EwMEYwMjRENzIwRDgxODc2NTYA,null,text,null,received,30721277-7dcd-490a-8af4-ebfdef25dc9b,null,null,2026-06-09 06:14:30.950075+00,2026-06-09 06:14:30.950075+00
e9ecb403-6163-4b47-a446-18cf7856fd89,00000000-0000-0000-0000-000000000001,c675e97a-0958-0695-90b3-49311eec8fd7,whatsapp,inbound,message,wamid.HBgMOTE4MDAzMzc0NDAyFQIAEhgUNEE5QjJGNzhBQzA4ODIxRTNDRTUA,null,image,null,received,4771f775-3c1e-464d-a965-afa38e41672e,null,null,2026-06-09 07:41:39.382571+00,2026-06-09 07:41:39.382571+00
23ca1d5a-39ab-4263-a2c4-3d5de55ee8b4,00000000-0000-0000-0000-000000000001,c675e97a-0958-0695-90b3-49311eec8fd7,whatsapp,inbound,message,wamid.HBgMOTE4MDAzMzc0NDAyFQIAEhgUM0FEOUMzMjc1MDVGOUY3MjIyNUEA,null,text,null,received,03dde90a-5476-4890-a5d8-76dd44cec08c,null,null,2026-06-09 07:42:04.69413+00,2026-06-09 07:42:04.69413+00
c2084040-b98a-44ab-b072-73cf08e4068b,00000000-0000-0000-0000-000000000001,c675e97a-0958-0695-90b3-49311eec8fd7,whatsapp,inbound,message,wamid.HBgMOTE4MDAzMzc0NDAyFQIAEhgUNEEyNjQ5M0QzNjlGNzgxM0VERjAA,null,image,null,received,49747c92-f711-4dc4-b62e-4a1c22fd1a37,null,null,2026-06-09 07:43:04.124549+00,2026-06-09 07:43:04.124549+00
5b50fca8-21c2-43be-bfcf-ff58b63db01e,00000000-0000-0000-0000-000000000001,83af11b3-a274-7404-3265-ec658f74f8cf,whatsapp,inbound,message,wamid.HBgMOTE3MzAzNzQ2MTQ0FQIAEhggQUM2NDNGN0Y0QkU0QzREMDkzNENENTRCNjJBRjhENjMA,null,text,null,received,b4b10150-14a9-48c0-8ca7-0477172f1da4,null,null,2026-06-09 09:35:13.64638+00,2026-06-09 09:35:13.64638+00
66ffc953-a310-4aaa-a2a0-638ec99511e6,00000000-0000-0000-0000-000000000001,83af11b3-a274-7404-3265-ec658f74f8cf,whatsapp,inbound,message,wamid.HBgMOTE3MzAzNzQ2MTQ0FQIAEhggQUMwQzQzMTVGMjQ1RDQwQkQwNTJGNEM1MEM4M0ZFNUMA,null,text,null,received,82b9816e-f9bd-4145-8639-47833b26d963,null,null,2026-06-09 09:35:17.466879+00,2026-06-09 09:35:17.466879+00
f5aae50f-8bfe-4423-bc1c-d39876afeb43,00000000-0000-0000-0000-000000000001,3d18aa61-88d3-4390-b5d3-db4cb2e31e11,whatsapp,inbound,message,wamid.HBgMOTE5MTIzNTk1NzI3FQIAEhgUM0E1ODVCNjMyNkZENjJERjcyMEUA,null,text,null,received,93948d3e-1c2e-4c43-b840-8271490b2658,null,null,2026-06-09 11:46:38.518583+00,2026-06-09 11:46:38.518583+00
b39adcfe-d0b9-4f5c-92b0-3ec4b3c6e970,null,null,whatsapp,inbound,webhook_unparsed,unparsed-09e2d4a9-a137-4464-a03b-ffa42282b083,null,unknown,null,received,f12b8c5e-6131-459a-9bcd-b1515f0c23fc,null,payload_shape_not_recognized,2026-06-09 12:25:01.506908+00,2026-06-09 12:25:01.506908+00
726b4fde-da37-458d-8b15-4fe7919ad992,null,null,whatsapp,inbound,webhook_unparsed,unparsed-bad21a9d-ccf5-499f-94fb-d29980ddedd5,null,unknown,null,received,fe6a8ff7-d148-47a5-93fb-cd9def9c43be,null,payload_shape_not_recognized,2026-06-09 12:26:57.912304+00,2026-06-09 12:26:57.912304+00
742967b0-b889-4f48-a809-972d9cef2cc5,00000000-0000-0000-0000-000000000001,18788fe2-f6a2-826e-2199-6cec118c6d00,whatsapp,inbound,message,wamid.HBgMOTE5Njk4OTg5MTc1FQIAEhgUM0EyMTNFQ0NEOEYyNjU0RDg3RDQA,null,text,null,received,aa81d976-b70d-4504-a2e7-e522b8fd92b9,null,null,2026-06-09 13:50:27.985033+00,2026-06-09 13:50:27.985033+00
b707164b-5be3-4ace-926c-d011cec4264e,00000000-0000-0000-0000-000000000001,3b27dc97-dafa-0480-7b61-5549a3ea7eee,whatsapp,inbound,message,wamid.HBgMOTE5NTI2NTE3NzA5FQIAEhggQUM3RTUyNDgzQkY5MUQxRjFGMDM0M0VEQ0UwMDFBMzIA,null,text,null,received,f24b4b51-7108-4afc-b910-4f901a790b47,null,null,2026-06-09 14:10:35.589304+00,2026-06-09 14:10:35.589304+00
6174cbdb-0774-434c-902f-0e9217318a25,00000000-0000-0000-0000-000000000001,3b27dc97-dafa-0480-7b61-5549a3ea7eee,whatsapp,inbound,message,wamid.HBgMOTE5NTI2NTE3NzA5FQIAEhggQUMzOTcxMjA4MzNDREM3NTA5ODM1QUVGMTc3QTA0ODYA,null,image,null,received,350571c6-dd05-4dc0-bc6f-7319169b4ec1,null,null,2026-06-09 14:10:37.980322+00,2026-06-09 14:10:37.980322+00
d0742db7-6585-4d50-a70c-d760b1ae1a9f,00000000-0000-0000-0000-000000000001,51c3d3a9-bfa0-4a8e-a687-3ef46bc022cc,whatsapp,inbound,message,wamid.HBgMOTE3MDI1NTY3MDAwFQIAEhgUM0E2RTQ1QkYwN0M3OEQ0NTJDOUEA,null,text,null,received,c3e7821e-45cd-4101-94ab-7c542fccb286,null,null,2026-06-09 14:52:55.186569+00,2026-06-09 14:52:55.186569+00
7aa45f95-2330-4483-b61c-e6bb3ed40c26,00000000-0000-0000-0000-000000000001,bdcc24e3-6077-3ea9-b25e-2747d0f07be7,whatsapp,inbound,message,wamid.HBgMOTE4OTAwNTMxOTQ3FQIAEhggQUNEQjE1QUFGNThBOTY4N0M5RjYyNjE4MEVERTI4OEIA,null,text,null,received,d87b250c-e691-46db-b3ce-4fedc22c1f9e,null,null,2026-06-09 18:05:10.866162+00,2026-06-09 18:05:10.866162+00
b338784a-33a5-4be9-81d1-bbfe644ccfa6,00000000-0000-0000-0000-000000000001,a467df39-5ec5-465e-a471-e2b54be7bc71,whatsapp,inbound,message,wamid.HBgMOTE4MjgxODk3Mjc1FQIAEhgUM0E2MjM1MEM0QTFDRTJDQkNDMDgA,null,text,null,received,5362ac36-968e-49a9-bae3-a450bcce7da4,null,null,2026-06-09 19:25:25.814876+00,2026-06-09 19:25:25.814876+00
5f659d39-a081-4949-8c29-fa3d3e8b5038,00000000-0000-0000-0000-000000000001,a467df39-5ec5-465e-a471-e2b54be7bc71,whatsapp,inbound,message,wamid.HBgMOTE4MjgxODk3Mjc1FQIAEhgUM0FBQzU1MzVDQjkxRkFCMzJGMzMA,null,image,null,received,067db4dd-3e00-4945-a2c5-07dae3d1cddb,null,null,2026-06-09 19:25:28.233813+00,2026-06-09 19:25:28.233813+00
a2c58be5-b222-4b99-9c01-b54e3660b35d,00000000-0000-0000-0000-000000000001,a467df39-5ec5-465e-a471-e2b54be7bc71,whatsapp,inbound,message,wamid.HBgMOTE4MjgxODk3Mjc1FQIAEhgUM0FCNTNERTA2MzRGRjlEMkNBNTgA,null,image,null,received,f93fbec9-c416-49db-87c2-468a8dd7f286,null,null,2026-06-09 19:25:30.289775+00,2026-06-09 19:25:30.289775+00
b8680f3a-1dd7-47d4-8060-cb0f92784013,00000000-0000-0000-0000-000000000001,a467df39-5ec5-465e-a471-e2b54be7bc71,whatsapp,inbound,message,wamid.HBgMOTE4MjgxODk3Mjc1FQIAEhgUM0E4M0I3OTMxOUM4Qzc4RkY4MzIA,null,text,null,received,22d67f10-723a-431f-94f2-95a7ad526626,null,null,2026-06-09 19:56:28.457747+00,2026-06-09 19:56:28.457747+00
9649344e-75a3-4f8e-84cc-b7a9c63fa60e,00000000-0000-0000-0000-000000000001,a467df39-5ec5-465e-a471-e2b54be7bc71,whatsapp,inbound,message,wamid.HBgMOTE4MjgxODk3Mjc1FQIAEhgUM0EwODU1QkI0N0E3NDcyMjIyNTUA,null,text,null,received,f22cac60-c91c-40ee-b5f5-87ddf312fdba,null,null,2026-06-09 19:56:28.477556+00,2026-06-09 19:56:28.477556+00
ab19e37e-c19e-433d-8ab0-fe3cd5a74b48,00000000-0000-0000-0000-000000000001,a467df39-5ec5-465e-a471-e2b54be7bc71,whatsapp,inbound,message,wamid.HBgMOTE4MjgxODk3Mjc1FQIAEhgUM0E5QkVCNzhFNjlERDIzNTZFN0UA,null,text,null,received,089e5b12-f68d-4f5c-9c4d-d1892f70136f,null,null,2026-06-09 19:56:28.994137+00,2026-06-09 19:56:28.994137+00
d5c3266d-847f-4455-a596-75afa044729d,00000000-0000-0000-0000-000000000001,a467df39-5ec5-465e-a471-e2b54be7bc71,whatsapp,inbound,message,wamid.HBgMOTE4MjgxODk3Mjc1FQIAEhgUM0FERUQ2NTI5NkUwOEFFMDhDN0EA,null,text,null,received,befeff40-277f-48f8-8124-0d4c703f9174,null,null,2026-06-09 20:03:50.442713+00,2026-06-09 20:03:50.442713+00
850b599e-d380-4703-bb71-6a727920c41a,00000000-0000-0000-0000-000000000001,a467df39-5ec5-465e-a471-e2b54be7bc71,whatsapp,inbound,message,wamid.HBgMOTE4MjgxODk3Mjc1FQIAEhgUM0E3MkMyOTk1RThERjk2MEZCMDIA,null,text,null,received,ef8e04f0-414f-41f5-ad45-f524d4c0b202,null,null,2026-06-09 20:04:22.960059+00,2026-06-09 20:04:22.960059+00
5f3836f1-4e59-46bb-9574-0fc7b57cb29d,00000000-0000-0000-0000-000000000001,a467df39-5ec5-465e-a471-e2b54be7bc71,whatsapp,inbound,message,wamid.HBgMOTE4MjgxODk3Mjc1FQIAEhgUM0E1OTA3RDUwODZEN0U3ODYyMzUA,null,text,null,received,e59b3e99-f11c-44f2-b35c-8ef3fb18bb02,null,null,2026-06-09 20:04:29.549397+00,2026-06-09 20:04:29.549397+00
d387b2a6-7f16-4872-823e-78b59e9c2d54,00000000-0000-0000-0000-000000000001,a467df39-5ec5-465e-a471-e2b54be7bc71,whatsapp,inbound,message,wamid.HBgMOTE4MjgxODk3Mjc1FQIAEhgUM0FBMUYzNEVERDJCMUY1QzkzMTIA,null,text,null,received,89c30df0-6fc2-42f9-9aab-09a8226c66d0,null,null,2026-06-09 20:04:32.0168+00,2026-06-09 20:04:32.0168+00
31e8ee30-0d35-4fb1-aa2c-235ca0eda742,00000000-0000-0000-0000-000000000001,a467df39-5ec5-465e-a471-e2b54be7bc71,whatsapp,inbound,message,wamid.HBgMOTE4MjgxODk3Mjc1FQIAEhgUM0EzMThDMDlEOTc2NkEyRTkyQUUA,null,text,null,received,e6b2a8cf-5d3c-4542-b221-32e085707654,null,null,2026-06-09 20:04:43.316822+00,2026-06-09 20:04:43.316822+00
021e65b6-900e-48e5-84fb-26a473caf2b1,00000000-0000-0000-0000-000000000001,c0791d4c-9325-bf1b-30af-7af648c26338,whatsapp,inbound,message,wamid.HBgMOTE4OTMzODIyODQyFQIAEhggQUMyOEI0MkM0RjM4NUIyQTNFNkE3NUE2Mjk2MDBFMkYA,null,text,null,received,193bbf83-aecc-4852-8020-884acc23bb52,null,null,2026-06-10 04:25:16.122436+00,2026-06-10 04:25:16.122436+00
ccf8af17-9886-417c-af7a-6ebc576126b2,00000000-0000-0000-0000-000000000001,c0791d4c-9325-bf1b-30af-7af648c26338,whatsapp,inbound,message,wamid.HBgMOTE4OTMzODIyODQyFQIAEhggQUM3Rjc2ODgwNERGOUE2NzUzNTRGNEQ4MkU4RDQ1OEQA,null,image,null,received,a9b381ce-489b-4942-95c4-6d826117a0e2,null,null,2026-06-10 04:25:17.991585+00,2026-06-10 04:25:17.991585+00
0721051f-73c2-47c3-a1f5-9b62da48f96b,00000000-0000-0000-0000-000000000001,c0791d4c-9325-bf1b-30af-7af648c26338,whatsapp,inbound,message,wamid.HBgMOTE4OTMzODIyODQyFQIAEhggQUM1RkZCQjEwQTgwRUJBNEQwN0EyQzc4MEIwOUJFOEEA,null,text,null,received,033cc5ca-0091-4af6-bb1a-eb6376a9d361,null,null,2026-06-10 04:25:20.433091+00,2026-06-10 04:25:20.433091+00
34e83119-0132-4288-80f6-976476dbbaae,null,null,whatsapp,inbound,webhook_unparsed,unparsed-87348f28-d64d-4b9e-9f32-d3ff63cd12bc,null,unknown,null,received,191bfe21-80a8-455d-b131-2c9be7dac94d,null,payload_shape_not_recognized,2026-06-10 06:54:21.266441+00,2026-06-10 06:54:21.266441+00
656d0a82-93cb-4f6c-a2c8-3f61d848070c,null,null,whatsapp,inbound,webhook_unparsed,unparsed-1f0d7b3c-0f7c-4d1c-9689-93ee5b1d2353,null,unknown,null,received,49a7e1fb-53bb-42d7-8867-d368025f9616,null,payload_shape_not_recognized,2026-06-10 06:55:06.677347+00,2026-06-10 06:55:06.677347+00
ef45c41a-6b60-4c67-b111-567f027c5528,00000000-0000-0000-0000-000000000001,null,whatsapp,inbound,message,wamid.HBgMOTE2MzgzMjM5NDU0FQIAEhggQUMxMEQyNjI5MDBCMTYyMDQ1NTZBMkFGRDk5NTgyNkQA,null,image,null,failed,96feb9ff-f4de-448f-864a-93cc58edb93b,2026-06-10 06:55:36.115+00,"Vertex generateContent 400: {
  ""error"": {
    ""code"": 400,
    ""message"": ""Request contains an invalid argument."",
    ""status"": ""INVALID_ARGUMENT""
  }
}
",2026-06-10 06:55:34.709169+00,2026-06-10 06:55:34.709169+00
5daabcaa-222f-42c5-9f28-eedc822337e8,00000000-0000-0000-0000-000000000001,null,whatsapp,inbound,message,wamid.HBgMOTE2MzgzMjM5NDU0FQIAEhggQUMxQUFBODExNzg5QkJEMDc2MkQzQzlCMEJEOUQyRkYA,null,image,null,failed,41ec2dbb-592a-451e-b8df-75de3a167c9f,2026-06-10 06:57:35.499+00,"Vertex generateContent 400: {
  ""error"": {
    ""code"": 400,
    ""message"": ""Request contains an invalid argument."",
    ""status"": ""INVALID_ARGUMENT""
  }
}
",2026-06-10 06:57:33.630976+00,2026-06-10 06:57:33.630976+00
8d70e6c7-96f7-472d-aab4-d40be24b0914,00000000-0000-0000-0000-000000000001,null,whatsapp,inbound,message,wamid.HBgMOTE2MzgzMjM5NDU0FQIAEhggQUM0NDMwMzVFQjlCOEU2NTJCNUQzMkY1MEQwRjE5NDAA,null,text,null,received,0f1bec90-07c2-4135-86b1-8cb267c56518,null,null,2026-06-10 07:00:10.126045+00,2026-06-10 07:00:10.126045+00
bc1db714-a5ee-4100-8458-171ebc87efa5,00000000-0000-0000-0000-000000000001,null,whatsapp,inbound,message,wamid.HBgMOTE2MzgzMjM5NDU0FQIAEhggQUMxNEUwMkUyREI1MDQ2QkM1MUVEQjUyNEI3NDA0MDUA,null,image,null,received,07051b63-9aa3-4f82-a890-3a31e70d10ba,null,null,2026-06-10 07:19:08.891611+00,2026-06-10 07:19:08.891611+00
016de55b-ffba-4103-9382-4fb34795b6ad,00000000-0000-0000-0000-000000000001,null,whatsapp,inbound,message,wamid.HBgMOTE2MzgzMjM5NDU0FQIAEhggQUM2M0YwNUFCNTA1M0ZFNjFCNEYyRkVDRjI4NUUwOTgA,null,image,null,received,79b84809-5927-486b-90c3-b720a007a3b4,null,null,2026-06-10 07:25:41.823182+00,2026-06-10 07:25:41.823182+00
77a63a1c-95a7-46a0-a7d0-4c28647765d5,00000000-0000-0000-0000-000000000001,e17238d1-34ce-0cbb-4dc0-f65e60ff52f7,whatsapp,inbound,message,wamid.HBgMOTE5NDgwNjY2OTk2FQIAEhgUM0EzREYzOTlBNUNCMjZCODUxRDUA,null,text,null,received,a3d7326b-5a6e-4492-938a-ee39f726a58c,null,null,2026-06-10 10:53:08.30447+00,2026-06-10 10:53:08.30447+00
ca153777-3082-4079-a95d-a5644c442112,00000000-0000-0000-0000-000000000001,6d60a9d5-34ce-4336-9c23-231057dffa71,whatsapp,inbound,message,wamid.HBgMOTE3MDQ3NjE5NzAwFQIAEhggQUNDNDhFQTBDMURBNUQ2QkYyNDZBRjg0OTVDMjlBNzkA,null,text,null,received,5ab32362-ee4f-4189-af85-3bb1b97db920,null,null,2026-06-10 10:54:14.175441+00,2026-06-10 10:54:14.175441+00
1460246c-0e38-46ad-adbd-97549451a4f5,00000000-0000-0000-0000-000000000001,null,whatsapp,inbound,message,wamid.HBgMOTE2MzgzMjM5NDU0FQIAEhggQUMyQ0Q5OUJDRUVBQjQxNUVBNkJCRkU2MzgzQTI2RDYA,null,image,null,received,88eb619c-a69b-480f-9c14-1b7071d10381,null,null,2026-06-10 11:18:39.296247+00,2026-06-10 11:18:39.296247+00
cf90c3fe-ffe1-4f6d-92d1-3d08a38b4e38,00000000-0000-0000-0000-000000000001,4628a4bf-d4c5-9e5d-471c-271b9f3e7d03,whatsapp,inbound,message,wamid.HBgMOTE3MjU5MTExMjU5FQIAEhggQUNDNjhBRDc0OENDQTgxODBBNjE0NDlDNzMzMTVCMTMA,null,image,null,received,f8fdbd0b-bb06-4ceb-9b2a-52a3cd023b7e,null,null,2026-06-10 14:55:39.074995+00,2026-06-10 14:55:39.074995+00
871cbe2b-6167-468f-887c-b8667ec7d64e,00000000-0000-0000-0000-000000000001,4628a4bf-d4c5-9e5d-471c-271b9f3e7d03,whatsapp,inbound,message,wamid.HBgMOTE3MjU5MTExMjU5FQIAEhggQUNEQTJBMDVCMENEQUFDQTlGMUY5MkUzMkZDRDAxRUEA,null,text,null,received,0b2dd285-adfb-41c2-bf76-23f8487dee62,null,null,2026-06-10 14:55:54.324617+00,2026-06-10 14:55:54.324617+00
70370d6b-7dc0-48cc-b64a-1484245704b8,00000000-0000-0000-0000-000000000001,4628a4bf-d4c5-9e5d-471c-271b9f3e7d03,whatsapp,inbound,message,wamid.HBgMOTE3MjU5MTExMjU5FQIAEhggQUM3QjdGOTE3REI1ODI5QzdCRjkwNjc2Q0E0NENDNjkA,null,text,null,received,dc476b93-ae98-4f7c-9e46-f2c3e50bd991,null,null,2026-06-10 14:56:21.382741+00,2026-06-10 14:56:21.382741+00
07ba5802-089c-413d-b56f-1bb196f05b5e,null,null,whatsapp,inbound,webhook_unparsed,unparsed-944a7467-421e-437f-ae67-a0550778bea9,null,unknown,null,received,cad6567f-1b94-4e9c-b302-adda8cf8405a,null,payload_shape_not_recognized,2026-06-10 15:36:21.05231+00,2026-06-10 15:36:21.05231+00
b0e89a68-8326-488a-a9ce-db27ef4c14e0,00000000-0000-0000-0000-000000000001,4628a4bf-d4c5-9e5d-471c-271b9f3e7d03,whatsapp,inbound,message,wamid.HBgMOTE3MjU5MTExMjU5FQIAEhggQUMxNDY1ODRERDA1RkE4OTkzQUFGQUIxNjIxNDBCODcA,null,text,null,received,23e652c5-b1fb-46f6-81e3-fe684a8226d6,null,null,2026-06-10 16:08:55.090385+00,2026-06-10 16:08:55.090385+00
2f13d00d-41c4-4feb-9350-fba7c269f1b4,00000000-0000-0000-0000-000000000001,4628a4bf-d4c5-9e5d-471c-271b9f3e7d03,whatsapp,inbound,message,wamid.HBgMOTE3MjU5MTExMjU5FQIAEhggQUNDMDdCNjZEMkJEQUQxODFFMTU4MTEwQ0QyOTZDNzMA,null,image,null,received,a248f24f-a8c3-4b6a-98aa-3f8bc23e78e3,null,null,2026-06-10 16:12:05.782421+00,2026-06-10 16:12:05.782421+00
5e60a80d-227a-4c12-8cf1-74e086a63d23,00000000-0000-0000-0000-000000000001,3b27dc97-dafa-0480-7b61-5549a3ea7eee,whatsapp,inbound,message,wamid.HBgMOTE5NTI2NTE3NzA5FQIAEhggQUNFNTUxQzBGMkE2MUQ0ODZBRDQzNEM4MkNFQTlCNDcA,null,text,null,received,667220f0-017b-4c0c-ade5-bc8ed746f7d7,null,null,2026-06-10 20:46:13.898071+00,2026-06-10 20:46:13.898071+00
48eb5186-03a3-443a-9b73-024b072c2c2c,00000000-0000-0000-0000-000000000001,11e96dd2-92f4-f793-56db-439d5b3de156,whatsapp,inbound,message,wamid.HBgMOTE5MDYxODM0NjE1FQIAEhggQUMyMjQzQTgyNkU3OEVDMDQwRDIyQ0JGMTU3NEEwNDUA,null,text,null,received,e8e4a4a7-62dc-469b-b061-90a7e1ed2069,null,null,2026-06-10 21:31:31.844813+00,2026-06-10 21:31:31.844813+00
74b2b163-a7ad-4893-bc1f-8c97956c6ed3,00000000-0000-0000-0000-000000000001,11e96dd2-92f4-f793-56db-439d5b3de156,whatsapp,inbound,message,wamid.HBgMOTE5MDYxODM0NjE1FQIAEhggQUM3MjJGQjk0MERCQjhBNDQxRTkzMzM4Mjg2ODJFMkMA,null,text,null,received,5e06b4ef-a4a1-4d6a-bd1a-6a2c81b45520,null,null,2026-06-10 21:32:15.187264+00,2026-06-10 21:32:15.187264+00
b6914b05-1a8b-4882-8199-64c65fc07949,null,null,whatsapp,inbound,webhook_unparsed,unparsed-cb1433ae-23c2-4ef9-ae7a-9dcaa28a553b,null,unknown,null,received,ab0f2446-4931-442c-928a-ba85eb13a3e8,null,payload_shape_not_recognized,2026-06-11 05:10:29.086866+00,2026-06-11 05:10:29.086866+00
ebfaffdd-16e3-4f1e-a24d-1ed6260d8597,null,null,whatsapp,inbound,webhook_unparsed,unparsed-85c767e6-7b33-4712-b454-e1e02ebcf5a6,null,unknown,null,received,0429a0ec-1c65-47c4-a9eb-de56d789b226,null,payload_shape_not_recognized,2026-06-11 05:10:30.596581+00,2026-06-11 05:10:30.596581+00
4ed5964a-1caf-4814-a1cc-5e4aaaf503f9,null,null,whatsapp,inbound,webhook_unparsed,unparsed-fb28c597-07d2-4e5b-aaed-be9018775182,null,unknown,null,received,ca857165-706d-44a8-bddd-d897318f89c3,null,payload_shape_not_recognized,2026-06-11 05:12:37.286083+00,2026-06-11 05:12:37.286083+00
fceb3f65-1497-4882-b6c4-874f922fc6ab,null,null,whatsapp,inbound,webhook_unparsed,unparsed-3c2b740e-1204-413f-a9b2-8badea39e5a2,null,unknown,null,received,719a453e-fabe-4d65-b137-ee7648eebf45,null,payload_shape_not_recognized,2026-06-11 05:17:29.279064+00,2026-06-11 05:17:29.279064+00
ada2438d-2249-4381-aaaf-c606cccb566c,00000000-0000-0000-0000-000000000001,6dd50e39-9843-4442-cc09-3b49fbe97fb9,whatsapp,inbound,message,wamid.HBgMOTE5NjExNjg5MDE4FQIAEhggQUNGRDhFMTM0MTNCMjVGMUJENzA2NUJCOTQ5NDQ1MjQA,null,text,null,received,62b3e8b2-6e50-4ed9-92b6-fe9a12b39999,null,null,2026-06-11 05:45:23.395478+00,2026-06-11 05:45:23.395478+00
13e8b540-8435-4310-8414-134d694b15a6,00000000-0000-0000-0000-000000000001,6dd50e39-9843-4442-cc09-3b49fbe97fb9,whatsapp,inbound,message,wamid.HBgMOTE5NjExNjg5MDE4FQIAEhggQUNEOUNCNTU0NjE2RTg0MDlFRTMyN0EwQjFBRjc4NjQA,null,text,null,received,7cf7e7eb-a2cb-4072-bc4c-66ce6c09561e,null,null,2026-06-11 05:45:28.438282+00,2026-06-11 05:45:28.438282+00
114a02b5-ad90-467b-aa04-a91fc0593664,null,null,whatsapp,inbound,webhook_unparsed,unparsed-e9d4d5cd-b3c4-4eb5-95f6-7d2baeb6ba79,null,unknown,null,received,664f80fc-e7f2-4f10-baa4-494d24f4030e,null,payload_shape_not_recognized,2026-06-11 05:49:11.732866+00,2026-06-11 05:49:11.732866+00
3a30c1a8-c157-4075-b17d-1613a9efe2a1,00000000-0000-0000-0000-000000000001,6dd50e39-9843-4442-cc09-3b49fbe97fb9,whatsapp,inbound,message,wamid.HBgMOTE5NjExNjg5MDE4FQIAEhggQUM1NkRCNDRGNjU2MUU0RDZGOEJDNjhGNTVBNTczQUUA,null,text,null,received,69faa493-cf3e-4911-ac82-b017990657c6,null,null,2026-06-11 05:55:47.184433+00,2026-06-11 05:55:47.184433+00
54ccf287-9798-49bf-bd9a-14d079583280,00000000-0000-0000-0000-000000000001,6dd50e39-9843-4442-cc09-3b49fbe97fb9,whatsapp,inbound,message,wamid.HBgMOTE5NjExNjg5MDE4FQIAEhggQUMzMUM3M0VFQTQwMEMwNjNGNDkwMkRCQUFGQUM3QjcA,null,text,null,received,fd857d93-d001-4b58-a3f9-a0a42c6ec1dc,null,null,2026-06-11 05:56:05.824945+00,2026-06-11 05:56:05.824945+00
ec3a9284-2c27-48e4-97b9-7428ae20a651,null,null,whatsapp,inbound,webhook_unparsed,unparsed-fc110f2d-0e45-4657-97ea-20fe540b87fd,null,unknown,null,received,f809cccc-6b51-4912-8317-306985c3edd7,null,payload_shape_not_recognized,2026-06-11 05:56:33.038561+00,2026-06-11 05:56:33.038561+00
c0aa7323-1fb7-44f3-a221-8d7935e281ff,00000000-0000-0000-0000-000000000001,11e96dd2-92f4-f793-56db-439d5b3de156,whatsapp,inbound,message,wamid.HBgMOTE5MDYxODM0NjE1FQIAEhggQUNENDhBNUUxMzZFNjM3Q0I1NjBCQjQ0RkMyRkQ2NTkA,null,text,null,received,239d175e-f75a-4cea-a447-63d8e8b3e975,null,null,2026-06-11 07:17:55.747447+00,2026-06-11 07:17:55.747447+00
f9311c82-dfae-4bbd-9eff-18ab63e5c1f1,null,null,whatsapp,inbound,webhook_unparsed,unparsed-ba4a1e45-07b9-445f-b4f8-89443035b503,null,unknown,null,received,0ea3386f-80e7-4c01-aade-f0c9d9c17318,null,payload_shape_not_recognized,2026-06-11 09:32:19.892371+00,2026-06-11 09:32:19.892371+00
cc98cabd-4dc4-499d-b204-57573a4cff56,00000000-0000-0000-0000-000000000001,d2449d75-0593-4deb-a6c2-fae99fc83ab0,whatsapp,inbound,message,wamid.HBgMOTE4OTM5MTkzMjIxFQIAEhggQUM0Nzk1QTY1Q0JCMkEwREVGOTVFMzNEQURGQzg4MDMA,null,text,null,received,17d2c120-02fa-490f-8d60-e97f329dc822,null,null,2026-06-11 10:17:42.173746+00,2026-06-11 10:17:42.173746+00
6da8d5a8-799a-4f85-9e4b-821ba5311dcd,null,null,whatsapp,inbound,webhook_unparsed,unparsed-f7341781-d98b-43c8-bec9-6d311dcf9703,null,unknown,null,received,b1e9b950-5295-4ce8-b335-b6492888f961,null,payload_shape_not_recognized,2026-06-11 10:35:46.984617+00,2026-06-11 10:35:46.984617+00
34a1aea4-b9f3-4240-ba80-158b414faba7,null,null,whatsapp,inbound,webhook_unparsed,unparsed-b729d313-5526-4be9-b3a2-92d44f902aa1,null,unknown,null,received,be0a87de-5e92-4e41-a978-2053481ba0fe,null,payload_shape_not_recognized,2026-06-11 11:50:03.780217+00,2026-06-11 11:50:03.780217+00
87c6d63a-a538-4a40-a216-0586c0a74098,null,null,whatsapp,inbound,webhook_unparsed,unparsed-2e55b6d3-3634-40f1-8f01-081da1931978,null,unknown,null,received,77987f7f-9de7-4140-ad16-4747703721f9,null,payload_shape_not_recognized,2026-06-11 11:50:16.524668+00,2026-06-11 11:50:16.524668+00
2a19ec53-f1f6-463e-99b2-74a6c31cc500,null,null,whatsapp,inbound,webhook_unparsed,unparsed-9c707495-3b8e-4a31-a15e-cd69e95bc937,null,unknown,null,received,0a24cf42-6e5b-430e-b95e-9cac102ee7ab,null,payload_shape_not_recognized,2026-06-11 11:50:16.964799+00,2026-06-11 11:50:16.964799+00
5356ca83-e7fd-4cd5-be72-36c886faf7d8,null,null,whatsapp,inbound,webhook_unparsed,unparsed-0b12c451-efc1-4055-b90f-261fa2fc7f50,null,unknown,null,received,314a24c9-373c-4107-8db8-ff02683ab2c5,null,payload_shape_not_recognized,2026-06-11 11:50:47.519338+00,2026-06-11 11:50:47.519338+00
5b0c53ba-bb35-416a-b2d7-f3132c74897f,00000000-0000-0000-0000-000000000001,11e96dd2-92f4-f793-56db-439d5b3de156,whatsapp,inbound,message,wamid.HBgMOTE5MDYxODM0NjE1FQIAEhggQUNFNzQ0NDdEMzVGMTdEQ0M1NTc0NkFEREQxMTM5MkMA,null,text,null,received,d95a6159-9b91-42aa-b4cf-340433d82803,null,null,2026-06-11 11:52:11.490974+00,2026-06-11 11:52:11.490974+00
79f0aba8-0bc0-4765-ba81-b318ad4a236e,00000000-0000-0000-0000-000000000001,11e96dd2-92f4-f793-56db-439d5b3de156,whatsapp,inbound,message,wamid.HBgMOTE5MDYxODM0NjE1FQIAEhggQUNCQzc1RDc2MjgwRTAzMUYzRUM0MDk1Q0IxQjdGRkEA,null,image,null,received,4f5bb48d-a46c-4579-a22a-e1833cf48681,null,null,2026-06-11 11:53:37.99844+00,2026-06-11 11:53:37.99844+00
2190eb3f-5081-4f5d-9acf-d4da0d7ca559,00000000-0000-0000-0000-000000000001,ba8dd5e0-ed0e-8b6a-7098-2732476feb31,whatsapp,inbound,message,wamid.HBgMOTE5MDAzNjI4OTYwFQIAEhgUM0FGQjVFMzYwQTk3QzIwMUQ4N0UA,null,image,null,received,3d2b1ff1-dc33-476d-8114-4fa6bed5fdd0,null,null,2026-06-11 16:25:06.080679+00,2026-06-11 16:25:06.080679+00
5536356e-2092-485c-9442-2f4a64f8dd56,00000000-0000-0000-0000-000000000001,6dd50e39-9843-4442-cc09-3b49fbe97fb9,whatsapp,inbound,message,wamid.HBgMOTE5NjExNjg5MDE4FQIAEhggQUMwQTQ2RTQ5OTY4RjBDQzQ2Qjk4MzJFQUZBM0REMUQA,null,text,null,received,01eac274-56fa-4d10-9898-28bb1b7136ae,null,null,2026-06-12 04:02:31.278211+00,2026-06-12 04:02:31.278211+00
b78cf8f0-4d13-479f-9494-80beb100cf3f,00000000-0000-0000-0000-000000000001,6dd50e39-9843-4442-cc09-3b49fbe97fb9,whatsapp,inbound,message,wamid.HBgMOTE5NjExNjg5MDE4FQIAEhggQUMxNzMzQ0VFQkNBQUFDOERERjI2MEFDMzY1MTA0RTQA,null,text,null,received,08285a44-a853-434f-ade7-d892eb44d66b,null,null,2026-06-12 04:02:48.658071+00,2026-06-12 04:02:48.658071+00
38588542-0736-4603-a73d-b9e2e9ad8912,00000000-0000-0000-0000-000000000001,6dd50e39-9843-4442-cc09-3b49fbe97fb9,whatsapp,inbound,message,wamid.HBgMOTE5NjExNjg5MDE4FQIAEhggQUM1NDZFNDU5NEY1NjQyMDU0OUIyRDlERkU5MjBBREEA,null,text,null,received,6a3cfe5a-5dd7-46fe-bc7a-1a1726672aae,null,null,2026-06-12 04:06:52.489096+00,2026-06-12 04:06:52.489096+00
170f6722-4bd2-44ad-af9c-b6d0b144d8a0,null,null,whatsapp,inbound,webhook_unparsed,unparsed-6db17e48-3d42-413d-af77-c915d6462fbf,null,unknown,null,received,e9cf85fc-62d0-41c7-a756-7e30872b5c8f,null,payload_shape_not_recognized,2026-06-12 05:00:42.072843+00,2026-06-12 05:00:42.072843+00
70375047-8605-4c08-8b16-975cf9e6bdff,00000000-0000-0000-0000-000000000001,e0174322-3fb7-483f-91a0-61b903ae3e49,whatsapp,inbound,message,wamid.HBgMOTE3ODkwNzA3MzI2FQIAEhgWM0VCMDY4QjIyMDVENDlEODNFMTFEMgA=,null,text,null,received,5326c2e1-bf7c-438b-8ce2-150a82775dcf,null,null,2026-06-12 05:01:06.38435+00,2026-06-12 05:01:06.38435+00
f3c492ba-303d-4ed6-9e32-05129ecbcf42,null,null,whatsapp,inbound,webhook_unparsed,unparsed-64450a56-301e-4695-910a-723d10570bd9,null,unknown,null,received,a9323a51-abc1-48b7-aad9-e13448df1662,null,payload_shape_not_recognized,2026-06-12 05:01:48.144753+00,2026-06-12 05:01:48.144753+00
a8c1d0d0-7b05-4631-9b96-6f5d7941f6c4,null,null,whatsapp,inbound,webhook_unparsed,unparsed-d569018d-e811-4f84-b475-6689e9882db9,null,unknown,null,received,2d232097-972b-43b0-855c-c0c02685e915,null,payload_shape_not_recognized,2026-06-12 05:01:57.08438+00,2026-06-12 05:01:57.08438+00
b0f07f83-1f11-430f-ac8f-577084091d21,null,null,whatsapp,inbound,webhook_unparsed,unparsed-1524d2db-58ae-4977-8b47-fd0cdd471843,null,unknown,null,received,606c06a7-08ff-4f7b-9bc9-3ae99690bd16,null,payload_shape_not_recognized,2026-06-12 05:05:35.69129+00,2026-06-12 05:05:35.69129+00
34e914df-d244-4f96-85fe-c4e22272723c,null,null,whatsapp,inbound,webhook_unparsed,unparsed-fa1a0576-2b18-4621-9e27-aa53779b28db,null,unknown,null,received,3e145a68-5224-45a1-b590-9b0f582ae424,null,payload_shape_not_recognized,2026-06-12 05:14:53.551378+00,2026-06-12 05:14:53.551378+00
0fc5071f-1442-4d6d-a97a-212e4ee58839,null,null,whatsapp,inbound,webhook_unparsed,unparsed-5ce7bd53-53cb-4c0b-8253-d0b5040afe2e,null,unknown,null,received,1cfacfa0-c187-41a2-9a4d-13f7bd348235,null,payload_shape_not_recognized,2026-06-12 05:28:32.941381+00,2026-06-12 05:28:32.941381+00
decfe534-ee02-4fa6-87e4-aa8ac44ef861,null,null,whatsapp,inbound,webhook_unparsed,unparsed-09e3ec5d-bd82-4256-9791-46e1282f4abc,null,unknown,null,received,fd3db316-6d35-43b8-abd4-35f0522d9b04,null,payload_shape_not_recognized,2026-06-12 05:28:44.259788+00,2026-06-12 05:28:44.259788+00
e7b33563-48be-42f1-89ca-c7944de4d94f,null,null,whatsapp,inbound,webhook_unparsed,unparsed-83948ba3-1801-4cb5-9a0f-dce7abda2aec,null,unknown,null,received,2b72a558-d8d7-4424-a0b1-78807bfd958f,null,payload_shape_not_recognized,2026-06-12 05:28:51.142612+00,2026-06-12 05:28:51.142612+00
a7ef9acc-44f0-4577-8ed4-f6529bb03c91,null,null,whatsapp,inbound,webhook_unparsed,unparsed-84d5383b-1356-4cf8-b41d-96c548cc7c42,null,unknown,null,received,8b549dd6-cc6b-4394-a5a6-ad6b881b0380,null,payload_shape_not_recognized,2026-06-12 05:29:39.793494+00,2026-06-12 05:29:39.793494+00
09734cfd-d99c-477a-a49d-95eea92c4e74,00000000-0000-0000-0000-000000000001,6dd50e39-9843-4442-cc09-3b49fbe97fb9,whatsapp,inbound,message,wamid.HBgMOTE5NjExNjg5MDE4FQIAEhggQUM4NDE3RjVBOTk1MUUwQjcxQjY1NTc3MEM0OEY1QTYA,null,text,null,received,09604e4b-90a6-4d1c-93b8-21de759560b7,null,null,2026-06-12 05:29:51.376118+00,2026-06-12 05:29:51.376118+00
6523e084-cc7f-4ae2-b79c-3256444cf699,null,null,whatsapp,inbound,webhook_unparsed,unparsed-0974b005-71c7-41b7-90b0-725975c52f0c,null,unknown,null,received,9ed0851c-b678-4ce4-9c81-b3b607fa13a1,null,payload_shape_not_recognized,2026-06-12 05:30:33.88921+00,2026-06-12 05:30:33.88921+00
8570fb3d-d0a0-43d0-b7bc-8413e840bb72,null,null,whatsapp,inbound,webhook_unparsed,unparsed-1e948806-b412-4bba-bbfa-92c39115a608,null,unknown,null,received,c27c5796-2ac8-46db-b8f6-f102ee9c93b8,null,payload_shape_not_recognized,2026-06-12 05:31:02.383082+00,2026-06-12 05:31:02.383082+00
a7b29ae1-9f01-4a49-adcf-f742fff777c5,null,null,whatsapp,inbound,webhook_unparsed,unparsed-fd35e863-f396-4307-95f9-56896e203f8f,null,unknown,null,received,4ab06df6-ef5d-4d25-9582-83ac68be7ff2,null,payload_shape_not_recognized,2026-06-12 05:31:05.423387+00,2026-06-12 05:31:05.423387+00
e3938950-4e68-4f1c-a96c-73fbbd7ba61e,00000000-0000-0000-0000-000000000001,1932ea80-c6eb-874e-eca8-12410fa7a608,whatsapp,inbound,message,wamid.HBgMOTE5NjI5NDQ2ODY2FQIAEhggQUNGNTk3M0M0NjQ1OTczMDFCQkUzODFCMTcyMENGNDQA,null,image,null,received,b4317d0c-53c8-4389-a945-1e27884366d4,null,null,2026-06-12 06:35:23.53736+00,2026-06-12 06:35:23.53736+00
28439f36-6dff-4e51-b56b-f0ec4d7b492c,null,null,whatsapp,inbound,webhook_unparsed,unparsed-cf6ac856-b138-4d76-b3e9-5340ae7cb7a5,null,unknown,null,received,575877c2-f2b0-449f-a5e5-3a2d7c991b27,null,payload_shape_not_recognized,2026-06-12 06:46:18.843278+00,2026-06-12 06:46:18.843278+00
11907915-2ddc-45f0-8c5a-bea90f25a745,null,null,whatsapp,inbound,webhook_unparsed,unparsed-11a1de3a-3b68-4ac6-af68-27992c5a1be3,null,unknown,null,received,b2baf7d1-446e-48e2-a7cc-e08189a07bc8,null,payload_shape_not_recognized,2026-06-12 06:47:31.893238+00,2026-06-12 06:47:31.893238+00
6efb440a-cf70-466b-843d-4870b885b8a9,00000000-0000-0000-0000-000000000001,1932ea80-c6eb-874e-eca8-12410fa7a608,whatsapp,inbound,message,wamid.HBgMOTE5NjI5NDQ2ODY2FQIAEhggQUNDMTVCRTA0MzQ0NDAxREY3N0Y4RTlEMURDOTIzODIA,null,text,null,received,699bb984-76c9-443e-ac86-1a9f7f5d8efd,null,null,2026-06-12 06:47:41.03283+00,2026-06-12 06:47:41.03283+00
029bcd76-04d0-4c69-addc-45c2b24fcffc,null,null,whatsapp,inbound,webhook_unparsed,unparsed-8bbcee66-c174-476c-882e-9e8bff585f18,null,unknown,null,received,922c1a08-ac3d-48a5-a2bf-26c34d680755,null,payload_shape_not_recognized,2026-06-12 06:47:58.615172+00,2026-06-12 06:47:58.615172+00
e0cb79bd-1b93-4a88-a6ef-915799edabbd,00000000-0000-0000-0000-000000000001,1932ea80-c6eb-874e-eca8-12410fa7a608,whatsapp,inbound,message,wamid.HBgMOTE5NjI5NDQ2ODY2FQIAEhggQUMxOTU4OUIzRDk3NUY2NzUxNjk0REVDRkVEOUE1MkUA,null,text,null,received,634b86f1-63cb-4dce-b072-f6f74672790a,null,null,2026-06-12 06:48:24.062134+00,2026-06-12 06:48:24.062134+00
e579663b-3ac6-4b59-94a2-ce2fe6b7ded4,00000000-0000-0000-0000-000000000001,1932ea80-c6eb-874e-eca8-12410fa7a608,whatsapp,inbound,message,wamid.HBgMOTE5NjI5NDQ2ODY2FQIAEhggQUM1N0E4OTJEOEU3RDU2REMyRUQ4OTY4MjAyNjVENTcA,null,image,null,received,269d82b0-6b6d-4d0c-9478-887131b498e8,null,null,2026-06-12 08:17:24.331573+00,2026-06-12 08:17:24.331573+00
fa8dcca9-d685-4489-9422-7b49ec8d441f,00000000-0000-0000-0000-000000000001,null,whatsapp,inbound,message,wamid.HBgMOTE2MzgzMjM5NDU0FQIAEhggQUM5OTlEQ0NFREY5RDcyRDVDQTQxQzM0QTczNThFNTQA,null,image,null,received,04b20607-147d-47d2-8912-f3bbd9975fb1,null,null,2026-06-12 10:04:53.059073+00,2026-06-12 10:04:53.059073+00
dfd31523-e24b-4ab4-94af-2b2a4a69b0b9,00000000-0000-0000-0000-000000000001,null,whatsapp,inbound,message,wamid.HBgMOTE2MzgzMjM5NDU0FQIAEhggQUNBNDhCRjMwNzIxRTRDOTc5QTVGOTlCMzQxMEZCQTAA,null,text,null,received,9a89d23b-8e98-4f85-ace2-8f61c0a90a3d,null,null,2026-06-12 10:05:05.781278+00,2026-06-12 10:05:05.781278+00
88a654a7-c6b5-4b38-87b0-177cd5648fcf,null,null,whatsapp,inbound,webhook_unparsed,unparsed-fa7ba028-c57b-4fea-8523-c42a9560f51c,null,unknown,null,received,ed96a01e-87e1-45e9-9151-8f152e0dd3d8,null,payload_shape_not_recognized,2026-06-12 11:55:08.435853+00,2026-06-12 11:55:08.435853+00
9d54d0de-c404-43d7-bc9e-ea2c1ee96364,null,null,whatsapp,inbound,webhook_unparsed,unparsed-86519453-ff48-405d-84b7-0270d4e2bb46,null,unknown,null,received,ae8ef660-bb08-49b3-8b5b-e18923aadd45,null,payload_shape_not_recognized,2026-06-12 11:55:42.384173+00,2026-06-12 11:55:42.384173+00
8735bd8e-6195-4f90-b65f-03137342d5f9,null,null,whatsapp,inbound,message,wamid.HBgMOTE5NDI4Mjg1NDMyFQIAEhggQUM4OTZEOEUyNEEzMDkxRjk4ODUwM0MwOTgzMDUxODEA,null,image,null,received,d372c471-28aa-432f-85f4-77b082930dba,null,null,2026-06-12 12:03:38.221979+00,2026-06-12 12:03:38.221979+00
efc79027-321a-4232-b66e-84d135a4866b,00000000-0000-0000-0000-000000000001,ba8dd5e0-ed0e-8b6a-7098-2732476feb31,whatsapp,inbound,message,wamid.HBgMOTE5MDAzNjI4OTYwFQIAEhgUM0FCN0RDQTE4QTAxQzJDQ0NFQzYA,null,image,null,received,618d3fd3-c838-4b62-988f-33c7e36dfdd2,null,null,2026-06-12 17:16:44.875073+00,2026-06-12 17:16:44.875073+00
6609ae88-d26c-4f37-b6cd-8babd4db52c3,00000000-0000-0000-0000-000000000001,01af6f97-6cb1-4799-9476-493b8af42437,whatsapp,inbound,message,wamid.HBgMOTE5NDI4Mjg1NDMyFQIAEhggQUNBQzQ2N0NFNzE2MjU0RUYzQUJDM0RBQzFGNDE2MDEA,null,image,null,received,7de2925f-5538-4d94-bf48-47caa6fb1469,null,null,2026-06-13 00:20:19.388722+00,2026-06-13 00:20:19.388722+00
abaf5685-4af6-495f-8243-e56c241ca934,null,null,whatsapp,inbound,webhook_unparsed,unparsed-983bc994-c78b-45a6-8fc2-d3c263dd81be,null,unknown,null,received,d95d91f3-e194-42d5-9254-3a6feed528c8,null,payload_shape_not_recognized,2026-06-13 06:23:36.172131+00,2026-06-13 06:23:36.172131+00
5978d0db-d245-4efc-b3eb-defdb49cf316,00000000-0000-0000-0000-000000000001,e0174322-3fb7-483f-91a0-61b903ae3e49,whatsapp,inbound,message,wamid.HBgMOTE3ODkwNzA3MzI2FQIAEhggQUMzNzk3RDlDNzdBRDMxNkFFQkZBNzczNzVCOUMzNTUA,null,text,null,received,3864e8f1-c95c-4e10-96d2-c6aa77b97a89,null,null,2026-06-13 06:26:04.415953+00,2026-06-13 06:26:04.415953+00
29bdbad2-bd40-48dd-9c16-92b80be0cd8a,00000000-0000-0000-0000-000000000001,ba8dd5e0-ed0e-8b6a-7098-2732476feb31,whatsapp,inbound,message,wamid.HBgMOTE5MDAzNjI4OTYwFQIAEhgUM0E4QjRGQjBDNDM1MjY3NDY5MUMA,null,image,null,received,e194943c-a327-4679-b57a-79ed95ee0039,null,null,2026-06-13 07:14:35.877277+00,2026-06-13 07:14:35.877277+00
f68ed156-9dd5-4844-82d9-950716818206,null,null,whatsapp,inbound,webhook_unparsed,unparsed-56bd35ed-45d1-4c63-b04c-968adc22f547,null,unknown,null,received,8c7510b6-8ad4-4816-8665-b26f34b68b76,null,payload_shape_not_recognized,2026-06-13 07:55:36.252043+00,2026-06-13 07:55:36.252043+00
e86ae10e-a113-4916-82d6-6ba133ece603,00000000-0000-0000-0000-000000000001,ba8dd5e0-ed0e-8b6a-7098-2732476feb31,whatsapp,inbound,message,wamid.HBgMOTE5MDAzNjI4OTYwFQIAEhgUM0FERkRBOUUwMTA3MTgyMzY0NzcA,null,text,null,received,f890158a-a043-4a93-bcd0-ae6180c6e0a4,null,null,2026-06-13 08:01:41.522713+00,2026-06-13 08:01:41.522713+00
8ecc96c9-b115-44b1-a459-a22e4c6529df,null,null,whatsapp,inbound,webhook_unparsed,unparsed-7f1ebff4-7ced-4bc2-99f1-8aeb97a102cb,null,unknown,null,received,b59a334e-cb23-4592-b468-1ece528fd722,null,payload_shape_not_recognized,2026-06-13 08:31:05.071458+00,2026-06-13 08:31:05.071458+00
d53caa26-f4ff-4170-8930-a2cb11c26b50,null,null,whatsapp,inbound,webhook_unparsed,unparsed-35e405bb-dcc3-4066-ba6b-ba077b931245,null,unknown,null,received,f5989fac-8a01-436d-9a26-0d917c11987e,null,payload_shape_not_recognized,2026-06-13 08:31:05.116798+00,2026-06-13 08:31:05.116798+00
e43b5468-302e-4bdd-b8b6-2fbf4ded78a7,00000000-0000-0000-0000-000000000001,e0174322-3fb7-483f-91a0-61b903ae3e49,whatsapp,inbound,message,wamid.HBgMOTE3ODkwNzA3MzI2FQIAEhggQUMwRDIwNURFN0M2REExNzQyMDFEMzFBMzAzNEFCMDMA,null,text,null,received,bd3cbfb7-87ad-4a56-bdd8-36b68640427f,null,null,2026-06-13 08:37:18.515491+00,2026-06-13 08:37:18.515491+00
6d6cf414-82b5-49c3-b532-d01cdfc62e84,null,null,whatsapp,inbound,webhook_unparsed,unparsed-7b0f9bc7-2555-41f8-833b-9ffbd188fe81,null,unknown,null,received,379cefce-7957-4e22-9ab4-f99c0bdd79ff,null,payload_shape_not_recognized,2026-06-13 10:51:32.761313+00,2026-06-13 10:51:32.761313+00
e469fdda-608b-498b-98d5-30d4d9729f67,null,null,whatsapp,inbound,message,wamid.HBgMOTE2MzY0OTIyMTk0FQIAEhgSQzBBMkI4QzI4OTY1Njc5MDQ4AA==,null,text,null,received,d153b01b-98c1-43d3-9789-5ae4a497cbf9,null,null,2026-06-13 13:15:14.861489+00,2026-06-13 13:15:14.861489+00
610c6c5a-a5b3-47bd-bc16-f58ff8d7316b,00000000-0000-0000-0000-000000000001,e0174322-3fb7-483f-91a0-61b903ae3e49,whatsapp,inbound,message,wamid.HBgMOTE3ODkwNzA3MzI2FQIAEhggQUNEOUQ1Q0IxOEU4RTU4ODA0MDFGNEI3N0JEM0I0NDMA,null,text,null,received,f8585b5c-3550-4d66-9527-a63d792b1618,null,null,2026-06-13 13:33:22.568826+00,2026-06-13 13:33:22.568826+00
af8f9446-702d-4d6f-b649-461f305d02d0,00000000-0000-0000-0000-000000000001,fc8a412e-e0d4-35e1-37fa-5f798b7dc7f4,whatsapp,inbound,message,wamid.HBgMOTE5OTc5OTI3NzQzFQIAEhgUM0E1QjNERUM1MkVFNUIwMkUyNUEA,null,text,null,received,ec0adf12-3502-4d2a-ad20-02c4223bece6,null,null,2026-06-13 14:22:48.072337+00,2026-06-13 14:22:48.072337+00
61f94186-1add-4a60-87ea-9e196209981c,null,null,whatsapp,inbound,message,wamid.HBgMOTE2MzY0OTIyMTk0FQIAEhgSQ0M3OTFBQjlEMTc5QTUzQkIzAA==,null,text,null,received,e4e7871c-dcf8-4ff4-9759-af41cf0da509,null,null,2026-06-14 02:42:33.993761+00,2026-06-14 02:42:33.993761+00
f8dc079c-d4c1-47ac-963a-b1358a45aa22,null,null,whatsapp,inbound,message,wamid.HBgMOTE2MzY0OTIyMTk0FQIAEhgSRkYwNUQ2Qzc1NTc4MkQ2MEI2AA==,null,text,null,received,cbb79f40-57ea-4559-ae6c-ab0376f8f422,null,null,2026-06-14 03:05:47.115175+00,2026-06-14 03:05:47.115175+00
0a0fb6e4-49f6-47ed-ba03-4ff89d9ce95a,null,null,whatsapp,inbound,message,wamid.HBgMOTE2MzY0OTIyMTk0FQIAEhgSMTA3MEI4QzRBMjRDNDk1MDhFAA==,null,text,null,received,9835ecd6-14a3-4ca8-ba38-3395dc4ec601,null,null,2026-06-14 03:54:08.025752+00,2026-06-14 03:54:08.025752+00
ff0e2001-512b-45fe-b0db-1aa19c2c1a0a,null,null,whatsapp,inbound,message,wamid.HBgMOTE2MzY0OTIyMTk0FQIAEhgSREYzREM3NjhBRTFGQTBGMzA1AA==,null,text,null,received,101ea2e4-65a9-4687-be89-eff2521e742b,null,null,2026-06-15 02:40:36.111998+00,2026-06-15 02:40:36.111998+00
2c77897b-a304-41e9-876d-674bd5bafe0a,null,null,whatsapp,inbound,message,wamid.HBgMOTE2MzY0OTIyMTk0FQIAEhgSMDg1NjkzN0VGOTUwNjVCODhFAA==,null,text,null,received,c34224e2-b1bb-430d-bc84-48652d79d88f,null,null,2026-06-15 03:08:01.094624+00,2026-06-15 03:08:01.094624+00
76b73221-8d7b-49cd-afb5-c34205d9d309,null,null,whatsapp,inbound,message,wamid.HBgMOTE2MzY0OTIyMTk0FQIAEhgSODY3QURDQzVBRDY4N0NCN0Q1AA==,null,text,null,received,9b9c1529-46fe-4af8-b533-f3647ee0c7cb,null,null,2026-06-15 03:12:43.139709+00,2026-06-15 03:12:43.139709+00
1d153dd9-5ea1-4307-ae88-e82d4f38e4bc,null,null,whatsapp,inbound,webhook_unparsed,unparsed-d86e1a61-efc6-469d-a042-af120b46db98,null,unknown,null,received,ae47230b-e8e3-4fca-bbd2-04698f9d1edb,null,payload_shape_not_recognized,2026-06-15 05:12:33.369521+00,2026-06-15 05:12:33.369521+00
0abf9ae9-6175-464d-b445-cd5ae4636df7,00000000-0000-0000-0000-000000000001,6dd50e39-9843-4442-cc09-3b49fbe97fb9,whatsapp,inbound,message,wamid.HBgMOTE5NjExNjg5MDE4FQIAEhggQUMxOTk0QTU5OTgyQzk2NzlCODMwMDZCQ0JEN0Y4NTkA,null,text,null,received,57e5f325-6ec7-4a4c-a5d0-d0754ed94bb7,null,null,2026-06-15 05:15:04.85564+00,2026-06-15 05:15:04.85564+00
d4db0bda-ec90-4125-8fe3-53c698f2935d,00000000-0000-0000-0000-000000000001,3b02f95a-b47e-1037-4f8a-f2f31e35c98e,whatsapp,inbound,message,wamid.HBgMOTE4Nzc5NDY2NjI0FQIAEhgWM0VCMDk3NzE2QTZGNzRDRTExN0E0NAA=,null,text,null,received,410379fa-dc1e-41e2-b0a2-7d73675d9c43,null,null,2026-06-15 05:40:26.289568+00,2026-06-15 05:40:26.289568+00
94aecb0a-49f3-4e73-ad2e-6bc5b98d2da3,00000000-0000-0000-0000-000000000001,3b02f95a-b47e-1037-4f8a-f2f31e35c98e,whatsapp,inbound,message,wamid.HBgMOTE4Nzc5NDY2NjI0FQIAEhgWM0VCMDA4N0JBOUFBQUI0NjQ1RDYzMgA=,null,text,null,received,21367b77-3f51-4438-bd31-34bc8caa5ff9,null,null,2026-06-15 05:50:42.404945+00,2026-06-15 05:50:42.404945+00
ef81e5b7-52fc-46d6-b1ed-074af936dbb0,00000000-0000-0000-0000-000000000001,3b02f95a-b47e-1037-4f8a-f2f31e35c98e,whatsapp,inbound,message,wamid.HBgMOTE4Nzc5NDY2NjI0FQIAEhgUM0VCMEU5NzU2MEIzRkJFNjRDNTQA,null,text,null,received,6bce78ce-d354-4d0f-8d53-fc94e922ba73,null,null,2026-06-15 05:51:51.08078+00,2026-06-15 05:51:51.08078+00
0005c8b8-d6dc-4cf3-8e8a-ce41483721a5,00000000-0000-0000-0000-000000000001,d2449d75-0593-4deb-a6c2-fae99fc83ab0,whatsapp,inbound,message,wamid.HBgMOTE4OTM5MTkzMjIxFQIAEhggQUMwNkE1QTQ1QTA1OTA1NDczRkYyNTY1RURGNjVFRDIA,null,image,null,received,ea0c81cd-86be-4383-b88a-547c1e2d1294,null,null,2026-06-15 05:54:39.033498+00,2026-06-15 05:54:39.033498+00
b7bec078-f322-4ec3-8cbd-2dfbcead65df,00000000-0000-0000-0000-000000000001,d2449d75-0593-4deb-a6c2-fae99fc83ab0,whatsapp,inbound,message,wamid.HBgMOTE4OTM5MTkzMjIxFQIAEhggQUM2RjlBRjE2MzUwNDU1N0U5MjhCM0I3N0UxOTIyMTQA,null,text,null,received,09aeeb5a-415e-4cab-bad5-da6b2a16c408,null,null,2026-06-15 05:57:26.186178+00,2026-06-15 05:57:26.186178+00
1b610597-46fd-4d67-bf3e-fc595f383edb,null,null,whatsapp,inbound,webhook_unparsed,unparsed-38e91721-2ebf-493a-9e7f-bdd170ca23b0,null,unknown,null,received,e743d345-0e5c-4313-a25b-61df18c7be8c,null,payload_shape_not_recognized,2026-06-15 05:58:49.921889+00,2026-06-15 05:58:49.921889+00
1e767e73-878c-462e-a271-52bffa6847f3,00000000-0000-0000-0000-000000000001,d2449d75-0593-4deb-a6c2-fae99fc83ab0,whatsapp,inbound,message,wamid.HBgMOTE4OTM5MTkzMjIxFQIAEhggQUMzMzVFRTFBRDYzMjJFNzVGNUQ5Q0I2Qjk4QzRCQkEA,null,text,null,received,f9cda5bb-206c-4fae-b72b-66bc29f61e5c,null,null,2026-06-15 06:00:02.084736+00,2026-06-15 06:00:02.084736+00
bb1af4b1-c638-4a91-959f-46141cce378d,null,null,whatsapp,inbound,webhook_unparsed,unparsed-6f59f42f-c687-45d5-9ef5-7e678e974bca,null,unknown,null,received,84519df1-72a1-4c6c-80b7-f38cecf99bc3,null,payload_shape_not_recognized,2026-06-15 06:00:07.617303+00,2026-06-15 06:00:07.617303+00
6341456c-48b5-46a8-b008-bd3c25bcba9d,null,null,whatsapp,inbound,webhook_unparsed,unparsed-f77abc53-5fe6-4153-9043-c5eedbce5512,null,unknown,null,received,4873da8d-5b65-4199-8abf-6442613761d3,null,payload_shape_not_recognized,2026-06-15 06:16:56.994179+00,2026-06-15 06:16:56.994179+00
ad0cc406-ae54-436f-bed3-87ac8a7ec73d,null,null,whatsapp,inbound,webhook_unparsed,unparsed-be8a0beb-d361-4bba-8b81-d4e03647b7a6,null,unknown,null,received,8535bc6d-cabc-4143-b9fb-1dea639a2a42,null,payload_shape_not_recognized,2026-06-15 06:17:15.98326+00,2026-06-15 06:17:15.98326+00
5391065b-bb4e-44ce-b410-858ec0d4dd31,00000000-0000-0000-0000-000000000001,3b02f95a-b47e-1037-4f8a-f2f31e35c98e,whatsapp,inbound,message,wamid.HBgMOTE4Nzc5NDY2NjI0FQIAEhggQUM3QzVCQ0I1NjU2MEQ1MjgxMUIxQzY4Njk0MEVGNzcA,null,text,null,received,1f2c7d48-2f5b-463b-ba51-b361b3892751,null,null,2026-06-15 06:17:38.85946+00,2026-06-15 06:17:38.85946+00
bac4be21-14cc-4fb1-8181-38d36652beb2,00000000-0000-0000-0000-000000000001,3b02f95a-b47e-1037-4f8a-f2f31e35c98e,whatsapp,inbound,message,wamid.HBgMOTE4Nzc5NDY2NjI0FQIAEhgWM0VCMDkwOTZDQkM1RTBERENBOEM0NwA=,null,text,null,received,3f090d87-785a-4c0f-8fa6-a57fbb0820bf,null,null,2026-06-15 06:27:44.401762+00,2026-06-15 06:27:44.401762+00
946a2e05-612c-4c97-ac41-4dbb1afef8b6,null,null,whatsapp,inbound,webhook_unparsed,unparsed-70b73030-3ab8-4359-b45a-3211b1e7153b,null,unknown,null,received,1c45ded9-b56b-41ae-9572-3dae6ae58c62,null,payload_shape_not_recognized,2026-06-15 06:34:38.986247+00,2026-06-15 06:34:38.986247+00
1fe09b1c-a23a-4784-84c9-1b698d634d67,null,null,whatsapp,inbound,webhook_unparsed,unparsed-d2445531-6947-4b1b-9426-abde8d7ac468,null,unknown,null,received,18cd33c8-5c41-4b64-aaaf-1f614e45ec08,null,payload_shape_not_recognized,2026-06-15 07:27:23.688709+00,2026-06-15 07:27:23.688709+00
b4be08bf-08b1-4333-94ff-bd8bb2e1d63f,null,null,whatsapp,inbound,webhook_unparsed,unparsed-caa871a8-ec12-4a91-b9a8-ba35f8930713,null,unknown,null,received,4f49db1c-9f25-43ac-aeac-108062ae84b5,null,payload_shape_not_recognized,2026-06-15 07:28:19.953517+00,2026-06-15 07:28:19.953517+00
8a5329bd-c10b-43fa-9c7a-a82c66116d6f,null,null,whatsapp,inbound,webhook_unparsed,unparsed-79d7e62d-eb91-4502-9362-ce8cbf5ac627,null,unknown,null,received,d8a0c3c5-2577-4bb2-baaa-f5cb505eee53,null,payload_shape_not_recognized,2026-06-15 07:38:57.932284+00,2026-06-15 07:38:57.932284+00
f09ff1e8-b59c-45f8-a0c8-2ee51a156426,00000000-0000-0000-0000-000000000001,080eae03-9f65-4515-aec2-8924472923dd,whatsapp,inbound,message,wamid.HBgMOTE5NzQ2MzMxNDkwFQIAEhgUM0FDRDdFNTI1MjI1N0YzMTA4QTkA,null,text,null,received,5fa75991-8303-4dff-9f38-d77303d1f31c,null,null,2026-06-15 07:39:17.536275+00,2026-06-15 07:39:17.536275+00
76b938a6-e4ac-4503-b384-4435a3703e33,00000000-0000-0000-0000-000000000001,d225973a-f437-d98e-4e24-0fb32a7bfbe8,whatsapp,inbound,message,wamid.HBgMOTE5MzYwMDU5MDI5FQIAEhgUMkEwRUJCRDM0RDA5NkM5OTJEODIA,null,image,null,received,f4f4842f-03f3-4df5-baae-abb7a5adb838,null,null,2026-06-15 07:39:49.319835+00,2026-06-15 07:39:49.319835+00
cc381d93-90f1-49ce-a813-5eaf4d93ac22,null,null,whatsapp,inbound,webhook_unparsed,unparsed-cb3fc660-f234-4dea-bc4c-5087deb66bb8,null,unknown,null,received,a20c9470-5e9d-4f44-98e1-6b52f543d4c7,null,payload_shape_not_recognized,2026-06-15 07:42:02.164934+00,2026-06-15 07:42:02.164934+00
3727ae3e-4c0a-4965-921f-ca17194a0467,null,null,whatsapp,inbound,webhook_unparsed,unparsed-34ba6c66-60b3-4bad-bcd3-769e107e7493,null,unknown,null,received,0874b853-edbc-44af-8188-b16e42921837,null,payload_shape_not_recognized,2026-06-15 07:42:18.220995+00,2026-06-15 07:42:18.220995+00
28823efa-dac7-474c-9883-e8137e4e05d1,null,null,whatsapp,inbound,webhook_unparsed,unparsed-83b39d9b-115d-456c-9dd7-e84018e6a53a,null,unknown,null,received,7d34bd98-4caf-4a4a-b1df-20edc1983b03,null,payload_shape_not_recognized,2026-06-15 07:42:29.292567+00,2026-06-15 07:42:29.292567+00
d7294bd2-724a-434b-8d12-28922d258302,null,null,whatsapp,inbound,webhook_unparsed,unparsed-b2b2c6f8-f1c4-400e-aa88-7d0ad0730113,null,unknown,null,received,c594aadb-d17e-4607-8a3e-df7a6d3dd8c1,null,payload_shape_not_recognized,2026-06-15 07:43:56.608856+00,2026-06-15 07:43:56.608856+00
7bffee09-3352-4faf-8ab5-6bc24a045bda,null,null,whatsapp,inbound,webhook_unparsed,unparsed-aa69c227-9327-45b7-a536-830c3ec2d679,null,unknown,null,received,9f9240ec-a198-4ecc-85ac-558107d16d35,null,payload_shape_not_recognized,2026-06-15 07:44:07.439479+00,2026-06-15 07:44:07.439479+00
285ab4b0-6c76-4fda-94d6-f53453dac0cc,null,null,whatsapp,inbound,webhook_unparsed,unparsed-44937a4c-6a1e-4676-ba09-a0a3340b0c53,null,unknown,null,received,5671214d-06a1-406d-9582-8cf65d15f83c,null,payload_shape_not_recognized,2026-06-15 07:45:18.691276+00,2026-06-15 07:45:18.691276+00
1390021f-1f5d-4292-bd16-a42dfd884943,null,null,whatsapp,inbound,webhook_unparsed,unparsed-ef39ef34-0135-4f81-b447-debd5ae0f943,null,unknown,null,received,219c6b4d-a917-405a-90ee-23e4cee43afc,null,payload_shape_not_recognized,2026-06-15 07:46:22.207096+00,2026-06-15 07:46:22.207096+00
13a9eda4-4d3f-4642-9693-42bb9ec16d11,null,null,whatsapp,inbound,webhook_unparsed,unparsed-5eaba4e0-620f-4561-9a22-d400f7f9a5e2,null,unknown,null,received,bf74e160-4478-4602-9c55-0ff48903e345,null,payload_shape_not_recognized,2026-06-15 07:46:39.051113+00,2026-06-15 07:46:39.051113+00
d0b8dcf2-c053-481a-96f2-7da074eece63,null,null,whatsapp,inbound,webhook_unparsed,unparsed-aa88a6d5-dce5-4713-8fe8-eb10b219b19c,null,unknown,null,received,ddbf69a6-abab-4974-a84c-4758e944a48a,null,payload_shape_not_recognized,2026-06-15 07:47:01.922405+00,2026-06-15 07:47:01.922405+00
9b33979f-d1eb-4e19-9d1c-122c3e57b5cc,null,null,whatsapp,inbound,webhook_unparsed,unparsed-1bc6bb1c-f57a-4250-bb3f-cdf82291d89a,null,unknown,null,received,0dd37f05-734d-4429-8556-2342d50c1d28,null,payload_shape_not_recognized,2026-06-15 07:47:28.854785+00,2026-06-15 07:47:28.854785+00
44dcbb8b-999b-4210-89d9-e47bc5e3f224,00000000-0000-0000-0000-000000000001,2794ccf7-4966-f00d-35d6-34ac17db73ea,whatsapp,inbound,message,wamid.HBgMOTE5NzkwNDUzMjU4FQIAEhgUM0E1NzNEQTFFN0FGNkMyQTRERDYA,null,text,null,received,949be7f0-911b-4334-8907-1b26c9c22d9e,null,null,2026-06-15 07:47:31.16688+00,2026-06-15 07:47:31.16688+00
8535a01f-fe82-47c8-9cdf-40b32bbb1438,null,null,whatsapp,inbound,webhook_unparsed,unparsed-c0d02d30-1bd4-46d2-b1b7-c2a2b37e7f44,null,unknown,null,received,cec5e403-46dd-4268-94d2-5daccb7dd293,null,payload_shape_not_recognized,2026-06-15 07:48:03.732673+00,2026-06-15 07:48:03.732673+00
8b699985-c4ee-483d-a400-624f068520b4,00000000-0000-0000-0000-000000000001,2794ccf7-4966-f00d-35d6-34ac17db73ea,whatsapp,inbound,message,wamid.HBgMOTE5NzkwNDUzMjU4FQIAEhgUM0E4NkMyMzY1MDhGMDRBQTU5MzQA,null,text,null,received,e4a3065f-f7d5-4856-bada-9dfa80844948,null,null,2026-06-15 07:51:24.885812+00,2026-06-15 07:51:24.885812+00
a5afa8c9-b7aa-4c9b-bee7-8eb796ddcf30,null,null,whatsapp,inbound,webhook_unparsed,unparsed-1da71d08-0aae-41e2-985f-a13e431da068,null,unknown,null,received,03da001a-bd09-494c-aad1-62924665f124,null,payload_shape_not_recognized,2026-06-15 08:09:08.87287+00,2026-06-15 08:09:08.87287+00
6832f399-fa4c-4f5d-92e4-68fc7c4c1db3,null,null,whatsapp,inbound,message,wamid.HBgMOTE5NjU2NzM1MjMwFQIAEhgUM0E3RDI5NzBBNTRCREUzM0JDNzcA,null,text,null,received,13022381-c7af-4c9a-9e83-c67922e7028d,null,null,2026-06-15 08:09:31.262434+00,2026-06-15 08:09:31.262434+00
e5c7d187-b45d-4968-ba26-f51e703727d5,null,null,whatsapp,inbound,webhook_unparsed,unparsed-65b5387f-6269-412f-9cdd-445d5ecdbc4f,null,unknown,null,received,89bdca44-6929-443e-b0ba-d687288b3e4f,null,payload_shape_not_recognized,2026-06-15 08:12:02.012607+00,2026-06-15 08:12:02.012607+00
eae756c5-88e9-4c57-a75c-aedb488e4b74,null,null,whatsapp,inbound,webhook_unparsed,unparsed-7b3f7b16-5c74-4d6e-9c6e-02dc0ca5e278,null,unknown,null,received,ed3e659c-fe89-4505-b674-9a894abcea7d,null,payload_shape_not_recognized,2026-06-15 08:12:57.657482+00,2026-06-15 08:12:57.657482+00
62088f2c-05bc-449a-aa9a-8dbc76b54e60,null,null,whatsapp,inbound,message,wamid.HBgMOTE5NjU2NzM1MjMwFQIAEhgUM0FDMDhEOEY3N0JGMzUzQjlCMkQA,null,text,null,received,79d3c0cd-3c53-4cf5-bcca-07b05deed5c4,null,null,2026-06-15 08:13:29.558336+00,2026-06-15 08:13:29.558336+00
577dcc03-7393-45e0-9112-6ba9d1508992,null,null,whatsapp,inbound,webhook_unparsed,unparsed-44a8d908-4e59-42e4-a944-24a214db74c0,null,unknown,null,received,ae530ebb-8327-45a7-804e-fe42b550a829,null,payload_shape_not_recognized,2026-06-15 08:15:02.795479+00,2026-06-15 08:15:02.795479+00
2c07851f-7bf5-4fce-95a9-39f7c9f67c1a,null,null,whatsapp,inbound,webhook_unparsed,unparsed-c6fe8454-f225-4aab-810a-c69b9306a1cb,null,unknown,null,received,95d1d177-f1cc-4038-961d-681860783d25,null,payload_shape_not_recognized,2026-06-15 08:15:06.301112+00,2026-06-15 08:15:06.301112+00
6a9ec010-df29-4f13-b852-50eea6823562,null,null,whatsapp,inbound,webhook_unparsed,unparsed-bb50095c-baf3-46ca-8d96-829fc7477706,null,unknown,null,received,061c4c57-e385-407d-8e8a-0409a7790e78,null,payload_shape_not_recognized,2026-06-15 08:15:25.327616+00,2026-06-15 08:15:25.327616+00
125a85a6-5aee-4479-89ec-db4fbd267176,null,null,whatsapp,inbound,message,wamid.HBgMOTE5NjU2NzM1MjMwFQIAEhgUM0EyRDRFNEY3QkZEQTc0RUM2NzcA,null,text,null,received,f2a9cce6-f35e-4055-8bbb-e50b6a43e575,null,null,2026-06-15 08:15:34.016468+00,2026-06-15 08:15:34.016468+00
099a974d-3de7-4ea3-a993-48ce56808793,null,null,whatsapp,inbound,message,wamid.HBgMOTE5NjU2NzM1MjMwFQIAEhgUM0EzRjU4REJEM0E2NTA2NTFFQjIA,null,image,null,received,64ff6e69-c5d0-42ff-9307-5f45543b079c,null,null,2026-06-15 08:16:17.009291+00,2026-06-15 08:16:17.009291+00
0a06eff7-d60f-4847-bd4f-ef0faa45ad6d,null,null,whatsapp,inbound,message,wamid.HBgMOTE5NjU2NzM1MjMwFQIAEhgUM0E1Nzc0RUVGQTg5RTJCMEUzM0YA,null,text,null,received,ac35d0b8-94b6-4d85-aedf-4d4c3ab44fd8,null,null,2026-06-15 08:16:22.53544+00,2026-06-15 08:16:22.53544+00
46d94f92-1250-4a2a-9ef7-963b82988cef,null,null,whatsapp,inbound,message,wamid.HBgMOTE5NjU2NzM1MjMwFQIAEhgUM0E1MzE1NEI1MEI1NDU1RjY0NjQA,null,text,null,received,da02eca0-567a-42bd-9f91-43fa4c6cdf35,null,null,2026-06-15 08:16:56.66341+00,2026-06-15 08:16:56.66341+00
0d047ff1-563e-4eea-b11b-24f739dbe654,null,null,whatsapp,inbound,message,wamid.HBgMOTE5NjU2NzM1MjMwFQIAEhgUM0FBQkZGQjU1MDExQ0QxMkQ3NTEA,null,text,null,received,4c584a4d-7983-4c1c-add2-f28075119066,null,null,2026-06-15 08:17:32.839467+00,2026-06-15 08:17:32.839467+00
a7132ae6-0963-4819-ae1e-b4be8656fada,null,null,whatsapp,inbound,webhook_unparsed,unparsed-141a262d-ec4b-49cf-94e5-7c0da2bd9d4f,null,unknown,null,received,5de2a4be-1df2-4ae3-a79b-fb3a3fe5c9a1,null,payload_shape_not_recognized,2026-06-15 08:22:05.247504+00,2026-06-15 08:22:05.247504+00
413a5984-ef7a-4e0a-8913-f40999024320,00000000-0000-0000-0000-000000000001,d2449d75-0593-4deb-a6c2-fae99fc83ab0,whatsapp,inbound,message,wamid.HBgMOTE4OTM5MTkzMjIxFQIAEhggQUNGQTQzQzZCQjUzOUIyRTRFMTRBMDVCM0REM0EwREIA,null,text,null,received,f16cadb6-b01c-4689-ada7-79b1baaa7f88,null,null,2026-06-15 08:23:32.895996+00,2026-06-15 08:23:32.895996+00
f6dd6899-578b-4dde-8131-f384c1a86224,null,null,whatsapp,inbound,message,wamid.HBgMOTE5NjU2NzM1MjMwFQIAEhgWM0VCMDQ4QzRCNURCM0E5QTBCRTFFQgA=,null,text,null,received,c4a5d3dd-bcf6-4a2f-a97f-fce50df63797,null,null,2026-06-15 08:29:48.907173+00,2026-06-15 08:29:48.907173+00
86568988-f533-4f31-8d80-54002986f9fc,null,null,whatsapp,inbound,webhook_unparsed,unparsed-6b083f27-89c1-468a-a44e-b3ca7fb7d564,null,unknown,null,received,ee53b321-b756-495e-b3ba-613d777b736c,null,payload_shape_not_recognized,2026-06-15 10:12:56.851827+00,2026-06-15 10:12:56.851827+00
207b1627-b5c2-4c8b-86dd-d5afe0e98f2d,null,null,whatsapp,inbound,message,wamid.HBgMOTE5NjU2NzM1MjMwFQIAEhgUM0FEMTM2QUE4REFBNjc3MEQyMUEA,null,text,null,received,527d9ce1-91fa-465b-96a2-2569c382c3cf,null,null,2026-06-15 10:17:09.813857+00,2026-06-15 10:17:09.813857+00
5a6e72c1-6efc-47b3-ab29-9e6703711425,null,null,whatsapp,inbound,message,wamid.HBgMOTE2MzY0OTIyMTk0FQIAEhgSNDYyMzJGOEFGNzYyMDE0QjM2AA==,null,text,null,received,51af33c4-e655-4a07-918f-66c9aae0623b,null,null,2026-06-15 10:53:49.001756+00,2026-06-15 10:53:49.001756+00
261b681c-32f3-4fb8-a5e6-c43bb6be25e1,00000000-0000-0000-0000-000000000001,080eae03-9f65-4515-aec2-8924472923dd,whatsapp,inbound,message,wamid.HBgMOTE5NzQ2MzMxNDkwFQIAEhgUNEFDRDIxNzgxNjNBQTRBNTQ2NjUA,null,image,null,received,641bb5e7-4316-4cb4-90e4-d219be31f568,null,null,2026-06-15 14:13:46.421747+00,2026-06-15 14:13:46.421747+00
85a42068-673e-43fd-9b4e-50f86c228b97,null,null,whatsapp,inbound,message,wamid.HBgMOTE2MzY0OTIyMTk0FQIAEhgSMzlBN0JDOTI3MUI4RDlFMkRBAA==,null,text,null,received,191ff22f-dc97-4e74-8183-146b2f5f2de1,null,null,2026-06-16 03:13:33.65848+00,2026-06-16 03:13:33.65848+00
643faa0a-bb4e-4b56-9c45-d68d109c99f9,00000000-0000-0000-0000-000000000001,3b02f95a-b47e-1037-4f8a-f2f31e35c98e,whatsapp,inbound,message,wamid.HBgMOTE4Nzc5NDY2NjI0FQIAEhgWM0VCMDU5MkJFOUQ2MDY5QUUwRkY2QgA=,null,text,null,received,3322e521-2eb5-4c62-9e73-4cd1c760157c,null,null,2026-06-16 05:19:54.998304+00,2026-06-16 05:19:54.998304+00
6b4bef7c-8cb3-4ab9-a75f-1bb34a9615de,00000000-0000-0000-0000-000000000001,3b02f95a-b47e-1037-4f8a-f2f31e35c98e,whatsapp,inbound,message,wamid.HBgMOTE4Nzc5NDY2NjI0FQIAEhgWM0VCMEVEOTFGMDUwOEYwRjNDREI0QgA=,null,text,null,received,c62f6a08-7182-41a6-8794-5a2d4db44071,null,null,2026-06-16 05:19:58.97063+00,2026-06-16 05:19:58.97063+00
286eccd2-274a-410c-b1d7-b699e16bd888,00000000-0000-0000-0000-000000000001,3b02f95a-b47e-1037-4f8a-f2f31e35c98e,whatsapp,inbound,message,wamid.HBgMOTE4Nzc5NDY2NjI0FQIAEhgWM0VCMDJBQTVBMzY1MjJGRDE5MThGNQA=,null,text,null,received,f3492503-5925-4bc8-a09c-847947425126,null,null,2026-06-16 05:20:24.294472+00,2026-06-16 05:20:24.294472+00
ecd5a051-5abd-4d0e-8ab9-e6dc9278b898,00000000-0000-0000-0000-000000000001,3b02f95a-b47e-1037-4f8a-f2f31e35c98e,whatsapp,inbound,message,wamid.HBgMOTE4Nzc5NDY2NjI0FQIAEhgWM0VCMDQ4M0YwQjg0QjBGRDUxQTdBNgA=,null,text,null,received,46678d88-a372-40bf-b92d-8322aaeff3a5,null,null,2026-06-16 05:21:05.816019+00,2026-06-16 05:21:05.816019+00
a0a84d77-8c14-4149-8a95-4074ce8e4a3b,null,null,whatsapp,inbound,message,wamid.HBgMOTE2MzY0OTIyMTk0FQIAEhgSQzAzNDE1NDkzMjlEQjYzNEJCAA==,null,text,null,received,eb04786b-075a-451d-9fac-1bee82bc497b,null,null,2026-06-16 09:23:46.22299+00,2026-06-16 09:23:46.22299+00
368a8320-2726-431f-92af-aad3deaa550e,null,null,whatsapp,inbound,message,wamid.HBgMOTE2MzY0OTIyMTk0FQIAEhgSRjJCQjdFMDNBOTBFMTg3MTg0AA==,null,text,null,received,58503379-860d-4c87-94c4-3652b6649705,null,null,2026-06-16 12:18:41.681966+00,2026-06-16 12:18:41.681966+00
af4354eb-2e28-4391-a7c9-c8bcc5fdef30,null,null,whatsapp,inbound,message,wamid.HBgMOTE2MzY0OTIyMTk0FQIAEhgSM0NFODM3NTU2QjUwMDFFMUI1AA==,null,text,null,received,17dc8308-173e-41fc-92d4-e0a03cbc7759,null,null,2026-06-17 02:49:43.889437+00,2026-06-17 02:49:43.889437+00
2e3449e1-9dd2-4f29-950a-e9f6313cfc13,null,null,whatsapp,inbound,message,wamid.HBgMOTE2MzY0OTIyMTk0FQIAEhgSODkyQUQ2OUE2QzJDOUVDQTJCAA==,null,text,null,received,934dcea8-f832-4056-8390-29240ce64012,null,null,2026-06-17 04:49:12.987311+00,2026-06-17 04:49:12.987311+00
02b6cd31-9080-4b27-ad1e-1a43115e491a,null,null,whatsapp,inbound,webhook_unparsed,unparsed-d9c604f8-d108-4ed2-8019-829e3787d413,null,unknown,null,received,a0477650-020b-42cb-9e7c-d5ea332b5093,null,payload_shape_not_recognized,2026-06-17 06:22:24.515934+00,2026-06-17 06:22:24.515934+00
bc2ac254-fd5f-4876-a885-094578e4d76a,00000000-0000-0000-0000-000000000001,c511ac63-cb7e-1453-92d5-ea4ffba1c360,whatsapp,inbound,message,wamid.HBgMOTE5NTAwMTY0MTI4FQIAEhggQUNDMDA5MEFCOUQ1MjVDNTI3NTVGQkEzRkE2N0VDRTgA,null,text,null,received,dd566598-a669-4c02-83c8-a9cbb49c7ba5,null,null,2026-06-17 06:24:46.176739+00,2026-06-17 06:24:46.176739+00
a84b9e3a-9c74-4413-b57a-981bbc5919ef,00000000-0000-0000-0000-000000000001,c511ac63-cb7e-1453-92d5-ea4ffba1c360,whatsapp,inbound,message,wamid.HBgMOTE5NTAwMTY0MTI4FQIAEhggQUM5MUY3OTQxQjc4OTc2MzBFNzY2MTA2RjZFNDUxMUEA,null,text,null,received,ecb77011-6fda-4b0e-8e0b-842ed6816e63,null,null,2026-06-17 06:25:05.886339+00,2026-06-17 06:25:05.886339+00
14fb2df9-22b0-4114-bb9c-4e07d94c1beb,null,null,whatsapp,inbound,message,wamid.HBgMOTE2MzY0OTIyMTk0FQIAEhgSREU4RUQ2NEIyM0Y4NjMyQ0M0AA==,null,text,null,received,f9b50fe7-9d99-4de4-b78f-96331004fe43,null,null,2026-06-17 06:40:40.968225+00,2026-06-17 06:40:40.968225+00
5c41e9ff-9280-4d61-a269-1383361bce99,null,null,whatsapp,inbound,webhook_unparsed,unparsed-6223b0ee-652c-4934-859c-f1755a6dd1f3,null,unknown,null,received,8092058f-84e3-4aa6-81da-5cf67f65c81d,null,payload_shape_not_recognized,2026-06-17 07:02:46.917861+00,2026-06-17 07:02:46.917861+00
7e6a6c17-800e-423e-ad6f-158618076cab,null,null,whatsapp,inbound,webhook_unparsed,unparsed-6331199c-de99-4e2b-8617-32e213c06120,null,unknown,null,received,027560ef-4630-448b-8599-a7de9e7abbd7,null,payload_shape_not_recognized,2026-06-17 07:03:10.76055+00,2026-06-17 07:03:10.76055+00
ef31c452-3770-4cb3-8779-8204412ecc13,00000000-0000-0000-0000-000000000001,2c1980eb-be51-916e-8f61-1e8fe83afb0c,whatsapp,inbound,message,wamid.HBgMOTE4MDU2MzIzMjc0FQIAEhgUM0FCMjBCQkVFNzY1NTZCNDhDQUYA,null,text,null,received,594af7f5-f597-4a9c-9ba5-b602c200d8b7,null,null,2026-06-17 07:13:17.75199+00,2026-06-17 07:13:17.75199+00
f442738a-5353-46d8-813e-baca467f266d,null,null,whatsapp,inbound,webhook_unparsed,unparsed-766bf055-ead9-47b3-a7cf-462bb62aed3f,null,unknown,null,received,b572cb1b-45be-479e-b19e-75e80b21b799,null,payload_shape_not_recognized,2026-06-17 07:34:30.838569+00,2026-06-17 07:34:30.838569+00
23385e0d-44b7-44ae-bb1c-96299863cc52,null,null,whatsapp,inbound,message,wamid.HBgMOTE2MzY0OTIyMTk0FQIAEhgSQjRDREI5MjIxNjFFQUIyQ0FGAA==,null,text,null,received,a58ba41b-22b3-48b3-9d3f-cff461c88c56,null,null,2026-06-17 10:31:52.073359+00,2026-06-17 10:31:52.073359+00
c92ccb3f-934e-4216-a04f-05aeb0b3aed6,null,null,whatsapp,inbound,message,wamid.HBgMOTE2MzY0OTIyMTk0FQIAEhgSRjZFNzA3QTY0OTBFNjU1QjE3AA==,null,text,null,received,53838946-7fa1-43a5-8fce-eccd0eef8e21,null,null,2026-06-17 10:35:36.637612+00,2026-06-17 10:35:36.637612+00
97f51e5e-d2ad-47c2-83d8-1d1a380a3383,null,null,whatsapp,inbound,webhook_unparsed,unparsed-41cfdb7f-34d0-47bb-a887-bf577058231c,null,unknown,null,received,35d30db4-9dc8-44ce-9df7-b0881ef2f254,null,payload_shape_not_recognized,2026-06-17 11:46:54.117578+00,2026-06-17 11:46:54.117578+00
a77d0be1-4eb3-4f6f-9740-d809b948f229,null,null,whatsapp,inbound,webhook_unparsed,unparsed-be02c66a-2fbf-4892-8e0a-083ee0fa4082,null,unknown,null,received,b6df5315-0351-47f5-9026-298213245c5d,null,payload_shape_not_recognized,2026-06-17 11:47:23.825147+00,2026-06-17 11:47:23.825147+00
eef6c01c-eea0-4b52-991e-409721f4b68d,null,null,whatsapp,inbound,webhook_unparsed,unparsed-a0b2475c-4da9-454a-848f-9a5caaf49986,null,unknown,null,received,86511c90-00c7-49f5-a46c-d7cebf1bc136,null,payload_shape_not_recognized,2026-06-17 11:47:33.918975+00,2026-06-17 11:47:33.918975+00
114a1ca8-f8c8-4de3-80dd-561e0c54e98f,00000000-0000-0000-0000-000000000001,3b02f95a-b47e-1037-4f8a-f2f31e35c98e,whatsapp,inbound,message,wamid.HBgMOTE4Nzc5NDY2NjI0FQIAEhgWM0VCMDlGQTIyNTY5REY0RTBBODI0QgA=,null,text,null,received,67b1a5ab-6558-4fba-8bd9-c13315ee2cb8,null,null,2026-06-17 11:47:35.291998+00,2026-06-17 11:47:35.291998+00
8e53d820-6a68-42cb-ac59-e210b02ef58e,null,null,whatsapp,inbound,webhook_unparsed,unparsed-dae3fd97-6fd8-44f2-a0e6-4237935eca70,null,unknown,null,received,26aaa8e2-77f5-476a-a475-055c1860e5a4,null,payload_shape_not_recognized,2026-06-17 11:48:17.078015+00,2026-06-17 11:48:17.078015+00
94425640-6688-4e70-9c09-b59ccc766289,00000000-0000-0000-0000-000000000001,3b02f95a-b47e-1037-4f8a-f2f31e35c98e,whatsapp,inbound,message,wamid.HBgMOTE4Nzc5NDY2NjI0FQIAEhgWM0VCMDVBMTE2ODQ1MEExNEZCMzJBMwA=,null,text,null,received,6dd1d849-17d2-4a69-8fcd-0130e47d21cf,null,null,2026-06-17 11:48:23.708899+00,2026-06-17 11:48:23.708899+00
2b17edf1-4654-4b9b-b1dd-8ea1526d6dca,00000000-0000-0000-0000-000000000001,3b02f95a-b47e-1037-4f8a-f2f31e35c98e,whatsapp,inbound,message,wamid.HBgMOTE4Nzc5NDY2NjI0FQIAEhgWM0VCMEU4REM3NjYyNUQ0NTkzRUE4NAA=,null,text,null,received,dced1454-58ed-4d8f-a296-08a67612a3c0,null,null,2026-06-17 11:48:40.900185+00,2026-06-17 11:48:40.900185+00
f1af003b-f7e5-4da6-a906-3af6029616cb,null,null,whatsapp,inbound,webhook_unparsed,unparsed-2f3ba04c-b7ec-4f32-a228-91acbc701e20,null,unknown,null,received,575be05d-39e3-47cc-9fa6-fcf5b354b36d,null,payload_shape_not_recognized,2026-06-17 11:49:15.2763+00,2026-06-17 11:49:15.2763+00
c6a8ff8b-0dd7-4d20-8113-3957c966e578,null,null,whatsapp,inbound,webhook_unparsed,unparsed-1a73cbc4-2011-4d22-a8ad-b731a0ca4474,null,unknown,null,received,45687a50-4fdf-4bfe-9c88-f7e3209dc98b,null,payload_shape_not_recognized,2026-06-17 11:50:22.59961+00,2026-06-17 11:50:22.59961+00
8a519d3c-a179-4e83-8458-805583ca50d1,00000000-0000-0000-0000-000000000001,3b02f95a-b47e-1037-4f8a-f2f31e35c98e,whatsapp,inbound,message,wamid.HBgMOTE4Nzc5NDY2NjI0FQIAEhgWM0VCMENGNDY4MEYyMzQ3QzFGRjlGMQA=,null,text,null,received,16a5e929-856d-4a67-9928-bdcb4210b89c,null,null,2026-06-17 11:50:42.256936+00,2026-06-17 11:50:42.256936+00
cf62b505-ae5b-4adc-8d5e-8210388c8dc7,00000000-0000-0000-0000-000000000001,3b02f95a-b47e-1037-4f8a-f2f31e35c98e,whatsapp,inbound,message,wamid.HBgMOTE4Nzc5NDY2NjI0FQIAEhgWM0VCMEE3MkY3NjQwN0I0RDlBQTk0RAA=,null,text,null,received,5f15119c-1adf-4211-a574-dbb4a48bc9a5,null,null,2026-06-17 11:50:58.646062+00,2026-06-17 11:50:58.646062+00
9f444a40-f5de-43e8-b81a-b17fa271a614,null,null,whatsapp,inbound,webhook_unparsed,unparsed-de59e87c-ff24-4ae1-83ae-a98b73db2fbc,null,unknown,null,received,25b644ce-8aed-4c3a-9840-7601600ae311,null,payload_shape_not_recognized,2026-06-18 06:34:41.701803+00,2026-06-18 06:34:41.701803+00
8485d88d-97a7-48f8-864e-ce8091934bc9,00000000-0000-0000-0000-000000000001,3b02f95a-b47e-1037-4f8a-f2f31e35c98e,whatsapp,inbound,message,wamid.HBgMOTE4Nzc5NDY2NjI0FQIAEhgWM0VCMDkxOEZEQTUyMUM0NjdBREI3RQA=,null,text,null,received,8f416d8f-f2a8-4d46-baad-b8415fb5099e,null,null,2026-06-18 06:36:14.046973+00,2026-06-18 06:36:14.046973+00
4749f59b-133c-43cd-a5d1-d8dcb10a8e5e,00000000-0000-0000-0000-000000000001,3b02f95a-b47e-1037-4f8a-f2f31e35c98e,whatsapp,inbound,message,wamid.HBgMOTE4Nzc5NDY2NjI0FQIAEhgWM0VCMDVBOEYzMTUyMkUyOTcxREM4MwA=,null,text,null,received,2e7a87bf-b77a-4100-adfe-b48b1d97cfe6,null,null,2026-06-18 06:37:35.069986+00,2026-06-18 06:37:35.069986+00
b8df52ac-cc8b-4cd8-89a7-3e0479dd0263,00000000-0000-0000-0000-000000000001,3b02f95a-b47e-1037-4f8a-f2f31e35c98e,whatsapp,inbound,message,wamid.HBgMOTE4Nzc5NDY2NjI0FQIAEhgWM0VCMEFFNjIwOEY0MzgxRTI3REMxOQA=,null,text,null,received,512d71f3-7532-4882-9620-f57dec1061ac,null,null,2026-06-18 06:39:04.717015+00,2026-06-18 06:39:04.717015+00
92fea5a6-271c-40f7-8d5d-bf758f48ea85,00000000-0000-0000-0000-000000000001,3b02f95a-b47e-1037-4f8a-f2f31e35c98e,whatsapp,inbound,message,wamid.HBgMOTE4Nzc5NDY2NjI0FQIAEhgWM0VCMDY0OTIxMzFCNEYyM0Q4NEIxMwA=,null,text,null,received,d3a33c40-bddc-4285-b5cd-aa2c6a4bd656,null,null,2026-06-18 06:39:50.489821+00,2026-06-18 06:39:50.489821+00
227f6d48-644c-430c-8dde-529ca5599f13,00000000-0000-0000-0000-000000000001,3b02f95a-b47e-1037-4f8a-f2f31e35c98e,whatsapp,inbound,message,wamid.HBgMOTE4Nzc5NDY2NjI0FQIAEhgWM0VCMDI2MzQ2REEzQzA0RTVENkMwOAA=,null,text,null,received,8ed88c11-7a83-4df3-abba-5d784521379f,null,null,2026-06-18 07:21:11.720273+00,2026-06-18 07:21:11.720273+00
26b6fc9c-44fd-4b7b-8fd1-e1d647c3b62a,null,null,whatsapp,inbound,message,wamid.HBgMOTE2MzY0OTIyMTk0FQIAEhgSNDhGNzMyNUVENTBFNEJFMkU1AA==,null,text,null,received,57d58f9c-b427-468e-910f-ac66b39b6d14,null,null,2026-06-18 07:39:51.109313+00,2026-06-18 07:39:51.109313+00
f8ebed35-cfbf-414e-b32a-6271bcdb3f8d,00000000-0000-0000-0000-000000000001,38069f8b-d44e-0b86-a0d1-dafac5ae1232,whatsapp,inbound,message,wamid.HBgMOTE5MTc2NTI2MTIxFQIAEhggQUMwQjJFNzU1OUUzMTFDMTE2ODZCQkUwRDlGREQ4NTEA,null,image,null,received,f4807b6a-a277-405a-87ed-34225a70078c,null,null,2026-06-18 08:06:01.926396+00,2026-06-18 08:06:01.926396+00
9d8fc5e3-0d12-4fc7-b28d-26dca611e6f1,null,null,whatsapp,inbound,webhook_unparsed,unparsed-5c94b3d7-c05d-40b6-a179-e8742b30c963,null,unknown,null,received,90b09d72-9444-4229-a832-2e0066dda8aa,null,payload_shape_not_recognized,2026-06-18 08:55:05.371606+00,2026-06-18 08:55:05.371606+00
45040a1e-bf8f-45ef-b21b-e9933521b416,null,null,whatsapp,inbound,webhook_unparsed,unparsed-8f705266-188d-4a27-9c55-d7d0f037a788,null,unknown,null,received,19d8fac1-1a48-4f84-af65-051624934561,null,payload_shape_not_recognized,2026-06-18 08:55:15.565218+00,2026-06-18 08:55:15.565218+00
70ca5161-77a0-4584-a571-b7f89f11a9fb,null,null,whatsapp,inbound,webhook_unparsed,unparsed-b85951e9-c28d-4ff3-b980-bf914bfd8336,null,unknown,null,received,48ea8479-1e45-49b2-9c86-9296d0149803,null,payload_shape_not_recognized,2026-06-18 10:56:19.051708+00,2026-06-18 10:56:19.051708+00
713c2ccc-6c4b-4b6e-a7e2-460a51eaf7d3,null,null,whatsapp,inbound,webhook_unparsed,unparsed-56248e79-ab36-4ffd-b28e-01afef9ebc3b,null,unknown,null,received,4f03da6c-c9b2-49ad-b8a2-02ee68a50613,null,payload_shape_not_recognized,2026-06-18 10:56:26.419171+00,2026-06-18 10:56:26.419171+00
ee13fdbf-1d1e-4312-8b1a-a1b89662fad4,null,null,whatsapp,inbound,webhook_unparsed,unparsed-8dfd1c30-1084-4da5-9f68-47af05af37c2,null,unknown,null,received,3e3fe4f4-8cbb-4417-805a-1c2f9dd6a655,null,payload_shape_not_recognized,2026-06-18 10:56:39.053628+00,2026-06-18 10:56:39.053628+00
347f278b-cda6-4cd1-93dc-a4ef8f5c1260,00000000-0000-0000-0000-000000000001,104a66bf-0d87-2acc-ec03-a73d1c1cfd53,whatsapp,inbound,message,wamid.HBgMOTE4OTAzNDQxODU5FQIAEhggQUM1MDhFRTkyQjZCNkQyNzcxNjRENjQ4ODE3Qjg4M0MA,null,text,null,received,dd831f42-bf1c-4ca0-a7aa-1cbb8c51b69c,null,null,2026-06-18 11:00:39.394876+00,2026-06-18 11:00:39.394876+00
446d1464-9c5f-462c-8fe5-1c6bb960d47b,null,null,whatsapp,inbound,webhook_unparsed,unparsed-c0523c27-c7b2-467f-9fd8-23aaf44b46d8,null,unknown,null,received,bd028d51-51fd-4c38-97c6-ea3af3776a39,null,payload_shape_not_recognized,2026-06-19 05:59:45.478099+00,2026-06-19 05:59:45.478099+00
a6aaed70-3770-4014-bc1b-b980c4601f04,null,null,whatsapp,inbound,webhook_unparsed,unparsed-67e34839-7191-4007-a769-bf3df8ef07dd,null,unknown,null,received,b0974da2-a8b4-4bbe-ad5b-39ec6af2100e,null,payload_shape_not_recognized,2026-06-19 05:59:45.479358+00,2026-06-19 05:59:45.479358+00
0c3dd63b-76b4-420c-ae60-af50039a105d,null,null,whatsapp,inbound,message,wamid.HBgMOTE2MzY0OTIyMTk0FQIAEhgSMTdDRTkwRjQzQjg2Qjk2QjZDAA==,null,text,null,received,85c2db26-60cc-4af7-a58d-1ff3f80fcae5,null,null,2026-06-19 06:45:36.042326+00,2026-06-19 06:45:36.042326+00
80ddcd68-0d73-42a3-91f6-746d829dc5db,null,null,whatsapp,inbound,message,wamid.HBgMOTE2MzY0OTIyMTk0FQIAEhgSNURCM0YwNTYzRTlFRjMyNUUxAA==,null,text,null,received,4924182f-6bb0-4aef-9f3c-2277ded8edaa,null,null,2026-06-19 06:52:26.911592+00,2026-06-19 06:52:26.911592+00
13939974-4ee6-43d9-927f-06dffc7b05b0,00000000-0000-0000-0000-000000000001,93eb3d6a-d35b-ef1f-83b8-7430b6ad1674,whatsapp,inbound,message,wamid.HBgMOTE4NDE2OTI4MzU2FQIAEhggQUNBODMyQkJBRTZEQUI2NjFGQjM5QkNBMTc4OUFEQUYA,null,text,null,received,d994e255-e04a-4654-8d70-8e201ce1e10b,null,null,2026-06-19 13:34:18.879345+00,2026-06-19 13:34:18.879345+00
5a4d2b41-16a4-45b4-9c45-c1c1b21af7c8,00000000-0000-0000-0000-000000000001,3b27dc97-dafa-0480-7b61-5549a3ea7eee,whatsapp,inbound,message,wamid.HBgMOTE5NTI2NTE3NzA5FQIAEhggQUNFMjFFREFCMjVFOERBQkZFM0Y4OERGMkVBOUU1OEUA,null,text,null,received,4c032289-52c8-4a2b-83bc-a578e084c456,null,null,2026-06-20 14:12:40.836486+00,2026-06-20 14:12:40.836486+00
f7c16519-de52-4b3c-b929-9bae84fcbf09,00000000-0000-0000-0000-000000000001,3b27dc97-dafa-0480-7b61-5549a3ea7eee,whatsapp,inbound,message,wamid.HBgMOTE5NTI2NTE3NzA5FQIAEhggQUM4RkExRjgxMEUwM0YxNEJFMkE1OEIwMEUzRTk4MjMA,null,text,null,received,679d07f2-f7b5-4daa-8f50-9df767f0c38e,null,null,2026-06-20 14:12:54.821335+00,2026-06-20 14:12:54.821335+00
44a9ae58-aea6-4049-9981-1c9769ad71bf,00000000-0000-0000-0000-000000000001,86cd2239-fa55-0389-437e-e8fd505dc931,whatsapp,inbound,message,wamid.HBgMOTE3MzgyOTgyMjAyFQIAEhggQUM0QUI4NzRBMDMyOEY3NjkxNzQ1RTUyODUxQUI3MDMA,null,text,null,received,fa0e8808-306a-4228-8888-5b4bed42c1bc,null,null,2026-06-21 13:56:37.28772+00,2026-06-21 13:56:37.28772+00
b7bf4da7-69b4-4277-8f8a-130a5f7ab209,00000000-0000-0000-0000-000000000001,0278721a-a690-833b-298a-16a351fb7a3a,whatsapp,inbound,message,wamid.HBgMOTE5NDk2NDQwOTM5FQIAEhggQUM5MDVEMUYxODU4MzA1MEY2OEIyNDIyNDVFMENBNzUA,null,text,null,received,8ac2f607-8263-4c8f-b167-2758f26c4f0c,null,null,2026-06-21 15:01:21.36059+00,2026-06-21 15:01:21.36059+00
d338c213-9c99-4b1a-90a6-a409d6d1f1d6,00000000-0000-0000-0000-000000000001,73715344-908a-b7fa-00cc-34358ffb16f0,whatsapp,inbound,message,wamid.HBgMOTE5ODEwMDMxNjI5FQIAEhgUM0E3M0Q2MjBBQTkzQkRDMDlFOEUA,null,text,null,received,c9e2ea66-2746-4b76-b009-e625dd9e73f4,null,null,2026-06-24 04:33:48.557051+00,2026-06-24 04:33:48.557051+00
86695905-865c-4ed5-9dc9-b88c6d468e6c,00000000-0000-0000-0000-000000000001,73715344-908a-b7fa-00cc-34358ffb16f0,whatsapp,inbound,message,wamid.HBgMOTE5ODEwMDMxNjI5FQIAEhgUM0FGNTY2OTQxMjQwNzJFQTEwQTUA,null,text,null,received,df4e7c3d-daa4-49f2-86b2-1784fc8fd658,null,null,2026-06-24 04:34:30.834929+00,2026-06-24 04:34:30.834929+00
f18cc3e8-41e9-4954-80fa-de2146309bb6,00000000-0000-0000-0000-000000000001,73715344-908a-b7fa-00cc-34358ffb16f0,whatsapp,inbound,message,wamid.HBgMOTE5ODEwMDMxNjI5FQIAEhgUM0FGNTNENzgxRDBDODI2NUQ3QkMA,null,text,null,received,856b1164-092c-41b0-a183-d0faaa0665b5,null,null,2026-06-24 04:35:05.874458+00,2026-06-24 04:35:05.874458+00
d03f7799-1dda-4b41-94ba-bd98b86e2cf7,null,null,whatsapp,inbound,message,wamid.HBgMOTE5NjU2NzM1MjMwFQIAEhgUM0ExNzNBOUYxNzc5RDZDMUI4REQA,null,text,null,received,02a85e9e-3aa3-4dfb-807d-716b32e0c702,null,null,2026-06-24 12:46:13.193375+00,2026-06-24 12:46:13.193375+00
16649fed-fe82-4f1d-b071-4f88add58821,null,null,whatsapp,inbound,message,wamid.HBgMOTE5NjU2NzM1MjMwFQIAEhgUM0FGOTJCNjhFNzBERjQ4QTFFOTkA,null,text,null,received,bf31d5ec-96f0-465f-87b8-c76247a01509,null,null,2026-06-24 12:46:36.209895+00,2026-06-24 12:46:36.209895+00
0c697634-5612-4d17-9ae8-0d410e345ebb,null,null,whatsapp,inbound,message,wamid.HBgMOTE2MzY0OTIyMTk0FQIAEhgSQzYwQTQ2RkY5QkYxNTM2NzJFAA==,null,text,null,received,c9d491f7-4b43-47e8-b3e7-03a79c5829bd,null,null,2026-06-25 02:45:29.61866+00,2026-06-25 02:45:29.61866+00
cd64c9b6-eaca-4020-9c9c-0eb2d0d1dfef,null,null,whatsapp,inbound,message,wamid.HBgMOTE4MTA1NzQ5MDE4FQIAEhgSRkY4MUFEODQzMUFEMjQ4QkM5AA==,null,text,null,received,adfa971a-e603-4611-af85-950d48500551,null,null,2026-06-25 04:59:02.89491+00,2026-06-25 04:59:02.89491+00
44b5d504-7d00-4031-b788-030b39e9a058,null,null,whatsapp,inbound,message,wamid.HBgMOTE2MzY0OTIyMTk0FQIAEhgSRDI5QUZGRkRBNzU3MjZDRkYxAA==,null,text,null,received,e08818d2-a169-4daa-99ad-2fff8ca29322,null,null,2026-06-25 06:03:39.795214+00,2026-06-25 06:03:39.795214+00
5688ed5c-5519-49fc-8d68-82b1d5acff01,null,null,whatsapp,inbound,message,wamid.HBgMOTE2MzY0OTIyMTk0FQIAEhgSMENBMDM0RUFDNTdDODAyMEVBAA==,null,text,null,received,8ed61b74-89f2-4ec9-8f1f-71183f29c3c6,null,null,2026-06-25 06:33:46.704714+00,2026-06-25 06:33:46.704714+00
5b4a0ab3-0e30-4773-96a4-83d7e646482b,null,null,whatsapp,inbound,message,wamid.HBgMOTE2MzY0OTIyMTk0FQIAEhgSRjBDNEQ4ODFDOEJEOEM0MzVCAA==,null,text,null,received,9facde2c-bba3-4734-b70f-658605ab405f,null,null,2026-06-25 09:23:27.143897+00,2026-06-25 09:23:27.143897+00
b9c257f9-532f-4dae-bb74-ee197b6a55fb,00000000-0000-0000-0000-000000000001,3b02f95a-b47e-1037-4f8a-f2f31e35c98e,whatsapp,inbound,message,wamid.HBgMOTE4Nzc5NDY2NjI0FQIAEhgWM0VCMEI2QkFEQ0NEOTdFM0FBMEY1NwA=,null,text,null,received,e2bb38b9-6b05-4682-93cb-5d52d009eac4,null,null,2026-06-30 10:42:59.499649+00,2026-06-30 10:42:59.499649+00
f3ebcb8a-d4a0-49a9-8b4f-27aee0c2a973,00000000-0000-0000-0000-000000000001,89d188b4-94a9-2f97-e068-155ed8ec3f5e,whatsapp,inbound,message,wamid.HBgMOTE2Mzk1ODc3NzkyFQIAEhgUM0FDMEVBOTE1MEQwOURCMUZGRTMA,null,text,null,received,7b4b4154-75c3-4f0f-acac-76c73dac8835,null,null,2026-06-30 10:43:41.340736+00,2026-06-30 10:43:41.340736+00
c06518be-5381-4650-8576-9a52d2c47ca0,00000000-0000-0000-0000-000000000001,3b02f95a-b47e-1037-4f8a-f2f31e35c98e,whatsapp,inbound,message,wamid.HBgMOTE4Nzc5NDY2NjI0FQIAEhgWM0VCMDA2MEY2RUIwNTUyMjA5M0QxMQA=,null,text,null,received,87241a0c-385b-43f4-95a2-ebd13541d17c,null,null,2026-06-30 10:43:43.89075+00,2026-06-30 10:43:43.89075+00
718d6bb0-2ad5-4a75-9f55-7df1a657a601,00000000-0000-0000-0000-000000000001,89d188b4-94a9-2f97-e068-155ed8ec3f5e,whatsapp,inbound,message,wamid.HBgMOTE2Mzk1ODc3NzkyFQIAEhgUM0EwQzVGRkNEMUFCOTk1QkRBRTAA,null,text,null,received,f37dc5c7-1d36-4adc-9e03-450e07f5067f,null,null,2026-06-30 10:43:51.879851+00,2026-06-30 10:43:51.879851+00
6102ee18-b1eb-46e2-ad80-b0d70ed327c2,00000000-0000-0000-0000-000000000001,3b02f95a-b47e-1037-4f8a-f2f31e35c98e,whatsapp,inbound,message,wamid.HBgMOTE4Nzc5NDY2NjI0FQIAEhgWM0VCMEE1QkMxM0FEQkRBOTBCQkFBNAA=,null,text,null,received,c797c4f8-3bb2-4250-8da6-e94cbf55e38a,null,null,2026-06-30 10:47:40.751476+00,2026-06-30 10:47:40.751476+00
f6ef33f4-4073-45f2-8b14-a06574afaa32,00000000-0000-0000-0000-000000000001,3b02f95a-b47e-1037-4f8a-f2f31e35c98e,whatsapp,inbound,message,wamid.HBgMOTE4Nzc5NDY2NjI0FQIAEhgWM0VCMDQ1OUJFRjU4N0I3RkUyNEE3QgA=,null,text,null,received,5c86ac56-e1ac-4d54-b361-dd056c77ca5f,null,null,2026-06-30 10:48:08.605567+00,2026-06-30 10:48:08.605567+00
1c9708a7-c8c4-49a2-8205-8018f01efc26,null,null,whatsapp,inbound,webhook_unparsed,unparsed-40fa2f8a-5d29-4437-a25c-5753b532816f,null,unknown,null,received,d5dc165e-f011-486f-9a06-062a2251539c,null,payload_shape_not_recognized,2026-06-30 10:49:11.77356+00,2026-06-30 10:49:11.77356+00
4f5f9a80-43a7-4df0-ae9c-d80c2a6d4a35,null,null,whatsapp,inbound,webhook_unparsed,unparsed-04f8351c-9d13-4726-af40-7a5add83c0aa,null,unknown,null,received,9c1e6c4a-6fd5-4f99-af51-f130732006c4,null,payload_shape_not_recognized,2026-06-30 10:50:34.597991+00,2026-06-30 10:50:34.597991+00
bbf2e013-2626-47eb-bb6b-347e0b880371,null,null,whatsapp,inbound,webhook_unparsed,unparsed-8cd155b5-36aa-4bd6-8322-8a15cbe69bb9,null,unknown,null,received,039a311f-1089-473b-9c70-9c256c9965ec,null,payload_shape_not_recognized,2026-06-30 10:51:35.28228+00,2026-06-30 10:51:35.28228+00
e85df2ee-b636-4d84-a5cc-8bfbd49b26e5,00000000-0000-0000-0000-000000000001,89d188b4-94a9-2f97-e068-155ed8ec3f5e,whatsapp,inbound,message,wamid.HBgMOTE2Mzk1ODc3NzkyFQIAEhgUM0FGMDVCQkU5NUMxNjM0RDA4RTMA,null,image,null,received,3ee623ae-1158-41ea-b4df-40834738203d,null,null,2026-06-30 10:57:07.27851+00,2026-06-30 10:57:07.27851+00
65bd8641-fe05-45b8-935c-7fd725811e87,00000000-0000-0000-0000-000000000001,89d188b4-94a9-2f97-e068-155ed8ec3f5e,whatsapp,inbound,message,wamid.HBgMOTE2Mzk1ODc3NzkyFQIAEhgUM0FFNTVCRDFEM0I2OUU5MjNCMDAA,null,text,null,received,5ec33088-d22a-409d-87a6-a7aa94e7485c,null,null,2026-06-30 10:57:11.093831+00,2026-06-30 10:57:11.093831+00
85e014e8-0619-46d3-8a0c-5f5c41e91fec,00000000-0000-0000-0000-000000000001,89d188b4-94a9-2f97-e068-155ed8ec3f5e,whatsapp,inbound,message,wamid.HBgMOTE2Mzk1ODc3NzkyFQIAEhgUM0FGMEE2OEMyRTk4QkNBNTgzMTIA,null,text,null,received,ef6b4174-1554-44fd-aa31-c0921789ccef,null,null,2026-06-30 10:57:25.723741+00,2026-06-30 10:57:25.723741+00
6e9d97fc-c83d-400c-b4ec-6d092aa543d4,null,null,whatsapp,inbound,webhook_unparsed,unparsed-b07a614d-d894-43a9-8aa6-b4bb073a365a,null,unknown,null,received,87983bbf-ea5d-4935-958f-193b6da236a4,null,payload_shape_not_recognized,2026-06-30 10:58:00.083094+00,2026-06-30 10:58:00.083094+00
0134310f-f498-462e-8e56-26c72ef5bc28,00000000-0000-0000-0000-000000000001,89d188b4-94a9-2f97-e068-155ed8ec3f5e,whatsapp,inbound,message,wamid.HBgMOTE2Mzk1ODc3NzkyFQIAEhgUM0FDQzhFQTQ4MDdBREJBNjhCNkMA,null,text,null,received,6080b0bc-f650-4acd-9fc3-4f8db4ae461a,null,null,2026-06-30 10:58:14.813802+00,2026-06-30 10:58:14.813802+00
78b4aa46-eb25-4e86-a699-6ca1abe66614,00000000-0000-0000-0000-000000000001,0278721a-a690-833b-298a-16a351fb7a3a,whatsapp,inbound,message,wamid.HBgMOTE5NDk2NDQwOTM5FQIAEhggQUM0QzBERUJCQUMxMzBDRTMwQUU4RUNBNDU3RDYyREMA,null,image,null,received,9f842f3f-07eb-4d3c-91ed-8f036f0f2c09,null,null,2026-06-30 11:06:36.175585+00,2026-06-30 11:06:36.175585+00
f68e59e3-ecab-4776-960d-4c7498a77df2,00000000-0000-0000-0000-000000000001,521635f8-15aa-4ce1-ab2f-276095cbbe1a,whatsapp,inbound,message,wamid.HBgMOTE4MDU2NzczMjQyFQIAEhggQUMyNkY4MzYwRkUzOUVCQzFBNjFCREQwNUM5NTIxNDAA,null,text,null,received,66072057-9dfc-4e0d-bb7b-0dc8f56047d3,null,null,2026-06-30 11:09:02.414272+00,2026-06-30 11:09:02.414272+00
efcac013-2969-4df2-978e-ea47b52ff10d,00000000-0000-0000-0000-000000000001,521635f8-15aa-4ce1-ab2f-276095cbbe1a,whatsapp,inbound,message,wamid.HBgMOTE4MDU2NzczMjQyFQIAEhggQUNCRkE1NkZGNkZFMzg2RDEzNjdFRjhGRkQ0ODQ0Q0MA,null,text,null,received,01519442-c979-4ec8-8d4d-8b9fe80b0538,null,null,2026-06-30 11:09:22.758976+00,2026-06-30 11:09:22.758976+00
9710fe0f-f5ea-4add-9360-ae44071bc71d,00000000-0000-0000-0000-000000000001,bdcc24e3-6077-3ea9-b25e-2747d0f07be7,whatsapp,inbound,message,wamid.HBgMOTE4OTAwNTMxOTQ3FQIAEhggQUNCRkZDMkRERTZCQjAyNTI4NDFBNDc0NEUyQzRDMDQA,null,image,null,received,a37b3d10-acd9-4cd5-b4f1-24129a42bc9e,null,null,2026-06-30 11:12:29.133143+00,2026-06-30 11:12:29.133143+00
e674f37a-7ffb-43d6-b083-2333430051d8,00000000-0000-0000-0000-000000000001,073e4bd7-f1f1-49d3-604f-c365b9952a6c,whatsapp,inbound,message,wamid.HBgMOTE5MDgwMTU1ODI2FQIAEhggQUM5NERBM0U5M0ZCN0JFNjlCMzQyQjZBRUYwQzhDNkMA,null,text,null,received,d585b357-3bfd-455c-97d3-027eecc36646,null,null,2026-06-30 11:13:16.090653+00,2026-06-30 11:13:16.090653+00
2b0c8910-7ffa-4dea-8e67-c2ac09237827,00000000-0000-0000-0000-000000000001,521635f8-15aa-4ce1-ab2f-276095cbbe1a,whatsapp,inbound,message,wamid.HBgMOTE4MDU2NzczMjQyFQIAEhggQUMxMTQ5RTY4OTIyQzdBMzNGOUVFOEVFNjEyNTc3RUYA,null,text,null,received,a0be7b63-5e15-4333-914b-6dc7c1a751e3,null,null,2026-06-30 11:15:03.304159+00,2026-06-30 11:15:03.304159+00
f412d87f-4230-4065-b4f7-2634ad54fc31,null,null,whatsapp,inbound,webhook_unparsed,unparsed-165ff7dc-8467-4ea4-9c07-ad5ad975b0ea,null,unknown,null,received,fedfdd70-a2e3-4202-b9e7-71d0c78c5a4d,null,payload_shape_not_recognized,2026-06-30 11:16:15.445254+00,2026-06-30 11:16:15.445254+00
cb37b6eb-413c-44e3-a39c-5e04a0e70fa1,00000000-0000-0000-0000-000000000001,b4a50439-db13-dc26-d980-eb079b321460,whatsapp,inbound,message,wamid.HBgMOTE5MDA4NzE1NjA5FQIAEhggQUNCOTMwNzY2NTUwMzQwNUNBNERGRTQxN0EwNTRCMUQA,null,image,null,received,de07d441-ef45-411b-a76f-5263265df624,null,null,2026-06-30 11:16:29.789789+00,2026-06-30 11:16:29.789789+00
0661aa36-e2c3-4bac-a084-8936f510ea06,null,null,whatsapp,inbound,webhook_unparsed,unparsed-d7115386-c8ea-4d9a-8097-9872e8fa858b,null,unknown,null,received,df1e246d-35d7-49c2-9cda-cf1013980b3f,null,payload_shape_not_recognized,2026-06-30 11:16:32.620983+00,2026-06-30 11:16:32.620983+00
7be16c35-c68e-48c5-b05c-daa45d250469,00000000-0000-0000-0000-000000000001,b4a50439-db13-dc26-d980-eb079b321460,whatsapp,inbound,message,wamid.HBgMOTE5MDA4NzE1NjA5FQIAEhggQUNGNUQ1N0RGQjE5OTNBNTc3NDFDREZBQkM2QTUzNEMA,null,text,null,received,70d0f2df-65bd-4ad9-8351-2b7760c8a539,null,null,2026-06-30 11:16:38.270721+00,2026-06-30 11:16:38.270721+00
6c4817f6-22c8-4c0c-a03a-71078b7ea6dc,null,null,whatsapp,inbound,webhook_unparsed,unparsed-70e1be08-86f6-45d9-9ebd-97a9f11f4478,null,unknown,null,received,7107294a-ce85-418f-b2ca-aa5f2947630f,null,payload_shape_not_recognized,2026-06-30 11:16:46.179537+00,2026-06-30 11:16:46.179537+00
a24de08c-eed7-4a0f-aece-167c16b6f737,00000000-0000-0000-0000-000000000001,b4a50439-db13-dc26-d980-eb079b321460,whatsapp,inbound,message,wamid.HBgMOTE5MDA4NzE1NjA5FQIAEhggQUMwRTBEMkQ1RDQ0MkVGQjE3RDFDRTkxRjk5ODQ3QUMA,null,image,null,received,93dc4bce-c985-4523-9deb-9594eb09da7d,null,null,2026-06-30 11:17:03.039516+00,2026-06-30 11:17:03.039516+00
e0ac4d2c-de4f-494d-b061-5acae1eaaca3,null,null,whatsapp,inbound,webhook_unparsed,unparsed-5dcf7f0c-b192-4c87-87ec-4a60bed1c5d0,null,unknown,null,received,128e76f0-5e75-4cb6-9a69-1f86229ef710,null,payload_shape_not_recognized,2026-06-30 11:17:07.777343+00,2026-06-30 11:17:07.777343+00
69aaadff-42a4-429e-b31c-29045c0ab182,null,null,whatsapp,inbound,webhook_unparsed,unparsed-1abfe2e8-f2dc-4553-84f7-1e7e26416c67,null,unknown,null,received,5add5060-3ab8-48fd-be78-353709f88096,null,payload_shape_not_recognized,2026-06-30 11:17:31.475269+00,2026-06-30 11:17:31.475269+00
0f97c1c5-8fa4-47b0-864c-6ac1b13b3e2e,null,null,whatsapp,inbound,webhook_unparsed,unparsed-6728d1b3-7948-423d-bf5a-9c0f56da23e9,null,unknown,null,received,b3929926-eed9-4634-9296-a68d1003c9e0,null,payload_shape_not_recognized,2026-06-30 11:17:43.834729+00,2026-06-30 11:17:43.834729+00
ed9f1e53-52bd-4203-9a24-d13019b65383,null,null,whatsapp,inbound,webhook_unparsed,unparsed-22645d73-6551-42f5-a5a4-09a78d820754,null,unknown,null,received,39b1c8ca-350d-432e-89da-39996888d89c,null,payload_shape_not_recognized,2026-06-30 11:18:29.839271+00,2026-06-30 11:18:29.839271+00
c8827123-2636-4796-9731-2dca13420e60,null,null,whatsapp,inbound,webhook_unparsed,unparsed-fc0b0e36-5134-4a61-bdd5-25f30fcc6a3f,null,unknown,null,received,e13fb618-48dd-413e-ab6c-999a76ec3603,null,payload_shape_not_recognized,2026-06-30 11:18:37.807774+00,2026-06-30 11:18:37.807774+00
970572fd-1f89-4787-84b2-71466da87a56,00000000-0000-0000-0000-000000000001,89d188b4-94a9-2f97-e068-155ed8ec3f5e,whatsapp,inbound,message,wamid.HBgMOTE2Mzk1ODc3NzkyFQIAEhgUM0E3MjA4Mzk4RjJBREI1MDg5NzYA,null,text,null,received,45817035-456e-4848-b500-192c19af010f,null,null,2026-06-30 11:20:12.487115+00,2026-06-30 11:20:12.487115+00
644572c2-19f9-4847-9341-ba0586cb3228,00000000-0000-0000-0000-000000000001,2794ccf7-4966-f00d-35d6-34ac17db73ea,whatsapp,inbound,message,wamid.HBgMOTE5NzkwNDUzMjU4FQIAEhgUM0FFMzA2RjE2RTFENkVBNTg3QkMA,null,text,null,received,6d48fc03-0336-4205-a1b0-6ddab4d9b58a,null,null,2026-06-30 11:21:26.118509+00,2026-06-30 11:21:26.118509+00
02562e34-f5cc-4200-a027-b9a0a51e2024,00000000-0000-0000-0000-000000000001,521635f8-15aa-4ce1-ab2f-276095cbbe1a,whatsapp,inbound,message,wamid.HBgMOTE4MDU2NzczMjQyFQIAEhggQUM0REY4N0JFMTQwREY1MzAwNjc0RUNDRDE1MTU3OTQA,null,text,null,received,502cfc5c-2548-4bd5-8c6c-31332eec7341,null,null,2026-06-30 11:29:35.911096+00,2026-06-30 11:29:35.911096+00
a7adb9c1-5c69-4b08-82f0-e1fc590d202d,null,null,whatsapp,inbound,webhook_unparsed,unparsed-e447ee2d-22d7-482f-917e-c31fd9480440,null,unknown,null,received,1ed54179-13f2-4136-ae22-db91dd6ac305,null,payload_shape_not_recognized,2026-06-30 11:35:31.585091+00,2026-06-30 11:35:31.585091+00
a2042d3e-cf27-4100-8e57-1d7ea66b4b58,00000000-0000-0000-0000-000000000001,073e4bd7-f1f1-49d3-604f-c365b9952a6c,whatsapp,inbound,message,wamid.HBgMOTE5MDgwMTU1ODI2FQIAEhggQUNDNjRDODc4QkJEOEY2RjdGNEM3QzUxREI5RkFCNEIA,null,text,null,received,6a4b111d-641a-4aee-8dbb-438a1014c11b,null,null,2026-06-30 11:35:51.429454+00,2026-06-30 11:35:51.429454+00
8d28a30d-93f3-4c74-9d02-3c8d469c677e,00000000-0000-0000-0000-000000000001,073e4bd7-f1f1-49d3-604f-c365b9952a6c,whatsapp,inbound,message,wamid.HBgMOTE5MDgwMTU1ODI2FQIAEhggQUM1MUZFQjNDODg4NzVDQUE5MDcxOEU4NzFFM0M0RkUA,null,text,null,received,da33fae4-e3f3-4273-a974-e202062c83d2,null,null,2026-06-30 11:35:55.744372+00,2026-06-30 11:35:55.744372+00
01446a9c-f363-41d7-9c5d-9ed3067caac3,null,null,whatsapp,inbound,webhook_unparsed,unparsed-eb46b97e-1e24-418b-a115-b5fe63c88ac4,null,unknown,null,received,1a30239d-7e5c-4672-a8e2-f5a34da6e2f4,null,payload_shape_not_recognized,2026-06-30 11:36:15.945314+00,2026-06-30 11:36:15.945314+00
ab654bda-ee72-442b-8689-f16d4803e8f8,null,null,whatsapp,inbound,webhook_unparsed,unparsed-f1a967f2-ab8f-441f-8037-79a09a5738c1,null,unknown,null,received,fd94e0ce-fae7-492b-96ee-888ca2eb1022,null,payload_shape_not_recognized,2026-06-30 11:36:43.670524+00,2026-06-30 11:36:43.670524+00
f801ac3b-0628-4ff0-a93c-ad3e38eebc58,00000000-0000-0000-0000-000000000001,073e4bd7-f1f1-49d3-604f-c365b9952a6c,whatsapp,inbound,message,wamid.HBgMOTE5MDgwMTU1ODI2FQIAEhggQUNGM0U1MzE5QTkwOTAxQjE2RUQxOEJFNEY1MkU2QTMA,null,text,null,received,5df9490d-fc87-4f92-bc4d-3df184b9b472,null,null,2026-06-30 11:36:45.885486+00,2026-06-30 11:36:45.885486+00
4434f938-b071-4b09-9526-6f5057d66ad9,00000000-0000-0000-0000-000000000001,073e4bd7-f1f1-49d3-604f-c365b9952a6c,whatsapp,inbound,message,wamid.HBgMOTE5MDgwMTU1ODI2FQIAEhggQUNGRTNBNTdEMTlCRjhFQkFENERFOUVCQzM1NTFGRUUA,null,text,null,received,0e5ec061-d70c-49cb-8c24-5c6a585c1436,null,null,2026-06-30 11:37:02.794256+00,2026-06-30 11:37:02.794256+00
644180e9-e2d4-4b52-942d-f8751f2d3b2f,00000000-0000-0000-0000-000000000001,073e4bd7-f1f1-49d3-604f-c365b9952a6c,whatsapp,inbound,message,wamid.HBgMOTE5MDgwMTU1ODI2FQIAEhggQUNGN0VFNzRFQTk1MURDMUM3MjRCMUIwNTUyQUY3RTgA,null,text,null,received,bc3040a7-b834-4583-b06e-1ff3ba711857,null,null,2026-06-30 11:37:04.480464+00,2026-06-30 11:37:04.480464+00
5af2ac1f-fe65-4e9d-8555-7047c4dbb733,00000000-0000-0000-0000-000000000001,073e4bd7-f1f1-49d3-604f-c365b9952a6c,whatsapp,inbound,message,wamid.HBgMOTE5MDgwMTU1ODI2FQIAEhggQUM5QzRGOTkwRDREQzlEN0NCMDIwOTc2NDc3ODc5M0MA,null,text,null,received,2d03e441-c731-486e-979e-b888290407e9,null,null,2026-06-30 11:37:13.207088+00,2026-06-30 11:37:13.207088+00
cbf05a99-9f22-4f7e-8c0e-ceee951ea048,null,null,whatsapp,inbound,webhook_unparsed,unparsed-24acdac2-5856-4727-bac0-e18ca0db66be,null,unknown,null,received,fdfee6cd-324b-4d45-a565-8b7d42baab2a,null,payload_shape_not_recognized,2026-06-30 11:39:11.145715+00,2026-06-30 11:39:11.145715+00
79830f45-a0ee-4779-98bd-90b8ffbd8d66,00000000-0000-0000-0000-000000000001,073e4bd7-f1f1-49d3-604f-c365b9952a6c,whatsapp,inbound,message,wamid.HBgMOTE5MDgwMTU1ODI2FQIAEhggQUNCMUY3NjE2NTdGM0I0RkYwQjYwMUFEMTc3RTc0NkYA,null,text,null,received,69f9a57a-49d9-44e7-bd39-e95c919f0cd4,null,null,2026-06-30 11:39:35.253312+00,2026-06-30 11:39:35.253312+00
e18f9e62-5636-4388-b18b-3174413538b0,00000000-0000-0000-0000-000000000001,073e4bd7-f1f1-49d3-604f-c365b9952a6c,whatsapp,inbound,message,wamid.HBgMOTE5MDgwMTU1ODI2FQIAEhggQUNERDNCNDUwODY3RTk4MEUxMzNEMDM4MkQ3MTIzRTcA,null,text,null,received,2537ae9e-107c-41e0-ba88-01d2c304e0a1,null,null,2026-06-30 11:39:54.968481+00,2026-06-30 11:39:54.968481+00
bf9dc62c-3ea5-472a-9ae7-0524461e349e,null,null,whatsapp,inbound,webhook_unparsed,unparsed-1a760017-14aa-40f6-a454-597a83682fc1,null,unknown,null,received,74b98433-db77-46db-b63c-c7eb52bc84aa,null,payload_shape_not_recognized,2026-06-30 11:41:44.372409+00,2026-06-30 11:41:44.372409+00
25cefa28-927d-4b7d-8b08-89e6025176e2,null,null,whatsapp,inbound,webhook_unparsed,unparsed-076124ab-fc07-441d-8b1d-798bb0e951d9,null,unknown,null,received,d1a10c8f-cc5c-4f0e-babc-18afab96f6ad,null,payload_shape_not_recognized,2026-06-30 11:41:52.4834+00,2026-06-30 11:41:52.4834+00
4e687097-a006-4ac1-943b-d5ff6a1d1935,00000000-0000-0000-0000-000000000001,073e4bd7-f1f1-49d3-604f-c365b9952a6c,whatsapp,inbound,message,wamid.HBgMOTE5MDgwMTU1ODI2FQIAEhggQUNDRjdDNDE0QTVFRjgwOTY1OEEwQTQwODRFRjVGNUQA,null,text,null,received,1118793b-a4c1-47e1-b56e-4af38fd77fea,null,null,2026-06-30 11:42:19.16198+00,2026-06-30 11:42:19.16198+00
890006e2-7e81-43ef-ae4a-a5a3cd64a2b3,null,null,whatsapp,inbound,webhook_unparsed,unparsed-949463b2-8ab5-406c-a8e3-b50a436c1349,null,unknown,null,received,59b7521f-8e9f-4988-a0bd-fbaffa5d96b2,null,payload_shape_not_recognized,2026-06-30 11:42:21.558478+00,2026-06-30 11:42:21.558478+00
e7a92301-d3b0-452d-96ed-55a941b6e255,null,null,whatsapp,inbound,webhook_unparsed,unparsed-6f33d29d-779e-40bc-8997-7e193896769c,null,unknown,null,received,d30038ac-7cb2-4a6c-b318-59c33cabb204,null,payload_shape_not_recognized,2026-06-30 11:42:50.504144+00,2026-06-30 11:42:50.504144+00
2b396a07-69fd-46a0-8f10-fd4fbe7bb78e,00000000-0000-0000-0000-000000000001,79e31f6f-69dc-a40c-27d7-3f076878f83c,whatsapp,inbound,message,wamid.HBgMOTE3MDYzOTA5NDczFQIAEhggQUMwMzJCQjIyMDUwRjI4RURDNDE4QkVFRjNFMkU1OEIA,null,image,null,received,eaace302-1382-4487-8573-a942d991c0cd,null,null,2026-06-30 11:46:16.974427+00,2026-06-30 11:46:16.974427+00
6349affa-6dbb-4b62-9db3-fa26ccba6cf6,00000000-0000-0000-0000-000000000001,b0348aa8-ad9f-d0dd-94e8-c71a6627c930,whatsapp,inbound,message,wamid.HBgMOTE5NjU5Mzc5NTE0FQIAEhgUNEE3Q0NDOUFBNDU4QjQ5M0Q4MDkA,null,image,null,received,3e6084b8-8bdf-44c0-a917-9dc14a1c6a8a,null,null,2026-06-30 11:51:48.240185+00,2026-06-30 11:51:48.240185+00
4d2f3071-32fb-4e7d-9dbd-6db1e83d6612,00000000-0000-0000-0000-000000000001,1b003ea3-bdcb-0416-c3c2-8ff60f2f65f5,whatsapp,inbound,message,wamid.HBgMOTE5MDM1MTQ2MzI2FQIAEhggQUM0NzFDODdBNzM4ODg4MkQ2QkNDMkYwM0UxQjYzQjMA,null,image,null,received,464608c6-1bb1-478f-b390-9e337a22d4e9,null,null,2026-06-30 11:59:42.766466+00,2026-06-30 11:59:42.766466+00
9f4df43f-6314-4761-bec0-365c1bc29b24,null,null,whatsapp,inbound,webhook_unparsed,unparsed-643ef4bb-b300-4428-b3eb-d644177695a0,null,unknown,null,received,53f6970f-b4f7-4c4b-97ff-2b9fe13bb0aa,null,payload_shape_not_recognized,2026-06-30 12:04:09.11707+00,2026-06-30 12:04:09.11707+00
2dbf5920-88a4-45da-a11e-5d42c91c2fa3,null,null,whatsapp,inbound,webhook_unparsed,unparsed-f0bea395-8419-44f2-9e6b-a05611635ba4,null,unknown,null,received,47278af1-0e62-46e3-a1d6-61baa6ce0717,null,payload_shape_not_recognized,2026-06-30 12:04:24.287636+00,2026-06-30 12:04:24.287636+00
af303f71-5a54-4334-b3b1-c1f7b964909c,null,null,whatsapp,inbound,webhook_unparsed,unparsed-7ec79ef0-ae4f-419d-97c7-61e2db2b66e8,null,unknown,null,received,ab17913c-62c3-4571-91d4-1783826f7693,null,payload_shape_not_recognized,2026-06-30 12:04:41.430925+00,2026-06-30 12:04:41.430925+00
77980d42-7f32-4aa5-9849-c4f4285d9afa,00000000-0000-0000-0000-000000000001,8334eb99-0bc0-3c80-9ff8-83bea3d7b5ef,whatsapp,inbound,message,wamid.HBgMOTE5MzM0MTE4ODQ0FQIAEhggQUMwMUI3MDVGQzQ4NkJGMkVDRDEwQzZFMEE4NDY2NjIA,null,image,null,received,d22916eb-21b7-40a6-a496-ceaae027a272,null,null,2026-06-30 12:07:15.54747+00,2026-06-30 12:07:15.54747+00
b04bdc19-af52-448a-862a-a34904682cab,00000000-0000-0000-0000-000000000001,8334eb99-0bc0-3c80-9ff8-83bea3d7b5ef,whatsapp,inbound,message,wamid.HBgMOTE5MzM0MTE4ODQ0FQIAEhggQUNENzA4QzQyRENDOEVFNTE3Nzg0QTk0N0YzQzBCMUQA,null,text,null,received,4234664c-3b9a-4a62-b596-7a230922767b,null,null,2026-06-30 12:08:12.58805+00,2026-06-30 12:08:12.58805+00
14ee21dc-22a0-47e1-a1e0-0b098fd3a3e1,00000000-0000-0000-0000-000000000001,8334eb99-0bc0-3c80-9ff8-83bea3d7b5ef,whatsapp,inbound,message,wamid.HBgMOTE5MzM0MTE4ODQ0FQIAEhggQUNCMzI0Q0U0NUVBMzY5MzU2OTJCRUQzMDk3Q0Y1RkIA,null,text,null,received,15d75ff9-2c2a-4db2-9cbf-35d756a82581,null,null,2026-06-30 12:08:23.002168+00,2026-06-30 12:08:23.002168+00
9b5af72e-7ae6-43aa-b238-dc2f794751d8,00000000-0000-0000-0000-000000000001,8334eb99-0bc0-3c80-9ff8-83bea3d7b5ef,whatsapp,inbound,message,wamid.HBgMOTE5MzM0MTE4ODQ0FQIAEhggQUMwMURCRDNDQzBCMEQ5OTdCQzVDNUI0MkNFQjYzNUMA,null,text,null,received,c141769a-a37d-41f2-ad78-71020d2dac9a,null,null,2026-06-30 12:08:36.677645+00,2026-06-30 12:08:36.677645+00
49581ac2-5643-4eec-8c33-ffc7382a1762,00000000-0000-0000-0000-000000000001,950dd22f-78fa-d205-48b3-fe5a5cc7438e,whatsapp,inbound,message,wamid.HBgMOTE5OTQ1NjY3MjcxFQIAEhggQUNCMUMyM0E4MTIxRjBFOTkyQUEwOEM3MzM4MDYwRTAA,null,image,null,received,5adf5d56-3588-4489-90aa-d16ed9738464,null,null,2026-06-30 12:20:59.140209+00,2026-06-30 12:20:59.140209+00
2a3f7097-3e91-48a0-8436-f8d7feb13545,00000000-0000-0000-0000-000000000001,44bf5771-a669-438c-a190-88aab999cfae,whatsapp,inbound,message,wamid.HBgMOTE5Mjg4MDAwNjAxFQIAEhggQUM3RkRDQzVDQzkyQjBFOEQ5RDI5MTlFRjdBREJGMjYA,null,text,null,received,4ee9a6e3-7991-46f9-96f5-dbcf6f8ad440,null,null,2026-06-30 12:48:00.713183+00,2026-06-30 12:48:00.713183+00
3e19f036-cbd5-4186-8753-8cd472f1d06a,null,null,whatsapp,inbound,webhook_unparsed,unparsed-bd22981b-d39b-4572-a299-f84c60498f88,null,unknown,null,received,059e90bd-fced-42ec-93a8-3ce283605067,null,payload_shape_not_recognized,2026-06-30 12:49:33.526314+00,2026-06-30 12:49:33.526314+00
af0da9ee-96a1-4e54-9fad-aea37e30b670,00000000-0000-0000-0000-000000000001,44bf5771-a669-438c-a190-88aab999cfae,whatsapp,inbound,message,wamid.HBgMOTE5Mjg4MDAwNjAxFQIAEhggQUM4NzMyNDk5NzNFMUMxOTU5RjNCMjQ4MUNEMjIwMzcA,null,text,null,received,9f191878-a485-4ebc-b6b9-4f602b651fee,null,null,2026-06-30 12:52:14.491661+00,2026-06-30 12:52:14.491661+00
b737f74d-a481-495e-b148-6c6bc6ec183c,00000000-0000-0000-0000-000000000001,8aacbc78-5e56-b3c0-f8bc-fcb5490b94f3,whatsapp,inbound,message,wamid.HBgMOTE5ODk0MjEwOTMxFQIAEhgUNEFCQTkwNDI1MTA5MUI2NDEwQkMA,null,image,null,received,0a409e64-3347-47c5-af82-f330f44a276a,null,null,2026-06-30 13:13:08.242835+00,2026-06-30 13:13:08.242835+00
3250a3ae-d8e6-4c0b-89f7-b67f51e61812,00000000-0000-0000-0000-000000000001,93eb3d6a-d35b-ef1f-83b8-7430b6ad1674,whatsapp,inbound,message,wamid.HBgMOTE4NDE2OTI4MzU2FQIAEhggQUMxODM5QTg1MzAwNjlCNUMxQThDNEVFNEM3MTE2NzEA,null,image,null,received,41c60b7d-1738-4ad1-a94d-a34fb775f6e5,null,null,2026-06-30 13:55:41.826374+00,2026-06-30 13:55:41.826374+00
73d6fd26-7cc7-4c15-870d-3e64d543e9be,00000000-0000-0000-0000-000000000001,cda37b51-1bbc-af0d-a560-49af88fdc751,whatsapp,inbound,message,wamid.HBgMOTE5NDg2MjY2MTcyFQIAEhggQUNENDc4REUxMTFGMUUyN0VFNzAwMzc3MzgxRkM2OTcA,null,image,null,received,e870a801-2ad6-4c98-8f5f-927463584f93,null,null,2026-06-30 14:23:01.696613+00,2026-06-30 14:23:01.696613+00
98502d7b-38ba-4ea7-aa7d-7d4c767e5a35,00000000-0000-0000-0000-000000000001,8e39a9bd-3317-b2a6-22a6-16fa4cab9632,whatsapp,inbound,message,wamid.HBgMOTE5NDgzOTI0OTY4FQIAEhgUNEFFODA0Nzg1M0YzQjU2MDE1MzQA,null,image,null,received,fdb01c72-ecf0-4416-85e2-7aa59213a3c5,null,null,2026-06-30 15:12:21.915271+00,2026-06-30 15:12:21.915271+00
5b9efd6d-b3f2-447e-b288-1d84d62b2227,00000000-0000-0000-0000-000000000001,8e39a9bd-3317-b2a6-22a6-16fa4cab9632,whatsapp,inbound,message,wamid.HBgMOTE5NDgzOTI0OTY4FQIAEhgUM0EwN0Y2REJFNjUzNjEwQUIzRDAA,null,text,null,received,45842df4-f718-4909-8fe8-e9b542d01a4f,null,null,2026-06-30 15:12:48.823461+00,2026-06-30 15:12:48.823461+00
c008487b-539e-4198-8d50-fbe12ff46fdd,00000000-0000-0000-0000-000000000001,4f75b0ca-7bed-c37c-cfd4-1e361a1bb6d4,whatsapp,inbound,message,wamid.HBgMOTE4Mjk5MjYzNDE1FQIAEhgUM0FBN0FCOTlCRDZGMjFBREJCOEMA,null,text,null,received,7cdcbaa4-5d9f-4f0f-938c-5cf343afaa82,null,null,2026-06-30 18:05:57.926654+00,2026-06-30 18:05:57.926654+00
f717bcde-56c0-4dab-af4c-2493850ac8cb,00000000-0000-0000-0000-000000000001,4f75b0ca-7bed-c37c-cfd4-1e361a1bb6d4,whatsapp,inbound,message,wamid.HBgMOTE4Mjk5MjYzNDE1FQIAEhgUM0E3OEYxMEQxODJFOUNGNzQwNjUA,null,text,null,received,d11fc0df-b2fa-4f62-a64b-467985152676,null,null,2026-06-30 18:06:25.215367+00,2026-06-30 18:06:25.215367+00
7b15e24e-23f7-4eaa-820d-19581db1f690,00000000-0000-0000-0000-000000000001,ba8dd5e0-ed0e-8b6a-7098-2732476feb31,whatsapp,inbound,message,wamid.HBgMOTE5MDAzNjI4OTYwFQIAEhgUM0E1NkU5NDY2MEU4MzkyRkNCRDIA,null,text,null,received,6349ad6d-3a67-469e-b217-2d35d64599b1,null,null,2026-06-30 20:28:59.865463+00,2026-06-30 20:28:59.865463+00
e77262eb-28a1-466a-b303-9d96e663197d,00000000-0000-0000-0000-000000000001,5b45a840-9d6c-242e-0e2f-2e2c972c2eec,whatsapp,inbound,message,wamid.HBgMOTE2MzYxNzMzOTg4FQIAEhggQUMzMzMxQkVBNjg3RTE3Rjg2MzZEODczN0NBQjBGRDkA,null,image,null,received,8a8b0f9a-a14a-42f1-8a16-77c0d8e2bf3d,null,null,2026-07-01 01:36:01.419273+00,2026-07-01 01:36:01.419273+00
34e3d44c-65ab-443a-a8fc-4bcf51de13f2,00000000-0000-0000-0000-000000000001,1dc2bdca-ae79-4cd5-9d74-961c02cce282,whatsapp,inbound,message,wamid.HBgMOTE3MDE0NjA4OTgxFQIAEhggQUNFNjBGQjc1MEIzNjVBQjRFRjk4N0FDQzA0QzgyNzEA,null,image,null,received,6ca1e7a0-d5b6-4364-938d-59e672b16456,null,null,2026-07-01 01:50:14.915112+00,2026-07-01 01:50:14.915112+00
9414fd51-da74-40cd-80fa-9fefe8b07926,null,null,whatsapp,inbound,message,wamid.HBgMOTE2MzY0OTIyMTk0FQIAEhgSNjE2OURDRjlBNjc3MzRDNjFEAA==,null,text,null,received,a2d4715c-23c1-48ee-b277-a12f69a8e0ca,null,null,2026-07-01 02:46:33.312999+00,2026-07-01 02:46:33.312999+00
94882758-d664-4f99-b939-610a99e542a5,null,null,whatsapp,inbound,message,wamid.HBgMOTE2MzY0OTIyMTk0FQIAEhgSNzMxNkVDNjJGNjFCRjY3NEIyAA==,null,text,null,received,d90257ae-7f3d-45d8-9b0a-352b3a1a0116,null,null,2026-07-01 02:56:41.184953+00,2026-07-01 02:56:41.184953+00
2afdda5a-a96f-41df-bcfd-863392aef669,null,null,whatsapp,inbound,message,wamid.HBgMOTE2MzY0OTIyMTk0FQIAEhgSRDA4RDAyQjQwQkMyMDE4MjQyAA==,null,text,null,received,3910b531-724d-4f7a-b4b1-9bff44df6080,null,null,2026-07-01 03:02:39.771986+00,2026-07-01 03:02:39.771986+00
fc0be7dd-1683-40be-829f-ff4d72168544,00000000-0000-0000-0000-000000000001,18d86801-3cb7-11d4-8b9d-433429296014,whatsapp,inbound,message,wamid.HBgMOTE5NDg5NzcwNDM0FQIAEhgUNEEyRTVCQzA0OENENDhFNUNBOEYA,null,image,null,received,04024dd6-5c8b-49ee-a35e-394ffd11b45b,null,null,2026-07-01 03:26:03.990897+00,2026-07-01 03:26:03.990897+00
b26e3bd5-3dff-40f3-a1c8-aba8c06fd4bb,null,null,whatsapp,inbound,message,wamid.HBgMOTE2MzY0OTIyMTk0FQIAEhgSNkQ0NjEwNjc0NUQ1QzdFNzVEAA==,null,text,null,received,06b63c87-4b3e-43e2-8778-91421d740caa,null,null,2026-07-01 03:36:35.488519+00,2026-07-01 03:36:35.488519+00
162d82a5-e9a2-4422-90ee-7015246a608b,null,null,whatsapp,inbound,message,wamid.HBgMOTE4MTA1NzQ5MDE4FQIAEhgSM0VBNDBCMzE0QzczNUUwNUQxAA==,null,text,null,received,4eae2fed-a006-4c1c-bc77-ca76a6d6ead5,null,null,2026-07-01 04:34:34.456934+00,2026-07-01 04:34:34.456934+00
61e174da-995e-47ef-84c1-42d46dbb2162,null,null,whatsapp,inbound,message,wamid.HBgMOTE2MzY0OTIyMTk0FQIAEhgSN0ZCREUwQ0NENUJDRDE1MDU3AA==,null,text,null,received,52208806-9f31-47e4-806f-7ddd724b351b,null,null,2026-07-01 04:50:42.972755+00,2026-07-01 04:50:42.972755+00
0f5732e9-ded5-4548-80dd-dfa9558d1713,00000000-0000-0000-0000-000000000001,a7dadee2-80e3-eba0-084f-5f1847bb3aa4,whatsapp,inbound,message,wamid.HBgMOTE5MDM3MDgwMDQzFQIAEhgUNEExNzZEN0M0OTlCNTcyMDNDQTcA,null,image,null,received,ea57aa21-93d7-44b5-adb8-44c01882a93d,null,null,2026-07-01 04:55:36.252328+00,2026-07-01 04:55:36.252328+00
1c2a00b3-995c-4e22-a89d-ec3a033df44b,00000000-0000-0000-0000-000000000001,a7dadee2-80e3-eba0-084f-5f1847bb3aa4,whatsapp,inbound,message,wamid.HBgMOTE5MDM3MDgwMDQzFQIAEhgUMkEyOUY1QTQwQUExNkIyMDA5MDcA,null,text,null,received,4b386722-ad0c-4304-9820-fa7f3b808279,null,null,2026-07-01 04:56:13.34934+00,2026-07-01 04:56:13.34934+00
8f8d0c10-4048-4fac-8456-239227a481eb,null,null,whatsapp,inbound,webhook_unparsed,unparsed-738ca19a-92b0-4d1c-9100-f695ab324531,null,unknown,null,received,f235f4d3-31c5-40a7-bd28-f15e7677a63c,null,payload_shape_not_recognized,2026-07-01 05:05:07.332417+00,2026-07-01 05:05:07.332417+00
15d5cbda-d52d-4723-8b8c-2692f346232b,null,null,whatsapp,inbound,webhook_unparsed,unparsed-8d5bb0ed-5467-48df-8e67-272dc5f662bc,null,unknown,null,received,e06fd9fd-b0f9-4dde-a9e6-d980d892b217,null,payload_shape_not_recognized,2026-07-01 05:05:18.8962+00,2026-07-01 05:05:18.8962+00
afe793ef-76ed-473c-ac1b-f2099425e7ee,00000000-0000-0000-0000-000000000001,c2f58086-b0e6-4083-b634-acc444ebc69f,whatsapp,inbound,message,wamid.HBgMOTE3MzU2MDE1MTk5FQIAEhggQUMwQzAxODFDNjZBRjk1NkYzNEU2NjU2RUJEM0IxRTcA,null,image,null,received,26552374-a71f-4541-9057-d39d5d6a7a6b,null,null,2026-07-01 05:05:33.095039+00,2026-07-01 05:05:33.095039+00
ec90cd49-6139-4653-b4ba-32491e52e1d1,null,null,whatsapp,inbound,webhook_unparsed,unparsed-293c5386-5a8f-4d23-823f-534d11fab773,null,unknown,null,received,dcbcbe03-7a2a-4c79-8635-160bd5de59f5,null,payload_shape_not_recognized,2026-07-01 05:05:44.15756+00,2026-07-01 05:05:44.15756+00
310c83be-c3ae-4525-9ba5-a9c868649ad3,null,null,whatsapp,inbound,webhook_unparsed,unparsed-78b40315-8a9c-444f-8284-d16a29433d54,null,unknown,null,received,ce85f5cf-220e-40f7-bfcc-18149b343494,null,payload_shape_not_recognized,2026-07-01 05:06:30.919327+00,2026-07-01 05:06:30.919327+00
f71f2b9b-09e2-4fb6-a413-e4631a2f2c53,00000000-0000-0000-0000-000000000001,9eb73523-a830-4796-9317-1a3f4e9e7254,whatsapp,inbound,message,wamid.HBgMOTE3OTk0MjMyMjQzFQIAEhggQUM4RDNBRTA4QzY4MDRFREYwNUFEN0VFN0NFRkI5NkEA,null,image,null,received,d43cd404-1a9a-482d-9ddf-422f14baca72,null,null,2026-07-01 05:09:07.086727+00,2026-07-01 05:09:07.086727+00
02c140c2-104a-4bfb-9cdb-d5c0fa35fcab,00000000-0000-0000-0000-000000000001,5fee0a79-3970-704a-2332-f7c7598e86c1,whatsapp,inbound,message,wamid.HBgMOTE4OTAzMDIyODY2FQIAEhgUM0E2QzNCMTI5QTBERTREQzFENTQA,null,text,null,received,a1191cb2-459b-49b3-b7a0-54f4ca1e0548,null,null,2026-07-01 05:13:44.221369+00,2026-07-01 05:13:44.221369+00
85551d5a-bf08-4189-98c2-cb38a871a2f0,00000000-0000-0000-0000-000000000001,79d4d3fe-73c5-a965-030f-c60220ee20cb,whatsapp,inbound,message,wamid.HBgMOTE4NzAwMTI2MzkxFQIAEhgUNEExMkMwN0JBNTM3OEI3NEQzQ0YA,null,image,null,received,0643ad90-c669-42da-bc01-dccbbd024c05,null,null,2026-07-01 05:53:52.691111+00,2026-07-01 05:53:52.691111+00
d3ba9f9b-70c2-47d7-b14d-52495bf08395,null,null,whatsapp,inbound,message,wamid.HBgMOTE2MzY0OTIyMTk0FQIAEhgSODVGMzM4RjI1RkU4N0Q2RjMyAA==,null,text,null,received,d1ade663-e2fe-4b30-ba05-de60cd70bf8f,null,null,2026-07-01 07:14:10.822326+00,2026-07-01 07:14:10.822326+00
841fbef5-8909-4ffc-af07-d0a60145bd78,00000000-0000-0000-0000-000000000001,950dd22f-78fa-d205-48b3-fe5a5cc7438e,whatsapp,inbound,message,wamid.HBgMOTE5OTQ1NjY3MjcxFQIAEhggQUM0NTYxQzMyQTQ4NzE1QTJEMDNBQTBFREFDMTkyMTEA,null,text,null,received,215c5314-2a43-4090-87c0-f873474d3619,null,null,2026-07-01 07:28:24.003278+00,2026-07-01 07:28:24.003278+00
00f16aa6-5186-4099-8605-92070a81459d,00000000-0000-0000-0000-000000000001,950dd22f-78fa-d205-48b3-fe5a5cc7438e,whatsapp,inbound,message,wamid.HBgMOTE5OTQ1NjY3MjcxFQIAEhggQUM4OENERENCNjgwMkNDNTFEQTM4OTcwMjcwOTQ4ODgA,null,text,null,received,bf3574f5-7f20-4ffd-8218-5af2e4d6f550,null,null,2026-07-01 07:29:39.366512+00,2026-07-01 07:29:39.366512+00
a86fe058-a78b-439b-abd6-a6c148d250f4,00000000-0000-0000-0000-000000000001,f91c2854-a88b-4630-b2a6-c48401e4dd14,whatsapp,inbound,message,wamid.HBgMOTE5NjI2MTI1NTQ0FQIAEhgUNEEyNDY5NTdGM0Q5RTJDMEJGMTkA,null,image,null,received,926c07fd-dfbb-4d23-824b-ed6b8bc687f6,null,null,2026-07-01 07:34:42.140856+00,2026-07-01 07:34:42.140856+00
a34f66ea-acbc-4587-bbd3-9e4026ddfb68,null,null,whatsapp,inbound,message,wamid.HBgMOTE2MzY0OTIyMTk0FQIAEhgSREM2QTUxQ0ZFRUU0NEEwOEE1AA==,null,text,null,received,064eda0f-8c8a-470f-8ea6-1d1701f948e8,null,null,2026-07-01 08:59:10.145031+00,2026-07-01 08:59:10.145031+00
caea38fa-7197-4782-99fd-195645fe42d8,00000000-0000-0000-0000-000000000001,1a171004-7682-1c39-e6a2-758b668c33b0,whatsapp,inbound,message,wamid.HBgMOTE5MDY0MjEzODM0FQIAEhggQUNCQ0Q2N0M1RjdBRkVFQjMxNDBEQzVFRDMxNTA5ODAA,null,image,null,received,f4c60ad4-e5d9-4e36-9687-c311ba16ec63,null,null,2026-07-01 09:22:58.997247+00,2026-07-01 09:22:58.997247+00
73c072d2-e275-4c40-819d-963944d39a4d,00000000-0000-0000-0000-000000000001,080eae03-9f65-4515-aec2-8924472923dd,whatsapp,inbound,message,wamid.HBgMOTE5NzQ2MzMxNDkwFQIAEhgUM0E0RkNDQkFDQzkzMkREQTYxQUEA,null,text,null,received,42cbde47-bae1-4b94-903e-4339b0e2eb7c,null,null,2026-07-01 10:30:16.16616+00,2026-07-01 10:30:16.16616+00
19b79035-bff2-4077-a8be-1ee449b479f3,00000000-0000-0000-0000-000000000001,080eae03-9f65-4515-aec2-8924472923dd,whatsapp,inbound,message,wamid.HBgMOTE5NzQ2MzMxNDkwFQIAEhgUM0E1MTE1NUEzNDk1RTc2ODBEMDYA,null,text,null,received,b6f80ab5-6c70-44a6-a671-14ce9d976089,null,null,2026-07-01 10:32:29.649996+00,2026-07-01 10:32:29.649996+00
59e30b2a-0808-4710-8a6f-2697e1898ee9,00000000-0000-0000-0000-000000000001,080eae03-9f65-4515-aec2-8924472923dd,whatsapp,inbound,message,wamid.HBgMOTE5NzQ2MzMxNDkwFQIAEhgUM0FCMTkzRDgxNEI1QkYwRDU2ODYA,null,text,null,received,7c863e0e-63dd-4b60-9207-e38df97cfc0e,null,null,2026-07-01 10:32:44.977172+00,2026-07-01 10:32:44.977172+00
3bd72ae2-f841-45bc-ba42-51d027c2f8ff,00000000-0000-0000-0000-000000000001,61492721-611b-479f-9815-e09e0d7c95fd,whatsapp,inbound,message,wamid.HBgMOTE5NDk3ODIyMjgwFQIAEhggQUMyRjQzMzRGMUY2NUMxRTNDNTIxQzZBQkIzNUJDOEMA,null,text,null,received,282eb227-a107-45bc-92d1-f00d76ce61bf,null,null,2026-07-01 10:40:55.725135+00,2026-07-01 10:40:55.725135+00
3bc24242-80c4-40f5-b480-5208c5a1c829,00000000-0000-0000-0000-000000000001,61492721-611b-479f-9815-e09e0d7c95fd,whatsapp,inbound,message,wamid.HBgMOTE5NDk3ODIyMjgwFQIAEhggQUMwMzA2NUM0QTUyMjFDRDNBMEQyQkU2Q0RBQzQyODQA,null,text,null,received,930fb34b-8e41-4cef-b051-f34628de9ef3,null,null,2026-07-01 10:41:10.798582+00,2026-07-01 10:41:10.798582+00
1a766568-a542-48ef-843b-8a951cbae2c0,00000000-0000-0000-0000-000000000001,30f37c32-22c8-495f-9468-246790e56559,whatsapp,inbound,message,wamid.HBgMOTE3MjE4NzY3NTAwFQIAEhggQUM1Q0U1OTI5OUVENUZBNkREODNBMTdGMTczRjk2N0UA,null,text,null,received,a9d7899f-09cc-45d2-8d9f-b3e1c0b18644,null,null,2026-07-01 11:17:41.220227+00,2026-07-01 11:17:41.220227+00
d3c5fbe5-baca-474a-b750-5fd91afd7bda,null,null,whatsapp,inbound,webhook_unparsed,unparsed-f1dd63d6-99c5-44e4-ad42-04521d2502d0,null,unknown,null,received,d5f1d5b0-ecf1-47f2-bf2d-df572106533b,null,payload_shape_not_recognized,2026-07-01 11:44:42.539014+00,2026-07-01 11:44:42.539014+00
2bbdbe1a-53fe-41a1-a9a1-835914e9e842,null,null,whatsapp,inbound,webhook_unparsed,unparsed-dc20b6d0-3ed1-46cd-b597-66629e7fc48b,null,unknown,null,received,78805825-07e4-4d75-9488-68eb86b4b5f7,null,payload_shape_not_recognized,2026-07-01 11:45:28.448794+00,2026-07-01 11:45:28.448794+00
86f1f9af-ad34-4351-9d2e-b82301784768,null,null,whatsapp,inbound,webhook_unparsed,unparsed-8c08b092-0843-4a94-83ff-f67f2b25fa45,null,unknown,null,received,74bfb4bc-b25f-4760-86d1-6deb5c3f26ba,null,payload_shape_not_recognized,2026-07-01 11:45:43.295964+00,2026-07-01 11:45:43.295964+00
fd2fc03b-01df-47dd-a6d1-ddfcb393a0f9,null,null,whatsapp,inbound,webhook_unparsed,unparsed-297ef747-32a4-40e6-83b7-edc538947297,null,unknown,null,received,a3de4381-6c05-4bcf-8cdf-4b73f4fa63cd,null,payload_shape_not_recognized,2026-07-01 11:45:58.930003+00,2026-07-01 11:45:58.930003+00
365cd3d9-84d4-44d4-95d9-5a23d3636bf6,00000000-0000-0000-0000-000000000001,61492721-611b-479f-9815-e09e0d7c95fd,whatsapp,inbound,message,wamid.HBgMOTE5NDk3ODIyMjgwFQIAEhggQUM1RjU0NjdDRUY5QjY4MjdCMTQzM0EwQkI0RkZGQzcA,null,text,null,received,ffd24ed5-38ac-4410-8055-bbd4af82452d,null,null,2026-07-01 11:59:47.940391+00,2026-07-01 11:59:47.940391+00
2c94f860-806c-421d-9da0-b7b141450c1c,00000000-0000-0000-0000-000000000001,61492721-611b-479f-9815-e09e0d7c95fd,whatsapp,inbound,message,wamid.HBgMOTE5NDk3ODIyMjgwFQIAEhggQUM3NEM2NUNFRDBFNkNGNEFERTlGRkVBNTA0QUYwRDkA,null,text,null,received,88bc569f-4a0e-4353-8eb1-e324e117cdba,null,null,2026-07-01 11:59:59.572872+00,2026-07-01 11:59:59.572872+00
bbe9d936-db59-45b0-acb1-946ac01c22a0,00000000-0000-0000-0000-000000000001,ba8dd5e0-ed0e-8b6a-7098-2732476feb31,whatsapp,inbound,message,wamid.HBgMOTE5MDAzNjI4OTYwFQIAEhgUM0FBRDJERjBGODU1MzIwMzE4QTUA,null,image,null,received,423faa71-0129-4030-96b5-edaa0e67e905,null,null,2026-07-01 12:57:34.405105+00,2026-07-01 12:57:34.405105+00
1b1f53cf-a026-4650-9083-d4edca7f16d2,00000000-0000-0000-0000-000000000001,ba8dd5e0-ed0e-8b6a-7098-2732476feb31,whatsapp,inbound,message,wamid.HBgMOTE5MDAzNjI4OTYwFQIAEhgUM0EwOUVCQjE2ODI3OTk5QzRERkQA,null,text,null,received,64e95a5c-f594-4ea4-9339-9ffff5580b78,null,null,2026-07-01 12:57:37.880563+00,2026-07-01 12:57:37.880563+00
65c2e3bf-d8da-4bb4-a60f-4b06dcb4a61b,00000000-0000-0000-0000-000000000001,89d188b4-94a9-2f97-e068-155ed8ec3f5e,whatsapp,inbound,message,wamid.HBgMOTE2Mzk1ODc3NzkyFQIAEhgUM0FBQUQwQzBGNEI5OTc1RTA1MTIA,null,image,null,received,b265d1dc-56f9-4dc3-9844-038af1374a17,null,null,2026-07-01 13:08:56.219777+00,2026-07-01 13:08:56.219777+00
e7158752-0924-4334-8ff5-c7b241ef971b,00000000-0000-0000-0000-000000000001,49355947-7605-ec5f-7d81-a6597f38d76b,whatsapp,inbound,message,wamid.HBgMOTE5Njc2MTMzODc2FQIAEhggQTVEOTM4REQwQzQ4RTcyRUM2RDAyMjk4MjBDMDFCQ0UA,null,image,null,received,6bb9d05b-e49a-4218-86f7-56ccfa49483b,null,null,2026-07-01 14:50:11.06435+00,2026-07-01 14:50:11.06435+00
2d94b0a7-6d59-4eb7-994e-d9f69ab7bb66,null,null,whatsapp,inbound,message,wamid.HBgMOTE2MzY0OTIyMTk0FQIAEhgSMkQ1MjM4RTFCNjE4OUY1MzlGAA==,null,text,null,received,56c75af4-e71d-4c51-b762-a9b7c7c2e597,null,null,2026-07-02 03:11:53.359352+00,2026-07-02 03:11:53.359352+00
1fa02879-12cf-49e5-8bb9-7710731cb3ed,00000000-0000-0000-0000-000000000001,e17238d1-34ce-0cbb-4dc0-f65e60ff52f7,whatsapp,inbound,message,wamid.HBgMOTE5NDgwNjY2OTk2FQIAEhgUNEE2REEyMDNCRjdCQTUwNzYyODkA,null,image,null,received,251b121f-31a2-4c97-92a0-4476c5349af2,null,null,2026-07-02 04:24:41.591209+00,2026-07-02 04:24:41.591209+00
81086bf7-3ab0-412a-a296-1dc0d3c9723f,00000000-0000-0000-0000-000000000001,3b02f95a-b47e-1037-4f8a-f2f31e35c98e,whatsapp,inbound,message,wamid.HBgMOTE4Nzc5NDY2NjI0FQIAEhggQUM3RDgyMTk1Q0UyMUU1ODVCNzZDNTFDMDZFOENENzIA,null,image,null,received,1e99ea49-0154-4c5d-b726-af891580d8c8,null,null,2026-07-02 04:44:06.554334+00,2026-07-02 04:44:06.554334+00
f845a20c-6373-4776-8b6e-19195b252eaa,00000000-0000-0000-0000-000000000001,3b02f95a-b47e-1037-4f8a-f2f31e35c98e,whatsapp,inbound,message,wamid.HBgMOTE4Nzc5NDY2NjI0FQIAEhggQUM2MTY2NkFGQUU0QTVDNkVDMUQxOTdERjk0RTlFNTUA,null,text,null,received,ca7fbf4e-038e-4a3f-b52e-99e44a10866d,null,null,2026-07-02 04:45:03.650704+00,2026-07-02 04:45:03.650704+00
fccc749c-7ecf-492f-b880-5ddc349ecd3d,null,null,whatsapp,inbound,webhook_unparsed,unparsed-da7d0c9a-5a61-4074-9f9b-9b32c03a7fc3,null,unknown,null,received,69310aba-5253-47d5-8a0a-c600ebb99b6e,null,payload_shape_not_recognized,2026-07-02 05:06:18.550339+00,2026-07-02 05:06:18.550339+00
fdd92edf-d4e8-4c40-9c0e-72cabb229f0b,null,null,whatsapp,inbound,webhook_unparsed,unparsed-af05b11c-3a22-4b98-b004-a9440ecbe1ec,null,unknown,null,received,6ec61161-1ba0-4000-93fd-c2ebcbc8ae68,null,payload_shape_not_recognized,2026-07-02 05:11:16.600931+00,2026-07-02 05:11:16.600931+00
c63fa42e-a788-436a-8e8b-60ee12ca022e,00000000-0000-0000-0000-000000000001,38305983-db92-2c3c-7949-96f7ca7833eb,whatsapp,inbound,message,wamid.HBgMOTE3NTE5OTk4ODg4FQIAEhggQUNEQjIwRkFGNTRCODg3Q0Y1QTM2OThGRUQ2NjI4OEIA,null,image,null,received,ddcf87ca-3cf0-495a-94b4-e71884cf031a,null,null,2026-07-02 05:58:41.869127+00,2026-07-02 05:58:41.869127+00
a084bfac-3aae-4865-8277-4f43c78d36a5,00000000-0000-0000-0000-000000000001,38305983-db92-2c3c-7949-96f7ca7833eb,whatsapp,inbound,message,wamid.HBgMOTE3NTE5OTk4ODg4FQIAEhggQUM5RjI3RUI1NkFCN0Y2QTM3MUQzODU4Q0I4MTMwNTUA,null,text,null,received,9fc9cb55-f294-45b7-8e5f-501b6a5f638a,null,null,2026-07-02 05:58:57.272785+00,2026-07-02 05:58:57.272785+00
04f3f974-b4b0-4d6b-b823-5d200c80c826,null,null,whatsapp,inbound,webhook_unparsed,unparsed-545e31ed-4471-42bc-81db-3acf1141052b,null,unknown,null,received,ee3d4e3d-71bc-4ebd-9914-0b3f6e2a77ba,null,payload_shape_not_recognized,2026-07-02 06:38:46.159282+00,2026-07-02 06:38:46.159282+00
739b1677-043e-4bbd-bec3-2f9d715885a6,00000000-0000-0000-0000-000000000001,01af6f97-6cb1-4799-9476-493b8af42437,whatsapp,inbound,message,wamid.HBgMOTE5NDI4Mjg1NDMyFQIAEhggQUMwRkVDNEMzRTk3RkJFQTQzNDRCNDE1MDk5QkEwREQA,null,text,null,received,3e2e2b87-9fc2-4406-87d9-ee66971113d4,null,null,2026-07-02 06:41:28.125774+00,2026-07-02 06:41:28.125774+00
49a7df6d-f0c9-47b3-9aef-26f2b21cf316,00000000-0000-0000-0000-000000000001,01af6f97-6cb1-4799-9476-493b8af42437,whatsapp,inbound,message,wamid.HBgMOTE5NDI4Mjg1NDMyFQIAEhggQUMzRTRENzY0REM4NDhDMjIzNTIxNzU3N0MzREVDQzMA,null,text,null,received,77d55115-de40-4c07-97eb-f79acc421a32,null,null,2026-07-02 06:51:44.439081+00,2026-07-02 06:51:44.439081+00
745e4d83-92ee-49d7-83a1-c0778c77f0a1,00000000-0000-0000-0000-000000000001,01af6f97-6cb1-4799-9476-493b8af42437,whatsapp,inbound,message,wamid.HBgMOTE5NDI4Mjg1NDMyFQIAEhggQUNFN0REQjM4QjUxNDcwRjU1Qjg5MkRDNjNCRjAxRkMA,null,text,null,received,b503011e-0dc7-4fef-b74f-818831af4b61,null,null,2026-07-02 06:51:51.558217+00,2026-07-02 06:51:51.558217+00
8ed3c220-a196-4f57-b0f8-67bff5090dc0,00000000-0000-0000-0000-000000000001,d2449d75-0593-4deb-a6c2-fae99fc83ab0,whatsapp,inbound,message,wamid.HBgMOTE4OTM5MTkzMjIxFQIAEhggQUNCNzc0Q0ExMDcyM0EzOURDRUY5REVDREVEMjI5QUUA,null,image,null,received,a4d70438-14e7-44d3-bd9a-9ebc1bd8db75,null,null,2026-07-02 06:54:24.271172+00,2026-07-02 06:54:24.271172+00
2cb80575-26fd-44e8-bada-b3babba87eca,null,null,whatsapp,inbound,webhook_unparsed,unparsed-8f5b9035-a1ee-48c2-8f4a-7061aec9970a,null,unknown,null,received,02698c0a-2efa-4077-a0b0-5fe521b0d1e9,null,payload_shape_not_recognized,2026-07-02 07:09:33.251162+00,2026-07-02 07:09:33.251162+00
a38d1f7c-c7b6-43df-a0a5-27a1352f0180,null,null,whatsapp,inbound,webhook_unparsed,unparsed-e8dd9754-c642-4ecd-9548-203c1784d775,null,unknown,null,received,f9e8f83d-8662-41c6-86d5-7a707e5d3d4d,null,payload_shape_not_recognized,2026-07-02 07:09:53.586455+00,2026-07-02 07:09:53.586455+00
d3f2b7b7-990c-40ab-9515-0ddf13c8d6b6,null,null,whatsapp,inbound,webhook_unparsed,unparsed-7de6369e-24c4-474a-b4af-a10607c11082,null,unknown,null,received,df11887f-6679-46d9-a9e4-a72bbcf2d05a,null,payload_shape_not_recognized,2026-07-02 07:11:34.820072+00,2026-07-02 07:11:34.820072+00
530fd27e-2c25-40e2-ba53-7ed5e38a93f0,00000000-0000-0000-0000-000000000001,d2de48e8-0097-4d6d-8e3d-62ee7c8f2fcd,whatsapp,inbound,message,wamid.HBgMOTE4OTc4MDkzNzQ4FQIAEhggQUNCMTFCOUNBQ0Y4Rjg5N0IwRjVBMTI3RUI4RUNFMTMA,null,text,null,received,feda1e0c-b9af-45aa-97c0-8d806686a91d,null,null,2026-07-02 07:26:36.126129+00,2026-07-02 07:26:36.126129+00
bda71eaa-1377-483f-9a67-0ae5124700b8,00000000-0000-0000-0000-000000000001,null,whatsapp,inbound,message,wamid.HBgMOTE3Njk1OTMyODI0FQIAEhggQUNDNEFBRTRERjA0QTI1OTNCREI0OTk1NTYzRDU3MkYA,null,text,null,received,4ccdbca1-8084-4b1a-af9b-c3410ba08c34,null,null,2026-07-02 07:58:13.523005+00,2026-07-02 07:58:13.523005+00
95d49eb6-b45a-4e10-a320-a5c0dee4b39b,00000000-0000-0000-0000-000000000001,491b8136-32a1-37c5-5253-b53ff3991d86,whatsapp,inbound,message,wamid.HBgMOTE4OTY5OTA0MjU3FQIAEhggQUNFREZBNDU3QThCMTY5RUMyQzcyQUI3NjlGNDMyNTYA,null,image,null,received,01036c79-70fd-41dc-8d57-284ba7f6a8ee,null,null,2026-07-02 08:05:43.209559+00,2026-07-02 08:05:43.209559+00
9b345bce-dc7f-4aa9-85e1-ebdff1615cb6,00000000-0000-0000-0000-000000000001,null,whatsapp,inbound,message,wamid.HBgMOTE3Njk1OTMyODI0FQIAEhggQUM0RUE0MEI4MDMzOEM5MkJDQTI5Q0RGNDk4RDA0RjEA,null,text,null,received,50c949f2-69e4-4f88-b185-668fd35d4603,null,null,2026-07-02 08:09:07.327633+00,2026-07-02 08:09:07.327633+00
c1bb0e8d-849b-403a-839c-e0024e71924e,00000000-0000-0000-0000-000000000001,8971261e-a813-477f-94c0-0a9661dc4c34,whatsapp,inbound,message,wamid.HBgMOTE4MDU2Nzg1MDM4FQIAEhgUNEFDNjUxNTNENjM4OURGRUJFMDQA,null,image,null,received,25d73027-1d71-43c7-917c-1bb046a660a6,null,null,2026-07-02 09:52:22.022909+00,2026-07-02 09:52:22.022909+00
3adba67d-7adb-4e18-a7ef-07a624a8eb08,null,null,whatsapp,inbound,webhook_unparsed,unparsed-9a0b87c6-fc27-491b-876a-308b3d437fc7,null,unknown,null,received,06dc1704-20a9-4d37-ba3c-ab0a9df3985c,null,payload_shape_not_recognized,2026-07-02 10:14:04.073712+00,2026-07-02 10:14:04.073712+00
962cec72-952a-4ef1-b276-9e598aa0a482,null,null,whatsapp,inbound,webhook_unparsed,unparsed-dee23543-e2be-4f30-b42b-d1259d2d15a1,null,unknown,null,received,36ddbf3f-3080-491e-94e7-9dc5aecd1855,null,payload_shape_not_recognized,2026-07-02 10:17:41.874541+00,2026-07-02 10:17:41.874541+00
8fbded27-e522-4a36-9c67-ba678e50a16f,null,null,whatsapp,inbound,webhook_unparsed,unparsed-fabb9b48-cec1-4878-944f-baf4d6ece236,null,unknown,null,received,3fdd7b05-356a-4a95-8d71-ad5cf11c6686,null,payload_shape_not_recognized,2026-07-02 10:18:24.061087+00,2026-07-02 10:18:24.061087+00
276d6813-ea50-4ff9-9273-b72ee7daa61f,00000000-0000-0000-0000-000000000001,d497808b-36e2-ea42-d247-85b4e409078c,whatsapp,inbound,message,wamid.HBgMOTE4MTAzNjY2OTAwFQIAEhggQUM2MzdGM0M3MTczQjE2M0NEOUMwRDNFMkEzQ0UwMkUA,null,image,null,received,54f725ff-f74b-4c46-8336-d99d25e7061e,null,null,2026-07-02 10:20:40.87696+00,2026-07-02 10:20:40.87696+00
65f52638-376e-415a-8dce-4d77ff5b4dbb,00000000-0000-0000-0000-000000000001,284ce00f-b05a-4366-9117-bf73f7449a76,whatsapp,inbound,message,wamid.HBgMOTE4NTEwMDI5ODE0FQIAEhggQUNBNTY2Rjc4NEQ3REU0RjY4NjNBRUY1NDNFMjZBNUUA,null,text,null,received,cf9e8b68-d23e-492c-b4e0-e9c811f074b0,null,null,2026-07-02 10:53:10.762853+00,2026-07-02 10:53:10.762853+00
7160fe30-fcdd-4d8b-8cef-3db4adc6e379,null,null,whatsapp,inbound,webhook_unparsed,unparsed-d00adc61-f7d7-4854-8cfa-cf09afda02f9,null,unknown,null,received,5ffdc013-9aa2-43d2-afe6-f1b30ed78633,null,payload_shape_not_recognized,2026-07-02 10:57:04.346353+00,2026-07-02 10:57:04.346353+00
909b82fd-06f5-48c3-a251-570c44e88a5d,null,null,whatsapp,inbound,webhook_unparsed,unparsed-d5913894-7ee1-4978-8202-47bd519807e9,null,unknown,null,received,023dffde-1a8d-4121-8516-e047aebc6e1b,null,payload_shape_not_recognized,2026-07-02 10:57:33.167511+00,2026-07-02 10:57:33.167511+00
7520b75d-fcf9-4eab-9b45-8f0757d336e8,null,null,whatsapp,inbound,webhook_unparsed,unparsed-1a6c25b9-8ac3-44ad-9a9b-6d7030ce5ed8,null,unknown,null,received,e92786bb-11f2-4d54-a260-88b27c148f34,null,payload_shape_not_recognized,2026-07-02 10:57:41.678193+00,2026-07-02 10:57:41.678193+00
30367dc3-9360-4626-bec2-d178fb5964db,00000000-0000-0000-0000-000000000001,284ce00f-b05a-4366-9117-bf73f7449a76,whatsapp,inbound,message,wamid.HBgMOTE4NTEwMDI5ODE0FQIAEhggQUM3MzYxMzZFRkI1MzkyQjNEMURDMTU1RjlFMjRFODMA,null,text,null,received,a71654fa-02c8-4e68-907f-973889ba3d71,null,null,2026-07-02 10:59:23.512885+00,2026-07-02 10:59:23.512885+00
f7c248ce-418f-4c09-a2be-106f957c378c,null,null,whatsapp,inbound,webhook_unparsed,unparsed-7993c733-cfae-4c29-9c44-34389596baca,null,unknown,null,received,6a2bfcc6-f76e-4ae5-89c1-5a6927615976,null,payload_shape_not_recognized,2026-07-02 10:59:43.496308+00,2026-07-02 10:59:43.496308+00
72233f74-84e2-4787-a41f-d16697a868a9,00000000-0000-0000-0000-000000000001,a4ef95bf-1c7c-4c4d-0497-ae38085af6cc,whatsapp,inbound,message,wamid.HBgMOTE5ODQwNDk3MTk3FQIAEhgUM0ExQjIzRkU0NUE4RURDOTJCN0UA,null,image,null,received,b3267d71-5000-4565-8648-c4a9eb4a9e87,null,null,2026-07-02 12:01:49.570475+00,2026-07-02 12:01:49.570475+00
98daa126-1298-427f-b844-e2874ee5a4eb,00000000-0000-0000-0000-000000000001,a4ef95bf-1c7c-4c4d-0497-ae38085af6cc,whatsapp,inbound,message,wamid.HBgMOTE5ODQwNDk3MTk3FQIAEhgUM0E2RDczMzA4QjA0QTZENEIyQkQA,null,text,null,received,b90e42eb-ec2a-4f39-b91c-69d15a1809a5,null,null,2026-07-02 12:01:58.182293+00,2026-07-02 12:01:58.182293+00
c00f6fea-ce1b-4b52-a1f4-5d3689f1a283,00000000-0000-0000-0000-000000000001,null,whatsapp,inbound,message,wamid.HBgMOTE3Njk1OTMyODI0FQIAEhggQUNCMDc3RUM4QUY2NjFCOTk5NTFBRTY5OUYwMjFBNzYA,null,text,null,received,0207ce5e-f185-40ca-9c7e-68a31811248f,null,null,2026-07-02 12:48:52.143437+00,2026-07-02 12:48:52.143437+00
8bf7aa55-0300-4574-88e4-4605aa4d96c2,00000000-0000-0000-0000-000000000001,6ea3368b-00ab-4626-a86f-7fcacb3e167e,whatsapp,inbound,message,wamid.HBgMOTE5ODYzNzAzMzEyFQIAEhgWM0VCMDQ3MTNFRTM4Q0FDMEY1MjYyRgA=,null,text,null,received,eba62d18-f8c4-4d64-8bfb-dde51744a04e,null,null,2026-07-02 16:08:06.427234+00,2026-07-02 16:08:06.427234+00
e6c79b79-aa63-4db2-8ecd-9452c8f2d4dd,00000000-0000-0000-0000-000000000001,6ea3368b-00ab-4626-a86f-7fcacb3e167e,whatsapp,inbound,message,wamid.HBgMOTE5ODYzNzAzMzEyFQIAEhgWM0VCMDM3Rjk4RUUxNzY2MUMyMjI1QQA=,null,text,null,received,91bc1c59-caa2-4485-a834-a3947467c59b,null,null,2026-07-02 16:09:13.192653+00,2026-07-02 16:09:13.192653+00
9bb0a7f9-4cbf-42ad-aa84-0d38d9ea18e5,00000000-0000-0000-0000-000000000001,618f174c-7c45-cb54-907b-cacc78483918,whatsapp,inbound,message,wamid.HBgMOTE2Mzg1MTg3NTY5FQIAEhggQUM4MThEMDEyNTJERTlEQzY5NTdBNTU5RTE0NDIxRTQA,null,image,null,received,77ff05be-a34a-4d9b-9887-29a014dffe92,null,null,2026-07-02 16:41:37.934604+00,2026-07-02 16:41:37.934604+00
2594b742-c1b1-4978-aed4-d01982908215,00000000-0000-0000-0000-000000000001,4505ca5d-0961-03c9-5943-ffda2a5ae270,whatsapp,inbound,message,wamid.HBgMOTE5MDAzNTMzNzM2FQIAEhggQUM1NDREMEIyRjM2REIzMzFGQTQ1QkMwNTQzQzFDQzIA,null,image,null,received,649295e5-467b-4db6-ac04-fd4db3b14e85,null,null,2026-07-02 17:45:45.415801+00,2026-07-02 17:45:45.415801+00
ec63998b-4dc2-4281-bcc5-0bcf69259e1c,null,null,whatsapp,inbound,message,wamid.HBgMOTE2MzY0OTIyMTk0FQIAEhgSNTE1OTQ5RkY5NzEwQjJBQUVDAA==,null,text,null,received,efdcf1fb-ce0f-4bc0-85c8-b99afd309c93,null,null,2026-07-03 02:35:02.73461+00,2026-07-03 02:35:02.73461+00
062c7121-4dae-49f5-bdaa-bde67afbaca6,null,null,whatsapp,inbound,message,wamid.HBgMOTE2MzY0OTIyMTk0FQIAEhgSNkRBNjA2REUyNkIyOUNBM0U3AA==,null,text,null,received,8f1f9fe3-1020-4c4c-95d6-1b9ffaee215a,null,null,2026-07-03 02:47:51.352106+00,2026-07-03 02:47:51.352106+00
1737605b-1952-4c1b-8c06-a13b4b581487,null,null,whatsapp,inbound,message,wamid.HBgMOTE2MzY0OTIyMTk0FQIAEhgSQThCNDNBQkM0RkNBRUM4NjA5AA==,null,text,null,received,f4587176-7d20-4a88-9433-0b7db7142e2f,null,null,2026-07-03 03:06:22.964437+00,2026-07-03 03:06:22.964437+00
b28e4341-bf47-42ed-a52b-81bf14a37982,null,null,whatsapp,inbound,message,wamid.HBgMOTE2MzY0OTIyMTk0FQIAEhgSMUZEQzBFN0E5MDAwQ0MyMERDAA==,null,text,null,received,2f06a28c-aaa4-4a02-91b0-e0cc7d439da4,null,null,2026-07-03 03:39:31.792312+00,2026-07-03 03:39:31.792312+00
be6a34be-12c7-463e-99ff-5d014598030e,00000000-0000-0000-0000-000000000001,null,whatsapp,inbound,message,wamid.HBgMOTE3Njk1OTMyODI0FQIAEhggQUM4M0FEOUMzNzY3REU1OUU3RUM5NkJCNjU3NzE0REUA,null,text,null,received,ce04698b-b747-4bab-9db4-79fe86988628,null,null,2026-07-03 05:03:41.623255+00,2026-07-03 05:03:41.623255+00
61bda3e1-584b-430e-9704-031c3189a937,null,null,whatsapp,inbound,webhook_unparsed,unparsed-2890276e-3c15-40ef-a29c-d54d9b1c97f0,null,unknown,null,received,1ffb0cc2-2bbc-4ae1-ac64-92b5c29866ff,null,payload_shape_not_recognized,2026-07-03 06:15:50.733724+00,2026-07-03 06:15:50.733724+00
7283ccfe-f462-4377-a0f1-895bd32e2c70,00000000-0000-0000-0000-000000000001,93eb3d6a-d35b-ef1f-83b8-7430b6ad1674,whatsapp,inbound,message,wamid.HBgMOTE4NDE2OTI4MzU2FQIAEhgWM0VCMERFRDMwRjVFRDE0MEY4MEJGNAA=,null,text,null,received,4287ae50-e265-4088-b5f0-29d238d4570b,null,null,2026-07-03 06:16:08.752731+00,2026-07-03 06:16:08.752731+00
8045fa76-3dc5-47cd-905c-fc7f3544ee5a,null,null,whatsapp,inbound,webhook_unparsed,unparsed-4c64bbcf-9fb8-4ba8-b516-c0456304b351,null,unknown,null,received,04614986-3aa3-4e3d-9514-0f22d330f98d,null,payload_shape_not_recognized,2026-07-03 06:16:28.360759+00,2026-07-03 06:16:28.360759+00
fc2d8b8b-911c-49f4-9520-81b7878d5550,null,null,whatsapp,inbound,webhook_unparsed,unparsed-0dfa5676-f5cc-42b6-87e5-70821f2ee6a6,null,unknown,null,received,7085dbba-d99c-40e4-bb01-c61ae21456f0,null,payload_shape_not_recognized,2026-07-03 06:16:35.170716+00,2026-07-03 06:16:35.170716+00
edd655f0-6382-4e18-82a0-3971feb0d7ad,00000000-0000-0000-0000-000000000001,93eb3d6a-d35b-ef1f-83b8-7430b6ad1674,whatsapp,inbound,message,wamid.HBgMOTE4NDE2OTI4MzU2FQIAEhgWM0VCMEQzNDAyQUQ3ODVBQzk1QTMxNAA=,null,text,null,received,77978dea-a22f-48eb-8bb4-9ee0c38ff91d,null,null,2026-07-03 06:17:07.407907+00,2026-07-03 06:17:07.407907+00
cdffdf60-213f-44de-9f5c-54218acd3e16,null,null,whatsapp,inbound,webhook_unparsed,unparsed-2c8f84d8-4802-4d24-9a01-bd0f5b24a33b,null,unknown,null,received,de02cb88-602d-4782-90f5-fc1d8ba33d92,null,payload_shape_not_recognized,2026-07-03 06:17:15.257953+00,2026-07-03 06:17:15.257953+00
58311e7c-04cf-412a-90f8-eb1532bfc70c,null,null,whatsapp,inbound,webhook_unparsed,unparsed-c61532a7-21c9-48ea-9c09-4e164169b8f6,null,unknown,null,received,cf90986d-92cf-45b9-bf73-17feb0d4af70,null,payload_shape_not_recognized,2026-07-03 06:17:28.807394+00,2026-07-03 06:17:28.807394+00
ed72fb3b-a8ce-4d53-aa4b-4402b927902a,null,null,whatsapp,inbound,webhook_unparsed,unparsed-827bb145-1fd8-4d5a-86dc-cd6b48fa0bbb,null,unknown,null,received,16732318-2db7-4ffe-a659-59aae4b7cbd4,null,payload_shape_not_recognized,2026-07-03 06:17:38.236978+00,2026-07-03 06:17:38.236978+00
1178be9e-edcb-4b98-bbea-60582cc5d4b2,null,null,whatsapp,inbound,webhook_unparsed,unparsed-d1985bae-5126-4e0f-b2f0-45568e8e73b5,null,unknown,null,received,e0631d96-4cd8-477d-8e7b-b266c9f9272c,null,payload_shape_not_recognized,2026-07-03 06:17:41.308443+00,2026-07-03 06:17:41.308443+00
dcfb6bde-6cf2-4986-a9b0-5df83a55d7ef,00000000-0000-0000-0000-000000000001,93eb3d6a-d35b-ef1f-83b8-7430b6ad1674,whatsapp,inbound,message,wamid.HBgMOTE4NDE2OTI4MzU2FQIAEhggQUNBNzFBREI5OUJGOTQwMzgwMzJFMTM4OTI3RDkzRDMA,null,image,null,received,44c12083-8c7d-4a84-8563-a45bb103a4df,null,null,2026-07-03 06:17:57.365236+00,2026-07-03 06:17:57.365236+00
bfc2de6d-eca1-439e-91a6-daef75026318,null,null,whatsapp,inbound,webhook_unparsed,unparsed-0378eeb2-4c93-4a92-946f-63096b90a3ae,null,unknown,null,received,a0090ab1-ddfd-49df-add4-a3c444a8e623,null,payload_shape_not_recognized,2026-07-03 06:18:00.918989+00,2026-07-03 06:18:00.918989+00
3ed920bc-9b60-434d-a408-ebf6c3feeb67,null,null,whatsapp,inbound,webhook_unparsed,unparsed-d1c46967-feae-4016-97ad-ca66dc6cc288,null,unknown,null,received,870c1aea-825f-408b-9870-908a14943f09,null,payload_shape_not_recognized,2026-07-03 06:46:00.060121+00,2026-07-03 06:46:00.060121+00
60104dc5-5f9c-432f-b40c-407593f43f9d,null,null,whatsapp,inbound,webhook_unparsed,unparsed-6b24a190-8f63-43c9-bb7f-c23b8ed99626,null,unknown,null,received,bc3d789f-fbb4-4c2b-b60a-341319c58fcc,null,payload_shape_not_recognized,2026-07-03 06:51:13.555108+00,2026-07-03 06:51:13.555108+00
13d8c62d-2b48-4b28-9cc2-1b0a47567ca3,null,null,whatsapp,inbound,webhook_unparsed,unparsed-090e63dd-6bb2-4f54-9f54-c00b2210264e,null,unknown,null,received,2644e177-ed4c-4049-929b-7e624f76b71c,null,payload_shape_not_recognized,2026-07-03 06:52:39.832539+00,2026-07-03 06:52:39.832539+00
deab50dc-ff45-436f-8125-04f7829d185b,00000000-0000-0000-0000-000000000001,43774f3c-9ce6-fc78-7857-b8607c3e1966,whatsapp,inbound,message,wamid.HBgMOTE4MjgxNjM2MDIyFQIAEhgUMkFDMUI0NjVCQUZDREEyMzRBNEEA,null,image,null,received,d29f7eb9-5460-46b2-81d9-f4483ec165d4,null,null,2026-07-03 06:56:29.501772+00,2026-07-03 06:56:29.501772+00
ee3be759-ba74-43b1-be46-6ed862037570,00000000-0000-0000-0000-000000000001,43774f3c-9ce6-fc78-7857-b8607c3e1966,whatsapp,inbound,message,wamid.HBgMOTE4MjgxNjM2MDIyFQIAEhgUMkFEMDRGMjMwRUU2QzExNEVGQkUA,null,text,null,received,2c7b0091-e841-4382-8049-60fe51d3f364,null,null,2026-07-03 06:57:13.616776+00,2026-07-03 06:57:13.616776+00
8c77dc3d-b136-4eff-8248-b6cb9bc9b8fb,null,null,whatsapp,inbound,webhook_unparsed,unparsed-8818e55b-fd3f-4c78-ae13-c82be12fc39e,null,unknown,null,received,a7e27fe4-da25-4593-9314-ae24c80b9096,null,payload_shape_not_recognized,2026-07-03 06:57:24.997988+00,2026-07-03 06:57:24.997988+00
823dc49a-c2d1-451c-a69f-6dcf5fe4826d,00000000-0000-0000-0000-000000000001,43774f3c-9ce6-fc78-7857-b8607c3e1966,whatsapp,inbound,message,wamid.HBgMOTE4MjgxNjM2MDIyFQIAEhgUMkFGQTU0RjM2NkNERDc4Q0E1NzIA,null,text,null,received,12aa82e0-fdba-4477-bab4-69a68cfec629,null,null,2026-07-03 06:57:32.320504+00,2026-07-03 06:57:32.320504+00
5013f256-f1fa-4ea3-a153-a97c0222c498,00000000-0000-0000-0000-000000000001,43774f3c-9ce6-fc78-7857-b8607c3e1966,whatsapp,inbound,message,wamid.HBgMOTE4MjgxNjM2MDIyFQIAEhgUMkE1MjMzREZFOEZCRjRGOTc4NDgA,null,text,null,received,c3978222-29c1-4f5f-9932-6ebd5536591f,null,null,2026-07-03 06:57:36.517641+00,2026-07-03 06:57:36.517641+00
6d48fb3b-06c5-41a9-b8df-437583d9dd0d,00000000-0000-0000-0000-000000000001,8709ca2e-a8a6-48a4-b8ce-e813c4796ab9,whatsapp,inbound,message,wamid.HBgMOTE5NzUzOTc1MTU0FQIAEhggQUNGQkVFNjZDQjE3MTAzNEYxMjFDMDhBOTE5ODRBMkYA,null,image,null,received,f3261da8-da1c-4fc4-a39f-2288314fd1e4,null,null,2026-07-03 07:09:02.479984+00,2026-07-03 07:09:02.479984+00
b40c7c4c-6718-459c-8a6e-770249fba405,00000000-0000-0000-0000-000000000001,257579ca-bef0-99b8-f916-e518891ffdab,whatsapp,inbound,message,wamid.HBgMOTE5NDAwMTI1NDAyFQIAEhgUM0FDNjI2NDAzMzEyNEZCRDIyQ0YA,null,image,null,received,423123ec-53ba-48c3-a6fb-8f16864f462e,null,null,2026-07-03 07:14:16.899704+00,2026-07-03 07:14:16.899704+00
125c46bf-7a1b-4fab-95dc-efaa19c2cb27,00000000-0000-0000-0000-000000000001,61031b0a-ef18-26aa-64b7-d412d7b3d276,whatsapp,inbound,message,wamid.HBgMOTE3ODI1ODM1MTM0FQIAEhggQUMxRUJBRThEMDJCRkRCMUYzMDAxQUJDNkVGQjM4QTgA,null,text,null,received,327e7775-9912-4ef3-b50e-1fc3fad3a33f,null,null,2026-07-03 07:37:47.167951+00,2026-07-03 07:37:47.167951+00
1827270c-c373-4c56-ab9c-6cf23c6db98b,00000000-0000-0000-0000-000000000001,61031b0a-ef18-26aa-64b7-d412d7b3d276,whatsapp,inbound,message,wamid.HBgMOTE3ODI1ODM1MTM0FQIAEhggQUM1QTREQjlDRERCRjBCMTIzN0E3RjQ5MjMxQjQ5NDIA,null,text,null,received,2e6ed4cb-fa93-4192-b438-695b98f1cef5,null,null,2026-07-03 07:38:16.435878+00,2026-07-03 07:38:16.435878+00
967297de-3662-4a03-8c34-959097e8f6e9,00000000-0000-0000-0000-000000000001,61031b0a-ef18-26aa-64b7-d412d7b3d276,whatsapp,inbound,message,wamid.HBgMOTE3ODI1ODM1MTM0FQIAEhggQUNEQjZGN0NFRTY5RDM3MDEyRERERDI1MjJBQ0I1MzMA,null,text,null,received,238d36ca-376a-4440-892e-b156dc2bd26e,null,null,2026-07-03 07:38:55.164415+00,2026-07-03 07:38:55.164415+00
5572d53d-3dc8-4408-bf5e-ab0fbf4fcc3d,00000000-0000-0000-0000-000000000001,d8c4b3c5-9b2a-4c6e-b1e8-0a98c9175234,whatsapp,inbound,message,wamid.HBgMOTE4NDM4NzEzNDAyFQIAEhgUM0ExMDBDNjIwNTExMzMxQzc2RUIA,null,text,null,received,28273113-dc0c-46ef-b5ac-837a11df069f,null,null,2026-07-03 07:41:09.36008+00,2026-07-03 07:41:09.36008+00
e7faefa9-dd20-46ee-b3b6-301d9f91b53d,00000000-0000-0000-0000-000000000001,d8c4b3c5-9b2a-4c6e-b1e8-0a98c9175234,whatsapp,inbound,message,wamid.HBgMOTE4NDM4NzEzNDAyFQIAEhgUM0FGMDA3RkIxRDQ2NjQ0QTAyRjgA,null,image,null,received,dad51622-9922-498d-9aad-d35a90d792fa,null,null,2026-07-03 07:41:11.490412+00,2026-07-03 07:41:11.490412+00
e614ac90-3b27-43df-863e-d29cabbe85de,00000000-0000-0000-0000-000000000001,45a6242e-1317-4dfb-8a4d-ff0a57aff0b8,whatsapp,inbound,message,wamid.HBgMOTE4MjIwNDg0NTIyFQIAEhgUM0FFREMyNUI3OTk4MDdDMEI0ODUA,null,image,null,received,7390682b-e613-4676-98f2-7705869c7b27,null,null,2026-07-03 07:58:42.573263+00,2026-07-03 07:58:42.573263+00
2fe1e9ac-572b-4e95-b4c5-f47603b60075,null,null,whatsapp,inbound,webhook_unparsed,unparsed-2c3a0a3a-01a8-41ad-958d-e018c06a2050,null,unknown,null,received,61100156-e65b-4c83-85bf-d060309504eb,null,payload_shape_not_recognized,2026-07-03 07:59:21.705384+00,2026-07-03 07:59:21.705384+00
c2e28f80-c131-4788-8f53-70833690a8a0,00000000-0000-0000-0000-000000000001,45a6242e-1317-4dfb-8a4d-ff0a57aff0b8,whatsapp,inbound,message,wamid.HBgMOTE4MjIwNDg0NTIyFQIAEhgUM0FENUM4MDk0MTZDRkU5NzEwQkEA,null,text,null,received,6581f20a-b4ce-4390-9a5a-ab68e0e61ead,null,null,2026-07-03 07:59:35.874239+00,2026-07-03 07:59:35.874239+00
37972f3f-851e-4273-b4db-004e70040987,00000000-0000-0000-0000-000000000001,45a6242e-1317-4dfb-8a4d-ff0a57aff0b8,whatsapp,inbound,message,wamid.HBgMOTE4MjIwNDg0NTIyFQIAEhgUM0FBQjY2REYwMkRFNTc0Q0NGQUMA,null,image,null,received,0736724e-0511-43d3-97eb-589168da2081,null,null,2026-07-03 08:00:23.766259+00,2026-07-03 08:00:23.766259+00
af67ce09-8c24-4ddc-899a-16f878f7cc86,00000000-0000-0000-0000-000000000001,45a6242e-1317-4dfb-8a4d-ff0a57aff0b8,whatsapp,inbound,message,wamid.HBgMOTE4MjIwNDg0NTIyFQIAEhgUM0FEQkJGQzNGMThBQUM4OThGRjYA,null,image,null,received,9bfe9287-ebc0-45b3-9e1b-118e69e759ac,null,null,2026-07-03 08:01:13.313511+00,2026-07-03 08:01:13.313511+00
53406bb1-15d2-4ec0-af11-5bad16f29a69,null,null,whatsapp,inbound,webhook_unparsed,unparsed-5aea19c4-81f9-4ecb-b7bc-ad333526c6d2,null,unknown,null,received,c906770d-92fa-4f23-9510-f84d5360e75a,null,payload_shape_not_recognized,2026-07-03 08:01:38.8801+00,2026-07-03 08:01:38.8801+00
943921fe-5cf1-4d85-a12b-153cb85c7050,null,null,whatsapp,inbound,webhook_unparsed,unparsed-1c274af3-73aa-4342-97ad-ea5c127e77bf,null,unknown,null,received,981f7ae3-8c79-4232-a4e7-f31f08d339a1,null,payload_shape_not_recognized,2026-07-03 08:01:48.769819+00,2026-07-03 08:01:48.769819+00
58f92604-869c-49fd-8c2e-eb6b1023806c,null,null,whatsapp,inbound,webhook_unparsed,unparsed-eba4630b-1c34-43b2-8b04-310fb60d2019,null,unknown,null,received,51ee3ece-4121-4acc-8715-06ad08590fe6,null,payload_shape_not_recognized,2026-07-03 08:01:58.083998+00,2026-07-03 08:01:58.083998+00
6ed970b6-ba88-4a28-a1f0-dc71c9002d2c,00000000-0000-0000-0000-000000000001,45a6242e-1317-4dfb-8a4d-ff0a57aff0b8,whatsapp,inbound,message,wamid.HBgMOTE4MjIwNDg0NTIyFQIAEhgUM0EwQTk0MTk3NjJBM0ZFRDJFRUIA,null,text,null,received,43d3ac96-b6e4-4c36-bd74-365beb6d06f6,null,null,2026-07-03 08:01:58.868605+00,2026-07-03 08:01:58.868605+00
e5e71de8-43ec-48a0-9ada-e3c160e41573,null,null,whatsapp,inbound,webhook_unparsed,unparsed-4298b05f-38f9-480d-865f-69f341631123,null,unknown,null,received,172444bb-672c-4f1d-818f-b16be9aec10d,null,payload_shape_not_recognized,2026-07-03 08:02:03.468658+00,2026-07-03 08:02:03.468658+00
4ba1fbe9-2478-4661-b8e3-45fae6882dec,null,null,whatsapp,inbound,webhook_unparsed,unparsed-55b6f139-ea89-409b-ba7a-25734e1f5201,null,unknown,null,received,0a077713-3194-4fb7-9181-abb035403aed,null,payload_shape_not_recognized,2026-07-03 08:20:11.977207+00,2026-07-03 08:20:11.977207+00
360524ab-a1ba-4563-9160-2378161f733b,00000000-0000-0000-0000-000000000001,aa88d180-8c53-dbe4-70de-ecf38130d3ce,whatsapp,inbound,message,wamid.HBgMOTE3OTc4MzY5MjQwFQIAEhggQUM3NjBCQjQzOTU2NUQ4MUM4OUQzRjlFRERCM0I2MkQA,null,image,null,received,2f4a196e-29d1-4434-a2c5-481381408d6c,null,null,2026-07-03 08:27:44.436423+00,2026-07-03 08:27:44.436423+00
aa1130b2-60d5-423d-ac52-57e4da1575ea,00000000-0000-0000-0000-000000000001,de481a65-2fb4-4974-b7db-0ec990ea852d,whatsapp,inbound,message,wamid.HBgMOTE5NTY2NjcwOTUwFQIAEhgUM0ExOTM0QjM4N0JDRTk5MDg0NTEA,null,image,null,received,1b166231-6a5f-4dd1-9081-91eed7fea921,null,null,2026-07-03 09:29:17.314831+00,2026-07-03 09:29:17.314831+00
4e6ba4ae-54d6-4f43-8243-d586fd0ae409,00000000-0000-0000-0000-000000000001,f284b25b-d762-1399-a12e-ba7ffa6b6f97,whatsapp,inbound,message,wamid.HBgMOTE5NTY2ODgwNjcwFQIAEhgUNEEzMTEzMzM5QUY1OURFNzlBMTkA,null,image,null,received,078a5648-0546-4ff5-952c-cf455c22f9a9,null,null,2026-07-03 09:54:18.747645+00,2026-07-03 09:54:18.747645+00
686a0d39-98d4-4e6c-a10b-133f4e4c6af1,00000000-0000-0000-0000-000000000001,f2a00e3d-de04-40a3-6f41-a3ebfcab4a3c,whatsapp,inbound,message,wamid.HBgMOTE5Mzk5NTQwNjMwFQIAEhggQUMyQUQyRDI2M0VFMzU5NzU3MkEyRTEwNDAyNUZDMDkA,null,text,null,received,824da36b-6c00-4c4a-9ca1-c0f6bab05c00,null,null,2026-07-03 10:09:06.14024+00,2026-07-03 10:09:06.14024+00
32a8940d-23ab-4701-b8a0-7f67f4dd0b11,null,null,whatsapp,inbound,webhook_unparsed,unparsed-d9288ee4-7104-4860-b09a-6f7f3721fa62,null,unknown,null,received,cb9594e6-3cd8-4311-9dfe-c2b96767bc25,null,payload_shape_not_recognized,2026-07-03 10:10:15.619959+00,2026-07-03 10:10:15.619959+00
659bb73c-e3ba-43d2-9e00-53f6e1b53859,00000000-0000-0000-0000-000000000001,2ba81159-3fd3-401a-b806-4cf09e7dce86,whatsapp,inbound,message,wamid.HBgMOTE5Njg2NDE5MjY5FQIAEhgUM0FBMURCMDQyQzhCMjg3MkNCMkMA,null,image,null,received,279beac3-ef68-4c84-b978-e5199ec0fc82,null,null,2026-07-03 10:13:35.584347+00,2026-07-03 10:13:35.584347+00
30dda72a-2aaf-4078-a1df-f9c013393ebc,null,null,whatsapp,inbound,webhook_unparsed,unparsed-2b6f91b6-dea7-48d9-88d2-277f94885f35,null,unknown,null,received,2aeeae37-043a-4abb-b5ed-7169e3f3ea31,null,payload_shape_not_recognized,2026-07-03 10:43:19.901487+00,2026-07-03 10:43:19.901487+00
2bd50cf7-7ac5-4ab8-a425-fa9f0b6ada7a,null,null,whatsapp,inbound,webhook_unparsed,unparsed-8b81be57-b146-461a-9156-8ae28fd74ca6,null,unknown,null,received,467dff46-e77c-4fec-9012-bd10d082f883,null,payload_shape_not_recognized,2026-07-03 10:47:04.223604+00,2026-07-03 10:47:04.223604+00
ad364095-a4a1-482d-aad7-e4c93da382e8,null,null,whatsapp,inbound,webhook_unparsed,unparsed-ebc1f938-71f8-44d6-8a74-abf2b67046f0,null,unknown,null,received,17585458-134b-4091-923f-34a96f906832,null,payload_shape_not_recognized,2026-07-03 10:57:33.327987+00,2026-07-03 10:57:33.327987+00
2c667bd1-dea8-4c69-b4b5-d7283a172271,00000000-0000-0000-0000-000000000001,f16a668c-ea8a-b26d-9dff-4da3c53fccc7,whatsapp,inbound,message,wamid.HBgMOTE5OTAxNzUzODM5FQIAEhgUNEE2QjE3QTQ4RjBDOUQyNjYyQ0MA,null,image,null,received,0cb80a67-2a98-4d03-b0a5-e26db4340f7f,null,null,2026-07-03 10:58:22.525446+00,2026-07-03 10:58:22.525446+00
4c610337-0eb3-45c1-8dcc-5e81b0076cce,null,null,whatsapp,inbound,webhook_unparsed,unparsed-b77b0d1f-4d0a-4be7-8c44-6cffdc7c3501,null,unknown,null,received,607a0095-1d43-4d4b-b61a-a5c242bababb,null,payload_shape_not_recognized,2026-07-03 11:00:08.434101+00,2026-07-03 11:00:08.434101+00
8e837ea7-f6b9-4a1e-adfd-54e9901144c3,00000000-0000-0000-0000-000000000001,null,whatsapp,inbound,message,wamid.HBgMOTE3Njk1OTMyODI0FQIAEhggQUM1MEY3NkE0RUIxNDAwNDJCNDU4RTE3QzI3NDlBRUYA,null,text,null,received,c48fa378-00e1-41fc-8d62-b69f2c33e200,null,null,2026-07-03 11:02:47.866047+00,2026-07-03 11:02:47.866047+00
8f428b1e-ff85-4503-812b-2bd63a4f7952,00000000-0000-0000-0000-000000000001,f2a00e3d-de04-40a3-6f41-a3ebfcab4a3c,whatsapp,inbound,message,wamid.HBgMOTE5Mzk5NTQwNjMwFQIAEhggQUNFRjYwNDdDM0U3NDlEQTk1MDdGNzhGRDdBOTdBQzYA,null,text,null,received,84682c2d-b34f-458b-a5fe-9b40074e3de6,null,null,2026-07-03 11:09:50.978824+00,2026-07-03 11:09:50.978824+00
d9fa9ad0-e9fe-4922-905c-6440b990e2c0,00000000-0000-0000-0000-000000000001,f2a00e3d-de04-40a3-6f41-a3ebfcab4a3c,whatsapp,inbound,message,wamid.HBgMOTE5Mzk5NTQwNjMwFQIAEhggQUMzODAwMjFCQTM0NEZGQkQ1QUI5MzI0RUI4ODE2ODcA,null,image,null,received,fb9b09f6-4345-4f33-9297-b3502e1ff773,null,null,2026-07-03 11:13:01.378142+00,2026-07-03 11:13:01.378142+00
65db3e8c-fbf8-4ee8-8731-e265e485ccf6,00000000-0000-0000-0000-000000000001,f295149c-bcb1-4d48-93ce-d2ea593d29c3,whatsapp,inbound,message,wamid.HBgMOTE4NTgyODQxNDQ0FQIAEhgUM0FFMUQzOTJGOTQ0NzNBQTQyMTEA,null,image,null,received,01ac6cfe-846a-4e06-becf-8674392dcf9a,null,null,2026-07-03 11:16:03.217878+00,2026-07-03 11:16:03.217878+00
db5880ac-2468-401b-b818-24067dc05638,00000000-0000-0000-0000-000000000001,417cb75b-9992-4df9-28ae-ad4d2313621f,whatsapp,inbound,message,wamid.HBgMOTE5ODQwMjA2ODI0FQIAEhggQUMwRjQ3NjVBMEJBRjM2NTZEOEU2QjhDRTdDMDU0QTcA,null,image,null,received,649a43f2-ae67-4d0e-a2b7-5ed38e292c12,null,null,2026-07-03 11:20:14.402277+00,2026-07-03 11:20:14.402277+00
815e001f-2e45-4c8a-82ab-d038389ce577,00000000-0000-0000-0000-000000000001,cd2c3f97-4df7-b32f-d0c0-12031beae516,whatsapp,inbound,message,wamid.HBgMOTE5Njg2NTY4OTk1FQIAEhggQUM4NzIzRjRCNDhDODk3ODMyNDYyN0E4MDYwMjZEOTIA,null,image,null,received,e20ff494-1fc0-44f3-807f-778c2063c922,null,null,2026-07-03 11:27:08.829588+00,2026-07-03 11:27:08.829588+00
351e9c4d-7715-472b-9d4c-577cfb1bd3ee,00000000-0000-0000-0000-000000000001,null,whatsapp,inbound,message,wamid.HBgMOTE3Njk1OTMyODI0FQIAEhggQUNBQzRBMTZCQTkxREZCMDlBQzAyQ0YyMEJGRDgyMkYA,null,text,null,received,ce9e2fc4-791f-4bf6-8646-b195a32e76d0,null,null,2026-07-03 11:32:01.460547+00,2026-07-03 11:32:01.460547+00
b888e976-d9c6-41bd-a5a0-632e51429e30,00000000-0000-0000-0000-000000000001,null,whatsapp,inbound,message,wamid.HBgMOTE3Njk1OTMyODI0FQIAEhggQUNDNzlBODdERTY0NkRCRDNEN0RFRkY1ODlDNzYxNEEA,null,text,null,received,05140708-547f-4bdc-be82-3cfd1d37f538,null,null,2026-07-03 11:32:49.476804+00,2026-07-03 11:32:49.476804+00
b1d60898-922b-4f32-ac04-06c26f4e2017,null,null,whatsapp,inbound,message,wamid.HBgMOTE2MzY0OTIyMTk0FQIAEhgSNjQ1QTVERjBGNkQ4QjkzNjk1AA==,null,text,null,received,4a059c1e-75e7-4cd1-95e0-dd6c726a1275,null,null,2026-07-03 11:41:18.286702+00,2026-07-03 11:41:18.286702+00
7a2a796a-b9f7-4cc8-b8e3-f6d19ba9e987,00000000-0000-0000-0000-000000000001,null,whatsapp,inbound,message,wamid.HBgMOTE3Njk1OTMyODI0FQIAEhggQUM3NDY4QkVFRTE2RTdDQjA4OEE4MEVCOTcxQkIwQTAA,null,text,null,received,21ccd493-29ec-40bc-bf90-5013b247e74c,null,null,2026-07-03 11:46:05.749585+00,2026-07-03 11:46:05.749585+00
7cff3b83-2f6a-4a18-8413-c8d4af77a7fe,00000000-0000-0000-0000-000000000001,null,whatsapp,inbound,message,wamid.HBgMOTE3Njk1OTMyODI0FQIAEhggQUNEQjk1MEU4QzAxNjVCMDM2MjFFQjVGRTAyQkM5ODgA,null,text,null,received,2ca4c249-3abd-4c0b-b36b-a827c87fbec1,null,null,2026-07-03 11:46:24.453537+00,2026-07-03 11:46:24.453537+00
55a0c8bb-4cca-4656-b570-679d87fd9a8c,00000000-0000-0000-0000-000000000001,null,whatsapp,inbound,message,wamid.HBgMOTE3Njk1OTMyODI0FQIAEhggQUNENzhBODQ3NEE5RTc4N0NFQUU3NTUxQzk1REI0MjMA,null,text,null,received,d0f043e2-41c9-48a1-85dd-88c515184e1a,null,null,2026-07-03 11:55:40.866871+00,2026-07-03 11:55:40.866871+00
c92b9b5f-078f-40c3-9dda-3ae6906f21a5,00000000-0000-0000-0000-000000000001,null,whatsapp,inbound,message,wamid.HBgMOTE3Njk1OTMyODI0FQIAEhggQUNDRkFBREM0ODNGQzQxQTAzMEREMkU4N0JBRjM5ODkA,null,text,null,received,1c2a7f18-08fd-46ec-93db-dacf04d139e2,null,null,2026-07-03 11:58:43.945457+00,2026-07-03 11:58:43.945457+00
8bff5be7-c19d-4501-9e51-c9a200ff35e0,00000000-0000-0000-0000-000000000001,6ea3368b-00ab-4626-a86f-7fcacb3e167e,whatsapp,inbound,message,wamid.HBgMOTE5ODYzNzAzMzEyFQIAEhggQUM1MzE2RDdCNzdGNzRBMDJBMzdBRjlBMDFDQkY4OTYA,null,image,null,received,c0a51724-11ac-433f-a601-1828ca717eef,null,null,2026-07-03 12:41:50.037271+00,2026-07-03 12:41:50.037271+00
9a6fe1d3-2f0c-4320-83b2-92dc23a95088,00000000-0000-0000-0000-000000000001,null,whatsapp,inbound,message,wamid.HBgMOTE3Njk1OTMyODI0FQIAEhggQUNFM0FERTVCQUIxRkREMjE3NjY4NDY1OEU0QjcxMTQA,null,text,null,received,b17cc563-b394-42d1-94bd-177718d2748f,null,null,2026-07-03 12:59:06.695403+00,2026-07-03 12:59:06.695403+00
869b0a51-9f36-4729-ab66-c71fe589f3e1,00000000-0000-0000-0000-000000000001,1fc0c3bb-f35c-8d5d-a4fa-a9c1723cd8ab,whatsapp,inbound,message,wamid.HBgMOTE3NTk4ODM3NzAyFQIAEhggQUNERUNGNkNFRjg3Rjk5MzM4NTMyRUE4Qjc1MTZFMEEA,null,image,null,received,572e3fe3-d7a8-4598-b8f5-c6705d93a661,null,null,2026-07-03 16:51:39.306381+00,2026-07-03 16:51:39.306381+00
3ef5b9e4-7a29-409c-b823-f154ffcf0957,00000000-0000-0000-0000-000000000001,1bc75090-ac1a-44a6-bb22-f211aca7c760,whatsapp,inbound,message,wamid.HBgMOTE5ODc1MzY3MjExFQIAEhgUM0E4RkVFREYxMEYzNjdBOTc2NDEA,null,text,null,received,8abd119f-5ae0-439d-9bb0-b12fb767d905,null,null,2026-07-03 17:33:28.387921+00,2026-07-03 17:33:28.387921+00
5073c047-7243-4f98-9d18-8f884452a7d2,00000000-0000-0000-0000-000000000001,6dd50e39-9843-4442-cc09-3b49fbe97fb9,whatsapp,inbound,message,wamid.HBgMOTE5NjExNjg5MDE4FQIAEhggQUM0QkVDN0VFNjVEN0I2RDExQzUwRkEyMEYyN0YwMTEA,null,image,null,received,d1550186-6549-4aa8-93a2-d4ad4c3f2d9b,null,null,2026-07-04 04:17:07.111664+00,2026-07-04 04:17:07.111664+00
42fb9af4-9ec6-436b-8173-a452878536e5,00000000-0000-0000-0000-000000000001,61492721-611b-479f-9815-e09e0d7c95fd,whatsapp,inbound,message,wamid.HBgMOTE5NDk3ODIyMjgwFQIAEhggQUM1RTEzRTE0ODJDMUFGOURFMkQyNTBFMTI1MkU1NEIA,null,text,null,received,121d05be-aadc-45f5-95a0-9f728c04a83f,null,null,2026-07-04 07:18:21.487432+00,2026-07-04 07:18:21.487432+00
7293e2f0-9535-4fc6-b90a-2850a728ba69,00000000-0000-0000-0000-000000000001,61492721-611b-479f-9815-e09e0d7c95fd,whatsapp,inbound,message,wamid.HBgMOTE5NDk3ODIyMjgwFQIAEhggQUM0QUE0OTgyMkQwN0ZCMzlEOEVBNzkxOTlBODA0NEQA,null,text,null,received,e5c0c786-28a5-486a-929f-dc40e37a2192,null,null,2026-07-04 07:19:02.461169+00,2026-07-04 07:19:02.461169+00
48458bdd-1a23-47a1-beab-fb1571bd1ea7,00000000-0000-0000-0000-000000000001,1a3b6c74-26e1-7124-0b5c-7f783d71624d,whatsapp,inbound,message,wamid.HBgMOTE2MzY5MzUzNTI2FQIAEhgUNEExRjM2OUFEM0M5MDcxNkM1NzEA,null,image,null,received,5bcbc38d-5561-407b-a322-ec4860170e4f,null,null,2026-07-04 07:29:46.832078+00,2026-07-04 07:29:46.832078+00
f85ecb4e-bade-4768-86e1-48fcefaf8037,00000000-0000-0000-0000-000000000001,4f75b0ca-7bed-c37c-cfd4-1e361a1bb6d4,whatsapp,inbound,message,wamid.HBgMOTE4Mjk5MjYzNDE1FQIAEhgUNEE0QkQ0M0EwMkE0MDdCODlDRDYA,null,image,null,received,07afa953-b0a4-4a67-9cf7-feb625bb9565,null,null,2026-07-04 08:49:50.927158+00,2026-07-04 08:49:50.927158+00
a2dca0d0-f5e5-4e6e-aff6-3a7be8c6fd71,00000000-0000-0000-0000-000000000001,null,whatsapp,inbound,message,wamid.HBgMOTE3Njk1OTMyODI0FQIAEhggQUNENDNBNENBNERGQTJCMTJCMDVFQjU5MDcyQzA4RjQA,null,text,null,received,356bc32e-0322-47e3-aab6-a40d20499ebc,null,null,2026-07-04 08:53:43.979345+00,2026-07-04 08:53:43.979345+00
ee765ade-3061-4265-bf12-0701dedea331,00000000-0000-0000-0000-000000000001,null,whatsapp,inbound,message,wamid.HBgMOTE3Njk1OTMyODI0FQIAEhggQUNBMDE2ODRCM0RDQzE5MEJGMTU4Qjg2MDdGQ0M2REEA,null,text,null,received,7ec7dcce-0d50-4d9a-b11e-f92698ac69e7,null,null,2026-07-04 08:53:56.551378+00,2026-07-04 08:53:56.551378+00
c8bd6543-702a-4403-ae61-026895892614,00000000-0000-0000-0000-000000000001,null,whatsapp,inbound,message,wamid.HBgMOTE3Njk1OTMyODI0FQIAEhggQUNGOEY4NkI2NjE2MTc2NDhDNDkxQjAyNDBCNTUyOEUA,null,text,null,received,f41b18f3-5231-4767-9b88-f946ea1a1d9d,null,null,2026-07-04 08:57:48.18717+00,2026-07-04 08:57:48.18717+00
bebfa7ab-b3e4-4ba5-88bd-0ecde7fb8061,00000000-0000-0000-0000-000000000001,null,whatsapp,inbound,message,wamid.HBgMOTE3Njk1OTMyODI0FQIAEhggQUM3Q0FEOTYwQ0MzNDJENjFBMTAxNDI2NURDODMxMTcA,null,text,null,received,fab20bf9-d3bb-44fe-8c34-5aa98b2e2d2f,null,null,2026-07-04 08:57:53.396505+00,2026-07-04 08:57:53.396505+00
5e17a3ba-c318-42f7-ad16-a00f24108004,00000000-0000-0000-0000-000000000001,null,whatsapp,inbound,message,wamid.HBgMOTE3Njk1OTMyODI0FQIAEhggQUMxMTVDN0U0QTI2NENBQzU1RDIzN0QzQjBFMTVCMzEA,null,text,null,received,16ccb492-3b19-4d51-a992-9faf08c876ad,null,null,2026-07-04 09:05:02.387934+00,2026-07-04 09:05:02.387934+00
947e3c39-5a4e-4501-a294-8175f96eda96,00000000-0000-0000-0000-000000000001,null,whatsapp,inbound,message,wamid.HBgMOTE3Njk1OTMyODI0FQIAEhggQUMyRkZDOENENEQwMjc0RTIwRDRBQzJGMjQ3M0Y2QkUA,null,text,null,received,a423688b-f9e9-4a64-a95d-9b1623b51eb7,null,null,2026-07-04 09:05:08.440786+00,2026-07-04 09:05:08.440786+00
1b476cd2-d0a9-48b5-814a-0016ed9236b4,00000000-0000-0000-0000-000000000001,null,whatsapp,inbound,message,wamid.HBgMOTE3Njk1OTMyODI0FQIAEhggQUMwNkE4OTIzNUVDOEREMEZEQTlCMjI5NzcwMTM3NzUA,null,text,null,received,9b228698-850c-4254-9dff-64c9ffc9952b,null,null,2026-07-04 09:05:31.976834+00,2026-07-04 09:05:31.976834+00
4895680c-5091-4fa2-b576-fe0540f59f6c,00000000-0000-0000-0000-000000000001,null,whatsapp,inbound,message,wamid.HBgMOTE3Njk1OTMyODI0FQIAEhggQUNBOUNGQUIwMUVDODQ1MDAxN0QzOURBMjg4QzA1QTYA,null,text,null,received,797f6f84-178a-4f57-9606-326f9ba5dd21,null,null,2026-07-04 09:20:17.66061+00,2026-07-04 09:20:17.66061+00
2ece7d98-7081-44cd-b039-32ac7a9a5086,00000000-0000-0000-0000-000000000001,null,whatsapp,inbound,message,wamid.HBgMOTE3Njk1OTMyODI0FQIAEhggQUM4ODM2MEZCNzkwMDMwMjFCNDRFNEY5RTcwQkM5MTAA,null,text,null,received,9eec1f53-22fa-4b1b-920f-fef7f4ba9d92,null,null,2026-07-04 09:20:22.932211+00,2026-07-04 09:20:22.932211+00
0efe4cec-ee3a-4432-a1a1-085a7277a0d1,00000000-0000-0000-0000-000000000001,2631ddfd-660e-8719-1876-82cf88e13a60,whatsapp,inbound,message,wamid.HBgMOTE4Mjg5OTE2MTQxFQIAEhggQUMxNzIzRUI1NjMzODIzMUUyRjJGN0JGRkU0QzdBOTkA,null,image,null,received,6abffe75-230e-456e-8022-c465ed88c38d,null,null,2026-07-04 10:04:35.933925+00,2026-07-04 10:04:35.933925+00
472bba8c-4cb9-415b-88c0-901e1591ab01,00000000-0000-0000-0000-000000000001,2631ddfd-660e-8719-1876-82cf88e13a60,whatsapp,inbound,message,wamid.HBgMOTE4Mjg5OTE2MTQxFQIAEhggQUM0MEM4N0IyRTNDOTdDMjkyRUFEQkZFOTg3N0YwOTgA,null,text,null,received,c3f39fc6-43a1-4e01-9ecf-b194bd581e5c,null,null,2026-07-04 10:04:48.792953+00,2026-07-04 10:04:48.792953+00
23d02e83-a188-48ac-b3d8-1dcfb84abf2e,00000000-0000-0000-0000-000000000001,61492721-611b-479f-9815-e09e0d7c95fd,whatsapp,inbound,message,wamid.HBgMOTE5NDk3ODIyMjgwFQIAEhggQUNFNzgxODc5MTQzMDlBNzQ3MDU1M0I2NjZCRUU3NzYA,null,text,null,received,36008d6a-df87-47bd-8f19-f339a6c63e0f,null,null,2026-07-04 10:22:02.418485+00,2026-07-04 10:22:02.418485+00
6f8b77c1-d2a0-4117-8fbf-4c34e44755dc,00000000-0000-0000-0000-000000000001,61492721-611b-479f-9815-e09e0d7c95fd,whatsapp,inbound,message,wamid.HBgMOTE5NDk3ODIyMjgwFQIAEhggQUNEN0NCMDk4NjNBNUQ1ODIxRUYxMUZCQ0QyRUQzQjEA,null,text,null,received,38881f93-30a9-4fda-be96-c66c1dc8b3c2,null,null,2026-07-04 10:22:02.536239+00,2026-07-04 10:22:02.536239+00
1dade5d6-7dbb-48fa-929d-27a996782ee6,00000000-0000-0000-0000-000000000001,011b7d1c-5697-5394-c05b-fa0473640657,whatsapp,inbound,message,wamid.HBgMOTE5NDg5MTE5Mjc1FQIAEhggQUM1MTk1RUYwQTNEMEVCRTRGNEZGMkNEQzFCMzRDMDQA,null,image,null,received,a06633c4-8ac8-4155-b7f8-9f4c3bac369c,null,null,2026-07-04 11:06:45.377133+00,2026-07-04 11:06:45.377133+00
7656b669-14c4-44d2-8079-a5d9d0ce97f2,00000000-0000-0000-0000-000000000001,b0a6f0b5-9fd8-112e-2bfa-24fa8a25779b,whatsapp,inbound,message,wamid.HBgMOTE5NzQ1NDc2ODMyFQIAEhgUM0E0NTJGMjEwN0FDMThDM0VGNkIA,null,text,null,received,be66fb22-ef21-4bf6-a6b6-ec360f39b558,null,null,2026-07-04 11:26:25.680503+00,2026-07-04 11:26:25.680503+00
e4050960-45fe-4874-aacd-08b7451f0b67,00000000-0000-0000-0000-000000000001,b0a6f0b5-9fd8-112e-2bfa-24fa8a25779b,whatsapp,inbound,message,wamid.HBgMOTE5NzQ1NDc2ODMyFQIAEhgUNEFERjMyQjhDQzNBMzY2MTEwRTkA,null,image,null,received,e2687e08-cba3-452a-ba42-af4f0b0698d5,null,null,2026-07-04 11:26:28.389766+00,2026-07-04 11:26:28.389766+00
67fe899f-2aea-4648-ae90-0207cdfd5879,00000000-0000-0000-0000-000000000001,null,whatsapp,inbound,message,wamid.HBgMOTE3Njk1OTMyODI0FQIAEhggQUMxMzM1MzM0QjdENUE5MjFCRUQyQjgxOUZFMjIwQUMA,null,text,null,received,ec66470c-a58a-45c6-88c8-b4577bb5864c,null,null,2026-07-04 11:30:07.468781+00,2026-07-04 11:30:07.468781+00
435a3539-736a-4a07-8d95-fd890013c987,00000000-0000-0000-0000-000000000001,null,whatsapp,inbound,message,wamid.HBgMOTE3Njk1OTMyODI0FQIAEhggQUNEQTdCOTcwRjJDMEM2MTE3QjM0OEY0MTMyQzdBMkEA,null,text,null,received,3bab9b5b-706e-4b65-be63-e5f984f29b6a,null,null,2026-07-04 11:30:16.806439+00,2026-07-04 11:30:16.806439+00
abb6d026-8b06-4539-be89-27ab1eae0466,00000000-0000-0000-0000-000000000001,e99afa10-6249-3f5b-4364-da75f89e34f9,whatsapp,inbound,message,wamid.HBgMOTE4NzcwMDk3NDU5FQIAEhggQUNERTZCOTM1M0YwMEZDODYyMDQ1MDY4NEJBRENGNUEA,null,text,null,received,934f5b3b-ff03-4008-873e-0db68f356852,null,null,2026-07-04 12:19:35.599641+00,2026-07-04 12:19:35.599641+00
e3381966-272e-48da-8d71-4e585d4fe623,00000000-0000-0000-0000-000000000001,null,whatsapp,inbound,message,wamid.HBgMOTE3Njk1OTMyODI0FQIAEhggQUNFQ0Q1REVDRTY3MUQ3RjAwQjEzNkM1MzZFRDgxODQA,null,text,null,received,512c3c48-73c4-4949-86c0-1fa9330da55c,null,null,2026-07-04 12:35:06.664343+00,2026-07-04 12:35:06.664343+00
b6605472-7cd6-48cb-bbdd-928876eaa70c,00000000-0000-0000-0000-000000000001,null,whatsapp,inbound,message,wamid.HBgMOTE3Njk1OTMyODI0FQIAEhggQUNFM0EwQkEwRDEwQUE3REU5RENCRDYyOUE4RjlBOEIA,null,text,null,received,86787381-824d-40fb-9e2f-8193acb869fc,null,null,2026-07-04 12:35:12.436698+00,2026-07-04 12:35:12.436698+00
7fc9c039-7e23-4faa-885b-28dc76b653dd,00000000-0000-0000-0000-000000000001,null,whatsapp,inbound,message,wamid.HBgMOTE3Njk1OTMyODI0FQIAEhggQUM3RDI4MEJFMzk1NzZFODJENDQxREE4MjYzNkMxMjMA,null,text,null,received,940ec94e-c0e2-4464-99b6-dd695d010bde,null,null,2026-07-04 12:35:24.595705+00,2026-07-04 12:35:24.595705+00
259e205b-7afd-4f0f-b570-7453903fb146,00000000-0000-0000-0000-000000000001,null,whatsapp,inbound,message,wamid.HBgMOTE3Njk1OTMyODI0FQIAEhggQUM1MDM2ODAzNEFDNjE4Qzg2RkExQTRDMzUxODRGRkQA,null,text,null,received,a94cbab1-2377-4e82-b068-fffc6973e7e1,null,null,2026-07-04 12:35:29.83881+00,2026-07-04 12:35:29.83881+00
04d6e267-fb85-4765-92bb-d4c290914445,00000000-0000-0000-0000-000000000001,null,whatsapp,inbound,message,wamid.HBgMOTE3Njk1OTMyODI0FQIAEhggQUMzM0JCNUJBNTFDMUQyRDcxQUI3ODhFODA1RTYzMTUA,null,text,null,received,2d3a7ca5-6720-4a27-ae6d-ac220f55e260,null,null,2026-07-04 12:35:35.466261+00,2026-07-04 12:35:35.466261+00
db1161ae-3513-4982-b084-61111ad96d64,00000000-0000-0000-0000-000000000001,null,whatsapp,inbound,message,wamid.HBgMOTE3Njk1OTMyODI0FQIAEhggQUM3QzJFODZBNjMwRDFDRjBBQkE2QkFGQ0MyM0M1NjUA,null,text,null,received,035e243a-ad92-4f23-8c1f-81fb97103695,null,null,2026-07-04 12:35:40.805316+00,2026-07-04 12:35:40.805316+00
c750d9d9-642b-4780-9aa3-fa9ced75a906,00000000-0000-0000-0000-000000000001,null,whatsapp,inbound,message,wamid.HBgMOTE3Njk1OTMyODI0FQIAEhggQUNGNjM1RjRFOTE3Q0FEMjIzNTBFRjhGM0ZDM0E1MEIA,null,text,null,received,ff7da71a-7de4-4548-8059-d861d4c8162f,null,null,2026-07-04 12:45:48.287784+00,2026-07-04 12:45:48.287784+00
af2d164c-043f-482f-a799-b6188667b6a1,00000000-0000-0000-0000-000000000001,null,whatsapp,inbound,message,wamid.HBgMOTE3Njk1OTMyODI0FQIAEhggQUMwMkIwQjAyMzk2ODRBRDM2NjVEODUyRDlEQjIyRTEA,null,text,null,received,28858aa0-3101-4673-8c58-19313365a7d2,null,null,2026-07-04 12:45:54.169336+00,2026-07-04 12:45:54.169336+00
88969e69-baaf-45ed-9690-476afb383e1c,00000000-0000-0000-0000-000000000001,c3c77367-5f51-f7a7-e667-0e3480f53751,whatsapp,inbound,message,wamid.HBgMOTE5MzAyMzQ4OTIxFQIAEhgUM0FERUZEM0I1QzQ2QjM4NjRGMjgA,null,text,null,received,5dc524af-6781-47cf-b199-25ef7832c64d,null,null,2026-07-04 13:13:22.162414+00,2026-07-04 13:13:22.162414+00
9332811e-f662-45d7-9c2b-7951245c4a28,00000000-0000-0000-0000-000000000001,c3c77367-5f51-f7a7-e667-0e3480f53751,whatsapp,inbound,message,wamid.HBgMOTE5MzAyMzQ4OTIxFQIAEhgUM0E2RTU1Q0YyOTk1RDgxMjIxMUYA,null,text,null,received,5f86415f-82bd-4267-a1d3-dacba7205a57,null,null,2026-07-04 13:13:25.039447+00,2026-07-04 13:13:25.039447+00
bcfbd0d2-ac52-49c5-8651-eee20e4f81a5,00000000-0000-0000-0000-000000000001,c3c77367-5f51-f7a7-e667-0e3480f53751,whatsapp,inbound,message,wamid.HBgMOTE5MzAyMzQ4OTIxFQIAEhgUM0FFQjYxOThFQTM1OTVDNTNGNUQA,null,image,null,received,c6f5d34a-bb74-4ce6-93d0-96a768a3cba0,null,null,2026-07-04 13:22:11.077332+00,2026-07-04 13:22:11.077332+00
21446ba5-2354-41e7-8f33-a327fb0d0343,00000000-0000-0000-0000-000000000001,22b0be2d-52c5-1127-642d-4f1083b404ca,whatsapp,inbound,message,wamid.HBgMOTE5NzAxMzQzOTczFQIAEhggQUM4NzdGOTRGOEZDRjdDQjU4MEE5MDIwNDRCMTdERUEA,null,image,null,received,0b2c83bb-e891-45bd-b4fb-a189a653f8f0,null,null,2026-07-04 20:52:23.502914+00,2026-07-04 20:52:23.502914+00
1d2f467d-023f-485e-9efb-e1b6f14fc3cc,00000000-0000-0000-0000-000000000001,23f7ef5f-6b26-a104-b616-b438d7e9243c,whatsapp,inbound,message,wamid.HBgMOTE4MzAzNTUzNTgxFQIAEhggQUM3NzNGRkYyMjFCRDU5MzU0RURGNkFBNjgxNUI4ODAA,null,image,null,received,7f2ca66b-aa21-4ddc-bb24-e5731b22b232,null,null,2026-07-05 03:29:20.28328+00,2026-07-05 03:29:20.28328+00
15db9620-c07e-4f42-a58e-9c858bcb65a7,00000000-0000-0000-0000-000000000001,6d60a9d5-34ce-4336-9c23-231057dffa71,whatsapp,inbound,message,wamid.HBgMOTE3MDQ3NjE5NzAwFQIAEhggQUM2MzI2NkQzRTJCN0E1MDQ2ODU5NkY0RTZDMTVBREUA,null,image,null,received,2d733736-a60b-4ea5-a886-2651135e37c5,null,null,2026-07-05 05:00:08.287827+00,2026-07-05 05:00:08.287827+00
a598877f-10b2-4922-805e-6fddb49e0ba3,00000000-0000-0000-0000-000000000001,a4709d2c-85e2-3d68-7467-1eaf879ba2c9,whatsapp,inbound,message,wamid.HBgMOTE5NDk1MzUxNjczFQIAEhggQUMxM0U4REZBQjE5OUZENDE5NDZFNzFGQURFOTAyMTUA,null,image,null,received,d3fea7c4-a67b-49d5-a21b-4514716ac76d,null,null,2026-07-05 05:25:20.02252+00,2026-07-05 05:25:20.02252+00
4b7a4f15-0bc1-4ecf-9700-313fab03a1e5,00000000-0000-0000-0000-000000000001,cf1318a5-0564-4af6-d90e-c3e76de1ef08,whatsapp,inbound,message,wamid.HBgMOTE2Mzc5MTQxNzE1FQIAEhggQUNCMjRENTBDMzk3ODIxRDEyMjAwODJCRDlFNzc1QUMA,null,image,null,received,b47c3986-6093-4379-b97b-c5abdfd817a0,null,null,2026-07-05 05:59:03.152109+00,2026-07-05 05:59:03.152109+00
5b79167f-99fa-4af9-a3ac-363ed4a8d295,00000000-0000-0000-0000-000000000001,61031b0a-ef18-26aa-64b7-d412d7b3d276,whatsapp,inbound,message,wamid.HBgMOTE3ODI1ODM1MTM0FQIAEhggQUNFMjI0NkRFNzVCNDg3RkQwMzg0MzI1MUUwNzNEMjgA,null,text,null,received,004acbf1-af34-4d98-b809-9095175bed64,null,null,2026-07-05 06:42:53.677708+00,2026-07-05 06:42:53.677708+00
0a8398d9-da6a-4b96-83dd-7a93633f9c84,00000000-0000-0000-0000-000000000001,af12a12c-92bf-088b-3073-292fe4dfc478,whatsapp,inbound,message,wamid.HBgMOTE5NTAwNDg1OTc4FQIAEhggQUMyMTg2OTUwNDQwQTY1OTlGQjAzNjc1MUQyNDFGMTEA,null,image,null,received,df9e2a1c-e3ef-4091-be15-deb9a3968fc0,null,null,2026-07-05 08:09:55.885467+00,2026-07-05 08:09:55.885467+00
097a84fb-4710-4785-aad4-bb8fca1ed218,00000000-0000-0000-0000-000000000001,af12a12c-92bf-088b-3073-292fe4dfc478,whatsapp,inbound,message,wamid.HBgMOTE5NTAwNDg1OTc4FQIAEhggQUNCQzM1Mjg0ODBEQjdGMUQ0OENENTgzMDFEODAyRjcA,null,text,null,received,78957062-ab09-46a6-ad09-876ad36354c6,null,null,2026-07-05 08:11:21.593802+00,2026-07-05 08:11:21.593802+00
558a7a9e-519b-43a3-81c8-b8e752ae961c,00000000-0000-0000-0000-000000000001,be68c44d-d4d2-478a-7b1e-c9c3fefac406,whatsapp,inbound,message,wamid.HBgMOTE2MzgzNzAzODgxFQIAEhgUNEEwRjIyM0MxNjAxNEExNzBBNTMA,null,image,null,received,5e6f54ff-abe4-4a5b-9ffe-7b3549cdb6dd,null,null,2026-07-05 08:39:47.266085+00,2026-07-05 08:39:47.266085+00
677a014c-7bb9-44a9-850f-b22664740125,null,null,whatsapp,inbound,message,wamid.HBgMOTE2MzY0OTIyMTk0FQIAEhgSOERENjlDQUUzNERDNkRCRThBAA==,null,text,null,received,f3dbd72d-4510-4939-95cf-64e62e6c2a5e,null,null,2026-07-05 10:12:29.828851+00,2026-07-05 10:12:29.828851+00
ff22e3f2-a718-4267-9020-cffa88abdd53,null,null,whatsapp,inbound,message,wamid.HBgMOTE2MzY0OTIyMTk0FQIAEhgSNzMzMTEwM0YzRDE1M0MwRkRDAA==,null,text,null,received,aeca6b35-4c24-4163-97ea-8dd09ece43b3,null,null,2026-07-05 11:45:55.191987+00,2026-07-05 11:45:55.191987+00
5f9af35a-6d4d-4f26-8e3a-380866207347,00000000-0000-0000-0000-000000000001,a267e3ee-ef69-4d54-8414-357c81b2eb3c,whatsapp,inbound,message,wamid.HBgMOTE5Mzg0OTM5OTAzFQIAEhggQUNGOURBQzNBNTRBMUM3RTg3QzNCQzkzQTFCQTAyMTcA,null,image,null,received,2b10dc44-becb-4a7b-8785-82fd807eb0a8,null,null,2026-07-05 11:48:20.288297+00,2026-07-05 11:48:20.288297+00
12b5fde2-c90d-447e-b7d8-bf2d850b33de,00000000-0000-0000-0000-000000000001,83f51f9d-9d36-eda9-e7fb-5b1badbbd5d9,whatsapp,inbound,message,wamid.HBgMOTE3OTg3NzMxMzgxFQIAEhggQUNFNzRFQjkwMjg3NUJFRTRDNERDRTQ3RTIxODJBRkIA,null,image,null,received,9798408d-6ec1-401b-b86b-eed4671fa70b,null,null,2026-07-05 13:41:56.00984+00,2026-07-05 13:41:56.00984+00
e45399cc-399f-4613-b05e-16a9d4a2dcfb,00000000-0000-0000-0000-000000000001,83f51f9d-9d36-eda9-e7fb-5b1badbbd5d9,whatsapp,inbound,message,wamid.HBgMOTE3OTg3NzMxMzgxFQIAEhggQUM5NTIwQzcwNjY4NDJERjhENjcxMjI5MkI0M0M1QjYA,null,text,null,received,90eb4c1c-1c44-4185-8d34-42ba83e1cb1d,null,null,2026-07-05 13:42:51.685179+00,2026-07-05 13:42:51.685179+00
a61cfac0-11f2-4ee5-a2d1-96befde30894,null,null,whatsapp,inbound,message,wamid.HBgMOTE2MzY0OTIyMTk0FQIAEhgSQzYxNDM5NDNDQjRDMDkzM0U5AA==,null,text,null,received,e8387b85-5fba-4fdc-8f9b-bea73719f394,null,null,2026-07-05 14:38:01.090023+00,2026-07-05 14:38:01.090023+00
aff96f99-0734-40a9-a68e-932103c2d726,00000000-0000-0000-0000-000000000001,5527e05d-475b-45ed-a6f4-284340eed262,whatsapp,inbound,message,wamid.HBgMOTE4ODg0Mzk1NjY2FQIAEhggQUNDNjAwOUI3RjhENDQzNEVBRDYyNkZDODAyRDA0MjMA,null,image,null,received,ba3d8ca9-08f4-4b7d-b1f2-5a06726630e8,null,null,2026-07-05 15:09:28.966899+00,2026-07-05 15:09:28.966899+00
54e32ade-1526-4cf4-9e6a-26f551e0f5b5,00000000-0000-0000-0000-000000000001,5527e05d-475b-45ed-a6f4-284340eed262,whatsapp,inbound,message,wamid.HBgMOTE4ODg0Mzk1NjY2FQIAEhggQUM3MjBCMEJGMDRDOEJGOEI5RjlENDE0Q0Q4NTM2ODcA,null,image,null,received,fe53c30c-7eef-4991-a39d-5b61ba4bef8c,null,null,2026-07-05 15:10:07.213951+00,2026-07-05 15:10:07.213951+00
473b30b8-807c-4217-916a-5f309e2b8fbe,00000000-0000-0000-0000-000000000001,72ac33cc-b9b2-9cc4-47fd-d37096c8f30d,whatsapp,inbound,message,wamid.HBgMOTE5NDkxNjQ2MjAyFQIAEhgUNEEzN0ZDRkVBODg1NjA2MDg3MjQA,null,image,null,received,fa0fd7a6-fc79-4557-92ca-3feb724c8b7e,null,null,2026-07-05 15:52:42.245639+00,2026-07-05 15:52:42.245639+00
17542131-d9c7-4bdd-bca3-c9c7bf797ed8,00000000-0000-0000-0000-000000000001,238b347e-e7e9-b1a3-31a8-a2f8fed99f55,whatsapp,inbound,message,wamid.HBgMOTE5ODQ1ODk0ODM5FQIAEhggQUMzMDY1RTUwMkZDODFCN0ZCOTk0RkM2RjJGRDQyRDMA,null,image,null,received,4bb9d149-ea98-4606-afe4-68cf8eacc3b7,null,null,2026-07-06 00:37:21.158235+00,2026-07-06 00:37:21.158235+00
98f73b2a-239b-4233-8050-26f7ac9ebed3,00000000-0000-0000-0000-000000000001,9541a16d-d020-eb78-80f1-a4a2d4b7775f,whatsapp,inbound,message,wamid.HBgMOTE5NjYzNjc3MDMyFQIAEhggQUM4MjIzMzBFOTYyQTg4MEI2MDc3Q0ZDODVEOUFBNjMA,null,image,null,received,2bfc7638-477a-4fce-8fa7-d7b2d1e40b0b,null,null,2026-07-06 02:27:43.783668+00,2026-07-06 02:27:43.783668+00
077f392e-8868-4df4-a03b-b0af60fea77e,00000000-0000-0000-0000-000000000001,11e96dd2-92f4-f793-56db-439d5b3de156,whatsapp,inbound,message,wamid.HBgMOTE5MDYxODM0NjE1FQIAEhggQUM3Q0Q2QTdFQkVFRDhFQjBDQ0I5RDM0QThCMjBGRkEA,null,image,null,received,db1fb26d-681d-46f4-a8f1-2e580e236461,null,null,2026-07-06 05:10:29.121735+00,2026-07-06 05:10:29.121735+00
70311098-3e1a-4b18-ac9c-6f82fd6a6e26,00000000-0000-0000-0000-000000000001,null,whatsapp,inbound,message,wamid.HBgMOTE3Njk1OTMyODI0FQIAEhggQUMxNzY4QkQ0OUNERUYyNTZDMzk1ODNBQkNCRTkwMkYA,null,text,null,received,1d605dab-2666-4b1e-8568-a4c5f3cfc273,null,null,2026-07-06 05:33:19.328247+00,2026-07-06 05:33:19.328247+00
84e211ac-8601-45b9-91c7-2d995a493962,00000000-0000-0000-0000-000000000001,null,whatsapp,inbound,message,wamid.HBgMOTE3Njk1OTMyODI0FQIAEhggQUM2RDJCODU1M0NBN0U5NzcyNjRERjI4RUY5QjQzRjMA,null,text,null,received,c0b9b926-9c0a-4d55-af2a-f944d94dc52d,null,null,2026-07-06 05:33:37.460654+00,2026-07-06 05:33:37.460654+00
8e9ac1ca-ed7f-4186-831a-4970efafb60a,00000000-0000-0000-0000-000000000001,null,whatsapp,inbound,message,wamid.HBgMOTE3Njk1OTMyODI0FQIAEhggQUM5RENCMTc1NUMxNEYxRTk3MEMzRUUzMzMwMDkzMjgA,null,text,null,received,c16ff58b-8c35-4f7a-9a5f-d0d44392cded,null,null,2026-07-06 05:50:28.131924+00,2026-07-06 05:50:28.131924+00
9a503bbd-f44e-4e7a-9644-b09199974048,00000000-0000-0000-0000-000000000001,null,whatsapp,inbound,message,wamid.HBgMOTE3Njk1OTMyODI0FQIAEhggQUMwREI4NTQ3RTQwREZBMTY0QjMxQTM2REY2MENCQUYA,null,text,null,received,70dd3d60-cd3a-44f8-8962-8fd827036ab4,null,null,2026-07-06 05:50:34.211352+00,2026-07-06 05:50:34.211352+00
9c7f8f0a-abbb-44b9-9e84-617271396af2,00000000-0000-0000-0000-000000000001,b2f85d5d-acf9-7c53-dc5b-0d3b67b462c5,whatsapp,inbound,message,wamid.HBgMOTE3MDQyMTI0ODY1FQIAEhggQUMyMTIyNDQyMDlBN0Y4QjlBMjcwQUYxQjBGODI2NEUA,null,text,null,received,a7dad0d1-e093-45ec-9d05-ddac110ca42c,null,null,2026-07-06 05:50:43.134649+00,2026-07-06 05:50:43.134649+00
3b3b3dd8-a24d-4c36-bb8e-ada039c5da73,00000000-0000-0000-0000-000000000001,null,whatsapp,inbound,message,wamid.HBgMOTE3Njk1OTMyODI0FQIAEhggQUNCRDg5QkNENUIwMDFFMjE4RDUxMUM4REM0RjcxRjEA,null,text,null,received,44d99b06-f433-4be8-8a07-785811d15961,null,null,2026-07-06 05:50:52.709032+00,2026-07-06 05:50:52.709032+00
ef47a5b0-eb94-44c3-91ca-9a5e0d1d4de2,00000000-0000-0000-0000-000000000001,null,whatsapp,inbound,message,wamid.HBgMOTE3Njk1OTMyODI0FQIAEhggQUNEOTg5RTg0MTk1M0RBQTc2MTQzODk5MTA0NDI3MkUA,null,text,null,received,4741bd8a-bb0b-488b-80f5-4a6889179c36,null,null,2026-07-06 05:50:57.490701+00,2026-07-06 05:50:57.490701+00
8ba346ca-206f-442d-8ef2-49e15357999f,00000000-0000-0000-0000-000000000001,null,whatsapp,inbound,message,wamid.HBgMOTE3Njk1OTMyODI0FQIAEhggQUNEQjY4M0E2QjE2MEQwMkY4NjU4RDlDQzJCODBEQ0IA,null,text,null,received,0ce7dd91-7f1a-44bb-96b9-b1b1e05feb15,null,null,2026-07-06 05:52:07.582801+00,2026-07-06 05:52:07.582801+00
a48387f1-1417-4b0a-b866-39c73b7068b6,00000000-0000-0000-0000-000000000001,null,whatsapp,inbound,message,wamid.HBgMOTE3Njk1OTMyODI0FQIAEhggQUMwQUUwNDAzODBEMzM5MTgyMEE0N0YyMTI1OTQwMUYA,null,text,null,received,32706e3d-2a4a-4a30-96c5-5b8b6f68e60c,null,null,2026-07-06 05:52:12.156588+00,2026-07-06 05:52:12.156588+00
37f22ab2-dcd0-486a-a7e9-4141169f4e8e,00000000-0000-0000-0000-000000000001,25aa2406-e171-b558-8249-7a525d126d8f,whatsapp,inbound,message,wamid.HBgMOTE4ODQ4MDM5MzY5FQIAEhggQUM2NUZGOEREOURFQzIzNEYxNEYwNTFCRjUxNEUzODYA,null,image,null,received,3b4a45e3-527e-4681-881c-9dd19cab9c7f,null,null,2026-07-06 05:57:04.975573+00,2026-07-06 05:57:04.975573+00
ba4cb030-ae58-4bee-ba53-73c3c85ae79e,00000000-0000-0000-0000-000000000001,null,whatsapp,inbound,message,wamid.HBgMOTE3Njk1OTMyODI0FQIAEhggQUMxNDkxNTYxMDFENUY4QkVCRjk3NjY0MEY3QjM4NjAA,null,text,null,received,1bd40ddc-f25d-4e0f-a8f7-2a6c0ae99a73,null,null,2026-07-06 06:42:19.579417+00,2026-07-06 06:42:19.579417+00
106b7fd0-eb8b-4dfa-90a6-d3c1979578c9,00000000-0000-0000-0000-000000000001,null,whatsapp,inbound,message,wamid.HBgMOTE3Njk1OTMyODI0FQIAEhggQUM2NDNFOTcxRTc4QTczMTI3NzZENEFFNUNBNUZDNzQA,null,text,null,received,db0184a2-5950-48c1-bafc-baaed77633cf,null,null,2026-07-06 06:42:26.510928+00,2026-07-06 06:42:26.510928+00
ac85ab8e-db72-4742-ab5d-30042d82e2c6,00000000-0000-0000-0000-000000000001,null,whatsapp,inbound,message,wamid.HBgMOTE3Njk1OTMyODI0FQIAEhggQUM3REQ1NTMxRDEyMTY3ODVGMUY5MDQ4N0I4QjcwRjMA,null,text,null,received,73e5d00d-d44f-4135-a125-9f0e274c0acd,null,null,2026-07-06 06:42:50.478279+00,2026-07-06 06:42:50.478279+00
73f0710e-d7f3-4839-8dfb-af012765ecce,00000000-0000-0000-0000-000000000001,855f3f6a-72ae-46f4-4cc2-a9a0d5df5b70,whatsapp,inbound,message,wamid.HBgMOTE4MzI4NjkyNzU1FQIAEhggQUM0OEI2MkQ0MkUxNUJDRjExQkRCMjZFNzZGRjEzRkYA,null,image,null,received,199a5972-bd33-4a95-b982-5cc01900bc41,null,null,2026-07-06 06:44:46.122039+00,2026-07-06 06:44:46.122039+00
e110c93f-0efa-4fc3-840c-b4e673b7f521,00000000-0000-0000-0000-000000000001,null,whatsapp,inbound,message,wamid.HBgMOTE3Njk1OTMyODI0FQIAEhggQUM1NjJFQjA2NTQ2ODkzNThFNTI0RDhFOThFNkI5QzkA,null,text,null,received,1414a42e-54fc-4bcd-ab16-ceca5c0812bd,null,null,2026-07-06 06:56:03.704343+00,2026-07-06 06:56:03.704343+00
c0162bfb-ef82-4d5d-8aa8-8a1284b2d16c,00000000-0000-0000-0000-000000000001,null,whatsapp,inbound,message,wamid.HBgMOTE3Njk1OTMyODI0FQIAEhggQUNCMTA2NDM5RDJDMzNGMTdGNDQ1MDRDQUU2NDA0MEEA,null,text,null,received,0b5dd8ec-6cab-42c7-9f18-cef590e4d62f,null,null,2026-07-06 06:56:15.090715+00,2026-07-06 06:56:15.090715+00
e33d5609-9a79-40d2-849f-a425b361590e,00000000-0000-0000-0000-000000000001,null,whatsapp,inbound,message,wamid.HBgMOTE3Njk1OTMyODI0FQIAEhggQUNEM0M1MzYzM0IxQTkwMEUxOUZBNjEyNzc4NEZFM0YA,null,text,null,received,14354f49-618d-49a5-9f97-6f56704d1acc,null,null,2026-07-06 07:01:00.527539+00,2026-07-06 07:01:00.527539+00
5ad6be76-5e84-4e7a-81f4-f936b0524317,00000000-0000-0000-0000-000000000001,null,whatsapp,inbound,message,wamid.HBgMOTE3Njk1OTMyODI0FQIAEhggQUM4MzUyRTg1MzFGQ0JGN0JENzkwN0RFRDIyRTE2ODUA,null,text,null,received,a50fb616-52d4-47f2-9d31-8f42428490ca,null,null,2026-07-06 07:01:12.873999+00,2026-07-06 07:01:12.873999+00
fc2408d4-c549-4c6f-8df2-dcf64f0ecda2,00000000-0000-0000-0000-000000000001,null,whatsapp,inbound,message,wamid.HBgMOTE3Njk1OTMyODI0FQIAEhggQUNBNTJBREMxMzk5MDNDNjhBQUVEQUYzMEUxRjJGREMA,null,text,null,received,d66649f6-7034-4fad-ab01-ef3e2cf6738b,null,null,2026-07-06 07:01:18.877593+00,2026-07-06 07:01:18.877593+00
8f7bbd46-9125-48a2-bacd-2cb3e7d78faf,00000000-0000-0000-0000-000000000001,073e4bd7-f1f1-49d3-604f-c365b9952a6c,whatsapp,inbound,message,wamid.HBgMOTE5MDgwMTU1ODI2FQIAEhggQUM5RDMwOUFCN0MwOTlGRkU2NjBDQzY0QjEyQzgwQTkA,null,image,null,received,f115f4b5-a570-4116-9809-54e0276a730a,null,null,2026-07-06 07:13:54.195379+00,2026-07-06 07:13:54.195379+00
50061e34-11a5-44d9-9879-48283f57c211,00000000-0000-0000-0000-000000000001,04ba1c6f-6c06-819d-9ecc-a0c5f795b922,whatsapp,inbound,message,wamid.HBgMOTE4MDcyNjg0NTc5FQIAEhggQUM2MUU5RTMzN0M5MkVCREE1RUJCNDNDMUJBNkVCRjgA,null,image,null,received,a98fcaf7-d364-4207-b9b9-7af0e3447e8d,null,null,2026-07-06 07:26:16.669012+00,2026-07-06 07:26:16.669012+00
1ed4b475-8e23-494c-977e-a607b5ff0c5d,00000000-0000-0000-0000-000000000001,04ba1c6f-6c06-819d-9ecc-a0c5f795b922,whatsapp,inbound,message,wamid.HBgMOTE4MDcyNjg0NTc5FQIAEhggQUNFNEYyQTg4OEEyNTA4MzA4ODJFOUY5RTE4QjgyMTEA,null,image,null,received,374c6d1a-df97-4503-89fa-d5c32a981c11,null,null,2026-07-06 07:26:56.540552+00,2026-07-06 07:26:56.540552+00
6ffb3316-a2d7-44ec-841e-3cd229d96cc6,00000000-0000-0000-0000-000000000001,04ba1c6f-6c06-819d-9ecc-a0c5f795b922,whatsapp,inbound,message,wamid.HBgMOTE4MDcyNjg0NTc5FQIAEhggQUNDRTlGRUQzQ0UyMDdDNjY5OUZFOUI2NzFDOUU3NDgA,null,text,null,received,04e63724-7802-4276-b470-c17febecc84a,null,null,2026-07-06 07:26:57.112146+00,2026-07-06 07:26:57.112146+00
b50f1828-fbe8-439c-bf5d-171cf314fa37,00000000-0000-0000-0000-000000000001,null,whatsapp,inbound,message,wamid.HBgMOTE3Njk1OTMyODI0FQIAEhggQUNDQkRCMkEzMDBFMzk5MURGNkFEQ0E4RTM1RDk5MUUA,null,text,null,received,7aa9319f-bfa5-4100-909b-1df42389c1f6,null,null,2026-07-06 07:29:44.419165+00,2026-07-06 07:29:44.419165+00
4a5c31f7-8c6f-4b1d-b2b6-d2012752aa1a,00000000-0000-0000-0000-000000000001,null,whatsapp,inbound,message,wamid.HBgMOTE3Njk1OTMyODI0FQIAEhggQUM4NkY3RkQxMTg4QzJGQzE3QThGNTk1MDFGNDkzQjEA,null,text,null,received,74237d1a-a2a5-43b5-bc24-b0ee81a46854,null,null,2026-07-06 07:29:49.721539+00,2026-07-06 07:29:49.721539+00
21511bff-1984-4145-94c1-ca65a6a3bad7,00000000-0000-0000-0000-000000000001,null,whatsapp,inbound,message,wamid.HBgMOTE3Njk1OTMyODI0FQIAEhggQUM1MDgwQzVGRDM3QUNGQ0U2OEJBNzU2RUVCMDYwNTcA,null,text,null,received,4d22e937-5491-4be0-a104-7938496f33a1,null,null,2026-07-06 07:39:48.197291+00,2026-07-06 07:39:48.197291+00
e91b324e-73db-4a08-9c48-e056272ddb17,00000000-0000-0000-0000-000000000001,null,whatsapp,inbound,message,wamid.HBgMOTE3Njk1OTMyODI0FQIAEhggQUNFNDY2Qzg4RkMyMDNEMjY5QzA2NkYwNjQ4N0FBQUQA,null,text,null,received,f6cf344c-de13-4491-b0bd-1d48e5474c9f,null,null,2026-07-06 07:39:56.609782+00,2026-07-06 07:39:56.609782+00
fd91541c-d2a0-4059-8f62-fa62255a34e2,00000000-0000-0000-0000-000000000001,e99afa10-6249-3f5b-4364-da75f89e34f9,whatsapp,inbound,message,wamid.HBgMOTE4NzcwMDk3NDU5FQIAEhggQUNCQjEzOTlCRkNDMDUxNkJFQTY4OEVDNzJFRTc0MzkA,null,text,null,received,de0bdfa7-479b-430f-b2e8-a7209afdab50,null,null,2026-07-06 07:52:53.042573+00,2026-07-06 07:52:53.042573+00
be2da8d3-9638-4400-9ba6-1b6f6ce0275a,00000000-0000-0000-0000-000000000001,null,whatsapp,inbound,message,wamid.HBgMOTE3Njk1OTMyODI0FQIAEhgWM0VCMDE3QTU5QTUwRkM0ODk5NzYwMQA=,null,text,null,received,128f73bb-6a02-4899-b422-76e003f8671d,null,null,2026-07-06 07:54:25.806326+00,2026-07-06 07:54:25.806326+00
1af65942-f84e-4f0c-b9c6-3b74a9c455f2,00000000-0000-0000-0000-000000000001,null,whatsapp,inbound,message,wamid.HBgMOTE3Njk1OTMyODI0FQIAEhgWM0VCMDgxNURCOERGOUJERTMzODNEQwA=,null,text,null,received,623e6d02-ed10-4fe6-8fa9-4fea3075ab73,null,null,2026-07-06 07:54:31.793333+00,2026-07-06 07:54:31.793333+00
e2d76225-1d88-4750-b22e-4d0243d7b04f,00000000-0000-0000-0000-000000000001,null,whatsapp,inbound,message,wamid.HBgMOTE3Njk1OTMyODI0FQIAEhggQUM3RDQxQTg2NkFBRkZGMzZEOTE2QzUxNzgyNDkxQjcA,null,text,null,received,121453b8-5a5b-480e-be94-59ea0b4ec3bd,null,null,2026-07-06 07:58:00.132961+00,2026-07-06 07:58:00.132961+00
a5e34ba4-1983-4d6d-b063-0194e1989575,00000000-0000-0000-0000-000000000001,null,whatsapp,inbound,message,wamid.HBgMOTE3Njk1OTMyODI0FQIAEhggQUM2NkY2REY1M0IxMTAzQTc1MTI1NjJGREY4M0NDNjgA,null,text,null,received,463ac6a2-3dbf-4e61-9ba3-c3c3bcdda189,null,null,2026-07-06 07:58:05.908488+00,2026-07-06 07:58:05.908488+00
ef3cf5ff-94de-439a-a2ba-2b9cb8ac3519,00000000-0000-0000-0000-000000000001,8fd367e7-7404-4ef6-530b-a40219a48f1e,whatsapp,inbound,message,wamid.HBgMOTE4NTAwODQwMjc5FQIAEhgUM0E2QkZFOUEzRTAxM0I2Njc2MzUA,null,text,null,received,25b14dcd-f807-46e5-99f7-fcabd29d0708,null,null,2026-07-06 08:00:47.779161+00,2026-07-06 08:00:47.779161+00
b38e3102-e114-4672-9360-b7ddd967ef20,00000000-0000-0000-0000-000000000001,8fd367e7-7404-4ef6-530b-a40219a48f1e,whatsapp,inbound,message,wamid.HBgMOTE4NTAwODQwMjc5FQIAEhgUM0E1QzU4NTdCMzE2MTU5NDE3QjYA,null,image,null,received,90986308-c704-434a-9146-74b46c206b5b,null,null,2026-07-06 08:00:55.901312+00,2026-07-06 08:00:55.901312+00
22d4fbd5-c4b4-4f37-ba84-9f04c682b5b2,00000000-0000-0000-0000-000000000001,8fd367e7-7404-4ef6-530b-a40219a48f1e,whatsapp,inbound,message,wamid.HBgMOTE4NTAwODQwMjc5FQIAEhgUM0E0M0E1NDgzMTAwQTUzNDI2MTQA,null,image,null,received,099d1d70-23c8-4bf2-a28d-082bde739e15,null,null,2026-07-06 08:00:57.297752+00,2026-07-06 08:00:57.297752+00
1dff4a1d-b99d-450d-977a-a4b30ff907b0,00000000-0000-0000-0000-000000000001,null,whatsapp,inbound,message,wamid.HBgMOTE3Njk1OTMyODI0FQIAEhggQUM5Q0M3M0IzNjk3N0I0OTg1RDYwMEZCQ0JDOEFEMjYA,null,text,null,received,0fbefb60-cba5-43c6-91f8-f49505fbfd13,null,null,2026-07-06 08:08:36.018562+00,2026-07-06 08:08:36.018562+00
6eb7515f-16e6-4db4-a3c0-ac7cf42d512c,00000000-0000-0000-0000-000000000001,null,whatsapp,inbound,message,wamid.HBgMOTE3Njk1OTMyODI0FQIAEhggQUM1NUQ3M0MxQUEwNzJFNTQwQkU0QjEyRkY1MEU1MDgA,null,text,null,received,a2ff4994-bc4b-4c70-be03-f24f8e09ada1,null,null,2026-07-06 08:08:41.284239+00,2026-07-06 08:08:41.284239+00
7df6e789-422d-4a3e-ab1a-c75d8ee88034,null,null,whatsapp,inbound,webhook_unparsed,unparsed-dce4b19c-7b48-4dbc-b6cb-672f0f3968dd,null,unknown,null,received,502a9a56-d733-4e46-ac53-fdcdab1f450a,null,payload_shape_not_recognized,2026-07-06 08:16:24.418534+00,2026-07-06 08:16:24.418534+00
4be48591-c595-467e-afc5-8ab60b056aee,null,null,whatsapp,inbound,webhook_unparsed,unparsed-8882182e-ad6f-493b-8fe6-a9a91ef5a417,null,unknown,null,received,5b91c355-31ab-4546-a3f1-3130842a709c,null,payload_shape_not_recognized,2026-07-06 08:17:47.971712+00,2026-07-06 08:17:47.971712+00
cecbdfb4-6315-4d33-b7f8-5f3481666cd6,00000000-0000-0000-0000-000000000001,null,whatsapp,inbound,message,wamid.HBgMOTE3Njk1OTMyODI0FQIAEhggQUM5RjBENkRBMDBBNzZDMUYzQzYyQzgwQzUzMkI4QjMA,null,text,null,received,a1d63283-5ee4-4e32-a73a-ee66974c7048,null,null,2026-07-06 08:52:19.625871+00,2026-07-06 08:52:19.625871+00
310062b3-be3b-4072-a8c5-5ff89f307756,00000000-0000-0000-0000-000000000001,null,whatsapp,inbound,message,wamid.HBgMOTE3Njk1OTMyODI0FQIAEhggQUM0QzlGNkYxNTgyQ0U5OEY2QkExQ0U0MUJFNDA0NEQA,null,text,null,received,eb03695e-296a-46a6-95d6-1d3dcb173520,null,null,2026-07-06 08:52:25.941225+00,2026-07-06 08:52:25.941225+00
70abd2ce-8178-46a9-b37b-d2d4e902be42,00000000-0000-0000-0000-000000000001,null,whatsapp,inbound,message,wamid.HBgMOTE3Njk1OTMyODI0FQIAEhggQUM2NTMxODYwMzYyRDAyQzhCRDZGQURERUIxRTQ2MDMA,null,text,null,received,6779cd56-2c7b-4b77-86d5-e19054a9bc75,null,null,2026-07-06 08:53:21.218232+00,2026-07-06 08:53:21.218232+00
f7d7d0a3-186c-4f77-bfce-fe37b1d3cd92,00000000-0000-0000-0000-000000000001,null,whatsapp,inbound,message,wamid.HBgMOTE3Njk1OTMyODI0FQIAEhggQUNDRTNEQkEwOEFCRDE2N0QyQzVEM0IwMEYzQ0Y5OTQA,null,text,null,received,9b74e1ed-7dd7-411e-a268-8017ae921c32,null,null,2026-07-06 08:54:32.760925+00,2026-07-06 08:54:32.760925+00
e5ff11cf-8275-4cd9-9d11-f1b24c7506a9,00000000-0000-0000-0000-000000000001,null,whatsapp,inbound,message,wamid.HBgMOTE3Njk1OTMyODI0FQIAEhggQUMyNkRCRjIwODZERDEyMjE1RkQzMkE3MjY5OTE4NjMA,null,text,null,received,53e7705f-d92a-4af6-997e-acd86e1b0c4d,null,null,2026-07-06 08:54:38.290603+00,2026-07-06 08:54:38.290603+00
eeb93db4-e3dd-4bbe-8a40-27044d0eee55,00000000-0000-0000-0000-000000000001,null,whatsapp,inbound,message,wamid.HBgMOTE3Njk1OTMyODI0FQIAEhggQUNFMTAzNTI1MUI3NzYwQUNFNjQ5QjIwNzlBQkUwNzUA,null,text,null,received,060983df-b25b-40df-9b42-233854e438d8,null,null,2026-07-06 08:54:59.237968+00,2026-07-06 08:54:59.237968+00
aeb2797b-59f4-4951-bc94-79e1e9a8befe,00000000-0000-0000-0000-000000000001,null,whatsapp,inbound,message,wamid.HBgMOTE3Njk1OTMyODI0FQIAEhggQUM5MjAxMERFREQxMEUwNjg0N0ZGRkM3MjcyNzE5QjgA,null,text,null,received,5525755a-4d08-47bb-b6c6-8bcae4f5c2b6,null,null,2026-07-06 08:55:22.818294+00,2026-07-06 08:55:22.818294+00
ff51cb85-be8d-43dc-a0bf-f6dc1239cfed,00000000-0000-0000-0000-000000000001,null,whatsapp,inbound,message,wamid.HBgMOTE3Njk1OTMyODI0FQIAEhggQUNBRjE1MDA1NzUzQUU2OTIwRjQ5RjI4Q0YyRkM1MTQA,null,text,null,received,5f3cdefd-25ea-4ebd-b936-8d3b0140fd72,null,null,2026-07-06 08:55:38.875111+00,2026-07-06 08:55:38.875111+00
2de405ee-3911-4e38-8f80-c93b951b6818,00000000-0000-0000-0000-000000000001,null,whatsapp,inbound,message,wamid.HBgMOTE3Njk1OTMyODI0FQIAEhggQUM4MTM4QTlEOEEyRkQ1QzYxQUVCNDY1MTJFM0U1RDMA,null,text,null,received,b24770d1-3fd5-4722-947b-4c8390de6fb4,null,null,2026-07-06 08:56:12.962701+00,2026-07-06 08:56:12.962701+00
cc0e8472-8c4c-4e3a-8e9f-093562507283,00000000-0000-0000-0000-000000000001,null,whatsapp,inbound,message,wamid.HBgMOTE3Njk1OTMyODI0FQIAEhggQUM2NjMyRTVDNjRCOTI3OTQ4QTVBMENGNUE3OEIyQUUA,null,text,null,received,660eccae-425a-496e-9732-ecdc8e0da4ce,null,null,2026-07-06 09:02:56.828488+00,2026-07-06 09:02:56.828488+00
41f38586-488e-4451-8691-1ed805db23ae,00000000-0000-0000-0000-000000000001,null,whatsapp,inbound,message,wamid.HBgMOTE3Njk1OTMyODI0FQIAEhggQUNBMzAwNjVDNzlENEI1RjYwNjFFMTQ1RDYyRjEwMDUA,null,text,null,received,aeec1817-cb76-4851-bd52-59799db91397,null,null,2026-07-06 09:03:02.81308+00,2026-07-06 09:03:02.81308+00
bb8774c6-a77f-4b7e-8ce7-572b76dce156,00000000-0000-0000-0000-000000000001,null,whatsapp,inbound,message,wamid.HBgMOTE3Njk1OTMyODI0FQIAEhggQUM1MjQzNThCMDIyNEYxM0I2RTZBRUEwQTBENEEzNzQA,null,text,null,received,c6c8c475-4abd-4027-a432-16d8d29b2d76,null,null,2026-07-06 09:03:37.797975+00,2026-07-06 09:03:37.797975+00
7cf74c6b-bb95-4d25-a252-ec42c15d55a0,00000000-0000-0000-0000-000000000001,null,whatsapp,inbound,message,wamid.HBgMOTE3Njk1OTMyODI0FQIAEhggQUMzQjlCNzcwQjg5Q0E2NzdERjBFQzZDNzdEMkM4OEYA,null,text,null,received,03dc1406-ad48-4be6-9046-f947dfdfa40b,null,null,2026-07-06 09:05:01.074677+00,2026-07-06 09:05:01.074677+00
c33f1fbd-d194-4c42-9341-8afd3cffd652,00000000-0000-0000-0000-000000000001,null,whatsapp,inbound,message,wamid.HBgMOTE3Njk1OTMyODI0FQIAEhggQUMwODZBQjI1MzhBQzQ1RDE1RTk0MTY5QUEzRDJDN0QA,null,text,null,received,f9b27541-22db-4a44-bf23-975ba8a70f3c,null,null,2026-07-06 09:05:06.650995+00,2026-07-06 09:05:06.650995+00
6482e27a-6360-4fe7-ab52-667d0e723682,00000000-0000-0000-0000-000000000001,null,whatsapp,inbound,message,wamid.HBgMOTE3Njk1OTMyODI0FQIAEhggQUM5MTU3NUQ0NURDRTQ2OUZEMjI3NEYzQTY4QzQyRkMA,null,text,null,received,50c26bba-a95f-44c9-b062-5b15236f3de4,null,null,2026-07-06 09:05:56.861315+00,2026-07-06 09:05:56.861315+00
8e9b6213-28dd-4f3f-af3b-1eab93083b2c,00000000-0000-0000-0000-000000000001,null,whatsapp,inbound,message,wamid.HBgMOTE3Njk1OTMyODI0FQIAEhggQUNFQjVBNDY4NkM1RjRDM0ZCQzQyRjk3RUJEQ0VFNTAA,null,text,null,received,2428c601-eed1-41d9-953a-7cf37081e894,null,null,2026-07-06 09:08:26.040496+00,2026-07-06 09:08:26.040496+00
f6d85e77-9991-4a01-bcef-90c0f35a001a,00000000-0000-0000-0000-000000000001,null,whatsapp,inbound,message,wamid.HBgMOTE3Njk1OTMyODI0FQIAEhggQUM2MzA4ODlGQ0I4Qjg2RkRDRkVFMThBNjY2NzAyM0QA,null,text,null,received,3a983c01-84d8-4926-88f9-385059c17a6e,null,null,2026-07-06 09:08:31.171206+00,2026-07-06 09:08:31.171206+00
6d4a3691-ed5d-444d-b0f3-2f0871ef8289,00000000-0000-0000-0000-000000000001,null,whatsapp,inbound,message,wamid.HBgMOTE3Njk1OTMyODI0FQIAEhggQUNCOTcyNjE3QzNFQTM2OUQ4QTIzMjRGNjZFRDc3RTAA,null,text,null,received,824e890d-ef01-48fb-9574-a9911aaf2966,null,null,2026-07-06 09:08:50.04674+00,2026-07-06 09:08:50.04674+00
3b739083-39fe-46af-ba1f-dac5c2dad435,00000000-0000-0000-0000-000000000001,null,whatsapp,inbound,message,wamid.HBgMOTE3Njk1OTMyODI0FQIAEhggQUMyMTBFNDBEMkMyQTkyOTgyQTIyRDZFNEU3NjRFODkA,null,text,null,received,2a69fedb-1224-4ca7-ba9b-f58ea5aa49e9,null,null,2026-07-06 09:09:12.11535+00,2026-07-06 09:09:12.11535+00
b846164f-dd5c-46a9-b783-532edaa46e11,00000000-0000-0000-0000-000000000001,null,whatsapp,inbound,message,wamid.HBgMOTE3Njk1OTMyODI0FQIAEhggQUM1NzFBREFEMUY4MTRCNUY4RkEwMjIwRkM1RjQxOUIA,null,text,null,received,847a6231-06db-42e3-9031-acad276f889a,null,null,2026-07-06 09:19:36.963732+00,2026-07-06 09:19:36.963732+00
88a8b30c-aea6-4c80-94b2-e4ee7e5d763b,00000000-0000-0000-0000-000000000001,null,whatsapp,inbound,message,wamid.HBgMOTE3Njk1OTMyODI0FQIAEhggQUMyMjk1OTg3QzhDRkVGMTMxNkNBRjc3MzQ1QjhFMEMA,null,text,null,received,5c590748-edac-487c-ad83-1ccea7f85442,null,null,2026-07-06 09:19:42.522885+00,2026-07-06 09:19:42.522885+00
aebee619-6bac-4f12-8298-b02eb93209c2,00000000-0000-0000-0000-000000000001,null,whatsapp,inbound,message,wamid.HBgMOTE3Njk1OTMyODI0FQIAEhggQUM4N0I4NjJFM0MwOTEzRTJGRkZFNEE4Q0EwRTdDN0MA,null,text,null,received,39b6e16b-28cc-41a1-9442-eed3b398bb63,null,null,2026-07-06 09:21:25.861183+00,2026-07-06 09:21:25.861183+00
3b4c20ba-4e08-47fa-aae0-d24a76456294,00000000-0000-0000-0000-000000000001,null,whatsapp,inbound,message,wamid.HBgMOTE3Njk1OTMyODI0FQIAEhggQUNBOTFFMTdEOTk3QTEwNEIzRjU5ODNDMjM0QkUxRDMA,null,text,null,received,08de5f0d-42ce-4d8c-ad23-2d722e054597,null,null,2026-07-06 09:46:01.187211+00,2026-07-06 09:46:01.187211+00
e7b647a2-7fa6-4b5b-bda5-9368767d0627,00000000-0000-0000-0000-000000000001,null,whatsapp,inbound,message,wamid.HBgMOTE3Njk1OTMyODI0FQIAEhggQUMzOEM5NzY5MkI1MjJCRThFMzY2QkM4NDc5QzZEMjQA,null,text,null,received,f4e8291a-b86e-459e-86a2-b67b16ecadba,null,null,2026-07-06 09:46:12.059646+00,2026-07-06 09:46:12.059646+00
bd2a1c00-a9ae-4dfd-9fd5-0333dcab2db0,00000000-0000-0000-0000-000000000001,null,whatsapp,inbound,message,wamid.HBgMOTE3Njk1OTMyODI0FQIAEhggQUMxRjIyOUVFRjM4RjlEOTMwMjlFRDE4NDRCRDkzRjQA,null,text,null,received,f0e7e5dd-6a7c-42f6-a358-697999a90f19,null,null,2026-07-06 09:46:18.653353+00,2026-07-06 09:46:18.653353+00
54e1b221-eaad-4832-9e1c-cdab13ffb8e2,00000000-0000-0000-0000-000000000001,null,whatsapp,inbound,message,wamid.HBgMOTE3Njk1OTMyODI0FQIAEhggQUM4N0I0RDkxQUU1QzcwMzYxOTE5MzAzRDZERTU2RkIA,null,text,null,received,a039761a-1ca1-4b51-bbb5-d2bc14dad179,null,null,2026-07-06 09:46:38.637305+00,2026-07-06 09:46:38.637305+00
0251c5c1-3c43-4313-982b-3d5527e6fe8b,00000000-0000-0000-0000-000000000001,null,whatsapp,inbound,message,wamid.HBgMOTE3Njk1OTMyODI0FQIAEhggQUM0N0FEQjA4OEUzMjdCRjk2NzNEMDlCNzU5MjAzREUA,null,text,null,received,b733b7f2-b9f4-4663-9ed7-7694201a5dd9,null,null,2026-07-06 10:02:26.02042+00,2026-07-06 10:02:26.02042+00
66aaf5a5-538f-46c2-bd14-ea9a9bec6571,00000000-0000-0000-0000-000000000001,null,whatsapp,inbound,message,wamid.HBgMOTE3Njk1OTMyODI0FQIAEhggQUNGMkM1QzU5MTcwMzA3MDAwNzQxOEE2NEJDMTAzREYA,null,text,null,received,edd1073d-319f-476a-b437-b0a6ca61974a,null,null,2026-07-06 10:02:32.858415+00,2026-07-06 10:02:32.858415+00
696f9faa-6384-4c20-b21f-f742609305c9,00000000-0000-0000-0000-000000000001,null,whatsapp,inbound,message,wamid.HBgMOTE3Njk1OTMyODI0FQIAEhggQUM3ODE0NzkzQjE1NjVBN0YyMTE1MzQwODI4OTI1QTYA,null,text,null,received,2cdc66c1-b93b-4e47-aa4e-0353818fb96e,null,null,2026-07-06 10:03:16.336856+00,2026-07-06 10:03:16.336856+00
df3e339e-bf92-4a8e-94ee-8bb89638e6d0,00000000-0000-0000-0000-000000000001,null,whatsapp,inbound,message,wamid.HBgMOTE3Njk1OTMyODI0FQIAEhggQUM2QkMwNzhEN0ZGOEU4QTY5NzIxNDBCQjNCNkQ0QTYA,null,text,null,received,0925c0e6-a208-4a78-8c72-2141634a0ad5,null,null,2026-07-06 10:03:20.265056+00,2026-07-06 10:03:20.265056+00
820693f3-a34a-4619-b8b0-b182132c566a,00000000-0000-0000-0000-000000000001,null,whatsapp,inbound,message,wamid.HBgMOTE3Njk1OTMyODI0FQIAEhggQUNDMEY2NTMyRkEzRTIzQjQxQjYwMjM3RDA4Q0YzOTgA,null,text,null,received,7ea38fe9-1000-4778-bc15-45815673e319,null,null,2026-07-06 10:03:28.056987+00,2026-07-06 10:03:28.056987+00
46aa609b-b5eb-4844-867b-974241523931,00000000-0000-0000-0000-000000000001,null,whatsapp,inbound,message,wamid.HBgMOTE3Njk1OTMyODI0FQIAEhggQUMyMzhCMEQwMjFFQTQwMDE3MDlCODMwNjE3REQxMDQA,null,text,null,received,9becfdd4-9ef6-42cf-a84d-13c04b3948ff,null,null,2026-07-06 10:03:51.780505+00,2026-07-06 10:03:51.780505+00
3374839c-a950-41ea-af75-8d23c2379454,00000000-0000-0000-0000-000000000001,null,whatsapp,inbound,message,wamid.HBgMOTE3Njk1OTMyODI0FQIAEhggQUMwNEFEN0REN0RDMzM1MjA2Mjc4RkU5RTI2OTYwODcA,null,text,null,received,22937c6a-0c61-41bf-bc7e-e1dfe4e2ae3a,null,null,2026-07-06 10:36:33.807753+00,2026-07-06 10:36:33.807753+00
03ff5ad3-21eb-41d9-bde5-e9806ef714aa,00000000-0000-0000-0000-000000000001,null,whatsapp,inbound,message,wamid.HBgMOTE3Njk1OTMyODI0FQIAEhggQUM5RTUzMDg5NkY4M0I5MDY0QzcwOEJEM0ZDNTVCMDYA,null,text,null,received,bf0d2fb6-6d60-453d-8e2f-7f4fe866e2b4,null,null,2026-07-06 10:36:39.13732+00,2026-07-06 10:36:39.13732+00
77dd55b4-92e0-4f6c-9811-7c62f95ad71b,00000000-0000-0000-0000-000000000001,null,whatsapp,inbound,message,wamid.HBgMOTE3Njk1OTMyODI0FQIAEhggQUM2QkE4QjZGMTM3RkIwMkQ0OTkwNEZGQkNFQURGOUQA,null,text,null,received,ba1d800a-039a-44c0-bf7c-c56ba68ecdb3,null,null,2026-07-06 10:37:23.012897+00,2026-07-06 10:37:23.012897+00
36cfe2a0-12d4-45e1-93d4-b3566dd3df32,00000000-0000-0000-0000-000000000001,94927866-7ca0-4311-b799-972822792cb8,whatsapp,inbound,message,wamid.HBgMOTE5NTk3NTU2ODI0FQIAEhggQUNCQ0M2OUQxNjdCQjQzREVCMzc4NDk0MjI5MzVDNzEA,null,image,null,received,4abcdbe2-c3c5-4268-b2db-91d4cb750f04,null,null,2026-07-06 11:59:06.460895+00,2026-07-06 11:59:06.460895+00
0d2dba09-117a-4c80-8e56-0a0d0618072b,00000000-0000-0000-0000-000000000001,null,whatsapp,inbound,message,wamid.HBgMOTE3Njk1OTMyODI0FQIAEhggQUMwRjEyQjRCQkE4QTZEQ0REREI0Mzk4MjlGQTZGQjEA,null,text,null,received,1f9273f7-c656-4ad5-a004-0c6107cb28cd,null,null,2026-07-06 12:20:47.143698+00,2026-07-06 12:20:47.143698+00
5afcd0e2-7a02-4617-a335-5819ec62aad3,00000000-0000-0000-0000-000000000001,null,whatsapp,inbound,message,wamid.HBgMOTE3Njk1OTMyODI0FQIAEhggQUM3MDFFQUFENzMyOTQzOTA4MjczOUFFODJBNUJBMjUA,null,text,null,received,49fbb6f2-bb53-4037-b5d8-4ea61e7a2e5f,null,null,2026-07-06 12:20:54.796134+00,2026-07-06 12:20:54.796134+00
b9d4efca-ee3e-4712-8b11-23306901422e,00000000-0000-0000-0000-000000000001,null,whatsapp,inbound,message,wamid.HBgMOTE3Njk1OTMyODI0FQIAEhggQUNEMkQ5QkM4RDE0RDk0QUY5NkU5Mjk3NDdGRkU2MUYA,null,text,null,received,2dbd252a-cf96-4509-a47f-e732f44c1173,null,null,2026-07-06 12:21:27.025059+00,2026-07-06 12:21:27.025059+00
2a3ff3eb-0d54-44d3-8764-815ce7bc01e9,00000000-0000-0000-0000-000000000001,b6263381-5732-4544-952b-edde50fdfc28,whatsapp,inbound,message,wamid.HBgMOTE4ODUwMDU5NTY3FQIAEhgUM0FDOTZGMEFEQjBEMTVGOEQxNTYA,null,image,null,received,bb227bb7-7e3a-4cc5-99d8-cfc415bd426c,null,null,2026-07-06 12:28:02.438616+00,2026-07-06 12:28:02.438616+00
c2591c51-487d-44ff-9a7e-7f412cc689dd,00000000-0000-0000-0000-000000000001,f16a668c-ea8a-b26d-9dff-4da3c53fccc7,whatsapp,inbound,message,wamid.HBgMOTE5OTAxNzUzODM5FQIAEhgUMkE0NkZBNUFBMjQyRUQ5REI4NEUA,null,image,null,received,3f2b884d-f331-4280-b15c-d5bf581da379,null,null,2026-07-06 13:54:00.367003+00,2026-07-06 13:54:00.367003+00
57c39c8c-4eb3-4fbf-abd7-eddb4122192d,00000000-0000-0000-0000-000000000001,03ce56c0-8798-b95d-7125-311b80363e74,whatsapp,inbound,message,wamid.HBgMOTE5ODc4NzE5MjgxFQIAEhgUNEE1MENGMjAyOEFDN0JEN0JFQjIA,null,image,null,received,8bd4f8cd-6a18-41c5-a5ca-fa19beb8b7da,null,null,2026-07-06 14:08:40.592326+00,2026-07-06 14:08:40.592326+00
1be0efb0-98fc-45b1-bbcb-c6c30647bf15,00000000-0000-0000-0000-000000000001,44bf5771-a669-438c-a190-88aab999cfae,whatsapp,inbound,message,wamid.HBgMOTE5Mjg4MDAwNjAxFQIAEhggQUNDQTM1OENDRjc0NDNBNEY3NTY5MjE1Mzc0NjVDMEYA,null,text,null,received,3aba1b1e-1206-4bd6-9360-aed78bcb5f51,null,null,2026-07-06 16:32:57.843008+00,2026-07-06 16:32:57.843008+00
2f468fc9-bc0d-4ee1-b267-cb74ba707c52,00000000-0000-0000-0000-000000000001,c09e703c-d287-38c8-d1c1-239145e17df9,whatsapp,inbound,message,wamid.HBgMOTE5ODk1NDM0MDkwFQIAEhgUM0FCRDZCMzE2MENGREQ0RkM0QTUA,null,text,null,received,a9474f21-8307-4673-99e4-614c503f6780,null,null,2026-07-06 16:53:46.678269+00,2026-07-06 16:53:46.678269+00
ec81a501-4c28-48c0-8971-190c4bcd6361,00000000-0000-0000-0000-000000000001,66fbcb59-3d06-d8cc-b1d5-53f38a599207,whatsapp,inbound,message,wamid.HBgMOTE4NjEwMTA2MzkzFQIAEhggQUNGRjRDNzRCNkYwNDc4NkYzNkM3NkYyNjQ4MDQ2OEMA,null,image,null,received,c068bc0e-2c71-49ea-9212-ad0cd083e76b,null,null,2026-07-06 17:24:27.972336+00,2026-07-06 17:24:27.972336+00
4807f463-2345-4081-9ba2-ae2d8d0ee691,00000000-0000-0000-0000-000000000001,51c3d3a9-bfa0-4a8e-a687-3ef46bc022cc,whatsapp,inbound,message,wamid.HBgMOTE3MDI1NTY3MDAwFQIAEhgUNEFFREEzNURBRjk3QTdFRDQyRkUA,null,image,null,received,8cc29afa-73a4-408e-954d-2c11c1142f98,null,null,2026-07-06 17:53:40.031258+00,2026-07-06 17:53:40.031258+00
fa03e03e-b850-4f71-9c8f-d9d7c53c67e9,00000000-0000-0000-0000-000000000001,9e188cc2-9f75-4d15-8fa3-9348236cae71,whatsapp,inbound,message,wamid.HBgMOTE5OTkwMjkxNTMyFQIAEhggQUM4OTNERDY3NDU0NEQ5RkI0RTIwNEVGMkQ1MTFCNjQA,null,text,null,received,f954497d-ec33-4672-a904-381cf8921acf,null,null,2026-07-06 19:01:12.607216+00,2026-07-06 19:01:12.607216+00
4be53203-6e36-4da0-a351-719045cca151,null,null,whatsapp,inbound,message,wamid.HBgMOTE2MzY0OTIyMTk0FQIAEhgSNzZENTRFRjk2MkZEMDA2MTFBAA==,null,text,null,received,7c2f470b-ea1e-4c3d-abd8-70ceab62aadd,null,null,2026-07-07 03:29:19.972398+00,2026-07-07 03:29:19.972398+00
12e80ac2-3a38-4db9-8f8e-b087e812c123,null,null,whatsapp,inbound,message,wamid.HBgMOTE2MzY0OTIyMTk0FQIAEhgSQkU5NDk4MDhBOUY3MzM2MDAzAA==,null,text,null,received,d1849e3a-c787-4761-a5f1-c31df90ad3e6,null,null,2026-07-07 04:09:48.815142+00,2026-07-07 04:09:48.815142+00
0ea18769-3ac3-4411-bfde-9b707b1710af,00000000-0000-0000-0000-000000000001,94927866-7ca0-4311-b799-972822792cb8,whatsapp,inbound,message,wamid.HBgMOTE5NTk3NTU2ODI0FQIAEhgWM0VCMEM4MEQwMDVFRTk4M0ZBRkZGOQA=,null,text,null,received,b98bce11-b61b-4234-8f9f-f0030b9bce32,null,null,2026-07-07 04:44:26.500491+00,2026-07-07 04:44:26.500491+00
00301d5c-1d7b-4479-890b-8ab99629b64e,00000000-0000-0000-0000-000000000001,null,whatsapp,inbound,message,wamid.HBgMOTE3Njk1OTMyODI0FQIAEhggQUNDRTY2NTk2RDVEMjE4MzdDMjcwQ0FBMDkwRUEzMkYA,null,text,null,received,fdeb5462-cd93-474d-9079-5a63b243a7d0,null,null,2026-07-07 05:05:41.195576+00,2026-07-07 05:05:41.195576+00
78e17e67-f576-4ce0-bc59-2f396a55951b,00000000-0000-0000-0000-000000000001,null,whatsapp,inbound,message,wamid.HBgMOTE3Njk1OTMyODI0FQIAEhggQUM0MzA5RjlDRTRBMjYzODg0MUFGNUNEMjBENTQwMEIA,null,text,null,received,d2ff178f-8cef-4b91-84da-cd51cd72a015,null,null,2026-07-07 05:05:46.592211+00,2026-07-07 05:05:46.592211+00
2aee4eaf-0b4f-49e6-b425-bd372013ded6,00000000-0000-0000-0000-000000000001,122c395f-56fd-4482-fe33-7fa3c3cd30b5,whatsapp,inbound,message,wamid.HBgMOTE5ODkyODAxMDcwFQIAEhggQUMzNEFCQThGMDI4MzVERjJDMUUzMDE0MDYwNkFENkYA,null,image,null,received,fff31079-036e-4772-95d9-87cf4763d7d1,null,null,2026-07-07 05:37:40.621036+00,2026-07-07 05:37:40.621036+00
bfc7c057-4fa7-496e-a5eb-8c0eee8f713d,00000000-0000-0000-0000-000000000001,122c395f-56fd-4482-fe33-7fa3c3cd30b5,whatsapp,inbound,message,wamid.HBgMOTE5ODkyODAxMDcwFQIAEhggQUNENzRDOTE1RkY1NDU0NTUxOEIyMzI2NkQxRjYwNjQA,null,text,null,received,1dde5bea-35bb-4a23-9c46-c26d7beea59c,null,null,2026-07-07 05:37:55.66014+00,2026-07-07 05:37:55.66014+00
c28b036b-cb14-4f7e-988e-978fb788d8c0,00000000-0000-0000-0000-000000000001,f59fa4ad-6dca-c7e7-d459-5326609a6412,whatsapp,inbound,message,wamid.HBgMOTE5NzUwNzgzMTEyFQIAEhgUNEExNTU3RDYyRDI4RDhENjZDMzIA,null,image,null,received,bdfd63cd-c1e4-47d7-a944-b8cd27da2a6a,null,null,2026-07-07 06:07:23.317877+00,2026-07-07 06:07:23.317877+00
2472f328-f9b9-402d-97d4-b31a292e7e28,00000000-0000-0000-0000-000000000001,c511ac63-cb7e-1453-92d5-ea4ffba1c360,whatsapp,inbound,message,wamid.HBgMOTE5NTAwMTY0MTI4FQIAEhggQUMxMThBOTdFQjkzQjNDREVGMDQ2RUU2NzhFREVDOTkA,null,image,null,received,22a6e60c-8005-4a2f-8844-9fa987bad3b6,null,null,2026-07-07 06:29:46.837407+00,2026-07-07 06:29:46.837407+00
f2f20b53-f490-4fe0-be70-3e1318288a6b,null,null,whatsapp,inbound,webhook_unparsed,unparsed-1e2a3d4a-b643-48ef-b341-e60f0893eec9,null,unknown,null,received,9559845d-bde4-42ee-88e2-d2febe44fdce,null,payload_shape_not_recognized,2026-07-07 06:38:03.394945+00,2026-07-07 06:38:03.394945+00
ed16e6bb-17af-43b3-82d4-1ee65e884512,null,null,whatsapp,inbound,webhook_unparsed,unparsed-ba4eb084-f309-48c2-a4be-0b5a3da8d2ea,null,unknown,null,received,31309482-018e-4b08-87aa-ec3e4171e2a3,null,payload_shape_not_recognized,2026-07-07 06:39:44.170065+00,2026-07-07 06:39:44.170065+00
1c1b3430-fdd6-4707-b49a-a5cdf7da76d7,null,null,whatsapp,inbound,webhook_unparsed,unparsed-8819f819-51be-4008-a341-458ffc6664ff,null,unknown,null,received,01f692d2-ee97-4ee9-bffd-e4a422e9ab63,null,payload_shape_not_recognized,2026-07-07 06:39:51.387149+00,2026-07-07 06:39:51.387149+00
860dcb48-e55d-4114-9f38-be627eb2d648,null,null,whatsapp,inbound,webhook_unparsed,unparsed-ef417f1b-c4f0-4de5-aa04-2fcebdde85b4,null,unknown,null,received,4992224a-f246-4b86-bdcf-74abaedd8715,null,payload_shape_not_recognized,2026-07-07 06:43:27.105714+00,2026-07-07 06:43:27.105714+00
80c8f1f3-a6dd-453f-88ef-f4240922570e,null,null,whatsapp,inbound,webhook_unparsed,unparsed-6b0a9d9d-0afb-4d7b-b3f6-f5c7bbe640a8,null,unknown,null,received,e98d3f94-8548-4bb8-b09b-ced159003ac8,null,payload_shape_not_recognized,2026-07-07 06:47:47.164037+00,2026-07-07 06:47:47.164037+00
d650fba3-980d-45be-aaa3-2e247ffd0e99,null,null,whatsapp,inbound,webhook_unparsed,unparsed-62d23432-8aa2-4b32-9dc0-d8fbb29dfdb2,null,unknown,null,received,7dd192af-1717-4bdc-a62d-b4aa25bc417d,null,payload_shape_not_recognized,2026-07-07 06:47:50.008306+00,2026-07-07 06:47:50.008306+00
3faa1990-2bd7-4730-9544-4e80d9889976,00000000-0000-0000-0000-000000000001,9e188cc2-9f75-4d15-8fa3-9348236cae71,whatsapp,inbound,message,wamid.HBgMOTE5OTkwMjkxNTMyFQIAEhggQUNGRjg0Qjc1QzJCQzU2ODcyQjdCRjA2QzVGOUEyNEUA,null,image,null,received,888d77b6-feb7-4824-b6ba-6d524fb6282f,null,null,2026-07-07 06:57:06.083043+00,2026-07-07 06:57:06.083043+00
33d05916-5742-4153-bc5b-820f3a21fc5e,00000000-0000-0000-0000-000000000001,146a8458-f956-54ed-317f-b99f7d16fff8,whatsapp,inbound,message,wamid.HBgMOTE5NzE1NzQxNDU2FQIAEhggQUNDMkI1MzdEREY0REJGQThDQTlDQUJGNEE1MDRCNEYA,null,image,null,received,9b2b7d0e-034a-44f1-a363-cad070b9747a,null,null,2026-07-07 07:03:40.384828+00,2026-07-07 07:03:40.384828+00
6c39406b-68df-46c2-bc43-18bad752b0ba,00000000-0000-0000-0000-000000000001,c511ac63-cb7e-1453-92d5-ea4ffba1c360,whatsapp,inbound,message,wamid.HBgMOTE5NTAwMTY0MTI4FQIAEhggQUNDMjE4NjZBRjlGN0U2OTEyNTg5NkU0RkI0MDZBRTcA,null,text,null,received,619835cc-55ee-4aa9-a675-af7e2399ee79,null,null,2026-07-07 07:10:55.323931+00,2026-07-07 07:10:55.323931+00
0a9561f6-7204-4cac-848d-23296ffb2e6b,00000000-0000-0000-0000-000000000001,890b32d9-f754-8150-5a18-8a21fcdf3828,whatsapp,inbound,message,wamid.HBgMOTE5MDcyODY4Nzk1FQIAEhgUM0FENkYzREY1MkRCN0E2NTk3RkMA,null,text,null,received,9e8600f5-e6b9-4e1a-9240-93ebd69ebfb5,null,null,2026-07-07 07:20:22.680621+00,2026-07-07 07:20:22.680621+00
1d9db1b8-4934-445a-99a4-475a124cf1d3,00000000-0000-0000-0000-000000000001,890b32d9-f754-8150-5a18-8a21fcdf3828,whatsapp,inbound,message,wamid.HBgMOTE5MDcyODY4Nzk1FQIAEhgUM0E3QkIzN0VGMjdBNkFBMkYxMTEA,null,text,null,received,638b78ba-9f53-41c6-a897-3811946ec7ce,null,null,2026-07-07 07:20:28.717711+00,2026-07-07 07:20:28.717711+00
85cd36b9-7591-4193-b0db-1bcb3d4a6ca7,null,null,whatsapp,inbound,webhook_unparsed,unparsed-c13a8d27-0609-40d5-85e3-da42eb4e4b21,null,unknown,null,received,9de21ace-51b3-4daa-9aa2-de43f3de1067,null,payload_shape_not_recognized,2026-07-07 07:20:35.237533+00,2026-07-07 07:20:35.237533+00
b3572fa9-8231-40cc-a849-d6e85e83ec0b,00000000-0000-0000-0000-000000000001,890b32d9-f754-8150-5a18-8a21fcdf3828,whatsapp,inbound,message,wamid.HBgMOTE5MDcyODY4Nzk1FQIAEhgUM0E4MDk0OTU1MjM3ODlDNUY4MEEA,null,image,null,received,60956619-7e12-4d32-a0dc-cff114e733a0,null,null,2026-07-07 07:20:52.999724+00,2026-07-07 07:20:52.999724+00
044db0cb-8615-49f1-a651-742e82a59c1c,00000000-0000-0000-0000-000000000001,77dd12b8-a20b-05c8-2372-79ba1b1624a9,whatsapp,inbound,message,wamid.HBgMOTE5MzY1MjU4MDA0FQIAEhggQUMwMjQxNTUwMUM3NjQ4OUFBMEE1QUM0MjhEMDRGNTgA,null,text,null,received,daf0b3aa-b1ae-49f1-9b66-fe33f19639a1,null,null,2026-07-07 07:39:01.497102+00,2026-07-07 07:39:01.497102+00
64f1e217-b859-4b69-95e5-b75076e99c26,null,null,whatsapp,inbound,webhook_unparsed,unparsed-5afea895-a3b6-4410-bf9c-a7693660e2bf,null,unknown,null,received,2b36c39d-348d-4ef8-b876-52d51325fcf9,null,payload_shape_not_recognized,2026-07-07 08:17:59.803128+00,2026-07-07 08:17:59.803128+00
b8562aac-b9c3-47d7-8ff5-c932ef7abd71,00000000-0000-0000-0000-000000000001,733dd472-3b1e-dd43-76e5-082ddfe66c5b,whatsapp,inbound,message,wamid.HBgMOTE5MTMxMTkyNzczFQIAEhgUNEFFNjUzNTE4ODY0OTUwRjlGNDMA,null,image,null,received,bc81f0e9-c421-4b74-a5e4-d7707a7880e2,null,null,2026-07-07 08:38:24.811327+00,2026-07-07 08:38:24.811327+00
a4fe04e9-d684-49e2-8d71-ff4887bbbbb9,00000000-0000-0000-0000-000000000001,b2f85d5d-acf9-7c53-dc5b-0d3b67b462c5,whatsapp,inbound,message,wamid.HBgMOTE3MDQyMTI0ODY1FQIAEhggQUNDRDFCNUM4Q0ZDRjlERjgzMDg5OURCNzE4NjhBNTAA,null,text,null,received,335b6c41-b559-48d3-97af-afab6c66d1bd,null,null,2026-07-07 09:23:10.602736+00,2026-07-07 09:23:10.602736+00
47c23c03-d3f1-4afe-9f02-7980f7434a08,00000000-0000-0000-0000-000000000001,854c86e3-8b7f-0ca8-f4ac-c6a073699611,whatsapp,inbound,message,wamid.HBgMOTE5ODY0MDU2OTk5FQIAEhggQUM5QTE4OEQyRkVBRTIxMEU1MDZFOTVGNDQxMkM5MEIA,null,image,null,received,a221b317-e889-49ec-b1c4-fa104347bbf7,null,null,2026-07-07 09:26:07.092191+00,2026-07-07 09:26:07.092191+00
11347dd7-3a78-45e6-a1ca-5fcc5851f114,00000000-0000-0000-0000-000000000001,bcf8ffc1-fd5c-f6ab-0453-7a73c73786dd,whatsapp,inbound,message,wamid.HBgMOTE5NjI5NjIyNTcyFQIAEhgUM0ExRUVGRUFFMzZCQ0Q3Q0E2MkIA,null,text,null,received,5ef530e6-cedd-4c07-a8cb-398d10d9b55d,null,null,2026-07-07 09:32:52.299405+00,2026-07-07 09:32:52.299405+00
f2c585fd-2786-4ec5-adaa-78559e2a905b,00000000-0000-0000-0000-000000000001,a467df39-5ec5-465e-a471-e2b54be7bc71,whatsapp,inbound,message,wamid.HBgMOTE4MjgxODk3Mjc1FQIAEhgUNEExN0ZEMjA1NzA1OTQ0Mjc5QzQA,null,image,null,received,f02041fc-011b-41c6-b2c7-b935a85a28a6,null,null,2026-07-07 09:33:45.249059+00,2026-07-07 09:33:45.249059+00
e32c44ae-d0a8-441d-b8f4-b845146601f1,00000000-0000-0000-0000-000000000001,null,whatsapp,inbound,message,wamid.HBgMOTE3Njk1OTMyODI0FQIAEhggQUNDMjM5NkFFQ0RGQjNBNDFGMzcxRTcwNkE2MTQ1MUEA,null,text,null,received,d9d5e037-7fc6-4e92-b6e9-5f0e575cf7f3,null,null,2026-07-07 09:43:17.705878+00,2026-07-07 09:43:17.705878+00
92d0d352-94e0-420d-9e34-3d2c8bc057f1,00000000-0000-0000-0000-000000000001,null,whatsapp,inbound,message,wamid.HBgMOTE3Njk1OTMyODI0FQIAEhggQUM1RUY0RUJFRUFERDlERDMyQjE0QjBEMjk4MkVCODgA,null,text,null,received,54583595-6c56-4bd2-9ce5-c61c76c68527,null,null,2026-07-07 09:43:27.375416+00,2026-07-07 09:43:27.375416+00
dd631165-61e9-4ba7-9752-b0bb4c84fc87,00000000-0000-0000-0000-000000000001,d77b5c1e-605d-6795-5eee-1e2f9b83e069,whatsapp,inbound,message,wamid.HBgMOTE3OTcyOTU4MTI2FQIAEhggQUNGNEYwOUQ0M0Y2MkM4RTQ3NzNGMEEyMjE0Rjc1RDUA,null,image,null,received,0557fde7-90e0-4be7-a9c7-a9e1a1585494,null,null,2026-07-07 09:55:50.187248+00,2026-07-07 09:55:50.187248+00
1fa51ad9-8df9-4043-9e5f-29df5439e2a3,00000000-0000-0000-0000-000000000001,aa88d180-8c53-dbe4-70de-ecf38130d3ce,whatsapp,inbound,message,wamid.HBgMOTE3OTc4MzY5MjQwFQIAEhggQUM3NDRBNUEyNUNERkFENkJGQjU1RkZDQjU2QTkyNDcA,null,text,null,received,4e039286-d9f3-4afa-a558-75322a8e0cf9,null,null,2026-07-07 09:58:19.734734+00,2026-07-07 09:58:19.734734+00
b3dcd647-8c7a-4b2e-a64e-fdab4526c444,00000000-0000-0000-0000-000000000001,aa88d180-8c53-dbe4-70de-ecf38130d3ce,whatsapp,inbound,message,wamid.HBgMOTE3OTc4MzY5MjQwFQIAEhggQUM1NTVBNkUzMDk5MzFEMDBFNUE2NDE5QThEQTJCNDAA,null,text,null,received,af986a1c-412c-4794-bea0-523043e0abc3,null,null,2026-07-07 09:58:34.898887+00,2026-07-07 09:58:34.898887+00
0909b56b-f409-4a58-9420-04615fc02ee1,00000000-0000-0000-0000-000000000001,null,whatsapp,inbound,message,wamid.HBgMOTE3Njk1OTMyODI0FQIAEhggQUNFOUJDNEY2MkM0RkY0QjhFNzQ0QUY4NzQ1RjIxQzMA,null,text,null,received,90a31081-fd33-479e-b705-df56fd39a8c6,null,null,2026-07-07 10:54:49.064327+00,2026-07-07 10:54:49.064327+00
5e95ebc7-7789-4c81-b5fa-a2feefa07d3f,00000000-0000-0000-0000-000000000001,null,whatsapp,inbound,message,wamid.HBgMOTE3Njk1OTMyODI0FQIAEhggQUM1MjNFMTA0M0QyNUVDNUQ4MkY5NzBCN0U4N0ZFNkEA,null,text,null,received,32d96947-a214-4754-8868-dae7dae6bef0,null,null,2026-07-07 10:55:59.251828+00,2026-07-07 10:55:59.251828+00
f8055e33-147b-49e2-99ad-a56f1d9fce5d,00000000-0000-0000-0000-000000000001,null,whatsapp,inbound,message,wamid.HBgMOTE3Njk1OTMyODI0FQIAEhggQUNDNjE2REIxODFFNkE0NUMyMzgyMDA1QzQxNkJGMDYA,null,text,null,received,a4ff9734-a116-4fc3-aff4-9203b2b74a15,null,null,2026-07-07 10:56:05.622482+00,2026-07-07 10:56:05.622482+00
4d64c605-c756-41e1-8283-2cc9c6457943,00000000-0000-0000-0000-000000000001,null,whatsapp,inbound,message,wamid.HBgMOTE3Njk1OTMyODI0FQIAEhggQUNCRDUxM0E4QUU3RDQxQjk2QUJFQTFGOTAwNDM2MDkA,null,text,null,received,cfb3b3c5-abaa-43cf-9a8f-b39a783f227d,null,null,2026-07-07 10:59:46.851857+00,2026-07-07 10:59:46.851857+00
9938535e-bd20-4866-91ab-2ab12cea3832,null,null,whatsapp,inbound,webhook_unparsed,unparsed-6701b365-5d25-44a3-90dc-29c1851d6a01,null,unknown,null,received,460da98f-95c9-41fe-9071-f68a7a613b95,null,payload_shape_not_recognized,2026-07-07 11:27:59.932374+00,2026-07-07 11:27:59.932374+00
08a3508b-51aa-4627-b158-c7a3874fc03f,00000000-0000-0000-0000-000000000001,aa88d180-8c53-dbe4-70de-ecf38130d3ce,whatsapp,inbound,message,wamid.HBgMOTE3OTc4MzY5MjQwFQIAEhggQUMyMzdCMjFCREU2RDI2NzY4NEJEODAwN0UzMTNCQjUA,null,image,null,received,7739d339-86d2-4d16-9229-5c991dd4aeb0,null,null,2026-07-07 11:29:22.273883+00,2026-07-07 11:29:22.273883+00
fb0f88fe-e7ec-4523-afe8-a0bb1b752a56,00000000-0000-0000-0000-000000000001,aa88d180-8c53-dbe4-70de-ecf38130d3ce,whatsapp,inbound,message,wamid.HBgMOTE3OTc4MzY5MjQwFQIAEhggQUM4NEUxNzAwMDkxMUNDMzVDMDA1ODNCQTYyN0IzQzEA,null,image,null,received,891d9374-eb9d-43db-b6e8-0de96bc82275,null,null,2026-07-07 11:29:27.899862+00,2026-07-07 11:29:27.899862+00
de312e12-50e4-410c-875d-13091f5d73ff,null,null,whatsapp,inbound,webhook_unparsed,unparsed-ec318b37-c3ed-414d-8f47-1ec2153b1026,null,unknown,null,received,0401faac-105e-46f8-9fca-7e795364cbbc,null,payload_shape_not_recognized,2026-07-07 11:29:29.423474+00,2026-07-07 11:29:29.423474+00
6c97c03b-f163-4807-b04a-8b5fe726865d,00000000-0000-0000-0000-000000000001,aa88d180-8c53-dbe4-70de-ecf38130d3ce,whatsapp,inbound,message,wamid.HBgMOTE3OTc4MzY5MjQwFQIAEhggQUNGOTRDRjc3NDRBMTU4OTg5M0YzNEJDOTU2RkVDOEMA,null,text,null,received,d69baf55-41b7-40d8-b306-6575b6dc1887,null,null,2026-07-07 11:29:31.937328+00,2026-07-07 11:29:31.937328+00
46ba5a5c-2b2f-4232-8ae9-654517f973f2,00000000-0000-0000-0000-000000000001,null,whatsapp,inbound,message,wamid.HBgMOTE3Njk1OTMyODI0FQIAEhggQUNBRkI4NkVBQzkyNUE3RkQ0Q0IzNDU4OTdDQjg4MjAA,null,text,null,received,46319ef8-730f-4e42-a00d-94477d6bf064,null,null,2026-07-07 11:44:39.644609+00,2026-07-07 11:44:39.644609+00
10ddf3f0-9a9f-4a31-8d26-2fe0cadb8f9d,00000000-0000-0000-0000-000000000001,null,whatsapp,inbound,message,wamid.HBgMOTE3Njk1OTMyODI0FQIAEhggQUNFODMzQjMxQTdDM0VCNkE3NjlCMEQyMEQ2MjM2QjAA,null,text,null,received,47b500cc-8653-4246-aa83-0a99dfff1b55,null,null,2026-07-07 11:44:58.419466+00,2026-07-07 11:44:58.419466+00
e071344c-bdbc-467b-bde9-ac51f71bc516,00000000-0000-0000-0000-000000000001,null,whatsapp,inbound,message,wamid.HBgMOTE3Njk1OTMyODI0FQIAEhggQUNENkIwMTAzMTVFNUMwNTg0NkFBRjc3NDk4Mjg1NDIA,null,text,null,received,69dba7c6-fe38-4337-9d61-389862fbdf6e,null,null,2026-07-07 11:45:16.213779+00,2026-07-07 11:45:16.213779+00
f349a39d-7649-4c4e-99a2-dc3f02c94d34,00000000-0000-0000-0000-000000000001,null,whatsapp,inbound,message,wamid.HBgMOTE3Njk1OTMyODI0FQIAEhggQUM4NkI5QkJGRDc1MzlEMDUzMEYyNzVFQUZERjBBN0YA,null,text,null,received,344b2138-9e66-4f8a-bf95-759738d71b25,null,null,2026-07-07 11:49:20.457214+00,2026-07-07 11:49:20.457214+00
9c779285-7f8b-4d01-b63c-9624e1069d9e,00000000-0000-0000-0000-000000000001,null,whatsapp,inbound,message,wamid.HBgMOTE3Njk1OTMyODI0FQIAEhggQUM1MkI4OUQ5REU5QzIzNkE3MDY3NTg3MjRENDU2NDUA,null,text,null,received,aab7814a-0f12-452a-aed8-c145dd043022,null,null,2026-07-07 11:59:24.940205+00,2026-07-07 11:59:24.940205+00
acc200fb-5f4e-4f19-8c54-52d0b89e72e1,00000000-0000-0000-0000-000000000001,null,whatsapp,inbound,message,wamid.HBgMOTE3Njk1OTMyODI0FQIAEhggQUM2NkI4NUQ2RDM1MkNBQzE2QzQ5NUMzMzZERkJEQUMA,null,text,null,received,1902ddb2-9fe7-47cf-bcab-5409795e9c52,null,null,2026-07-07 11:59:37.056444+00,2026-07-07 11:59:37.056444+00
60f7c4fe-a1e4-488e-8366-23f0086a20ff,00000000-0000-0000-0000-000000000001,null,whatsapp,inbound,message,wamid.HBgMOTE3Njk1OTMyODI0FQIAEhggQUNGNURDOEU5OEM2QjFBMjVDMkY1Q0JGQUYzQkI5RUIA,null,text,null,received,853289d2-eced-49f0-a895-0bc345145589,null,null,2026-07-07 12:00:04.66912+00,2026-07-07 12:00:04.66912+00
9e2d073d-73c8-4b0d-afc1-67ee5adb8a93,00000000-0000-0000-0000-000000000001,null,whatsapp,inbound,message,wamid.HBgMOTE3Njk1OTMyODI0FQIAEhggQUM3QjIzNzYxRTIwMDlFODNBQjMzRjlGNEI2QzM1MUUA,null,text,null,received,f89040a0-ec1e-4ed7-9bea-0c55792348ca,null,null,2026-07-07 12:08:11.843244+00,2026-07-07 12:08:11.843244+00
3c89b8a7-9a53-4fa6-86fc-f5ec405d7a99,00000000-0000-0000-0000-000000000001,null,whatsapp,inbound,message,wamid.HBgMOTE3Njk1OTMyODI0FQIAEhggQUNBNDQwOUNGMzZGNURGRDgyQkQ4QTI0NEY3RjY5QUIA,null,text,null,received,ecb8d584-fec5-4bba-850c-9efc6f7022ae,null,null,2026-07-07 12:11:54.173041+00,2026-07-07 12:11:54.173041+00
66e69ec3-e586-48fa-b8bd-21330f6bb223,00000000-0000-0000-0000-000000000001,null,whatsapp,inbound,message,wamid.HBgMOTE3Njk1OTMyODI0FQIAEhggQUMyRENFMUVGOTU3MDM2RTM5NkI1MzY5RDgxQjI1NDMA,null,text,null,received,695ea7bf-6e66-437b-99cd-1e39d69e21a0,null,null,2026-07-07 12:12:19.7974+00,2026-07-07 12:12:19.7974+00
173582b5-2d87-47d3-a586-61f4d9f3746e,00000000-0000-0000-0000-000000000001,null,whatsapp,inbound,message,wamid.HBgMOTE3Njk1OTMyODI0FQIAEhggQUNEMkUyOUY5NkZENjdBQkI2QjEyNjg2OTREMDE2QTgA,null,text,null,received,adf62eb2-7f54-4441-b852-e29c2e0b570e,null,null,2026-07-07 12:12:41.678713+00,2026-07-07 12:12:41.678713+00
7d08d4fb-0f12-420b-acd2-92d84471450d,00000000-0000-0000-0000-000000000001,062b56c4-c469-4ef7-b4e6-9615dd770ec9,whatsapp,inbound,message,wamid.HBgMOTE5MzQ1NDA0Nzk1FQIAEhgUM0EyQjYzODk2RTBBOUE1QUE0ODAA,null,image,null,received,73d12ab5-c742-4b7a-9c41-1af80f26c0ba,null,null,2026-07-07 12:16:19.562817+00,2026-07-07 12:16:19.562817+00
ba986bac-9bdc-496c-8342-be0db8ff1153,00000000-0000-0000-0000-000000000001,null,whatsapp,inbound,message,wamid.HBgMOTE3Njk1OTMyODI0FQIAEhggQUNCMTVFN0JGM0E0MDAxQzUxMzYxNzk5MkRBNjVBNjAA,null,text,null,received,75a68fcd-56d2-484b-a920-53ef4aeaffab,null,null,2026-07-07 12:22:27.413231+00,2026-07-07 12:22:27.413231+00
533e4f74-4dbf-4a99-bd2c-cb3b37971289,00000000-0000-0000-0000-000000000001,null,whatsapp,inbound,message,wamid.HBgMOTE3Njk1OTMyODI0FQIAEhggQUM4M0M1QTkxNDczM0I1NTc2MzM2N0Y4RUVFODgxMDIA,null,text,null,received,0c0376ab-ffc0-4fe8-9454-20353d7916ee,null,null,2026-07-07 12:22:38.934947+00,2026-07-07 12:22:38.934947+00
fe4cc130-8329-4c48-8a62-5360d93cf5a0,00000000-0000-0000-0000-000000000001,null,whatsapp,inbound,message,wamid.HBgMOTE3Njk1OTMyODI0FQIAEhggQUM5QjdCODAyRTgxQzY3MkMyM0JEMDM1MEI1NUUyQUMA,null,text,null,received,79169451-7d3f-4613-a243-5b1b6d23e171,null,null,2026-07-07 12:22:45.064117+00,2026-07-07 12:22:45.064117+00
e24d4f89-8633-4ac5-9e1c-7b6966297a3c,00000000-0000-0000-0000-000000000001,3b02f95a-b47e-1037-4f8a-f2f31e35c98e,whatsapp,inbound,message,wamid.HBgMOTE4Nzc5NDY2NjI0FQIAEhggQUM5Q0QzMjA0NDU0MjgzNDAxOUYxODkxQjBGQTk3RUQA,null,text,null,received,df4fd729-07f8-4577-9a0c-abe42a6edc93,null,null,2026-07-07 12:28:02.447283+00,2026-07-07 12:28:02.447283+00
ae512b49-a63b-49db-8912-aa53c6795944,00000000-0000-0000-0000-000000000001,3b02f95a-b47e-1037-4f8a-f2f31e35c98e,whatsapp,inbound,message,wamid.HBgMOTE4Nzc5NDY2NjI0FQIAEhggQUMzQjZBNTRGMjhBNTAyMjgwRkFBRjFEREU2RTkwRjQA,null,text,null,received,d0c368ba-c2de-42af-a747-c57043885ac5,null,null,2026-07-07 12:28:19.754386+00,2026-07-07 12:28:19.754386+00
0f9edc09-1ecd-4297-a3c6-3ca87e7a1a21,00000000-0000-0000-0000-000000000001,3b02f95a-b47e-1037-4f8a-f2f31e35c98e,whatsapp,inbound,message,wamid.HBgMOTE4Nzc5NDY2NjI0FQIAEhggQUNFRDIzMzZDNDZFRDQ3QkE0REIzOEM2OEVGOTNFNDYA,null,text,null,received,0059c567-676f-4209-ad2b-48df929423f8,null,null,2026-07-07 12:29:23.710632+00,2026-07-07 12:29:23.710632+00
9979b6ac-0ce2-4ba6-9e1f-454090989a68,00000000-0000-0000-0000-000000000001,3b02f95a-b47e-1037-4f8a-f2f31e35c98e,whatsapp,inbound,message,wamid.HBgMOTE4Nzc5NDY2NjI0FQIAEhggQUNBMDhGNEFGNTZERDk4OUFEQ0Y2MzgzQTBCNEM5MUUA,null,text,null,received,7b1031fb-ac34-4d22-a237-ae7271cae08a,null,null,2026-07-07 12:30:45.756747+00,2026-07-07 12:30:45.756747+00
5b354eaf-c691-4154-b829-d7683e831ed0,00000000-0000-0000-0000-000000000001,null,whatsapp,inbound,message,wamid.HBgMOTE3Njk1OTMyODI0FQIAEhggQUNBNjUxMkM5QzYzRjY1QjdBNjEzRDc0OEMwMzVBRjIA,null,text,null,received,dba243ca-a7ce-4ce2-a6cd-11a1bfc287cf,null,null,2026-07-07 12:35:59.359999+00,2026-07-07 12:35:59.359999+00
9c6d9221-594b-4bf3-8296-c9d0666700cc,00000000-0000-0000-0000-000000000001,null,whatsapp,inbound,message,wamid.HBgMOTE3Njk1OTMyODI0FQIAEhggQUMzMTNEQkFERTAxQjc0NUU3OEQ1RTI0ODNFQjEyNkYA,null,text,null,received,da5b8993-871b-4f99-a9ff-7b48c9d1b590,null,null,2026-07-07 12:36:20.41899+00,2026-07-07 12:36:20.41899+00
150794e2-8d78-4207-a932-d0cca06abfde,00000000-0000-0000-0000-000000000001,null,whatsapp,inbound,message,wamid.HBgMOTE3Njk1OTMyODI0FQIAERgUQ0UzMzZDRjI1MUJFMTFFNTMyRTEA,null,text,null,received,82b22af8-cabc-47b4-a782-dce84d5f95c1,null,null,2026-07-07 12:40:37.917922+00,2026-07-07 12:40:37.917922+00
5b72c840-bf7f-492d-8742-00dafda49f35,00000000-0000-0000-0000-000000000001,null,whatsapp,inbound,message,wamid.HBgMOTE3Njk1OTMyODI0FQIAERgUQ0VDNzBCNkREQkYwODMyMEQ4MzIA,null,text,null,received,1bc5c224-81cd-4a78-9f86-e721b2d46aef,null,null,2026-07-07 12:41:03.15444+00,2026-07-07 12:41:03.15444+00
4a677c14-a5d2-4774-b139-09ac930e71d2,00000000-0000-0000-0000-000000000001,null,whatsapp,inbound,message,wamid.HBgMOTE3Njk1OTMyODI0FQIAERgUQ0UwQjA4MjU0NDgwQzdEN0E4MzMA,null,text,null,received,37aa5866-d738-4213-8b9b-f06341c79c9b,null,null,2026-07-07 12:41:05.108307+00,2026-07-07 12:41:05.108307+00
47836100-09af-427a-abf3-9fa5c90f07f5,00000000-0000-0000-0000-000000000001,null,whatsapp,inbound,message,wamid.HBgMOTE3Njk1OTMyODI0FQIAERgUQ0UzODM2QkFGMjhFQ0FCRkQzQzkA,null,text,null,received,5e99108a-22d9-4e68-8cbb-173ddde011e1,null,null,2026-07-07 12:41:50.735061+00,2026-07-07 12:41:50.735061+00
b5af2374-7996-429e-bdd7-07249f6f4c9d,00000000-0000-0000-0000-000000000001,null,whatsapp,inbound,message,wamid.HBgMOTE3Njk1OTMyODI0FQIAERgUQ0VBMjdFODA1QTNGNzk1OUI2QUUA,null,text,null,received,915aaaba-41c8-4cda-ade3-f9a86fbbd895,null,null,2026-07-07 12:41:52.669902+00,2026-07-07 12:41:52.669902+00
25d850e1-657c-4b99-b39d-9f13cec7b615,00000000-0000-0000-0000-000000000001,null,whatsapp,inbound,message,wamid.HBgMOTE3Njk1OTMyODI0FQIAERgUQ0U4RkI0REJCRjMwQjgyODMwQjkA,null,text,null,received,7677dfef-8bfc-49ae-927f-948d4fb2a4bc,null,null,2026-07-07 12:41:56.596467+00,2026-07-07 12:41:56.596467+00
25427d3c-9874-484c-9384-2807d0fe0fd2,00000000-0000-0000-0000-000000000001,null,whatsapp,inbound,message,wamid.HBgMOTE3Njk1OTMyODI0FQIAERgUQ0U1MjYxNEFDMzEzMDYzOUI3MjQA,null,text,null,received,40405250-cf81-4226-8009-e94c2cdc93cb,null,null,2026-07-07 12:55:27.177339+00,2026-07-07 12:55:27.177339+00
ca4941a3-fcf1-458f-9632-0f6ac8a23e8d,00000000-0000-0000-0000-000000000001,null,whatsapp,inbound,message,wamid.HBgMOTE3Njk1OTMyODI0FQIAERgUQ0U3MUVDNENDNDFEMzdDRUY1NzYA,null,text,null,received,bf023db7-4636-4c92-b4cb-f7a10aaa0d8f,null,null,2026-07-07 12:55:29.444185+00,2026-07-07 12:55:29.444185+00
1065f3c3-8b3f-43a2-9ff6-119962bf7d67,00000000-0000-0000-0000-000000000001,null,whatsapp,inbound,message,wamid.HBgMOTE3Njk1OTMyODI0FQIAERgUQ0U0N0RFMUQwRkI1ODE5NkI5ODAA,null,text,null,received,3241bfeb-9418-4364-ad0b-c2629b7d2891,null,null,2026-07-07 12:55:36.31085+00,2026-07-07 12:55:36.31085+00
2fe88a83-2751-4d70-a192-a6046bc7e52a,00000000-0000-0000-0000-000000000001,null,whatsapp,inbound,message,wamid.HBgMOTE3Njk1OTMyODI0FQIAERgUQ0UyRjc2OEJFRTAwQzRGMkFGQjMA,null,text,null,received,ad154e54-5a40-44c6-a2cc-724cf8f0e8a4,null,null,2026-07-07 12:55:38.231995+00,2026-07-07 12:55:38.231995+00
cf12f885-ebbf-4752-a736-79e2de6c46ac,00000000-0000-0000-0000-000000000001,null,whatsapp,inbound,message,wamid.HBgMOTE3Njk1OTMyODI0FQIAERgUQ0UxQzc5MDQ0MEFCMkU0RENBOTYA,null,text,null,received,67c07fec-adea-43db-a8cf-5a8f696e518d,null,null,2026-07-07 12:56:00.68589+00,2026-07-07 12:56:00.68589+00
0f18a5d7-e7c8-4826-9e2d-2f040424824f,00000000-0000-0000-0000-000000000001,null,whatsapp,inbound,message,wamid.HBgMOTE3Njk1OTMyODI0FQIAERgUQ0U2MUIzRUQxMTkzMkFDMjAyNEIA,null,text,null,received,d6e2b1fe-3458-43a8-9edf-a62ab67e30b0,null,null,2026-07-07 12:56:02.840006+00,2026-07-07 12:56:02.840006+00
730d1c40-9d47-4705-bb99-b5850275e4ba,00000000-0000-0000-0000-000000000001,null,whatsapp,inbound,message,wamid.HBgMOTE3Njk1OTMyODI0FQIAERgUQ0VCRTMyQTMyMEMyOEVEMENCMjQA,null,text,null,received,6f50cba6-1de5-4dc0-8243-f5ba4e6d45d1,null,null,2026-07-07 12:58:39.567988+00,2026-07-07 12:58:39.567988+00
4c51c8f1-e22b-4d1f-8587-dba4b24c9879,00000000-0000-0000-0000-000000000001,null,whatsapp,inbound,message,wamid.HBgMOTE3Njk1OTMyODI0FQIAERgUQ0UwQUQyODdFNUY0RDM4QjlERjMA,null,text,null,received,8ef46da4-5fb9-4f1d-ad9e-4c94b5dfc04d,null,null,2026-07-07 12:58:41.537742+00,2026-07-07 12:58:41.537742+00
b194681e-7694-4b6d-84cf-ceeb7ec5c85c,00000000-0000-0000-0000-000000000001,null,whatsapp,inbound,message,wamid.HBgMOTE3Njk1OTMyODI0FQIAERgUQ0U2RDQzMTAxREQ1NDREOTA0MDQA,null,text,null,received,5c768fa5-6e5b-4082-994b-5d64d118c00f,null,null,2026-07-07 12:58:48.034317+00,2026-07-07 12:58:48.034317+00
53ac65c8-0cd4-4ada-b340-517227b45fc6,00000000-0000-0000-0000-000000000001,null,whatsapp,inbound,message,wamid.HBgMOTE3Njk1OTMyODI0FQIAERgUQ0U1MkJBRUE1MDVDNTQ4Q0ZDNTgA,null,text,null,received,61822d4d-c785-4d47-98df-29c9c937f430,null,null,2026-07-07 12:58:49.756702+00,2026-07-07 12:58:49.756702+00
5701a00c-211c-4965-8615-dcb91424156a,00000000-0000-0000-0000-000000000001,null,whatsapp,inbound,message,wamid.HBgMOTE3Njk1OTMyODI0FQIAERgUQ0U2MjhDRDg1Mzc0QzM1OUJFNjgA,null,text,null,received,73ece527-629d-40d9-bf3f-97e443dc5e73,null,null,2026-07-07 12:58:50.148428+00,2026-07-07 12:58:50.148428+00
04cdfcad-d8e3-4172-88e2-ba15a6344b95,00000000-0000-0000-0000-000000000001,null,whatsapp,inbound,message,wamid.HBgMOTE3Njk1OTMyODI0FQIAERgUQ0VDQkU4Q0M5RTFERDEzOUUwOUUA,null,text,null,received,cd58bfa8-4788-4ec6-b783-bb6138601d8f,null,null,2026-07-07 12:58:51.857224+00,2026-07-07 12:58:51.857224+00
4017f4cf-c399-460b-9135-84a1531a43b3,00000000-0000-0000-0000-000000000001,null,whatsapp,inbound,message,wamid.HBgMOTE3Njk1OTMyODI0FQIAERgUQ0UwODBCNDNBQTYwQkYxODUxNTMA,null,text,null,received,fcef31f1-80d4-48e1-a729-f14de0632d44,null,null,2026-07-07 12:59:00.848176+00,2026-07-07 12:59:00.848176+00
7157672a-25d8-4ae8-8ad0-35963fcfb782,00000000-0000-0000-0000-000000000001,null,whatsapp,inbound,message,wamid.HBgMOTE3Njk1OTMyODI0FQIAERgUQ0VCNUFGNUM4REI0MjIyRUFDMzAA,null,text,null,received,ce305674-b152-435c-bab6-966a811757f7,null,null,2026-07-07 12:59:02.765723+00,2026-07-07 12:59:02.765723+00
29eefd2c-225e-438d-902b-fad443aff11e,00000000-0000-0000-0000-000000000001,null,whatsapp,inbound,message,wamid.HBgMOTE3Njk1OTMyODI0FQIAERgUQ0U4QkExNzAxN0ZCQkU3MTQ4RjEA,null,text,null,received,095f859b-81f0-4030-8deb-2e6c2eb938a3,null,null,2026-07-07 12:59:55.282706+00,2026-07-07 12:59:55.282706+00
84d1f868-735f-4d87-baf4-ca9ef86d67ae,00000000-0000-0000-0000-000000000001,null,whatsapp,inbound,message,wamid.HBgMOTE3Njk1OTMyODI0FQIAERgUQ0U0OTFGQzY2MDYzRjNFMTM3RDcA,null,text,null,received,82af2db5-871c-488e-8149-a5a7494f4b8b,null,null,2026-07-07 12:59:57.213711+00,2026-07-07 12:59:57.213711+00
77bed8dc-7bcc-4aa8-b452-2261478964d3,00000000-0000-0000-0000-000000000001,null,whatsapp,inbound,message,wamid.HBgMOTE2MzgzMjM5NDU0FQIAERgUQ0U1NENCMDVBMjYzOTc0NDNFMDkA,null,text,null,received,8a26a18d-e108-4c5d-b360-b61959560734,null,null,2026-07-07 13:07:05.634008+00,2026-07-07 13:07:05.634008+00
8308c2db-b9f8-4c75-8388-31d59dce9ced,00000000-0000-0000-0000-000000000001,null,whatsapp,inbound,message,wamid.HBgMOTE2MzgzMjM5NDU0FQIAERgUQ0UxQ0E0NUYxMUEyQzU0MzQ2QjYA,null,text,null,received,3e7a7e8e-b3e7-4c53-87f1-2c55e80c440f,null,null,2026-07-07 13:08:16.029158+00,2026-07-07 13:08:16.029158+00
3731e879-a746-47ea-8373-673e450a0a55,00000000-0000-0000-0000-000000000001,950dd22f-78fa-d205-48b3-fe5a5cc7438e,whatsapp,inbound,message,wamid.HBgMOTE5OTQ1NjY3MjcxFQIAERgUQ0UwNEIwRTMwQUQ0N0QwRjE2MEIA,null,text,null,received,5d28e233-7bca-462e-9dbb-eb90930d9392,null,null,2026-07-07 16:48:33.612182+00,2026-07-07 16:48:33.612182+00
31966117-dff9-4125-b06d-60ae642b020a,00000000-0000-0000-0000-000000000001,950dd22f-78fa-d205-48b3-fe5a5cc7438e,whatsapp,inbound,message,wamid.HBgMOTE5OTQ1NjY3MjcxFQIAERgUQ0U1MUE5RUExMEMwM0Q4Q0UwMTYA,null,text,null,received,f0825b52-b3d2-4d54-ab03-37e85b398ef1,null,null,2026-07-07 16:48:35.815671+00,2026-07-07 16:48:35.815671+00
dec1b9cc-7434-4daa-bb36-01df479e25bb,00000000-0000-0000-0000-000000000001,c511ac63-cb7e-1453-92d5-ea4ffba1c360,whatsapp,inbound,message,wamid.HBgMOTE5NTAwMTY0MTI4FQIAERgWM0VCMDM1QzNBN0ZDQTA4QzIwNTNBRQA=,null,unknown,null,received,6e8ca290-cac6-4c50-ad2b-95fc47b3864c,null,null,2026-07-08 05:24:01.160162+00,2026-07-08 05:24:01.160162+00
1277a17a-2d99-4ec5-894c-b5686016b669,00000000-0000-0000-0000-000000000001,null,whatsapp,inbound,message,wamid.HBgMOTE3Njk1OTMyODI0FQIAERgUQ0UxMTlCQ0E4NDdGMDhCNTU4OTAA,null,text,null,received,6b29b63d-3efb-46b3-b236-edcd1b5e38b8,null,null,2026-07-08 05:32:48.93912+00,2026-07-08 05:32:48.93912+00
ab0a0eaf-d38f-4b1a-8878-79ecc0a90cfd,00000000-0000-0000-0000-000000000001,null,whatsapp,inbound,message,wamid.HBgMOTE3Njk1OTMyODI0FQIAERgUQ0VGQjc4RDNGRDJEQzFCRTc0MjkA,null,text,null,received,0c3d92ef-d890-47b4-adfd-dde90d3c1b2f,null,null,2026-07-08 05:40:11.467831+00,2026-07-08 05:40:11.467831+00
a0517645-b806-45a9-b523-9bd8a88fa9e5,00000000-0000-0000-0000-000000000001,null,whatsapp,inbound,message,wamid.HBgMOTE3Njk1OTMyODI0FQIAERgUQ0UxRjUwMTQ0NTk4MjFDMDVEMDQA,null,text,null,received,5537252a-c835-4c2e-9808-11305f466f9f,null,null,2026-07-08 05:40:11.479837+00,2026-07-08 05:40:11.479837+00
aa838c6b-2d75-419b-a576-e45abe76b28d,00000000-0000-0000-0000-000000000001,null,whatsapp,inbound,message,wamid.HBgMOTE3Njk1OTMyODI0FQIAERgUQ0U1OTI1MDI2N0U3NjY2MDJDQTEA,null,text,null,received,fe41d937-4706-48fc-9d0d-8b2af437a18d,null,null,2026-07-08 05:40:29.646868+00,2026-07-08 05:40:29.646868+00
73340638-c5d6-458c-820c-374c5777dfdb,00000000-0000-0000-0000-000000000001,null,whatsapp,inbound,message,wamid.HBgMOTE3Njk1OTMyODI0FQIAERgUQ0U1RkU3QjlGQTI4RkY5RkNGNUIA,null,text,null,received,ff598896-2581-4a11-a38b-264af1593e45,null,null,2026-07-08 05:40:58.039401+00,2026-07-08 05:40:58.039401+00
80e6da59-30f0-4c13-bd2b-09e0f3c31618,00000000-0000-0000-0000-000000000001,null,whatsapp,inbound,message,wamid.HBgMOTE3Njk1OTMyODI0FQIAERgUQ0UzQkE5ODJGQkYyM0M3N0REN0MA,null,text,null,received,49bd074c-24c3-4fa9-8b8c-3d3f205fbbc2,null,null,2026-07-08 05:40:58.258081+00,2026-07-08 05:40:58.258081+00
3d132406-214d-4a4f-9d14-504c34f40fcd,00000000-0000-0000-0000-000000000001,null,whatsapp,inbound,message,wamid.HBgMOTE3Njk1OTMyODI0FQIAERgUQ0UyMzVBNTEzMkUwRjdBMzlGRjkA,null,text,null,received,28bd702c-a979-4ede-abb2-dea442b812ed,null,null,2026-07-08 05:41:37.33947+00,2026-07-08 05:41:37.33947+00
6ea36aef-bbb5-4765-bc68-6ab736bd9079,00000000-0000-0000-0000-000000000001,null,whatsapp,inbound,message,wamid.HBgMOTE3Njk1OTMyODI0FQIAERgUQ0UwMTI0NTEwOTgzMjlFRjdBOTIA,null,text,null,received,19d53287-ed21-48fb-a17e-28628b9757bf,null,null,2026-07-08 05:41:37.376426+00,2026-07-08 05:41:37.376426+00
a68e65de-1e42-492e-bc5c-77613c04ac5e,00000000-0000-0000-0000-000000000001,null,whatsapp,inbound,message,wamid.HBgMOTE3Njk1OTMyODI0FQIAERgUQ0UwQkQ5NUNBNzVCNDgwOEM2NTYA,null,text,null,received,9d3994e2-e244-4371-8c50-451f99a1689d,null,null,2026-07-08 05:42:08.220029+00,2026-07-08 05:42:08.220029+00
30592eb6-9489-4269-9b83-3ce8020e11a4,00000000-0000-0000-0000-000000000001,null,whatsapp,inbound,message,wamid.HBgMOTE3Njk1OTMyODI0FQIAERgUQ0VDNzg1NzBDMzM4MzE5NDc3RkIA,null,text,null,received,f1739d6d-8e24-4b30-a121-3c9febfc2556,null,null,2026-07-08 05:42:08.327806+00,2026-07-08 05:42:08.327806+00
25c35367-f80e-4df3-be98-4884b38af567,00000000-0000-0000-0000-000000000001,null,whatsapp,inbound,message,wamid.HBgMOTE3Njk1OTMyODI0FQIAERgUQ0VGRUFDOEQ4OTM5MTA5MzgxNjEA,null,text,null,received,20910901-f944-41ea-a139-c5c2d9e79ed1,null,null,2026-07-08 05:42:42.818313+00,2026-07-08 05:42:42.818313+00
54dcb5f3-c819-4dcb-9b54-6dae5bd2d958,00000000-0000-0000-0000-000000000001,null,whatsapp,inbound,message,wamid.HBgMOTE3Njk1OTMyODI0FQIAERgUQ0U1RDQzQjEwNzI3MDZCMDczRDMA,null,text,null,received,7e07c5b0-15cf-4c3a-8fc9-92254fb8a5b0,null,null,2026-07-08 05:44:22.099369+00,2026-07-08 05:44:22.099369+00
d07aef10-200f-48f6-b6c8-b309bb2f02e3,00000000-0000-0000-0000-000000000001,null,whatsapp,inbound,message,wamid.HBgMOTE3Njk1OTMyODI0FQIAERgUQ0U0NEZFRDEwQUM1M0YwMDE1ODcA,null,text,null,received,a98046f8-f69b-4493-a377-7fc703581665,null,null,2026-07-08 06:35:58.172261+00,2026-07-08 06:35:58.172261+00
206d3c0b-a4cc-4af0-b739-0974830c1d07,00000000-0000-0000-0000-000000000001,null,whatsapp,inbound,message,wamid.HBgMOTE3Njk1OTMyODI0FQIAERgUQ0UxNUJFMTNENjAxQTQ0NDk0M0MA,null,text,null,received,49aa5816-8e83-42b0-8c4c-bbd96577a4d2,null,null,2026-07-08 06:36:12.334156+00,2026-07-08 06:36:12.334156+00
8afb92ed-a34a-43f8-9108-9bfcbf5ace42,00000000-0000-0000-0000-000000000001,null,whatsapp,inbound,message,wamid.HBgMOTE3Njk1OTMyODI0FQIAERgUQ0UyNzI1M0I4NzA1OTAzNjU1RDcA,null,text,null,received,537e6654-a908-4edc-b246-9cdf86ad54b1,null,null,2026-07-08 06:37:19.347952+00,2026-07-08 06:37:19.347952+00
259a1125-ed68-4dd7-9a61-38c2521d68f4,00000000-0000-0000-0000-000000000001,null,whatsapp,inbound,message,wamid.HBgMOTE3Njk1OTMyODI0FQIAERgUQ0VFMjhCMzJDNkQ2MkUxRkM3NzgA,null,text,null,received,d68b4d01-e388-4683-a923-19d9ef948b21,null,null,2026-07-08 06:37:54.155543+00,2026-07-08 06:37:54.155543+00
8fad873c-7202-44e0-ad22-93a721f8ae0e,00000000-0000-0000-0000-000000000001,null,whatsapp,inbound,message,wamid.HBgMOTE3Njk1OTMyODI0FQIAERgUQ0U1MzEyMTRCRjkzQTJEOThGQUUA,null,text,null,received,a8110c59-1c36-41c3-a8e7-0d43c912ff06,null,null,2026-07-08 06:37:54.458124+00,2026-07-08 06:37:54.458124+00
40e3f7c4-a382-4b30-ad96-30820a4cca69,00000000-0000-0000-0000-000000000001,null,whatsapp,inbound,message,wamid.HBgMOTE3Njk1OTMyODI0FQIAERgUQ0U3MjE2Njg3M0U4QjgxM0Y3QzYA,null,text,null,received,122a2d2c-eca6-4921-8c4a-e0d33cdd00da,null,null,2026-07-08 06:37:57.500989+00,2026-07-08 06:37:57.500989+00
1d26353c-7cda-46d9-9df2-c9d9cf248fcc,00000000-0000-0000-0000-000000000001,null,whatsapp,inbound,message,wamid.HBgMOTE3Njk1OTMyODI0FQIAERgUQ0U4MUY0NjFCOTk2NEE2RDNEMzgA,null,text,null,received,2db61bcd-2ca4-4e32-b25d-dd6f5952ec99,null,null,2026-07-08 06:37:57.831486+00,2026-07-08 06:37:57.831486+00
f0fe456a-b25d-4461-9b61-b2e20ec22259,00000000-0000-0000-0000-000000000001,null,whatsapp,inbound,message,wamid.HBgMOTE3Njk1OTMyODI0FQIAERgUQ0VBOUFFMENBMUIyQTVFNTdEQjUA,null,text,null,received,682ff24d-c703-4c27-a285-e90316705688,null,null,2026-07-08 06:38:36.258885+00,2026-07-08 06:38:36.258885+00
8a27f291-791b-4e1b-a947-6f77779f1af7,00000000-0000-0000-0000-000000000001,null,whatsapp,inbound,message,wamid.HBgMOTE3Njk1OTMyODI0FQIAERgUQ0U3QjNDQzE2QjMxOEY3QjcwQ0MA,null,text,null,received,78460a28-363c-4571-ae72-3c889e25362f,null,null,2026-07-08 06:38:36.627584+00,2026-07-08 06:38:36.627584+00
5c2252f7-ac99-45aa-a3ac-3fbad2c9471f,00000000-0000-0000-0000-000000000001,null,whatsapp,inbound,message,wamid.HBgMOTE3Njk1OTMyODI0FQIAERgUQ0U2NzA3OEU3N0EzOEM1Q0MyNzQA,null,text,null,received,78468934-0067-4818-9c61-e2d1c259dde3,null,null,2026-07-08 06:39:13.23984+00,2026-07-08 06:39:13.23984+00
2e96c41a-93d5-456a-b665-c2d91d46dd59,00000000-0000-0000-0000-000000000001,null,whatsapp,inbound,message,wamid.HBgMOTE3Njk1OTMyODI0FQIAERgUQ0UyQTY0OTEwNkFERkMxOTdDMzQA,null,text,null,received,99f3ac26-b2ba-409a-8a80-f850c232dad5,null,null,2026-07-08 06:39:13.301291+00,2026-07-08 06:39:13.301291+00
293384f4-e3a7-486c-be52-c14c84c766fe,00000000-0000-0000-0000-000000000001,null,whatsapp,inbound,message,wamid.HBgMOTE3Njk1OTMyODI0FQIAERgUQ0VEODRDMTY1Njc2RDlBNzIyQjkA,null,text,null,received,8ad030da-455a-45a5-b99a-441e2a5781f4,null,null,2026-07-08 06:39:34.268008+00,2026-07-08 06:39:34.268008+00
4650490e-0c87-4b1e-8aa5-4a8379d9ddcb,00000000-0000-0000-0000-000000000001,null,whatsapp,inbound,message,wamid.HBgMOTE3Njk1OTMyODI0FQIAERgUQ0VDRERBQUQ0N0I1MDIwNkVFNTIA,null,text,null,received,94e7a23c-ef2c-441e-a2ef-0d2398a2b9cd,null,null,2026-07-08 06:39:58.159411+00,2026-07-08 06:39:58.159411+00
cd534340-6fe1-404a-abc8-68cfc08becfe,00000000-0000-0000-0000-000000000001,null,whatsapp,inbound,message,wamid.HBgMOTE3Njk1OTMyODI0FQIAERgUQ0U4RjA0Qjc1RjNGNkU3MzQwQTkA,null,text,null,received,544ee112-4b13-48ab-b4b0-5c694585061e,null,null,2026-07-08 06:39:58.169152+00,2026-07-08 06:39:58.169152+00
6374635e-ef10-466f-ac3c-182315db67db,00000000-0000-0000-0000-000000000001,null,whatsapp,inbound,message,wamid.HBgMOTE3Njk1OTMyODI0FQIAERgUQ0VDNDY3OERGNTQ5N0VGQUYxNjAA,null,text,null,received,27d3617d-3014-43ce-adbd-fc9b2bc7aedc,null,null,2026-07-08 06:40:40.604154+00,2026-07-08 06:40:40.604154+00
348e1d39-8fc4-4f0c-9738-8efde0193b42,00000000-0000-0000-0000-000000000001,null,whatsapp,inbound,message,wamid.HBgMOTE3Njk1OTMyODI0FQIAERgUQ0U3REU1QjNFMENGNEQ5NTEzQzQA,null,text,null,received,6774916f-13aa-41c1-af2d-192704983d2b,null,null,2026-07-08 06:40:40.640326+00,2026-07-08 06:40:40.640326+00
90a4d6cf-4b6f-4809-9151-5bc6c4d127d5,00000000-0000-0000-0000-000000000001,null,whatsapp,inbound,message,wamid.HBgMOTE3Njk1OTMyODI0FQIAERgUQ0U2QzgyMzE5QjRCOUZFRTQwMEEA,null,text,null,received,e8753000-7a1b-4ffa-9b10-762489b6e1c6,null,null,2026-07-08 06:41:24.51371+00,2026-07-08 06:41:24.51371+00
25c11073-1be1-4fe1-a0ca-5c4f6952b9b5,00000000-0000-0000-0000-000000000001,null,whatsapp,inbound,message,wamid.HBgMOTE3Njk1OTMyODI0FQIAERgUQ0U3OTlEMEQ2OTg5MEFCQkFBRkMA,null,text,null,received,6d635d7f-dcac-4aaf-b3f3-de769ed5589b,null,null,2026-07-08 06:41:24.957828+00,2026-07-08 06:41:24.957828+00
fac2734d-addc-40b2-af38-d6f4f9f3a156,00000000-0000-0000-0000-000000000001,null,whatsapp,inbound,message,wamid.HBgMOTE3Njk1OTMyODI0FQIAERgUQ0UzREIwMEI1QkM2NUFFRDM5QTYA,null,text,null,received,5029cb78-9dcb-471c-bc89-3ef043f3e615,null,null,2026-07-08 06:42:00.35417+00,2026-07-08 06:42:00.35417+00
a4852543-68bc-4592-8e07-64f12f1a724d,00000000-0000-0000-0000-000000000001,null,whatsapp,inbound,message,wamid.HBgMOTE3Njk1OTMyODI0FQIAERgUQ0VEMDM3RDFDODM5NUNCNzc5QzkA,null,text,null,received,3feec04f-2b27-4d22-be30-67b2e90afc1f,null,null,2026-07-08 06:42:00.401645+00,2026-07-08 06:42:00.401645+00
72100187-486a-4c3c-8f7a-108d233b7004,00000000-0000-0000-0000-000000000001,null,whatsapp,inbound,message,wamid.HBgMOTE3Njk1OTMyODI0FQIAERgUQ0VFOERFMUFBQjFGQUU2ODE2MUMA,null,text,null,received,be6d7231-8168-4f5f-91d8-f2f053566fad,null,null,2026-07-08 06:42:51.058549+00,2026-07-08 06:42:51.058549+00
6a7a092f-02c3-4280-acd6-994a3605a2dd,00000000-0000-0000-0000-000000000001,null,whatsapp,inbound,message,wamid.HBgMOTE3Njk1OTMyODI0FQIAERgUQ0U5MjFEQTcxMEVFODk1MTAzODkA,null,text,null,received,49771e1d-af0d-4cca-be05-3d99ffffdb5e,null,null,2026-07-08 07:18:17.45093+00,2026-07-08 07:18:17.45093+00
a7556b22-82af-48f5-bc24-e00cbddcb998,00000000-0000-0000-0000-000000000001,5ce46f7c-d9f9-426d-be11-5e3b6a2bedb0,whatsapp,inbound,message,wamid.HBgMOTE4MjkzMDcwMzg2FQIAERgUQ0UwRjczQ0I0Q0JFOTg3MEE2MTAA,null,text,null,received,e97a00e4-886f-4320-a053-643301a94ec0,null,null,2026-07-08 07:19:52.544137+00,2026-07-08 07:19:52.544137+00
60cb7c2b-5eb1-4002-baa1-701408e73f6a,00000000-0000-0000-0000-000000000001,null,whatsapp,inbound,message,wamid.HBgMOTE3Njk1OTMyODI0FQIAERgUQ0UxMkJEM0MxRUI1MzBDN0I1REIA,null,text,null,received,594c17ab-f00a-456d-aa08-fbb571fe2d40,null,null,2026-07-08 07:20:30.873471+00,2026-07-08 07:20:30.873471+00
65720a13-5ede-454a-a26c-d7865e06429f,00000000-0000-0000-0000-000000000001,null,whatsapp,inbound,message,wamid.HBgMOTE3Njk1OTMyODI0FQIAERgUQ0VDRDc3RTA4NjJGRDU3ODIwMTMA,null,text,null,received,c227aab0-864a-40a0-a734-e4117cf06e76,null,null,2026-07-08 07:22:55.171717+00,2026-07-08 07:22:55.171717+00
624d3d57-835e-49a1-aa40-53470ea9eeb0,00000000-0000-0000-0000-000000000001,null,whatsapp,inbound,message,wamid.HBgMOTE3Njk1OTMyODI0FQIAERgUQ0VCRTNCQTIyQjYyQzAyRDI5QUQA,null,text,null,received,33632a83-3b6a-4991-90f1-e92a46a9462e,null,null,2026-07-08 07:24:20.806812+00,2026-07-08 07:24:20.806812+00
eabfba2c-0e94-43bf-b456-fdb9a91f915c,00000000-0000-0000-0000-000000000001,null,whatsapp,inbound,message,wamid.HBgMOTE3Njk1OTMyODI0FQIAERgUQ0UyMTIxQkVFOUU1QUYwRTQxODEA,null,text,null,received,be5acb8f-c2d9-4273-bb93-214daccc079b,null,null,2026-07-08 07:24:20.85432+00,2026-07-08 07:24:20.85432+00
71a85622-e515-42fe-bc42-f5443afb61d5,00000000-0000-0000-0000-000000000001,null,whatsapp,inbound,message,wamid.HBgMOTE3Njk1OTMyODI0FQIAERgUQ0VGN0NDNDFDOEFEQjFGMTQwMTcA,null,text,null,received,bb445ebb-7c75-4544-bbf1-8c8d6f3f212a,null,null,2026-07-08 07:24:54.059799+00,2026-07-08 07:24:54.059799+00
e17085e0-d158-4e63-864c-f71c07cf91ef,00000000-0000-0000-0000-000000000001,null,whatsapp,inbound,message,wamid.HBgMOTE3Njk1OTMyODI0FQIAERgUQ0U4NjNEN0FBQUEyRUQ2RTBGREEA,null,text,null,received,ab80d4de-2a66-4cb1-9822-2f207fa0853c,null,null,2026-07-08 07:37:50.468666+00,2026-07-08 07:37:50.468666+00
a5377722-3982-428b-bcec-db3b6b7f604a,00000000-0000-0000-0000-000000000001,null,whatsapp,inbound,message,wamid.HBgMOTE3Njk1OTMyODI0FQIAERgUQ0U3NjVCRUMyQzNGQjk4QzRFQTUA,null,text,null,received,e92b7d6a-0748-4d1d-ba1d-960ae4480558,null,null,2026-07-08 07:37:53.802479+00,2026-07-08 07:37:53.802479+00
ce4090ce-b56b-42af-bacc-3aa5a7553772,00000000-0000-0000-0000-000000000001,null,whatsapp,inbound,message,wamid.HBgMOTE3Njk1OTMyODI0FQIAERgUQ0U3MTQyQUU0MUY4M0Y0M0Y4QjgA,null,text,null,received,91010e00-e50a-43f9-94d2-cebef1dc4708,null,null,2026-07-08 07:38:01.363015+00,2026-07-08 07:38:01.363015+00
d68e0025-20a2-48ec-baac-9c9a24229a2e,00000000-0000-0000-0000-000000000001,null,whatsapp,inbound,message,wamid.HBgMOTE3Njk1OTMyODI0FQIAERgUQ0U0QzcyMUE2MzA1MDJDQzlDRUEA,null,text,null,received,acd27dcd-54e1-4143-b448-d43b6ca7a7d0,null,null,2026-07-08 07:38:02.594041+00,2026-07-08 07:38:02.594041+00
35667182-b349-4f78-a7e0-b0652ab04315,00000000-0000-0000-0000-000000000001,null,whatsapp,inbound,message,wamid.HBgMOTE3Njk1OTMyODI0FQIAERgUQ0UxRTJEODA4QzJEMjc4NTBCQjYA,null,text,null,received,e300a5ce-c39f-4923-bcd3-8150ee0345d9,null,null,2026-07-08 07:38:02.763775+00,2026-07-08 07:38:02.763775+00
fb7496d5-5b63-4738-ae9b-f96dc32d3a2e,00000000-0000-0000-0000-000000000001,null,whatsapp,inbound,message,wamid.HBgMOTE3Njk1OTMyODI0FQIAERgUQ0VGMkQxODAyNDI5NzY2OUFEQkUA,null,text,null,received,4b4e51bf-7e62-4c82-9af9-a680d2d99872,null,null,2026-07-08 07:38:16.910804+00,2026-07-08 07:38:16.910804+00
114f9f94-239d-4358-900d-1e40182682cd,00000000-0000-0000-0000-000000000001,null,whatsapp,inbound,message,wamid.HBgMOTE3Njk1OTMyODI0FQIAERgUQ0U4ODdCNUIyQzJCQTRGMjExOTYA,null,text,null,received,27067b46-abfc-4b57-846a-b2c4a3d8b25c,null,null,2026-07-08 07:38:24.076184+00,2026-07-08 07:38:24.076184+00
97a2c416-8036-45ad-86ca-b293a5027b62,00000000-0000-0000-0000-000000000001,null,whatsapp,inbound,message,wamid.HBgMOTE3Njk1OTMyODI0FQIAERgUQ0U1RUI4QTBEOTRDMEI2MUI0MjEA,null,text,null,received,76d56e75-c77c-44d1-9264-9dcb14300b05,null,null,2026-07-08 07:38:25.546203+00,2026-07-08 07:38:25.546203+00
ff9c342b-45a2-4545-bf5f-7a7494b37f3a,00000000-0000-0000-0000-000000000001,null,whatsapp,inbound,message,wamid.HBgMOTE3Njk1OTMyODI0FQIAERgUQ0VCMUI4MjY3MzU4NjJCMEI5OTYA,null,text,null,received,f8ac9b35-2daa-45ec-889b-997a494b299e,null,null,2026-07-08 07:38:26.235519+00,2026-07-08 07:38:26.235519+00
b995ead9-a7fc-43c5-8629-de573d7f9fdd,00000000-0000-0000-0000-000000000001,7976ec26-6b18-471f-96d3-aa39a03abac8,whatsapp,inbound,message,wamid.HBgMOTE5NzkxMDgyMTE3FQIAERgUQ0VGMjIxMzI5RTBFQkRFOTdENDUA,null,text,null,received,50e1441a-86cf-443a-866b-9aa58e4f7b3f,null,null,2026-07-08 07:41:11.745376+00,2026-07-08 07:41:11.745376+00
f62303b8-299c-4efe-a15d-512de3ef1e8b,00000000-0000-0000-0000-000000000001,null,whatsapp,inbound,message,wamid.HBgMOTE3Njk1OTMyODI0FQIAERgUQ0U4MEFBRkI2RUMwMzIxOEQ0RUEA,null,text,null,received,de5374fd-b9c8-4c84-9554-7f612ede3807,null,null,2026-07-08 07:50:03.581815+00,2026-07-08 07:50:03.581815+00
6cc0e9d5-22ab-4084-8780-fc21ee1997c7,00000000-0000-0000-0000-000000000001,null,whatsapp,inbound,message,wamid.HBgMOTE3OTA0NDUwNjI1FQIAERgUQ0VCM0RBMzZEMTQ1OTdDQTBCNUYA,null,text,null,received,d2a88e25-fc74-41ad-8473-5aa026eff439,null,null,2026-07-08 07:51:08.697979+00,2026-07-08 07:51:08.697979+00
7805b9e2-8ebb-401f-887b-ecb212f56318,00000000-0000-0000-0000-000000000001,null,whatsapp,inbound,message,wamid.HBgMOTE3OTA0NDUwNjI1FQIAERgUQ0VDOThBMzQ0MUZDQ0RFRTA5NzkA,null,text,null,received,f759e89d-8b0e-4ef9-9c5d-b326d6d0702b,null,null,2026-07-08 07:51:12.683468+00,2026-07-08 07:51:12.683468+00
4d69d18c-c3ae-4fcd-80e9-d2f151c9d063,00000000-0000-0000-0000-000000000001,null,whatsapp,inbound,message,wamid.HBgMOTE3OTA0NDUwNjI1FQIAERgUQ0U2QjdENTkyM0Q4MThEMThERjAA,null,text,null,received,7380e4fe-4867-4a94-a1d3-12ddb3981928,null,null,2026-07-08 07:51:30.048062+00,2026-07-08 07:51:30.048062+00
47e2f83b-62f4-417c-a93e-1fe9af00dfbe,00000000-0000-0000-0000-000000000001,null,whatsapp,inbound,message,wamid.HBgMOTE3OTA0NDUwNjI1FQIAERgUQ0VDN0Q0MDhDNUVFOTU1QUNERkYA,null,text,null,received,b70d7421-bb04-4832-ba0f-57224178b39a,null,null,2026-07-08 07:51:30.121007+00,2026-07-08 07:51:30.121007+00
13294dc3-af8f-44de-aef9-974061a470fc,00000000-0000-0000-0000-000000000001,null,whatsapp,inbound,message,wamid.HBgMOTE3OTA0NDUwNjI1FQIAERgUQ0VBMzM2QUVCRjg5M0RBMDQwNDMA,null,text,null,received,62976038-f73a-45fe-81ab-a04a8886491a,null,null,2026-07-08 07:51:30.778222+00,2026-07-08 07:51:30.778222+00
bacdab23-d5f8-4555-9fbb-662ae3d2e9a1,00000000-0000-0000-0000-000000000001,null,whatsapp,inbound,message,wamid.HBgMOTE3OTA0NDUwNjI1FQIAERgUQ0UwNjY5QzlDNkE2RTRFOTMwQTIA,null,text,null,received,e73e1244-a1b3-4f25-a8f3-5c7eafcef9b7,null,null,2026-07-08 07:51:49.502037+00,2026-07-08 07:51:49.502037+00
a3c93636-d9e1-4f11-a97e-04d61df1e9b9,00000000-0000-0000-0000-000000000001,null,whatsapp,inbound,message,wamid.HBgMOTE3OTA0NDUwNjI1FQIAERgUQ0UwOTk5MEI4RTJFRDc3QjU0RjIA,null,text,null,received,45e1e0ef-a38d-434b-b0ed-5b71891ca90a,null,null,2026-07-08 07:52:22.700115+00,2026-07-08 07:52:22.700115+00
63eef367-87e7-480e-b17d-4048a9de06fb,00000000-0000-0000-0000-000000000001,null,whatsapp,inbound,message,wamid.HBgMOTE3Njk1OTMyODI0FQIAERgUQ0VFMjg3QUVEM0JBQTM1QTEzMUQA,null,text,null,received,afa9a6ad-c4fe-43a8-a7e0-5c36b476e1b6,null,null,2026-07-08 08:43:48.087235+00,2026-07-08 08:43:48.087235+00
006cd90c-dae0-4dca-9dc2-7da5c717e5c8,00000000-0000-0000-0000-000000000001,null,whatsapp,inbound,message,wamid.HBgMOTE3Njk1OTMyODI0FQIAERgUQ0U1RTg2MTk0ODEyQjdCQTRGMUQA,null,text,null,received,5fb64fad-5ada-48e9-99dd-fb81cd724798,null,null,2026-07-08 08:43:51.25495+00,2026-07-08 08:43:51.25495+00
a8a962fc-634f-4424-b346-baa95e876683,00000000-0000-0000-0000-000000000001,null,whatsapp,inbound,message,wamid.HBgMOTE3Njk1OTMyODI0FQIAERgUQ0VFRTA1NEU3NTkxQjZEMzdCRjYA,null,text,null,received,542ec762-d1ed-4c6a-a7e8-08bb0e05fb65,null,null,2026-07-08 08:43:57.716104+00,2026-07-08 08:43:57.716104+00
70b0dcc1-ec8b-4e10-8c0e-1a908df5622b,00000000-0000-0000-0000-000000000001,null,whatsapp,inbound,message,wamid.HBgMOTE3Njk1OTMyODI0FQIAERgUQ0U3OTVBNEI0QkJGNDMxQjlFMkIA,null,text,null,received,777a7efd-d09a-4dd3-af24-ca935361cf6f,null,null,2026-07-08 08:43:58.981122+00,2026-07-08 08:43:58.981122+00
2a3c93d9-f226-4aa9-86da-044c3742eb74,00000000-0000-0000-0000-000000000001,null,whatsapp,inbound,message,wamid.HBgMOTE3Njk1OTMyODI0FQIAERgUQ0VGQzhCMzQxOEY0RjMxQTU1N0IA,null,text,null,received,e63e9a59-1a9f-4062-a5ed-3c437d1880db,null,null,2026-07-08 08:43:59.335867+00,2026-07-08 08:43:59.335867+00
1f8a6496-c369-4cbd-ae16-954406949e9a,00000000-0000-0000-0000-000000000001,null,whatsapp,inbound,message,wamid.HBgMOTE3Njk1OTMyODI0FQIAERgUQ0U0QjRFNjk1NDhDQ0U4NkYzRUQA,null,text,null,received,db62be89-0519-4de3-983e-4f53795705a1,null,null,2026-07-08 08:49:37.503564+00,2026-07-08 08:49:37.503564+00
c1f99cb6-8a10-432b-ba2f-337d4f6c5c69,00000000-0000-0000-0000-000000000001,null,whatsapp,inbound,message,wamid.HBgMOTE3Njk1OTMyODI0FQIAERgUQ0UyNUNDQjRGQ0NCNkIxNkY4NDkA,null,text,null,received,7a3e8c74-a81d-4a02-aba3-98ea56465f9a,null,null,2026-07-08 08:49:42.043565+00,2026-07-08 08:49:42.043565+00
6b290d10-e5a2-447d-bc4d-8a1be17dfbe8,00000000-0000-0000-0000-000000000001,null,whatsapp,inbound,message,wamid.HBgMOTE3Njk1OTMyODI0FQIAERgUQ0U1OTIyRTQ4QzI3NTIxRTM5Q0MA,null,text,null,received,24dd3a7a-c9a3-4b38-859a-7dd961e5e2e0,null,null,2026-07-08 08:49:44.712849+00,2026-07-08 08:49:44.712849+00
13344f27-445d-4834-97c3-735cde9bcedb,00000000-0000-0000-0000-000000000001,null,whatsapp,inbound,message,wamid.HBgMOTE3Njk1OTMyODI0FQIAERgUQ0VEQUNBOTVCM0JCNDI1MjkxQjkA,null,text,null,received,5750fa34-47d6-49fd-a3cc-59721eccd764,null,null,2026-07-08 08:49:46.533478+00,2026-07-08 08:49:46.533478+00
f1976897-e9a5-4644-9c44-db68525a025a,00000000-0000-0000-0000-000000000001,null,whatsapp,inbound,message,wamid.HBgMOTE3Njk1OTMyODI0FQIAERgUQ0VBMkU1NjlFMzI4RDU1NDFFN0UA,null,text,null,received,959e3ec7-9416-4ba4-b0fe-f4c620cc9283,null,null,2026-07-08 08:49:46.747034+00,2026-07-08 08:49:46.747034+00
8c748ef1-6cdb-41fa-9110-e0a5a3eeca84,00000000-0000-0000-0000-000000000001,null,whatsapp,inbound,message,wamid.HBgMOTE3Njk1OTMyODI0FQIAERgUQ0VCNjlDQjQ2NDQ5RkE0ODkxQkMA,null,text,null,received,d270f2d3-ec18-495c-8fa3-7add7610a23b,null,null,2026-07-08 09:00:54.466419+00,2026-07-08 09:00:54.466419+00
e134f236-757b-415e-a4a4-2ae3fe10b234,00000000-0000-0000-0000-000000000001,null,whatsapp,inbound,message,wamid.HBgMOTE3Njk1OTMyODI0FQIAERgUQ0VBQzAyNzdBNEVBNDlENzQ2RTgA,null,text,null,received,b1200337-a6b1-499e-b586-96eaf6c008bc,null,null,2026-07-08 09:00:57.703335+00,2026-07-08 09:00:57.703335+00
3c243aee-223e-4f05-887f-eb4b4a2096f5,00000000-0000-0000-0000-000000000001,null,whatsapp,inbound,message,wamid.HBgMOTE3Njk1OTMyODI0FQIAERgUQ0VCMzJCNjZFOTU5M0E3MDRFMkUA,null,text,null,received,ada11441-6a18-4216-8463-a4704b1ef437,null,null,2026-07-08 09:01:04.87312+00,2026-07-08 09:01:04.87312+00
b47486ee-39f7-4148-a2bc-7f8297cbce2e,00000000-0000-0000-0000-000000000001,null,whatsapp,inbound,message,wamid.HBgMOTE3Njk1OTMyODI0FQIAERgUQ0U0MDYzNjFEMDdCMDZENDVGNzEA,null,text,null,received,6e807dc7-1ff6-4fa8-9d0a-2f93e7045c06,null,null,2026-07-08 09:01:06.166203+00,2026-07-08 09:01:06.166203+00
97debb94-b379-4f1f-a068-311e23d258bd,00000000-0000-0000-0000-000000000001,null,whatsapp,inbound,message,wamid.HBgMOTE3Njk1OTMyODI0FQIAERgUQ0UwMTNEQUFERjU2RUEwMzVGQzMA,null,text,null,received,5951f09a-f79b-413b-add6-fffbdfde60ce,null,null,2026-07-08 09:01:06.431582+00,2026-07-08 09:01:06.431582+00
b721329a-7e8d-45e0-b23a-2ec6e68ecb41,00000000-0000-0000-0000-000000000001,null,whatsapp,inbound,message,wamid.HBgMOTE3Njk1OTMyODI0FQIAERgUQ0UzRkYwOUIyRUQ4ODBDMUQwREYA,null,text,null,received,18ce1032-22b0-4fa9-a117-3477bd0e293a,null,null,2026-07-08 09:02:28.142521+00,2026-07-08 09:02:28.142521+00
5db60e88-307f-47e0-8ba7-e8260f0a7275,00000000-0000-0000-0000-000000000001,null,whatsapp,inbound,message,wamid.HBgMOTE3Njk1OTMyODI0FQIAERgUQ0UxQzFFMDFDQkQ0MUJCODFBMUIA,null,text,null,received,b6fbe7f1-8c49-49f9-82f0-ffe33ee51ee3,null,null,2026-07-08 09:02:31.881165+00,2026-07-08 09:02:31.881165+00
3443adb6-e9f7-4ef8-b0c2-84006c1c341d,00000000-0000-0000-0000-000000000001,null,whatsapp,inbound,message,wamid.HBgMOTE3Njk1OTMyODI0FQIAERgUQ0UyMEI1NEQ4ODU5MDIxNDVBN0YA,null,text,null,received,45ee7689-1971-4952-9c1b-4cd5e8eb2f9d,null,null,2026-07-08 09:02:40.673434+00,2026-07-08 09:02:40.673434+00
8d4590a8-b612-4114-b6b3-21e1fad8fc85,00000000-0000-0000-0000-000000000001,null,whatsapp,inbound,message,wamid.HBgMOTE3Njk1OTMyODI0FQIAERgUQ0UzQ0JEMDlENzUxNjQ1MDlCQUEA,null,text,null,received,6db24d4b-340b-4768-ab3a-a95457c4d75e,null,null,2026-07-08 09:02:42.048271+00,2026-07-08 09:02:42.048271+00
b094ae9a-a34b-40c3-9498-b3233915075a,00000000-0000-0000-0000-000000000001,null,whatsapp,inbound,message,wamid.HBgMOTE3Njk1OTMyODI0FQIAERgUQ0VGOUE3NUI2NUE5OTVGMjYxODkA,null,text,null,received,a15b595a-9d9d-47f6-b69e-249303e3249b,null,null,2026-07-08 09:02:42.580765+00,2026-07-08 09:02:42.580765+00
82bf42f0-0dcc-4c4e-ab58-611407f245ea,00000000-0000-0000-0000-000000000001,null,whatsapp,inbound,message,wamid.HBgMOTE3Njk1OTMyODI0FQIAERgUQ0VEREJGNUZBQUU4RTExRkUxRjQA,null,text,null,received,52134d03-1369-4f65-a470-3000fddec467,null,null,2026-07-08 09:06:46.258721+00,2026-07-08 09:06:46.258721+00
cd6deb48-7b79-4ded-8fd6-58710b3050fa,00000000-0000-0000-0000-000000000001,null,whatsapp,inbound,message,wamid.HBgMOTE3Njk1OTMyODI0FQIAERgUQ0UxMjBBNzExMkIzMzAxRkFDQjUA,null,text,null,received,3768134d-10b9-4096-a888-2c7231a2eb2a,null,null,2026-07-08 09:07:09.383755+00,2026-07-08 09:07:09.383755+00
04f7c80d-a9f0-4f40-bc31-f8c617230dc8,00000000-0000-0000-0000-000000000001,null,whatsapp,inbound,message,wamid.HBgMOTE3Njk1OTMyODI0FQIAERgUQ0U2QTg3NEQ5QjdGODU1NjFCQzYA,null,text,null,received,5daa12f8-a31f-49bf-af50-ff282beda233,null,null,2026-07-08 09:08:40.297717+00,2026-07-08 09:08:40.297717+00
6b7bb258-b593-4bb3-82e7-9cdfac659278,00000000-0000-0000-0000-000000000001,null,whatsapp,inbound,message,wamid.HBgMOTE3Njk1OTMyODI0FQIAERgUQ0VGMUQ2MDkwM0FDRjI3QjIzQjEA,null,text,null,received,0f161b4e-992f-432c-8a22-631abf2ee57e,null,null,2026-07-08 09:09:33.444662+00,2026-07-08 09:09:33.444662+00
f96ea0a3-e4cc-4869-9b92-e41e9562b9fb,00000000-0000-0000-0000-000000000001,null,whatsapp,inbound,message,wamid.HBgMOTE3Njk1OTMyODI0FQIAERgUQ0U4MzA0MzA4NjU2QjE1NUYwMzQA,null,text,null,received,2359875d-185f-40a6-b7cc-b7c008532b3e,null,null,2026-07-08 09:10:43.212848+00,2026-07-08 09:10:43.212848+00
072ea35f-0449-4867-906e-7ff5f99a045a,00000000-0000-0000-0000-000000000001,null,whatsapp,inbound,message,wamid.HBgMOTE3Njk1OTMyODI0FQIAERgUQ0VERTdFNzZENUM3QzZFQ0NFMTUA,null,text,null,received,38a20321-d9a0-496b-b397-45edcbdbdc60,null,null,2026-07-08 09:11:21.437871+00,2026-07-08 09:11:21.437871+00
a64cbded-d1c9-484e-a74c-c0311d3d7657,00000000-0000-0000-0000-000000000001,null,whatsapp,inbound,message,wamid.HBgMOTE3Njk1OTMyODI0FQIAERgUQ0U2MTBGNDg0RjMwNUZGRjUxNTEA,null,text,null,received,519b0b7d-9bf8-4017-a1df-9530c9f176d0,null,null,2026-07-08 09:12:18.458258+00,2026-07-08 09:12:18.458258+00
45a54ca0-5158-4ca9-a6fb-6c9cb9e083fb,00000000-0000-0000-0000-000000000001,12062e7c-25cc-4c45-8869-abf33c8a981c,whatsapp,inbound,message,wamid.HBgMOTE5MDIxNDIzNzAzFQIAERgUQ0VGMURGMkVDMEI5NDNEMDc2NUYA,null,text,null,received,5f1a1883-95bc-4202-a4f7-4f32070d6eca,null,null,2026-07-08 09:39:05.728415+00,2026-07-08 09:39:05.728415+00
793a785a-d6e4-4fff-843a-7fb69c8e83fe,00000000-0000-0000-0000-000000000001,null,whatsapp,inbound,message,wamid.HBgMOTE3Njk1OTMyODI0FQIAERgUQ0VCNzc2QkE1RDU1MDEyQzRDQjEA,null,text,null,received,cfdbe34d-efe6-4d90-bdeb-31ba72331322,null,null,2026-07-08 09:47:12.352923+00,2026-07-08 09:47:12.352923+00
59e5b569-9e0d-488b-8bcc-7e035714655f,00000000-0000-0000-0000-000000000001,null,whatsapp,inbound,message,wamid.HBgMOTE3Njk1OTMyODI0FQIAERgUQ0U4OTg1RTFEMjUyRDFDNkEzOUYA,null,text,null,received,76eff2df-41f3-49a7-9d18-7b770ad143ef,null,null,2026-07-08 09:51:07.5895+00,2026-07-08 09:51:07.5895+00
158bf75f-a8d0-4b5c-9b46-b9a2ac7f86ee,00000000-0000-0000-0000-000000000001,062b56c4-c469-4ef7-b4e6-9615dd770ec9,whatsapp,inbound,message,wamid.HBgMOTE5MzQ1NDA0Nzk1FQIAERgUQ0VBRDNDOTAyMkE5NDMwOThDQzgA,null,text,null,received,e95fbd79-4db7-459b-ae6f-5de0c1113d5b,null,null,2026-07-08 10:32:35.551195+00,2026-07-08 10:32:35.551195+00
a968fa86-be8c-4844-a63f-e4d2345c4ebc,00000000-0000-0000-0000-000000000001,d77b5c1e-605d-6795-5eee-1e2f9b83e069,whatsapp,inbound,message,wamid.HBgMOTE3OTcyOTU4MTI2FQIAERgUQ0VFQjcwOTRCRDhGQ0EwODE1OTYA,null,text,null,received,039a6f04-e8e2-438e-865c-02c2bf790c80,null,null,2026-07-08 10:33:10.937821+00,2026-07-08 10:33:10.937821+00
efc392c0-5342-4514-b628-1924b29c5fa2,00000000-0000-0000-0000-000000000001,a467df39-5ec5-465e-a471-e2b54be7bc71,whatsapp,inbound,message,wamid.HBgMOTE4MjgxODk3Mjc1FQIAERgUQ0U0NEY0NDc0QkU4MUNBMDhBQjgA,null,text,null,received,adc94af3-d4c7-4ab6-8c9b-ad8f3c9072f6,null,null,2026-07-08 10:33:41.122797+00,2026-07-08 10:33:41.122797+00
ed1efda6-65f3-4c15-9dd6-45bfbdc4aa57,00000000-0000-0000-0000-000000000001,890b32d9-f754-8150-5a18-8a21fcdf3828,whatsapp,inbound,message,wamid.HBgMOTE5MDcyODY4Nzk1FQIAERgUQ0VEMjg1ODFEQUYyMTVEQTcyMTkA,null,text,null,received,c21cbc7c-d9fb-42d5-a31c-d19106dd6a89,null,null,2026-07-08 10:34:16.464613+00,2026-07-08 10:34:16.464613+00
e5f55683-44fe-4e46-8ffe-cf98ce562f46,00000000-0000-0000-0000-000000000001,146a8458-f956-54ed-317f-b99f7d16fff8,whatsapp,inbound,message,wamid.HBgMOTE5NzE1NzQxNDU2FQIAERgUQ0UyMDYxQTQ1N0ZEMzY4MkJCMTUA,null,text,null,received,68d92f51-7862-4f3e-ba8c-8ffd52f5a851,null,null,2026-07-08 10:34:58.834787+00,2026-07-08 10:34:58.834787+00
31356a11-6d36-4c91-b674-48886267c873,00000000-0000-0000-0000-000000000001,c511ac63-cb7e-1453-92d5-ea4ffba1c360,whatsapp,inbound,message,wamid.HBgMOTE5NTAwMTY0MTI4FQIAERgUQ0U3MUE3MURBRkFCNUI5QkI1OUQA,null,text,null,received,3be3d615-dae4-429f-bfa6-abc17da8243b,null,null,2026-07-08 10:35:27.351484+00,2026-07-08 10:35:27.351484+00
0419cec3-2829-4d82-aca9-b771af61b749,00000000-0000-0000-0000-000000000001,122c395f-56fd-4482-fe33-7fa3c3cd30b5,whatsapp,inbound,message,wamid.HBgMOTE5ODkyODAxMDcwFQIAERgUQ0U5NzEwQzVFNDkxNTJDQkU2NDcA,null,text,null,received,ddb96284-109d-4716-abf2-96820979420a,null,null,2026-07-08 10:36:13.99542+00,2026-07-08 10:36:13.99542+00
39bf583e-d0bd-4de2-aafa-2317ce96a9a0,00000000-0000-0000-0000-000000000001,51c3d3a9-bfa0-4a8e-a687-3ef46bc022cc,whatsapp,inbound,message,wamid.HBgMOTE3MDI1NTY3MDAwFQIAERgUQ0UzRUM3NUZGMDVDQzJBREREQzYA,null,text,null,received,4b1bd5d7-d9e4-417b-af0b-88a2cf9dc4b2,null,null,2026-07-08 10:36:50.324051+00,2026-07-08 10:36:50.324051+00
b745a7db-c8ce-42c4-bb87-910d77acdba5,00000000-0000-0000-0000-000000000001,854c86e3-8b7f-0ca8-f4ac-c6a073699611,whatsapp,inbound,message,wamid.HBgMOTE5ODY0MDU2OTk5FQIAERgUQ0U5MTA2RjQ4OUExOUQ1MjFFQzYA,null,text,null,received,f0522327-c869-4cfd-9f7f-c94cf5bd5c40,null,null,2026-07-08 10:37:42.489886+00,2026-07-08 10:37:42.489886+00
7475f429-78ef-49ee-b215-afaaccdddc8f,00000000-0000-0000-0000-000000000001,733dd472-3b1e-dd43-76e5-082ddfe66c5b,whatsapp,inbound,message,wamid.HBgMOTE5MTMxMTkyNzczFQIAERgUQ0U3MUJBQkM0ODAyRDlCMzlCNjAA,null,text,null,received,58954a48-0ef9-4338-9dc2-72db4d7c5102,null,null,2026-07-08 10:39:23.447274+00,2026-07-08 10:39:23.447274+00
4b21788c-804d-44f3-bb8c-93f9abffa258,00000000-0000-0000-0000-000000000001,9e188cc2-9f75-4d15-8fa3-9348236cae71,whatsapp,inbound,message,wamid.HBgMOTE5OTkwMjkxNTMyFQIAERgUQ0U3RTNEMzg1Mjc3Mzc4NjBFODcA,null,text,null,received,18ce3789-f61c-4163-a506-be1875b421e0,null,null,2026-07-08 10:39:52.748835+00,2026-07-08 10:39:52.748835+00
2f8dfd7c-3551-443e-b796-7e6518d01274,00000000-0000-0000-0000-000000000001,null,whatsapp,inbound,message,wamid.HBgMOTE3Njk1OTMyODI0FQIAERgUQ0U1RTRCN0MwQkIzRkIzMDk1N0UA,null,text,null,received,97e38924-c598-42b9-87a9-0f0b266d7289,null,null,2026-07-08 10:48:21.801476+00,2026-07-08 10:48:21.801476+00
572ad836-1204-4dfb-9128-9bff790ec201,00000000-0000-0000-0000-000000000001,null,whatsapp,inbound,message,wamid.HBgMOTE3Njk1OTMyODI0FQIAERgUQ0UyOEM1MzE5QzYwRUQ2NUQwNTEA,null,text,null,received,2834bd4b-96f8-4494-a4d3-fbddd2852d4a,null,null,2026-07-08 10:49:10.288196+00,2026-07-08 10:49:10.288196+00
0a775134-8c07-4e8e-aa10-57aaf5ecaca5,00000000-0000-0000-0000-000000000001,null,whatsapp,inbound,message,wamid.HBgMOTE3Njk1OTMyODI0FQIAERgUQ0UxNjZGRkVCQUM3MjQzRjBFQjAA,null,text,null,received,8dee053f-f2e5-47f1-9d12-c8a210934f08,null,null,2026-07-08 10:49:14.160071+00,2026-07-08 10:49:14.160071+00
f06745b7-3a03-4f34-be76-eb659d8c9938,00000000-0000-0000-0000-000000000001,null,whatsapp,inbound,message,wamid.HBgMOTE3Njk1OTMyODI0FQIAERgUQ0VBQTM0MkE0NDBCQzk5REQ0QkYA,null,text,null,received,be8bb149-abae-4017-9874-25002c4e1726,null,null,2026-07-08 10:49:21.826328+00,2026-07-08 10:49:21.826328+00
f025e37f-48a1-46f8-8216-80c44f975d5f,00000000-0000-0000-0000-000000000001,null,whatsapp,inbound,message,wamid.HBgMOTE3Njk1OTMyODI0FQIAERgUQ0U2MDBGM0UyRDFCQ0U5Rjg5MkMA,null,text,null,received,0794e2b5-2e33-4347-96ef-0567cc85c6f8,null,null,2026-07-08 10:49:22.333955+00,2026-07-08 10:49:22.333955+00
b66bbf2a-b12a-4741-9e9b-034d3645fa2f,00000000-0000-0000-0000-000000000001,null,whatsapp,inbound,message,wamid.HBgMOTE3Njk1OTMyODI0FQIAERgUQ0VDQzBFNERGREFFMzVDNkYwN0QA,null,text,null,received,134d15b3-7883-4b4e-a8cd-2814153333f0,null,null,2026-07-08 10:49:23.028129+00,2026-07-08 10:49:23.028129+00
b65c5373-fa38-452e-b93b-3a54e65127d5,00000000-0000-0000-0000-000000000001,null,whatsapp,inbound,message,wamid.HBgMOTE3Njk1OTMyODI0FQIAERgUQ0VFRThFOEYyRTY3RUE1QTU1RjkA,null,text,null,received,1433ec50-e44a-43b3-805e-2b710bdbeb87,null,null,2026-07-08 10:49:49.076896+00,2026-07-08 10:49:49.076896+00
c9e43af1-cdcf-4415-9d48-0a2663979b62,00000000-0000-0000-0000-000000000001,null,whatsapp,inbound,message,wamid.HBgMOTE3Njk1OTMyODI0FQIAERgUQ0U4MDQwQ0RCREFEMkVCRDQxMTAA,null,text,null,received,ae35f987-c56d-4d4b-b638-95c85d594924,null,null,2026-07-08 10:50:28.705172+00,2026-07-08 10:50:28.705172+00
386b2480-9cd3-42b3-a46b-24c0d5acc593,00000000-0000-0000-0000-000000000001,null,whatsapp,inbound,message,wamid.HBgMOTE3Njk1OTMyODI0FQIAERgUQ0UzMzZFRTBGNUQzREFCN0M2NjcA,null,text,null,received,38d111a4-b970-4352-92ea-9f86424d2562,null,null,2026-07-08 10:51:07.24755+00,2026-07-08 10:51:07.24755+00
f7693141-3fc8-46e7-8136-3b9cdb002893,00000000-0000-0000-0000-000000000001,null,whatsapp,inbound,message,wamid.HBgMOTE3Njk1OTMyODI0FQIAERgUQ0UzOEQzMEE5MUYyMEVBNTQwNEIA,null,text,null,received,eb34ed89-26bb-4ae0-a7ec-13c56b1735c8,null,null,2026-07-08 10:51:40.206265+00,2026-07-08 10:51:40.206265+00
48e25128-2e30-40ae-a148-34ce3e84fa55,00000000-0000-0000-0000-000000000001,null,whatsapp,inbound,message,wamid.HBgMOTE3Njk1OTMyODI0FQIAERgUQ0UxQjEwM0Q3RjU4MkRBNUQ1MjkA,null,text,null,received,c7d9c3ff-137c-4b94-843e-7bc243456bef,null,null,2026-07-08 10:51:59.58096+00,2026-07-08 10:51:59.58096+00
9e7b5540-74bc-41fd-8ee6-8e660cd41ff6,00000000-0000-0000-0000-000000000001,null,whatsapp,inbound,message,wamid.HBgMOTE3Njk1OTMyODI0FQIAERgUQ0UxMzY0RkYyRTRBNDc2MUFBNUIA,null,text,null,received,8e1f63a9-df08-4dd9-b8e6-d36521d065dc,null,null,2026-07-08 10:52:20.913442+00,2026-07-08 10:52:20.913442+00
ec51b8d8-f86b-43c8-bf6f-7f95eb1a7f68,00000000-0000-0000-0000-000000000001,null,whatsapp,inbound,message,wamid.HBgMOTE3Njk1OTMyODI0FQIAERgUQ0U2QjBEODc1M0ZBNTY3Q0U2QTEA,null,text,null,received,515e66cf-7ace-49dd-8dba-500e55dc2a81,null,null,2026-07-08 10:53:04.167889+00,2026-07-08 10:53:04.167889+00
ef52d81b-0dd9-49c5-832e-b1f5ff7a2b41,00000000-0000-0000-0000-000000000001,null,whatsapp,inbound,message,wamid.HBgMOTE3Njk1OTMyODI0FQIAERgUQ0UxRUUxMUMzRjFDMjM5MzM4OUQA,null,text,null,received,5aec380f-35f0-4577-8094-88cc817b5ee8,null,null,2026-07-08 10:53:48.479077+00,2026-07-08 10:53:48.479077+00
3e05dbd8-2dcd-4e02-aa48-345f15ade1ee,00000000-0000-0000-0000-000000000001,null,whatsapp,inbound,message,wamid.HBgMOTE3Njk1OTMyODI0FQIAERgUQ0U4M0EzNEE1MEFFRENFOEI3QzUA,null,text,null,received,45a7b2a4-6c30-484e-a7f8-27af4e2a4970,null,null,2026-07-08 10:54:22.174073+00,2026-07-08 10:54:22.174073+00
402c07fc-8cb6-43c3-91f6-813efd0fa5aa,00000000-0000-0000-0000-000000000001,null,whatsapp,inbound,message,wamid.HBgMOTE3Njk1OTMyODI0FQIAERgUQ0VBRERDQTk1NEM1QzEyMUQ1NDMA,null,text,null,received,61f43ec9-2a18-4c67-8e64-1db2c3730709,null,null,2026-07-08 10:54:47.125081+00,2026-07-08 10:54:47.125081+00
cd04ceae-9ca9-494f-a6df-bb0cd6fd9b95,00000000-0000-0000-0000-000000000001,null,whatsapp,inbound,message,wamid.HBgMOTE3Njk1OTMyODI0FQIAERgUQ0UzRjBCQzQ3NzlBOTkwNzNENTEA,null,text,null,received,1e387685-8fb3-4c6e-9c23-11223df2c40a,null,null,2026-07-08 10:55:34.378082+00,2026-07-08 10:55:34.378082+00
7a676433-f86b-4e2b-8a52-0bd839b2456c,00000000-0000-0000-0000-000000000001,null,whatsapp,inbound,message,wamid.HBgMOTE3Njk1OTMyODI0FQIAERgUQ0UwQzE3QzY4MjYwMzdCQjEwM0MA,null,text,null,received,8fa43af4-cd97-4bfd-829e-58f087c92f1d,null,null,2026-07-08 10:57:24.825147+00,2026-07-08 10:57:24.825147+00
806e185c-34b8-4d80-8c16-7bcd392d460a,00000000-0000-0000-0000-000000000001,null,whatsapp,inbound,message,wamid.HBgMOTE3Njk1OTMyODI0FQIAERgUQ0UwREZCNjZEMzRGNkQxRDE3RDUA,null,text,null,received,56d2b2da-d9a0-4b00-9382-311fb42108a5,null,null,2026-07-08 10:57:43.576706+00,2026-07-08 10:57:43.576706+00
41618fd3-e220-4856-8f18-521d62969a49,00000000-0000-0000-0000-000000000001,null,whatsapp,inbound,message,wamid.HBgMOTE3Njk1OTMyODI0FQIAERgUQ0UyMjZFN0ZEQzgwNUZDMTVCNEEA,null,text,null,received,f6192830-8846-4e47-9bba-1a0f17159166,null,null,2026-07-08 10:58:26.183427+00,2026-07-08 10:58:26.183427+00
b7d043db-e396-430d-9dfc-3661e0d3bec6,00000000-0000-0000-0000-000000000001,null,whatsapp,inbound,message,wamid.HBgMOTE3Njk1OTMyODI0FQIAERgUQ0VCQkIwOEMwQzY5QTc1NzQ1QkEA,null,text,null,received,f624d589-3f7a-407e-afe1-dcf5da896dcd,null,null,2026-07-08 10:58:56.602166+00,2026-07-08 10:58:56.602166+00
d5793281-35a1-4a97-a455-71eff335c1cf,00000000-0000-0000-0000-000000000001,null,whatsapp,inbound,message,wamid.HBgMOTE3Njk1OTMyODI0FQIAERgUQ0U0MENENEJDMDFGNDkzRTQ2RTgA,null,text,null,received,817c6d18-5649-4bdb-98b3-fa55b28dc38f,null,null,2026-07-08 10:59:26.991212+00,2026-07-08 10:59:26.991212+00
cd321850-0ed3-4628-b710-7c5c8f24fa8a,00000000-0000-0000-0000-000000000001,null,whatsapp,inbound,message,wamid.HBgMOTE3Njk1OTMyODI0FQIAERgUQ0U5OEE2OTkzMzE5RkNGOEZFRjUA,null,text,null,received,a4b52a0b-9ee3-4394-9090-924fb612c7ed,null,null,2026-07-08 11:01:57.680629+00,2026-07-08 11:01:57.680629+00
e6870c75-a009-482f-8d2c-8b0bbe1380cd,00000000-0000-0000-0000-000000000001,null,whatsapp,inbound,message,wamid.HBgMOTE3Njk1OTMyODI0FQIAERgUQ0VFQzE1NDREMjlDRTc2NzcwNzQA,null,text,null,received,a1fed2f4-db8f-48d6-801e-200e9d84609f,null,null,2026-07-08 11:03:25.648433+00,2026-07-08 11:03:25.648433+00
e7cec173-53b3-4c21-82b8-9ff10efd583a,00000000-0000-0000-0000-000000000001,null,whatsapp,inbound,message,wamid.HBgMOTE3Njk1OTMyODI0FQIAERgUQ0U4REM1RUYxQURFMEM3ODY1QjQA,null,text,null,received,32fcc3e7-a048-4c86-ba27-a1e33d9c986b,null,null,2026-07-08 11:04:26.251138+00,2026-07-08 11:04:26.251138+00
642d60df-ffd7-4cbb-94c7-449966e8179b,00000000-0000-0000-0000-000000000001,null,whatsapp,inbound,message,wamid.HBgMOTE3Njk1OTMyODI0FQIAERgUQ0UxMzI5QjI1OTMzOUM3QzMyQTEA,null,text,null,received,ef8f6ace-d1ee-421b-9485-d0ec0fbaeb49,null,null,2026-07-08 11:05:09.289509+00,2026-07-08 11:05:09.289509+00
cfe634b4-b2ea-478c-a73f-78e342a21bb7,00000000-0000-0000-0000-000000000001,null,whatsapp,inbound,message,wamid.HBgMOTE3Njk1OTMyODI0FQIAERgUQ0VGQTVCMjU3MkNENDM0NDIxRjMA,null,text,null,received,4069b171-6bb3-4192-aa08-166346698176,null,null,2026-07-08 11:05:48.863792+00,2026-07-08 11:05:48.863792+00
b5941556-6655-49d6-ba40-1299bf8dc6c6,00000000-0000-0000-0000-000000000001,null,whatsapp,inbound,message,wamid.HBgMOTE3Njk1OTMyODI0FQIAERgUQ0VDQzk5NDlGQjFDRjcyM0VEMzUA,null,text,null,received,c5d22585-1d93-4341-bd04-0c551923cd8b,null,null,2026-07-08 11:06:15.712279+00,2026-07-08 11:06:15.712279+00
71408c8c-9e2c-4072-b3f6-5e7eb0d70629,00000000-0000-0000-0000-000000000001,null,whatsapp,inbound,message,wamid.HBgMOTE3Njk1OTMyODI0FQIAERgUQ0VGQzRENjFBQjY5MjQ1NkREQ0MA,null,text,null,received,76948f12-d15a-4a03-9a14-7c5d36d1b594,null,null,2026-07-08 11:08:55.903532+00,2026-07-08 11:08:55.903532+00
491143a9-f3f0-489d-ad7d-690cc93eca28,00000000-0000-0000-0000-000000000001,null,whatsapp,inbound,message,wamid.HBgMOTE3OTA0NDUwNjI1FQIAERgUQ0VENEE4QjhEM0Y2M0Y5NjNDNkYA,null,text,null,received,e030b2fb-b269-4f73-8480-337ed2f07bad,null,null,2026-07-08 11:10:08.56505+00,2026-07-08 11:10:08.56505+00
c00c1c01-d181-490d-b095-ec31122cfd7f,00000000-0000-0000-0000-000000000001,null,whatsapp,inbound,message,wamid.HBgMOTE3OTA0NDUwNjI1FQIAERgUQ0U5NzQzNTQ5NUQ2RDM4QzQxNEUA,null,text,null,received,aa64d49f-6877-4ece-af96-5cfce0529874,null,null,2026-07-08 11:10:12.602398+00,2026-07-08 11:10:12.602398+00
b605f397-9282-435c-9c0b-ffa361bd7914,00000000-0000-0000-0000-000000000001,null,whatsapp,inbound,message,wamid.HBgMOTE3OTA0NDUwNjI1FQIAERgUQ0U3NkFGRjg1M0U0NjUzODYyMkYA,null,text,null,received,fd4f667a-9148-4fa4-a597-7f766e53f3db,null,null,2026-07-08 11:10:25.06624+00,2026-07-08 11:10:25.06624+00
fc3863f2-c20a-44ed-bacb-70b5de854635,00000000-0000-0000-0000-000000000001,null,whatsapp,inbound,message,wamid.HBgMOTE3OTA0NDUwNjI1FQIAERgUQ0UxOTAzM0VFRjg2MEI4N0Q1QkEA,null,text,null,received,2334d122-e0e4-466e-9f97-744c44ffa0f8,null,null,2026-07-08 11:10:25.83683+00,2026-07-08 11:10:25.83683+00
9551b20e-5fb6-4ca7-ac78-219e5164d74c,00000000-0000-0000-0000-000000000001,null,whatsapp,inbound,message,wamid.HBgMOTE3OTA0NDUwNjI1FQIAERgUQ0U2MTg4QjQ0QTU3QzE2MDA2MzkA,null,text,null,received,0fd064c6-475e-4504-a6b0-95304aab4500,null,null,2026-07-08 11:10:26.668229+00,2026-07-08 11:10:26.668229+00
7b90a712-8a13-47c2-b916-a74b7b325937,00000000-0000-0000-0000-000000000001,null,whatsapp,inbound,message,wamid.HBgMOTE3OTA0NDUwNjI1FQIAERgUQ0U0NjdEOEIwOEMwMzlERDg1MDgA,null,text,null,received,09b34479-f8ea-4cc6-ab60-41026d763d27,null,null,2026-07-08 11:10:49.425081+00,2026-07-08 11:10:49.425081+00
112bd1ba-68e3-4c83-96b3-8eda1d7b9024,00000000-0000-0000-0000-000000000001,null,whatsapp,inbound,message,wamid.HBgMOTE3OTA0NDUwNjI1FQIAERgUQ0U1RjExRjczM0I5OTVEMTg4MDYA,null,text,null,received,774b915c-bb92-4c57-9fa7-714533faa9f7,null,null,2026-07-08 11:10:49.522175+00,2026-07-08 11:10:49.522175+00
98de3c67-a1a4-449f-a951-e6acc531cce5,00000000-0000-0000-0000-000000000001,null,whatsapp,inbound,message,wamid.HBgMOTE3OTA0NDUwNjI1FQIAERgUQ0U5NThFNTEwMDlBRTNFMUQyQUIA,null,text,null,received,32a05b68-fefe-4635-8ea6-21928eb62792,null,null,2026-07-08 11:11:04.963701+00,2026-07-08 11:11:04.963701+00
0be29465-4cab-43e3-a2fe-8eb7afedda65,00000000-0000-0000-0000-000000000001,null,whatsapp,inbound,message,wamid.HBgMOTE3OTA0NDUwNjI1FQIAERgUQ0VCOTRFMzE0QTQxQ0RCM0NFMUQA,null,text,null,received,3baafa30-e8d4-40d0-affb-34733c7bf0f1,null,null,2026-07-08 11:11:12.656528+00,2026-07-08 11:11:12.656528+00
945a6eee-41cf-4df3-81af-525a8675091b,00000000-0000-0000-0000-000000000001,null,whatsapp,inbound,message,wamid.HBgMOTE3OTA0NDUwNjI1FQIAERgUQ0VGQUJDQzFBMjYyQkYwNjExNTQA,null,text,null,received,3bb35431-12d1-433e-bb26-5a39b5097bbe,null,null,2026-07-08 11:12:11.244197+00,2026-07-08 11:12:11.244197+00
90317277-7b01-47e0-add8-ac004ee7bd3b,00000000-0000-0000-0000-000000000001,null,whatsapp,inbound,message,wamid.HBgMOTE3OTA0NDUwNjI1FQIAERgUQ0UzMUMwQ0ZBRjc0QjNCRjJBQkMA,null,text,null,received,77b01fba-79e7-4465-b05c-a72984e9421d,null,null,2026-07-08 11:14:10.432277+00,2026-07-08 11:14:10.432277+00
4de5f2bd-962f-4458-b71e-3f083e35863f,00000000-0000-0000-0000-000000000001,null,whatsapp,inbound,message,wamid.HBgMOTE3OTA0NDUwNjI1FQIAERgUQ0VBQjFCQjU1QjZFQ0I5OTZFOUIA,null,text,null,received,f2669c3f-6e8c-4974-8718-fb7a50180af9,null,null,2026-07-08 11:15:23.635058+00,2026-07-08 11:15:23.635058+00
731d25a3-cbed-46ce-b04e-8ceaa9f864be,00000000-0000-0000-0000-000000000001,null,whatsapp,inbound,message,wamid.HBgMOTE3OTA0NDUwNjI1FQIAERgUQ0UyOUZCMzE5MDNDOTQ2MDNEOTIA,null,text,null,received,8b19804e-b42e-44a9-9f0e-c3b97199ea35,null,null,2026-07-08 11:15:33.684076+00,2026-07-08 11:15:33.684076+00
f9a9cde5-4f86-4b51-9a2d-ef2cadbb9fd9,00000000-0000-0000-0000-000000000001,null,whatsapp,inbound,message,wamid.HBgMOTE3OTA0NDUwNjI1FQIAERgUQ0U2MDMzOThBNjAwNTM2QjU5N0QA,null,text,null,received,c958525d-5ac5-4c93-8169-06d6547df08f,null,null,2026-07-08 11:16:21.597099+00,2026-07-08 11:16:21.597099+00
f16df527-ba7c-4efc-971b-422b4a045cc1,00000000-0000-0000-0000-000000000001,null,whatsapp,inbound,message,wamid.HBgMOTE3OTA0NDUwNjI1FQIAERgUQ0U2QTc3NDRBQjkxNjM3ODUzNzQA,null,text,null,received,7fd5a937-7d36-46b3-a1a8-dc96f9336f82,null,null,2026-07-08 11:17:00.572738+00,2026-07-08 11:17:00.572738+00
be344762-fca9-4e82-9f53-8d192483ee09,00000000-0000-0000-0000-000000000001,null,whatsapp,inbound,message,wamid.HBgMOTE3OTA0NDUwNjI1FQIAERgUQ0U5NDc5RTRFMTM2NkJFNTU3RTYA,null,text,null,received,da16156d-94dd-4ed8-9ab3-0613ec88797e,null,null,2026-07-08 11:17:29.571732+00,2026-07-08 11:17:29.571732+00
c8d1c66c-553f-4fca-b06f-810a8f4bad80,00000000-0000-0000-0000-000000000001,null,whatsapp,inbound,message,wamid.HBgMOTE3OTA0NDUwNjI1FQIAERgUQ0UzRENCN0NBM0I5NkVFRUNFQzkA,null,text,null,received,fb8c02a1-b3d7-4f17-a517-6629c9258d45,null,null,2026-07-08 11:18:03.059248+00,2026-07-08 11:18:03.059248+00
6ea43285-e626-4fba-925a-7f84f882c9be,00000000-0000-0000-0000-000000000001,null,whatsapp,inbound,message,wamid.HBgMOTE3OTA0NDUwNjI1FQIAERgUQ0VBMDZGMkQ5QzIyMDYwOTlDRUQA,null,text,null,received,e9097d7c-574c-4db6-a2ef-8fcbdcf7494e,null,null,2026-07-08 11:18:35.9108+00,2026-07-08 11:18:35.9108+00
11356e2f-bded-47ca-a7c6-58a3473c2928,00000000-0000-0000-0000-000000000001,null,whatsapp,inbound,message,wamid.HBgMOTE3OTA0NDUwNjI1FQIAERgUQ0VDNDRCMDE5RjU2MkQzNjA3M0UA,null,text,null,received,8cb3a5ff-dfcd-433c-91b4-0d65f0adc17a,null,null,2026-07-08 11:19:14.134291+00,2026-07-08 11:19:14.134291+00
5aa56526-a427-496f-b1c5-40b704803b47,00000000-0000-0000-0000-000000000001,null,whatsapp,inbound,message,wamid.HBgMOTE3OTA0NDUwNjI1FQIAERgUQ0UxOUJENjZCQjk2ODU2RkRBQjEA,null,text,null,received,cc33d9ab-481e-400f-9414-cf58ae269dfa,null,null,2026-07-08 11:20:28.98045+00,2026-07-08 11:20:28.98045+00
bb39528a-f9bf-4e10-9e95-51bf14e1577f,00000000-0000-0000-0000-000000000001,4628a4bf-d4c5-9e5d-471c-271b9f3e7d03,whatsapp,inbound,message,wamid.HBgMOTE3MjU5MTExMjU5FQIAERgUQ0U5M0NFODQyNTY2OUQxQzA2N0MA,null,text,null,received,1ff45c3e-f61d-4e70-9102-3f5e70f14ec4,null,null,2026-07-08 11:21:31.572963+00,2026-07-08 11:21:31.572963+00
424b2565-0bf7-4d05-b63f-a62d26acd6a9,00000000-0000-0000-0000-000000000001,null,whatsapp,inbound,message,wamid.HBgMOTE3OTA0NDUwNjI1FQIAERgUQ0UxRDE0QkE3QkZFN0JERTBBN0MA,null,text,null,received,c6c6cc40-dd50-42bf-8026-17d04ab130e0,null,null,2026-07-08 11:24:47.933424+00,2026-07-08 11:24:47.933424+00
d598f432-db89-4a9e-aa93-937c6eaa8523,00000000-0000-0000-0000-000000000001,null,whatsapp,inbound,message,wamid.HBgMOTE3OTA0NDUwNjI1FQIAERgUQ0UxODZBNTVGMkIyNDVGOTMzMDcA,null,text,null,received,a5473e72-3c65-4c79-9cee-c3d6d1354cd3,null,null,2026-07-08 11:25:28.671821+00,2026-07-08 11:25:28.671821+00
77c22fb6-79b4-47fd-a3e9-125c063a0cd6,00000000-0000-0000-0000-000000000001,null,whatsapp,inbound,message,wamid.HBgMOTE3OTA0NDUwNjI1FQIAERgUQ0UwRkI5MUZFNzFEQTY5ODM3MzEA,null,text,null,received,90085250-2b37-4ffb-a64e-b56d79f9a279,null,null,2026-07-08 11:25:50.721674+00,2026-07-08 11:25:50.721674+00
edab84e5-eec1-407b-b7be-1a136064b688,00000000-0000-0000-0000-000000000001,4628a4bf-d4c5-9e5d-471c-271b9f3e7d03,whatsapp,inbound,message,wamid.HBgMOTE3MjU5MTExMjU5FQIAERgUQ0U4RTQwOTA4RkRDMTYxQUE0REYA,null,text,null,received,917cfb9f-bd4d-4220-a467-d330092df4c1,null,null,2026-07-08 11:25:51.446949+00,2026-07-08 11:25:51.446949+00
4c7e68e3-2318-486f-be6d-610531ddaec9,00000000-0000-0000-0000-000000000001,null,whatsapp,inbound,message,wamid.HBgMOTE3OTA0NDUwNjI1FQIAERgUQ0VFQTQwRjNCNTNDREMxQjQ2NjUA,null,text,null,received,abcf3ccd-b89a-436d-a0bc-738062aad00a,null,null,2026-07-08 11:26:08.625371+00,2026-07-08 11:26:08.625371+00
3bfe1429-a2f2-4c14-9f38-6312e41a3ec9,00000000-0000-0000-0000-000000000001,4628a4bf-d4c5-9e5d-471c-271b9f3e7d03,whatsapp,inbound,message,wamid.HBgMOTE3MjU5MTExMjU5FQIAERgUQ0UwN0MzQ0U5MTRFM0VDOUFCMEEA,null,text,null,received,714f3b4e-0666-4798-b2fe-7abb83147b68,null,null,2026-07-08 11:26:21.531251+00,2026-07-08 11:26:21.531251+00
015b5da9-d253-405c-9ab9-caf7903a942d,00000000-0000-0000-0000-000000000001,null,whatsapp,inbound,message,wamid.HBgMOTE3Njk1OTMyODI0FQIAERgUQ0VCMDUzQjE2MzdDMzI2MTAzQjQA,null,text,null,received,d6ee1194-db99-46cb-a555-1db372849ca5,null,null,2026-07-08 11:45:22.593182+00,2026-07-08 11:45:22.593182+00
cf6dd802-c252-416e-9f8d-8e78616d40c7,00000000-0000-0000-0000-000000000001,null,whatsapp,inbound,message,wamid.HBgMOTE3Njk1OTMyODI0FQIAERgUQ0U0QjA5QTEyMEZGODA0MjIxOTgA,null,text,null,received,9443b3e2-1010-4b1a-8076-979b83c2143c,null,null,2026-07-08 11:50:07.158473+00,2026-07-08 11:50:07.158473+00
83bdee06-43bd-4bd5-8205-f320c8258e82,00000000-0000-0000-0000-000000000001,null,whatsapp,inbound,message,wamid.HBgMOTE3Njk1OTMyODI0FQIAERgUQ0UxRjM0RTA5NTYwQzkzNDg3NDUA,null,text,null,received,e4afab5b-255f-4ac1-bb14-dab17c6efcdd,null,null,2026-07-08 11:50:45.95706+00,2026-07-08 11:50:45.95706+00
5b2798e9-2f6e-478e-ad3d-59871a628bfc,00000000-0000-0000-0000-000000000001,null,whatsapp,inbound,message,wamid.HBgMOTE3Njk1OTMyODI0FQIAERgUQ0U3ODg2MTkzRTRGNjAzQjg4OTgA,null,text,null,received,8235fcba-47d5-4f58-a4f3-1d17ef20727e,null,null,2026-07-08 11:50:53.767473+00,2026-07-08 11:50:53.767473+00
704d4e0e-e8bd-4426-9448-c4ce82635809,00000000-0000-0000-0000-000000000001,null,whatsapp,inbound,message,wamid.HBgMOTE3Njk1OTMyODI0FQIAERgUQ0U4Mjk5OUIzODRCMDY0MThFMDYA,null,text,null,received,28e093b7-b2fe-4432-97ed-7bf95dccbb71,null,null,2026-07-08 11:50:56.785511+00,2026-07-08 11:50:56.785511+00
df090b1e-0d51-43d6-a8eb-ae39c8ae8748,00000000-0000-0000-0000-000000000001,null,whatsapp,inbound,message,wamid.HBgMOTE3Njk1OTMyODI0FQIAERgUQ0U1NzZDN0U3QUE3NzlDQzAzODgA,null,text,null,received,cff5bf54-a536-49cb-86e4-7801c127cedb,null,null,2026-07-08 11:50:57.90107+00,2026-07-08 11:50:57.90107+00
34fb837f-cee5-4337-8399-ff8512eed680,00000000-0000-0000-0000-000000000001,null,whatsapp,inbound,message,wamid.HBgMOTE3Njk1OTMyODI0FQIAERgUQ0UzNTY0QzVERjRFRUY2NEI0MDgA,null,text,null,received,af7b62a3-e087-432d-8423-7248d4381154,null,null,2026-07-08 11:50:57.915391+00,2026-07-08 11:50:57.915391+00
756f5d52-5fe9-404f-815a-dcf671435eec,00000000-0000-0000-0000-000000000001,null,whatsapp,inbound,message,wamid.HBgMOTE3Njk1OTMyODI0FQIAERgUQ0VBQUZDMjhCQTZCNThDNkFGNTEA,null,text,null,received,9c55cb4b-40f1-4226-aee8-6e496aad27df,null,null,2026-07-08 12:06:33.940449+00,2026-07-08 12:06:33.940449+00
ad942441-cbde-49f6-8cb2-14f740fdd6da,00000000-0000-0000-0000-000000000001,null,whatsapp,inbound,message,wamid.HBgMOTE3Njk1OTMyODI0FQIAERgUQ0VDQ0YxMDJFM0RDRDQ5NzE4QjkA,null,text,null,received,17ce7943-11bf-466d-8cf3-10082cac784e,null,null,2026-07-08 12:07:00.212217+00,2026-07-08 12:07:00.212217+00
e44e7f9f-a160-43d4-a288-656a500b079e,00000000-0000-0000-0000-000000000001,null,whatsapp,inbound,message,wamid.HBgMOTE3Njk1OTMyODI0FQIAERgUQ0UwMjJDMUFDM0Q1MjRERERGNzUA,null,text,null,received,a1b91af5-2d51-4420-9882-49847018c820,null,null,2026-07-08 12:07:06.424299+00,2026-07-08 12:07:06.424299+00
19d38c36-ed66-454f-be54-1c1b9dd4189e,00000000-0000-0000-0000-000000000001,null,whatsapp,inbound,message,wamid.HBgMOTE3Njk1OTMyODI0FQIAERgUQ0VGQTJFNkMwOEJDNjk3OTM1M0MA,null,text,null,received,352fcd51-dc93-4c7a-9452-85d1028d152c,null,null,2026-07-08 12:08:16.813172+00,2026-07-08 12:08:16.813172+00
ca50f8ed-117e-480e-8a2d-555b10af9945,00000000-0000-0000-0000-000000000001,null,whatsapp,inbound,message,wamid.HBgMOTE3Njk1OTMyODI0FQIAERgUQ0UxMkEzQTU4MTlCMTAxMjMwN0EA,null,text,null,received,ab94ff65-039e-4561-b227-f9918d4fd48f,null,null,2026-07-08 12:08:22.875451+00,2026-07-08 12:08:22.875451+00
54248bd1-6b50-418b-99ac-5367bb39a61d,00000000-0000-0000-0000-000000000001,null,whatsapp,inbound,message,wamid.HBgMOTE3Njk1OTMyODI0FQIAERgUQ0U2MkFDNDI0MjVBQjkxM0U4RDcA,null,text,null,received,20d4539d-3e9e-4029-8798-f90b49f1c7d1,null,null,2026-07-08 12:08:27.305713+00,2026-07-08 12:08:27.305713+00
5808d3e0-8d7d-458a-a1c6-345844cbbfe3,00000000-0000-0000-0000-000000000001,null,whatsapp,inbound,message,wamid.HBgMOTE3Njk1OTMyODI0FQIAERgUQ0U0NzhCQ0YyOUQ4RjVEMENDRjYA,null,text,null,received,a94a5e84-eaf1-4493-9409-bd62c6902782,null,null,2026-07-08 12:08:29.192557+00,2026-07-08 12:08:29.192557+00
83e5b963-9401-4bb7-954e-05587512c1aa,00000000-0000-0000-0000-000000000001,null,whatsapp,inbound,message,wamid.HBgMOTE3Njk1OTMyODI0FQIAERgUQ0U5Q0Y1QTlBOTlCNkE5MDg3QTUA,null,text,null,received,f466b27f-e308-4550-b407-279a04d7be18,null,null,2026-07-08 12:08:29.683615+00,2026-07-08 12:08:29.683615+00
a3b99ed7-7e42-4c3c-b80c-3a192777dc49,00000000-0000-0000-0000-000000000001,null,whatsapp,inbound,message,wamid.HBgMOTE3Njk1OTMyODI0FQIAERgUQ0U0MUM2NDgzNTM3MEFEMTdFQ0UA,null,text,null,received,c67848ea-8e43-4747-bef1-a9e6d12021e0,null,null,2026-07-08 12:10:45.925615+00,2026-07-08 12:10:45.925615+00
cc4f5d25-997e-4032-a3f9-3ee82cd278eb,00000000-0000-0000-0000-000000000001,null,whatsapp,inbound,message,wamid.HBgMOTE3Njk1OTMyODI0FQIAERgUQ0U1NzExNjU0RDM5NjcyRDk3NzUA,null,text,null,received,83f857d4-5fe2-4119-84a9-f7d793d78e3e,null,null,2026-07-08 12:11:21.209494+00,2026-07-08 12:11:21.209494+00
8c9506bd-1843-4ed4-9bbd-c9faf963af36,00000000-0000-0000-0000-000000000001,null,whatsapp,inbound,message,wamid.HBgMOTE3Njk1OTMyODI0FQIAERgUQ0UxNjY5NDQxMDU2RTYyREJCQzMA,null,text,null,received,b742f463-f0de-4014-86e6-bf5fa8e9e7cc,null,null,2026-07-08 12:12:00.557473+00,2026-07-08 12:12:00.557473+00
7ca9d4e5-501f-4b69-b960-97cde9acc09a,00000000-0000-0000-0000-000000000001,null,whatsapp,inbound,message,wamid.HBgMOTE3Njk1OTMyODI0FQIAERgUQ0VGMUIzQTI4MjJFNUFCQ0JDRjMA,null,text,null,received,0c249722-0faa-4b7d-9285-43f86da50d52,null,null,2026-07-08 12:12:25.449371+00,2026-07-08 12:12:25.449371+00
efd2912a-bfcd-420d-8083-b01be326e8f0,00000000-0000-0000-0000-000000000001,null,whatsapp,inbound,message,wamid.HBgMOTE3Njk1OTMyODI0FQIAERgUQ0UwQkNGNUU2RTQzMEMwQjY2OEEA,null,text,null,received,90a05696-52a8-4563-b8f2-fcdcb57cfb2f,null,null,2026-07-08 12:12:49.569025+00,2026-07-08 12:12:49.569025+00
7b19edbe-f15a-4eac-9d12-06d43a8c1d32,00000000-0000-0000-0000-000000000001,null,whatsapp,inbound,message,wamid.HBgMOTE3Njk1OTMyODI0FQIAERgUQ0U1NjIyMUEzOTlFNTE2MDUwQjQA,null,text,null,received,62ff5be7-ab95-4b87-9fe0-73d1f0c99687,null,null,2026-07-08 12:13:36.945254+00,2026-07-08 12:13:36.945254+00
2c612375-75d3-440a-b00b-4f04af47df42,00000000-0000-0000-0000-000000000001,null,whatsapp,inbound,message,wamid.HBgMOTE3Njk1OTMyODI0FQIAERgUQ0UzODE2M0NCNUIxQUZDQTg4NUMA,null,text,null,received,5b82070e-95d6-4ccb-bb6b-5c740868f53a,null,null,2026-07-08 12:13:47.058092+00,2026-07-08 12:13:47.058092+00
1d8cd810-20a2-483c-83c3-ec89faf7db24,00000000-0000-0000-0000-000000000001,null,whatsapp,inbound,message,wamid.HBgMOTE3Njk1OTMyODI0FQIAERgUQ0VENDYwNkQ4MTgzMUE2NTJFNjUA,null,text,null,received,03f11d53-aff8-48bf-a811-9722d8c2c2ec,null,null,2026-07-08 12:14:03.22123+00,2026-07-08 12:14:03.22123+00
61bd0603-7e43-45ee-a8a6-1cb12143c43f,00000000-0000-0000-0000-000000000001,null,whatsapp,inbound,message,wamid.HBgMOTE3Njk1OTMyODI0FQIAERgUQ0U3OEYyRjkyNjlCQTVEM0UyMDkA,null,text,null,received,205b020e-2571-46d2-85aa-f5b506c1684b,null,null,2026-07-08 12:14:14.307729+00,2026-07-08 12:14:14.307729+00
e656d4d5-0a69-4652-b918-3f6a2333553f,00000000-0000-0000-0000-000000000001,null,whatsapp,inbound,message,wamid.HBgMOTE3Njk1OTMyODI0FQIAERgUQ0VGNkI3NUY3NzQ3NzFCRTE1OUQA,null,text,null,received,715ec459-75e8-4cc1-8a87-d7cb74b3d188,null,null,2026-07-08 12:14:40.501227+00,2026-07-08 12:14:40.501227+00
1db38aab-92d1-4d22-be70-6e48d63b240e,00000000-0000-0000-0000-000000000001,null,whatsapp,inbound,message,wamid.HBgMOTE3Njk1OTMyODI0FQIAERgUQ0UxQUMwMjc2MDcyRTQ1ODUzRkMA,null,text,null,received,292f43e3-3070-4f41-a6b1-2b5bc49cec1a,null,null,2026-07-08 12:14:57.72977+00,2026-07-08 12:14:57.72977+00
053d56c7-1c3a-4658-8c80-1875181934a7,00000000-0000-0000-0000-000000000001,null,whatsapp,inbound,message,wamid.HBgMOTE3Njk1OTMyODI0FQIAERgUQ0VFMTdBQUYzNzJBQzNENDc0N0QA,null,text,null,received,b185652b-b38b-42d9-9e3c-698d3b7d925f,null,null,2026-07-08 12:15:15.888759+00,2026-07-08 12:15:15.888759+00
faf0e01c-03e2-4fc2-809b-d69bfc27e7a4,00000000-0000-0000-0000-000000000001,null,whatsapp,inbound,message,wamid.HBgMOTE3Njk1OTMyODI0FQIAERgUQ0VGRjYwNzFDMEI2MTcyOEVDQUYA,null,text,null,received,8dafa169-664a-406c-a0d8-1eee09f9a77e,null,null,2026-07-08 12:15:24.170552+00,2026-07-08 12:15:24.170552+00
90cfe5bf-f1c7-4131-87b9-bb4f606f19e0,00000000-0000-0000-0000-000000000001,null,whatsapp,inbound,message,wamid.HBgMOTE3Njk1OTMyODI0FQIAERgUQ0U2RDE5NDJBNkE5MTdFRDJERkEA,null,text,null,received,8f3010c3-9a26-42a5-8713-ed894f9df259,null,null,2026-07-08 12:15:27.355278+00,2026-07-08 12:15:27.355278+00
1f2e7e11-270b-460d-80af-acc99fc94b1c,00000000-0000-0000-0000-000000000001,null,whatsapp,inbound,message,wamid.HBgMOTE3Njk1OTMyODI0FQIAERgUQ0U3RDMzQTgxNzkxQzFDM0Y5QzUA,null,text,null,received,996a1c3d-0327-4daf-9ade-ed1c5fe905a1,null,null,2026-07-08 12:15:28.152862+00,2026-07-08 12:15:28.152862+00
f68112e6-f0cd-40b5-b8f5-9ad5352fdc9c,00000000-0000-0000-0000-000000000001,null,whatsapp,inbound,message,wamid.HBgMOTE3Njk1OTMyODI0FQIAERgUQ0VFNkQ1RUZGQjU1MzBFQUFCQjQA,null,text,null,received,6ca3bef8-d40e-406a-83ac-c184369163f0,null,null,2026-07-08 12:15:28.781666+00,2026-07-08 12:15:28.781666+00
a9a809a3-3739-4b55-9ad4-022992cfd3c1,00000000-0000-0000-0000-000000000001,18788fe2-f6a2-826e-2199-6cec118c6d00,whatsapp,inbound,message,wamid.HBgMOTE5Njk4OTg5MTc1FQIAERgUQ0VGMEFBMDlFMDRFOEZEN0IxNUMA,null,text,null,received,421b1abd-fa3f-43f8-a10b-57eef7cf9e1d,null,null,2026-07-08 15:03:45.285073+00,2026-07-08 15:03:45.285073+00
6bc2b1d8-b436-442e-be43-5bdbde5651ad,00000000-0000-0000-0000-000000000001,18788fe2-f6a2-826e-2199-6cec118c6d00,whatsapp,inbound,message,wamid.HBgMOTE5Njk4OTg5MTc1FQIAERgUQ0UzQkFFNkM4MzczRDBDOTJENkQA,null,text,null,received,72c369a1-5711-44cd-8c27-1d6174df59cd,null,null,2026-07-08 15:03:53.258289+00,2026-07-08 15:03:53.258289+00
b1833386-aaed-433b-9c87-045aaf3efbf9,00000000-0000-0000-0000-000000000001,18788fe2-f6a2-826e-2199-6cec118c6d00,whatsapp,inbound,message,wamid.HBgMOTE5Njk4OTg5MTc1FQIAERgUQ0VEMEJCRTA5QkNDMTlFNDREN0IA,null,text,null,received,68560163-afc9-4556-810b-f736bbd235cf,null,null,2026-07-08 15:04:50.192137+00,2026-07-08 15:04:50.192137+00
e7e12255-086f-41ce-be84-d1b007f59278,00000000-0000-0000-0000-000000000001,18788fe2-f6a2-826e-2199-6cec118c6d00,whatsapp,inbound,message,wamid.HBgMOTE5Njk4OTg5MTc1FQIAERgUQ0VBNUE5QTlBODREQTM3RDNGRkMA,null,text,null,received,21fa0a2c-b5ef-468c-9606-fbe139191777,null,null,2026-07-08 15:05:01.991517+00,2026-07-08 15:05:01.991517+00
e712e950-544d-4f37-a0a3-38f070ffc1ea,00000000-0000-0000-0000-000000000001,18788fe2-f6a2-826e-2199-6cec118c6d00,whatsapp,inbound,message,wamid.HBgMOTE5Njk4OTg5MTc1FQIAERgUQ0VEQjJBNTcyRTNDQjk3RTZERDMA,null,text,null,received,74c652ec-6de9-4e13-9a3e-ce353007dc4a,null,null,2026-07-08 15:05:15.585467+00,2026-07-08 15:05:15.585467+00
2fc290e0-1bc2-46ca-9b6b-a14800e52ebe,00000000-0000-0000-0000-000000000001,c675e97a-0958-0695-90b3-49311eec8fd7,whatsapp,inbound,message,wamid.HBgMOTE4MDAzMzc0NDAyFQIAERgUQ0UyMUQ2NjAyREUzRTIyRDZGQTIA,null,text,null,received,50d17a47-97d9-4ba5-9786-44dfe9019ae4,null,null,2026-07-08 15:13:24.601489+00,2026-07-08 15:13:24.601489+00
97a3272c-1501-48ca-a084-c884394ea4d8,00000000-0000-0000-0000-000000000001,c675e97a-0958-0695-90b3-49311eec8fd7,whatsapp,inbound,message,wamid.HBgMOTE4MDAzMzc0NDAyFQIAERgUQ0VBRUI0RTEwRUU5OUE0RjkxOEUA,null,text,null,received,7c580cbb-2193-4189-8718-55b804415b1e,null,null,2026-07-08 15:13:42.78586+00,2026-07-08 15:13:42.78586+00
27aba5c2-0e27-4837-8b59-039605d1001f,00000000-0000-0000-0000-000000000001,1287ac56-adee-78b5-6a6b-56b3e8dd7d48,whatsapp,inbound,message,wamid.HBgMOTE5MTY0NTk2NTMxFQIAERgUQ0VBRERERUQ1MzI1NjhERkQ5QjMA,null,text,null,received,ec092b86-0e6a-418b-a1d0-4a9ec4348016,null,null,2026-07-09 03:48:48.978862+00,2026-07-09 03:48:48.978862+00
bc607b9d-40b0-4b37-aff7-af5666b53008,00000000-0000-0000-0000-000000000001,1287ac56-adee-78b5-6a6b-56b3e8dd7d48,whatsapp,inbound,message,wamid.HBgMOTE5MTY0NTk2NTMxFQIAERgUQ0U4MERFRjY5NTUxNTk5MDRDNDMA,null,text,null,received,f82f9865-01a6-4e8f-af07-3cb2e4cd9039,null,null,2026-07-09 03:49:14.854552+00,2026-07-09 03:49:14.854552+00
97cc0aa0-7940-48c2-b5ea-dfcf8831ae50,00000000-0000-0000-0000-000000000001,1287ac56-adee-78b5-6a6b-56b3e8dd7d48,whatsapp,inbound,message,wamid.HBgMOTE5MTY0NTk2NTMxFQIAERgUQ0U1QzM1RkUzQzBDRTM0M0RBQ0EA,null,text,null,received,7ec88970-5c38-49ac-8760-62e7edec8de5,null,null,2026-07-09 03:49:55.519296+00,2026-07-09 03:49:55.519296+00
5d04773a-b7eb-4b1d-b6ea-2bd6487a96d0,00000000-0000-0000-0000-000000000001,1287ac56-adee-78b5-6a6b-56b3e8dd7d48,whatsapp,inbound,message,wamid.HBgMOTE5MTY0NTk2NTMxFQIAERgUQ0VBMkJGMDQ0RTdBRjYxNTVDMTQA,null,text,null,received,799b1115-88c3-4263-babb-fb4d364a4904,null,null,2026-07-09 03:50:43.372369+00,2026-07-09 03:50:43.372369+00
a3304822-6b07-4d02-b8ed-3f3d58db036d,00000000-0000-0000-0000-000000000001,d926094a-e5b5-4bc7-af79-7f822211d3f3,whatsapp,inbound,message,wamid.HBgMOTE4ODE5OTgwMDA3FQIAERgUQ0VDODhDNDMyMThENzQ3RUMwNDcA,null,text,null,received,6262bf55-ed84-4bca-86c6-47120ae13309,null,null,2026-07-09 05:19:35.809696+00,2026-07-09 05:19:35.809696+00
f234e54d-f722-4959-9592-e4678f27be75,00000000-0000-0000-0000-000000000001,null,whatsapp,inbound,message,wamid.HBgMOTE3Njk1OTMyODI0FQIAERgUQ0VDMkQ3NTZEN0UzQzY3RTA2QjcA,null,text,null,received,7b0c7758-ac2c-466a-a512-31bf39b39714,null,null,2026-07-09 05:31:40.72393+00,2026-07-09 05:31:40.72393+00
33bb7d57-afc6-46bf-b5e8-ef5e7e52b83c,00000000-0000-0000-0000-000000000001,null,whatsapp,inbound,message,wamid.HBgMOTE3Njk1OTMyODI0FQIAERgUQ0UyNTZDNURFQjNCRUJBQ0YyNTEA,null,text,null,received,27248d7b-e361-4ec4-a347-81a9171f1674,null,null,2026-07-09 05:31:47.887628+00,2026-07-09 05:31:47.887628+00
f02597d0-0119-4994-85a1-ed69a8db43f9,00000000-0000-0000-0000-000000000001,null,whatsapp,inbound,message,wamid.HBgMOTE3Njk1OTMyODI0FQIAERgUQ0U3Mjc0NjZCOTQ4REYyQ0Y0QUMA,null,text,null,received,a770ef78-10f0-44e3-8408-712e40f59a50,null,null,2026-07-09 05:31:51.983901+00,2026-07-09 05:31:51.983901+00
863c3599-4760-487e-beed-e78fb48e6439,00000000-0000-0000-0000-000000000001,null,whatsapp,inbound,message,wamid.HBgMOTE3Njk1OTMyODI0FQIAERgUQ0VERjhDMEU1MzE4Rjk2QTA4QTMA,null,text,null,received,4eb0454d-8f67-47b6-814c-220822759546,null,null,2026-07-09 05:31:53.972042+00,2026-07-09 05:31:53.972042+00
c1575062-b51d-4269-b848-5bbdf49ea019,00000000-0000-0000-0000-000000000001,null,whatsapp,inbound,message,wamid.HBgMOTE3Njk1OTMyODI0FQIAERgUQ0UzRDJFMkMyODJEQTM0NzRENkEA,null,text,null,received,d8db5db8-86e3-4828-b240-8a06e7457db8,null,null,2026-07-09 05:31:54.492674+00,2026-07-09 05:31:54.492674+00
1b6f8eb6-54fb-4e26-8b1f-2575e18fe30c,00000000-0000-0000-0000-000000000001,null,whatsapp,inbound,message,wamid.HBgMOTE3Njk1OTMyODI0FQIAEhggQUNEM0JFMUYzN0NBOEEzRjE3MzQ3NEU0MTNENTI1MzEA,null,text,null,received,8a046ca9-17b9-4a54-b618-bf6fa9975d24,null,null,2026-07-09 06:03:39.273499+00,2026-07-09 06:03:39.273499+00
6110d9d9-2c29-46ab-8db5-1aa342d518ae,null,null,whatsapp,inbound,webhook_unparsed,unparsed-0ab065a6-e3bc-4223-ac8d-28db342ce9e3,null,unknown,null,received,0ce204c3-072a-4ea1-bb78-5fe05b0b9af1,null,payload_shape_not_recognized,2026-07-09 06:41:38.034369+00,2026-07-09 06:41:38.034369+00
ea4c405b-6b08-416d-933c-6acf84903259,00000000-0000-0000-0000-000000000001,a6037691-771e-8146-3714-f9dedb8acbcc,whatsapp,inbound,message,wamid.HBgMOTE3NDIwOTE4NDcxFQIAEhgUNEFBMzA0NjIxNjJFMUQzQ0M2QTkA,null,image,null,received,d950d493-f402-4aec-aae9-1619bb815482,null,null,2026-07-09 06:43:21.416808+00,2026-07-09 06:43:21.416808+00
09981e46-fdac-41dc-982c-5bbfc2f54f42,null,null,whatsapp,inbound,webhook_unparsed,unparsed-40b7b949-0c2f-4d31-920d-b743bbfa83c3,null,unknown,null,received,a900f955-31c3-4023-a436-b2863ca84b7b,null,payload_shape_not_recognized,2026-07-09 07:32:14.333418+00,2026-07-09 07:32:14.333418+00
65e2b559-2d8e-4c7a-a6e4-bf4548405694,null,null,whatsapp,inbound,webhook_unparsed,unparsed-c1be35b9-5d98-4b8a-a8eb-f8e2db14abbe,null,unknown,null,received,915a41c3-834c-4471-9836-74d6b06f8b67,null,payload_shape_not_recognized,2026-07-09 07:32:19.50546+00,2026-07-09 07:32:19.50546+00
7b67408d-95cf-4e47-a364-b2ee28980fb1,null,null,whatsapp,inbound,webhook_unparsed,unparsed-b01cc077-6f04-4780-b881-462d236c0bcc,null,unknown,null,received,e6040a7c-f732-4694-94fd-ff0ae1a3d144,null,payload_shape_not_recognized,2026-07-09 07:41:48.376056+00,2026-07-09 07:41:48.376056+00
d6efd8a1-e463-42e8-866f-14a0f0793936,null,null,whatsapp,inbound,webhook_unparsed,unparsed-d83dccf8-4f13-4971-bbed-cdf6de0baa6e,null,unknown,null,received,d389e582-7b52-4c2a-a825-05b8abb0b0d2,null,payload_shape_not_recognized,2026-07-09 07:41:56.479182+00,2026-07-09 07:41:56.479182+00
44ad47d0-e374-49b2-8b75-f9e3722285c7,00000000-0000-0000-0000-000000000001,9541a16d-d020-eb78-80f1-a4a2d4b7775f,whatsapp,inbound,message,wamid.HBgMOTE5NjYzNjc3MDMyFQIAEhggQUNCRTQxM0E5RThBMUFCM0VFQjM3NkFBRTc4Q0E0ODUA,null,text,null,received,0807dc94-f933-4480-bcd9-d51590055054,null,null,2026-07-09 08:12:53.013975+00,2026-07-09 08:12:53.013975+00
fab9144a-30b6-42d0-a4e0-03a394afa8a5,00000000-0000-0000-0000-000000000001,9541a16d-d020-eb78-80f1-a4a2d4b7775f,whatsapp,inbound,message,wamid.HBgMOTE5NjYzNjc3MDMyFQIAEhggQUMxMUUzRTBBOTcwQThFQzdBQkU4NjVGRUU5QTNCMDYA,null,image,null,received,8d79b85c-793b-4cd4-97b3-c0d6f66a2255,null,null,2026-07-09 08:12:54.51599+00,2026-07-09 08:12:54.51599+00
47615c56-df93-4873-b25d-fcd3d5c463b0,00000000-0000-0000-0000-000000000001,1287ac56-adee-78b5-6a6b-56b3e8dd7d48,whatsapp,inbound,message,wamid.HBgMOTE5MTY0NTk2NTMxFQIAEhgUM0E5QUFGNDdFQzMzNzk0QjkzRjAA,null,text,null,received,2e1ffcb5-4c53-4a4c-a66c-9c2270a9abce,null,null,2026-07-09 08:23:50.362848+00,2026-07-09 08:23:50.362848+00
0317b3d9-e44a-4294-9110-98b203f3e028,null,null,whatsapp,inbound,webhook_unparsed,unparsed-06fda6a3-bb49-4f89-93d6-89b5cd5452ac,null,unknown,null,received,c4b57c83-8fab-4674-9cbb-44b42f4a125c,null,payload_shape_not_recognized,2026-07-09 09:33:29.790622+00,2026-07-09 09:33:29.790622+00
b40698c9-54c5-417a-abe8-47eb381fd373,null,null,whatsapp,inbound,webhook_unparsed,unparsed-43591817-fabd-4acb-9af6-77d69f0f97b3,null,unknown,null,received,6d882b2f-586e-4582-916d-cc27e252e837,null,payload_shape_not_recognized,2026-07-09 09:37:55.589289+00,2026-07-09 09:37:55.589289+00
e07665a0-f19a-4fab-9b0e-d00f9451c5ae,null,null,whatsapp,inbound,webhook_unparsed,unparsed-684957cf-af16-4537-8d27-3025feefb3d1,null,unknown,null,received,416eeb6e-c1fd-48b0-95ce-2b08efc2c08d,null,payload_shape_not_recognized,2026-07-09 09:40:15.9854+00,2026-07-09 09:40:15.9854+00
485e8059-7178-4c00-a288-f04ece0a8fc7,00000000-0000-0000-0000-000000000001,19214e19-efc4-4eea-8118-944c998e3ab6,whatsapp,inbound,message,wamid.HBgMOTE3MzQ5NjAzMDA0FQIAEhggQUNCN0NCNzJCQjYxMkY4QjNENEQzQkE2MzA1MzE5QkYA,null,image,null,received,19285b53-931b-4fd9-b0a7-9fb5f00391cd,null,null,2026-07-09 09:45:25.10647+00,2026-07-09 09:45:25.10647+00
82fce3f1-206b-440e-8196-e429c39eb28c,00000000-0000-0000-0000-000000000001,f9eb9b23-5f60-4ec4-b990-8313323bb759,whatsapp,inbound,message,wamid.HBgMOTE5NzQ3MDM0NDcwFQIAEhgUM0FEOTkxNjkzMkM3NjMwODA0QzUA,null,image,null,received,48a1f1f1-5780-4537-8f3f-4063a677427f,null,null,2026-07-09 09:47:45.067642+00,2026-07-09 09:47:45.067642+00
32b04a9e-c4f5-411f-80c5-392b4db1f686,null,null,whatsapp,inbound,webhook_unparsed,unparsed-c187e9ad-bf97-4397-b634-699bd6e214f2,null,unknown,null,received,32e75bf0-1737-4b78-afe4-32e56eea6864,null,payload_shape_not_recognized,2026-07-09 09:55:22.612901+00,2026-07-09 09:55:22.612901+00
aa788c83-ad5d-445e-8390-45d1e5c8eb0b,00000000-0000-0000-0000-000000000001,c02eb961-2471-c285-9c28-fb9a12aaf70a,whatsapp,inbound,message,wamid.HBgMOTE2MjgyMzAzNDI0FQIAEhggQUM4RjZGNjhFQ0Y5NTE5RDEyQTU3MkZEQTdENzNFMDUA,null,image,null,received,2ab22a30-d173-468d-8605-5018985bde1a,null,null,2026-07-09 09:56:44.045827+00,2026-07-09 09:56:44.045827+00
7ed0462a-0f9e-444a-99b5-3c14e02fa13f,null,null,whatsapp,inbound,webhook_unparsed,unparsed-b2c0cd3d-c86c-43cd-9c24-4955e29b0fcc,null,unknown,null,received,10e8e699-5484-4a95-83b0-bcb2f54abfea,null,payload_shape_not_recognized,2026-07-09 09:58:43.50133+00,2026-07-09 09:58:43.50133+00
59db6f16-f7c8-4cdd-8e54-80877218c449,null,null,whatsapp,inbound,webhook_unparsed,unparsed-7ddd1b4e-8d47-499e-aae2-5e45ed4e18db,null,unknown,null,received,d21b4eb4-7bfb-4957-9e86-cfb44f955ead,null,payload_shape_not_recognized,2026-07-09 10:10:38.045259+00,2026-07-09 10:10:38.045259+00
ef4e4d60-8f37-4aa8-aeac-8864b47193e8,null,null,whatsapp,inbound,webhook_unparsed,unparsed-fa726d98-cd19-4cf5-8568-39f6b630b45e,null,unknown,null,received,4a68fe8d-7a31-42c1-8334-4461a1c4497f,null,payload_shape_not_recognized,2026-07-09 10:12:41.446577+00,2026-07-09 10:12:41.446577+00
089ae146-5d6c-47d9-ab7c-097deef7562f,00000000-0000-0000-0000-000000000001,c09e703c-d287-38c8-d1c1-239145e17df9,whatsapp,inbound,message,wamid.HBgMOTE5ODk1NDM0MDkwFQIAEhgUM0FGNTYzNEY1REFDNzZBNEJGQjMA,null,image,null,received,65ba071b-b1a0-4202-952d-13bf06e7172b,null,null,2026-07-09 10:16:11.143088+00,2026-07-09 10:16:11.143088+00
3359a9c5-5a30-4154-927e-8514afb21b22,00000000-0000-0000-0000-000000000001,284ce00f-b05a-4366-9117-bf73f7449a76,whatsapp,inbound,message,wamid.HBgMOTE4NTEwMDI5ODE0FQIAEhggQUNBNzE3ODQwRUYxNDgzOEU5QTAwODdEQzgyQzk0OEMA,null,image,null,received,5688f901-53e6-44b6-8273-9834032493d6,null,null,2026-07-09 10:22:36.351509+00,2026-07-09 10:22:36.351509+00
8599ed8e-ce8c-4ecf-8e30-1d12699c5e11,null,null,whatsapp,inbound,webhook_unparsed,unparsed-7e9a88b0-683c-4196-85d5-6555cdfe7ab6,null,unknown,null,received,f7131a34-5518-4f99-a048-839dd399426f,null,payload_shape_not_recognized,2026-07-09 10:22:56.892213+00,2026-07-09 10:22:56.892213+00
b7de9006-2205-400d-8313-22b1919daa7e,null,null,whatsapp,inbound,webhook_unparsed,unparsed-6b57e2be-6629-42ac-b678-a62bcd2b93ab,null,unknown,null,received,545d9344-3887-40ee-aaf5-6fee96ebda7a,null,payload_shape_not_recognized,2026-07-09 10:23:14.719749+00,2026-07-09 10:23:14.719749+00
a49c3384-b041-4d8a-8875-c6b1d7b215e6,null,null,whatsapp,inbound,webhook_unparsed,unparsed-8a0db340-6f38-4260-91a3-2b83dd7e1490,null,unknown,null,received,4664103c-1c23-453d-9e4e-2029dc6bc30a,null,payload_shape_not_recognized,2026-07-09 10:25:42.231222+00,2026-07-09 10:25:42.231222+00
57bb7ef1-fcaf-4260-a283-d46a254c50c5,null,null,whatsapp,inbound,webhook_unparsed,unparsed-d0117381-f66f-45f8-8d7d-b3a78f1d771c,null,unknown,null,received,c305ccfc-7364-4d09-b579-41a141a55075,null,payload_shape_not_recognized,2026-07-09 10:25:56.265175+00,2026-07-09 10:25:56.265175+00
a8465149-0039-40e4-bee6-a2ca3728d0aa,null,null,whatsapp,inbound,webhook_unparsed,unparsed-755f110e-32aa-4f76-b68b-4e592caab234,null,unknown,null,received,2c68e78f-0f0e-47aa-acc2-eac758ab575a,null,payload_shape_not_recognized,2026-07-09 10:26:00.133894+00,2026-07-09 10:26:00.133894+00
83a79fbf-9e61-4db4-b064-1195afeb4057,null,null,whatsapp,inbound,webhook_unparsed,unparsed-524eccf9-1188-410e-b075-023391ab39dd,null,unknown,null,received,18d82b58-07fd-43ca-92c0-f772e6b969a5,null,payload_shape_not_recognized,2026-07-09 10:26:04.142361+00,2026-07-09 10:26:04.142361+00
751704bd-bc59-41cd-b98a-c893d2fcab2a,00000000-0000-0000-0000-000000000001,bcf8ffc1-fd5c-f6ab-0453-7a73c73786dd,whatsapp,inbound,message,wamid.HBgMOTE5NjI5NjIyNTcyFQIAEhgUNEEwOUY0RDMwRTE2Njk4RUFBRjYA,null,image,null,received,734d3b1d-d7ad-4165-a003-e379c7d47710,null,null,2026-07-09 10:35:36.555719+00,2026-07-09 10:35:36.555719+00
f8004d7d-d712-4525-9ef6-0f9a5768e52a,null,null,whatsapp,inbound,webhook_unparsed,unparsed-636e4bab-6c7b-403c-b9ec-7f88ac2547d3,null,unknown,null,received,0e8e6bd3-f79e-497b-ab99-5692793a19df,null,payload_shape_not_recognized,2026-07-09 10:54:42.069289+00,2026-07-09 10:54:42.069289+00
c8da4f75-f14c-48b8-974e-f13a1a5987ed,null,null,whatsapp,inbound,webhook_unparsed,unparsed-db80f659-063d-4963-879c-bb856d1bae3a,null,unknown,null,received,54c2fb3f-358f-42f7-af07-150a52978ffe,null,payload_shape_not_recognized,2026-07-09 10:56:54.579333+00,2026-07-09 10:56:54.579333+00
a7cec854-896d-4c41-8617-7691635babe1,00000000-0000-0000-0000-000000000001,82be44de-b1d6-4e48-e6bb-33ec98b83c7d,whatsapp,inbound,message,wamid.HBgMOTE4OTQzMTUwNDE1FQIAEhggQUNFRTdBNEE3RUQyM0UwQTREMTY2RjJDQ0M4QzgxQUUA,null,image,null,received,eb014234-4e2a-42f2-8e98-89e9a4493621,null,null,2026-07-09 11:23:13.105933+00,2026-07-09 11:23:13.105933+00
7914a4a7-e18b-4a70-9e53-d238b3e3e55a,00000000-0000-0000-0000-000000000001,b19dfc6c-a5d5-734c-3d3d-6389c281b3bb,whatsapp,inbound,message,wamid.HBgMOTE3MDEyMjc0NzY0FQIAEhggQUMwOEMzNTExNzUyNDcwM0JCNUJFMkFCM0EwNzk2NjAA,null,image,null,received,04135327-24fb-4eb6-bd6f-f6249b1b476d,null,null,2026-07-09 11:43:53.505158+00,2026-07-09 11:43:53.505158+00
ebfe84eb-29bf-4611-8f06-61d3aa794793,00000000-0000-0000-0000-000000000001,b19dfc6c-a5d5-734c-3d3d-6389c281b3bb,whatsapp,inbound,message,wamid.HBgMOTE3MDEyMjc0NzY0FQIAEhggQUNGNzI0MDIwNjE4NjRBMzRFNDkwQUQ0NUYzREI3RUIA,null,text,null,received,a1392dda-c057-457a-94cb-4cc3aa24566b,null,null,2026-07-09 11:44:17.121212+00,2026-07-09 11:44:17.121212+00
ce59dea8-89dd-4aef-a07e-dd96fef7384a,00000000-0000-0000-0000-000000000001,f59fa4ad-6dca-c7e7-d459-5326609a6412,whatsapp,inbound,message,wamid.HBgMOTE5NzUwNzgzMTEyFQIAEhgUM0FFREEwOTk2MUMzNDU1MjNCMTcA,null,text,null,received,e89185ba-6120-4ce0-883b-2b235e532d4c,null,null,2026-07-09 13:05:40.383472+00,2026-07-09 13:05:40.383472+00
3f55a814-cf68-45d6-857c-07d0083cb470,00000000-0000-0000-0000-000000000001,f59fa4ad-6dca-c7e7-d459-5326609a6412,whatsapp,inbound,message,wamid.HBgMOTE5NzUwNzgzMTEyFQIAEhgUNEFGRkQwQTgzNzk0MjMwMkJDNTQA,null,image,null,received,35a50717-e065-4ef8-b8d8-f1b98e114064,null,null,2026-07-09 13:06:17.810225+00,2026-07-09 13:06:17.810225+00
1d962d78-cb7c-4e3d-8a5c-6f1c1c06bd37,null,null,whatsapp,inbound,webhook_unparsed,unparsed-6fc0e399-38d1-4c88-8a09-80f82dcdda3e,null,unknown,null,received,e4c7fbd5-2343-43ff-87c8-db58d3565956,null,payload_shape_not_recognized,2026-07-10 06:31:15.096289+00,2026-07-10 06:31:15.096289+00
e2822299-6dcd-400e-8643-71d7f322fd9f,00000000-0000-0000-0000-000000000001,d751c131-c1c9-4f5c-88f8-7e4c6cb710b3,whatsapp,inbound,message,wamid.HBgMOTE4ODQwMzY3MzIyFQIAEhggQUMzMTdEMUM4NEI4Mzg4RjU4QjMxNzczQjk1Mjc4N0UA,null,image,null,received,5807cf45-410f-4383-8667-cf0fbd833c9c,null,null,2026-07-10 06:31:56.828956+00,2026-07-10 06:31:56.828956+00
136aacc4-e08b-46fa-8965-40e992b54a43,null,null,whatsapp,inbound,webhook_unparsed,unparsed-f4e9aadd-43be-44b7-9b0f-bbd7ed1fad99,null,unknown,null,received,b3847793-7b40-4ad2-93b8-64025afd70cd,null,payload_shape_not_recognized,2026-07-10 06:57:09.081579+00,2026-07-10 06:57:09.081579+00
49a43d47-27c5-4cc0-b4b2-5c531673a7fd,null,null,whatsapp,inbound,webhook_unparsed,unparsed-cad42092-aa13-421a-bce2-c35f22829a34,null,unknown,null,received,30d5fb12-b4aa-4215-ba32-6b429910a627,null,payload_shape_not_recognized,2026-07-10 07:04:42.589678+00,2026-07-10 07:04:42.589678+00
05c02e1d-946d-486a-912a-df1d4f338294,00000000-0000-0000-0000-000000000001,9653a402-ff75-bbdf-8cc6-1cb0ca01f233,whatsapp,inbound,message,wamid.HBgMOTE3Nzk5MDQ0MTMzFQIAEhgUNEE3OEU4NDhEMzJCQ0I3RTJGN0MA,null,image,null,received,e8c9f584-a3cf-42df-9bfa-f4c3c8cc2d76,null,null,2026-07-10 07:21:30.516019+00,2026-07-10 07:21:30.516019+00
d16cb926-20ae-4351-b162-6ebbdf189510,00000000-0000-0000-0000-000000000001,21e237d1-286e-324e-0cef-45725d629768,whatsapp,inbound,message,wamid.HBgMOTE2Mzg1OTMyODI1FQIAEhggQUM1NkE2NkQzQzc4ODdCQjgyNDgzQjhGQTJCMkY4NzkA,null,image,null,received,f10d097c-afe4-4b8f-b643-f34471f76eaa,null,null,2026-07-10 07:27:01.731173+00,2026-07-10 07:27:01.731173+00
5f49caa8-bf59-4b91-bef2-0c39fe61c924,00000000-0000-0000-0000-000000000001,73715344-908a-b7fa-00cc-34358ffb16f0,whatsapp,inbound,message,wamid.HBgMOTE5ODEwMDMxNjI5FQIAEhgUM0EyQkVEQzQzQUE2M0E3RENENTMA,null,text,null,received,d87a90e2-3107-4207-855d-23d66a695279,null,null,2026-07-10 07:38:45.255619+00,2026-07-10 07:38:45.255619+00
9f150a8b-02a4-439e-af9f-21b36b6ddf52,00000000-0000-0000-0000-000000000001,1287ac56-adee-78b5-6a6b-56b3e8dd7d48,whatsapp,inbound,message,wamid.HBgMOTE5MTY0NTk2NTMxFQIAEhgUNEEwQkQ0NzMzOEY0QzhENjUyMTIA,null,image,null,received,b088323f-ad80-4773-90c9-231e12f39ace,null,null,2026-07-10 10:00:37.17263+00,2026-07-10 10:00:37.17263+00
049b2a0a-ca15-413a-9e43-6e8ddbfcddaa,00000000-0000-0000-0000-000000000001,83af11b3-a274-7404-3265-ec658f74f8cf,whatsapp,inbound,message,wamid.HBgMOTE3MzAzNzQ2MTQ0FQIAEhggQUMwMTc0MEVBRkI2QTUxQUJENEQ4NUUxNDAxN0VCRTQA,null,image,null,received,364e0613-5091-4497-a2db-a81b69e53335,null,null,2026-07-10 10:27:10.298762+00,2026-07-10 10:27:10.298762+00
07bd1761-1c87-40ca-a63a-67d4d7d0cfc8,00000000-0000-0000-0000-000000000001,3b27dc97-dafa-0480-7b61-5549a3ea7eee,whatsapp,inbound,message,wamid.HBgMOTE5NTI2NTE3NzA5FQIAEhggQUM2RTYyNTFCNzFBOTZERkNFOEE5MERGNDY2QjBDQjMA,null,text,null,received,b41726ef-2baf-4d65-9146-18841a51a8bb,null,null,2026-07-10 15:06:11.575987+00,2026-07-10 15:06:11.575987+00
233db3ae-30e1-4fbb-9a8b-ffd78691068b,null,null,whatsapp,inbound,webhook_unparsed,unparsed-132826cf-f7d4-4b0a-80da-674f3741bc70,null,unknown,null,received,23e8aeb0-851d-478e-9d63-8387b5175e10,null,payload_shape_not_recognized,2026-07-11 06:01:12.899937+00,2026-07-11 06:01:12.899937+00
90730996-5d42-458a-b403-a906dc406e35,00000000-0000-0000-0000-000000000001,3b27dc97-dafa-0480-7b61-5549a3ea7eee,whatsapp,inbound,message,wamid.HBgMOTE5NTI2NTE3NzA5FQIAEhggQUMxQ0IwNDk2RjZBNzU4RDQ0NTdFRkFGNTA2MTM3QjYA,null,image,null,received,a23157c7-9f26-4d26-95eb-b8d083a9fa71,null,null,2026-07-11 06:03:13.160776+00,2026-07-11 06:03:13.160776+00
b3609d0e-a0f4-428d-a730-03666dabdce1,00000000-0000-0000-0000-000000000001,3b27dc97-dafa-0480-7b61-5549a3ea7eee,whatsapp,inbound,message,wamid.HBgMOTE5NTI2NTE3NzA5FQIAEhggQUMwMTk3Q0Q0MjBENUE0ODA2RDFENUQ0MkYyRDBFRTQA,null,text,null,received,232734af-9899-4e47-926b-dbb5d2f7f4e3,null,null,2026-07-11 06:03:14.399179+00,2026-07-11 06:03:14.399179+00
c7d512bb-5cce-4252-b352-fe91e07f1733,null,null,whatsapp,inbound,message,wamid.HBgMOTE3NDExNTY3NTE0FQIAEhgSMzM5N0FFNEQ1MDhBNkM0MzEwAA==,null,text,null,received,145c2935-3643-45d1-b8fd-fc64e1c7495f,null,null,2026-07-11 06:03:37.936249+00,2026-07-11 06:03:37.936249+00
79adf634-9cc8-4d63-bd01-dd250adbc7a4,null,null,whatsapp,inbound,webhook_unparsed,unparsed-78d0c7ca-2597-4a67-8fe4-8e8c065ba3b9,null,unknown,null,received,8ee0f4da-8cb8-4cd6-a8e2-7e684f1f0fe6,null,payload_shape_not_recognized,2026-07-11 06:25:06.581943+00,2026-07-11 06:25:06.581943+00
4c2edc70-c9bc-488e-aa28-58a0e5e6dded,null,null,whatsapp,inbound,webhook_unparsed,unparsed-2b2de07b-d13e-4bda-af90-8bdedc303bdb,null,unknown,null,received,0b6f3219-f588-4c14-bdd4-4600273030b5,null,payload_shape_not_recognized,2026-07-11 06:25:20.929789+00,2026-07-11 06:25:20.929789+00
09e1fb50-7bae-4cb9-8689-855bb17c533e,null,null,whatsapp,inbound,webhook_unparsed,unparsed-c24cacca-3fe9-4a86-9820-4ebdc51fac70,null,unknown,null,received,e23a8800-bd49-4275-bc37-749ec8a1cc19,null,payload_shape_not_recognized,2026-07-11 06:27:02.945296+00,2026-07-11 06:27:02.945296+00
1effbc38-aff7-4d26-8659-586ae61136ff,null,null,whatsapp,inbound,webhook_unparsed,unparsed-1afb4d2d-e96d-43b3-a53b-5cc1e0a63943,null,unknown,null,received,27f5ee17-4744-4e3d-8c1e-35835616b82a,null,payload_shape_not_recognized,2026-07-11 06:27:11.900935+00,2026-07-11 06:27:11.900935+00
b9d01d02-6e56-42c8-836b-35feae64363f,null,null,whatsapp,inbound,webhook_unparsed,unparsed-febee877-c24b-4f71-839a-da2ba60ac435,null,unknown,null,received,cd0cbbce-9687-45bf-a89f-5600d6fbcc27,null,payload_shape_not_recognized,2026-07-11 06:27:34.642673+00,2026-07-11 06:27:34.642673+00
375db738-b385-441a-a0d3-c16a06262370,null,null,whatsapp,inbound,webhook_unparsed,unparsed-df449311-eedd-4e3f-a36c-fccc03270a05,null,unknown,null,received,766d166a-5504-4f55-9b86-74388cc0f36a,null,payload_shape_not_recognized,2026-07-11 06:27:34.923251+00,2026-07-11 06:27:34.923251+00
89c01af7-49c5-43de-810b-61d1714ac1e1,null,null,whatsapp,inbound,webhook_unparsed,unparsed-d923d65b-1466-40e7-8d19-b4a152dbc1a6,null,unknown,null,received,32dea83c-96b4-4b74-b9bb-4e8689fc103a,null,payload_shape_not_recognized,2026-07-11 06:27:35.225112+00,2026-07-11 06:27:35.225112+00
ece580d5-bcba-4099-b036-ec7e91e3bbf8,null,null,whatsapp,inbound,webhook_unparsed,unparsed-9554ce03-50c5-41cc-9749-40bc763435bd,null,unknown,null,received,37df2f9f-699e-4394-8fd4-0b96b5f9c85c,null,payload_shape_not_recognized,2026-07-11 06:30:43.262743+00,2026-07-11 06:30:43.262743+00
f12fe6a7-ecf8-443a-8134-44b4f4e5aa6e,00000000-0000-0000-0000-000000000001,bdcc24e3-6077-3ea9-b25e-2747d0f07be7,whatsapp,inbound,message,wamid.HBgMOTE4OTAwNTMxOTQ3FQIAEhggQUM3NkVBMDk4OTVENTdDMUY0MUMxMTZGRTgwRTAyNjcA,null,text,null,received,92bec1a8-82d7-4bd5-b6ac-f87d47bbd44e,null,null,2026-07-11 06:35:03.101587+00,2026-07-11 06:35:03.101587+00
8e12b27a-0b5f-4be5-b579-40c90afac916,00000000-0000-0000-0000-000000000001,3b27dc97-dafa-0480-7b61-5549a3ea7eee,whatsapp,inbound,message,wamid.HBgMOTE5NTI2NTE3NzA5FQIAEhggQUM0NUMyQkQ4MDExODkxMEQwQTQ5OTNFODA2MzdDN0MA,null,text,null,received,af927b4c-32cc-4d4f-94f9-d96c957853f5,null,null,2026-07-11 06:38:25.158278+00,2026-07-11 06:38:25.158278+00
7f0b735c-a34c-48c4-a672-16debded2757,00000000-0000-0000-0000-000000000001,3b27dc97-dafa-0480-7b61-5549a3ea7eee,whatsapp,inbound,message,wamid.HBgMOTE5NTI2NTE3NzA5FQIAEhggQUMzNzVFNENEOENFMjEzQjBDMEFCMkYyRDI0QzkzMjMA,null,text,null,received,e182f4a1-f1fc-4977-9e7e-c901d210bf78,null,null,2026-07-11 06:38:37.092559+00,2026-07-11 06:38:37.092559+00
3c349981-0075-42b2-beff-e1e98c590657,null,null,whatsapp,inbound,webhook_unparsed,unparsed-c5892999-2287-4f8b-a8c7-7fcc7a50a706,null,unknown,null,received,9f50c9af-f46f-4387-aade-5ac886bfeca3,null,payload_shape_not_recognized,2026-07-11 06:43:39.862468+00,2026-07-11 06:43:39.862468+00
00444f3a-d4ff-4261-b751-5c129611a1f6,null,null,whatsapp,inbound,webhook_unparsed,unparsed-bb55974d-7fe0-4c90-a215-e5d83fd3d1b8,null,unknown,null,received,73e30c74-728d-40ae-a140-a10a9d0fc0c7,null,payload_shape_not_recognized,2026-07-11 06:43:50.706793+00,2026-07-11 06:43:50.706793+00
72a860c9-b11e-4d06-93c8-2420a2aeabf6,null,null,whatsapp,inbound,webhook_unparsed,unparsed-ec7fe3cc-feda-44d3-a56c-015a0f0e51cd,null,unknown,null,received,1245e16e-2b7c-4477-94bd-0d3e9af17451,null,payload_shape_not_recognized,2026-07-11 06:44:20.996513+00,2026-07-11 06:44:20.996513+00
7ec9d1e7-80b5-4a5f-a74f-8bcd5b5c6db5,null,null,whatsapp,inbound,webhook_unparsed,unparsed-e593e2ea-dc9c-4308-8805-09cdae9c3870,null,unknown,null,received,8a897b22-6d77-4a15-b24f-8a5aaab31684,null,payload_shape_not_recognized,2026-07-11 06:44:34.695853+00,2026-07-11 06:44:34.695853+00
6999d24c-3d38-4ebb-b120-4df59f904831,null,null,whatsapp,inbound,webhook_unparsed,unparsed-32e49ffc-4938-47f8-b8b7-d394e03a519e,null,unknown,null,received,f7f99239-39c5-44d0-94cc-3cba393b686f,null,payload_shape_not_recognized,2026-07-11 06:44:55.553403+00,2026-07-11 06:44:55.553403+00
26b0f63d-0d1a-48e6-9d85-36e59fb0eb27,null,null,whatsapp,inbound,webhook_unparsed,unparsed-4835d49b-83f7-4ad6-b98b-ba46a589e431,null,unknown,null,received,349b4320-4861-4fc0-ae4a-5f642e62fb8b,null,payload_shape_not_recognized,2026-07-11 06:44:57.264374+00,2026-07-11 06:44:57.264374+00
d4f06800-07fb-444a-b125-8c05fccf27e6,00000000-0000-0000-0000-000000000001,c511ac63-cb7e-1453-92d5-ea4ffba1c360,whatsapp,inbound,message,wamid.HBgMOTE5NTAwMTY0MTI4FQIAEhggQUNGOUM1QkE1MjZGRUY2MkIyNTFDM0M2Q0Y4RTlCQTcA,null,image,null,received,dd6bdc71-bdfa-4feb-9dbc-ea40f072d313,null,null,2026-07-11 08:05:49.773654+00,2026-07-11 08:05:49.773654+00
3f2e8364-e884-4fb4-bd4d-7dd610d2ba9a,00000000-0000-0000-0000-000000000001,c511ac63-cb7e-1453-92d5-ea4ffba1c360,whatsapp,inbound,message,wamid.HBgMOTE5NTAwMTY0MTI4FQIAEhggQUNFMjFFMTVGQTY0MjkyOTRGM0RBMUEzQTAyQkRDQzgA,null,image,null,received,3e84efe0-6b0f-4f3e-abf4-8e84289a979c,null,null,2026-07-11 08:06:37.966018+00,2026-07-11 08:06:37.966018+00
e8dee0e4-834f-4429-96f9-1408089bc9ea,00000000-0000-0000-0000-000000000001,61492721-611b-479f-9815-e09e0d7c95fd,whatsapp,inbound,message,wamid.HBgMOTE5NDk3ODIyMjgwFQIAEhggQUMzMkQyMUZBNjk2MkUzMEJGQzQ5QjUxRkQ5M0RDRjUA,null,text,null,received,6f4d6b2e-bf02-45ef-ad7c-2220969ea934,null,null,2026-07-12 19:06:15.091406+00,2026-07-12 19:06:15.091406+00
7105e7bd-d8f3-405d-b8af-f05498dc5fc3,null,null,whatsapp,inbound,webhook_unparsed,unparsed-bac90d1d-2eea-4a76-aaab-37cb2eefe81d,null,unknown,null,received,8f52be20-1f37-4ef1-90e6-b5b76fcd2dec,null,payload_shape_not_recognized,2026-07-13 05:17:24.228781+00,2026-07-13 05:17:24.228781+00
f610eb47-c2ca-4daf-ad9d-ec4683a4933a,00000000-0000-0000-0000-000000000001,080eae03-9f65-4515-aec2-8924472923dd,whatsapp,inbound,message,wamid.HBgMOTE5NzQ2MzMxNDkwFQIAEhgUNEE0N0ZGM0ZGQzZCQjZBNjQ1NkEA,null,image,null,received,2d01c3ee-28c4-4a7b-8edb-8d25cb174c08,null,null,2026-07-13 05:18:26.636858+00,2026-07-13 05:18:26.636858+00
ef0bd24c-eda9-47f8-81c0-2e26bd338ddf,null,null,whatsapp,inbound,webhook_unparsed,unparsed-97ec069a-1640-4082-92cc-599caea1a27b,null,unknown,null,received,8983f037-bd1b-4d9b-9b0b-813ee45d4acd,null,payload_shape_not_recognized,2026-07-13 05:42:29.475512+00,2026-07-13 05:42:29.475512+00
9abeec31-f81e-4b86-ada4-bb71830b0025,null,null,whatsapp,inbound,webhook_unparsed,unparsed-cfddb2c0-5228-424b-a26b-a69a15767e1d,null,unknown,null,received,e9e6b3db-735c-4177-85a9-0dac063753f0,null,payload_shape_not_recognized,2026-07-13 06:05:42.362794+00,2026-07-13 06:05:42.362794+00
b1d5989b-b77e-4121-beeb-6670d0c32074,00000000-0000-0000-0000-000000000001,71492154-2bd6-41d1-b8b8-3acec9cedd1f,whatsapp,inbound,message,wamid.HBgMOTE3OTcwMzUwNjA0FQIAEhggQUM4QzJEN0I0QzFFNDlEQzQ0QjM2RTY5QTI3OUE5NjgA,null,image,null,received,2c5e29fc-e979-4acb-a471-89e0f76952a5,null,null,2026-07-13 06:14:44.974702+00,2026-07-13 06:14:44.974702+00
ded4804b-4d4a-4a43-89ab-627c1e1250d4,00000000-0000-0000-0000-000000000001,71492154-2bd6-41d1-b8b8-3acec9cedd1f,whatsapp,inbound,message,wamid.HBgMOTE3OTcwMzUwNjA0FQIAEhggQUMyMDk5M0Q3MkMzQTMxQjBBMUY0ODBCNTg0ODkzMkUA,null,image,null,received,deed4b29-267f-4050-9528-c756444bd43a,null,null,2026-07-13 06:19:24.141937+00,2026-07-13 06:19:24.141937+00
4d41dfa5-03d2-4d0f-9da5-59da6cf5baaf,00000000-0000-0000-0000-000000000001,71492154-2bd6-41d1-b8b8-3acec9cedd1f,whatsapp,inbound,message,wamid.HBgMOTE3OTcwMzUwNjA0FQIAEhggQUM1RDBEQjEwQTg0OTdFMTA0MjFCNkZCNzc2OUNGRTAA,null,unknown,null,received,db6bbf34-4b92-43bc-9fad-0ca3ca16d660,null,null,2026-07-13 06:21:31.064552+00,2026-07-13 06:21:31.064552+00
5f8e3bfc-6bad-40c2-8862-ce9d745cd04c,00000000-0000-0000-0000-000000000001,71492154-2bd6-41d1-b8b8-3acec9cedd1f,whatsapp,inbound,message,wamid.HBgMOTE3OTcwMzUwNjA0FQIAEhggQUNEMjBDQUQ5RTdFOEJBRkRDRDlGQzZCQ0E2RkRBQjcA,null,text,null,received,831239f0-9787-4853-8f8c-f4e313eb8e34,null,null,2026-07-13 06:22:26.52974+00,2026-07-13 06:22:26.52974+00
6a1a055e-8bd1-4cc1-84ed-62c72a96a575,null,null,whatsapp,inbound,webhook_unparsed,unparsed-c4ec296f-da6c-417c-bf1c-35ecddb0c84b,null,unknown,null,received,9d8471b8-df6e-4dda-8707-9ede32cff83c,null,payload_shape_not_recognized,2026-07-13 06:24:36.255151+00,2026-07-13 06:24:36.255151+00
c570a16e-5d8e-4fdd-8544-18e4cc495eba,null,null,whatsapp,inbound,webhook_unparsed,unparsed-f654e9d9-e2b8-40c6-856c-578609b5459d,null,unknown,null,received,802567a6-54b5-4b16-8a61-d6cc6355aa20,null,payload_shape_not_recognized,2026-07-13 06:24:36.887665+00,2026-07-13 06:24:36.887665+00
a74cdec0-cc85-494a-9405-7b2c631096c2,00000000-0000-0000-0000-000000000001,71492154-2bd6-41d1-b8b8-3acec9cedd1f,whatsapp,inbound,message,wamid.HBgMOTE3OTcwMzUwNjA0FQIAEhggQUNCRkMxNDVBQTg5MkJDMDMyMURDNDBGRkYyREI0NjAA,null,image,null,received,e61430e5-33e7-4e77-9a1e-9b22b1f2853a,null,null,2026-07-13 06:24:44.579673+00,2026-07-13 06:24:44.579673+00
3ff6ce40-cfcc-46ec-b49d-e643aa83a4ad,00000000-0000-0000-0000-000000000001,1fc0c3bb-f35c-8d5d-a4fa-a9c1723cd8ab,whatsapp,inbound,message,wamid.HBgMOTE3NTk4ODM3NzAyFQIAEhggQUM1QjU3QkZCMTkwNjBFNTRFRkNFNTRDQTMwQzIxNjgA,null,image,null,received,8a409677-0d46-4d4e-a05f-113ca5ef2f82,null,null,2026-07-13 06:37:08.530609+00,2026-07-13 06:37:08.530609+00
6d75491a-4946-46e1-84fb-eb952a289774,00000000-0000-0000-0000-000000000001,71a9340d-9832-4609-a110-d9b5aaffc020,whatsapp,inbound,message,wamid.HBgMOTE5OTEwNDQ2MjQ3FQIAEhgUM0ExNkEyNjA2MjI3NjUzN0JGQkMA,null,image,null,received,7e45b97f-f793-4dc6-ad6e-3d7f93e5e693,null,null,2026-07-13 07:15:17.638706+00,2026-07-13 07:15:17.638706+00
7216689c-1540-476b-ad23-984d8b19e0b5,00000000-0000-0000-0000-000000000001,71a9340d-9832-4609-a110-d9b5aaffc020,whatsapp,inbound,message,wamid.HBgMOTE5OTEwNDQ2MjQ3FQIAEhgUM0E5RUEzMzRGMTEwN0IxMTU4NzgA,null,image,null,received,f698b659-71ec-4724-a8e8-b6259bfa81dd,null,null,2026-07-13 07:15:17.645679+00,2026-07-13 07:15:17.645679+00
bc82acac-5727-4a7c-b0c3-29df48c0e24f,00000000-0000-0000-0000-000000000001,71a9340d-9832-4609-a110-d9b5aaffc020,whatsapp,inbound,message,wamid.HBgMOTE5OTEwNDQ2MjQ3FQIAEhgUM0E1NDQ5MTBGNUUwNkY3QjA1NjcA,null,image,null,received,1591ebfd-5aa5-47a2-9013-735cd54f5f62,null,null,2026-07-13 07:16:16.923237+00,2026-07-13 07:16:16.923237+00
0fcd6041-b23d-4d4c-9d11-a53d261749db,null,null,whatsapp,inbound,webhook_unparsed,unparsed-5232f38d-a777-49f1-a029-4865c1f31171,null,unknown,null,received,59722160-0b9f-4d05-b05b-e37c1d317230,null,payload_shape_not_recognized,2026-07-13 08:28:18.602889+00,2026-07-13 08:28:18.602889+00
567f916b-844d-4f8b-8a0a-82de36b058bd,null,null,whatsapp,inbound,webhook_unparsed,unparsed-412098fe-ab6e-42c9-baba-32f06a15fe8e,null,unknown,null,received,e843ed7b-cd49-488d-806e-4766b21f2fed,null,payload_shape_not_recognized,2026-07-13 08:29:17.295401+00,2026-07-13 08:29:17.295401+00
d34d023e-b189-4907-aebf-c5ad497f5f5e,00000000-0000-0000-0000-000000000001,1604768e-85d5-4c44-882a-b748eddc1f37,whatsapp,inbound,message,wamid.HBgMOTE4OTIxNDUxNDAxFQIAEhggQUNFMTAzREYwNUY2NDlDQUQ3N0EzQUNFMDFFODk0MUQA,null,image,null,received,c7ab00c2-265b-4bfd-8662-f393e5c50c0f,null,null,2026-07-13 10:37:41.704656+00,2026-07-13 10:37:41.704656+00
847e3fed-19f5-4482-812a-fa4b7194354b,00000000-0000-0000-0000-000000000001,edee54e5-b970-ea10-551f-b156c26d8f0a,whatsapp,inbound,message,wamid.HBgMOTE4MDA4MzE4MTYyFQIAEhggQUM4MDIwMzdDNTcxNzM0NkIzMTREQ0M4NzE0REExRDcA,null,text,null,received,bd44faab-ed90-494d-a2c6-9436485198ea,null,null,2026-07-13 12:39:50.700325+00,2026-07-13 12:39:50.700325+00
b92022b1-81ed-41e3-8b1e-e84dabddedb1,00000000-0000-0000-0000-000000000001,61492721-611b-479f-9815-e09e0d7c95fd,whatsapp,inbound,message,wamid.HBgMOTE5NDk3ODIyMjgwFQIAEhggQUNFNDM2RDU4RTE1QjcwMTUwNUQyRTlBODI3OUQ2Q0MA,null,text,null,received,238fc035-248f-4217-9871-083a028f6b50,null,null,2026-07-13 19:00:26.822758+00,2026-07-13 19:00:26.822758+00
0f153132-1369-4a39-b6c9-c4aa6ffe45ea,00000000-0000-0000-0000-000000000001,3b27dc97-dafa-0480-7b61-5549a3ea7eee,whatsapp,inbound,message,wamid.HBgMOTE5NTI2NTE3NzA5FQIAEhggQUM3RjVFMjNEMUI3RTJDREZENTEwNzM3RTAyOUY2RUMA,null,text,null,received,9de82e38-0fe7-45f2-8590-141a3955170e,null,null,2026-07-14 03:38:29.121956+00,2026-07-14 03:38:29.121956+00
b779d31a-b688-4187-83aa-29f560e014b8,00000000-0000-0000-0000-000000000001,3b27dc97-dafa-0480-7b61-5549a3ea7eee,whatsapp,inbound,message,wamid.HBgMOTE5NTI2NTE3NzA5FQIAEhggQUM5NzYzNzkyMzhFNTRDMkJEREE3MEFCNDJDM0EwOUUA,null,image,null,received,ae6660a5-660a-491e-a5cb-07316e2e6fea,null,null,2026-07-14 03:39:29.693307+00,2026-07-14 03:39:29.693307+00
75464125-e814-4baf-9485-e7506188f993,null,null,whatsapp,inbound,message,wamid.HBgMOTE2MzY0OTIyMTk0FQIAEhgSRjkxREMzQkFGRDlCNDY3MEFCAA==,null,text,null,received,a8cc2039-330e-4959-a997-511818f609e9,null,null,2026-07-14 03:53:03.192559+00,2026-07-14 03:53:03.192559+00
67b52f83-6bb3-44da-a59b-dce8cfa32052,00000000-0000-0000-0000-000000000001,73715344-908a-b7fa-00cc-34358ffb16f0,whatsapp,inbound,message,wamid.HBgMOTE5ODEwMDMxNjI5FQIAEhgUNEExMkUyMzUwMzI3ODNCRDRGQzUA,null,image,null,received,dfb3e67d-2d62-42bb-beda-31039f18f222,null,null,2026-07-14 04:34:46.00214+00,2026-07-14 04:34:46.00214+00
5cfe6ee7-381d-4ab8-9c04-a286b0b8b19f,00000000-0000-0000-0000-000000000001,73715344-908a-b7fa-00cc-34358ffb16f0,whatsapp,inbound,message,wamid.HBgMOTE5ODEwMDMxNjI5FQIAEhgUM0FDNjZENDkyRTRBREVCNTIzMkQA,null,text,null,received,f8d9cba0-c2a0-4d27-9cb6-51b16b2c066c,null,null,2026-07-14 04:34:59.486367+00,2026-07-14 04:34:59.486367+00
2084f641-77b4-492c-8961-a12be40e1f7e,00000000-0000-0000-0000-000000000001,961c950e-debe-4dd2-8e5f-08bf92bda977,whatsapp,inbound,message,wamid.HBgMOTE4ODM4MTg3ODA0FQIAEhggQUNGMDAzREUwOEMyQkI5QUJGREEwNkY4NTE4RTJDNkYA,null,image,null,received,0e6630b5-52cb-46ee-9315-2dcc03566e02,null,null,2026-07-14 05:44:25.531477+00,2026-07-14 05:44:25.531477+00
466101bc-b37f-4b39-b930-91861726ad45,null,null,whatsapp,inbound,webhook_unparsed,unparsed-df1a5d25-59b5-4a6f-aa31-774e9a25911a,null,unknown,null,received,ff9c09bd-1c37-4f05-9af9-9b3aa3e65a9e,null,payload_shape_not_recognized,2026-07-14 05:44:32.31751+00,2026-07-14 05:44:32.31751+00
26f2c2d2-4728-4f12-8057-00308459289e,00000000-0000-0000-0000-000000000001,961c950e-debe-4dd2-8e5f-08bf92bda977,whatsapp,inbound,message,wamid.HBgMOTE4ODM4MTg3ODA0FQIAEhggQUNGMjk3QjhDRDlFNThCQTA0MzVFNTlBOUQyODU4NTQA,null,image,null,received,2af4536b-0451-4bc0-8ae8-f4aa596459e0,null,null,2026-07-14 05:49:54.243652+00,2026-07-14 05:49:54.243652+00
a3f31552-454f-4580-adbc-21b1083b0634,null,null,whatsapp,inbound,message,wamid.HBgMOTE2MzY0OTIyMTk0FQIAEhgSNTlEMzk5QUIyQUMxRjRBNDk4AA==,null,text,null,received,ff342686-3a62-4c33-a244-369897481b91,null,null,2026-07-14 05:56:42.362905+00,2026-07-14 05:56:42.362905+00
323f70ff-9787-4429-9e6e-e7710a8e274c,00000000-0000-0000-0000-000000000001,73715344-908a-b7fa-00cc-34358ffb16f0,whatsapp,inbound,message,wamid.HBgMOTE5ODEwMDMxNjI5FQIAEhgUM0E0Qzc1RjVERTA3MTFDMzAwRDQA,null,text,null,received,90988787-0808-406f-b9a5-44ca7cc8f4c4,null,null,2026-07-14 07:35:34.243286+00,2026-07-14 07:35:34.243286+00
edf89f36-e373-46e4-9b34-7bc546c352cb,null,null,whatsapp,inbound,message,wamid.HBgMOTE2MzY0OTIyMTk0FQIAEhgSRjIwNEJCQzk4Rjg5Mjg4NDY2AA==,null,text,null,received,755b15c4-d612-4320-a1ad-69773bd2a4d3,null,null,2026-07-14 10:03:29.457967+00,2026-07-14 10:03:29.457967+00
2fed19ef-dfd3-490a-9d9c-e1fb40859d20,00000000-0000-0000-0000-000000000001,3b02f95a-b47e-1037-4f8a-f2f31e35c98e,whatsapp,inbound,message,wamid.HBgMOTE4Nzc5NDY2NjI0FQIAEhggQUM3MjU3M0QzM0M1QzQ2RTQ5MzE0Mjg3NDA1OUIyQkQA,null,text,null,received,39403990-b145-4be4-8710-ab78dad8c330,null,null,2026-07-14 10:21:02.41858+00,2026-07-14 10:21:02.41858+00
0d5a268d-b666-4766-9b72-cb5f75e7030b,null,null,whatsapp,inbound,webhook_unparsed,unparsed-e35b8b7b-d1be-4599-8a23-f20931f000c4,null,unknown,null,received,5e51c9ec-9e56-449c-a57a-e55364f866b6,null,payload_shape_not_recognized,2026-07-14 11:08:02.257556+00,2026-07-14 11:08:02.257556+00
2089284f-a42b-4aa6-9972-03f06c28f353,null,null,whatsapp,inbound,webhook_unparsed,unparsed-07358712-e9de-4bba-98e0-26304405457a,null,unknown,null,received,0dc1617a-0565-42d4-8990-196270e88747,null,payload_shape_not_recognized,2026-07-14 11:27:07.254165+00,2026-07-14 11:27:07.254165+00
e4617e5d-4490-4d69-94f6-085f3d54a999,null,null,whatsapp,inbound,webhook_unparsed,unparsed-c5928863-a186-4d2c-9d2a-b98484679151,null,unknown,null,received,899d3cc0-2b0c-4a7a-8fbd-8b3707094454,null,payload_shape_not_recognized,2026-07-14 11:27:21.990145+00,2026-07-14 11:27:21.990145+00
2df96b0c-bcc2-4718-a316-1be91df90b0e,null,null,whatsapp,inbound,webhook_unparsed,unparsed-f0cb860b-b3c0-4859-bbc9-375b52594772,null,unknown,null,received,0c2dcbf1-c639-4a64-ac81-dcde7f37708e,null,payload_shape_not_recognized,2026-07-14 11:27:33.664848+00,2026-07-14 11:27:33.664848+00
ee5b5961-e92e-47b3-9ee1-23d959cd5f72,null,null,whatsapp,inbound,message,wamid.HBgMOTE2MzY0OTIyMTk0FQIAEhgSNjRGQ0MyNTk5RDMyNTIyNjI0AA==,null,text,null,received,a783f376-17ed-4703-913b-f24d7e5d396d,null,null,2026-07-14 11:59:17.329665+00,2026-07-14 11:59:17.329665+00
b4df591a-185d-47bd-8821-5ea318dccbcd,00000000-0000-0000-0000-000000000001,edee54e5-b970-ea10-551f-b156c26d8f0a,whatsapp,inbound,message,wamid.HBgMOTE4MDA4MzE4MTYyFQIAEhggQUNFMUQ1NEZEMTQxNUUxMzU3OUUyQjg5RjdENTNBOUEA,null,image,null,received,8c87ffe6-9be5-4e2a-aff1-42edb79f5b68,null,null,2026-07-14 12:03:53.739198+00,2026-07-14 12:03:53.739198+00
e180e604-37e0-4654-90c6-8307f5820a5e,null,null,whatsapp,inbound,message,wamid.HBgMOTE2MzY0OTIyMTk0FQIAEhgSMjFCREIwNzA4NzQ0MzM5REQ2AA==,null,text,null,received,8141d580-f99b-412e-b75c-04da01b9e647,null,null,2026-07-14 15:28:30.576809+00,2026-07-14 15:28:30.576809+00
2c10e844-4538-4d06-b7e2-a43562052d99,00000000-0000-0000-0000-000000000001,61492721-611b-479f-9815-e09e0d7c95fd,whatsapp,inbound,message,wamid.HBgMOTE5NDk3ODIyMjgwFQIAEhggQUM2N0VDNkFFNjNEMjIxRTczNUZGOTBBNjAxOTg1RUIA,null,text,null,received,c299dcbf-182f-4853-9f35-f5d34ac90481,null,null,2026-07-14 19:04:43.13682+00,2026-07-14 19:04:43.13682+00
7058de5c-a28d-4231-a41d-945bff678686,null,null,whatsapp,inbound,message,wamid.HBgMOTE2MzY0OTIyMTk0FQIAEhgSRjA5QTdCNzM5RjQ0MDUyRjU0AA==,null,text,null,received,5caa1a7f-4072-46ee-90c3-bb145ce347ca,null,null,2026-07-15 03:02:13.128038+00,2026-07-15 03:02:13.128038+00
c095c046-b0f7-4c7e-818a-7c903877b8b7,null,null,whatsapp,inbound,message,wamid.HBgMOTE2MzY0OTIyMTk0FQIAEhgSODZBRTAxOTcwNjI5MTBFRDM2AA==,null,text,null,received,1fe750f4-85d4-498b-911c-353af81b75b4,null,null,2026-07-15 05:35:34.086581+00,2026-07-15 05:35:34.086581+00
bacb40c2-734f-4991-8f82-a3e69e5bd44e,00000000-0000-0000-0000-000000000001,5fee0a79-3970-704a-2332-f7c7598e86c1,whatsapp,inbound,message,wamid.HBgMOTE4OTAzMDIyODY2FQIAEhgUM0FFQ0E2RDZGMjg3QTE0OTkxMDQA,null,text,null,received,fdb841e5-15c7-47ee-a30f-09f60ff32dbc,null,null,2026-07-15 07:55:45.262568+00,2026-07-15 07:55:45.262568+00
b7343075-60b0-44d2-ba2d-f23e400ebf9b,null,null,whatsapp,inbound,webhook_unparsed,unparsed-3dc4d588-84c1-4dca-94c7-9d7c0286a5ae,null,unknown,null,received,f0626433-86f9-484b-99ba-ac9446b904c0,null,payload_shape_not_recognized,2026-07-15 07:55:45.878055+00,2026-07-15 07:55:45.878055+00
427c901b-a09e-40cd-aec2-795e86d86ea7,00000000-0000-0000-0000-000000000001,5fee0a79-3970-704a-2332-f7c7598e86c1,whatsapp,inbound,message,wamid.HBgMOTE4OTAzMDIyODY2FQIAEhgUM0EyQTBBQThBQTY4MUEyMUU5RkIA,null,text,null,received,e3d8ad99-7fb0-43af-93d9-a93940a79db2,null,null,2026-07-15 07:55:53.562929+00,2026-07-15 07:55:53.562929+00
2a58acf5-22a0-41b8-80f3-6dc91684ce36,null,null,whatsapp,inbound,webhook_unparsed,unparsed-d074e9c6-c132-40d2-bc09-cbae9bf6a6af,null,unknown,null,received,c1c50ec8-f209-48ea-a5a8-db24ac5273ce,null,payload_shape_not_recognized,2026-07-15 07:56:08.943518+00,2026-07-15 07:56:08.943518+00
5688f977-38c9-4aa8-aa23-4c81611cfb6f,null,null,whatsapp,inbound,webhook_unparsed,unparsed-7e067946-148c-4980-b956-83d21b05c85d,null,unknown,null,received,a505a8da-2382-4293-a123-c0c55eee2a17,null,payload_shape_not_recognized,2026-07-15 07:56:25.475722+00,2026-07-15 07:56:25.475722+00
fcea74ca-acf9-4594-8c06-b96e1cb4609e,00000000-0000-0000-0000-000000000001,5fee0a79-3970-704a-2332-f7c7598e86c1,whatsapp,inbound,message,wamid.HBgMOTE4OTAzMDIyODY2FQIAEhgUM0FDMDVCQzgzNTY1NEUxRkNENTUA,null,image,null,received,298fb117-728a-4cfb-8f63-b47b861eafbf,null,null,2026-07-15 07:58:20.443291+00,2026-07-15 07:58:20.443291+00
a22d5d6b-8bae-4bbb-bbd6-ab950dfadf80,00000000-0000-0000-0000-000000000001,61492721-611b-479f-9815-e09e0d7c95fd,whatsapp,inbound,message,wamid.HBgMOTE5NDk3ODIyMjgwFQIAEhggQUMzQ0EyRTlGNjBCNENDRUZFODU1QTkzQjJDRUM5NzYA,null,image,null,received,fecaddc2-9e55-4484-ae78-7c59d1f001ef,null,null,2026-07-15 08:00:48.755157+00,2026-07-15 08:00:48.755157+00
97f07664-884a-4e4e-9509-efce93c690cf,00000000-0000-0000-0000-000000000001,a467df39-5ec5-465e-a471-e2b54be7bc71,whatsapp,inbound,message,wamid.HBgMOTE4MjgxODk3Mjc1FQIAEhgUM0EzQUNGQURCMzdDNzkyNzlCNjYA,null,text,null,received,b1c48844-c124-48ea-868d-f54eac577f32,null,null,2026-07-15 12:33:08.329181+00,2026-07-15 12:33:08.329181+00
ed7e149c-946d-4887-83d1-f095965255e7,00000000-0000-0000-0000-000000000001,a467df39-5ec5-465e-a471-e2b54be7bc71,whatsapp,inbound,message,wamid.HBgMOTE4MjgxODk3Mjc1FQIAEhgUM0ExMkRCNjcyRUUyMTI0Q0IwQzkA,null,text,null,received,8ac4ab07-728c-4916-af11-bb213ad9a8a2,null,null,2026-07-15 12:33:12.566827+00,2026-07-15 12:33:12.566827+00
9318ee61-16c3-40e7-bc1c-9d9ffb3f6af5,00000000-0000-0000-0000-000000000001,a467df39-5ec5-465e-a471-e2b54be7bc71,whatsapp,inbound,message,wamid.HBgMOTE4MjgxODk3Mjc1FQIAEhgUM0FGMEI3MzRDODhGQkM2MDI5RjYA,null,text,null,received,ac0ae50c-6970-4013-a827-cbbebd0d75cb,null,null,2026-07-15 12:33:21.309438+00,2026-07-15 12:33:21.309438+00
587a6aa3-91e2-4981-9b6b-0bcbbbd70610,null,null,whatsapp,inbound,message,wamid.HBgMOTE2MzY0OTIyMTk0FQIAEhgSNEVBMjM4NjcxRTA4QTdGREUxAA==,null,text,null,received,63645665-232d-45e5-9aa2-c8884b066d16,null,null,2026-07-16 02:41:28.418946+00,2026-07-16 02:41:28.418946+00
00800d10-0013-4fcd-a260-69419109582c,null,null,whatsapp,inbound,message,wamid.HBgMOTE2MzY0OTIyMTk0FQIAEhgSRTNFQTMwQzlEODA1OEQ2RjFDAA==,null,text,null,received,2fb42d21-4a48-4aa2-8509-6a9d00ba3045,null,null,2026-07-16 03:25:42.96058+00,2026-07-16 03:25:42.96058+00
6ded06a5-9cff-4c67-a2ac-ee4015130b2c,null,null,whatsapp,inbound,webhook_unparsed,unparsed-309ed61d-ccb6-47fb-bbc4-62e31874a394,null,unknown,null,received,af713f45-d3de-42fd-9e7c-8f2b9a7ddafe,null,payload_shape_not_recognized,2026-07-16 06:02:19.16846+00,2026-07-16 06:02:19.16846+00
c5a11765-913e-436b-8c51-7a19d536d9ba,null,null,whatsapp,inbound,webhook_unparsed,unparsed-eebd0070-dfec-4af0-906c-a265205a1a8c,null,unknown,null,received,b3b1c469-4b72-4882-810a-9bf60a5d7681,null,payload_shape_not_recognized,2026-07-16 06:03:00.591799+00,2026-07-16 06:03:00.591799+00
da28acc7-513a-48f6-8cc8-30313dfd88a7,00000000-0000-0000-0000-000000000001,1932ea80-c6eb-874e-eca8-12410fa7a608,whatsapp,inbound,message,wamid.HBgMOTE5NjI5NDQ2ODY2FQIAEhggQUNGMkNDRDRGMjc4NzdFNkRBMTM0M0E2QkVBNDg3MUUA,null,text,null,received,490881aa-a3e4-417d-975f-7f6fae8fc1b2,null,null,2026-07-16 06:20:16.948771+00,2026-07-16 06:20:16.948771+00
5ec17e82-6b6e-460c-a940-69050272e799,00000000-0000-0000-0000-000000000001,1932ea80-c6eb-874e-eca8-12410fa7a608,whatsapp,inbound,message,wamid.HBgMOTE5NjI5NDQ2ODY2FQIAEhggQUM4N0Q1NTQxOUE5Mjg1NTkwRkFBNzExQzgzOTZBNDMA,null,text,null,received,acd643c1-07b4-4ff7-a875-1890b573ec29,null,null,2026-07-16 06:20:29.722122+00,2026-07-16 06:20:29.722122+00
64997114-e776-44f8-bfb6-c81124c02d05,00000000-0000-0000-0000-000000000001,04ba1c6f-6c06-819d-9ecc-a0c5f795b922,whatsapp,inbound,message,wamid.HBgMOTE4MDcyNjg0NTc5FQIAEhggQUNFMkZCQzgwQ0YxMzFCOTVEQTFFNEMyRDg5RDhCQjcA,null,text,null,received,98b0194e-612c-45ff-8298-965ef9d7bcd9,null,null,2026-07-16 06:21:13.03304+00,2026-07-16 06:21:13.03304+00
5400be64-8960-4366-9f50-1a74c591508e,00000000-0000-0000-0000-000000000001,b6263381-5732-4544-952b-edde50fdfc28,whatsapp,inbound,message,wamid.HBgMOTE4ODUwMDU5NTY3FQIAEhgUM0I1MkU5RTc2NTg2NzRDM0IzQzQA,null,text,null,received,444e2ffb-d15e-48dc-853b-e3d74fb2d8fc,null,null,2026-07-16 06:23:16.717534+00,2026-07-16 06:23:16.717534+00
4451e48c-d189-4230-9fc8-964b90501591,00000000-0000-0000-0000-000000000001,b0a6f0b5-9fd8-112e-2bfa-24fa8a25779b,whatsapp,inbound,message,wamid.HBgMOTE5NzQ1NDc2ODMyFQIAEhgUM0FCRjQwNzJGRjg5OEY2RjQzOTkA,null,text,null,received,921727db-8dde-4277-b9f3-f2e7f5d37808,null,null,2026-07-16 06:23:50.842465+00,2026-07-16 06:23:50.842465+00
9fd09d46-375e-4741-8b23-671c063beb48,00000000-0000-0000-0000-000000000001,2631ddfd-660e-8719-1876-82cf88e13a60,whatsapp,inbound,message,wamid.HBgMOTE4Mjg5OTE2MTQxFQIAEhggQUM0OTBCQjRDODA2OEUwNjU1NUY4OTFFNTk5QUYwMkMA,null,text,null,received,b1de1355-e6e3-4c57-b817-f33465ec98a0,null,null,2026-07-16 06:26:43.499893+00,2026-07-16 06:26:43.499893+00
84b43eea-f3a9-46d2-8454-e79be754ac90,null,null,whatsapp,inbound,webhook_unparsed,unparsed-3b96b18d-38d0-4063-befa-fd1017270f39,null,unknown,null,received,6fac8645-3708-4a39-9796-ee2206b74956,null,payload_shape_not_recognized,2026-07-16 10:32:15.73221+00,2026-07-16 10:32:15.73221+00
db47e4a5-3978-4994-a3ec-1cd00a9fe67e,null,null,whatsapp,inbound,webhook_unparsed,unparsed-93dd7295-e02f-4e01-9114-37f011d5c8dc,null,unknown,null,received,d90578da-a5d0-4172-ac2e-80e3efd7fc87,null,payload_shape_not_recognized,2026-07-16 10:32:15.739659+00,2026-07-16 10:32:15.739659+00
8f19444d-4492-4896-bc56-6f7a7b54d7a5,null,null,whatsapp,inbound,message,wamid.HBgMOTE2MzY0OTIyMTk0FQIAEhgSMzlCRDE3OTEzMkM2NzY2NjVDAA==,null,text,null,received,442fd4dd-ee95-428d-a15a-70bf9dda3fad,null,null,2026-07-16 12:55:05.68293+00,2026-07-16 12:55:05.68293+00
4e877772-98af-4d11-83d8-833a61150666,null,null,whatsapp,inbound,message,wamid.HBgMOTE2MzY0OTIyMTk0FQIAEhgSNkM4MkExMUU5REM2Q0NGM0ZBAA==,null,text,null,received,ede3dda0-4122-407c-9c03-5b76124baef1,null,null,2026-07-16 14:33:12.860998+00,2026-07-16 14:33:12.860998+00
6f021b5d-3c01-4d08-9480-40c68d3350a0,00000000-0000-0000-0000-000000000001,df5ea39c-c069-5211-271d-f0d3831adefa,whatsapp,inbound,message,wamid.HBgMOTE5OTkwMDQzMTc0FQIAEhggQUMxMzU2RDU1MDNBQTIyMTQzQzQyMzA2QTlDNkIzMjgA,null,image,null,received,c514263d-2f43-473e-99f9-082b684d5127,null,null,2026-07-16 22:35:15.508361+00,2026-07-16 22:35:15.508361+00
1216a439-e883-4e04-a6ab-e6d357c7130e,00000000-0000-0000-0000-000000000001,df5ea39c-c069-5211-271d-f0d3831adefa,whatsapp,inbound,message,wamid.HBgMOTE5OTkwMDQzMTc0FQIAEhggQUNFM0I1N0FFRTA3RTVGRjI0RUQ1MTRENDg5Qjc3RDQA,null,text,null,received,a3b82371-4939-4d27-a63f-3e68602348b2,null,null,2026-07-16 22:35:26.385975+00,2026-07-16 22:35:26.385975+00
59b89157-1a25-40e9-866c-60fdac618c89,00000000-0000-0000-0000-000000000001,01af6f97-6cb1-4799-9476-493b8af42437,whatsapp,inbound,message,wamid.HBgMOTE5NDI4Mjg1NDMyFQIAEhggQUNEQkIzNjdFRkM1RkZEMzFCNTAwNTIxNEY1NTJBNjUA,null,text,null,received,223cb7bf-ef0d-49c6-964b-7be922041bcc,null,null,2026-07-17 00:59:12.085751+00,2026-07-17 00:59:12.085751+00
fcb31c22-298c-4415-966b-2d567b35aafa,00000000-0000-0000-0000-000000000001,01af6f97-6cb1-4799-9476-493b8af42437,whatsapp,inbound,message,wamid.HBgMOTE5NDI4Mjg1NDMyFQIAEhggQUNCMDU1MDZBNDJDRjlCODNEMUQ5M0FCMjNCNjAxQjYA,null,text,null,received,973c0371-45ca-4493-8dc9-a8598e67215d,null,null,2026-07-17 01:00:23.452777+00,2026-07-17 01:00:23.452777+00
419a769b-16f2-4c90-a995-071a72129e93,null,null,whatsapp,inbound,webhook_unparsed,unparsed-77a23fda-b44f-4175-8fea-5d1fa74114b4,null,unknown,null,received,a0531ab1-4336-408a-b770-f2148f661160,null,payload_shape_not_recognized,2026-07-17 06:27:38.567097+00,2026-07-17 06:27:38.567097+00
6adebfef-1759-401e-90e1-2ac5d31e10a3,null,null,whatsapp,inbound,webhook_unparsed,unparsed-37e628d5-6362-43c4-b795-592e3b78930a,null,unknown,null,received,5335a5f8-5728-4ce4-a168-81066870b35a,null,payload_shape_not_recognized,2026-07-17 06:28:20.102771+00,2026-07-17 06:28:20.102771+00
83e7dd62-d411-464b-9d8e-e91ff8a358d7,null,null,whatsapp,inbound,webhook_unparsed,unparsed-a8c9b854-c952-40e2-9a4b-903deae392f8,null,unknown,null,received,bb197ec7-1d8e-4c0e-8f01-58b4f0ed6efc,null,payload_shape_not_recognized,2026-07-17 06:28:43.502215+00,2026-07-17 06:28:43.502215+00
4b8cf84c-6607-4d63-b691-abc8f9c6016c,null,null,whatsapp,inbound,webhook_unparsed,unparsed-589a3a06-4cb9-4a2b-890a-e4db2b86d531,null,unknown,null,received,08ca4f91-0508-4dae-aa86-7c84d500dc3e,null,payload_shape_not_recognized,2026-07-17 06:28:55.199442+00,2026-07-17 06:28:55.199442+00
70939341-9148-43a3-bc77-8f9d18f175bc,00000000-0000-0000-0000-000000000001,be84008a-74d3-3cc1-6fd6-bcef998f7bff,whatsapp,inbound,message,wamid.HBgMOTE4NzU0NzA2NTIzFQIAEhgWM0VCMDM1MURENzhCNTY1QTlFRDg2OAA=,null,text,null,received,a220b9b4-787b-41c3-85bf-f51201cfd351,null,null,2026-07-17 06:35:11.203333+00,2026-07-17 06:35:11.203333+00
5cc66b3c-5202-41cb-b47c-ba0febd843b2,00000000-0000-0000-0000-000000000001,be84008a-74d3-3cc1-6fd6-bcef998f7bff,whatsapp,inbound,message,wamid.HBgMOTE4NzU0NzA2NTIzFQIAEhgWM0VCMDk5ODk4ODEzNjJBRTFFQzMwQwA=,null,text,null,received,e3733a82-a78c-48a8-97d2-b50d656f4930,null,null,2026-07-17 06:35:18.986966+00,2026-07-17 06:35:18.986966+00
66b8f92e-8966-4d34-be2f-07e5d8af4aa6,00000000-0000-0000-0000-000000000001,be84008a-74d3-3cc1-6fd6-bcef998f7bff,whatsapp,inbound,message,wamid.HBgMOTE4NzU0NzA2NTIzFQIAEhgWM0VCMERERDc1RDVFNjlDQTIxQTI5OQA=,null,image,null,received,a32c234e-2ebd-4c68-bbd8-be1321f27df4,null,null,2026-07-17 06:35:35.758902+00,2026-07-17 06:35:35.758902+00
1aa08813-b6b5-467f-b2bb-6fbeac4d33b5,null,null,whatsapp,inbound,webhook_unparsed,unparsed-f4471f3c-8543-4f0a-9f45-11816c4b4da6,null,unknown,null,received,04a8b234-4845-4135-9066-112afb2cf9f6,null,payload_shape_not_recognized,2026-07-17 06:47:22.991024+00,2026-07-17 06:47:22.991024+00
eba06e48-8237-4af6-b812-092a78fc3fdf,00000000-0000-0000-0000-000000000001,284ce00f-b05a-4366-9117-bf73f7449a76,whatsapp,inbound,message,wamid.HBgMOTE4NTEwMDI5ODE0FQIAEhggQUNEQ0Q0N0U4MTc3MUEzN0VGQjVDODA4QzIyRkVCOTIA,null,text,null,received,15a83aaa-37b8-4fe9-a458-ebd638369e68,null,null,2026-07-17 06:54:18.040476+00,2026-07-17 06:54:18.040476+00
5d50b5e0-dfb0-43af-bc21-e8c0e0f0112a,null,null,whatsapp,inbound,webhook_unparsed,unparsed-18a21778-58cc-466b-882e-0e2f491bbee1,null,unknown,null,received,212d2377-d872-4871-9d6f-25ade28732b6,null,payload_shape_not_recognized,2026-07-17 07:05:58.932311+00,2026-07-17 07:05:58.932311+00
6ad7ed10-6aeb-43a0-9184-99dfe003c05a,00000000-0000-0000-0000-000000000001,01af6f97-6cb1-4799-9476-493b8af42437,whatsapp,inbound,message,wamid.HBgMOTE5NDI4Mjg1NDMyFQIAEhggQUNEMUQxMzhGODIwNkJDQzNDNDc0Rjk2NjA0REVCQ0UA,null,text,null,received,4f9ddb2f-c18e-4b44-bd4b-9ee885ab3b51,null,null,2026-07-17 07:06:08.588086+00,2026-07-17 07:06:08.588086+00
39d35841-3000-489e-a234-fe3a4559cf17,null,null,whatsapp,inbound,webhook_unparsed,unparsed-130ccde4-a017-4141-bd16-5073c0da1bfb,null,unknown,null,received,c8d8964f-fd44-4fce-982d-c9e6d8c0a6b1,null,payload_shape_not_recognized,2026-07-17 07:06:54.225768+00,2026-07-17 07:06:54.225768+00
550e5664-51c1-4753-8f5c-e9e341cbd04c,00000000-0000-0000-0000-000000000001,01af6f97-6cb1-4799-9476-493b8af42437,whatsapp,inbound,message,wamid.HBgMOTE5NDI4Mjg1NDMyFQIAEhggQUM0QTNEMkIxRTA2NDc4NUFFQ0VDREJEMjFBRjM3OUUA,null,text,null,received,711acbb9-19d7-4635-bee0-246b13919148,null,null,2026-07-17 07:06:58.735724+00,2026-07-17 07:06:58.735724+00
5c355212-07af-4af9-a1c6-ead6b5006c72,null,null,whatsapp,inbound,webhook_unparsed,unparsed-0d276365-845e-441d-b9f6-121d3b382950,null,unknown,null,received,cc2eef1e-91d9-4d20-98f4-b18140a11753,null,payload_shape_not_recognized,2026-07-17 07:07:11.525596+00,2026-07-17 07:07:11.525596+00
282c2b11-9056-4008-a783-6b92f977d5b3,00000000-0000-0000-0000-000000000001,01af6f97-6cb1-4799-9476-493b8af42437,whatsapp,inbound,message,wamid.HBgMOTE5NDI4Mjg1NDMyFQIAEhggQUM4Q0YzQUQyQjMyMzNGRUFFMDlFREQ3RUI5OTNFNTQA,null,text,null,received,351ab60c-6ca2-462c-8450-f0866d5cd48c,null,null,2026-07-17 07:07:29.941232+00,2026-07-17 07:07:29.941232+00
27b50611-3352-4504-9a10-e4c51bcf8760,null,null,whatsapp,inbound,webhook_unparsed,unparsed-c056f19a-faf7-4c73-b4d3-4b1c8c877b5e,null,unknown,null,received,52da7a87-438c-4076-8ae6-42af007e6320,null,payload_shape_not_recognized,2026-07-17 07:07:36.99154+00,2026-07-17 07:07:36.99154+00
e15d776a-ec26-48a5-9e5e-5c7f9aedfb68,00000000-0000-0000-0000-000000000001,01af6f97-6cb1-4799-9476-493b8af42437,whatsapp,inbound,message,wamid.HBgMOTE5NDI4Mjg1NDMyFQIAEhggQUM3QjQ0NEMwOUFCRjkwMDU2Rjc1RDUyMjExMjBEQjEA,null,text,null,received,9d579e64-9fba-4cee-a48e-d14f5e0b7536,null,null,2026-07-17 07:07:51.573598+00,2026-07-17 07:07:51.573598+00
cd68116b-c98f-4544-a69b-998ba1245e07,null,null,whatsapp,inbound,webhook_unparsed,unparsed-4a0b4e32-860d-463f-8443-7b8f7f8b7ac2,null,unknown,null,received,51982c1e-87a8-420f-8a80-8d47fc2906ed,null,payload_shape_not_recognized,2026-07-17 07:08:10.416556+00,2026-07-17 07:08:10.416556+00
dc37f837-e8ba-4559-aaa7-b261b93d8d44,00000000-0000-0000-0000-000000000001,01af6f97-6cb1-4799-9476-493b8af42437,whatsapp,inbound,message,wamid.HBgMOTE5NDI4Mjg1NDMyFQIAEhggQUMxRjE3NDUyNEJBNEE2OTZBQzc1NzUwMDE1RUNCRTgA,null,text,null,received,07b95916-92a7-45f4-9673-da84543d14ea,null,null,2026-07-17 07:08:27.56662+00,2026-07-17 07:08:27.56662+00
a9cb2074-5dbf-44db-86ea-afc69aa48fcc,null,null,whatsapp,inbound,webhook_unparsed,unparsed-b93b8ef5-c101-4993-afb0-2dfdbf9ba798,null,unknown,null,received,8f78b65e-2876-4f5b-8f68-22300daa55d5,null,payload_shape_not_recognized,2026-07-17 07:12:45.71252+00,2026-07-17 07:12:45.71252+00
0aaec5bd-8a86-48f4-bbd2-2b38bc7d062e,00000000-0000-0000-0000-000000000001,01af6f97-6cb1-4799-9476-493b8af42437,whatsapp,inbound,message,wamid.HBgMOTE5NDI4Mjg1NDMyFQIAEhggQUMxRDQ5MTM2NjU1RTU4OUE0MTkwQ0ZFNkFBMUVDNDgA,null,text,null,received,95253078-618c-4775-8395-07cf380fb3e1,null,null,2026-07-17 07:12:53.765408+00,2026-07-17 07:12:53.765408+00
17bb43e0-5b53-411f-9334-ef4994156430,00000000-0000-0000-0000-000000000001,01af6f97-6cb1-4799-9476-493b8af42437,whatsapp,inbound,message,wamid.HBgMOTE5NDI4Mjg1NDMyFQIAEhggQUNGMjFCMzkyREQ2QzdENzFDNUZGMzBDQTk1RDc5RDUA,null,text,null,received,b841fc29-c357-4791-83c4-3ec1bac93ceb,null,null,2026-07-17 07:12:58.797638+00,2026-07-17 07:12:58.797638+00
8e0cfa52-7429-440e-ab0c-3ff8c52729af,null,null,whatsapp,inbound,webhook_unparsed,unparsed-8ba29c15-42b9-4246-871a-5ce5a7dc571e,null,unknown,null,received,bbcb5b17-68e1-4589-a365-ea5d685bc72d,null,payload_shape_not_recognized,2026-07-17 07:13:06.208299+00,2026-07-17 07:13:06.208299+00
5e5ae6d8-98f0-48b2-a1c9-087ce3a11fd1,00000000-0000-0000-0000-000000000001,01af6f97-6cb1-4799-9476-493b8af42437,whatsapp,inbound,message,wamid.HBgMOTE5NDI4Mjg1NDMyFQIAEhggQUNFNEE3N0U4NjQyRTAxNjQwQjhEOTYwMERFNjc4MjYA,null,text,null,received,673daeda-f2f3-4d7a-95c9-040f3599bde2,null,null,2026-07-17 07:13:10.610758+00,2026-07-17 07:13:10.610758+00
1916b89c-cde3-400c-98ea-496083463a4b,null,null,whatsapp,inbound,webhook_unparsed,unparsed-d9c8af17-a21b-415e-9552-71e14909a8ff,null,unknown,null,received,3491dce6-1087-444d-b3e6-91a16733f6cc,null,payload_shape_not_recognized,2026-07-17 07:13:32.005579+00,2026-07-17 07:13:32.005579+00
e1812870-928c-417c-aa28-07f5f6bfbdbe,00000000-0000-0000-0000-000000000001,01af6f97-6cb1-4799-9476-493b8af42437,whatsapp,inbound,message,wamid.HBgMOTE5NDI4Mjg1NDMyFQIAEhggQUMzNTQ2NjhCRTM4QUE4MDEzOUQ0QkQwQkM4RjQ2MDUA,null,text,null,received,4efdb2dd-f2d9-47a2-8f62-f4f38dc04f18,null,null,2026-07-17 07:13:35.828253+00,2026-07-17 07:13:35.828253+00
0c1b0bea-8192-4b40-b7e2-f558ca9da043,00000000-0000-0000-0000-000000000001,01af6f97-6cb1-4799-9476-493b8af42437,whatsapp,inbound,message,wamid.HBgMOTE5NDI4Mjg1NDMyFQIAEhggQUNBQzZGMUU2NDk3MEFBN0MxNDNFRjVCRDY3NUU3RTAA,null,text,null,received,73a58355-47f7-48a3-b29b-6aede8be8842,null,null,2026-07-17 07:13:39.109136+00,2026-07-17 07:13:39.109136+00
19432725-3cf9-4348-b803-6f07bea72d30,00000000-0000-0000-0000-000000000001,01af6f97-6cb1-4799-9476-493b8af42437,whatsapp,inbound,message,wamid.HBgMOTE5NDI4Mjg1NDMyFQIAEhggQUNDMTRGMTMwNEYwQkQyMEM0NTJCMEJCODAyNUQzQjYA,null,text,null,received,524fd3a9-1d27-400e-9f52-89fe29ab634f,null,null,2026-07-17 07:13:45.73817+00,2026-07-17 07:13:45.73817+00
c3571340-15af-4e24-b65b-e20539262046,null,null,whatsapp,inbound,webhook_unparsed,unparsed-d234fb42-4bc9-48da-8049-03eaf1ce3814,null,unknown,null,received,1cb27ebb-13da-44e0-992d-b1461579bb95,null,payload_shape_not_recognized,2026-07-17 07:52:32.276521+00,2026-07-17 07:52:32.276521+00
d5b6aa92-7e7b-4115-a18b-6dc427718b2f,00000000-0000-0000-0000-000000000001,01af6f97-6cb1-4799-9476-493b8af42437,whatsapp,inbound,message,wamid.HBgMOTE5NDI4Mjg1NDMyFQIAEhggQUNEMDI2NjkyMzM3RDg3OTY2Qjg1Rjc4QjA3NkRDN0MA,null,text,null,received,5da10865-b154-4b2f-8170-9a509a65d63f,null,null,2026-07-17 07:52:41.28986+00,2026-07-17 07:52:41.28986+00
ea3d7df4-942f-47e2-ae62-9ba87cc6ffe6,null,null,whatsapp,inbound,webhook_unparsed,unparsed-9cdf3a94-1cf9-498c-be5f-eff2c1a5c012,null,unknown,null,received,50b77e60-9a8e-4133-ba88-d509411cfd73,null,payload_shape_not_recognized,2026-07-17 07:54:37.928525+00,2026-07-17 07:54:37.928525+00
a2975620-69fe-48b2-9b7c-060247258382,null,null,whatsapp,inbound,webhook_unparsed,unparsed-45889cb3-120c-4b93-8aa3-18f817d5e313,null,unknown,null,received,55687ab2-3a84-4c6a-aa8c-7a4fc1f13726,null,payload_shape_not_recognized,2026-07-17 07:54:51.794465+00,2026-07-17 07:54:51.794465+00
b7722086-6a89-4c36-9fd6-ba2f51e91527,null,null,whatsapp,inbound,webhook_unparsed,unparsed-7ebc8194-e89d-40e7-822c-3f5e44a69cac,null,unknown,null,received,5bda6a07-d735-4c5f-9aef-0c1cdc9f3fca,null,payload_shape_not_recognized,2026-07-17 07:55:07.245847+00,2026-07-17 07:55:07.245847+00
9b30b19d-1b29-4d8c-b6f1-17fd510da977,00000000-0000-0000-0000-000000000001,e0174322-3fb7-483f-91a0-61b903ae3e49,whatsapp,inbound,message,wamid.HBgMOTE3ODkwNzA3MzI2FQIAEhgWM0VCMDk5RkJCNEIwMzdGMEEzMDU4NwA=,null,text,null,received,b258828d-21dc-44d2-9e84-9bed60a8c7b4,null,null,2026-07-17 07:56:09.771712+00,2026-07-17 07:56:09.771712+00
ac22e122-b3a9-4767-bd48-2498025e1305,00000000-0000-0000-0000-000000000001,01af6f97-6cb1-4799-9476-493b8af42437,whatsapp,inbound,message,wamid.HBgMOTE5NDI4Mjg1NDMyFQIAEhggQUNEODIwODFBQkFBQUJGRDhGRTUxRkMwMDdGMERDMUUA,null,text,null,received,b617e71c-bc78-41a5-be94-b3dbf3c536c3,null,null,2026-07-17 09:13:19.319526+00,2026-07-17 09:13:19.319526+00
241ae0b4-f811-4041-ac3a-411c69eb26b5,null,null,whatsapp,inbound,message,wamid.HBgMOTE2MzY0OTIyMTk0FQIAEhgSNjE3MkUwRDY1NEU0QjI5MDNFAA==,null,text,null,received,f2eb04e2-9d81-4b00-960e-8f3aa87405ae,null,null,2026-07-17 09:36:43.655942+00,2026-07-17 09:36:43.655942+00
79c5d5b7-fb04-43b8-9ec6-5fb7ad5b8454,00000000-0000-0000-0000-000000000001,284ce00f-b05a-4366-9117-bf73f7449a76,whatsapp,inbound,message,wamid.HBgMOTE4NTEwMDI5ODE0FQIAEhggQUMzRjVCNkU5QTcwRURERDQyODY4OThFNUE1Nzk3QTMA,null,text,null,received,2395bb9a-108a-4bb5-8f5e-278611a36f2d,null,null,2026-07-17 10:10:53.518471+00,2026-07-17 10:10:53.518471+00
423d7b25-2fb0-4330-9549-4eee95ab8d20,00000000-0000-0000-0000-000000000001,01af6f97-6cb1-4799-9476-493b8af42437,whatsapp,inbound,message,wamid.HBgMOTE5NDI4Mjg1NDMyFQIAEhggQUMzQzlCRkFDRTczRTQzMUMwNUQxNDFCRjJBMjgxRUMA,null,text,null,received,8709ddde-cf55-47ed-8ff8-f9694bb4c76c,null,null,2026-07-17 10:18:08.866805+00,2026-07-17 10:18:08.866805+00
0f64b816-00c4-4e3a-83e0-35afb8e883cb,null,null,whatsapp,inbound,webhook_unparsed,unparsed-68719f88-ed87-4b5c-9e59-e7344e09dc11,null,unknown,null,received,93f52f87-4471-43d5-a9fc-53a9c1fc1c37,null,payload_shape_not_recognized,2026-07-17 11:44:51.535933+00,2026-07-17 11:44:51.535933+00
ef79e188-c21d-42cd-8fcf-8ad622ad0dba,null,null,whatsapp,inbound,webhook_unparsed,unparsed-7ddeecd2-7311-43e6-a53b-53e96bdc27f0,null,unknown,null,received,633228eb-e9fe-4411-95a1-84096649adb7,null,payload_shape_not_recognized,2026-07-17 11:47:52.882603+00,2026-07-17 11:47:52.882603+00
1d0a03d5-bb04-4604-b391-1d60cd899853,null,null,whatsapp,inbound,webhook_unparsed,unparsed-5acbe585-4b96-4c6a-ba30-f952610c4ead,null,unknown,null,received,c06ffee1-55b7-4288-8be5-33cf6c9f689b,null,payload_shape_not_recognized,2026-07-17 11:47:58.166213+00,2026-07-17 11:47:58.166213+00
b601613e-df86-4bf5-9ab7-36cdf568f982,null,null,whatsapp,inbound,webhook_unparsed,unparsed-3ca3d93b-f613-476b-95ae-f19191b2e721,null,unknown,null,received,a482b4a4-a966-43f5-ae83-f9b8c82e5b76,null,payload_shape_not_recognized,2026-07-17 11:48:13.342757+00,2026-07-17 11:48:13.342757+00
a8f85359-7e75-448b-b15b-4ccc4d9fbcc3,00000000-0000-0000-0000-000000000001,01af6f97-6cb1-4799-9476-493b8af42437,whatsapp,inbound,message,wamid.HBgMOTE5NDI4Mjg1NDMyFQIAEhggQUMxNTEzMjNDMjkzMzY5MDRFODNDMzcwQTEyMDFCMDIA,null,text,null,received,c3a03ee4-0faf-4dcb-baf2-dd103c8a5eac,null,null,2026-07-17 11:48:23.80578+00,2026-07-17 11:48:23.80578+00
cd4f56e2-43f0-4a04-98eb-5f152d8f4aa9,null,null,whatsapp,inbound,webhook_unparsed,unparsed-93a36469-89db-4db4-bbb9-95b93e5427c4,null,unknown,null,received,131f917f-bc2c-4a97-89fd-0c1fc55dfc54,null,payload_shape_not_recognized,2026-07-17 11:55:44.168961+00,2026-07-17 11:55:44.168961+00
53cb7833-83a6-429d-a179-e1d1667b4f41,null,null,whatsapp,inbound,webhook_unparsed,unparsed-8305c2ee-75c9-427f-a462-00ed48f77804,null,unknown,null,received,64fd7161-6898-4038-9a5c-a79a4b48e247,null,payload_shape_not_recognized,2026-07-17 11:55:51.68802+00,2026-07-17 11:55:51.68802+00
c49497f4-183f-431d-9e56-e3aaba5bf8db,null,null,whatsapp,inbound,webhook_unparsed,unparsed-bb136e53-d21a-4c5b-a8aa-d9fe72a01695,null,unknown,null,received,bde592cf-683b-45d6-8ca1-fec25a0c6a46,null,payload_shape_not_recognized,2026-07-17 11:56:19.187982+00,2026-07-17 11:56:19.187982+00
e17649a5-c044-4f57-b8a6-2708b5473ae3,null,null,whatsapp,inbound,webhook_unparsed,unparsed-9903131b-94dc-4086-9b1b-4cbe8a8056bd,null,unknown,null,received,d4bc864c-adcf-4083-8505-7f7dbe3adb02,null,payload_shape_not_recognized,2026-07-17 11:56:43.140208+00,2026-07-17 11:56:43.140208+00
da199aa5-5f34-4cf7-aa74-701a6f224e71,null,null,whatsapp,inbound,webhook_unparsed,unparsed-a6bb6e55-f14f-4ff2-9906-151477736c2f,null,unknown,null,received,e664e291-9b2a-405a-9b24-7e8f2da9974a,null,payload_shape_not_recognized,2026-07-17 11:57:11.833754+00,2026-07-17 11:57:11.833754+00
ab7b805d-9a4e-4126-bb77-ac471d54a4b7,00000000-0000-0000-0000-000000000001,284ce00f-b05a-4366-9117-bf73f7449a76,whatsapp,inbound,message,wamid.HBgMOTE4NTEwMDI5ODE0FQIAEhggQUM3NEI5MENGRkZGQzBENUFBQjBCMTFGNkZFRkFFRTEA,null,text,null,received,64f14609-6eaf-45fb-8b25-2fdbb9f901a5,null,null,2026-07-17 12:10:53.316317+00,2026-07-17 12:10:53.316317+00
f7380acb-840c-424a-bdec-b5dbd61267c1,null,null,whatsapp,inbound,webhook_unparsed,unparsed-4caf46c5-b3c9-467b-a2a8-b603280f2506,null,unknown,null,received,9f0de796-5507-4633-b133-8711d74169f5,null,payload_shape_not_recognized,2026-07-18 05:45:30.774212+00,2026-07-18 05:45:30.774212+00
80b6c0d2-4a66-4129-9a45-7121ac71a183,null,null,whatsapp,inbound,webhook_unparsed,unparsed-08fb542c-f4a7-4195-8f84-de792830b922,null,unknown,null,received,9267c1a8-9472-4cea-a186-ce6293cd98e1,null,payload_shape_not_recognized,2026-07-18 05:45:49.800556+00,2026-07-18 05:45:49.800556+00
4c93d6c9-a9c7-4e61-96a4-cd7658843daa,00000000-0000-0000-0000-000000000001,be84008a-74d3-3cc1-6fd6-bcef998f7bff,whatsapp,inbound,message,wamid.HBgMOTE4NzU0NzA2NTIzFQIAEhgUNEE2NUUxNEEwM0ZCMjY0QTdBMTYA,null,image,null,received,e3ceb929-fdb5-4367-9707-c176623b7bac,null,null,2026-07-18 05:48:15.474181+00,2026-07-18 05:48:15.474181+00
b84e76c5-0479-4298-9df2-99621e6f3cad,00000000-0000-0000-0000-000000000001,be84008a-74d3-3cc1-6fd6-bcef998f7bff,whatsapp,inbound,message,wamid.HBgMOTE4NzU0NzA2NTIzFQIAEhgUM0FFMEE2NkNCMDU0MjczREYzOEEA,null,text,null,received,acb0cc43-2094-47cb-afc3-8bd52322ae07,null,null,2026-07-18 05:48:23.977219+00,2026-07-18 05:48:23.977219+00
2890d27f-c9b9-49a2-a704-77960346b3e3,00000000-0000-0000-0000-000000000001,e0174322-3fb7-483f-91a0-61b903ae3e49,whatsapp,inbound,message,wamid.HBgMOTE3ODkwNzA3MzI2FQIAEhggQUMwQzEwMjkwQ0MyQ0ZCMDYwMjhBQUY1QUUwQTkwRDMA,null,text,null,received,f2502c28-47cb-4eaa-8bb9-5ab5f2f7e41e,null,null,2026-07-18 12:42:14.336244+00,2026-07-18 12:42:14.336244+00
08d96b07-2a32-4a3e-a753-b5c824aae0b8,00000000-0000-0000-0000-000000000001,01af6f97-6cb1-4799-9476-493b8af42437,whatsapp,inbound,message,wamid.HBgMOTE5NDI4Mjg1NDMyFQIAEhggQUM2NThEODM1MzE3RDc4RUI0RjUxOUNEOEI4QUNBOUUA,null,text,null,received,b4986c49-dd5d-46d9-9061-a776be83ee88,null,null,2026-07-18 16:00:31.873853+00,2026-07-18 16:00:31.873853+00
3892072a-3f07-4796-8510-a467cec1913f,00000000-0000-0000-0000-000000000001,01af6f97-6cb1-4799-9476-493b8af42437,whatsapp,inbound,message,wamid.HBgMOTE5NDI4Mjg1NDMyFQIAEhggQUNCMkM5NDJGMzlFOTJBNzRFREQ3QzBEOUVFMkU3MkQA,null,text,null,received,96e447ca-c666-4dfe-9c89-a2598c186cbc,null,null,2026-07-18 16:00:53.632115+00,2026-07-18 16:00:53.632115+00
c084614e-979b-41c7-b06e-e11f28ef3e52,null,null,whatsapp,inbound,message,wamid.HBgMOTE4ODY2NDUzMTA0FQIAEhgUM0FBODUzMkU0REExMEY2RTBCNjUA,null,text,null,received,1dc10b3e-9ebd-467e-a544-dcd4d893342d,null,null,2026-07-18 17:20:35.082972+00,2026-07-18 17:20:35.082972+00
84442a5e-1615-45d8-a496-2737b9bb383d,null,null,whatsapp,inbound,message,wamid.HBgMOTE2MzY0OTIyMTk0FQIAEhgSRDNEQTNDRTdBMEVBOTQ2N0Y5AA==,null,text,null,received,8afe0b9e-4b27-4e82-894f-707cd5a1d223,null,null,2026-07-19 03:00:13.806014+00,2026-07-19 03:00:13.806014+00
5f7fe941-e735-4670-9ba4-e50eb41ebbda,null,null,whatsapp,inbound,message,wamid.HBgMOTE2MzY0OTIyMTk0FQIAEhgSRTJGMjE5QjBBOUM3REUxRTRFAA==,null,text,null,received,c270ca41-424b-455b-bae1-851787617a76,null,null,2026-07-19 04:45:52.506478+00,2026-07-19 04:45:52.506478+00
f40467e4-7599-41a2-9f4e-c4680f2c493e,null,null,whatsapp,inbound,message,wamid.HBgMOTE2MzY0OTIyMTk0FQIAEhgSOEJERDA5MjE1N0UyOTRFQUM3AA==,null,text,null,received,6330df56-303c-4268-90d8-edc4ce7cb8bd,null,null,2026-07-19 04:47:20.537484+00,2026-07-19 04:47:20.537484+00
4b1dd1a5-94de-43b8-a2e4-4620649eedd3,null,null,whatsapp,inbound,message,wamid.HBgMOTE2MzY0OTIyMTk0FQIAEhgSNzRCMzE0NUFBQ0Y4MkZBRTRDAA==,null,text,null,received,f76c0854-07f2-41ec-8cb3-25d0c357a606,null,null,2026-07-19 12:09:42.550817+00,2026-07-19 12:09:42.550817+00
6b7ec921-36d0-4286-8702-df25a5edde5c,null,null,whatsapp,inbound,message,wamid.HBgMOTE2MzY0OTIyMTk0FQIAEhgSQzE1MTIwMUQwMDI1MzZBN0Q2AA==,null,text,null,received,c02e414c-e988-41ae-80e1-f62ac9aacf86,null,null,2026-07-20 02:33:22.829082+00,2026-07-20 02:33:22.829082+00
749a8923-b14a-4a88-846a-4f9def88e22e,00000000-0000-0000-0000-000000000001,01af6f97-6cb1-4799-9476-493b8af42437,whatsapp,inbound,message,wamid.HBgMOTE5NDI4Mjg1NDMyFQIAEhggQUM5NDM3MTYyRDAxOUQ5RDgzRDkwODNDRDdEQkVFQjcA,null,text,null,received,b1090898-f8c3-4aab-8821-d9e91b4a1025,null,null,2026-07-20 05:35:21.80548+00,2026-07-20 05:35:21.80548+00
3ebf929c-0454-4aaf-b0d0-da117da5ecda,null,null,whatsapp,inbound,webhook_unparsed,unparsed-0291ff57-c2b2-4a60-8e19-97b2f4224609,null,unknown,null,received,9a14700e-d779-4de9-a751-0ec80bd287dd,null,payload_shape_not_recognized,2026-07-20 05:45:06.956805+00,2026-07-20 05:45:06.956805+00
b38ff6fe-2995-4d73-943c-7dd63c838a91,00000000-0000-0000-0000-000000000001,918b6526-10a3-4e0e-b3d8-7862211d2485,whatsapp,inbound,message,wamid.HBgMOTE4OTQwNTI0NTk5FQIAEhggQUNCMkI0REY4OEIwMTJGRjcwQUREQ0VCMTM2QzdEQUEA,null,text,null,received,a74f67df-f64b-4242-8d0b-cf7837fa74c5,null,null,2026-07-20 05:48:16.747398+00,2026-07-20 05:48:16.747398+00
43e4e0e8-843d-4431-982f-0f7509a09a19,null,null,whatsapp,inbound,message,wamid.HBgMOTE2MzY0OTIyMTk0FQIAEhgSQUEzRjkwM0M3OEQyMTE0MkU3AA==,null,text,null,received,20f5f88d-0199-4a25-8c4a-7ae7026a1f55,null,null,2026-07-20 06:11:55.39819+00,2026-07-20 06:11:55.39819+00
51c641f7-bd8c-422a-b114-2fa241c8a535,null,null,whatsapp,inbound,message,wamid.HBgMOTE2MzY0OTIyMTk0FQIAEhgSRDU0RTU4MDMwRDlFQUI5NkEwAA==,null,text,null,received,9885d29e-5d88-41a7-988d-6c9f59b347ab,null,null,2026-07-20 10:02:38.319128+00,2026-07-20 10:02:38.319128+00
041ccc6c-601e-45a5-9a89-0e3423dd4a0b,00000000-0000-0000-0000-000000000001,e6dde6a9-4da9-d1a2-802a-faf5db207e8e,whatsapp,inbound,message,wamid.HBgMOTE4NDIwNzkwNzkyFQIAEhggQUMwRDIwOUNDQUZCNkZFOEI5NkM1MDY5MUUyQ0I4QTIA,null,text,null,received,242fa450-8130-405e-844f-5eab10d30266,null,null,2026-07-20 13:13:40.57875+00,2026-07-20 13:13:40.57875+00
a607d8e9-3d3e-4ee8-985e-9f90f91dc444,null,null,whatsapp,inbound,message,wamid.HBgMOTE5Mzg0MTk4OTAyFQIAEhggQUNCMzBFMENGMjUwQkM2MzAxOEVGQTRENUQ5ODg0QjgA,null,text,null,received,29d562df-2405-4c67-98d1-76b82a2b1d32,null,null,2026-07-20 13:26:39.093271+00,2026-07-20 13:26:39.093271+00
96f11fe3-d3b9-4f60-a270-c2244240f595,00000000-0000-0000-0000-000000000001,3b27dc97-dafa-0480-7b61-5549a3ea7eee,whatsapp,inbound,message,wamid.HBgMOTE5NTI2NTE3NzA5FQIAEhggQUM0MDI1MTE0OURDOENGODI4MDM2QTY4REFGNUU4QjkA,null,text,null,received,fd62d752-b500-4d52-a564-f58cde44b237,null,null,2026-07-20 14:13:45.486569+00,2026-07-20 14:13:45.486569+00
27e6e82f-63ff-4fba-82ed-4909d939caf4,00000000-0000-0000-0000-000000000001,3b27dc97-dafa-0480-7b61-5549a3ea7eee,whatsapp,inbound,message,wamid.HBgMOTE5NTI2NTE3NzA5FQIAEhggQUNGRTIwOTREQURFNUU4NEU2NEYxRTZEQUI1REYyNzUA,null,text,null,received,2b3d6903-833f-4923-a8f2-c68f08d12b0b,null,null,2026-07-20 14:19:56.069352+00,2026-07-20 14:19:56.069352+00
44923749-b7fd-4fb9-882c-60a95f28a92b,null,null,whatsapp,inbound,message,wamid.HBgMOTE2MzY0OTIyMTk0FQIAEhgSMTFBMDIwNEI4RDM0ODMwNzRGAA==,null,text,null,received,f2202441-947d-4fa9-a9a1-e2b97056a881,null,null,2026-07-21 02:35:54.441981+00,2026-07-21 02:35:54.441981+00
673e450d-0726-4693-8a7e-bd895a8a1e49,00000000-0000-0000-0000-000000000001,22a9494d-0e02-6fba-4aee-7947f1e6110b,whatsapp,inbound,message,wamid.HBgMOTE5ODQ0Mjg1MzAwFQIAEhggQUMwMTMzRDMzODQ3RTMzMEZERUM2M0RBRUFBMzkxNzcA,null,image,null,received,0cefb5f7-3d1f-44f6-b159-118f16652a6e,null,null,2026-07-21 06:04:19.496139+00,2026-07-21 06:04:19.496139+00
30521a50-8f91-4f90-9404-81ac45c99826,00000000-0000-0000-0000-000000000001,6e29f80e-ffb7-4c7e-9f39-a7980c00926b,whatsapp,inbound,message,wamid.HBgMOTE5MTQwMzIxMzQwFQIAEhggQUNGQUUzRUZBNzUxMzQ1MTc3RDJFREU2NDg5NUQyNkIA,null,text,null,received,95d72f65-3e5f-4aac-8569-f614de2e5d4a,null,null,2026-07-21 07:46:55.761545+00,2026-07-21 07:46:55.761545+00
c039dcdc-26ee-4db0-870f-cad07e70bb7d,00000000-0000-0000-0000-000000000001,6e29f80e-ffb7-4c7e-9f39-a7980c00926b,whatsapp,inbound,message,wamid.HBgMOTE5MTQwMzIxMzQwFQIAEhggQUNCNUVGMzgzMjg4NTBEMzg0MTI0RTg4NTE4RDJFMzEA,null,text,null,received,1a348ab4-46d6-4080-a4eb-5a05419d40c3,null,null,2026-07-21 07:47:00.351365+00,2026-07-21 07:47:00.351365+00
e9fe68f3-6b1e-4841-b6c3-a72fa6a754b8,00000000-0000-0000-0000-000000000001,e426d68a-16d2-9097-ff7d-ae2521fb52e5,whatsapp,inbound,message,wamid.HBgMOTE5MzQzOTk5NzQxFQIAEhgUM0FBMEYzQTkyQjg4MzkyODQwQkMA,null,text,null,received,2c796e0f-73d4-4466-9ee5-f4c93ecaec88,null,null,2026-07-21 14:25:48.608091+00,2026-07-21 14:25:48.608091+00
765c17c3-3271-40a6-bc5d-ebaa24257da2,00000000-0000-0000-0000-000000000001,e426d68a-16d2-9097-ff7d-ae2521fb52e5,whatsapp,inbound,message,wamid.HBgMOTE5MzQzOTk5NzQxFQIAEhgUM0E0NjM4OTVCM0E1MzRCRjczRjcA,null,text,null,received,99de7caf-138d-4a92-8e07-ba034035eb2d,null,null,2026-07-21 14:31:30.193276+00,2026-07-21 14:31:30.193276+00
676e7ecf-32a6-4fb6-b691-b75a4f40cb83,00000000-0000-0000-0000-000000000001,e426d68a-16d2-9097-ff7d-ae2521fb52e5,whatsapp,inbound,message,wamid.HBgMOTE5MzQzOTk5NzQxFQIAEhgUM0E0RUVGNUFDMjFBRjg2MDM0QjkA,null,text,null,received,4d800725-889e-4eb4-b044-3ae4ba8d3f96,null,null,2026-07-21 14:43:58.665119+00,2026-07-21 14:43:58.665119+00
354d45e9-d2f6-4998-8e6c-c07b07fcec6c,null,null,whatsapp,inbound,message,wamid.HBgMOTE2MzY0OTIyMTk0FQIAEhgSN0FBRTI5MDUyODhBNkU3QjQ0AA==,null,text,null,received,1f67b207-3dcd-4800-bf6e-6cc7b016ddee,null,null,2026-07-22 03:25:00.686043+00,2026-07-22 03:25:00.686043+00
a4680414-a464-4b6b-8cf0-14b926e5862c,null,null,whatsapp,inbound,message,wamid.HBgMOTE2MzY0OTIyMTk0FQIAEhgSRjQ0OTYxOUU3QTFCNTlFRjkzAA==,null,text,null,received,689415c0-483b-4f1f-8ab4-081f54c0bcea,null,null,2026-07-22 04:28:00.991657+00,2026-07-22 04:28:00.991657+00
b4420cae-fe88-4aae-9130-3f487c921252,00000000-0000-0000-0000-000000000001,e426d68a-16d2-9097-ff7d-ae2521fb52e5,whatsapp,inbound,message,wamid.HBgMOTE5MzQzOTk5NzQxFQIAEhgUM0EwNjQwM0FBOTA1QjAwRjA1NTkA,null,text,null,received,f0c56aca-b348-4f6a-89e4-421239640636,null,null,2026-07-22 04:51:23.734968+00,2026-07-22 04:51:23.734968+00
2da0f428-1959-4f04-8ad7-570f8d30c6dc,null,null,whatsapp,inbound,message,wamid.HBgMOTE2MzY0OTIyMTk0FQIAEhgSRTMyQjRGNTc1NERFOUY3QjlFAA==,null,text,null,received,03ee75d6-f2c5-4598-8e35-6cc7d56927e3,null,null,2026-07-22 06:14:47.337774+00,2026-07-22 06:14:47.337774+00
cae42f78-1fce-4f3d-82e3-d317482704f7,00000000-0000-0000-0000-000000000001,0366c854-a2dd-42cd-b83a-7a0affb3fa85,whatsapp,inbound,message,wamid.HBgMOTE5Mzg0MTk4OTAyFQIAEhggQUNDMzY0NjgxNUVFMDk1REUyQUY4OEVDODM2MUQ4QjMA,null,text,null,received,ce744e0b-af79-49c4-bf3f-fe7e76d4ead2,null,null,2026-07-22 11:01:38.263003+00,2026-07-22 11:01:38.263003+00
ea7c3456-a9a7-42d1-a541-ae7d5df83136,null,null,whatsapp,inbound,message,wamid.HBgMOTE2MzY0OTIyMTk0FQIAEhgSRkYxMjQ5REMwM0U0RUVGMzJBAA==,null,text,null,received,8ac3a63d-c511-44a1-9d56-15aee43e3868,null,null,2026-07-25 03:35:26.067355+00,2026-07-25 03:35:26.067355+00
e9d9aea8-f2ee-43a8-a189-181a34b68657,00000000-0000-0000-0000-000000000001,3b27dc97-dafa-0480-7b61-5549a3ea7eee,whatsapp,inbound,message,wamid.HBgMOTE5NTI2NTE3NzA5FQIAEhggQUNFMDU0NDU1RDI3RDY0MkJFODk4Mjk5MDZEMzQ3RjIA,null,image,null,received,86b7e92d-9f95-4c09-a38f-0b25e808b28c,null,null,2026-07-25 06:02:10.37434+00,2026-07-25 06:02:10.37434+00
09e2eb89-7115-4e9b-9c0e-d71305cbb2bc,00000000-0000-0000-0000-000000000001,73715344-908a-b7fa-00cc-34358ffb16f0,whatsapp,inbound,message,wamid.HBgMOTE5ODEwMDMxNjI5FQIAEhgUM0FDMkQ4NkU2NTBCQTdBOTg4RUEA,null,text,null,received,89f87e35-38e8-4d9b-89ff-f49cbc2492f3,null,null,2026-07-25 07:22:31.292817+00,2026-07-25 07:22:31.292817+00
e0e7f103-b424-4dbc-9248-3fba24cfd58d,00000000-0000-0000-0000-000000000001,73715344-908a-b7fa-00cc-34358ffb16f0,whatsapp,inbound,message,wamid.HBgMOTE5ODEwMDMxNjI5FQIAEhgUM0E4NDlBOTlCQkFGMjRCNzA2QjQA,null,image,null,received,ae318ed1-433b-473a-afc9-95ff693a44be,null,null,2026-07-25 07:22:41.288089+00,2026-07-25 07:22:41.288089+00
58c306f6-598a-4bd5-a529-e6aea3d3b8b1,null,null,whatsapp,inbound,message,wamid.HBgMOTE3OTk0NDQzMTEwFQIAEhgUM0EzODJBQjU2QTM1RDBCOURCMTMA,null,text,null,received,ec699bd5-856d-4f30-957e-803ecf12d601,null,null,2026-07-25 11:23:59.249911+00,2026-07-25 11:23:59.249911+00
cccb8c08-bf5b-48eb-8853-9bb6e14bceba,null,null,whatsapp,inbound,webhook_unparsed,unparsed-644e7200-1b69-4db1-a075-2dc9e6d47147,null,unknown,null,received,a925f866-7a35-4f4e-b709-c809b6367720,null,payload_shape_not_recognized,2026-07-25 11:24:08.22989+00,2026-07-25 11:24:08.22989+00
f232ea7b-7cec-4613-b9e4-c1bc15c427bb,null,null,whatsapp,inbound,message,wamid.HBgMOTE3OTk0NDQzMTEwFQIAEhgUM0FFRDlDOEEyMTU1NTQ4OEE1RjEA,null,text,null,received,ae1bc5d7-4191-4593-bf82-260db6de6581,null,null,2026-07-25 11:32:28.300885+00,2026-07-25 11:32:28.300885+00
f1bebf0a-002a-4ddc-a11a-951904ac5da3,null,null,whatsapp,inbound,message,wamid.HBgMOTE2MzY0OTIyMTk0FQIAEhgSM0I3Q0RFNTBEMTVEQThFRjYzAA==,null,text,null,received,e83e5565-3293-4379-8e14-c376eac4667f,null,null,2026-07-26 03:07:45.210272+00,2026-07-26 03:07:45.210272+00
5ec35f06-1326-4f75-85de-bfef13c4de32,null,null,whatsapp,inbound,message,wamid.HBgMOTE2MzY0OTIyMTk0FQIAEhgSOUUzNTlFODZFNjgwNkY1MkM3AA==,null,text,null,received,43e98c38-1746-490b-8ff2-2340c643321c,null,null,2026-07-26 07:20:12.458996+00,2026-07-26 07:20:12.458996+00
4799061a-faa8-480d-872d-9e1815b649ab,null,null,whatsapp,inbound,message,wamid.HBgMOTE2MzY0OTIyMTk0FQIAEhgSRTUzMjgxRjg2QkJCMEQ1MEE1AA==,null,text,null,received,df5af5c0-bbb1-4f87-999f-137bd748add5,null,null,2026-07-26 07:25:03.429775+00,2026-07-26 07:25:03.429775+00
a35987c0-c298-42bd-8af1-0f9af2238992,null,null,whatsapp,inbound,message,wamid.HBgMOTE2MzY0OTIyMTk0FQIAEhgSQUIzODE5NERCODA3Q0ZCNDQ4AA==,null,text,null,received,966d87ab-b5dd-41ec-8c84-e42f925e0ce7,null,null,2026-07-26 07:36:19.728346+00,2026-07-26 07:36:19.728346+00
b2f70496-0b56-4b75-a587-7fef36b18a11,null,null,whatsapp,inbound,message,wamid.HBgMOTE2MzY0OTIyMTk0FQIAEhgSRjFBOTc0NjI3MTk1NjdEOUYwAA==,null,text,null,received,57a0f151-5934-47ee-b910-907ae7599cac,null,null,2026-07-26 09:00:27.432096+00,2026-07-26 09:00:27.432096+00
34bb906e-39a2-44e2-b4e5-f745ca1567ed,00000000-0000-0000-0000-000000000001,9fd15f79-3f68-411c-a282-24af6ade0fdb,whatsapp,inbound,message,wamid.HBgMOTE5NzU3MDYyNDQwFQIAEhggQUMwNkI1RURCN0JCOTk2MjlENTc3NERCRjE4MkU2MUQA,null,image,null,received,e8be0ed1-0fe3-49cf-b5f3-947be950299a,null,null,2026-07-26 11:40:46.721058+00,2026-07-26 11:40:46.721058+00
80d61906-422d-4812-b03f-60002d86815c,00000000-0000-0000-0000-000000000001,9fd15f79-3f68-411c-a282-24af6ade0fdb,whatsapp,inbound,message,wamid.HBgMOTE5NzU3MDYyNDQwFQIAEhggQUNGMTI4NzYyNjc4MkQ0NUFFN0I5Q0Y5MTY2NjZBOTQA,null,text,null,received,9a46a0a5-f661-448c-96c4-82e994b1da30,null,null,2026-07-26 11:40:46.721064+00,2026-07-26 11:40:46.721064+00
4544278d-3f17-4f2e-87bb-114d6566ee33,00000000-0000-0000-0000-000000000001,9fd15f79-3f68-411c-a282-24af6ade0fdb,whatsapp,inbound,message,wamid.HBgMOTE5NzU3MDYyNDQwFQIAEhggQUM5RkUwNkVCRTlGNThBNUZCN0U0NDQ3QTU0MzZGNzYA,null,text,null,received,df5bc5a0-d3e2-4dc6-a103-7545d6732a3c,null,null,2026-07-26 11:41:21.977164+00,2026-07-26 11:41:21.977164+00
ffaf042f-46ba-4621-8b95-83107987d31c,00000000-0000-0000-0000-000000000001,9fd15f79-3f68-411c-a282-24af6ade0fdb,whatsapp,inbound,message,wamid.HBgMOTE5NzU3MDYyNDQwFQIAEhggQUNEQzQyQzdDRDEzOEJEODQyNUEwMDI5QkE5NTczOUIA,null,text,null,received,133a05ae-f217-4034-afe9-d1766a8b5ddc,null,null,2026-07-26 11:41:22.374656+00,2026-07-26 11:41:22.374656+00
f2049a6b-22b8-4fc0-b99c-fb97590372f9,null,null,whatsapp,inbound,message,wamid.HBgMOTE3OTk0NDQzMTEwFQIAEhgUM0E5NEEwMzMyMURDMDVBRDhDRDUA,null,text,null,received,b151fa10-f31b-4887-8f01-755ba892e185,null,null,2026-07-27 13:30:49.774032+00,2026-07-27 13:30:49.774032+00
4fa22533-8db9-4087-b1f2-fe9d3c7045a9,null,null,whatsapp,inbound,message,wamid.HBgMOTE3OTk0NDQzMTEwFQIAEhgUM0ExOEFDM0VGNzYxOUJCNkEyODYA,null,text,null,received,d673a0c5-2d56-4774-9868-df1c93fd98d3,null,null,2026-07-27 13:31:14.941125+00,2026-07-27 13:31:14.941125+00
90297ddf-878c-48d7-ac0d-ac9b38b67ad3,null,null,whatsapp,inbound,message,wamid.HBgMOTE3OTk0NDQzMTEwFQIAEhgUM0FGRDI2NDg1MkFDREZENkI2NDAA,null,text,null,received,ecaa5ab8-d0dd-4f9a-aa22-0318cbb9275b,null,null,2026-07-27 13:31:18.68463+00,2026-07-27 13:31:18.68463+00
b9a09142-fa0d-4303-8fcd-40bde152d1d0,null,null,whatsapp,inbound,message,wamid.HBgMOTE3OTk0NDQzMTEwFQIAEhgUM0E4NzlCOEQ1Mzk1MUZEQTQzMzgA,null,text,null,received,8c3dad23-e99c-411a-a243-9003a6ee485b,null,null,2026-07-27 14:32:13.065071+00,2026-07-27 14:32:13.065071+00
efa02db2-e23b-4def-94f4-278e5192c0ed,null,null,whatsapp,inbound,message,wamid.HBgMOTE3OTk0NDQzMTEwFQIAEhgUM0E4NDA3RUIwODc2MzJENThBRDMA,null,text,null,received,909c0f7a-6896-4b18-b5df-10f710fbd6d0,null,null,2026-07-27 14:32:13.135867+00,2026-07-27 14:32:13.135867+00
099d5a7f-be24-4db8-bf66-dca7ceadee11,null,null,whatsapp,inbound,message,wamid.HBgMOTE3OTk0NDQzMTEwFQIAEhgUM0FFNDgwQTA2NkNBMzc3OUU1RjcA,null,text,null,received,1ec60370-353a-4bcf-b3d6-b63600a8e92b,null,null,2026-07-27 14:32:13.552206+00,2026-07-27 14:32:13.552206+00
5d8430cb-6c5f-49ec-8bdf-71ff66c9f447,null,null,whatsapp,inbound,message,wamid.HBgMOTE5OTk0MzI4NDc0FQIAEhgWM0VCMDY0MUM0MjlDQUMzRkJBRTYxNgA=,null,text,null,received,08d92f67-ee61-4b63-868d-2449bc076b3b,null,null,2026-07-28 11:59:12.56333+00,2026-07-28 11:59:12.56333+00
2d290e65-9ae4-48b2-9044-b5df83f65fbc,null,null,whatsapp,inbound,message,wamid.HBgMOTE2MzY0OTIyMTk0FQIAEhgSRjRDRUMwQzMxRjE1Q0Y1NTA1AA==,null,text,null,received,e02cdb66-eab5-470a-9ba0-a193eb1836a5,null,null,2026-07-29 02:37:38.937002+00,2026-07-29 02:37:38.937002+00
63ba5d48-2881-4b8d-bc63-edd02201cb8a,00000000-0000-0000-0000-000000000001,e8530c57-faad-4ff7-aec4-fb01b6118ece,whatsapp,inbound,message,wamid.HBgMOTE3Mzg1MzY2NjIxFQIAEhggQUMyOUVCNEUzRjM0QzA4OTg0MzhFNDRDOUY0RkVENzcA,null,text,null,received,dcb72257-fbc7-40d3-ad48-2a43c638e3a9,null,null,2026-07-29 05:10:57.858072+00,2026-07-29 05:10:57.858072+00
7d64c1ca-4873-4e0b-8fc7-322d0bd994d0,00000000-0000-0000-0000-000000000001,8971261e-a813-477f-94c0-0a9661dc4c34,whatsapp,inbound,message,wamid.HBgMOTE4MDU2Nzg1MDM4FQIAEhgUM0E5MDVDMzJFMUJGQUExQ0UwNDMA,null,text,null,received,390496df-ffff-413c-bdf5-ecfd186e838e,null,null,2026-07-29 09:54:05.936842+00,2026-07-29 09:54:05.936842+00
7465afb2-ee0f-4eb5-9fca-f0e248f8d9cd,00000000-0000-0000-0000-000000000001,e426d68a-16d2-9097-ff7d-ae2521fb52e5,whatsapp,inbound,message,wamid.HBgMOTE5MzQzOTk5NzQxFQIAEhgUM0E2RTEzOEI1QTE4MzUyMjBFREYA,null,text,null,received,08c0e11e-cc1d-49dc-b4be-c252e61812d0,null,null,2026-07-29 11:26:30.232352+00,2026-07-29 11:26:30.232352+00
f70bb52a-0289-4fcc-95c8-165b4f6e9e99,00000000-0000-0000-0000-000000000001,18d86801-3cb7-11d4-8b9d-433429296014,whatsapp,inbound,message,wamid.HBgMOTE5NDg5NzcwNDM0FQIAEhgUM0E5RTdBRUM0QjE2MzA2Q0Y0MjgA,null,text,null,received,e987eba2-6107-4863-91b3-d9e0d15309bc,null,null,2026-07-30 05:14:42.520366+00,2026-07-30 05:14:42.520366+00
5af104f8-8f1c-4388-adc7-f08471b560b1,null,null,whatsapp,inbound,message,wamid.HBgMOTE2MzY0OTIyMTk0FQIAEhgSQkNCNDI3RDAyQjhBOThBMkZFAA==,null,text,null,received,24527f09-654c-451f-b1db-bceac08770f7,null,null,2026-07-30 07:28:49.501887+00,2026-07-30 07:28:49.501887+00
b87ce20f-9ecd-4c5d-9668-a782b54e5d34,null,null,whatsapp,inbound,message,wamid.HBgMOTE2MzY0OTIyMTk0FQIAEhgSQTdFNkM5ODAwQ0U5QTNFOTAwAA==,null,text,null,received,4514eebf-41f0-4aee-90b5-88cbe1233007,null,null,2026-07-30 12:45:43.850788+00,2026-07-30 12:45:43.850788+00
23100c25-d9c3-46a2-9f46-c0de53a3bcee,null,null,whatsapp,inbound,message,wamid.HBgMOTE2MzY0OTIyMTk0FQIAEhgSQzYwQjEyQTZGMjdGNkU1N0E2AA==,null,text,null,received,2f4b21b2-76b8-407a-b9f3-259beb7343b4,null,null,2026-07-31 06:34:48.269213+00,2026-07-31 06:34:48.269213+00
75404cbc-967f-447b-a382-e4e4044f29a4,null,null,whatsapp,inbound,message,wamid.HBgMOTE2MzY0OTIyMTk0FQIAEhgSMzg1ODUzNjRCQkJFRkRGNjhGAA==,null,text,null,received,d3c639f3-bfe9-408f-8547-786779a67e6e,null,null,2026-07-31 06:41:11.032933+00,2026-07-31 06:41:11.032933+00
d6ed8b42-411e-4ba9-a942-6bfe93f90eb0,null,null,whatsapp,inbound,message,wamid.HBgMOTE2MzY0OTIyMTk0FQIAEhgSMjVCNzVEOTNBNkFCMkFBMzA0AA==,null,text,null,received,67aa6d96-82cb-4865-aef6-dbbd07616d9d,null,null,2026-07-31 06:45:37.83513+00,2026-07-31 06:45:37.83513+00
f63fd660-8f50-4361-9372-4421366e929a,00000000-0000-0000-0000-000000000001,44bf5771-a669-438c-a190-88aab999cfae,whatsapp,inbound,message,wamid.HBgMOTE5Mjg4MDAwNjAxFQIAEhggQUMwMzRENUIxQjEyRjk2ODlDQkZDOEFEM0NERTQ2M0QA,null,text,null,received,c28f7098-3083-49b6-b82f-5daa6ed6f2a9,null,null,2026-07-31 09:08:24.893053+00,2026-07-31 09:08:24.893053+00
462dabe5-9953-44e6-82ed-70752536aece,00000000-0000-0000-0000-000000000001,44bf5771-a669-438c-a190-88aab999cfae,whatsapp,inbound,message,wamid.HBgMOTE5Mjg4MDAwNjAxFQIAEhggQUNEM0JDN0UxMUZDRjg0Q0IyRDI1QTRGOTU5MkE0QUQA,null,text,null,received,c2717b5d-f187-4ffb-8624-89e24e5c1769,null,null,2026-07-31 09:08:40.206197+00,2026-07-31 09:08:40.206197+00
d9c99dd0-deb4-45e1-b69f-c4633479cbc2,00000000-0000-0000-0000-000000000001,b4a50439-db13-dc26-d980-eb079b321460,whatsapp,inbound,message,wamid.HBgMOTE5MDA4NzE1NjA5FQIAEhggQUM1RUJGNDdEQzFDMzNBOUZGNjNDQzk3OThGMTY1NzYA,null,image,null,received,5176154b-41fc-4633-b31f-586d52b1f778,null,null,2026-07-31 10:36:26.768296+00,2026-07-31 10:36:26.768296+00
bf8b82a3-743a-4911-b966-e7cc511a3450,00000000-0000-0000-0000-000000000001,71492154-2bd6-41d1-b8b8-3acec9cedd1f,whatsapp,inbound,message,wamid.HBgMOTE3OTcwMzUwNjA0FQIAEhggQUNDOEFEOTQ1QTA0MzcyMEQxQTUwMEFCMUYwOTVENTgA,null,image,null,received,0dc4c458-0e34-4f0e-9480-912a3641581f,null,null,2026-07-31 10:43:33.218135+00,2026-07-31 10:43:33.218135+00
2d26fdba-aad5-4862-b3c8-5dafec18c000,00000000-0000-0000-0000-000000000001,71492154-2bd6-41d1-b8b8-3acec9cedd1f,whatsapp,inbound,message,wamid.HBgMOTE3OTcwMzUwNjA0FQIAEhggQUM1RjcyOTFGMzc1MDZCMDNFNTdCQkE5OTcwNzhFQTAA,null,text,null,received,cb6973cc-ca0b-47d3-ab45-bfe1caa8fa85,null,null,2026-07-31 10:47:47.680586+00,2026-07-31 10:47:47.680586+00
de647a2e-96d1-440a-9acf-40e03754455a,00000000-0000-0000-0000-000000000001,71a9340d-9832-4609-a110-d9b5aaffc020,whatsapp,inbound,message,wamid.HBgMOTE5OTEwNDQ2MjQ3FQIAEhgUM0FERjBFRDlBQTBDMUNBOTlBMUYA,null,text,null,received,699ed7e0-0be1-415a-a451-3b50ea5678dd,null,null,2026-07-31 10:50:25.641164+00,2026-07-31 10:50:25.641164+00
e49b8272-20fa-4d78-9bd8-65396c11a61a,00000000-0000-0000-0000-000000000001,8fd367e7-7404-4ef6-530b-a40219a48f1e,whatsapp,inbound,message,wamid.HBgMOTE4NTAwODQwMjc5FQIAEhgUM0FDNUIxMTZGRTIyNTdEQ0NFQjAA,null,text,null,received,021cc519-6128-4f26-b08d-768dd9e3c9f8,null,null,2026-07-31 10:51:54.076305+00,2026-07-31 10:51:54.076305+00
87851e2a-ab3c-44bd-bc6a-599259ab1972,00000000-0000-0000-0000-000000000001,5b45a840-9d6c-242e-0e2f-2e2c972c2eec,whatsapp,inbound,message,wamid.HBgMOTE2MzYxNzMzOTg4FQIAEhggQUMzNjBFRTIwMjdFNkQyRjUxNEFFMzEyOUQzNDhCMUIA,null,text,null,received,dcbebc94-9a1d-40e5-9010-b7b979f60c5d,null,null,2026-07-31 10:53:41.528332+00,2026-07-31 10:53:41.528332+00
31e8daf6-cb1f-46f3-a09c-4a9e86195ac4,00000000-0000-0000-0000-000000000001,aa88d180-8c53-dbe4-70de-ecf38130d3ce,whatsapp,inbound,message,wamid.HBgMOTE3OTc4MzY5MjQwFQIAEhggQUM5ODk5RTYxNjk5QTFGRDg5MkUwREQ0MkQ0OTUxMzgA,null,text,null,received,fca4308a-6872-4c57-ba90-e4580b5ca87a,null,null,2026-07-31 10:56:28.379114+00,2026-07-31 10:56:28.379114+00
d02875dc-8eff-4258-b158-04f0f8259ffb,00000000-0000-0000-0000-000000000001,1fc0c3bb-f35c-8d5d-a4fa-a9c1723cd8ab,whatsapp,inbound,message,wamid.HBgMOTE3NTk4ODM3NzAyFQIAEhggQUM4N0IwQTg2RjZBMDI5QzFEMjFBOEI2NzBDMjY1MDUA,null,text,null,received,9daef442-bef2-48b6-a1e1-95e26a04275c,null,null,2026-07-31 11:22:58.476006+00,2026-07-31 11:22:58.476006+00
7d2d93e9-275f-467a-a105-684e818f0804,00000000-0000-0000-0000-000000000001,23f7ef5f-6b26-a104-b616-b438d7e9243c,whatsapp,inbound,message,wamid.HBgMOTE4MzAzNTUzNTgxFQIAEhggQUMyMTk5RTAzNDE4RTdCNDEzQUM3NjI0NjY5MjdCODAA,null,text,null,received,757a7ac4-c059-4af7-92e6-d894f69e7131,null,null,2026-07-31 11:27:00.95579+00,2026-07-31 11:27:00.95579+00
260a8c8f-4f38-40c2-aa99-f1b64a94e071,00000000-0000-0000-0000-000000000001,23f7ef5f-6b26-a104-b616-b438d7e9243c,whatsapp,inbound,message,wamid.HBgMOTE4MzAzNTUzNTgxFQIAEhggQUMwMDI2NDYxMDIwOTk4MDYwNUYxNEIyNzZBNEU3NjUA,null,text,null,received,a8f12fdf-b18b-4883-9219-e0c26a46f94b,null,null,2026-07-31 11:27:14.553124+00,2026-07-31 11:27:14.553124+00
e87edd53-7e34-4dc6-bd7d-3d6eb3b8811c,00000000-0000-0000-0000-000000000001,23f7ef5f-6b26-a104-b616-b438d7e9243c,whatsapp,inbound,message,wamid.HBgMOTE4MzAzNTUzNTgxFQIAEhggQUMzODNBRUVGNTE3MjZCOTNGMUZCOUQ2MEY0MEZFMzEA,null,text,null,received,371ed8ee-fde9-4e20-b25b-4de382d065e1,null,null,2026-07-31 11:28:42.734302+00,2026-07-31 11:28:42.734302+00
39afa185-d377-44ed-a515-fdc6e23cd260,00000000-0000-0000-0000-000000000001,23f7ef5f-6b26-a104-b616-b438d7e9243c,whatsapp,inbound,message,wamid.HBgMOTE4MzAzNTUzNTgxFQIAEhggQUNFNDhBMUZFNUQyNEEyQkI1NDFBRTlBMTg1NzVGODcA,null,text,null,received,7021db4b-155b-4e96-b306-47de9538bd2d,null,null,2026-07-31 11:28:55.505702+00,2026-07-31 11:28:55.505702+00
d172ca0e-0acd-4108-9c67-eaf83522992b,00000000-0000-0000-0000-000000000001,23f7ef5f-6b26-a104-b616-b438d7e9243c,whatsapp,inbound,message,wamid.HBgMOTE4MzAzNTUzNTgxFQIAEhggQUM4NkZCQkQ0ODgzRjY3Njc0QzlDMDcyMkMwMjNFMkQA,null,text,null,received,0750d29a-f23c-4662-893c-b3ba77d25ce9,null,null,2026-07-31 11:30:07.119703+00,2026-07-31 11:30:07.119703+00
c55c88b2-5998-4b29-b70a-585eb87a17e7,00000000-0000-0000-0000-000000000001,23f7ef5f-6b26-a104-b616-b438d7e9243c,whatsapp,inbound,message,wamid.HBgMOTE4MzAzNTUzNTgxFQIAEhggQUM3QTE5MTVCQkYxRkEzMENCMzRDRTg4QTEwNTY3NkEA,null,text,null,received,447ae7c2-1079-4c8c-acc6-8161b755276c,null,null,2026-07-31 11:30:17.283395+00,2026-07-31 11:30:17.283395+00
b86cecb8-a8ed-45ca-b357-c62e8e9dd7ca,00000000-0000-0000-0000-000000000001,23f7ef5f-6b26-a104-b616-b438d7e9243c,whatsapp,inbound,message,wamid.HBgMOTE4MzAzNTUzNTgxFQIAEhggQUNFMDM3NDA5QjkxMjdFQzczM0MzMEI3N0VFQjA4MDUA,null,text,null,received,8d1d14e7-4520-4ca2-a9c8-3e8ad13563dd,null,null,2026-07-31 11:30:30.423637+00,2026-07-31 11:30:30.423637+00
a3098427-f78b-4f34-ba68-e863f1fc71a0,00000000-0000-0000-0000-000000000001,918b6526-10a3-4e0e-b3d8-7862211d2485,whatsapp,inbound,message,wamid.HBgMOTE4OTQwNTI0NTk5FQIAEhggQUM5NUU1RkM0NjhBMzhFRkVBRDdEQkE5MjY3MzJFOUMA,null,text,null,received,92e38e60-969d-4309-acfe-246e70c303ee,null,null,2026-07-31 11:46:33.538826+00,2026-07-31 11:46:33.538826+00
bfa0c649-4a1b-42f0-9b5c-8ddfd10244cb,00000000-0000-0000-0000-000000000001,8709ca2e-a8a6-48a4-b8ce-e813c4796ab9,whatsapp,inbound,message,wamid.HBgMOTE5NzUzOTc1MTU0FQIAEhggQUMxQzlFMUFFRDEyMTAwRDJGNTRDRjY5OEIyNkI3NkEA,null,image,null,received,a4be51a6-11c7-48d4-8e7a-58df7cf51192,null,null,2026-07-31 11:53:11.704915+00,2026-07-31 11:53:11.704915+00
20683cb8-5f2c-4a81-b55e-41d070bfba08,00000000-0000-0000-0000-000000000001,1932ea80-c6eb-874e-eca8-12410fa7a608,whatsapp,inbound,message,wamid.HBgMOTE5NjI5NDQ2ODY2FQIAEhggQUM1Q0JGNzZDREE1MEE0MjExM0UwNTBERjc3NEExN0QA,null,text,null,received,52ab48fe-5ed5-4feb-a121-f9384ad3d3ab,null,null,2026-07-31 12:29:23.962921+00,2026-07-31 12:29:23.962921+00
50eae61c-7f99-4cca-a702-f858c8c6d4ef,00000000-0000-0000-0000-000000000001,3b27dc97-dafa-0480-7b61-5549a3ea7eee,whatsapp,inbound,message,wamid.HBgMOTE5NTI2NTE3NzA5FQIAEhggQUNCNjkyMDYyMUIwMUU3NkM1M0ZGQjEzOTQ5QjRGRjgA,null,image,null,received,73c62c5d-9a71-4b2d-bdee-9689679f785c,null,null,2026-07-31 13:43:04.441827+00,2026-07-31 13:43:04.441827+00
d9969c3f-bd4b-4b79-b5dc-10f0d3866f06,00000000-0000-0000-0000-000000000001,3b27dc97-dafa-0480-7b61-5549a3ea7eee,whatsapp,inbound,message,wamid.HBgMOTE5NTI2NTE3NzA5FQIAEhggQUM2QTY0N0ZGMTI4Q0M0Q0RFNEI3QUY4NTVDNjU3QUYA,null,text,null,received,6f4ee3cc-2a4a-4f45-a998-93b3b71a3b2f,null,null,2026-07-31 13:43:56.325007+00,2026-07-31 13:43:56.325007+00
e715fb0b-54d7-4e3c-89ed-13ee1616d3e1,00000000-0000-0000-0000-000000000001,4f75b0ca-7bed-c37c-cfd4-1e361a1bb6d4,whatsapp,inbound,message,wamid.HBgMOTE4Mjk5MjYzNDE1FQIAEhgUM0E0N0QxOERFQTlCNkJCRjBBN0YA,null,text,null,received,411a3fff-db54-4d2e-8238-6ba5c85e97da,null,null,2026-07-31 14:02:47.00289+00,2026-07-31 14:02:47.00289+00
cb86ee48-a910-45b6-96b8-ce8f9902d033,00000000-0000-0000-0000-000000000001,4f75b0ca-7bed-c37c-cfd4-1e361a1bb6d4,whatsapp,inbound,message,wamid.HBgMOTE4Mjk5MjYzNDE1FQIAEhgUM0EyNEZCMzcwODczQTE2ODIzRUUA,null,image,null,received,e1d77eb9-5722-41f6-9d5a-5b3319e775c6,null,null,2026-07-31 14:02:48.28001+00,2026-07-31 14:02:48.28001+00
efa75d8f-7cf5-4c74-af29-6dc9e3ab8977,00000000-0000-0000-0000-000000000001,55e6e452-fae2-a5ac-3c12-21424bffbcac,whatsapp,inbound,message,wamid.HBgMOTE4MTQzNDI4ODkzFQIAEhgUM0FFOTA3MTZEQ0VBMjRBQTA2MjEA,null,text,null,received,38420431-b712-4cb9-a276-57fcd4e6c62a,null,null,2026-07-31 14:10:18.757215+00,2026-07-31 14:10:18.757215+00
e6dcba68-09ea-4af3-bd79-277a409276f1,00000000-0000-0000-0000-000000000001,bdcc24e3-6077-3ea9-b25e-2747d0f07be7,whatsapp,inbound,message,wamid.HBgMOTE4OTAwNTMxOTQ3FQIAEhggQUM0NEFBRDY1MjNGNkE1OTMzQjlFRDAxMjJCM0ZGODYA,null,image,null,received,11706523-1cd6-4dc8-a204-86fb3560ff87,null,null,2026-07-31 15:02:07.357714+00,2026-07-31 15:02:07.357714+00
97619a70-83a9-4d26-8073-3e9715d6f621,00000000-0000-0000-0000-000000000001,bdcc24e3-6077-3ea9-b25e-2747d0f07be7,whatsapp,inbound,message,wamid.HBgMOTE4OTAwNTMxOTQ3FQIAEhggQUMwRjNBNTU3OEY0MDFDOEY1QjA2MUQ1RDcxRjVGQjQA,null,text,null,received,64803f18-dc32-483b-99bb-25e6c7bd2fe1,null,null,2026-07-31 15:02:11.064662+00,2026-07-31 15:02:11.064662+00
baa23f1d-f3c2-4860-9b04-fb15f1205b28,00000000-0000-0000-0000-000000000001,bdcc24e3-6077-3ea9-b25e-2747d0f07be7,whatsapp,inbound,message,wamid.HBgMOTE4OTAwNTMxOTQ3FQIAEhggQUNFOUQ2NEMzNjQzMEY1RTFDMEQ2QjY3MkY4MUUzOUIA,null,image,null,received,ca830f78-4251-4d54-88c4-d6a0f56744ad,null,null,2026-07-31 15:02:33.117745+00,2026-07-31 15:02:33.117745+00
60216558-2cf4-4e24-a46e-e8a585db8011,00000000-0000-0000-0000-000000000001,3b27dc97-dafa-0480-7b61-5549a3ea7eee,whatsapp,inbound,message,wamid.HBgMOTE5NTI2NTE3NzA5FQIAEhggQUMyOUZBREI4QjM2NDRGM0VEODZEMUUzRjc1M0IyQUYA,null,text,null,received,549df57f-1a8a-4739-aff8-2ebf40c7ec07,null,null,2026-07-31 16:27:53.704149+00,2026-07-31 16:27:53.704149+00
6a1034a7-770b-4dac-a481-430517c7cd9e,00000000-0000-0000-0000-000000000001,3b27dc97-dafa-0480-7b61-5549a3ea7eee,whatsapp,inbound,message,wamid.HBgMOTE5NTI2NTE3NzA5FQIAEhggQUMwMDQ1NzQwNTRENzQ4MTg0ODg5MkE5RDBENDNDODkA,null,text,null,received,22ef8a97-d0f4-4ba2-9dea-4a5b3c71f811,null,null,2026-07-31 16:28:01.27488+00,2026-07-31 16:28:01.27488+00
db9415ca-1e10-4c21-9e8b-ce90b2c8878b,00000000-0000-0000-0000-000000000001,3b27dc97-dafa-0480-7b61-5549a3ea7eee,whatsapp,inbound,message,wamid.HBgMOTE5NTI2NTE3NzA5FQIAEhggQUM0QzYzNUJDODdENkIzMENBMjZCNDZDNkVGMTI5ODAA,null,text,null,received,cb71266a-be66-4b29-85fd-f339ecdfafc6,null,null,2026-07-31 16:28:18.262207+00,2026-07-31 16:28:18.262207+00
9842eee1-fc31-433f-a5bc-b89457c90bb5,00000000-0000-0000-0000-000000000001,8fd367e7-7404-4ef6-530b-a40219a48f1e,whatsapp,inbound,message,wamid.HBgMOTE4NTAwODQwMjc5FQIAEhgUM0FDRTRGRTZDOUY3RkVDMTc1NEYA,null,text,null,received,8dd69065-7e5a-4124-9e4b-19743d991e33,null,null,2026-07-31 16:30:24.108797+00,2026-07-31 16:30:24.108797+00
e98ff854-561e-4a3d-bff1-cc839a4fb8ed,00000000-0000-0000-0000-000000000001,8fd367e7-7404-4ef6-530b-a40219a48f1e,whatsapp,inbound,message,wamid.HBgMOTE4NTAwODQwMjc5FQIAEhgUM0E1OTY2QkRFMkE3NEEwQzM2MzQA,null,text,null,received,66d5f364-9fac-46b9-8c3e-f1ac09413fa3,null,null,2026-07-31 16:30:58.273464+00,2026-07-31 16:30:58.273464+00
89a1443a-34f8-41fc-9e85-61417099db11,null,null,whatsapp,inbound,message,wamid.HBgMOTE5NDQ3MDIxMzUzFQIAEhggQUNCRjc1MTFGN0VBMkZBQzE5RkUwNzI5NzA4RjA3OTIA,null,text,null,received,80f3cef2-7775-4aa4-b7c9-f2d1e92bf8e4,null,null,2026-07-31 17:28:22.783631+00,2026-07-31 17:28:22.783631+00
5597e3ad-dcda-408b-a703-0238067f387a,null,null,whatsapp,inbound,message,wamid.HBgMOTE5NDQ3MDIxMzUzFQIAEhggQUNGOUE0QTk3RUNDNEQ0REUxNUFBNUE0NEM4RURERkIA,null,text,null,received,cca1b552-c71c-4347-bca6-002eb7207a6b,null,null,2026-07-31 17:29:49.590982+00,2026-07-31 17:29:49.590982+00
1e47ff99-b4cf-4e0e-94b4-72a848dd259a,null,null,whatsapp,inbound,message,wamid.HBgMOTE5NDQ3MDIxMzUzFQIAEhggQUM3QjI2RDE3MzJCNjFBRkJGRERCQTVBM0I1ODVFQUUA,null,text,null,received,d3c26cde-5118-43c5-9f6e-f637d4f00090,null,null,2026-07-31 17:54:28.886313+00,2026-07-31 17:54:28.886313+00
da0aca19-7e26-4ef9-87f2-3ff14e78a33f,null,null,whatsapp,inbound,message,wamid.HBgMOTE5NDQ3MDIxMzUzFQIAEhggQUNDRkUzMDU2RTlEMkE1NzgyOEJCRDRERjI1MjVERTYA,null,text,null,received,e55c900d-1325-4bce-b886-d268b7cb2992,null,null,2026-07-31 17:54:39.617671+00,2026-07-31 17:54:39.617671+00
bf2d0448-7c6b-439b-99cf-fd2e8998b9e6,null,null,whatsapp,inbound,message,wamid.HBgMOTE5NDQ3MDIxMzUzFQIAEhggQUMyODVDNTcyQTQ5Mjc1REQ0Qzk0QjE5MTY3OTQ0MDYA,null,text,null,received,13e94a44-84c3-49a1-8d01-4244a1be09f6,null,null,2026-07-31 17:54:58.639721+00,2026-07-31 17:54:58.639721+00
a3222d3a-8b5a-4413-b9e6-e4575079d1bd,null,null,whatsapp,inbound,message,wamid.HBgMOTE5NDQ3MDIxMzUzFQIAEhggQUMxREM0NEFBQzhFMzIwODBEN0VCNDVENzkyODY2NzcA,null,text,null,received,11361a5e-09e4-407d-9272-0d3d34952bb9,null,null,2026-07-31 17:55:40.587367+00,2026-07-31 17:55:40.587367+00
481ba3eb-7b65-4311-b40c-aa85bbe2d769,null,null,whatsapp,inbound,message,wamid.HBgMOTE5NDQ3MDIxMzUzFQIAEhggQUM5MjEyRUJENDkwMTM2QjBCQ0JBODhDQkVFRUY2MzMA,null,text,null,received,294655fd-2f15-482e-8824-00d8c3977565,null,null,2026-07-31 17:55:49.074507+00,2026-07-31 17:55:49.074507+00
934725ea-ee25-472f-b410-89953902b152,00000000-0000-0000-0000-000000000001,22b0be2d-52c5-1127-642d-4f1083b404ca,whatsapp,inbound,message,wamid.HBgMOTE5NzAxMzQzOTczFQIAEhggQUM4NjREODNDQzgwQzE1MTNCOTdCNDY3QjNFNjNCNkEA,null,image,null,received,88d24993-0b21-4301-bdc2-fcb6a7520fc6,null,null,2026-07-31 18:25:54.949539+00,2026-07-31 18:25:54.949539+00
12de3a3d-3561-4dc0-a51e-04778933d836,00000000-0000-0000-0000-000000000001,93eb3d6a-d35b-ef1f-83b8-7430b6ad1674,whatsapp,inbound,message,wamid.HBgMOTE4NDE2OTI4MzU2FQIAEhggQUNCNDUwMzhBNDQ2QTdBMzI5RDRGOTgwMTNCNjFCRTAA,null,image,null,received,92dc0c17-d9d5-4325-a715-448912a792f9,null,null,2026-07-31 19:23:31.739929+00,2026-07-31 19:23:31.739929+00
e98cb126-da00-4561-a935-2284323dc316,00000000-0000-0000-0000-000000000001,257579ca-bef0-99b8-f916-e518891ffdab,whatsapp,inbound,message,wamid.HBgMOTE5NDAwMTI1NDAyFQIAEhgUM0EyOTlCRjRDREQxOTA3MUFFMTUA,null,image,null,received,bce769b3-a394-45a5-a489-57a5a63df0a1,null,null,2026-07-31 20:33:35.930808+00,2026-07-31 20:33:35.930808+00
b1d3911d-3ec6-463c-bbe9-afc7e930567f,null,null,whatsapp,inbound,message,wamid.HBgMOTE5NDQ3MDIxMzUzFQIAEhggQUNFQzVEM0YyOUEyM0EzQjVDMUU1QjQ1Qzc1OTA3QzkA,null,text,null,received,9f78b5d0-2125-4c08-99e2-27c8b80624d5,null,null,2026-08-01 00:46:33.594785+00,2026-08-01 00:46:33.594785+00
c26220f8-6d9b-4be7-9d53-ff2eccadc7b0,null,null,whatsapp,inbound,message,wamid.HBgMOTE5NDQ3MDIxMzUzFQIAEhggQUMyRjJGODdFRUEzRUYwMEI4QzdGMzgwMzZFNENGMzMA,null,text,null,received,e772d1df-9b85-4a66-870c-4dd48daa20a2,null,null,2026-08-01 00:46:33.601076+00,2026-08-01 00:46:33.601076+00
1c42613d-0af8-4c3a-aa80-ae1ca18e1563,null,null,whatsapp,inbound,message,wamid.HBgMOTE5NDQ3MDIxMzUzFQIAEhggQUMwQUI4ODU2RURCOTIyRTVDMUY3MzVFNTUzNTI0MkYA,null,text,null,received,e58a7553-5c7c-4ac8-8b9e-1fba78eb45ca,null,null,2026-08-01 00:46:33.682596+00,2026-08-01 00:46:33.682596+00
ff53667a-9693-4446-890b-fb36f66fc5fe,null,null,whatsapp,inbound,message,wamid.HBgMOTE5NDQ3MDIxMzUzFQIAEhggQUMwRTgwOENFRDg4RDI5MzkyRTM2NDU5Rjc5RUIzNTUA,null,text,null,received,a5ef47cf-6d7a-485f-b4f6-1029ed3eb670,null,null,2026-08-01 00:46:34.244671+00,2026-08-01 00:46:34.244671+00
c5651749-676c-4a6a-8c90-c23cc75920cc,null,null,whatsapp,inbound,message,wamid.HBgMOTE5NDQ3MDIxMzUzFQIAEhggQUNBRUNFQ0I1MDk4NDA5ODA3RENBOTIzNzYyNDkwNEIA,null,text,null,received,60981688-dcd7-48ba-9252-044ce2321496,null,null,2026-08-01 00:46:34.960861+00,2026-08-01 00:46:34.960861+00
9c268c55-e457-4819-a7a9-f91b67c55825,null,null,whatsapp,inbound,message,wamid.HBgMOTE5NDQ3MDIxMzUzFQIAEhggQUNGMjA5M0E1QzRBMTEzQzk3RkMxRUY4MjE1NzFEN0IA,null,text,null,received,3df8b2f7-9dc3-42a0-b858-47bc3c0e8320,null,null,2026-08-01 00:46:35.074956+00,2026-08-01 00:46:35.074956+00
e4eb99f6-8734-45c2-890b-f3d491324900,null,null,whatsapp,inbound,message,wamid.HBgMOTE5NDQ3MDIxMzUzFQIAEhggQUM1RUU2NUIyQTRFOUFFQzg4NTk2Nzk4RjIxQjFDMDkA,null,text,null,received,ba717d16-cc43-4652-9a40-ee041f5d70f7,null,null,2026-08-01 00:46:35.497206+00,2026-08-01 00:46:35.497206+00
d096fc02-46fb-4703-b363-b056d8277d47,00000000-0000-0000-0000-000000000001,1dc2bdca-ae79-4cd5-9d74-961c02cce282,whatsapp,inbound,message,wamid.HBgMOTE3MDE0NjA4OTgxFQIAEhggQUM1Q0I5MUUyQjMwMjI1QTA2MEU0NzE3NDNFQUJGNDYA,null,image,null,received,4753c629-0258-4160-8a23-352111d39b64,null,null,2026-08-01 01:52:46.303923+00,2026-08-01 01:52:46.303923+00
479a464f-1463-4e4f-9a0b-87655f04c4b3,00000000-0000-0000-0000-000000000001,1a3b6c74-26e1-7124-0b5c-7f783d71624d,whatsapp,inbound,message,wamid.HBgMOTE2MzY5MzUzNTI2FQIAEhgUM0EzMzM0NjI4NjVDQjhFQkVENDMA,null,text,null,received,21870747-824f-43e0-a141-bb19541e6c07,null,null,2026-08-01 05:44:53.232091+00,2026-08-01 05:44:53.232091+00
0bd3d939-f25d-4638-8e72-b0045b50b65e,00000000-0000-0000-0000-000000000001,1a3b6c74-26e1-7124-0b5c-7f783d71624d,whatsapp,inbound,message,wamid.HBgMOTE2MzY5MzUzNTI2FQIAEhgUM0E4Qzc2OEYxQjQwODJFOEJEMEYA,null,text,null,received,3e7a0a92-4c6d-4520-bda4-9958284e4380,null,null,2026-08-01 05:44:59.117507+00,2026-08-01 05:44:59.117507+00
56ef9154-b671-43d5-ad60-ed8e0d9b4987,00000000-0000-0000-0000-000000000001,1a3b6c74-26e1-7124-0b5c-7f783d71624d,whatsapp,inbound,message,wamid.HBgMOTE2MzY5MzUzNTI2FQIAEhgUM0E0RDRDQkM3QkRERjIxMjhFRjcA,null,text,null,received,b63ca203-c987-42f2-869b-c493b8519619,null,null,2026-08-01 05:45:06.448784+00,2026-08-01 05:45:06.448784+00
119d6ba8-993a-4b32-aeff-10e9bef630ab,00000000-0000-0000-0000-000000000001,1a3b6c74-26e1-7124-0b5c-7f783d71624d,whatsapp,inbound,message,wamid.HBgMOTE2MzY5MzUzNTI2FQIAEhgUM0FCNDE5RTUwQUU1MTYyMDU1OUMA,null,text,null,received,7d0a7ebd-0f65-48ad-9019-e780b7a77166,null,null,2026-08-01 05:45:36.842737+00,2026-08-01 05:45:36.842737+00
1517b820-c70d-416c-9d5b-54bee5d8ce28,00000000-0000-0000-0000-000000000001,1a3b6c74-26e1-7124-0b5c-7f783d71624d,whatsapp,inbound,message,wamid.HBgMOTE2MzY5MzUzNTI2FQIAEhgUM0E1QjZBNjdDMjMwRkRFNkYxOTAA,null,text,null,received,e681fa45-ad3b-4ead-ab4c-cf527b885d3b,null,null,2026-08-01 05:46:07.148273+00,2026-08-01 05:46:07.148273+00
e08fe198-115d-4539-94c5-127970157236,00000000-0000-0000-0000-000000000001,1a3b6c74-26e1-7124-0b5c-7f783d71624d,whatsapp,inbound,message,wamid.HBgMOTE2MzY5MzUzNTI2FQIAEhgUM0EzMjlFQjMyRTdCNTg2QzA1NEQA,null,text,null,received,715fb233-7f5c-408e-bacb-9c34a45c2999,null,null,2026-08-01 05:46:37.087288+00,2026-08-01 05:46:37.087288+00
41d62d0b-9a52-4f33-9833-12f04561183e,00000000-0000-0000-0000-000000000001,18d86801-3cb7-11d4-8b9d-433429296014,whatsapp,inbound,message,wamid.HBgMOTE5NDg5NzcwNDM0FQIAEhgUNEE4OTZGNTQyN0YwNDdDOUY3N0IA,null,image,null,received,124444ef-3449-43e1-a9cf-1eae27ecbff6,null,null,2026-08-01 05:47:36.241994+00,2026-08-01 05:47:36.241994+00
54c0b601-0003-45ff-9291-a1dd94ede5a8,00000000-0000-0000-0000-000000000001,18d86801-3cb7-11d4-8b9d-433429296014,whatsapp,inbound,message,wamid.HBgMOTE5NDg5NzcwNDM0FQIAEhgUM0E2REQ3NDVGMTAxMDNERDgwM0UA,null,text,null,received,0744762a-835b-4228-9798-0b43929a92de,null,null,2026-08-01 05:47:48.87578+00,2026-08-01 05:47:48.87578+00
e73f3493-5827-4f80-8d60-d0d3409f70c3,00000000-0000-0000-0000-000000000001,be2214d4-f4b5-4c51-825a-83cddbfb06f8,whatsapp,inbound,message,wamid.HBgMOTE4OTAzNTYwMzY4FQIAEhgUNEE1MEJFMEVDMjgzNDYxQUU3MUIA,null,image,null,received,e434f69a-4b84-4f4d-95f4-b214a72a0db3,null,null,2026-08-01 05:59:55.536145+00,2026-08-01 05:59:55.536145+00
a196a71d-2db8-437f-8e76-2e7d06279ee8,00000000-0000-0000-0000-000000000001,ba8dd5e0-ed0e-8b6a-7098-2732476feb31,whatsapp,inbound,message,wamid.HBgMOTE5MDAzNjI4OTYwFQIAEhgUM0EwMjA1MjdBRkQ3OTg3MjRCQjMA,null,image,null,received,0ced52e6-5a18-4057-9f84-d11a77a5fe92,null,null,2026-08-01 06:00:28.487+00,2026-08-01 06:00:28.487+00
5f2d87c5-21c2-4c85-90cf-129ecf63eb64,00000000-0000-0000-0000-000000000001,854c86e3-8b7f-0ca8-f4ac-c6a073699611,whatsapp,inbound,message,wamid.HBgMOTE5ODY0MDU2OTk5FQIAEhggQUMyODVCRDQzMENDOUQyNjk4NUE3MDNBNkQzQjU0OTEA,null,text,null,received,74eaaa38-7e0b-4025-ace2-bddd50311df8,null,null,2026-08-01 06:02:07.97194+00,2026-08-01 06:02:07.97194+00
b9955f82-5c75-4dbe-8d1a-ae5cc82b35fa,00000000-0000-0000-0000-000000000001,854c86e3-8b7f-0ca8-f4ac-c6a073699611,whatsapp,inbound,message,wamid.HBgMOTE5ODY0MDU2OTk5FQIAEhggQUNCQTBDODg0OUExMjA2ODY5MTA5Mjg0MzIzQ0YxMzIA,null,text,null,received,1a16b84f-8688-42c4-9a6c-96b1eafd0a4d,null,null,2026-08-01 06:02:12.550877+00,2026-08-01 06:02:12.550877+00
366a22ef-1ad5-4fdf-a782-99ce22cfa1e3,00000000-0000-0000-0000-000000000001,854c86e3-8b7f-0ca8-f4ac-c6a073699611,whatsapp,inbound,message,wamid.HBgMOTE5ODY0MDU2OTk5FQIAEhggQUM3RDM0REQyQ0VBODAwODcyMTdEREE5MzJCREE2QkUA,null,image,null,received,c3d4fe3f-8f3d-4908-86ef-af5e96505136,null,null,2026-08-01 06:39:50.355029+00,2026-08-01 06:39:50.355029+00
1c6a5a6f-fd02-4a41-8172-b3c60f737fcf,00000000-0000-0000-0000-000000000001,854c86e3-8b7f-0ca8-f4ac-c6a073699611,whatsapp,inbound,message,wamid.HBgMOTE5ODY0MDU2OTk5FQIAEhggQUM1NzM5NDc0OEMwMEFENjVCOTk1MkQ0MUU5QzU2MTcA,null,text,null,received,2b61bf1c-1ce1-4f83-a2f5-37b6e28909eb,null,null,2026-08-01 06:39:59.207222+00,2026-08-01 06:39:59.207222+00
52da116f-5d37-4931-b808-0ffa976c4418,00000000-0000-0000-0000-000000000001,30f37c32-22c8-495f-9468-246790e56559,whatsapp,inbound,message,wamid.HBgMOTE3MjE4NzY3NTAwFQIAEhggQUNDQjdGQjc0OTQ0NzQ5RTg3NTAxRTQ4ODYyN0I1QzkA,null,image,null,received,e4464c76-c1f1-4d48-b8b9-89f54fb93a0f,null,null,2026-08-01 07:14:19.327018+00,2026-08-01 07:14:19.327018+00
54f2973a-605e-43b6-9f13-84f50f510332,null,null,whatsapp,inbound,message,wamid.HBgMOTE2MzY0OTIyMTk0FQIAEhgSRjBGOTA4MDE5NTBGNTlGQkZBAA==,null,text,null,received,fa059a48-ea04-44f5-b9aa-22321b705f3d,null,null,2026-08-01 07:39:22.813042+00,2026-08-01 07:39:22.813042+00
584b4fca-0111-4661-bdfe-0a8939603e75,00000000-0000-0000-0000-000000000001,a7dadee2-80e3-eba0-084f-5f1847bb3aa4,whatsapp,inbound,message,wamid.HBgMOTE5MDM3MDgwMDQzFQIAEhgUNEE2OEY0OEVFMEU4Q0Y1RjRBQjMA,null,image,null,received,975b43a7-40c3-4f35-9cc1-06f10369d194,null,null,2026-08-01 07:56:58.992524+00,2026-08-01 07:56:58.992524+00
aca475af-709c-4652-9327-ba9c1b37e0b2,00000000-0000-0000-0000-000000000001,854c86e3-8b7f-0ca8-f4ac-c6a073699611,whatsapp,inbound,message,wamid.HBgMOTE5ODY0MDU2OTk5FQIAEhggQUM3Rjg5MkM1OTg0RkQ3NkEzMjkyQjMwRjY3OUNDODAA,null,image,null,received,d22aca3c-fa47-41df-80d8-c73f7b11ee11,null,null,2026-08-01 08:51:08.625822+00,2026-08-01 08:51:08.625822+00
59c7af5d-9a7b-4b54-8cb4-10772d0df8f7,00000000-0000-0000-0000-000000000001,d926094a-e5b5-4bc7-af79-7f822211d3f3,whatsapp,inbound,message,wamid.HBgMOTE4ODE5OTgwMDA3FQIAEhggQUMxOEQwMjkyQTdFMURCMUQ0MDMxQjBBNDk1MjFEQTgA,null,image,null,received,c61dbaba-d1bd-4b8c-a763-c03cbb6b9941,null,null,2026-08-01 09:06:43.561162+00,2026-08-01 09:06:43.561162+00
ce0d6809-b99b-41e2-ac6b-351b4cb152ba,00000000-0000-0000-0000-000000000001,b0348aa8-ad9f-d0dd-94e8-c71a6627c930,whatsapp,inbound,message,wamid.HBgMOTE5NjU5Mzc5NTE0FQIAEhgUM0E1QUVGMjExMzZBOEQ2NjA0OEYA,null,image,null,received,f1d076f0-663e-41a5-b36d-7979ede208ad,null,null,2026-08-01 09:57:01.180045+00,2026-08-01 09:57:01.180045+00
9b2f950e-6457-4257-aed5-a8d4114ab417,00000000-0000-0000-0000-000000000001,b0348aa8-ad9f-d0dd-94e8-c71a6627c930,whatsapp,inbound,message,wamid.HBgMOTE5NjU5Mzc5NTE0FQIAEhgUM0FBMTdFRjc1N0FFMzI5MTZBNzAA,null,text,null,received,fc3cd43a-c5ec-49ef-8edd-cff1493ad2f3,null,null,2026-08-01 09:57:05.095328+00,2026-08-01 09:57:05.095328+00
e94c62f8-cbad-4ab7-9e8c-c96aeb521312,00000000-0000-0000-0000-000000000001,b0348aa8-ad9f-d0dd-94e8-c71a6627c930,whatsapp,inbound,message,wamid.HBgMOTE5NjU5Mzc5NTE0FQIAEhgUM0EyRTgyQzZCRkVDNDNBQUFEMEMA,null,text,null,received,c15ef1e6-877d-4661-9712-131911d7e33d,null,null,2026-08-01 09:57:12.348232+00,2026-08-01 09:57:12.348232+00
c25d65d7-a35b-4ce4-bea4-f6dff42dd5e4,00000000-0000-0000-0000-000000000001,d2de48e8-0097-4d6d-8e3d-62ee7c8f2fcd,whatsapp,inbound,message,wamid.HBgMOTE4OTc4MDkzNzQ4FQIAEhggQUNBRkM0ODgzM0VGQUY0NkVGQjRDODVGNTUzNDk3RkYA,null,image,null,received,1048bd80-3ded-4a67-89ee-b96ae548c4d8,null,null,2026-08-01 10:12:38.529926+00,2026-08-01 10:12:38.529926+00
cb0ccb45-d337-4633-880b-ff62b957aaf8,00000000-0000-0000-0000-000000000001,a4ef95bf-1c7c-4c4d-0497-ae38085af6cc,whatsapp,inbound,message,wamid.HBgMOTE5ODQwNDk3MTk3FQIAEhgUNEEyNDVDOEM4NTc0ODQxMUM1RjkA,null,image,null,received,6dbd687b-28a8-4811-92a6-8a0beebca5be,null,null,2026-08-01 10:16:30.742226+00,2026-08-01 10:16:30.742226+00
596ddceb-d738-4105-943b-db0091841919,null,null,whatsapp,inbound,webhook_unparsed,unparsed-f13c2122-02f5-4b13-9c67-feb9c8e85d5c,null,unknown,null,received,4621db73-c88d-461d-8cb7-0796afde9a8f,null,payload_shape_not_recognized,2026-08-01 10:21:56.315083+00,2026-08-01 10:21:56.315083+00
7acf3397-b51b-4f80-b46f-120eeb18cd0b,null,null,whatsapp,inbound,webhook_unparsed,unparsed-68d9d93b-4c7f-487c-95ab-2cc2fe07671e,null,unknown,null,received,aafed5e9-284b-4366-9476-5b8c39f59cbd,null,payload_shape_not_recognized,2026-08-03 08:11:04.799279+00,2026-08-03 08:11:04.799279+00
af4ae176-2b15-43f1-8019-734f0322537c,00000000-0000-0000-0000-000000000001,9eb73523-a830-4796-9317-1a3f4e9e7254,whatsapp,inbound,message,wamid.HBgMOTE3OTk0MjMyMjQzFQIAEhggQUNGMDMwQjUwQUQ1QjQ0REI2MzcyMjBBNDc3NDE4NkEA,null,text,null,received,a8d1f01c-a85a-4839-8a5a-8200436b0c62,null,null,2026-08-03 08:13:49.680046+00,2026-08-03 08:13:49.680046+00
6c01c893-9180-4411-b346-7529e6c9b0da,00000000-0000-0000-0000-000000000001,961c950e-debe-4dd2-8e5f-08bf92bda977,whatsapp,inbound,message,wamid.HBgMOTE4ODM4MTg3ODA0FQIAEhggQUNGMjBFNjBCRjVDQ0U0QkU5NjhCM0QwMDRBNzJFMUYA,null,image,null,received,f547a784-7395-40f3-bcf0-ff85b8aae0d7,null,null,2026-08-03 08:31:35.633793+00,2026-08-03 08:31:35.633793+00
0ee57c80-10e6-462d-97b3-cd6d7a8788f2,00000000-0000-0000-0000-000000000001,961c950e-debe-4dd2-8e5f-08bf92bda977,whatsapp,inbound,message,wamid.HBgMOTE4ODM4MTg3ODA0FQIAEhggQUNDRTYwOTA1RkNENEYxNjQ4MTkyRkQ2Mjk1M0Y0MkMA,null,text,null,received,22320a07-d8ec-4110-aa6b-6c21e9c1b1e2,null,null,2026-08-03 08:32:24.615427+00,2026-08-03 08:32:24.615427+00
72aafc6c-3ce2-4ce5-8a20-efbaa3a1371f,00000000-0000-0000-0000-000000000001,1fc0c3bb-f35c-8d5d-a4fa-a9c1723cd8ab,whatsapp,inbound,message,wamid.HBgMOTE3NTk4ODM3NzAyFQIAEhggQUMyNjIxNEFEOTdCMzBFQkE4NjMxQThFRDRGNzI2NTYA,null,image,null,received,c9782732-dce3-4d3f-9ccb-15f6621e1a9c,null,null,2026-08-03 08:40:16.194724+00,2026-08-03 08:40:16.194724+00
d2e5869c-55fd-4033-9be7-854db00d2922,null,null,whatsapp,inbound,webhook_unparsed,unparsed-daffd3f4-a317-410b-8134-628412dca6c6,null,unknown,null,received,434e7e40-5502-4564-97e9-1b0a1e4385b1,null,payload_shape_not_recognized,2026-08-03 09:42:45.433191+00,2026-08-03 09:42:45.433191+00
1ef2250d-409d-44ad-ab12-99f416496759,00000000-0000-0000-0000-000000000001,c2f58086-b0e6-4083-b634-acc444ebc69f,whatsapp,inbound,message,wamid.HBgMOTE3MzU2MDE1MTk5FQIAEhgUM0E4N0Q0RTc0ODBGQUU5OUU0NjgA,null,text,null,received,af8640ea-8b9d-486d-870b-5a5edb0d51aa,null,null,2026-08-03 09:43:20.457498+00,2026-08-03 09:43:20.457498+00
c67ee3d7-6c3a-40f6-a11c-dba7465dcb72,null,null,whatsapp,inbound,webhook_unparsed,unparsed-c4bfa33c-1cda-4755-82b8-d9dac4dd5efa,null,unknown,null,received,d0194131-59b6-4282-af3a-d20b17dfc9d9,null,payload_shape_not_recognized,2026-08-03 09:51:51.109626+00,2026-08-03 09:51:51.109626+00
3ee133f6-9567-4414-b851-55b1ad143497,null,null,whatsapp,inbound,webhook_unparsed,unparsed-023c9a51-1a8f-4d13-a2cb-52e040257c98,null,unknown,null,received,0c533a80-ffb6-4b2f-b8cb-0267d58a1b9e,null,payload_shape_not_recognized,2026-08-03 09:52:00.047525+00,2026-08-03 09:52:00.047525+00
510e7fa5-0244-4048-8664-a322a0d99660,null,null,whatsapp,inbound,webhook_unparsed,unparsed-63de3032-9f8e-4f55-add5-6b58a57bc488,null,unknown,null,received,cd8503b4-3fff-4672-a00b-e9bb039cfb53,null,payload_shape_not_recognized,2026-08-03 09:52:06.424979+00,2026-08-03 09:52:06.424979+00
f5635ca7-a93c-491c-b52e-2c7a7db193a2,00000000-0000-0000-0000-000000000001,1218c50c-4da4-4f61-baec-5182a25958e3,whatsapp,inbound,message,wamid.HBgMOTE2Mzg1MjgyNDQ0FQIAEhgWM0VCMDI2MUQ2M0NGNzAzRUY2NTFBMwA=,null,text,null,received,38adbf0d-4385-4e56-9203-ae417bbe7055,null,null,2026-08-03 09:55:42.211843+00,2026-08-03 09:55:42.211843+00
4da17cab-75ae-49e6-926e-999c5b817f26,null,null,whatsapp,inbound,webhook_unparsed,unparsed-55927c00-5e9c-4833-a06a-417ef4d3d395,null,unknown,null,received,81f8b77b-9739-4c8b-832d-d64f8c056e10,null,payload_shape_not_recognized,2026-08-03 10:16:51.771169+00,2026-08-03 10:16:51.771169+00
0660e5b7-9f50-4993-abfc-71361d8918d9,null,null,whatsapp,inbound,webhook_unparsed,unparsed-fe462640-237c-4a5b-b6ff-2c936ac29ffd,null,unknown,null,received,4c4b6968-4daa-4218-b831-76a0780305cd,null,payload_shape_not_recognized,2026-08-03 10:17:02.704095+00,2026-08-03 10:17:02.704095+00
6939074f-38e0-4822-b96c-44e133a08128,null,null,whatsapp,inbound,webhook_unparsed,unparsed-93693743-ed1b-43ab-90cf-3e1c3f0dbcb0,null,unknown,null,received,1642d12e-a7c3-4891-962b-951b3e69e51f,null,payload_shape_not_recognized,2026-08-03 10:17:19.563236+00,2026-08-03 10:17:19.563236+00
93a75dd6-6df3-4c81-ae9f-5628947e528c,00000000-0000-0000-0000-000000000001,1218c50c-4da4-4f61-baec-5182a25958e3,whatsapp,inbound,message,wamid.HBgMOTE2Mzg1MjgyNDQ0FQIAEhgUM0FENTVFQjRGNzMwQjU5NTQwREIA,null,text,null,received,fff56684-7f14-449a-a77e-29f0e4aa89c6,null,null,2026-08-03 10:18:11.789555+00,2026-08-03 10:18:11.789555+00
30fe2e7e-7b4a-4fb0-94c6-222c15ace353,00000000-0000-0000-0000-000000000001,1218c50c-4da4-4f61-baec-5182a25958e3,whatsapp,inbound,message,wamid.HBgMOTE2Mzg1MjgyNDQ0FQIAEhgUM0E1OUU4REExNTM3MjI5MzVDOTcA,null,text,null,received,d5753060-dced-46e6-8a32-bfee57ac9ce3,null,null,2026-08-03 10:18:15.419562+00,2026-08-03 10:18:15.419562+00
36d5d30d-426b-4221-abb3-5fae470e3364,00000000-0000-0000-0000-000000000001,1218c50c-4da4-4f61-baec-5182a25958e3,whatsapp,inbound,message,wamid.HBgMOTE2Mzg1MjgyNDQ0FQIAEhgUM0FENkM0OUY2OTMwOTQ0QTYxOUIA,null,text,null,received,ef4bc473-652a-4df0-a597-aa9e9882cf0f,null,null,2026-08-03 10:18:20.297635+00,2026-08-03 10:18:20.297635+00
e8915073-0796-4e50-aa45-fe5374bafe49,null,null,whatsapp,inbound,webhook_unparsed,unparsed-bab84c75-1cf6-46be-a766-609fc1aaedae,null,unknown,null,received,3e682237-0863-42a6-9eee-dbed8bbb87a7,null,payload_shape_not_recognized,2026-08-03 11:13:28.226977+00,2026-08-03 11:13:28.226977+00
cc8c71de-2aaf-4f4d-90e9-4b6f435d6615,null,null,whatsapp,inbound,webhook_unparsed,unparsed-4d672c92-bbfc-430f-a61e-edb7bd4f543d,null,unknown,null,received,937ed732-28d7-4e81-9a3b-320201767a80,null,payload_shape_not_recognized,2026-08-03 11:13:36.107813+00,2026-08-03 11:13:36.107813+00
fc3a0c08-3f3a-4135-be5b-a0d0951d799b,null,null,whatsapp,inbound,webhook_unparsed,unparsed-bf764a42-9f12-4772-9463-dbc0e507d339,null,unknown,null,received,5dd0150f-8bc0-41b4-ad16-a1b7aadc0f1e,null,payload_shape_not_recognized,2026-08-03 11:14:15.320947+00,2026-08-03 11:14:15.320947+00
323fc3fb-a241-4dbe-9acc-2b20e4bb1860,00000000-0000-0000-0000-000000000001,2ba81159-3fd3-401a-b806-4cf09e7dce86,whatsapp,inbound,message,wamid.HBgMOTE5Njg2NDE5MjY5FQIAEhgUM0FGQjQyNDkzOEY0RTg2QkQyM0MA,null,image,null,received,8ebe3201-ea82-48de-8d54-b90efb36b43d,null,null,2026-08-03 13:23:32.221813+00,2026-08-03 13:23:32.221813+00
5333fa5b-06e0-462d-859f-16366ce39a98,00000000-0000-0000-0000-000000000001,be2214d4-f4b5-4c51-825a-83cddbfb06f8,whatsapp,inbound,message,wamid.HBgMOTE4OTAzNTYwMzY4FQIAEhgUM0FDRjhDNEE1NEJCQzczNjhERTYA,null,text,null,received,cbf95c7b-2135-4fa2-bfaa-251ffd458536,null,null,2026-08-03 13:25:05.501478+00,2026-08-03 13:25:05.501478+00
727fa007-6477-4683-9efa-760faf81d77a,00000000-0000-0000-0000-000000000001,38305983-db92-2c3c-7949-96f7ca7833eb,whatsapp,inbound,message,wamid.HBgMOTE3NTE5OTk4ODg4FQIAEhggQUNBRjYxMDRFMTMyNkFCMTU4NjBENTJGRTA3RjVENTAA,null,image,null,received,b637f384-b816-4006-b7c3-4f29ee73aba3,null,null,2026-08-03 16:03:31.829964+00,2026-08-03 16:03:31.829964+00
b6e16e26-831c-421f-a14a-5b4f601851ca,00000000-0000-0000-0000-000000000001,38305983-db92-2c3c-7949-96f7ca7833eb,whatsapp,inbound,message,wamid.HBgMOTE3NTE5OTk4ODg4FQIAEhggQUNGMkEzRENDNTJBMjE4REQxOTcxMTMzNjVBNEE2QjYA,null,text,null,received,8c293e32-4a8b-4f55-9d76-f1e81da65396,null,null,2026-08-03 16:03:50.273328+00,2026-08-03 16:03:50.273328+00
41e388e4-5d28-4979-b64a-d9e78d4761a5,00000000-0000-0000-0000-000000000001,2631ddfd-660e-8719-1876-82cf88e13a60,whatsapp,inbound,message,wamid.HBgMOTE4Mjg5OTE2MTQxFQIAEhggQUM5ODkyMEQ5OEVCRUIyNTM2MEUzOTY1NUE2NTdDQUUA,null,image,null,received,6dda41e6-42b4-431d-8d7a-990de6be35f5,null,null,2026-08-03 16:55:46.011388+00,2026-08-03 16:55:46.011388+00
1d503ed6-c873-496b-9ebb-c737d0ca2ac5,00000000-0000-0000-0000-000000000001,2631ddfd-660e-8719-1876-82cf88e13a60,whatsapp,inbound,message,wamid.HBgMOTE4Mjg5OTE2MTQxFQIAEhggQUNDODYwRjM4MUMwNTY2MTNCMTQ2RkRCMERCMjJGMEUA,null,text,null,received,0a98d88d-f045-421b-be6b-0948273b5dd6,null,null,2026-08-03 16:56:05.591285+00,2026-08-03 16:56:05.591285+00
76538e16-323b-4d55-b308-9f1eb15b4d1b,00000000-0000-0000-0000-000000000001,1604768e-85d5-4c44-882a-b748eddc1f37,whatsapp,inbound,message,wamid.HBgMOTE4OTIxNDUxNDAxFQIAEhggQUMwMzY4QTY4QzBFNDQ5NDY4ODlERkZFRUJDMkNBNUEA,null,image,null,received,68853457-3f05-4e67-b322-c6eb73c7650e,null,null,2026-08-04 03:54:44.184008+00,2026-08-04 03:54:44.184008+00
4a1766d0-b03c-4287-b577-f9c4e2603c14,00000000-0000-0000-0000-000000000001,c2f58086-b0e6-4083-b634-acc444ebc69f,whatsapp,inbound,message,wamid.HBgMOTE3MzU2MDE1MTk5FQIAEhgUNEEzREFDNjVENzdGQUI2MzA5MjYA,null,image,null,received,6d9d664a-58f3-4bfd-8bd1-3ea27f52141a,null,null,2026-08-04 05:15:53.994816+00,2026-08-04 05:15:53.994816+00
6f840ef6-12eb-4193-ac20-8d5ed7c560fb,00000000-0000-0000-0000-000000000001,6e52de53-d0e1-4fff-871f-36aa18ac4720,whatsapp,inbound,message,wamid.HBgMOTE5OTQ0NTk1NTI1FQIAEhggQUM2RDVCMEIxQjA5MzdFNjFGRTUyODg0QTlDQ0I3QTAA,null,image,null,received,c6064b86-0c14-470d-a784-5a5e41263dd8,null,null,2026-08-04 06:15:22.229266+00,2026-08-04 06:15:22.229266+00
766799f5-8e2d-46ff-ae86-fe4e1a9d22fc,00000000-0000-0000-0000-000000000001,55e6e452-fae2-a5ac-3c12-21424bffbcac,whatsapp,inbound,message,wamid.HBgMOTE4MTQzNDI4ODkzFQIAEhgUM0E4NzU0QTFBOTQ0MTJDOUYwMjgA,null,text,null,received,06c933b2-50ee-46f1-8088-e29f2f789682,null,null,2026-08-04 06:42:31.440743+00,2026-08-04 06:42:31.440743+00
73f77854-ddf7-492e-873a-09bccd64cd73,null,null,whatsapp,inbound,webhook_unparsed,unparsed-003c1484-05de-4a72-b99e-981584202a7d,null,unknown,null,received,a1f2a19d-f8d4-40bb-8f39-a4f9bb462def,null,payload_shape_not_recognized,2026-08-04 06:43:25.22918+00,2026-08-04 06:43:25.22918+00
a64527fe-d8d6-4876-8a1b-0b212c33f1b6,00000000-0000-0000-0000-000000000001,55e6e452-fae2-a5ac-3c12-21424bffbcac,whatsapp,inbound,message,wamid.HBgMOTE4MTQzNDI4ODkzFQIAEhgUM0E0NDAyQ0Y4MTUxQzQ5NzI0ODMA,null,text,null,received,5d784f3c-bdd1-4c81-a63f-d269ee4a5d64,null,null,2026-08-04 06:43:31.719718+00,2026-08-04 06:43:31.719718+00
fcd9d5e4-634c-4ec1-b37d-9cf874f6dbab,null,null,whatsapp,inbound,webhook_unparsed,unparsed-6cbd2c35-e373-4489-bbf0-685e2a82de59,null,unknown,null,received,98ca420d-193e-49a5-b32f-89bcae07e50c,null,payload_shape_not_recognized,2026-08-04 06:43:56.370429+00,2026-08-04 06:43:56.370429+00
5e047fd4-d58d-451e-a9a9-338873a6883c,00000000-0000-0000-0000-000000000001,55e6e452-fae2-a5ac-3c12-21424bffbcac,whatsapp,inbound,message,wamid.HBgMOTE4MTQzNDI4ODkzFQIAEhgUM0E5NkE4NUY2OTMwMDcwODNBNDUA,null,text,null,received,7159f1cb-4b61-4462-b35e-509a094fb7d2,null,null,2026-08-04 06:44:48.099144+00,2026-08-04 06:44:48.099144+00
8b94966f-ed82-4f9c-9e37-b6dacc4c1011,null,null,whatsapp,inbound,webhook_unparsed,unparsed-2224089d-8385-4c2a-badb-6402e6940d42,null,unknown,null,received,d265a104-77fb-42db-b9b9-ea7fb07156b8,null,payload_shape_not_recognized,2026-08-04 06:44:53.21703+00,2026-08-04 06:44:53.21703+00
7d6da373-6fae-494a-a98f-b15169f6c30d,00000000-0000-0000-0000-000000000001,55e6e452-fae2-a5ac-3c12-21424bffbcac,whatsapp,inbound,message,wamid.HBgMOTE4MTQzNDI4ODkzFQIAEhgUM0E4NzQzQTlDMzE5NjdFN0Q3QkQA,null,text,null,received,5d5a2e36-65ce-4a0f-922a-981ab6508090,null,null,2026-08-04 06:45:10.407647+00,2026-08-04 06:45:10.407647+00
39285507-a930-4303-978a-1d91246a17ee,null,null,whatsapp,inbound,webhook_unparsed,unparsed-d8d8319f-23d7-48d6-a2ee-894434939c42,null,unknown,null,received,e3f95df9-8bdb-40c6-aefa-bf9fa193d0bb,null,payload_shape_not_recognized,2026-08-04 06:45:35.963382+00,2026-08-04 06:45:35.963382+00
4192031b-523a-480e-a5b2-1de089a879c0,00000000-0000-0000-0000-000000000001,55e6e452-fae2-a5ac-3c12-21424bffbcac,whatsapp,inbound,message,wamid.HBgMOTE4MTQzNDI4ODkzFQIAEhgUM0ExNENBQzQ5REQ5MTg2MjI0QkQA,null,text,null,received,3e0990ca-2457-4c64-ad38-96f9cad034ac,null,null,2026-08-04 06:46:09.039555+00,2026-08-04 06:46:09.039555+00
938473b2-da17-40a2-9664-e4644d7195bb,null,null,whatsapp,inbound,webhook_unparsed,unparsed-d4752291-fa00-462b-8a9d-98067b6519de,null,unknown,null,received,feb9ec8e-8a38-4a23-8896-bffc2e34369b,null,payload_shape_not_recognized,2026-08-04 06:46:09.835873+00,2026-08-04 06:46:09.835873+00
d039ebbd-2c12-4819-adf2-ce3eecc07b5f,00000000-0000-0000-0000-000000000001,55e6e452-fae2-a5ac-3c12-21424bffbcac,whatsapp,inbound,message,wamid.HBgMOTE4MTQzNDI4ODkzFQIAEhgUM0ExQkMyMjU4NTM0Njc5NTZDNDAA,null,text,null,received,ec230f39-6c8c-4ea4-a7ef-57b7a934b7d3,null,null,2026-08-04 06:46:51.35623+00,2026-08-04 06:46:51.35623+00
9231fd05-5b64-4d2f-87c2-1d328a1cc02c,00000000-0000-0000-0000-000000000001,55e6e452-fae2-a5ac-3c12-21424bffbcac,whatsapp,inbound,message,wamid.HBgMOTE4MTQzNDI4ODkzFQIAEhgUM0E1RTczODExRjFGNDc5QTJFQjIA,null,text,null,received,090b53b5-93d0-404e-b94f-d77856ebf723,null,null,2026-08-04 06:46:56.113758+00,2026-08-04 06:46:56.113758+00
effa5ef2-24fd-4b48-ba58-f386a6e6b623,null,null,whatsapp,inbound,webhook_unparsed,unparsed-f34eac1f-be26-49d4-98e5-f0b22d8b5278,null,unknown,null,received,4f71005e-2465-454f-8a62-16cea0d5c341,null,payload_shape_not_recognized,2026-08-04 06:57:55.036395+00,2026-08-04 06:57:55.036395+00
377d360d-e15c-4e55-b236-76c505cdc326,null,null,whatsapp,inbound,webhook_unparsed,unparsed-d1cf5e37-9322-47b1-ac3a-11fcebf7193c,null,unknown,null,received,e3951ce3-2ea9-4e5e-b832-0635c029880f,null,payload_shape_not_recognized,2026-08-04 06:58:00.42125+00,2026-08-04 06:58:00.42125+00
afe9e282-b98d-4226-8176-558272f26a2d,null,null,whatsapp,inbound,webhook_unparsed,unparsed-eb8586e2-7798-447e-b3ba-ee0e9ebe3115,null,unknown,null,received,68beed0a-7d0b-4a69-b3c3-28140b189778,null,payload_shape_not_recognized,2026-08-04 07:00:30.980286+00,2026-08-04 07:00:30.980286+00
e50b11b1-628c-4522-a484-3a35b2987e95,00000000-0000-0000-0000-000000000001,073e4bd7-f1f1-49d3-604f-c365b9952a6c,whatsapp,inbound,message,wamid.HBgMOTE5MDgwMTU1ODI2FQIAEhggQUMzMDcxOTNFOTg2REU1NDMwRkZBQzg4NEY2NzVDOUIA,null,image,null,received,0ae1fbbb-b28a-4161-b7f7-67a2c427bee9,null,null,2026-08-04 07:06:03.102074+00,2026-08-04 07:06:03.102074+00
aaebbfcd-35ee-453c-a1c4-5b63d5806ce2,00000000-0000-0000-0000-000000000001,073e4bd7-f1f1-49d3-604f-c365b9952a6c,whatsapp,inbound,message,wamid.HBgMOTE5MDgwMTU1ODI2FQIAEhggQUM4NEM3NTE3NUQ3OUMzOTU4NTA5NzcyMTQxNUZBRkMA,null,text,null,received,787f742f-1637-4488-9215-8b94f0f98f4e,null,null,2026-08-04 07:06:06.640376+00,2026-08-04 07:06:06.640376+00
9fdae077-8b34-4150-a328-487679dcc81e,00000000-0000-0000-0000-000000000001,073e4bd7-f1f1-49d3-604f-c365b9952a6c,whatsapp,inbound,message,wamid.HBgMOTE5MDgwMTU1ODI2FQIAEhggQUMyNzFFQUY3QzlFMUU2MTIyOUY1M0I4RkJFMkJCQzYA,null,image,null,received,25fc9f8a-4a80-4845-849d-abf704a6b55c,null,null,2026-08-04 07:06:26.648327+00,2026-08-04 07:06:26.648327+00
532d77ad-ffd0-4200-9036-31cd6474e218,null,null,whatsapp,inbound,webhook_unparsed,unparsed-c3a21a36-f4bf-46f9-bf25-daa919f911dd,null,unknown,null,received,071ff009-4f18-4bce-8519-4fa93774894c,null,payload_shape_not_recognized,2026-08-04 07:09:03.844296+00,2026-08-04 07:09:03.844296+00
cc6999e2-e653-4dba-b80e-27bc8b74dd3c,null,null,whatsapp,inbound,webhook_unparsed,unparsed-0f1eb200-318b-4ac6-b765-a077accf5ca4,null,unknown,null,received,b537d318-e329-472c-943a-d46b1288ea69,null,payload_shape_not_recognized,2026-08-04 07:09:20.370319+00,2026-08-04 07:09:20.370319+00
72ffc5cf-59b4-4403-98df-cc3990395496,null,null,whatsapp,inbound,webhook_unparsed,unparsed-e1db6214-893f-4242-a0ac-0a8859d1b53f,null,unknown,null,received,a4250c7a-66e8-42e4-8e4d-7e5c6770bb4c,null,payload_shape_not_recognized,2026-08-04 07:09:27.074518+00,2026-08-04 07:09:27.074518+00
10323239-3786-4e8a-b052-fb881ea4c16e,null,null,whatsapp,inbound,webhook_unparsed,unparsed-a7d92477-fe5f-47cf-b1d0-8b515f6ca93c,null,unknown,null,received,1d033eb5-f682-44b9-a353-3bc699ff90a2,null,payload_shape_not_recognized,2026-08-04 07:11:41.7921+00,2026-08-04 07:11:41.7921+00
c651c0bc-1bcc-4b55-a643-499a4f84ed6e,null,null,whatsapp,inbound,webhook_unparsed,unparsed-3bd4caa4-5299-4ccf-a231-a5d5b7bf3d39,null,unknown,null,received,b4c4626b-aaef-41b9-9aa4-5ec48d99d90c,null,payload_shape_not_recognized,2026-08-04 07:12:12.465091+00,2026-08-04 07:12:12.465091+00
e67032af-63d6-45f6-b467-334d161ad8f1,00000000-0000-0000-0000-000000000001,8fd367e7-7404-4ef6-530b-a40219a48f1e,whatsapp,inbound,message,wamid.HBgMOTE4NTAwODQwMjc5FQIAEhgUM0E1MzI3QjVEMUM2NjQxODUzQkQA,null,text,null,received,a63000cd-3bf2-447a-a705-b32face83934,null,null,2026-08-04 07:14:01.21019+00,2026-08-04 07:14:01.21019+00
be02791b-068e-442d-8eb5-32b1cb4b2cf6,00000000-0000-0000-0000-000000000001,8fd367e7-7404-4ef6-530b-a40219a48f1e,whatsapp,inbound,message,wamid.HBgMOTE4NTAwODQwMjc5FQIAEhgUM0FDQTkzQzlBNDAyMDZEMUM3NTYA,null,text,null,received,00bf0b94-8eef-4ae1-b3fc-00912548dc19,null,null,2026-08-04 07:14:16.646605+00,2026-08-04 07:14:16.646605+00
60a755f1-3c46-4c5f-86c4-d9171458980c,00000000-0000-0000-0000-000000000001,8fd367e7-7404-4ef6-530b-a40219a48f1e,whatsapp,inbound,message,wamid.HBgMOTE4NTAwODQwMjc5FQIAEhgUM0EzRTk1NzhGOTAzNDU5RkQ5MDMA,null,text,null,received,dc9249d5-06be-4c51-b0ee-cb58277902e5,null,null,2026-08-04 07:14:32.634857+00,2026-08-04 07:14:32.634857+00
fb9a7fef-5cdf-4bf2-a338-30956e4abdad,00000000-0000-0000-0000-000000000001,8fd367e7-7404-4ef6-530b-a40219a48f1e,whatsapp,inbound,message,wamid.HBgMOTE4NTAwODQwMjc5FQIAEhgUM0E2RDA2NjkwM0RBQUIwMTJDMzUA,null,text,null,received,2036c490-d94a-47dd-96bd-ad920c5320ea,null,null,2026-08-04 07:14:42.395032+00,2026-08-04 07:14:42.395032+00
a7223336-1eb0-4aec-a1dc-3a1510b58c02,00000000-0000-0000-0000-000000000001,1a3b6c74-26e1-7124-0b5c-7f783d71624d,whatsapp,inbound,message,wamid.HBgMOTE2MzY5MzUzNTI2FQIAEhgUM0EyQUUyNkYwNTREMDcyMUJERDQA,null,image,null,received,b5cda2c2-2a04-41c2-a28b-a3397fc4c466,null,null,2026-08-04 07:30:07.860992+00,2026-08-04 07:30:07.860992+00
2fa3db19-cf4d-4f95-a640-4afed6d6586f,00000000-0000-0000-0000-000000000001,890b32d9-f754-8150-5a18-8a21fcdf3828,whatsapp,inbound,message,wamid.HBgMOTE5MDcyODY4Nzk1FQIAEhgUNEFCQzgwMDI3QzY2N0E4Q0Y2RjAA,null,image,null,received,56a1ff4d-b716-48bb-aac1-df889e413831,null,null,2026-08-04 07:35:26.438551+00,2026-08-04 07:35:26.438551+00
42727ddf-9126-4c09-a961-220745c54a94,00000000-0000-0000-0000-000000000001,f284b25b-d762-1399-a12e-ba7ffa6b6f97,whatsapp,inbound,message,wamid.HBgMOTE5NTY2ODgwNjcwFQIAEhgUNEFFM0FGNDRDODYxQUFDMDZBMTUA,null,image,null,received,9dc92eec-d596-4f5f-a98b-aed52dc082c2,null,null,2026-08-04 07:49:39.934771+00,2026-08-04 07:49:39.934771+00
964d68d2-f29b-4708-ad2f-75415bae9e99,null,null,whatsapp,inbound,webhook_unparsed,unparsed-76cd77bd-5625-44b2-b776-72e1ad369b65,null,unknown,null,received,8fc0053d-40c5-4f27-9676-dc4e18550f49,null,payload_shape_not_recognized,2026-08-04 07:50:57.61792+00,2026-08-04 07:50:57.61792+00
218593f3-e643-4dda-89a9-10727faedf63,null,null,whatsapp,inbound,webhook_unparsed,unparsed-08614973-0da4-435e-9205-2fc70b7ea8ec,null,unknown,null,received,e5ee8f9b-0d0d-4b63-9c0f-9527f7a11612,null,payload_shape_not_recognized,2026-08-04 07:52:28.340131+00,2026-08-04 07:52:28.340131+00
b54860c2-782b-42ae-a42a-47c4c48b4e5a,00000000-0000-0000-0000-000000000001,8fd367e7-7404-4ef6-530b-a40219a48f1e,whatsapp,inbound,message,wamid.HBgMOTE4NTAwODQwMjc5FQIAEhgUM0FGOEI4RTNGNUU2QzAyMDFCRTQA,null,text,null,received,498e5d3b-11a4-4a7b-ab25-ebd6b4ed3485,null,null,2026-08-04 07:53:12.320599+00,2026-08-04 07:53:12.320599+00
db971ed7-be80-4561-8cca-126bf0ac2b92,null,null,whatsapp,inbound,webhook_unparsed,unparsed-dd55241f-9510-4100-aa89-86fef2e23cde,null,unknown,null,received,1babe0c9-7cf1-4de5-ae6a-91fbc61e05d8,null,payload_shape_not_recognized,2026-08-04 07:54:00.58779+00,2026-08-04 07:54:00.58779+00
cb5287b8-53f8-4be5-bffb-3746131aea1a,null,null,whatsapp,inbound,webhook_unparsed,unparsed-036728b5-3f5a-45e7-8d3f-e61bef918383,null,unknown,null,received,a8a634e0-4475-4f31-b87e-26a9365ec971,null,payload_shape_not_recognized,2026-08-04 07:54:13.601983+00,2026-08-04 07:54:13.601983+00
335ab810-3210-49c2-9887-0531ad979435,00000000-0000-0000-0000-000000000001,8fd367e7-7404-4ef6-530b-a40219a48f1e,whatsapp,inbound,message,wamid.HBgMOTE4NTAwODQwMjc5FQIAEhgUM0FBM0MyMzM0RDk4MEI3QkREREIA,null,text,null,received,36a19020-deca-4590-aa3e-882023df56e5,null,null,2026-08-04 08:00:35.86405+00,2026-08-04 08:00:35.86405+00
4dcc8ddd-4100-4531-be74-db83097ccfe5,null,null,whatsapp,inbound,webhook_unparsed,unparsed-16ef6a2d-34fd-4f87-9f96-1417a5a7d208,null,unknown,null,received,10799cd9-fd98-4bc4-8181-9a973ca44eba,null,payload_shape_not_recognized,2026-08-04 08:08:19.509141+00,2026-08-04 08:08:19.509141+00
7b0de190-01a9-4898-a8ff-7252212969ed,00000000-0000-0000-0000-000000000001,71a9340d-9832-4609-a110-d9b5aaffc020,whatsapp,inbound,message,wamid.HBgMOTE5OTEwNDQ2MjQ3FQIAEhgUM0FBMTREQjdGRDFGMDc5QzFBOTYA,null,image,null,received,73732acd-c097-4d62-a04d-68d3f34fd1a2,null,null,2026-08-04 08:24:30.048962+00,2026-08-04 08:24:30.048962+00
9cb62d2c-bfa2-496e-ae83-10f19da8c08e,00000000-0000-0000-0000-000000000001,1218c50c-4da4-4f61-baec-5182a25958e3,whatsapp,inbound,message,wamid.HBgMOTE2Mzg1MjgyNDQ0FQIAEhgUM0E4MDE2RjJBMTAyMkE4NTE5NzMA,null,text,null,received,59161fd3-3131-49ad-9ba4-e619e71459f6,null,null,2026-08-04 08:25:31.574053+00,2026-08-04 08:25:31.574053+00
e41c46ab-0857-47de-845b-416d3ed9420e,00000000-0000-0000-0000-000000000001,1218c50c-4da4-4f61-baec-5182a25958e3,whatsapp,inbound,message,wamid.HBgMOTE2Mzg1MjgyNDQ0FQIAEhgUNEE3NTJDMzFFRENCRDdBMTU2M0EA,null,image,null,received,adebbf69-5270-4c27-882f-d4c702611952,null,null,2026-08-04 08:26:29.309081+00,2026-08-04 08:26:29.309081+00
48c2c49a-6fd6-4971-9704-05f137b62d38,00000000-0000-0000-0000-000000000001,e9138531-774b-4761-92b5-ba28b517d0dd,whatsapp,inbound,message,wamid.HBgMOTE2MjAxNTcwMDcyFQIAEhggQUNBNEFFRDMyQ0IwMDRCNUIwMzVCM0ZEOTQ2QUM0N0MA,null,text,null,received,325d04ef-3d53-4974-aa23-fa99c70d278b,null,null,2026-08-04 10:43:49.470469+00,2026-08-04 10:43:49.470469+00
0d0db015-2b9e-4f07-8940-5a69d47d4af1,00000000-0000-0000-0000-000000000001,e9138531-774b-4761-92b5-ba28b517d0dd,whatsapp,inbound,message,wamid.HBgMOTE2MjAxNTcwMDcyFQIAEhggQUM1Q0REODY0MjE1NUQ0MzY2MTExQUFDOEY1MjFCQjUA,null,image,null,received,dc0c60e3-1a2c-4c50-afb2-2fca91a63c80,null,null,2026-08-04 10:43:57.082534+00,2026-08-04 10:43:57.082534+00
920889b6-92e2-4652-85a5-a94727f7a660,null,null,whatsapp,inbound,webhook_unparsed,unparsed-871f48f4-915a-4a76-a616-82b533e55509,null,unknown,null,received,4cddf827-daf8-4939-ae6f-54c3e6cc7640,null,payload_shape_not_recognized,2026-08-04 11:03:19.449703+00,2026-08-04 11:03:19.449703+00
24a51311-67e2-4a6e-8056-ab6158218a09,null,null,whatsapp,inbound,webhook_unparsed,unparsed-9f110f8b-4f3a-4509-abd6-747aa755b12a,null,unknown,null,received,2e87b00c-f9d7-44e3-a14e-0c65a0dcce47,null,payload_shape_not_recognized,2026-08-04 11:06:25.238705+00,2026-08-04 11:06:25.238705+00
85b6fbfd-2fe1-4ebc-b473-84a736a38273,00000000-0000-0000-0000-000000000001,65dd3a53-9f8a-4d86-8de1-c52a46dcb5cf,whatsapp,inbound,message,wamid.HBgMOTE2MDAyNzA5NDk2FQIAEhgUM0EwMzNCMEQxNUMyMzBBM0FENDQA,null,text,null,received,89040cd1-53ed-421e-8d3f-6cc10ff86bd8,null,null,2026-08-04 11:13:00.615843+00,2026-08-04 11:13:00.615843+00
98a57da3-beb2-40ff-af71-cc76567bce42,null,null,whatsapp,inbound,webhook_unparsed,unparsed-c41a356e-b303-490e-8d34-dff25417aa43,null,unknown,null,received,1b809f00-7e65-453a-bda3-d89b7a87b1cc,null,payload_shape_not_recognized,2026-08-04 11:14:58.712325+00,2026-08-04 11:14:58.712325+00
cddf5849-7f17-4319-afd3-5058233279dc,00000000-0000-0000-0000-000000000001,65dd3a53-9f8a-4d86-8de1-c52a46dcb5cf,whatsapp,inbound,message,wamid.HBgMOTE2MDAyNzA5NDk2FQIAEhgUM0EwMkFBQkVEMTM1NzIyREU2REIA,null,text,null,received,509d0543-7d8c-464f-90a2-6d6c1b6a77f3,null,null,2026-08-04 11:15:22.847314+00,2026-08-04 11:15:22.847314+00
2976e75e-6730-4fbd-bd2e-916353bba8d6,null,null,whatsapp,inbound,webhook_unparsed,unparsed-095bf583-6676-401d-a119-7f61e4ccdddb,null,unknown,null,received,610eab18-d791-4b73-9370-476d08a27dbc,null,payload_shape_not_recognized,2026-08-04 11:25:26.741641+00,2026-08-04 11:25:26.741641+00
5bed4754-23c4-4f23-9267-403364f6403b,null,null,whatsapp,inbound,webhook_unparsed,unparsed-bedec89a-6197-4b3e-b6bb-fa17df1d8441,null,unknown,null,received,9a72d947-1f72-482d-8fcd-d739ee51eae9,null,payload_shape_not_recognized,2026-08-04 11:25:30.447806+00,2026-08-04 11:25:30.447806+00
9db09ecf-db86-4c0f-a24a-c7ad8499e876,null,null,whatsapp,inbound,webhook_unparsed,unparsed-c8c5c35c-e9b5-4f02-9622-7902dbafe99e,null,unknown,null,received,c8518242-5a64-4a44-acf0-9e58dd45a4de,null,payload_shape_not_recognized,2026-08-04 11:25:35.044001+00,2026-08-04 11:25:35.044001+00
99b93187-1487-4f3f-b2dd-9aea733c2af9,null,null,whatsapp,inbound,webhook_unparsed,unparsed-e625bb0f-019b-4886-8927-ba916984791a,null,unknown,null,received,67c59c4c-2696-4c48-b864-fe37d74758f9,null,payload_shape_not_recognized,2026-08-04 11:25:38.28472+00,2026-08-04 11:25:38.28472+00
69753c70-aa84-46c8-b273-28f69ec542ff,null,null,whatsapp,inbound,webhook_unparsed,unparsed-3db226a2-7528-413c-9a44-eb47561e6bc2,null,unknown,null,received,56388ada-2d76-45f4-b98a-d4ffe3a9dd56,null,payload_shape_not_recognized,2026-08-04 11:26:20.477677+00,2026-08-04 11:26:20.477677+00
1fa3067c-9958-4746-b294-e55570a0261c,null,null,whatsapp,inbound,webhook_unparsed,unparsed-7d32253b-8bf0-456f-8d55-7cd8b8701b0b,null,unknown,null,received,3d65167a-de1e-49d9-90fa-b8e7e689c422,null,payload_shape_not_recognized,2026-08-04 11:28:23.570635+00,2026-08-04 11:28:23.570635+00
52c5fb95-dd2d-4cdc-b06a-34fdbcfa6da2,null,null,whatsapp,inbound,webhook_unparsed,unparsed-c58c87ce-f1b6-4f8c-b0e7-0ad22c3ca5db,null,unknown,null,received,429aed9e-af08-4482-a81f-76cc74975a75,null,payload_shape_not_recognized,2026-08-04 11:28:31.132875+00,2026-08-04 11:28:31.132875+00
5f072460-f883-453c-b1c0-683fe622f579,00000000-0000-0000-0000-000000000001,65dd3a53-9f8a-4d86-8de1-c52a46dcb5cf,whatsapp,inbound,message,wamid.HBgMOTE2MDAyNzA5NDk2FQIAEhgUM0E0NjQ1M0M3QTZFOUUzRDY5MzIA,null,text,null,received,835ada8e-5ed7-4bcb-8b17-44b476007545,null,null,2026-08-04 11:35:07.96663+00,2026-08-04 11:35:07.96663+00
3bea5a61-c0c4-4c49-afe0-3436422851ac,null,null,whatsapp,inbound,webhook_unparsed,unparsed-1af43aa8-f833-4aed-9df6-eb010715018d,null,unknown,null,received,96c806e2-97ab-47ae-8306-20287d3e241f,null,payload_shape_not_recognized,2026-08-04 11:36:25.377949+00,2026-08-04 11:36:25.377949+00
56641b5a-38f3-4880-82af-8cb1eeba9c93,null,null,whatsapp,inbound,webhook_unparsed,unparsed-7ca97bb2-2933-4083-91d7-978dd7418e1b,null,unknown,null,received,dfca785c-8efb-4b8d-837c-062b6261619e,null,payload_shape_not_recognized,2026-08-04 11:37:12.323597+00,2026-08-04 11:37:12.323597+00
053c05c4-5b2f-4314-bca4-9fbd50c0af68,00000000-0000-0000-0000-000000000001,8971261e-a813-477f-94c0-0a9661dc4c34,whatsapp,inbound,message,wamid.HBgMOTE4MDU2Nzg1MDM4FQIAEhgUNEEwRjIzMEVBQjBGNkRBNUVBNjAA,null,image,null,received,c681ed8a-2b41-4a22-8f52-4ed3590b4a64,null,null,2026-08-04 12:03:44.467305+00,2026-08-04 12:03:44.467305+00
2a0bdf70-8991-4ff0-badd-f7557017325b,00000000-0000-0000-0000-000000000001,8971261e-a813-477f-94c0-0a9661dc4c34,whatsapp,inbound,message,wamid.HBgMOTE4MDU2Nzg1MDM4FQIAEhgUM0EwMjU3Mjc1QzgzQ0Q3NzBDRDgA,null,text,null,received,5d28dc9c-26aa-477a-9356-0b018d16d38a,null,null,2026-08-04 12:04:45.504309+00,2026-08-04 12:04:45.504309+00
78cc6c24-4782-40d1-ae91-ec526ee4f995,00000000-0000-0000-0000-000000000001,72ac33cc-b9b2-9cc4-47fd-d37096c8f30d,whatsapp,inbound,message,wamid.HBgMOTE5NDkxNjQ2MjAyFQIAEhgUNEFDNTNFRTI2MTQzM0JBNUU4QUYA,null,image,null,received,acd7bbf2-5b50-422f-9507-d80cf347d5a2,null,null,2026-08-04 14:18:03.718858+00,2026-08-04 14:18:03.718858+00
1871be2e-ac5b-4190-81c5-ed39a9de9b21,00000000-0000-0000-0000-000000000001,011b7d1c-5697-5394-c05b-fa0473640657,whatsapp,inbound,message,wamid.HBgMOTE5NDg5MTE5Mjc1FQIAEhggQUMyQTI1Qjc2MjhGRTgzQTFCNzFDOUJENUE0RTcyRTUA,null,image,null,received,1a1d718e-f420-447f-8614-aa15b5deabbf,null,null,2026-08-04 14:42:15.251209+00,2026-08-04 14:42:15.251209+00
2926802f-42d7-4ebe-ab47-eeb200ff8127,00000000-0000-0000-0000-000000000001,cf1318a5-0564-4af6-d90e-c3e76de1ef08,whatsapp,inbound,message,wamid.HBgMOTE2Mzc5MTQxNzE1FQIAEhggQUNBNUEwMDg2NzUwQkFCNkI4MkVFNzY1QjU4RjE2REEA,null,image,null,received,fb4345f3-abbf-4f7e-8eb1-4964a9524712,null,null,2026-08-04 17:38:09.853295+00,2026-08-04 17:38:09.853295+00
a16dcf96-9e8d-4113-aec0-4cd2bf93402e,00000000-0000-0000-0000-000000000001,9541a16d-d020-eb78-80f1-a4a2d4b7775f,whatsapp,inbound,message,wamid.HBgMOTE5NjYzNjc3MDMyFQIAEhggQUMxOUJCREE0QUE1NDEzNTk1NEQ2OEYyOEIyOUYzNzAA,null,image,null,received,b90548d3-4707-42d3-a61a-c5685c0cebc7,null,null,2026-08-05 02:04:36.405468+00,2026-08-05 02:04:36.405468+00
5abb342a-6884-40ce-adaf-f550a8097995,00000000-0000-0000-0000-000000000001,491b8136-32a1-37c5-5253-b53ff3991d86,whatsapp,inbound,message,wamid.HBgMOTE4OTY5OTA0MjU3FQIAEhggQUNDNTM1M0IwOUJFMkQ5QkRFQThDNjA0MzJEQkY0N0YA,null,text,null,received,b6d3ef77-4770-41bf-8215-19b3a192a9f9,null,null,2026-08-05 02:36:39.753072+00,2026-08-05 02:36:39.753072+00
5f01883a-dfeb-46e0-84b6-3781f8add054,00000000-0000-0000-0000-000000000001,9eb73523-a830-4796-9317-1a3f4e9e7254,whatsapp,inbound,message,wamid.HBgMOTE3OTk0MjMyMjQzFQIAEhggQUM2ODA2Q0UxOENFRDY2RTVDMTFGMjhCRDU5NjU5NDcA,null,image,null,received,518cfd5c-683a-4aa4-bc1c-d1fdce1e41a2,null,null,2026-08-05 03:39:04.218164+00,2026-08-05 03:39:04.218164+00
3ac48433-a118-4f53-ba40-d4c709c54e8b,00000000-0000-0000-0000-000000000001,be2214d4-f4b5-4c51-825a-83cddbfb06f8,whatsapp,inbound,message,wamid.HBgMOTE4OTAzNTYwMzY4FQIAEhgUNEE4Rjc2MTM1REFFNzZGMTcxOEUA,null,image,null,received,aba87e02-f259-43e6-b118-e3fd01d7483c,null,null,2026-08-05 03:41:22.561751+00,2026-08-05 03:41:22.561751+00
e0e9ecfe-9d55-42b2-ac47-fd7e59b8c1e1,00000000-0000-0000-0000-000000000001,49355947-7605-ec5f-7d81-a6597f38d76b,whatsapp,inbound,message,wamid.HBgMOTE5Njc2MTMzODc2FQIAEhggQTUwN0YzMTRGOEFFNEQ3REI5QTFCQUJBOEVBMzAwNzgA,null,image,null,received,7216df55-2751-4bb4-9a53-5f597fe2a650,null,null,2026-08-05 04:01:57.060915+00,2026-08-05 04:01:57.060915+00
86e91b78-6df0-45dc-bac2-60b11e3a5c38,null,null,whatsapp,inbound,webhook_unparsed,unparsed-d97f5a15-d47d-45e6-99e1-322436c2ac65,null,unknown,null,received,84420c87-59f6-46d5-b027-e31b57b6479c,null,payload_shape_not_recognized,2026-08-05 05:56:11.99413+00,2026-08-05 05:56:11.99413+00
833691be-7f89-4e56-9547-e06167b1da68,null,null,whatsapp,inbound,webhook_unparsed,unparsed-a5f820a0-2b71-41c6-8b4d-667d2c43e71e,null,unknown,null,received,8fdba2f1-0c6f-43b4-954f-7ecc7077aedb,null,payload_shape_not_recognized,2026-08-05 06:00:09.945744+00,2026-08-05 06:00:09.945744+00
a23329b4-7315-46c4-8d35-604503fccb8b,00000000-0000-0000-0000-000000000001,cda37b51-1bbc-af0d-a560-49af88fdc751,whatsapp,inbound,message,wamid.HBgMOTE5NDg2MjY2MTcyFQIAEhggQUNBNTQxRkNDMDE2NzQ3NzRBRTBCQkU0RjE3REFCQkEA,null,image,null,received,12d8035c-1aae-4814-ac6f-ffb5184e5962,null,null,2026-08-05 06:01:43.95648+00,2026-08-05 06:01:43.95648+00
4d996179-75e0-4f0f-a711-f480fa699160,00000000-0000-0000-0000-000000000001,cda37b51-1bbc-af0d-a560-49af88fdc751,whatsapp,inbound,message,wamid.HBgMOTE5NDg2MjY2MTcyFQIAEhggQUMwOEU5OTBFQUVBMzEzMEIwMUNFNTgyNTE3MkEzMjIA,null,text,null,received,25d98b00-2934-4f68-98bd-94fa29cdf3df,null,null,2026-08-05 06:02:50.862663+00,2026-08-05 06:02:50.862663+00
a28e26a5-b122-475f-90f4-5f50cec80466,null,null,whatsapp,inbound,webhook_unparsed,unparsed-cc130c62-874c-4b5e-ace9-59093492e87b,null,unknown,null,received,08c61e5d-6af0-46c9-8db9-155316638949,null,payload_shape_not_recognized,2026-08-05 06:02:58.972309+00,2026-08-05 06:02:58.972309+00
074217b0-a7d8-4b6a-abdc-ac2ad8c82b39,00000000-0000-0000-0000-000000000001,79d4d3fe-73c5-a965-030f-c60220ee20cb,whatsapp,inbound,message,wamid.HBgMOTE4NzAwMTI2MzkxFQIAEhgUM0FEMkQzMjQ0MDE3MUYyREZGMDIA,null,text,null,received,c55cb304-77c6-4ea1-a835-b1beaf18a80a,null,null,2026-08-05 06:03:18.859484+00,2026-08-05 06:03:18.859484+00
2587df5e-4e3e-45d7-808c-1c9bcd9e6ba1,null,null,whatsapp,inbound,webhook_unparsed,unparsed-1a1c6035-11a7-4144-863e-61d0673014a0,null,unknown,null,received,59eb32d8-6b99-40b1-b7a3-6d033eb92aee,null,payload_shape_not_recognized,2026-08-05 06:03:25.971961+00,2026-08-05 06:03:25.971961+00
6fed7864-c57d-4096-8de4-bb7f15d5fbcb,00000000-0000-0000-0000-000000000001,79d4d3fe-73c5-a965-030f-c60220ee20cb,whatsapp,inbound,message,wamid.HBgMOTE4NzAwMTI2MzkxFQIAEhgUM0E1ODlDQjMxQUFDRDMwQ0E2NEYA,null,image,null,received,a9eea21d-32e2-4f34-a905-4067b7bc421f,null,null,2026-08-05 06:03:31.584108+00,2026-08-05 06:03:31.584108+00
3cd3d031-9ebd-4073-9b1a-35f06d7604c1,null,null,whatsapp,inbound,webhook_unparsed,unparsed-d22b9d5e-6774-4fab-a0c1-9264a0c7e1b5,null,unknown,null,received,12d035c7-6cd7-4ac0-a7a7-961305015919,null,payload_shape_not_recognized,2026-08-05 06:03:32.119455+00,2026-08-05 06:03:32.119455+00
d19c9269-443c-442b-8970-bc161416631c,null,null,whatsapp,inbound,webhook_unparsed,unparsed-a0f81c31-5617-4d71-bbcc-4626182e34c0,null,unknown,null,received,2dc504ce-1b44-4d30-bb95-7095b23189ca,null,payload_shape_not_recognized,2026-08-05 06:03:35.354087+00,2026-08-05 06:03:35.354087+00
c8aafff7-6942-442a-a9f4-1c0e3b019c6e,null,null,whatsapp,inbound,webhook_unparsed,unparsed-47dd8bb9-b535-4826-b5d6-263beb013705,null,unknown,null,received,2abc1a28-79fc-4e06-91da-d7e0b7b22ab6,null,payload_shape_not_recognized,2026-08-05 06:32:43.631319+00,2026-08-05 06:32:43.631319+00
ff92b77d-d9e9-4850-b551-c58fdbff1aee,00000000-0000-0000-0000-000000000001,89d188b4-94a9-2f97-e068-155ed8ec3f5e,whatsapp,inbound,message,wamid.HBgMOTE2Mzk1ODc3NzkyFQIAEhgUNEE5ODE4OTNCRTdDQUZBMEZFNTYA,null,image,null,received,8a395ac9-5dd9-4e89-8230-df31aef60983,null,null,2026-08-05 06:36:50.106515+00,2026-08-05 06:36:50.106515+00
fa2903a5-cf38-4742-9c5f-f56fbfdc0a41,null,null,whatsapp,inbound,webhook_unparsed,unparsed-8cbe259c-d05a-43c1-baab-701858914906,null,unknown,null,received,126fbd7b-03ab-44f8-89c3-b5bc5625076e,null,payload_shape_not_recognized,2026-08-05 06:51:52.823058+00,2026-08-05 06:51:52.823058+00
a0a67598-a7cd-4376-b94c-27514d649014,00000000-0000-0000-0000-000000000001,11e59c65-004e-4eea-a733-d3a6a7c65fb1,whatsapp,inbound,message,wamid.HBgMOTE4MDcyMzAwNzk1FQIAEhgUNEEyMUFFRDU1RjQ2QTJFQkJGQzAA,null,image,null,received,3a008b83-f083-4c62-bde2-52a73ed7fbec,null,null,2026-08-05 06:52:32.965441+00,2026-08-05 06:52:32.965441+00
9d3480cc-626b-4293-b22b-68bff2329829,00000000-0000-0000-0000-000000000001,5e901269-d116-cf62-7661-df859f5b02dc,whatsapp,inbound,message,wamid.HBgMOTE5MTUwOTEyNzk1FQIAEhggQUNBMjY5QUE5NjUyMjU5QkM3REQwMEM4MTIzOEI3QTAA,null,image,null,received,ede90e51-b68f-45d6-b9cf-ea979f1acae5,null,null,2026-08-05 07:03:17.996353+00,2026-08-05 07:03:17.996353+00
34ee4f0a-c7a9-4b34-9053-cdc259c53e7b,null,null,whatsapp,inbound,webhook_unparsed,unparsed-73de9ead-9b0e-4caf-ad97-1653a5fd8c92,null,unknown,null,received,0d36a31b-91bb-46b0-8790-ed1c65b9d85a,null,payload_shape_not_recognized,2026-08-05 07:09:02.898335+00,2026-08-05 07:09:02.898335+00
0a254ee2-0f5f-47d9-8a53-2daeddef166f,00000000-0000-0000-0000-000000000001,41a311d7-b970-4e78-a30e-a633fc4e5f2f,whatsapp,inbound,message,wamid.HBgMOTE5Njg5OTEwNjM2FQIAEhggQUNBN0Q1MDBFNTEyNjQ3NUE2RjZCQ0VEMjgxRTY4NDQA,null,image,null,received,bbd8388d-8e81-4e38-b9ef-b59c0b2f8044,null,null,2026-08-08 05:09:10.096215+00,2026-08-08 05:09:10.096215+00
b53081ef-75fd-4faa-9275-1397fcb09ce8,00000000-0000-0000-0000-000000000001,41a311d7-b970-4e78-a30e-a633fc4e5f2f,whatsapp,inbound,message,wamid.HBgMOTE5Njg5OTEwNjM2FQIAEhggQUM3MEYyMDNGMzdEQThDQ0U3RkEzOTNFNDhGMDlDMzEA,null,text,null,received,e997eabf-9c58-4f48-b3d2-eac83e2ed64c,null,null,2026-08-08 05:09:25.792263+00,2026-08-08 05:09:25.792263+00
8d362e75-0158-409d-8f50-78664a9304f2,00000000-0000-0000-0000-000000000001,6e29f80e-ffb7-4c7e-9f39-a7980c00926b,whatsapp,inbound,message,wamid.HBgMOTE5MTQwMzIxMzQwFQIAEhggQUNGRDhDREM3MTIxMDM4QzEyMUFCNDdEMzg1RUNDRUYA,null,text,null,received,b52806cd-ce7d-40c8-a5fd-df1aabf0f436,null,null,2026-08-08 10:54:28.099648+00,2026-08-08 10:54:28.099648+00
8cb92f45-9516-46eb-bbf0-4d1e3f47c3fd,null,null,whatsapp,inbound,webhook_unparsed,unparsed-84f8c082-1760-43ab-828c-474519ca40c4,null,unknown,null,received,37e9a760-e01c-4c6d-a88f-788605135acc,null,payload_shape_not_recognized,2026-08-08 10:54:43.856745+00,2026-08-08 10:54:43.856745+00
9e2cf0fc-49e6-4699-a0b9-a4770838997f,00000000-0000-0000-0000-000000000001,null,whatsapp,inbound,message,wamid.HBgMOTE2MzgzMjM5NDU0FQIAEhgWM0VCMEU2NTQ5RTJDMjNBMUNFNEU2NgA=,null,text,null,received,11458707-b384-4d3d-83af-99a2f41e2842,null,null,2026-08-08 11:54:46.964408+00,2026-08-08 11:54:46.964408+00
f9659d62-6260-47af-9d35-7e012944e4e3,00000000-0000-0000-0000-000000000001,b0a6f0b5-9fd8-112e-2bfa-24fa8a25779b,whatsapp,inbound,message,wamid.HBgMOTE5NzQ1NDc2ODMyFQIAEhgUNEFEQ0E4NkQ5QTVCNzYxRjkxOTYA,null,image,null,received,1a674286-e5a2-46fe-8d4f-2825a609e31c,null,null,2026-08-08 11:59:43.118472+00,2026-08-08 11:59:43.118472+00
333f04db-c9b6-492b-8d41-3718faf27def,00000000-0000-0000-0000-000000000001,b0a6f0b5-9fd8-112e-2bfa-24fa8a25779b,whatsapp,inbound,message,wamid.HBgMOTE5NzQ1NDc2ODMyFQIAEhgUM0EwMTUxRTZCQjRCQjhBRTg3RTEA,null,text,null,received,a100f928-f399-4480-a3a7-c27ea29563f8,null,null,2026-08-08 12:00:32.221751+00,2026-08-08 12:00:32.221751+00
6589d400-97f3-4341-ba36-4e901073ca2f,00000000-0000-0000-0000-000000000001,d257c87f-0e42-048c-8409-362e925d86fc,whatsapp,inbound,message,wamid.HBgMOTE4NjU3NDI4MTI5FQIAEhgUM0E3RDU0MEZEM0I4MTU0MjcwNDkA,null,text,null,received,f7a18a20-d6a8-4692-b047-b43ad877cd83,null,null,2026-08-08 12:30:21.181147+00,2026-08-08 12:30:21.181147+00
c914e49c-df8c-48db-a379-43037dbea7ec,00000000-0000-0000-0000-000000000001,aa88d180-8c53-dbe4-70de-ecf38130d3ce,whatsapp,inbound,message,wamid.HBgMOTE3OTc4MzY5MjQwFQIAEhggQUMyQUI2RTg5ODRDOUM4MTYyNzVGMEQxQUFBQkI3ODAA,null,text,null,received,49f80850-2c5f-44a0-aa22-f5e394acd9d0,null,null,2026-08-08 12:30:23.094988+00,2026-08-08 12:30:23.094988+00
2645e671-1dbc-455c-a688-767c9187ba47,00000000-0000-0000-0000-000000000001,8fd367e7-7404-4ef6-530b-a40219a48f1e,whatsapp,inbound,message,wamid.HBgMOTE4NTAwODQwMjc5FQIAEhgUM0EzNjc4MkFBNTREQjkwQjcxNzkA,null,image,null,received,a0f5b6b5-6dc8-4204-8383-6166d4a5a4e3,null,null,2026-08-08 12:30:23.339812+00,2026-08-08 12:30:23.339812+00
328babfc-c727-42b7-8bd9-f23bc78b3889,00000000-0000-0000-0000-000000000001,8fd367e7-7404-4ef6-530b-a40219a48f1e,whatsapp,inbound,message,wamid.HBgMOTE4NTAwODQwMjc5FQIAEhgUM0ExNjYyRUJBRUU2NzY5NEQ0QjgA,null,text,null,received,68ba6a4c-92b4-4466-8e3f-f5475e7029c0,null,null,2026-08-08 12:30:33.433216+00,2026-08-08 12:30:33.433216+00
9e29ebc8-1086-400e-b608-086887a608f3,00000000-0000-0000-0000-000000000001,79e31f6f-69dc-a40c-27d7-3f076878f83c,whatsapp,inbound,message,wamid.HBgMOTE3MDYzOTA5NDczFQIAEhggQUNGOTQ4RURBREFENDhGRDJENUNGMzhCMjRCNEM4QkMA,null,text,null,received,b494fa7e-a04d-415f-b219-40c1b20880d1,null,null,2026-08-08 12:30:35.266375+00,2026-08-08 12:30:35.266375+00
6a42eda0-2d47-4b3f-b186-7fc61f84348d,00000000-0000-0000-0000-000000000001,38069f8b-d44e-0b86-a0d1-dafac5ae1232,whatsapp,inbound,message,wamid.HBgMOTE5MTc2NTI2MTIxFQIAEhggQUNDNzQ4QTEwOTQ4RjY1MUM0MEZBNjMzNjI1QTA3RjUA,null,text,null,received,5f3ec175-e58f-4417-818c-146cfa554bcf,null,null,2026-08-08 12:30:39.144931+00,2026-08-08 12:30:39.144931+00
9648c2c1-a8cc-4fef-a6c7-29a00295b87c,00000000-0000-0000-0000-000000000001,1b003ea3-bdcb-0416-c3c2-8ff60f2f65f5,whatsapp,inbound,message,wamid.HBgMOTE5MDM1MTQ2MzI2FQIAEhggQUM4QzI3NzcyRjZDN0EwQUIzMTgwMjYyNEJBOEZBOEIA,null,text,null,received,205635a1-1ee9-4f9a-a1f2-8315a3a80059,null,null,2026-08-08 12:30:39.712986+00,2026-08-08 12:30:39.712986+00
4c3828c0-d941-4abc-a938-b9a0401d0f92,00000000-0000-0000-0000-000000000001,aa88d180-8c53-dbe4-70de-ecf38130d3ce,whatsapp,inbound,message,wamid.HBgMOTE3OTc4MzY5MjQwFQIAEhggQUNDRDA3MzIzRDk4QkI4Qjg2N0Q5RDcxRjM0RjM1NUYA,null,text,null,received,550b35b0-e08b-4fb3-9d02-dfea288a0612,null,null,2026-08-08 12:30:41.929804+00,2026-08-08 12:30:41.929804+00
871fbdae-01ce-4b68-8a59-d15338c63207,00000000-0000-0000-0000-000000000001,2d700a6b-44c4-438b-841f-febe1b2c47a7,whatsapp,inbound,message,wamid.HBgMOTE5MzgwMzQzNDY3FQIAEhggQUNFRUVGMUMyOThDNDUzQUJFN0ZEOUY4OTMzN0EzOEYA,null,text,null,received,37638f1f-3984-42ac-8b14-347fafa286b6,null,null,2026-08-08 12:30:42.020014+00,2026-08-08 12:30:42.020014+00
9f797f87-7f5b-4f41-a8a2-9100c3901287,00000000-0000-0000-0000-000000000001,aa88d180-8c53-dbe4-70de-ecf38130d3ce,whatsapp,inbound,message,wamid.HBgMOTE3OTc4MzY5MjQwFQIAEhggQUMzRTREMUNCQ0UxODJCQUFDNDkyOTBDM0E1RTVCMzYA,null,text,null,received,1a8272f0-72bf-4a74-b590-36e65cd568a6,null,null,2026-08-08 12:30:46.462844+00,2026-08-08 12:30:46.462844+00
2848fadf-f048-40aa-a2b1-52f0ab2627d4,00000000-0000-0000-0000-000000000001,aa88d180-8c53-dbe4-70de-ecf38130d3ce,whatsapp,inbound,message,wamid.HBgMOTE3OTc4MzY5MjQwFQIAEhggQUMzMTgyNjA0NTgxOTdBNTYxMjQ5NkVEMkNENDQwNkQA,null,image,null,received,b663bd77-ca6e-4c0a-bf57-f57d9b08ea2b,null,null,2026-08-08 12:30:50.97075+00,2026-08-08 12:30:50.97075+00
342fb3ad-ea16-40e0-aa9d-213b2e04386e,00000000-0000-0000-0000-000000000001,8fd367e7-7404-4ef6-530b-a40219a48f1e,whatsapp,inbound,message,wamid.HBgMOTE4NTAwODQwMjc5FQIAEhgUM0E3QzRGMjQxNzQ1QUJCMzMzM0IA,null,text,null,received,6cb3f31b-9f5a-4135-baef-ae8afdd479f3,null,null,2026-08-08 12:30:51.794263+00,2026-08-08 12:30:51.794263+00
13e67b1c-65cf-4954-aec9-5ea9f67e225d,00000000-0000-0000-0000-000000000001,55e6e452-fae2-a5ac-3c12-21424bffbcac,whatsapp,inbound,message,wamid.HBgMOTE4MTQzNDI4ODkzFQIAEhgUM0ExNEU0QjIzNzEyQkUwQTBGNjEA,null,text,null,received,a58e4e54-50b3-4514-b8a4-70db5c19eb22,null,null,2026-08-08 12:30:52.235897+00,2026-08-08 12:30:52.235897+00
a982c6dc-03e4-49bc-9287-4434de83280a,00000000-0000-0000-0000-000000000001,d6d33436-345a-e39c-9f8d-91c76dca514e,whatsapp,inbound,message,wamid.HBgMOTE3MDE1MjE1NTgzFQIAEhggQUMxMzBGN0JERDUxMjUzN0I3QkIzODlBQjdGM0I1NzIA,null,text,null,received,918fd603-cf5b-49d1-a8fa-982c34f41d70,null,null,2026-08-08 12:30:53.165807+00,2026-08-08 12:30:53.165807+00
9d7825ec-6d0f-42ef-a301-9625cc278fc5,00000000-0000-0000-0000-000000000001,8fd367e7-7404-4ef6-530b-a40219a48f1e,whatsapp,inbound,message,wamid.HBgMOTE4NTAwODQwMjc5FQIAEhgUM0FFMDY2QkY5MjY3NkU2MkYwQTgA,null,image,null,received,a3fa8060-a8cb-4834-86a3-c2439385186d,null,null,2026-08-08 12:30:56.886242+00,2026-08-08 12:30:56.886242+00
12354230-1605-4822-b3e5-f2e18a434ec0,00000000-0000-0000-0000-000000000001,79e31f6f-69dc-a40c-27d7-3f076878f83c,whatsapp,inbound,message,wamid.HBgMOTE3MDYzOTA5NDczFQIAEhggQUM5NjdDQjg3ODgxNkM4NDI0MENGRUQ0QjA5MUE5OUEA,null,text,null,received,695fe860-8f6a-4a03-bfaf-c8a56647f278,null,null,2026-08-08 12:31:00.336897+00,2026-08-08 12:31:00.336897+00
3ad2aa9c-79e0-4718-9251-6db2777d4f1d,00000000-0000-0000-0000-000000000001,d257c87f-0e42-048c-8409-362e925d86fc,whatsapp,inbound,message,wamid.HBgMOTE4NjU3NDI4MTI5FQIAEhgUM0E4RkUyODQyMjg0MzY5NUJCMDgA,null,text,null,received,4426da4e-0eef-4dae-8834-7d9ad3fc6449,null,null,2026-08-08 12:31:08.086524+00,2026-08-08 12:31:08.086524+00
b9cd4044-1e0b-46d2-b7f3-e60d02f29999,00000000-0000-0000-0000-000000000001,1b1e4294-4ed3-42e4-b820-7c443e8ddfcf,whatsapp,inbound,message,wamid.HBgMOTE2MzYxMDI0NTkyFQIAEhggQUNGQ0RDMEI0RDMzQUI2QkNFNDRCQTYzNkRGMUZDNjcA,null,text,null,received,02c38c0c-540b-4927-9c27-c6f624d4540b,null,null,2026-08-08 12:31:08.562887+00,2026-08-08 12:31:08.562887+00
7412a0c3-52b3-4d41-9c97-5551a5e8e601,00000000-0000-0000-0000-000000000001,8fd367e7-7404-4ef6-530b-a40219a48f1e,whatsapp,inbound,message,wamid.HBgMOTE4NTAwODQwMjc5FQIAEhgUM0E0OThENzZFNURCRDlGMkU5M0QA,null,text,null,received,bdf0b142-fe36-45bb-b04d-0746e336090a,null,null,2026-08-08 12:31:20.842595+00,2026-08-08 12:31:20.842595+00
4aee2287-8ff5-42d9-b912-062539ab0dbd,00000000-0000-0000-0000-000000000001,23f7ef5f-6b26-a104-b616-b438d7e9243c,whatsapp,inbound,message,wamid.HBgMOTE4MzAzNTUzNTgxFQIAEhggQUMwRjQ4ODVEQTQyRjIzOTlEMzYzRkE0QjJDMTdGOEYA,null,text,null,received,c201ca3b-ae74-46e7-a581-a29858ae26bd,null,null,2026-08-08 12:31:33.13384+00,2026-08-08 12:31:33.13384+00
ef8c5873-3ba7-403f-a94e-499054534e6e,00000000-0000-0000-0000-000000000001,0366c854-a2dd-42cd-b83a-7a0affb3fa85,whatsapp,inbound,message,wamid.HBgMOTE5Mzg0MTk4OTAyFQIAEhggQUMyMUZFNjBGRjhFQTExQjlCOTU5Qzk0NjY4MTYwQkUA,null,image,null,received,1bf0fdfb-b7c7-498d-959b-c26237344f40,null,null,2026-08-08 12:31:33.596153+00,2026-08-08 12:31:33.596153+00
c2eb3b96-e9ae-45f9-9b0d-aff8a3737233,00000000-0000-0000-0000-000000000001,1b1e4294-4ed3-42e4-b820-7c443e8ddfcf,whatsapp,inbound,message,wamid.HBgMOTE2MzYxMDI0NTkyFQIAEhggQUM3QjA1MkNEMzUyNzgxMDUzQ0M1MDczQzYxMzJFRDcA,null,text,null,received,bcc27e50-b565-41d5-9844-ea7c6bd20a03,null,null,2026-08-08 12:31:42.945432+00,2026-08-08 12:31:42.945432+00
ded54ca6-4246-4cc2-86bd-d88d77b70551,00000000-0000-0000-0000-000000000001,d77b5c1e-605d-6795-5eee-1e2f9b83e069,whatsapp,inbound,message,wamid.HBgMOTE3OTcyOTU4MTI2FQIAEhggQUNCOTIzRjA4MDUxNEI3REVBODRCNDVEODRENUE1NEIA,null,text,null,received,cba8228d-b74a-446b-98b0-adcb83794d57,null,null,2026-08-08 12:31:50.451053+00,2026-08-08 12:31:50.451053+00
a1dc64cb-0fe0-4bb4-a495-ab7eed0f5216,00000000-0000-0000-0000-000000000001,855f3f6a-72ae-46f4-4cc2-a9a0d5df5b70,whatsapp,inbound,message,wamid.HBgMOTE4MzI4NjkyNzU1FQIAEhggQUM2NzgxQzMyQ0QwMDdBQkM1QjcxRTE1NzM4MEVBQ0MA,null,image,null,received,875313fd-eced-4780-8b58-0f8880754504,null,null,2026-08-08 12:32:10.759721+00,2026-08-08 12:32:10.759721+00
0a12a0cd-f2fa-49f7-b9bf-7865a389ad57,00000000-0000-0000-0000-000000000001,d6d33436-345a-e39c-9f8d-91c76dca514e,whatsapp,inbound,message,wamid.HBgMOTE3MDE1MjE1NTgzFQIAEhggQUNFNjg3QTAzMzRGQTZGNjg4ODJGQzMyQjUyRjlCMzcA,null,image,null,received,7ebad5c1-055b-48e1-ab56-9c42cea661b2,null,null,2026-08-08 12:32:24.401555+00,2026-08-08 12:32:24.401555+00
e365ba16-8b3a-41d6-93f8-7327817a93d9,00000000-0000-0000-0000-000000000001,8b48adf3-c14a-fa6d-9785-b4bcb35f8fbb,whatsapp,inbound,message,wamid.HBgMOTE4OTI3MzI5NzIxFQIAEhggQUMzMDQ5QjE1ODY4MDhCOEVBNEM0RDQ0NDFEMUIwNjYA,null,image,null,received,6a7984f9-60b2-4a1d-b8f1-92c8ed2fe16b,null,null,2026-08-08 12:32:29.315708+00,2026-08-08 12:32:29.315708+00
0310f134-9583-4ac9-a941-8ac16a943e1e,00000000-0000-0000-0000-000000000001,55e6e452-fae2-a5ac-3c12-21424bffbcac,whatsapp,inbound,message,wamid.HBgMOTE4MTQzNDI4ODkzFQIAEhgUM0FDMkRFOUYwODUyNTU1QkZBMzAA,null,image,null,received,07450506-f26e-4fb8-a5ea-fe76324a1fed,null,null,2026-08-08 12:32:38.987182+00,2026-08-08 12:32:38.987182+00
83abe14c-194c-4e9b-917c-49a2799a48a5,00000000-0000-0000-0000-000000000001,71a9340d-9832-4609-a110-d9b5aaffc020,whatsapp,inbound,message,wamid.HBgMOTE5OTEwNDQ2MjQ3FQIAEhgUM0EwRjNGQ0Q4OTVFMTY5QTcxNEEA,null,text,null,received,d27ef89f-6c49-4d7c-a331-008f3dddc534,null,null,2026-08-08 12:33:04.868244+00,2026-08-08 12:33:04.868244+00
9cbdec44-fef1-40b0-a986-b9a5c2c9e8bd,00000000-0000-0000-0000-000000000001,11e96dd2-92f4-f793-56db-439d5b3de156,whatsapp,inbound,message,wamid.HBgMOTE5MDYxODM0NjE1FQIAEhggQUMzMTE0QkJCNTI0RjgwQUNGMUM0QkJFQkYxRkRCMjYA,null,image,null,received,1fc4b54b-8359-4e67-8f9b-16cdc97bbe02,null,null,2026-08-08 12:33:26.225865+00,2026-08-08 12:33:26.225865+00
e84d4651-71b5-492e-b30f-0ba07c348aca,00000000-0000-0000-0000-000000000001,6d60a9d5-34ce-4336-9c23-231057dffa71,whatsapp,inbound,message,wamid.HBgMOTE3MDQ3NjE5NzAwFQIAEhggQUNBNUZBQUUyMDRCQUY0ODU2OTlGRTY2OERGOUM1ODAA,null,image,null,received,ed32b622-99e9-437e-9ba9-48e8185e0856,null,null,2026-08-08 12:33:44.805412+00,2026-08-08 12:33:44.805412+00
a348a726-4073-44f3-96ac-f3c834c1011c,00000000-0000-0000-0000-000000000001,9653a402-ff75-bbdf-8cc6-1cb0ca01f233,whatsapp,inbound,message,wamid.HBgMOTE3Nzk5MDQ0MTMzFQIAEhgUNEE2RUQ5RUZEMzVBMjY1RTU2QzYA,null,image,null,received,1ffc8139-4159-4a13-b92e-8d09e7781d5a,null,null,2026-08-08 12:36:07.53022+00,2026-08-08 12:36:07.53022+00
5944aa0f-01da-4966-9f04-5d684ea190eb,00000000-0000-0000-0000-000000000001,5ce46f7c-d9f9-426d-be11-5e3b6a2bedb0,whatsapp,inbound,message,wamid.HBgMOTE4MjkzMDcwMzg2FQIAEhgUM0E2Q0EzMDE0OTY2Q0UzNzgwN0MA,null,text,null,received,a5eb332f-1d9e-40ed-8cc9-5e6815d5cc18,null,null,2026-08-08 12:40:15.171741+00,2026-08-08 12:40:15.171741+00
18bd85ba-33d2-49d4-aede-2194fe33ea78,00000000-0000-0000-0000-000000000001,5ce46f7c-d9f9-426d-be11-5e3b6a2bedb0,whatsapp,inbound,message,wamid.HBgMOTE4MjkzMDcwMzg2FQIAEhgUNEFCQTdCNzFFOUU2QzMxNThBMUIA,null,text,null,received,904c9986-f16f-4b89-817f-e60491c6eef9,null,null,2026-08-08 12:40:34.909136+00,2026-08-08 12:40:34.909136+00
d5c0a862-4f39-49d2-82c9-1a6a44398a10,00000000-0000-0000-0000-000000000001,5ce46f7c-d9f9-426d-be11-5e3b6a2bedb0,whatsapp,inbound,message,wamid.HBgMOTE4MjkzMDcwMzg2FQIAEhgUM0FCMjRERjFGN0E3MzMyMjM2MTQA,null,text,null,received,5df5a30e-782c-4f5d-8cb4-1c749bc912f1,null,null,2026-08-08 12:40:55.450768+00,2026-08-08 12:40:55.450768+00
63dbf117-c853-4ecc-b22d-f6becb7fadb7,00000000-0000-0000-0000-000000000001,630c8120-bdbc-832c-24ca-aca9e6b49891,whatsapp,inbound,message,wamid.HBgMOTE5MTc1MTQ2MDU0FQIAEhggQUNFMUJFMzM0MzZENzQ5N0NBRkQ4RTJBNjNBQjNCRDQA,null,text,null,received,94ddf7f7-877b-40a5-907c-ebe95d052eb2,null,null,2026-08-08 12:44:52.395991+00,2026-08-08 12:44:52.395991+00
534c947e-9f58-4d6d-9c2d-cc6ac59ef290,00000000-0000-0000-0000-000000000001,06061874-ce68-4008-82f6-50ace2ba4bf4,whatsapp,inbound,message,wamid.HBgMOTE5Mzk5OTQ5NzM3FQIAEhggQUMzMjU4NDkwMTNBRTE4N0QwQjI1QkUzRkJCMDEzMjUA,null,image,null,received,97bea9ed-abee-45b2-a67b-81a56912e499,null,null,2026-08-08 12:47:42.47509+00,2026-08-08 12:47:42.47509+00
8685429a-bcfa-4621-9b25-dc33cabff0b1,00000000-0000-0000-0000-000000000001,06061874-ce68-4008-82f6-50ace2ba4bf4,whatsapp,inbound,message,wamid.HBgMOTE5Mzk5OTQ5NzM3FQIAEhggQUM1MUNGRTI3MDQ3MjQ4REY1MUQzMjEyNDVBNDRGQTAA,null,text,null,received,bd3b83c3-92da-4c08-810d-825489d214db,null,null,2026-08-08 12:47:55.269228+00,2026-08-08 12:47:55.269228+00
8a76dbae-1d67-4e45-9f14-38bd668ab1e6,00000000-0000-0000-0000-000000000001,5b45a840-9d6c-242e-0e2f-2e2c972c2eec,whatsapp,inbound,message,wamid.HBgMOTE2MzYxNzMzOTg4FQIAEhggQUMzMTY2NEUxODc5RkVDOEYwN0VBRTQ5NTNDRDc0RkUA,null,image,null,received,720b3b04-8c1a-4697-9dee-f12d84014068,null,null,2026-08-08 12:51:44.775829+00,2026-08-08 12:51:44.775829+00
58b29d85-ce91-4e2f-86c5-63f13ffce7ac,00000000-0000-0000-0000-000000000001,e0174322-3fb7-483f-91a0-61b903ae3e49,whatsapp,inbound,message,wamid.HBgMOTE3ODkwNzA3MzI2FQIAEhggQUMxMTc1NzM1MDEwNEVBNkQ3QzhBRjdEM0NBQ0E0N0UA,null,text,null,received,2b44ccbc-ffd7-4325-a79b-034f6467a536,null,null,2026-08-08 12:55:51.343194+00,2026-08-08 12:55:51.343194+00
8c0c9c7c-c6e8-4a40-8866-85589030a822,00000000-0000-0000-0000-000000000001,e0174322-3fb7-483f-91a0-61b903ae3e49,whatsapp,inbound,message,wamid.HBgMOTE3ODkwNzA3MzI2FQIAEhggQUM2Q0NGRUI1OTdBM0M4OUQ1NjdEMzQ2RkJENzMyMjAA,null,text,null,received,0fdc6fff-ef24-4fc8-8b73-c09b7bedc2d3,null,null,2026-08-08 12:56:04.211662+00,2026-08-08 12:56:04.211662+00
18f413ab-3a0c-48ba-829a-00ff0137a23a,00000000-0000-0000-0000-000000000001,8971261e-a813-477f-94c0-0a9661dc4c34,whatsapp,inbound,message,wamid.HBgMOTE4MDU2Nzg1MDM4FQIAEhgUM0FFMDAwQUZDNDFGM0M1RThBNUYA,null,text,null,received,2443df02-3097-4cdc-9837-5559cb6137af,null,null,2026-08-08 12:58:24.217154+00,2026-08-08 12:58:24.217154+00
27465239-2afa-45d8-b7bf-6bfe6a2af326,00000000-0000-0000-0000-000000000001,8971261e-a813-477f-94c0-0a9661dc4c34,whatsapp,inbound,message,wamid.HBgMOTE4MDU2Nzg1MDM4FQIAEhgUM0EwQzM5OEYwMjI0Qzk3QUJCOTMA,null,text,null,received,b8008197-fc69-4b42-b924-551ea520eed2,null,null,2026-08-08 12:59:04.68029+00,2026-08-08 12:59:04.68029+00
9f9ca5f1-4d61-41ad-b636-f3ac45e4b671,00000000-0000-0000-0000-000000000001,be84008a-74d3-3cc1-6fd6-bcef998f7bff,whatsapp,inbound,message,wamid.HBgMOTE4NzU0NzA2NTIzFQIAEhgUNEE4RDUzQTg0MzJEMzBEMzg2NjIA,null,image,null,received,c525ad63-4768-48f0-a1e7-a1acec85556a,null,null,2026-08-08 12:59:07.073323+00,2026-08-08 12:59:07.073323+00
845a8505-443a-4dbd-a9b5-1848a1ac5b91,00000000-0000-0000-0000-000000000001,8971261e-a813-477f-94c0-0a9661dc4c34,whatsapp,inbound,message,wamid.HBgMOTE4MDU2Nzg1MDM4FQIAEhgUM0E0MkM0Q0Q1NjRCNzU0RjQ1RkYA,null,text,null,received,6368de64-2861-4c71-b536-49c766182dbb,null,null,2026-08-08 13:00:23.316877+00,2026-08-08 13:00:23.316877+00
12c3de9c-ca99-4da1-bae3-782fe47ab71e,00000000-0000-0000-0000-000000000001,af12a12c-92bf-088b-3073-292fe4dfc478,whatsapp,inbound,message,wamid.HBgMOTE5NTAwNDg1OTc4FQIAEhggQUM1RjA4RTJEQjM1RkQ3ODMyMUE3QTFBNENDMEFENTIA,null,image,null,received,483ee087-96f6-462e-bfb9-bb2b511a59b7,null,null,2026-08-08 13:01:18.28067+00,2026-08-08 13:01:18.28067+00
1a7e3596-e6ab-4a0f-b154-b87921e61b99,00000000-0000-0000-0000-000000000001,af12a12c-92bf-088b-3073-292fe4dfc478,whatsapp,inbound,message,wamid.HBgMOTE5NTAwNDg1OTc4FQIAEhggQUM0RkQ0NDdGRjlFM0ZGMDRBNzUyRTIzOEY2NjdDRkEA,null,text,null,received,b4a93681-5bf8-4089-87cf-062b053e8fd0,null,null,2026-08-08 13:02:11.153215+00,2026-08-08 13:02:11.153215+00
7f7c5c71-99bb-45e9-89cf-2711faf35470,00000000-0000-0000-0000-000000000001,950dd22f-78fa-d205-48b3-fe5a5cc7438e,whatsapp,inbound,message,wamid.HBgMOTE5OTQ1NjY3MjcxFQIAEhggQUMxRTA0M0E1N0NCRkIwNEI1MDVGMDc3MEFBRjVBQUYA,null,image,null,received,cecb401c-adcf-459c-84ac-a485238557e6,null,null,2026-08-08 13:13:37.927984+00,2026-08-08 13:13:37.927984+00
72cf9a13-fc31-4b02-94f6-f9bc24879f03,00000000-0000-0000-0000-000000000001,950dd22f-78fa-d205-48b3-fe5a5cc7438e,whatsapp,inbound,message,wamid.HBgMOTE5OTQ1NjY3MjcxFQIAEhggQUNCQTNBQjc1RUY1MTBGQTU1ODg0MEJEQTdBN0MyMjcA,null,text,null,received,66b0b7d6-8bcb-4a58-9b39-66018a0dfa3d,null,null,2026-08-08 13:13:51.032285+00,2026-08-08 13:13:51.032285+00
ac420391-8e27-406e-8005-358a9f91f93c,00000000-0000-0000-0000-000000000001,d4890451-59e6-45f4-a75f-b2199aa5a3a7,whatsapp,inbound,message,wamid.HBgMOTE3ODM4Nzc3MTMwFQIAEhggQUM0MDIzMzI5MTlDRjU2RDkxOTE4Q0ZCMkE5MDNGQkMA,null,text,null,received,a91b2ab3-d7cf-45df-a06e-4b6e6b710c34,null,null,2026-08-08 13:47:43.760197+00,2026-08-08 13:47:43.760197+00
78eb2a1d-ea0b-490c-bcbb-7b5244ecbb14,00000000-0000-0000-0000-000000000001,c09e703c-d287-38c8-d1c1-239145e17df9,whatsapp,inbound,message,wamid.HBgMOTE5ODk1NDM0MDkwFQIAEhgUM0E2MDYzM0U5Q0YxOEI3RUE1NDAA,null,text,null,received,66dc2dee-220c-4bf3-abae-95da8daa0401,null,null,2026-08-08 13:54:47.503867+00,2026-08-08 13:54:47.503867+00
e7e9fde8-c684-4767-8225-d19c2f94393e,00000000-0000-0000-0000-000000000001,c09e703c-d287-38c8-d1c1-239145e17df9,whatsapp,inbound,message,wamid.HBgMOTE5ODk1NDM0MDkwFQIAEhgUNEE0RkQ1NTMwNjI1RjdEQzk1MTYA,null,image,null,received,4aff0a95-946b-4377-bc67-093a146a6e3b,null,null,2026-08-08 13:55:06.620216+00,2026-08-08 13:55:06.620216+00
6d8f9694-706d-495c-8b32-02496fad227d,00000000-0000-0000-0000-000000000001,c675e97a-0958-0695-90b3-49311eec8fd7,whatsapp,inbound,message,wamid.HBgMOTE4MDAzMzc0NDAyFQIAEhgUM0E1NDdBM0ZBMTdEQjEzQTBFREEA,null,text,null,received,965368a5-0cfd-4201-a314-fd49309a8183,null,null,2026-08-08 14:12:26.780497+00,2026-08-08 14:12:26.780497+00
118dc031-bf87-427b-831b-5e6796b24562,00000000-0000-0000-0000-000000000001,c675e97a-0958-0695-90b3-49311eec8fd7,whatsapp,inbound,message,wamid.HBgMOTE4MDAzMzc0NDAyFQIAEhgUNEEyOTMxRkUyQzExNUFBOUZCQzUA,null,image,null,received,c48511cd-61f1-431b-afa5-99f28eb4ac99,null,null,2026-08-08 14:13:23.197699+00,2026-08-08 14:13:23.197699+00
325b4fc9-3e44-440c-b72e-a812570ab2f8,00000000-0000-0000-0000-000000000001,8b48adf3-c14a-fa6d-9785-b4bcb35f8fbb,whatsapp,inbound,message,wamid.HBgMOTE4OTI3MzI5NzIxFQIAEhggQUM5RkZBMEY3ODg4NDZBNTdBMEZFOUIzNjU3NjEyNjUA,null,text,null,received,bdf9a4de-b139-4082-957e-4690f4a694ff,null,null,2026-08-08 14:33:25.447733+00,2026-08-08 14:33:25.447733+00
3dee0e5a-3365-4abb-8172-bae1af6a4c77,00000000-0000-0000-0000-000000000001,2c1980eb-be51-916e-8f61-1e8fe83afb0c,whatsapp,inbound,message,wamid.HBgMOTE4MDU2MzIzMjc0FQIAEhgUM0FCRDMzMzBEMjcyQjdBODYyNTEA,null,text,null,received,2673c523-ad49-41c7-a526-fbce3e8eb1c1,null,null,2026-08-08 14:33:27.64537+00,2026-08-08 14:33:27.64537+00
b7a590c1-75b2-45a0-9a8b-b21f87822df4,00000000-0000-0000-0000-000000000001,2c1980eb-be51-916e-8f61-1e8fe83afb0c,whatsapp,inbound,message,wamid.HBgMOTE4MDU2MzIzMjc0FQIAEhgUM0FFNjgyMjk1MDIxOUY3NDU1NTYA,null,text,null,received,d0b6611e-9ea6-4bf0-96c9-b59618cf9828,null,null,2026-08-08 14:34:00.372482+00,2026-08-08 14:34:00.372482+00
38b19b37-472d-4538-bf7b-61f1d7146ff9,00000000-0000-0000-0000-000000000001,8b48adf3-c14a-fa6d-9785-b4bcb35f8fbb,whatsapp,inbound,message,wamid.HBgMOTE4OTI3MzI5NzIxFQIAEhggQUM0QzVBNkNGRUEwNkZGQzY1QkZBQzIxNzdFQzM3NDUA,null,image,null,received,23353dda-cdcd-4f60-8d51-7dd7bfdf081e,null,null,2026-08-08 14:34:16.98056+00,2026-08-08 14:34:16.98056+00
f5c3e39c-b941-4884-b3e7-ce8d091b1dad,00000000-0000-0000-0000-000000000001,2c1980eb-be51-916e-8f61-1e8fe83afb0c,whatsapp,inbound,message,wamid.HBgMOTE4MDU2MzIzMjc0FQIAEhgUM0ExMUY1MUUwQzk0MTEwQzk1QTEA,null,image,null,received,d3a40d48-2c68-453e-a453-74f73912d0dc,null,null,2026-08-08 14:40:52.692836+00,2026-08-08 14:40:52.692836+00
aa5962ed-0207-4ff7-91a5-41b0f5199443,00000000-0000-0000-0000-000000000001,6e29f80e-ffb7-4c7e-9f39-a7980c00926b,whatsapp,inbound,message,wamid.HBgMOTE5MTQwMzIxMzQwFQIAEhggQUMxREY1RkFBMEFENDc5MTNGMzlBQzk1MzMwMTI4OTYA,null,image,null,received,993bc9ce-5621-48ce-a948-b8bec9436f2c,null,null,2026-08-08 17:20:05.367045+00,2026-08-08 17:20:05.367045+00
6b6116c1-5e29-4606-a8d8-0d1244891c59,00000000-0000-0000-0000-000000000001,c511ac63-cb7e-1453-92d5-ea4ffba1c360,whatsapp,inbound,message,wamid.HBgMOTE5NTAwMTY0MTI4FQIAEhggQUMwRkM2RkE4RTVCMzAwQTc5OENCQ0I0OUI1MDQxNTUA,null,text,null,received,7dbdc813-d11f-44af-8da0-2363c26892d0,null,null,2026-08-08 17:35:51.950264+00,2026-08-08 17:35:51.950264+00
5f77e6bf-9283-4c1d-8d80-df37e22f104f,00000000-0000-0000-0000-000000000001,8e39a9bd-3317-b2a6-22a6-16fa4cab9632,whatsapp,inbound,message,wamid.HBgMOTE5NDgzOTI0OTY4FQIAEhgUM0ExRTM4NTcxQTdBMDRERURDNzkA,null,image,null,received,f0695eb8-e18b-44d5-8830-ca1a99efa92b,null,null,2026-08-09 06:57:40.790112+00,2026-08-09 06:57:40.790112+00
6f8aa9c2-9d90-430a-99d2-4c6ffd183179,00000000-0000-0000-0000-000000000001,61031b0a-ef18-26aa-64b7-d412d7b3d276,whatsapp,inbound,message,wamid.HBgMOTE3ODI1ODM1MTM0FQIAEhggQUMzNjkxNTRDMjEwNzIwRkQzRkM0Mzk2RDVBQUUzMDkA,null,text,null,received,ecd8d082-a63b-4149-906f-9f0ab72c48b1,null,null,2026-08-09 08:00:22.198225+00,2026-08-09 08:00:22.198225+00
72b32ed5-4cb0-4e7f-9e44-6c0a06c24a98,00000000-0000-0000-0000-000000000001,61031b0a-ef18-26aa-64b7-d412d7b3d276,whatsapp,inbound,message,wamid.HBgMOTE3ODI1ODM1MTM0FQIAEhggQUM4NDc2NTJFRTM4REE5Mjc0M0JENjdCMDVEOEI2RTAA,null,text,null,received,a2bc03f6-56dd-4264-96dc-bbad804054d2,null,null,2026-08-09 08:01:13.91556+00,2026-08-09 08:01:13.91556+00
5bcde023-712a-4c50-8faf-920b8968a633,00000000-0000-0000-0000-000000000001,61031b0a-ef18-26aa-64b7-d412d7b3d276,whatsapp,inbound,message,wamid.HBgMOTE3ODI1ODM1MTM0FQIAEhggQUNGOTA1MjU4MEE4MDE3MTVCMTc1NDc2MUQ2RUNEOTAA,null,text,null,received,b7592be6-4dbe-4480-8fb0-114b2f50811b,null,null,2026-08-09 08:01:19.97755+00,2026-08-09 08:01:19.97755+00
5687c003-5a6f-4d78-80b5-3335d35097db,00000000-0000-0000-0000-000000000001,d497808b-36e2-ea42-d247-85b4e409078c,whatsapp,inbound,message,wamid.HBgMOTE4MTAzNjY2OTAwFQIAEhggQUNGMjI1MTUyRjRGM0Y0N0U2RTc0Q0M3NTU2RkNBODgA,null,image,null,received,7eb23878-bcb9-46a5-ade6-15a34483717d,null,null,2026-08-09 11:51:49.294598+00,2026-08-09 11:51:49.294598+00
0f07c98e-aae5-4af6-a110-1b945efc493c,00000000-0000-0000-0000-000000000001,d77b5c1e-605d-6795-5eee-1e2f9b83e069,whatsapp,inbound,message,wamid.HBgMOTE3OTcyOTU4MTI2FQIAEhggQUM1N0EzQUE2NTUyODQ0N0NFREVGNzkyMjNBNTk5RjQA,null,image,null,received,f7e0dc74-fdd0-48cf-b684-5da8cde95ce3,null,null,2026-08-09 11:52:44.212112+00,2026-08-09 11:52:44.212112+00
dce4c0c6-9e0c-4eda-8634-3612a9eddc16,00000000-0000-0000-0000-000000000001,6dd50e39-9843-4442-cc09-3b49fbe97fb9,whatsapp,inbound,message,wamid.HBgMOTE5NjExNjg5MDE4FQIAEhggQUM2M0JCODM3RTNBNDk3NkM5RjMwRkUzQkRFMkExMDUA,null,text,null,received,365fffad-d5ae-4c16-a9f4-c6dd9a658fa3,null,null,2026-08-10 05:12:22.158854+00,2026-08-10 05:12:22.158854+00
fd9c175b-6d9a-493a-a0e2-52b3f6dad746,null,null,whatsapp,inbound,webhook_unparsed,unparsed-d6a6bb60-a59f-4c49-90e3-c66c59b23fe3,null,unknown,null,received,de13e6fc-18dd-4444-80b1-12368f7a21a5,null,payload_shape_not_recognized,2026-08-10 05:57:40.764835+00,2026-08-10 05:57:40.764835+00
0ed948d6-0cd0-4be8-b3c6-15d00a5e1795,00000000-0000-0000-0000-000000000001,06061874-ce68-4008-82f6-50ace2ba4bf4,whatsapp,inbound,message,wamid.HBgMOTE5Mzk5OTQ5NzM3FQIAEhggQUNENDVDN0Y0QzBDMDdCRjJDREVDNjM1QTBCRjM2QzkA,null,text,null,received,62efb83d-6779-48b2-8b26-c8650265d9b8,null,null,2026-08-10 07:43:48.585712+00,2026-08-10 07:43:48.585712+00
3819f339-ca9e-41c6-bdd4-e1502b42cc31,00000000-0000-0000-0000-000000000001,12062e7c-25cc-4c45-8869-abf33c8a981c,whatsapp,inbound,message,wamid.HBgMOTE5MDIxNDIzNzAzFQIAEhggQUMwNEM2QTI3NzBEMDE4QjNDMTQwOEM0M0U4NTU4QjgA,null,image,null,received,8918c32e-0f6a-4dff-b73b-4163db0b3c1e,null,null,2026-08-10 10:30:16.915965+00,2026-08-10 10:30:16.915965+00
fa129220-3c29-402f-af8c-3cfe9c325683,00000000-0000-0000-0000-000000000001,8fd367e7-7404-4ef6-530b-a40219a48f1e,whatsapp,inbound,message,wamid.HBgMOTE4NTAwODQwMjc5FQIAEhgUM0FFQzJCQzg5N0JGMTM2N0VCMzMA,null,text,null,received,bf15350c-b1ca-4fdc-bc80-3a72aa9ca338,null,null,2026-08-10 11:35:44.487359+00,2026-08-10 11:35:44.487359+00
c4fe97eb-8eb2-4b32-a4eb-7a919ec12b09,00000000-0000-0000-0000-000000000001,8fd367e7-7404-4ef6-530b-a40219a48f1e,whatsapp,inbound,message,wamid.HBgMOTE4NTAwODQwMjc5FQIAEhgUM0FDMDQwNzREM0E4NjBDMzRGNDMA,null,text,null,received,0310829c-ee8b-4dce-b99e-3bd6690859cc,null,null,2026-08-10 17:48:58.852142+00,2026-08-10 17:48:58.852142+00
5a730aae-1d72-4206-b3bb-356451234e52,00000000-0000-0000-0000-000000000001,8fd367e7-7404-4ef6-530b-a40219a48f1e,whatsapp,inbound,message,wamid.HBgMOTE4NTAwODQwMjc5FQIAEhgUM0FEMkNENDc5Qjk3QUQyQUFGOTgA,null,text,null,received,16f11ad6-e3a9-4b63-a23d-feb13110be84,null,null,2026-08-10 17:49:30.339327+00,2026-08-10 17:49:30.339327+00
35ef693c-9140-47f9-9dc5-281740797af4,00000000-0000-0000-0000-000000000001,8fd367e7-7404-4ef6-530b-a40219a48f1e,whatsapp,inbound,message,wamid.HBgMOTE4NTAwODQwMjc5FQIAEhgUM0EyQUQzRUM1MEVDNTVBNjdDRkMA,null,text,null,received,7d49891f-824d-4012-8802-5eb94f21ae3e,null,null,2026-08-10 17:49:33.366798+00,2026-08-10 17:49:33.366798+00
ae984e87-0f59-402d-a545-39c5a4a418d4,null,null,whatsapp,inbound,message,wamid.HBgMOTE5OTk0MzI4NDc0FQIAEhggQUMzOEQ0RTcyRkFCOTI3OTE3Qzk3RTY0MUQ0MTI1OTMA,null,image,null,received,6cf00f26-9d56-46d0-84ab-5fe6224d4b64,null,null,2026-08-11 05:49:48.800584+00,2026-08-11 05:49:48.800584+00
0b26890e-85f5-4536-88b6-3696b8c2a12b,null,null,whatsapp,inbound,webhook_unparsed,unparsed-a26b3973-6372-43a5-b53a-b5f98cc009d0,null,unknown,null,received,834749e6-84d0-4315-82ff-3e05379e23d3,null,payload_shape_not_recognized,2026-08-11 05:50:42.826185+00,2026-08-11 05:50:42.826185+00
3ca0fd2c-9b0f-44d2-8607-306b271d4e4c,null,null,whatsapp,inbound,webhook_unparsed,unparsed-758ca202-c1f9-408d-887d-eade011d6142,null,unknown,null,received,751c6e86-2224-4738-8bc5-a4f45fe98667,null,payload_shape_not_recognized,2026-08-11 05:55:02.807967+00,2026-08-11 05:55:02.807967+00
e8dafb49-73ae-4623-8c78-46c1322bc5da,00000000-0000-0000-0000-000000000001,8fd367e7-7404-4ef6-530b-a40219a48f1e,whatsapp,inbound,message,wamid.HBgMOTE4NTAwODQwMjc5FQIAEhgUM0ExRUM3QzAyRTNEMTJBRkIzOEUA,null,text,null,received,e3ac75dc-1716-44f7-87a6-374d678736a8,null,null,2026-08-11 05:55:07.665594+00,2026-08-11 05:55:07.665594+00
963ee916-f54d-436e-801b-29fcecfb27e9,00000000-0000-0000-0000-000000000001,8fd367e7-7404-4ef6-530b-a40219a48f1e,whatsapp,inbound,message,wamid.HBgMOTE4NTAwODQwMjc5FQIAEhgUM0FGN0YwMzZFQkRFMTk5QUI4MUMA,null,text,null,received,01de480c-6f84-4876-bc08-a70067163692,null,null,2026-08-11 05:55:31.716447+00,2026-08-11 05:55:31.716447+00
89652d71-2110-4fb2-9b58-661b673b3423,00000000-0000-0000-0000-000000000001,8fd367e7-7404-4ef6-530b-a40219a48f1e,whatsapp,inbound,message,wamid.HBgMOTE4NTAwODQwMjc5FQIAEhgUM0FCMkQ5MEZEMTg1OTMwRDY1QkQA,null,text,null,received,a9933638-a920-4b68-bd34-ac3cea216573,null,null,2026-08-11 05:55:40.822991+00,2026-08-11 05:55:40.822991+00
de4223b7-3791-46be-a76b-1b2efe20299d,00000000-0000-0000-0000-000000000001,8fd367e7-7404-4ef6-530b-a40219a48f1e,whatsapp,inbound,message,wamid.HBgMOTE4NTAwODQwMjc5FQIAEhgUM0E0QkJEQzc2MkNDOUJDOUExNDkA,null,text,null,received,9859ebaf-b9a4-4fab-af8f-ebf87a80467f,null,null,2026-08-11 05:55:42.054896+00,2026-08-11 05:55:42.054896+00
0153b8f7-6e0f-4991-9d51-30afc6bde76f,00000000-0000-0000-0000-000000000001,8fd367e7-7404-4ef6-530b-a40219a48f1e,whatsapp,inbound,message,wamid.HBgMOTE4NTAwODQwMjc5FQIAEhgUM0FEMEU2NzJDNkM3NzhFN0E2NkMA,null,text,null,received,1318ad59-cbb9-4b9e-81c5-d4c152a6b9b2,null,null,2026-08-11 05:55:47.223217+00,2026-08-11 05:55:47.223217+00
d2fbad2b-930c-4c3f-b864-daffdd6d83ec,00000000-0000-0000-0000-000000000001,8fd367e7-7404-4ef6-530b-a40219a48f1e,whatsapp,inbound,message,wamid.HBgMOTE4NTAwODQwMjc5FQIAEhgUM0E1QjM1NkZFMDNFNDdDQ0NBNEEA,null,text,null,received,b9c40f48-baf4-4421-966e-1b28436a928e,null,null,2026-08-11 05:56:33.972918+00,2026-08-11 05:56:33.972918+00
7fbe40f4-e4a8-4ef6-b325-3a37878f0bf6,00000000-0000-0000-0000-000000000001,8fd367e7-7404-4ef6-530b-a40219a48f1e,whatsapp,inbound,message,wamid.HBgMOTE4NTAwODQwMjc5FQIAEhgUM0ExQkYyMUE4NzFBNjg4NUZEOUYA,null,text,null,received,90df1361-843e-4388-9e79-7444671e8729,null,null,2026-08-11 05:57:15.310088+00,2026-08-11 05:57:15.310088+00
046a5c6a-55c1-4ff5-8518-a32678ae75f7,null,null,whatsapp,inbound,webhook_unparsed,unparsed-f49e2620-8df2-4262-abc8-526edad3b0dc,null,unknown,null,received,7de466a6-9a04-4f11-ad12-ac1ad7bd8c9b,null,payload_shape_not_recognized,2026-08-11 05:57:21.642282+00,2026-08-11 05:57:21.642282+00
64fb754a-5def-4314-8950-615ea88fce0d,00000000-0000-0000-0000-000000000001,8fd367e7-7404-4ef6-530b-a40219a48f1e,whatsapp,inbound,message,wamid.HBgMOTE4NTAwODQwMjc5FQIAEhgUM0E3RTE0QkUzODlGNjVBMEY3N0QA,null,text,null,received,18775fbf-00c2-4f06-a1c5-70c04aa0db88,null,null,2026-08-11 05:58:50.358156+00,2026-08-11 05:58:50.358156+00
456899ee-fd82-45e7-95ff-7b12d5e6fcc6,null,null,whatsapp,inbound,webhook_unparsed,unparsed-7bba308c-d50d-49e3-9d4a-a25ab3e0fecb,null,unknown,null,received,bbeda4b3-b016-426a-8dfe-81488691e6bc,null,payload_shape_not_recognized,2026-08-11 06:09:03.265894+00,2026-08-11 06:09:03.265894+00
fac2d492-e780-4353-bda5-ef1fa85d0214,00000000-0000-0000-0000-000000000001,8fd367e7-7404-4ef6-530b-a40219a48f1e,whatsapp,inbound,message,wamid.HBgMOTE4NTAwODQwMjc5FQIAEhgUM0EwNzg1QjBEQTQ4MzIwREI0M0QA,null,text,null,received,6717532f-4645-43d3-98e3-8204c58f1084,null,null,2026-08-11 06:10:47.108827+00,2026-08-11 06:10:47.108827+00
3cecac92-f7c0-42c4-a61a-4ec1b03fb771,00000000-0000-0000-0000-000000000001,8fd367e7-7404-4ef6-530b-a40219a48f1e,whatsapp,inbound,message,wamid.HBgMOTE4NTAwODQwMjc5FQIAEhgUM0E3NDNDOUQ2QTRDRTA3MjBBMUIA,null,text,null,received,22167088-7613-40c8-9838-6121e7ef6a07,null,null,2026-08-11 06:10:52.873015+00,2026-08-11 06:10:52.873015+00
234d748b-18aa-4642-a385-86c317b4705e,00000000-0000-0000-0000-000000000001,8fd367e7-7404-4ef6-530b-a40219a48f1e,whatsapp,inbound,message,wamid.HBgMOTE4NTAwODQwMjc5FQIAEhgUM0ExODNCQkZFRTNGNzYzNURENTcA,null,text,null,received,28db7f1f-5203-4014-9029-6e1cf994eae2,null,null,2026-08-11 06:11:17.724526+00,2026-08-11 06:11:17.724526+00
4a5898ac-35f4-4687-8833-1f485acc4335,00000000-0000-0000-0000-000000000001,8fd367e7-7404-4ef6-530b-a40219a48f1e,whatsapp,inbound,message,wamid.HBgMOTE4NTAwODQwMjc5FQIAEhgUM0EwNjk0Rjg1NEVFM0FCNzhENkUA,null,text,null,received,d10fc3bd-914c-4d06-9dfc-6c0ae605aa70,null,null,2026-08-11 06:11:19.544592+00,2026-08-11 06:11:19.544592+00
0e8cc112-de19-4c09-abd4-dc0c91fa6752,00000000-0000-0000-0000-000000000001,8fd367e7-7404-4ef6-530b-a40219a48f1e,whatsapp,inbound,message,wamid.HBgMOTE4NTAwODQwMjc5FQIAEhgUM0FDOEU3NUM1NDMyODRDQ0EyQ0UA,null,text,null,received,0d3c3cb5-ad01-4abf-8ddd-edacb37927d0,null,null,2026-08-11 06:11:20.64422+00,2026-08-11 06:11:20.64422+00
98fceb4c-53fa-4ade-a6d9-47f0240ea5f4,00000000-0000-0000-0000-000000000001,8fd367e7-7404-4ef6-530b-a40219a48f1e,whatsapp,inbound,message,wamid.HBgMOTE4NTAwODQwMjc5FQIAEhgUM0EzRDFCNjRCNzQyNzM1MjdBQTUA,null,text,null,received,eb25f24c-4f09-4858-8d73-d0ec676b95b5,null,null,2026-08-11 06:11:21.333278+00,2026-08-11 06:11:21.333278+00
1aaa9574-df94-427a-bba4-1857e025a9c9,null,null,whatsapp,inbound,webhook_unparsed,unparsed-62a11533-58d2-4c0d-9c6d-f9b167e7325d,null,unknown,null,received,0c432be1-33d5-4c5b-bc40-c84a90d39e30,null,payload_shape_not_recognized,2026-08-11 06:11:52.275746+00,2026-08-11 06:11:52.275746+00
6fe62069-1fa0-46a5-af6f-5efd8128e2e3,00000000-0000-0000-0000-000000000001,8fd367e7-7404-4ef6-530b-a40219a48f1e,whatsapp,inbound,message,wamid.HBgMOTE4NTAwODQwMjc5FQIAEhgUM0ExOUU4OUUyMkQ2MDlBM0QyNzMA,null,text,null,received,3b3b90ab-51b9-4458-907c-5d0189bb350e,null,null,2026-08-11 06:12:17.271521+00,2026-08-11 06:12:17.271521+00
883afca5-b072-41f5-9156-a825e4b9370f,00000000-0000-0000-0000-000000000001,8fd367e7-7404-4ef6-530b-a40219a48f1e,whatsapp,inbound,message,wamid.HBgMOTE4NTAwODQwMjc5FQIAEhgUM0E4NTVBOUFDM0FEQzkzMjUwOUEA,null,text,null,received,27ef506c-9285-446e-b5e9-0f1288db4512,null,null,2026-08-11 06:12:19.4611+00,2026-08-11 06:12:19.4611+00
f4c4e1af-fd56-441f-b5c2-d8ba04af5bdd,00000000-0000-0000-0000-000000000001,8fd367e7-7404-4ef6-530b-a40219a48f1e,whatsapp,inbound,message,wamid.HBgMOTE4NTAwODQwMjc5FQIAEhgUM0E3QTcyM0E0RTE5NkVGNUUyOUQA,null,text,null,received,a06f42ec-1203-46a0-abf1-dab27fa095bc,null,null,2026-08-11 06:13:03.554937+00,2026-08-11 06:13:03.554937+00
b635faac-ce1c-4cf2-9208-3bb417152d07,00000000-0000-0000-0000-000000000001,8fd367e7-7404-4ef6-530b-a40219a48f1e,whatsapp,inbound,message,wamid.HBgMOTE4NTAwODQwMjc5FQIAEhgUM0E2MUU0NTg2NUQ4Q0NGMUM4RjUA,null,text,null,received,6c9b37cf-f47b-4dc6-9c67-1cd7adeb8c70,null,null,2026-08-11 06:13:09.673053+00,2026-08-11 06:13:09.673053+00
a4248fce-f572-4712-98a3-17059703f96e,00000000-0000-0000-0000-000000000001,8fd367e7-7404-4ef6-530b-a40219a48f1e,whatsapp,inbound,message,wamid.HBgMOTE4NTAwODQwMjc5FQIAEhgUM0FDMjg3QTAxQUI1OEZFMzBEMUQA,null,text,null,received,c40833bc-2646-4018-a0ab-3fee69603a56,null,null,2026-08-11 06:13:11.339827+00,2026-08-11 06:13:11.339827+00
861c86a9-8526-4df3-9817-038ca24fab81,00000000-0000-0000-0000-000000000001,8fd367e7-7404-4ef6-530b-a40219a48f1e,whatsapp,inbound,message,wamid.HBgMOTE4NTAwODQwMjc5FQIAEhgUM0FFNDQ2QjMzQkVCNjNFNUMzQzMA,null,text,null,received,ac0602b7-28f9-41aa-a4ec-530acffc56ab,null,null,2026-08-11 06:13:14.125006+00,2026-08-11 06:13:14.125006+00
4aa1da60-dd6a-4a18-89bf-7e01199c4a46,null,null,whatsapp,inbound,webhook_unparsed,unparsed-8c2f96b5-1597-41dd-a911-3e5d1dfa7f95,null,unknown,null,received,a3492f2b-86aa-4383-9e0d-76f4002c6473,null,payload_shape_not_recognized,2026-08-11 06:13:19.693017+00,2026-08-11 06:13:19.693017+00
5693e695-0691-4b82-9ac8-de76c3f2a334,00000000-0000-0000-0000-000000000001,8fd367e7-7404-4ef6-530b-a40219a48f1e,whatsapp,inbound,message,wamid.HBgMOTE4NTAwODQwMjc5FQIAEhgUM0E4NTkxNUQ4NEIxNENFNjYxNzcA,null,text,null,received,e45ee72b-9c1c-4494-9519-37f901e21413,null,null,2026-08-11 06:13:38.126242+00,2026-08-11 06:13:38.126242+00
a9e72aff-da31-455e-90c4-c1553db1401d,00000000-0000-0000-0000-000000000001,8fd367e7-7404-4ef6-530b-a40219a48f1e,whatsapp,inbound,message,wamid.HBgMOTE4NTAwODQwMjc5FQIAEhgUM0FFQ0REREFDQjQzQzIwRDM5QTgA,null,text,null,received,cfd10633-a6ce-49b2-a30c-a4879cc159be,null,null,2026-08-11 06:14:01.817653+00,2026-08-11 06:14:01.817653+00
c1015901-4e33-4125-a0cf-d3120e5fe7d5,null,null,whatsapp,inbound,webhook_unparsed,unparsed-fae1964f-5797-4700-be1a-a79ec2decaf3,null,unknown,null,received,f13e166e-6dc5-4c09-9c88-df3a8a80e145,null,payload_shape_not_recognized,2026-08-11 06:14:22.671005+00,2026-08-11 06:14:22.671005+00
35833a24-4b5f-4036-b40b-d58e7f051fa2,00000000-0000-0000-0000-000000000001,2c1980eb-be51-916e-8f61-1e8fe83afb0c,whatsapp,inbound,message,wamid.HBgMOTE4MDU2MzIzMjc0FQIAEhgUM0FFMkFGMzZDOTZBMkRBQzhENzkA,null,image,null,received,d406512c-b6eb-452c-b1e4-aa5bf59233cf,null,null,2026-08-11 06:33:32.96995+00,2026-08-11 06:33:32.96995+00
ef0f639a-b73e-40d7-b138-ee5717ab8512,00000000-0000-0000-0000-000000000001,2c1980eb-be51-916e-8f61-1e8fe83afb0c,whatsapp,inbound,message,wamid.HBgMOTE4MDU2MzIzMjc0FQIAEhgUM0E2MkI4NkM3MjFFOUQyNEVGNDUA,null,text,null,received,fda49ab1-b321-4b9b-a23d-10725ee5f375,null,null,2026-08-11 06:33:47.446324+00,2026-08-11 06:33:47.446324+00
6803ff84-07d1-44cf-b1b7-3e0f3389ba40,00000000-0000-0000-0000-000000000001,2c1980eb-be51-916e-8f61-1e8fe83afb0c,whatsapp,inbound,message,wamid.HBgMOTE4MDU2MzIzMjc0FQIAEhgUM0FFRTYyQTBERUI0QTBEMDhCNjAA,null,text,null,received,edd95a67-b8f7-460d-bb69-cd00b269f352,null,null,2026-08-11 10:05:53.801938+00,2026-08-11 10:05:53.801938+00
3c178512-7a5e-4451-8948-12c4ba333a14,00000000-0000-0000-0000-000000000001,bcf8ffc1-fd5c-f6ab-0453-7a73c73786dd,whatsapp,inbound,message,wamid.HBgMOTE5NjI5NjIyNTcyFQIAEhgUM0FDQjYwMjg3OTUwQTM0NDQxMjEA,null,text,null,received,8589ca39-0b31-4528-bf27-acb7197317d7,null,null,2026-08-12 08:35:19.669848+00,2026-08-12 08:35:19.669848+00
24b1d4e9-a452-431b-b963-5a00f92ded0e,00000000-0000-0000-0000-000000000001,bcf8ffc1-fd5c-f6ab-0453-7a73c73786dd,whatsapp,inbound,message,wamid.HBgMOTE5NjI5NjIyNTcyFQIAEhgUM0E5NzE4QUU5NTc5OTQ5OTIyRkYA,null,text,null,received,637549ff-8ad7-406b-9fb0-8fc1d58de2a7,null,null,2026-08-12 08:50:52.523193+00,2026-08-12 08:50:52.523193+00
aac6c91f-2c60-46f9-a0d0-a36ae51ccc9a,null,null,whatsapp,inbound,webhook_unparsed,unparsed-6606f3cf-4a45-4410-bcf2-39b3caaa73b0,null,unknown,null,received,f7a6e914-8279-428f-b256-b2545a3ad683,null,payload_shape_not_recognized,2026-08-12 08:50:56.864851+00,2026-08-12 08:50:56.864851+00
3317b45d-e400-4732-b252-13b211a178b5,null,null,whatsapp,inbound,message,wamid.HBgMOTE2MzY0OTIyMTk0FQIAEhgSMUM0QzgxNUNFNEE0MjczQjY4AA==,null,text,null,received,7b319383-d1bd-4dc3-a08c-8fdca2a92aa4,null,null,2026-08-12 09:41:54.440316+00,2026-08-12 09:41:54.440316+00
783907dd-db70-459c-a6ac-86c5a2bd20a2,00000000-0000-0000-0000-000000000001,b0a6f0b5-9fd8-112e-2bfa-24fa8a25779b,whatsapp,inbound,message,wamid.HBgMOTE5NzQ1NDc2ODMyFQIAEhgUM0EyMzVBODczQjAwODQ5MzU3MkEA,null,text,null,received,3b100aab-fa87-4018-8c4a-a34616a53e77,null,null,2026-08-13 06:52:43.936234+00,2026-08-13 06:52:43.936234+00
5dbc00b1-4d2f-4af6-8eb2-5225a84544b3,00000000-0000-0000-0000-000000000001,55e6e452-fae2-a5ac-3c12-21424bffbcac,whatsapp,inbound,message,wamid.HBgMOTE4MTQzNDI4ODkzFQIAEhgUM0FEMTgyQzEzOUI3Q0U4OENFQ0YA,null,text,null,received,3ef8964d-43d2-41cb-9cb3-4246b533a295,null,null,2026-08-13 07:25:37.548649+00,2026-08-13 07:25:37.548649+00
c6d06c64-5614-4934-8a64-e70d646f8c18,00000000-0000-0000-0000-000000000001,79e31f6f-69dc-a40c-27d7-3f076878f83c,whatsapp,inbound,message,wamid.HBgMOTE3MDYzOTA5NDczFQIAEhggQUM4OTEwMjY5RkE4ODMxMTE0ODE5RDFCNkJEMTFDNzQA,null,text,null,received,88be4f6a-c7e1-46cd-8cb0-4087fe003d55,null,null,2026-08-13 07:26:15.517051+00,2026-08-13 07:26:15.517051+00
df85d817-8304-4196-aff2-eaf58f671354,00000000-0000-0000-0000-000000000001,79e31f6f-69dc-a40c-27d7-3f076878f83c,whatsapp,inbound,message,wamid.HBgMOTE3MDYzOTA5NDczFQIAEhggQUNDQUQzNzdFQTJCMjhERTRFQTEzREMzN0MzMUFDM0EA,null,text,null,received,2b838fe4-03c8-46e8-b1d9-078948ec5266,null,null,2026-08-13 07:26:16.232653+00,2026-08-13 07:26:16.232653+00
7e153494-2cdd-41c5-9721-220083b854dd,00000000-0000-0000-0000-000000000001,61031b0a-ef18-26aa-64b7-d412d7b3d276,whatsapp,inbound,message,wamid.HBgMOTE3ODI1ODM1MTM0FQIAEhggQUNBNDQwOERCQTM0OTM1MkM5MEZBNTlGNzJBNUY4MDUA,null,text,null,received,84f0b397-3ea0-4759-9d8a-c81b52a5c932,null,null,2026-08-13 07:26:19.399351+00,2026-08-13 07:26:19.399351+00
27d83ed8-d364-4718-8c39-3dd90b32c603,00000000-0000-0000-0000-000000000001,79e31f6f-69dc-a40c-27d7-3f076878f83c,whatsapp,inbound,message,wamid.HBgMOTE3MDYzOTA5NDczFQIAEhggQUM5QzUwMzM5QjY5NjkyM0FDRkZCRTk0MUZCMDY2QjkA,null,text,null,received,bbadc0ec-2efc-405f-a7e5-410a69b42268,null,null,2026-08-13 07:26:20.02321+00,2026-08-13 07:26:20.02321+00
87eb7dc4-cc9c-492e-a65c-313f2564ade3,00000000-0000-0000-0000-000000000001,61031b0a-ef18-26aa-64b7-d412d7b3d276,whatsapp,inbound,message,wamid.HBgMOTE3ODI1ODM1MTM0FQIAEhggQUNCNENDNzQ3RUNFMDlFMThGREU5Qjc2RDgwMzdDNUQA,null,text,null,received,55e482ca-0461-4b6e-98cc-7e74fdd12b4e,null,null,2026-08-13 07:26:22.735939+00,2026-08-13 07:26:22.735939+00
2112442d-22ac-4b31-88b0-0da4d7713e0f,null,null,whatsapp,inbound,webhook_unparsed,unparsed-ce4e0a52-a3eb-417c-8f3b-9e051a138966,null,unknown,null,received,2e0da8e9-5301-40d4-baf3-19147e94f695,null,payload_shape_not_recognized,2026-08-13 07:29:03.220001+00,2026-08-13 07:29:03.220001+00
f68e7eff-68a0-41bd-b74d-da23fa4a0f44,null,null,whatsapp,inbound,message,wamid.HBgMOTE5OTk0MzI4NDc0FQIAEhgWM0VCMEZENDg4NjFEQkQ0REI3MUExMwA=,null,unknown,null,received,916f8324-2aab-40dc-8bb6-babdc37c5f2f,null,null,2026-08-13 07:47:22.343626+00,2026-08-13 07:47:22.343626+00
8b7d7dd0-e3ae-459c-985a-8eba1c6b3acd,null,null,whatsapp,inbound,webhook_unparsed,unparsed-e6693c04-e29a-47fd-94fc-571a7754ecd3,null,unknown,null,received,d8b05c4f-4c21-4e90-80f9-5d408cdafee9,null,payload_shape_not_recognized,2026-08-13 07:47:34.788506+00,2026-08-13 07:47:34.788506+00
70d4cde0-50a3-4614-b498-d890fc295337,00000000-0000-0000-0000-000000000001,d257c87f-0e42-048c-8409-362e925d86fc,whatsapp,inbound,message,wamid.HBgMOTE4NjU3NDI4MTI5FQIAEhgUM0EyQTg1NThBM0FFOTYzNjk3RUYA,null,text,null,received,01e03893-9d1f-4808-966c-b879970d5326,null,null,2026-08-13 07:51:59.107151+00,2026-08-13 07:51:59.107151+00
f188381f-db3f-4e10-8fd7-7d2aa30cde8b,00000000-0000-0000-0000-000000000001,d257c87f-0e42-048c-8409-362e925d86fc,whatsapp,inbound,message,wamid.HBgMOTE4NjU3NDI4MTI5FQIAEhgUM0E0NDc3NUNFOTk1RjUxMURGQzkA,null,text,null,received,c55e7074-0598-4894-a027-9acd623abc08,null,null,2026-08-13 07:52:08.980243+00,2026-08-13 07:52:08.980243+00
a04c2d83-0d58-4914-8649-568bcc263de8,null,null,whatsapp,inbound,webhook_unparsed,unparsed-883bfd1f-4e14-40a4-b17f-26ac4302bc47,null,unknown,null,received,5199070c-228f-4741-8ce2-f0f4cf409ba3,null,payload_shape_not_recognized,2026-08-13 07:57:19.003472+00,2026-08-13 07:57:19.003472+00
3003997f-ba08-4c0a-9a35-2c8dcef13b85,null,null,whatsapp,inbound,webhook_unparsed,unparsed-4fb40f64-41b4-4c2c-9993-c73bfdccdbe1,null,unknown,null,received,32efd5d7-b6ba-4156-ba66-7e801e9606d0,null,payload_shape_not_recognized,2026-08-13 07:58:11.852973+00,2026-08-13 07:58:11.852973+00
b84c1fe8-dfa8-45c0-aaff-873cb998fd28,00000000-0000-0000-0000-000000000001,79e31f6f-69dc-a40c-27d7-3f076878f83c,whatsapp,inbound,message,wamid.HBgMOTE3MDYzOTA5NDczFQIAEhggQUMzNEQyNTE5MzA5MTdFRjlCRUI5QTBERUQ2MUJENEQA,null,text,null,received,b03812e5-408c-40f6-86b6-4a5d9331c028,null,null,2026-08-13 07:58:21.007453+00,2026-08-13 07:58:21.007453+00
e4e5c9e8-a8dd-41c0-9dc2-7f7dd4c0f404,00000000-0000-0000-0000-000000000001,d257c87f-0e42-048c-8409-362e925d86fc,whatsapp,inbound,message,wamid.HBgMOTE4NjU3NDI4MTI5FQIAEhgUM0ExRUJCMjg3Q0U1MEMyQkU5NTcA,null,text,null,received,d9e0b7ec-f2e0-4788-a471-15d9d690e939,null,null,2026-08-13 07:58:27.513192+00,2026-08-13 07:58:27.513192+00
65e5353e-0a66-4bea-8603-b9d201c3d96d,00000000-0000-0000-0000-000000000001,d257c87f-0e42-048c-8409-362e925d86fc,whatsapp,inbound,message,wamid.HBgMOTE4NjU3NDI4MTI5FQIAEhgUM0FBMDIwMzZBMDAwNzQ3QUEyRjEA,null,text,null,received,22a8866b-3742-4a1d-b7e2-12ebfcb4363d,null,null,2026-08-13 07:58:48.181093+00,2026-08-13 07:58:48.181093+00
479d9b6e-351b-4387-9a01-bca5fc5b484e,null,null,whatsapp,inbound,webhook_unparsed,unparsed-6a5dd7c6-85db-44b6-be78-6d5181a57fa0,null,unknown,null,received,45c73261-b67e-4924-ac2f-9489e32bcd7c,null,payload_shape_not_recognized,2026-08-13 07:59:12.994981+00,2026-08-13 07:59:12.994981+00
ce52abde-198e-442e-a24a-f69b19cc4ed2,00000000-0000-0000-0000-000000000001,71492154-2bd6-41d1-b8b8-3acec9cedd1f,whatsapp,inbound,message,wamid.HBgMOTE3OTcwMzUwNjA0FQIAEhggQUNGNUQzMjYwOUZBQjU5OTZBNDRGOEYyQ0VCQTNERjEA,null,image,null,received,f49ae1c2-4f6e-4ea8-a944-52ef4792e994,null,null,2026-08-13 08:04:52.126615+00,2026-08-13 08:04:52.126615+00
1aca5101-8733-41bb-9ffe-1ba3a2e276b4,00000000-0000-0000-0000-000000000001,87a1e515-e2e0-110f-05d1-04f5a83c066a,whatsapp,inbound,message,wamid.HBgMOTE5OTgxOTYzNjM2FQIAEhgUM0E1RjRBOEEyMjc1MUQ1NkJFM0UA,null,text,null,received,0b9fc4dc-5b68-4771-b58a-c2047152df74,null,null,2026-08-13 08:19:07.941024+00,2026-08-13 08:19:07.941024+00
16124eaa-1eaa-4c9e-86d5-2e9658e0407a,00000000-0000-0000-0000-000000000001,73715344-908a-b7fa-00cc-34358ffb16f0,whatsapp,inbound,message,wamid.HBgMOTE5ODEwMDMxNjI5FQIAEhgUM0FEQTJBN0RGOEEzQjM0QTRBRkYA,null,text,null,received,909e35e1-b61c-4343-9773-8ea16caf738d,null,null,2026-08-13 08:26:18.352717+00,2026-08-13 08:26:18.352717+00
3ae5dfbf-62f9-4107-be34-4b8950901a56,00000000-0000-0000-0000-000000000001,1fc0c3bb-f35c-8d5d-a4fa-a9c1723cd8ab,whatsapp,inbound,message,wamid.HBgMOTE3NTk4ODM3NzAyFQIAEhggQUNGN0U0OURDNTgxODJGM0U2Mjk5NEFGNjkwQzFDOTIA,null,text,null,received,0d259c69-1e2d-4b57-a0f7-e60d32d295e1,null,null,2026-08-13 16:37:01.698185+00,2026-08-13 16:37:01.698185+00
2e9570e1-8334-4543-a30a-398bc57d74b0,null,null,whatsapp,inbound,message,wamid.HBgMOTE2MzY0OTIyMTk0FQIAEhgSNkQ0NzE2MkQ3Rjg2RDMzNjg2AA==,null,text,null,received,d4750f11-326c-4ea9-916f-7c774df8227e,null,null,2026-08-14 02:42:48.267621+00,2026-08-14 02:42:48.267621+00
cdcf19d7-1c3b-49b6-a484-dcf04d6f1a05,null,null,whatsapp,inbound,message,wamid.HBgMOTE2MzY0OTIyMTk0FQIAEhgSRTk2QzNCQTBCRTZBQTlENzg5AA==,null,text,null,received,c73cd6e6-14f0-4742-98f8-b8c90070de9f,null,null,2026-08-14 03:01:44.731865+00,2026-08-14 03:01:44.731865+00
91b56303-113b-46cd-9c54-4d0392cb380d,null,null,whatsapp,inbound,message,wamid.HBgMOTE2MzY0OTIyMTk0FQIAEhgSM0U1RDQ3MDFFMjlDQkREMDE5AA==,null,text,null,received,e6e8e43d-01af-4c28-9056-c185dbe94917,null,null,2026-08-14 03:11:49.089605+00,2026-08-14 03:11:49.089605+00
78de90d9-a883-4ca0-ae9f-8343b45cdd9f,null,null,whatsapp,inbound,message,wamid.HBgMOTE2MzY0OTIyMTk0FQIAEhgSN0IyMTk0Mzg5NTczRTFEREEwAA==,null,text,null,received,d2fff327-424d-4fdf-b9c7-6405c83f10de,null,null,2026-08-14 03:56:16.862034+00,2026-08-14 03:56:16.862034+00
e4b0dbd2-e67b-4d34-a929-9a8695175da4,null,null,whatsapp,inbound,message,wamid.HBgMOTE2MzY0OTIyMTk0FQIAEhgSRUNFMTAzNkMyQjg5MkYwODI5AA==,null,text,null,received,7d3ca030-cbb7-4875-af53-fa861e8eac60,null,null,2026-08-14 03:58:31.415264+00,2026-08-14 03:58:31.415264+00
281eb1ce-8527-429b-9753-19beec0b3387,null,null,whatsapp,inbound,message,wamid.HBgMOTE2MzY0OTIyMTk0FQIAEhgSMTIyNTg1Q0QyOUE5RkU5MDkwAA==,null,text,null,received,21557ad4-847d-475d-b4de-9227a64afa17,null,null,2026-08-14 07:03:06.096203+00,2026-08-14 07:03:06.096203+00
10a0ab80-5fdd-40f7-970a-92ea667bc347,null,null,whatsapp,inbound,message,wamid.HBgMOTE2MzY0OTIyMTk0FQIAEhgSNjRBMzJGMDRDNUFEQzQ1RTEwAA==,null,text,null,received,5249d49a-fc21-4769-9628-a78756208359,null,null,2026-08-14 08:54:48.638503+00,2026-08-14 08:54:48.638503+00
357d4feb-1e3d-4e58-b3a5-6252e655f2dc,null,null,whatsapp,inbound,message,wamid.HBgMOTE2MzY0OTIyMTk0FQIAEhgSMTBBMDA3NEEwMkUzRjI1NjgxAA==,null,text,null,received,86e7f440-bbc2-4ca2-9631-4e35b6847199,null,null,2026-08-15 02:47:24.538828+00,2026-08-15 02:47:24.538828+00
4f994fa4-aaf9-4fb3-a329-ddc8d37496e8,null,null,whatsapp,inbound,message,wamid.HBgMOTE2MzY0OTIyMTk0FQIAEhgSMzQyRTc2NzYyRTBEN0JBOTU2AA==,null,text,null,received,0c2b8223-b356-4b98-b81d-6df9c84015a2,null,null,2026-08-15 03:18:12.4273+00,2026-08-15 03:18:12.4273+00
27a578dc-ef06-41ac-88c9-8af4373c5d43,null,null,whatsapp,inbound,message,wamid.HBgMOTE4NjA1MzA4MDQyFQIAEhggQUMwNjRBREYwMDNDRTFGRUUzNkVGMzE0Q0EwQzlBNjEA,null,image,null,received,b5f416d2-ae21-4c1d-a88b-9596c3103670,null,null,2026-08-15 10:47:16.767722+00,2026-08-15 10:47:16.767722+00
59d9d8c7-29dd-4ab5-b2b1-4fad4ddf6ab4,null,null,whatsapp,inbound,message,wamid.HBgMOTE4NjA1MzA4MDQyFQIAEhggQUNBNTg5RUE3NTU1NENCMURFMzY1NkVEMDg3OTc1MzUA,null,text,null,received,206232da-1b13-4056-a175-b2d8cbe7565a,null,null,2026-08-15 10:47:41.555075+00,2026-08-15 10:47:41.555075+00
f76c809b-20e8-47cf-abfe-68d4bf273a35,null,null,whatsapp,inbound,message,wamid.HBgMOTE4NjA1MzA4MDQyFQIAEhggQUNCOUFDMDJCODlFRjJCMzg0MDFBQkY5NDVBMjc2QjgA,null,image,null,received,14346309-82b1-4ba4-924e-56a653e5d893,null,null,2026-08-15 10:51:26.984348+00,2026-08-15 10:51:26.984348+00
c6b06fec-b199-4cd2-b78d-9f07c70d492c,null,null,whatsapp,inbound,webhook_unparsed,unparsed-c18602fd-10c0-4db1-a29c-39d070c44438,null,unknown,null,received,564dfdc8-dc0c-4ce7-a17a-763d6c8c2c07,null,payload_shape_not_recognized,2026-08-15 11:01:58.280566+00,2026-08-15 11:01:58.280566+00
7bd3ec19-dfbc-443a-ab93-9aa1022aa6a1,null,null,whatsapp,inbound,webhook_unparsed,unparsed-e9809ecd-72ae-40cc-84a5-5c82b3f0f13a,null,unknown,null,received,09aa4416-292a-4322-a2e9-3f2a4a5ba326,null,payload_shape_not_recognized,2026-08-15 11:01:58.799862+00,2026-08-15 11:01:58.799862+00
31af9adb-1fe9-4e66-8fef-77490a00cf40,null,null,whatsapp,inbound,webhook_unparsed,unparsed-26c6fb20-2ce2-4162-9711-72fedf0e8b4c,null,unknown,null,received,4f044bc9-66ab-4712-9ac3-72c1cb9abf7c,null,payload_shape_not_recognized,2026-08-15 11:02:43.358161+00,2026-08-15 11:02:43.358161+00
fa8340b1-4526-4282-8d3d-91db63a5a276,null,null,whatsapp,inbound,webhook_unparsed,unparsed-baef2ea4-6110-405e-8577-e6275787fb5a,null,unknown,null,received,311e1c1c-a6e7-4127-b165-f6f653f4e80a,null,payload_shape_not_recognized,2026-08-15 11:02:44.302612+00,2026-08-15 11:02:44.302612+00
0662bcc8-2bf6-4956-9451-f339b356fa11,null,null,whatsapp,inbound,webhook_unparsed,unparsed-afcaa40a-b520-49a5-a767-e312946a9d2d,null,unknown,null,received,4471a190-c26f-40d4-99fa-755e11b3567b,null,payload_shape_not_recognized,2026-08-15 11:03:29.791034+00,2026-08-15 11:03:29.791034+00
3ce518f7-577e-45ef-9ea8-5b7eeaf6f220,null,null,whatsapp,inbound,message,wamid.HBgMOTE5Njc3NTI4NDc0FQIAEhgUMkFFOUZGRUMyRDRDOUM2MjlBQTgA,null,text,null,received,15c0b01d-681c-425a-a128-d09a2f671fe4,null,null,2026-08-15 11:18:11.734431+00,2026-08-15 11:18:11.734431+00
55cfc2ce-f902-4d49-9053-c77e3d042ae9,00000000-0000-0000-0000-000000000001,b99bf201-38ba-4991-a146-8590e7c22417,whatsapp,inbound,message,wamid.HBgMOTE5MTE2NjQyMjE1FQIAEhggQUMyNTU4MTRBOEM1NjdFODQzRUM3NkRFRDMyNEM3Q0IA,null,image,null,received,11c8eb8f-6ae6-4e5b-b5f2-2b09ce4e3b50,null,null,2026-08-15 13:39:20.545236+00,2026-08-15 13:39:20.545236+00
126975c9-9910-425f-95bb-c1ef0f2a6d01,00000000-0000-0000-0000-000000000001,b99bf201-38ba-4991-a146-8590e7c22417,whatsapp,inbound,message,wamid.HBgMOTE5MTE2NjQyMjE1FQIAEhggQUM4ODQ4M0EwMUVBM0EwQ0VCNDc0RDUzQjE0NTVFOTUA,null,image,null,received,e16ea1fd-5a52-4273-b697-b517ccbb1667,null,null,2026-08-15 13:39:57.367861+00,2026-08-15 13:39:57.367861+00
b9011034-fbe5-43b3-98c1-20d84fca1c6b,null,null,whatsapp,inbound,webhook_unparsed,unparsed-b042e50a-b9ba-4634-bbd5-418cc4250d92,null,unknown,null,received,cf87e91f-619e-45d6-9c61-22b80361059b,null,payload_shape_not_recognized,2026-08-15 13:40:16.772122+00,2026-08-15 13:40:16.772122+00
96d009b8-0454-4eeb-be32-b16e4af497b0,null,null,whatsapp,inbound,webhook_unparsed,unparsed-f2969ce5-616c-40e7-98f6-7ede689fd9f4,null,unknown,null,received,8f2cbb8d-9577-4f65-8768-fedcc88c835c,null,payload_shape_not_recognized,2026-08-15 13:40:17.715545+00,2026-08-15 13:40:17.715545+00
45648af1-82e0-4314-b577-4e71cab1a14e,null,null,whatsapp,inbound,webhook_unparsed,unparsed-068ac1f7-4818-4a90-9482-dba2707d4bea,null,unknown,null,received,da4cac95-bd91-4fbb-9221-be52b127c6cb,null,payload_shape_not_recognized,2026-08-15 13:40:24.248781+00,2026-08-15 13:40:24.248781+00
47e0e979-4824-4981-baf9-6f006b79626b,null,null,whatsapp,inbound,webhook_unparsed,unparsed-be5ab435-f177-4660-93de-48961a159795,null,unknown,null,received,bedee791-d3de-4291-b659-d54ec952ab31,null,payload_shape_not_recognized,2026-08-15 13:40:30.011782+00,2026-08-15 13:40:30.011782+00
07b66b33-3a28-4375-a872-e2676783341e,00000000-0000-0000-0000-000000000001,df5ea39c-c069-5211-271d-f0d3831adefa,whatsapp,inbound,message,wamid.HBgMOTE5OTkwMDQzMTc0FQIAEhggQUNBRDc4OUY2NDI2NjEwQjNBMzRCRTgxQzkyRDcwNTEA,null,image,null,received,d31a1733-09ff-4a52-8012-aea5a7ac6819,null,null,2026-08-15 20:41:58.928185+00,2026-08-15 20:41:58.928185+00
d20a0e62-2d28-4be7-b9bb-6abfb1867a74,00000000-0000-0000-0000-000000000001,df5ea39c-c069-5211-271d-f0d3831adefa,whatsapp,inbound,message,wamid.HBgMOTE5OTkwMDQzMTc0FQIAEhggQUNGMkVFMDNDRkI2QzQ1NkZEMDg0MkM0Qzc2MDMzODIA,null,text,null,received,8aeed7e3-73c8-48ae-947e-dc198c2111c4,null,null,2026-08-15 20:42:25.785298+00,2026-08-15 20:42:25.785298+00
7538f0c6-00ec-459e-8657-36062a920ccb,null,null,whatsapp,inbound,message,wamid.HBgMOTE2MzY0OTIyMTk0FQIAEhgSQjI5NUEzNTI2RUFCRTQ5RTA0AA==,null,text,null,received,b8563304-8dc4-4017-874a-fa9301c67203,null,null,2026-08-16 03:04:12.823469+00,2026-08-16 03:04:12.823469+00
deb43056-f769-45c6-bfcc-58753b50a611,null,null,whatsapp,inbound,message,wamid.HBgMOTE2MzY0OTIyMTk0FQIAEhgSQkY2OUU5QUE2RDZBM0JFMUM5AA==,null,text,null,received,d3747bb6-3ff3-4b4d-aff6-5b02075a1987,null,null,2026-08-17 04:37:04.783678+00,2026-08-17 04:37:04.783678+00
0536df6e-a33b-4d56-b517-04840b16c094,null,null,whatsapp,inbound,message,wamid.HBgMOTE2MzY0OTIyMTk0FQIAEhgSRTExNzdBMTYzMjVENEFBN0JDAA==,null,text,null,received,755b8fda-aefd-4cee-9bfb-aa32ddbc1b21,null,null,2026-08-17 05:20:06.551468+00,2026-08-17 05:20:06.551468+00
a0220fed-2a88-4547-8e77-f0ca45da34e0,null,null,whatsapp,inbound,message,wamid.HBgMOTE2MzY0OTIyMTk0FQIAEhgSRjJGQzZGMEJCNEIyRjJGMkFEAA==,null,text,null,received,cebbec17-dbb2-4837-a749-7c3766e68616,null,null,2026-08-17 07:23:41.438459+00,2026-08-17 07:23:41.438459+00
965328bd-89f1-4581-940f-bdc6cc06fca7,null,null,whatsapp,inbound,message,wamid.HBgMOTE2MzY0OTIyMTk0FQIAEhgSRTY0NEZFQ0MwRjBGMzg2OUI1AA==,null,text,null,received,3f0ecefd-cc06-4cfd-af3d-57dc01734f49,null,null,2026-08-17 12:36:15.220492+00,2026-08-17 12:36:15.220492+00
833c2796-295a-4d6c-8970-ca8fd8e6b833,null,null,whatsapp,inbound,message,wamid.HBgMOTE2MzY0OTIyMTk0FQIAEhgSOUNCNzI0QTBEMDk3Qzg3NTJEAA==,null,text,null,received,be4b7b1f-e20a-4f2b-983a-c768f3eaa845,null,null,2026-08-18 05:29:04.733588+00,2026-08-18 05:29:04.733588+00
473d6b60-36bd-4ddf-9a81-f126e447c33b,null,null,whatsapp,inbound,message,wamid.HBgMOTE2MzY0OTIyMTk0FQIAEhgSMEVDREZCQjdFRjg4NkU1Njk1AA==,null,text,null,received,d77e6b91-318c-4f83-9d8f-5527d5b1f5aa,null,null,2026-08-18 06:22:34.45153+00,2026-08-18 06:22:34.45153+00
1ac0bf6f-da46-44b9-9bbf-6bab6ce7a3e3,null,null,whatsapp,inbound,message,wamid.HBgMOTE2MzY0OTIyMTk0FQIAEhgSNTdEMjNGREE2OTY4QkI4MkNEAA==,null,text,null,received,55d4ae60-77c4-4dce-89f6-e56a8048177e,null,null,2026-08-18 09:38:23.626759+00,2026-08-18 09:38:23.626759+00
e21753ff-6442-4565-9211-0eb7cd2a6b03,null,null,whatsapp,inbound,message,wamid.HBgMOTE2MzY0OTIyMTk0FQIAEhgSMjVDN0Y3QkEzRjM3NzUyRjIwAA==,null,text,null,received,1404d0f3-bb51-44b4-93bb-85a71a3be1e0,null,null,2026-08-18 09:56:25.133438+00,2026-08-18 09:56:25.133438+00
12efc6ca-fa5d-4f74-8697-bde18d03eabf,null,null,whatsapp,inbound,message,wamid.HBgMOTE2MzY0OTIyMTk0FQIAEhgSOTdENDk5ODU4MDNDRDVGMDZCAA==,null,text,null,received,c7be0032-8a22-4841-97bd-ee118ad59535,null,null,2026-08-18 13:11:18.605674+00,2026-08-18 13:11:18.605674+00
bba17461-63d0-4d87-8c01-cafe4c81fca5,null,null,whatsapp,inbound,message,wamid.HBgMOTE2MzY0OTIyMTk0FQIAEhgSN0E5NEY2RDdGRUIyNzc4NjJCAA==,null,text,null,received,b0ab4262-dab5-4616-a269-160e5c339af3,null,null,2026-08-19 02:54:23.512494+00,2026-08-19 02:54:23.512494+00
4101c9f9-6952-4c5d-b4d8-0883b9ab4766,null,null,whatsapp,inbound,message,wamid.HBgMOTE2MzY0OTIyMTk0FQIAEhgSRDFGN0IzRUYxMTkzNUU0RUE0AA==,null,text,null,received,bc8264e5-41bb-43a7-91cc-e08c0c5b067c,null,null,2026-08-20 02:33:01.157311+00,2026-08-20 02:33:01.157311+00
d7116a8f-0655-4941-bc45-f32d6a961e59,null,null,whatsapp,inbound,message,wamid.HBgMOTE2MzY0OTIyMTk0FQIAEhgSMTFEQjM3RkUwNTQ1NDE3QzE3AA==,null,text,null,received,078ff203-786a-4dfb-aa96-c297a04df59f,null,null,2026-08-20 07:27:09.040297+00,2026-08-20 07:27:09.040297+00
ac446a14-a9a3-4d66-96f0-16d8e1bf7f5a,null,null,whatsapp,inbound,message,wamid.HBgMOTE2MzY0OTIyMTk0FQIAEhgSNkU2OEIxNkZDNzAzRkZGRTVDAA==,null,text,null,received,1ddc8ac7-99a8-475c-aeee-501c242eae37,null,null,2026-08-21 02:38:37.80328+00,2026-08-21 02:38:37.80328+00
c38e763f-2225-41d2-ba69-dba5183676dd,null,null,whatsapp,inbound,message,wamid.HBgMOTE2MzY0OTIyMTk0FQIAEhgSQTU3NDdDQUJFOUFGRTVDQkQ1AA==,null,text,null,received,6352937f-e5f9-48ee-b01b-3a686133d751,null,null,2026-08-22 02:41:10.299575+00,2026-08-22 02:41:10.299575+00
f17f377b-6f41-4a33-9f4c-311234d4ac31,null,null,whatsapp,inbound,message,wamid.HBgMOTE3MDAxODA1NzI3FQIAEhggQUNGMzFEM0E4OUNDMjAyODA2Qzk0ODhBMjQxNkZDREIA,null,text,null,received,9adcb415-ba29-420f-88fd-fbc8e20652d2,null,null,2026-08-24 10:32:01.493481+00,2026-08-24 10:32:01.493481+00
88a48f17-e489-45dd-b91c-cc7537adf2ac,null,null,whatsapp,inbound,message,wamid.HBgMOTE2MzY0OTIyMTk0FQIAEhgSNjVDNDY2Q0U5MDMwMzM4MjY2AA==,null,text,null,received,2fd96347-3ec7-48a9-9e9a-389e0cb4c753,null,null,2026-08-26 03:30:45.625431+00,2026-08-26 03:30:45.625431+00
15cf0f12-d001-4dbc-83ca-e251727e24b5,null,null,whatsapp,inbound,message,wamid.HBgMOTE2MzY0OTIyMTk0FQIAEhgSOEMyQUY5NkJCQjUxRjEwMUVFAA==,null,text,null,received,c786a271-97c6-41ed-9b74-fbd841b11cc8,null,null,2026-08-26 09:32:19.221056+00,2026-08-26 09:32:19.221056+00
eb87ed77-e3d5-44d7-85bf-5f6dc09e2450,null,null,whatsapp,inbound,message,wamid.HBgMOTE2MzY0OTIyMTk0FQIAEhgSRTA3MDQ0Nzc2MDA5RTBCQjExAA==,null,text,null,received,48a1f790-47d4-4955-b365-64b3a8eef167,null,null,2026-08-26 09:53:37.083489+00,2026-08-26 09:53:37.083489+00
d7bcee14-fe8e-4be4-a148-acbb63d031dc,null,null,whatsapp,inbound,message,wamid.HBgMOTE2MzY0OTIyMTk0FQIAEhgSODU4MUM4NjkzNzA0ODFDNkFCAA==,null,text,null,received,e0d93693-a51a-4099-a92e-313748f6bedf,null,null,2026-08-26 10:47:54.798463+00,2026-08-26 10:47:54.798463+00
2a8318b0-c021-431a-9654-88703c0cab15,null,null,whatsapp,inbound,message,wamid.HBgMOTE2MzY0OTIyMTk0FQIAEhgSOEYwMDY1MzFFODdEM0FCMDUyAA==,null,text,null,received,8c629360-1077-4977-8791-3ecdae04e064,null,null,2026-08-26 12:01:18.981326+00,2026-08-26 12:01:18.981326+00
327d7a66-ea2e-42d3-80e6-44b5121938f4,null,null,whatsapp,inbound,webhook_unparsed,unparsed-d7da20aa-121b-4a1b-962c-2ab7412245bc,null,unknown,null,received,37edfb4a-05ad-4b27-bb85-befdd11e1b51,null,payload_shape_not_recognized,2026-08-27 11:59:18.112535+00,2026-08-27 11:59:18.112535+00
8a600ca1-4720-4bc7-9206-bee8a069cbdf,null,null,whatsapp,inbound,webhook_unparsed,unparsed-9683b86b-ffcd-4515-92ee-7724e6f2b447,null,unknown,null,received,eab4f641-29f7-4569-abc7-9b1d46536fb9,null,payload_shape_not_recognized,2026-08-27 12:29:34.801963+00,2026-08-27 12:29:34.801963+00
5a8f0737-bae0-4da2-bee0-2061fe106421,null,null,whatsapp,inbound,webhook_unparsed,unparsed-b5ed9403-5609-454c-9204-7f39b786282e,null,unknown,null,received,1fdd5c81-f856-4a55-9377-0a1a724914ff,null,payload_shape_not_recognized,2026-08-27 12:30:22.139772+00,2026-08-27 12:30:22.139772+00
071a480c-643c-47d1-8adf-ee3ad6f7aec3,null,null,whatsapp,inbound,webhook_unparsed,unparsed-d2460b15-54ae-4e68-9e87-0dcc9989950f,null,unknown,null,received,c8710058-bfab-4b83-b2a2-9608732ffd70,null,payload_shape_not_recognized,2026-08-27 12:30:42.927204+00,2026-08-27 12:30:42.927204+00
31a6f667-fcb0-439d-a883-772bf46c6bde,00000000-0000-0000-0000-000000000001,d225973a-f437-d98e-4e24-0fb32a7bfbe8,whatsapp,inbound,message,wamid.HBgMOTE5MzYwMDU5MDI5FQIAEhgUMkE4NDNFQUMwNUQxRDIwQjBEOTkA,null,text,null,received,d85377fa-92af-459e-9d9e-0d4e35297197,null,null,2026-08-27 12:30:57.333355+00,2026-08-27 12:30:57.333355+00
8d86290b-aac0-45ce-bcd2-d0832b88320a,00000000-0000-0000-0000-000000000001,d225973a-f437-d98e-4e24-0fb32a7bfbe8,whatsapp,inbound,message,wamid.HBgMOTE5MzYwMDU5MDI5FQIAEhgUNEE4MkE1QkZDMERGMTNGNTk0NTAA,null,image,null,received,885d7f37-d4bb-42d5-8633-8d87a482b3d5,null,null,2026-08-27 12:35:29.780174+00,2026-08-27 12:35:29.780174+00
9a0b7eb6-25dd-4f56-bd3b-977e9f731ec0,00000000-0000-0000-0000-000000000001,d225973a-f437-d98e-4e24-0fb32a7bfbe8,whatsapp,inbound,message,wamid.HBgMOTE5MzYwMDU5MDI5FQIAEhgUMkE2NDM0OTQ0NUZBODFGQzQ1ODMA,null,text,null,received,14b7194f-74ea-46fe-879a-dd471a678f34,null,null,2026-08-27 12:35:32.059393+00,2026-08-27 12:35:32.059393+00
95fecae0-4e44-412d-a014-485ca492a03e,null,null,whatsapp,inbound,webhook_unparsed,unparsed-2dd45250-9466-4bda-a432-6e198ff681f8,null,unknown,null,received,8cecd37e-0454-438d-be3a-9c1d13e275c2,null,payload_shape_not_recognized,2026-08-27 12:36:21.164751+00,2026-08-27 12:36:21.164751+00
53a0c681-adac-4502-82d1-85c4791216d8,null,null,whatsapp,inbound,webhook_unparsed,unparsed-0e811dba-def0-41ae-a895-cfb5451d6b9b,null,unknown,null,received,009606fd-a7e7-4351-b422-5339f69904f6,null,payload_shape_not_recognized,2026-08-27 12:36:36.979401+00,2026-08-27 12:36:36.979401+00
5be02e36-4dc6-40f3-a209-132e411cd49c,00000000-0000-0000-0000-000000000001,d225973a-f437-d98e-4e24-0fb32a7bfbe8,whatsapp,inbound,message,wamid.HBgMOTE5MzYwMDU5MDI5FQIAEhgUNEE5MTk0ODIyRUU5NTJGQTc2M0EA,null,image,null,received,1615fe49-c2d5-4bd0-a054-1da83ce299cb,null,null,2026-08-27 12:36:57.161814+00,2026-08-27 12:36:57.161814+00
8661fab1-699a-4a32-8e37-a04ff2c9590c,null,null,whatsapp,inbound,webhook_unparsed,unparsed-d52ace01-4c66-4167-a7ef-b2e84c94b167,null,unknown,null,received,71105885-b109-4cfc-a164-c08aca31ab3b,null,payload_shape_not_recognized,2026-08-27 12:37:04.8991+00,2026-08-27 12:37:04.8991+00
c8b3f37e-99c0-428f-9797-7844a5ce7d1e,null,null,whatsapp,inbound,webhook_unparsed,unparsed-c8a11631-53b5-458e-b1e7-0d7619c1e197,null,unknown,null,received,cc3a117d-f478-4e17-b56c-6a3b349a4504,null,payload_shape_not_recognized,2026-08-27 12:37:13.046369+00,2026-08-27 12:37:13.046369+00
fb819310-4682-470c-82ce-5c20806ad2c5,null,null,whatsapp,inbound,webhook_unparsed,unparsed-55ba01a9-db21-4485-8f5b-0a30ffa02101,null,unknown,null,received,bc20d0b6-544c-42c0-a4f5-ae165c281909,null,payload_shape_not_recognized,2026-08-27 12:38:24.981133+00,2026-08-27 12:38:24.981133+00
574a4fd4-ed34-48af-af35-4716157bb252,null,null,whatsapp,inbound,webhook_unparsed,unparsed-7a66b67a-fab8-4937-9ab1-da03135bbdee,null,unknown,null,received,cbb77833-c970-4005-9cf4-f847371078f9,null,payload_shape_not_recognized,2026-08-27 12:39:51.761069+00,2026-08-27 12:39:51.761069+00
8e157d2e-9e07-4ac0-b85d-6f96202013f4,null,null,whatsapp,inbound,webhook_unparsed,unparsed-cf019dd1-06ad-47cb-b1cb-755074b1c4d2,null,unknown,null,received,c9f64e38-3274-415a-9db1-95b65a9a5bd0,null,payload_shape_not_recognized,2026-08-27 12:39:58.316782+00,2026-08-27 12:39:58.316782+00
51af2142-9c6a-495f-9b2c-9a71fa352db0,null,null,whatsapp,inbound,message,wamid.HBgMOTE5Njc3NTI4NDc0FQIAEhgUMkE0NDQ4NjMzNkU5NzE4QzQwODEA,null,text,null,received,5e926e27-732e-41f0-868e-c10f899e479c,null,null,2026-08-27 13:22:01.116228+00,2026-08-27 13:22:01.116228+00
a308396b-7684-4353-95b1-f2c295c1562e,null,null,whatsapp,inbound,message,wamid.HBgMOTE2MzY0OTIyMTk0FQIAEhgSRkJBMDgwMjIxMThEQTM2MDRFAA==,null,text,null,received,1ebbe072-ec52-48a1-beaa-2d46a949885a,null,null,2026-08-28 05:35:54.033399+00,2026-08-28 05:35:54.033399+00
ec4601b9-6be9-4d08-a6a6-f3978e237824,null,null,whatsapp,inbound,message,wamid.HBgMOTE2MzY0OTIyMTk0FQIAEhgSQTkyRkEwMzMyMzg1OTU5NzlGAA==,null,text,null,received,13b1a336-01ea-4344-a148-8c6c90128eda,null,null,2026-08-28 06:45:14.109729+00,2026-08-28 06:45:14.109729+00
e52ee774-ee48-404d-85b4-21b422d2c7d2,null,null,whatsapp,inbound,message,wamid.HBgMOTE2MzY0OTIyMTk0FQIAEhgSMkUzNTVBRTczQTc3NUU4QjlCAA==,null,text,null,received,5ce61a2f-d26a-4fc4-9274-cd0d4182c6a7,null,null,2026-08-28 06:53:14.132522+00,2026-08-28 06:53:14.132522+00
d6394713-8ffc-4049-ad10-b3230177ae2c,null,null,whatsapp,inbound,message,wamid.HBgMOTE2MzY0OTIyMTk0FQIAEhgSNTZCMDU4MzQ5QjRBOUIyNEZEAA==,null,text,null,received,1d6ddf5e-a3d4-487e-95a7-1713a482e708,null,null,2026-08-28 07:18:59.841237+00,2026-08-28 07:18:59.841237+00
09c4531b-18f5-47b9-b848-770a654e777c,null,null,whatsapp,inbound,message,wamid.HBgMOTE2MzY0OTIyMTk0FQIAEhgSMEI2QzZEMzREOTdEMDhDN0VBAA==,null,text,null,received,e8e35bb7-2f3c-4019-bda0-7d3387435cdf,null,null,2026-08-28 08:38:38.600387+00,2026-08-28 08:38:38.600387+00
f566ed95-f9db-4718-ae92-79892377f379,00000000-0000-0000-0000-000000000001,9c6a8c4e-7a2e-41af-8e21-4a4a7a635929,whatsapp,inbound,message,wamid.HBgMOTE3NDA0MTM3Njg1FQIAEhggQUNEM0I1MTlCMUQzRjg4RkYwRDU3OUIxM0MzMzExRTgA,null,text,null,received,a07e9a2c-868f-4f26-aa26-889e43045474,null,null,2026-08-28 16:10:12.823376+00,2026-08-28 16:10:12.823376+00
0a8df01d-47fb-4038-a31c-41e12f4426da,null,null,whatsapp,inbound,webhook_unparsed,unparsed-2a2efe49-3f7c-4705-8544-60f3a3c67960,null,unknown,null,received,f0257adf-b76e-4de1-b061-9b478f2e78df,null,payload_shape_not_recognized,2026-08-29 07:48:19.136623+00,2026-08-29 07:48:19.136623+00