table_schema,table_name,ordinal_position,column_name,data_type,base_type_name,type_category,is_nullable,column_default,is_enum,is_array
market,amenities_master,1,id,uuid,uuid,U,false,gen_random_uuid(),false,false
market,amenities_master,2,canonical_name,text,text,S,false,null,false,false
market,amenities_master,3,aliases,text[],_text,A,false,'{}'::text[],false,true
market,amenities_master,4,category,text,text,S,true,null,false,false
market,amenity_embeddings,1,amenity_id,uuid,uuid,U,false,null,false,false
market,amenity_embeddings,2,embedding,vector(768),vector,U,false,null,false,false
market,amenity_embeddings,3,updated_at,timestamp with time zone,timestamptz,D,false,now(),false,false
market,competitor_intelligence,1,id,uuid,uuid,U,false,gen_random_uuid(),false,false
market,competitor_intelligence,2,organization_id,uuid,uuid,U,false,null,false,false
market,competitor_intelligence,3,competitor_id,uuid,uuid,U,false,null,false,false
market,competitor_intelligence,4,pricing_min,"numeric(10,2)",numeric,N,true,null,false,false
market,competitor_intelligence,5,pricing_max,"numeric(10,2)",numeric,N,true,null,false,false
market,competitor_intelligence,6,room_types,jsonb,jsonb,U,false,'[]'::jsonb,false,false
market,competitor_intelligence,7,amenities,text[],_text,A,false,'{}'::text[],false,true
market,competitor_intelligence,8,amenity_score,integer,int4,N,true,null,false,false
market,competitor_intelligence,9,market_segment,text,text,S,true,null,false,false
market,competitor_intelligence,10,target_demographic,text,text,S,true,null,false,false
market,competitor_intelligence,11,digital_maturity_score,integer,int4,N,true,null,false,false
market,competitor_intelligence,12,has_online_booking,boolean,bool,B,true,null,false,false
market,competitor_intelligence,13,has_virtual_tour,boolean,bool,B,true,null,false,false
market,competitor_intelligence,14,has_photos,boolean,bool,B,true,null,false,false
market,competitor_intelligence,15,phone,text,text,S,true,null,false,false
market,competitor_intelligence,16,email,text,text,S,true,null,false,false
market,competitor_intelligence,17,usp_tags,text[],_text,A,false,'{}'::text[],false,true
market,competitor_intelligence,18,positioning_summary,text,text,S,true,null,false,false
market,competitor_intelligence,19,raw_intelligence,jsonb,jsonb,U,false,'{}'::jsonb,false,false
market,competitor_intelligence,20,crawled_url,text,text,S,true,null,false,false
market,competitor_intelligence,21,crawl_status,text,text,S,false,'pending'::text,false,false
market,competitor_intelligence,22,error_message,text,text,S,true,null,false,false
market,competitor_intelligence,23,scraped_at,timestamp with time zone,timestamptz,D,true,null,false,false
market,competitor_intelligence,24,created_at,timestamp with time zone,timestamptz,D,false,now(),false,false
market,competitor_intelligence,25,updated_at,timestamp with time zone,timestamptz,D,false,now(),false,false
market,competitor_pricing_snapshots,1,id,uuid,uuid,U,false,gen_random_uuid(),false,false
market,competitor_pricing_snapshots,2,organization_id,uuid,uuid,U,false,null,false,false
market,competitor_pricing_snapshots,3,competitor_id,uuid,uuid,U,false,null,false,false
market,competitor_pricing_snapshots,4,room_type_label,text,text,S,false,null,false,false
market,competitor_pricing_snapshots,5,price,"numeric(10,2)",numeric,N,false,null,false,false
market,competitor_pricing_snapshots,6,scraped_at,timestamp with time zone,timestamptz,D,false,now(),false,false
market,competitor_pricing_snapshots_2026_05,1,id,uuid,uuid,U,false,gen_random_uuid(),false,false
market,competitor_pricing_snapshots_2026_05,2,organization_id,uuid,uuid,U,false,null,false,false
market,competitor_pricing_snapshots_2026_05,3,competitor_id,uuid,uuid,U,false,null,false,false
market,competitor_pricing_snapshots_2026_05,4,room_type_label,text,text,S,false,null,false,false
market,competitor_pricing_snapshots_2026_05,5,price,"numeric(10,2)",numeric,N,false,null,false,false
market,competitor_pricing_snapshots_2026_05,6,scraped_at,timestamp with time zone,timestamptz,D,false,now(),false,false
market,competitor_pricing_snapshots_2026_06,1,id,uuid,uuid,U,false,gen_random_uuid(),false,false
market,competitor_pricing_snapshots_2026_06,2,organization_id,uuid,uuid,U,false,null,false,false
market,competitor_pricing_snapshots_2026_06,3,competitor_id,uuid,uuid,U,false,null,false,false
market,competitor_pricing_snapshots_2026_06,4,room_type_label,text,text,S,false,null,false,false
market,competitor_pricing_snapshots_2026_06,5,price,"numeric(10,2)",numeric,N,false,null,false,false
market,competitor_pricing_snapshots_2026_06,6,scraped_at,timestamp with time zone,timestamptz,D,false,now(),false,false
market,competitor_pricing_snapshots_2026_07,1,id,uuid,uuid,U,false,gen_random_uuid(),false,false
market,competitor_pricing_snapshots_2026_07,2,organization_id,uuid,uuid,U,false,null,false,false
market,competitor_pricing_snapshots_2026_07,3,competitor_id,uuid,uuid,U,false,null,false,false
market,competitor_pricing_snapshots_2026_07,4,room_type_label,text,text,S,false,null,false,false
market,competitor_pricing_snapshots_2026_07,5,price,"numeric(10,2)",numeric,N,false,null,false,false
market,competitor_pricing_snapshots_2026_07,6,scraped_at,timestamp with time zone,timestamptz,D,false,now(),false,false
market,competitor_pricing_snapshots_2026_08,1,id,uuid,uuid,U,false,gen_random_uuid(),false,false
market,competitor_pricing_snapshots_2026_08,2,organization_id,uuid,uuid,U,false,null,false,false
market,competitor_pricing_snapshots_2026_08,3,competitor_id,uuid,uuid,U,false,null,false,false
market,competitor_pricing_snapshots_2026_08,4,room_type_label,text,text,S,false,null,false,false
market,competitor_pricing_snapshots_2026_08,5,price,"numeric(10,2)",numeric,N,false,null,false,false
market,competitor_pricing_snapshots_2026_08,6,scraped_at,timestamp with time zone,timestamptz,D,false,now(),false,false
market,competitor_properties,1,id,uuid,uuid,U,false,gen_random_uuid(),false,false
market,competitor_properties,2,organization_id,uuid,uuid,U,false,null,false,false
market,competitor_properties,3,source_id,uuid,uuid,U,true,null,false,false
market,competitor_properties,4,source_url,text,text,S,false,null,false,false
market,competitor_properties,5,name,text,text,S,false,null,false,false
market,competitor_properties,6,locality_id,uuid,uuid,U,true,null,false,false
market,competitor_properties,7,rating,"numeric(3,2)",numeric,N,true,null,false,false
market,competitor_properties,8,review_count,integer,int4,N,true,null,false,false
market,competitor_properties,9,amenities,text[],_text,A,false,'{}'::text[],false,true
market,competitor_properties,10,description,text,text,S,true,null,false,false
market,competitor_properties,11,is_active,boolean,bool,B,false,true,false,false
market,competitor_properties,12,last_scraped_at,timestamp with time zone,timestamptz,D,true,null,false,false
market,competitor_properties,13,created_at,timestamp with time zone,timestamptz,D,false,now(),false,false
market,competitor_properties,14,updated_at,timestamp with time zone,timestamptz,D,false,now(),false,false
market,competitor_properties,15,website_url,text,text,S,true,null,false,false
market,competitor_reviews,1,id,uuid,uuid,U,false,gen_random_uuid(),false,false
market,competitor_reviews,2,organization_id,uuid,uuid,U,false,null,false,false
market,competitor_reviews,3,competitor_id,uuid,uuid,U,false,null,false,false
market,competitor_reviews,4,reviewer_name,text,text,S,true,null,false,false
market,competitor_reviews,5,rating,"numeric(3,2)",numeric,N,true,null,false,false
market,competitor_reviews,6,review_text,text,text,S,true,null,false,false
market,competitor_reviews,7,review_date,date,date,D,true,null,false,false
market,competitor_reviews,8,source_review_id,text,text,S,true,null,false,false
market,competitor_reviews,9,scraped_at,timestamp with time zone,timestamptz,D,false,now(),false,false
market,competitor_room_types,1,id,uuid,uuid,U,false,gen_random_uuid(),false,false
market,competitor_room_types,2,organization_id,uuid,uuid,U,false,null,false,false
market,competitor_room_types,3,competitor_id,uuid,uuid,U,false,null,false,false
market,competitor_room_types,4,label,text,text,S,false,null,false,false
market,competitor_room_types,5,current_price,"numeric(10,2)",numeric,N,true,null,false,false
market,competitor_room_types,6,occupancy,integer,int4,N,true,null,false,false
market,competitor_room_types,7,updated_at,timestamp with time zone,timestamptz,D,false,now(),false,false
market,localities,1,id,uuid,uuid,U,false,gen_random_uuid(),false,false
market,localities,2,name,text,text,S,false,null,false,false
market,localities,3,city,text,text,S,false,null,false,false
market,localities,4,state,text,text,S,false,'IN'::text,false,false
market,localities,5,latitude,"numeric(10,6)",numeric,N,true,null,false,false
market,localities,6,longitude,"numeric(10,6)",numeric,N,true,null,false,false
market,localities,7,created_at,timestamp with time zone,timestamptz,D,false,now(),false,false
market,locality_market_metrics,1,id,uuid,uuid,U,false,gen_random_uuid(),false,false
market,locality_market_metrics,2,organization_id,uuid,uuid,U,false,null,false,false
market,locality_market_metrics,3,locality_id,uuid,uuid,U,false,null,false,false
market,locality_market_metrics,4,room_type_label,text,text,S,false,null,false,false
market,locality_market_metrics,5,period_month,text,text,S,false,null,false,false
market,locality_market_metrics,6,price_p25,"numeric(10,2)",numeric,N,true,null,false,false
market,locality_market_metrics,7,price_median,"numeric(10,2)",numeric,N,true,null,false,false
market,locality_market_metrics,8,price_p75,"numeric(10,2)",numeric,N,true,null,false,false
market,locality_market_metrics,9,price_avg,"numeric(10,2)",numeric,N,true,null,false,false
market,locality_market_metrics,10,property_count,integer,int4,N,false,0,false,false
market,locality_market_metrics,11,calculated_at,timestamp with time zone,timestamptz,D,false,now(),false,false
market,org_tracked_localities,1,id,uuid,uuid,U,false,gen_random_uuid(),false,false
market,org_tracked_localities,2,organization_id,uuid,uuid,U,false,null,false,false
market,org_tracked_localities,3,locality_id,uuid,uuid,U,false,null,false,false
market,org_tracked_localities,4,is_active,boolean,bool,B,false,true,false,false
market,org_tracked_localities,5,created_at,timestamp with time zone,timestamptz,D,false,now(),false,false
market,org_tracked_localities,6,city_wide_scan,boolean,bool,B,false,false,false,false
market,property_embeddings,1,competitor_id,uuid,uuid,U,false,null,false,false
market,property_embeddings,2,organization_id,uuid,uuid,U,false,null,false,false
market,property_embeddings,3,embedding,vector(768),vector,U,false,null,false,false
market,property_embeddings,4,content_hash,text,text,S,false,null,false,false
market,property_embeddings,5,updated_at,timestamp with time zone,timestamptz,D,false,now(),false,false
market,review_embeddings,1,review_id,uuid,uuid,U,false,null,false,false
market,review_embeddings,2,organization_id,uuid,uuid,U,false,null,false,false
market,review_embeddings,3,embedding,vector(768),vector,U,false,null,false,false
market,review_embeddings,4,updated_at,timestamp with time zone,timestamptz,D,false,now(),false,false
market,scrape_sources,1,id,uuid,uuid,U,false,gen_random_uuid(),false,false
market,scrape_sources,2,key,text,text,S,false,null,false,false
market,scrape_sources,3,name,text,text,S,false,null,false,false
market,scrape_sources,4,base_url,text,text,S,false,null,false,false
market,scrape_sources,5,is_active,boolean,bool,B,false,true,false,false
market,scrape_sources,6,config,jsonb,jsonb,U,false,'{}'::jsonb,false,false
market,scrape_sources,7,created_at,timestamp with time zone,timestamptz,D,false,now(),false,false
public,accounting_migration_log,1,id,uuid,uuid,U,false,gen_random_uuid(),false,false
public,accounting_migration_log,2,phase,text,text,S,false,null,false,false
public,accounting_migration_log,3,severity,text,text,S,false,'INFO'::text,false,false
public,accounting_migration_log,4,message,text,text,S,false,null,false,false
public,accounting_migration_log,5,payload,jsonb,jsonb,U,true,'{}'::jsonb,false,false
public,accounting_migration_log,6,sql_state,text,text,S,true,null,false,false
public,accounting_migration_log,7,created_at,timestamp with time zone,timestamptz,D,false,now(),false,false
public,accounting_periods,1,organization_id,uuid,uuid,U,false,null,false,false
public,accounting_periods,2,period,text,text,S,false,null,false,false
public,accounting_periods,3,status,text,text,S,false,'open'::text,false,false
public,accounting_periods,4,closed_at,timestamp with time zone,timestamptz,D,true,null,false,false
public,accounting_periods,5,closed_by,uuid,uuid,U,true,null,false,false
public,accounting_periods,6,notes,text,text,S,true,null,false,false
public,ai_actions,1,id,uuid,uuid,U,false,gen_random_uuid(),false,false
public,ai_actions,2,user_id,uuid,uuid,U,false,null,false,false
public,ai_actions,3,organization_id,uuid,uuid,U,false,null,false,false
public,ai_actions,4,session_id,uuid,uuid,U,true,null,false,false
public,ai_actions,5,action,text,text,S,false,null,false,false
public,ai_actions,6,payload,jsonb,jsonb,U,false,'{}'::jsonb,false,false
public,ai_actions,7,result,jsonb,jsonb,U,true,null,false,false
public,ai_actions,8,status,text,text,S,false,null,false,false
public,ai_actions,9,error_message,text,text,S,true,null,false,false
public,ai_actions,10,created_at,timestamp with time zone,timestamptz,D,false,now(),false,false
public,ai_logs,1,id,uuid,uuid,U,false,gen_random_uuid(),false,false
public,ai_logs,2,request_type,text,text,S,false,null,false,false
public,ai_logs,3,model,text,text,S,true,null,false,false
public,ai_logs,4,latency_ms,integer,int4,N,true,null,false,false
public,ai_logs,5,success,boolean,bool,B,false,false,false,false
public,ai_logs,6,error_message,text,text,S,true,null,false,false
public,ai_logs,7,metadata,jsonb,jsonb,U,false,'{}'::jsonb,false,false
public,ai_logs,8,prompt_excerpt,text,text,S,true,null,false,false
public,ai_logs,9,response_excerpt,text,text,S,true,null,false,false
public,ai_logs,10,redaction_level,text,text,S,false,'none'::text,false,false
public,ai_logs,11,created_at,timestamp with time zone,timestamptz,D,false,now(),false,false
public,ai_sessions,1,id,uuid,uuid,U,false,gen_random_uuid(),false,false
public,ai_sessions,2,user_id,uuid,uuid,U,false,null,false,false
public,ai_sessions,3,organization_id,uuid,uuid,U,false,null,false,false
public,ai_sessions,4,status,text,text,S,false,'active'::text,false,false
public,ai_sessions,5,pending_action,text,text,S,true,null,false,false
public,ai_sessions,6,collected_data,jsonb,jsonb,U,false,'{}'::jsonb,false,false
public,ai_sessions,7,missing_fields,jsonb,jsonb,U,false,'[]'::jsonb,false,false
public,ai_sessions,8,last_plan,jsonb,jsonb,U,true,null,false,false
public,ai_sessions,9,conversation,jsonb,jsonb,U,false,'[]'::jsonb,false,false
public,ai_sessions,10,disambiguation_candidates,jsonb,jsonb,U,true,null,false,false
public,ai_sessions,11,created_at,timestamp with time zone,timestamptz,D,false,now(),false,false
public,ai_sessions,12,updated_at,timestamp with time zone,timestamptz,D,false,now(),false,false
public,announcements,1,id,uuid,uuid,U,false,gen_random_uuid(),false,false
public,announcements,2,organization_id,uuid,uuid,U,false,null,false,false
public,announcements,3,title,text,text,S,false,null,false,false
public,announcements,4,content,text,text,S,false,null,false,false
public,announcements,5,priority,text,text,S,true,'normal'::text,false,false
public,announcements,6,is_published,boolean,bool,B,true,false,false,false
public,announcements,7,published_at,timestamp with time zone,timestamptz,D,true,null,false,false
public,announcements,8,created_by,uuid,uuid,U,true,null,false,false
public,announcements,9,created_at,timestamp with time zone,timestamptz,D,true,now(),false,false
public,announcements,10,updated_at,timestamp with time zone,timestamptz,D,true,now(),false,false
public,announcements,11,image_url,text,text,S,true,null,false,false
public,apartments,1,id,uuid,uuid,U,false,gen_random_uuid(),false,false
public,apartments,2,organization_id,uuid,uuid,U,false,null,false,false
public,apartments,3,property_id,uuid,uuid,U,false,null,false,false
public,apartments,4,apartment_code,text,text,S,false,null,false,false
public,apartments,5,floor_number,integer,int4,N,true,null,false,false
public,apartments,6,status,entity_status,entity_status,E,true,'In-Progress'::entity_status,true,false
public,apartments,7,created_at,timestamp with time zone,timestamptz,D,true,now(),false,false
public,apartments,8,apartment_type,text,text,S,true,null,false,false
public,apartments,9,size_sqft,numeric,numeric,N,true,null,false,false
public,apartments,10,owner_id,uuid,uuid,U,true,null,false,false
public,apartments,11,gender_allowed,text,text,S,true,'both'::text,false,false
public,apartments,12,eb_meter_number,text,text,S,true,null,false,false
public,apartments,13,start_date,date,date,D,true,null,false,false
public,apartments,14,end_date,date,date,D,true,null,false,false
public,apartments,15,signing_date,date,date,D,true,null,false,false
public,apartments,16,property_tax_id,text,text,S,true,null,false,false
public,apartments,17,property_tax_amount,numeric,numeric,N,true,0,false,false
public,apartments,18,property_tax_frequency,text,text,S,true,'yearly'::text,false,false
public,apartments,19,water_tax_id,text,text,S,true,null,false,false
public,apartments,20,water_tax_amount,numeric,numeric,N,true,0,false,false
public,apartments,21,water_tax_frequency,text,text,S,true,'yearly'::text,false,false
public,apartments,22,ownership_doc_url,text,text,S,true,null,false,false
public,apartments,23,eb_card_number,text,text,S,true,null,false,false
public,apartments,24,eb_consumer_number,text,text,S,true,null,false,false
public,apartments,25,eb_connection_type,text,text,S,true,'LT'::text,false,false
public,apartments,26,eb_sanctioned_load,numeric,numeric,N,true,0,false,false
public,apartments,27,eb_card_photo_url,text,text,S,true,null,false,false
public,apartments,28,star_rating,integer,int4,N,true,null,false,false
public,apartments,29,star_rating_override,boolean,bool,B,true,false,false,false
public,asset_allocations,1,id,uuid,uuid,U,false,gen_random_uuid(),false,false
public,asset_allocations,2,organization_id,uuid,uuid,U,false,null,false,false
public,asset_allocations,3,asset_id,uuid,uuid,U,false,null,false,false
public,asset_allocations,4,allocation_type,text,text,S,false,null,false,false
public,asset_allocations,5,property_id,uuid,uuid,U,true,null,false,false
public,asset_allocations,6,apartment_id,uuid,uuid,U,true,null,false,false
public,asset_allocations,7,bed_id,uuid,uuid,U,true,null,false,false
public,asset_allocations,8,allocated_date,date,date,D,true,CURRENT_DATE,false,false
public,asset_allocations,9,allocated_by,uuid,uuid,U,true,null,false,false
public,asset_allocations,10,created_at,timestamp with time zone,timestamptz,D,true,now(),false,false
public,asset_brands,1,id,uuid,uuid,U,false,gen_random_uuid(),false,false
public,asset_brands,2,name,text,text,S,false,null,false,false
public,asset_brands,3,organization_id,uuid,uuid,U,false,null,false,false
public,asset_brands,4,created_at,timestamp with time zone,timestamptz,D,true,now(),false,false
public,asset_categories,1,id,uuid,uuid,U,false,gen_random_uuid(),false,false
public,asset_categories,2,organization_id,uuid,uuid,U,false,null,false,false
public,asset_categories,3,name,text,text,S,false,null,false,false
public,asset_categories,4,created_at,timestamp with time zone,timestamptz,D,true,now(),false,false
public,asset_depreciation,1,id,uuid,uuid,U,false,gen_random_uuid(),false,false
public,asset_depreciation,2,asset_id,uuid,uuid,U,false,null,false,false
public,asset_depreciation,3,purchase_price,"numeric(10,2)",numeric,N,true,null,false,false
public,asset_depreciation,4,residual_value,"numeric(10,2)",numeric,N,true,0,false,false
public,asset_depreciation,5,useful_life_years,"numeric(5,2)",numeric,N,true,null,false,false
public,asset_depreciation,6,current_book_value,"numeric(10,2)",numeric,N,true,null,false,false
public,asset_depreciation,7,yearly_depreciation,"numeric(10,2)",numeric,N,true,null,false,false
public,asset_depreciation,8,last_calculated,timestamp with time zone,timestamptz,D,true,now(),false,false
public,asset_depreciation,9,organization_id,uuid,uuid,U,false,null,false,false
public,asset_maintenance_logs,1,id,uuid,uuid,U,false,gen_random_uuid(),false,false
public,asset_maintenance_logs,2,organization_id,uuid,uuid,U,false,null,false,false
public,asset_maintenance_logs,3,asset_id,uuid,uuid,U,false,null,false,false
public,asset_maintenance_logs,4,maintenance_type,text,text,S,false,null,false,false
public,asset_maintenance_logs,5,issue,text,text,S,true,null,false,false
public,asset_maintenance_logs,6,repair_cost,"numeric(10,2)",numeric,N,true,null,false,false
public,asset_maintenance_logs,7,vendor,text,text,S,true,null,false,false
public,asset_maintenance_logs,8,maintenance_date,date,date,D,true,CURRENT_DATE,false,false
public,asset_maintenance_logs,9,next_service_due,date,date,D,true,null,false,false
public,asset_maintenance_logs,10,created_at,timestamp with time zone,timestamptz,D,true,now(),false,false
public,asset_movements,1,id,uuid,uuid,U,false,gen_random_uuid(),false,false
public,asset_movements,2,organization_id,uuid,uuid,U,false,null,false,false
public,asset_movements,3,asset_id,uuid,uuid,U,false,null,false,false
public,asset_movements,4,from_location,text,text,S,true,null,false,false
public,asset_movements,5,to_location,text,text,S,true,null,false,false
public,asset_movements,6,moved_by,uuid,uuid,U,true,null,false,false
public,asset_movements,7,move_date,date,date,D,true,CURRENT_DATE,false,false
public,asset_movements,8,reason,text,text,S,true,null,false,false
public,asset_movements,9,created_at,timestamp with time zone,timestamptz,D,true,now(),false,false
public,asset_payments,1,id,uuid,uuid,U,false,gen_random_uuid(),false,false
public,asset_payments,2,organization_id,uuid,uuid,U,false,null,false,false
public,asset_payments,3,asset_id,uuid,uuid,U,false,null,false,false
public,asset_payments,4,vendor_id,uuid,uuid,U,true,null,false,false
public,asset_payments,5,payment_date,date,date,D,false,CURRENT_DATE,false,false
public,asset_payments,6,amount,"numeric(14,2)",numeric,N,false,null,false,false
public,asset_payments,7,payment_mode,text,text,S,true,null,false,false
public,asset_payments,8,bank_account_id,uuid,uuid,U,true,null,false,false
public,asset_payments,9,reference_number,text,text,S,true,null,false,false
public,asset_payments,10,payment_proof_url,text,text,S,true,null,false,false
public,asset_payments,11,notes,text,text,S,true,null,false,false
public,asset_payments,12,created_at,timestamp with time zone,timestamptz,D,false,now(),false,false
public,asset_payments,13,created_by,uuid,uuid,U,true,null,false,false
public,asset_types,1,id,uuid,uuid,U,false,gen_random_uuid(),false,false
public,asset_types,2,organization_id,uuid,uuid,U,false,null,false,false
public,asset_types,3,category_id,uuid,uuid,U,false,null,false,false
public,asset_types,4,name,text,text,S,false,null,false,false
public,asset_types,5,expected_life_months,integer,int4,N,true,null,false,false
public,asset_types,6,depreciation_method,text,text,S,true,'straight_line'::text,false,false
public,asset_types,7,depreciation_years,"numeric(5,2)",numeric,N,true,null,false,false
public,asset_types,8,maintenance_cycle_months,integer,int4,N,true,null,false,false
public,asset_types,9,replacement_cost_estimate,"numeric(10,2)",numeric,N,true,null,false,false
public,asset_types,10,created_at,timestamp with time zone,timestamptz,D,true,now(),false,false
public,assets,1,id,uuid,uuid,U,false,gen_random_uuid(),false,false
public,assets,2,organization_id,uuid,uuid,U,false,null,false,false
public,assets,3,asset_type_id,uuid,uuid,U,false,null,false,false
public,assets,4,asset_code,text,text,S,false,null,false,false
public,assets,5,qr_code,text,text,S,true,null,false,false
public,assets,6,serial_number,text,text,S,true,null,false,false
public,assets,7,brand,text,text,S,true,null,false,false
public,assets,8,model,text,text,S,true,null,false,false
public,assets,9,purchase_date,date,date,D,true,null,false,false
public,assets,10,purchase_price,"numeric(10,2)",numeric,N,true,null,false,false
public,assets,11,supplier_id,uuid,uuid,U,true,null,false,false
public,assets,12,warranty_months,integer,int4,N,true,null,false,false
public,assets,13,warranty_expiry,date,date,D,true,null,false,false
public,assets,14,condition,text,text,S,true,'good'::text,false,false
public,assets,15,status,text,text,S,true,'inventory'::text,false,false
public,assets,16,notes,text,text,S,true,null,false,false
public,assets,17,created_at,timestamp with time zone,timestamptz,D,true,now(),false,false
public,assets,18,invoice_number,text,text,S,true,null,false,false
public,assets,19,invoice_date,date,date,D,true,null,false,false
public,assets,20,invoice_url,text,text,S,true,null,false,false
public,assets,21,vendor_name_manual,text,text,S,true,null,false,false
public,assets,22,capacity_value,text,text,S,true,null,false,false
public,assets,23,capacity_unit,text,text,S,true,null,false,false
public,assets,24,product_photo_url,text,text,S,true,null,false,false
public,assets,27,apartment_id,uuid,uuid,U,true,null,false,false
public,assets,28,bed_id,uuid[],_uuid,A,true,null,false,true
public,assets,29,is_bill_missing,boolean,bool,B,true,false,false,false
public,assets,30,data_source,text,text,S,true,'migration_2026'::text,false,false
public,assets,31,migration_notes,text,text,S,true,null,false,false
public,attendance_logs,1,id,uuid,uuid,U,false,gen_random_uuid(),false,false
public,attendance_logs,2,employee_id,uuid,uuid,U,false,null,false,false
public,attendance_logs,3,company_id,uuid,uuid,U,true,null,false,false
public,attendance_logs,4,date,date,date,D,false,null,false,false
public,attendance_logs,5,check_in_time,text,text,S,true,null,false,false
public,attendance_logs,6,check_out_time,text,text,S,true,null,false,false
public,attendance_logs,7,status,text,text,S,false,null,false,false
public,attendance_logs,8,hours_worked,"numeric(5,2)",numeric,N,true,null,false,false
public,attendance_logs,9,overtime_hours,"numeric(5,2)",numeric,N,true,null,false,false
public,attendance_logs,10,late_minutes,integer,int4,N,true,0,false,false
public,attendance_logs,11,bonus,"numeric(12,2)",numeric,N,true,null,false,false
public,attendance_logs,12,total_deduction_percent,"numeric(5,2)",numeric,N,true,null,false,false
public,attendance_logs,13,notes,text,text,S,true,null,false,false
public,attendance_logs,14,edit_reason,text,text,S,true,null,false,false
public,attendance_logs,15,edited_by,uuid,uuid,U,true,null,false,false
public,attendance_logs,16,source,text,text,S,true,null,false,false
public,attendance_logs,17,marked_by,text,text,S,true,null,false,false
public,attendance_logs,18,check_in_image_account,text,text,S,true,null,false,false
public,attendance_logs,19,check_out_image_account,text,text,S,true,null,false,false
public,attendance_logs,20,check_in_device_id,text,text,S,true,null,false,false
public,attendance_logs,21,check_out_device_id,text,text,S,true,null,false,false
public,attendance_logs,22,extended_checkout_time,text,text,S,true,null,false,false
public,attendance_logs,23,shift_id,uuid,uuid,U,true,null,false,false
public,attendance_logs,24,created_at,timestamp with time zone,timestamptz,D,true,now(),false,false
public,attendance_sync,1,id,uuid,uuid,U,false,gen_random_uuid(),false,false
public,attendance_sync,2,record_id,text,text,S,false,null,false,false
public,attendance_sync,3,employee_name,text,text,S,true,null,false,false
public,attendance_sync,4,employee_email,text,text,S,true,null,false,false
public,attendance_sync,5,department,text,text,S,true,null,false,false
public,attendance_sync,6,date,date,date,D,true,null,false,false
public,attendance_sync,7,check_in_time,time without time zone,time,D,true,null,false,false
public,attendance_sync,8,check_out_time,time without time zone,time,D,true,null,false,false
public,attendance_sync,9,status,text,text,S,true,null,false,false
public,attendance_sync,10,hours_worked,numeric,numeric,N,true,null,false,false
public,attendance_sync,11,notes,text,text,S,true,null,false,false
public,attendance_sync,12,synced_at,timestamp with time zone,timestamptz,D,true,null,false,false
public,attendance_sync,13,created_at,timestamp with time zone,timestamptz,D,true,now(),false,false
public,audit_logs,1,id,uuid,uuid,U,false,gen_random_uuid(),false,false
public,audit_logs,2,organization_id,uuid,uuid,U,false,null,false,false
public,audit_logs,3,table_name,text,text,S,false,null,false,false
public,audit_logs,4,record_id,uuid,uuid,U,false,null,false,false
public,audit_logs,5,action,text,text,S,false,null,false,false
public,audit_logs,6,changes,jsonb,jsonb,U,true,'{}'::jsonb,false,false
public,audit_logs,7,performed_by,uuid,uuid,U,true,null,false,false
public,audit_logs,8,performed_at,timestamp with time zone,timestamptz,D,false,now(),false,false
public,audit_logs,9,old_value,jsonb,jsonb,U,true,'{}'::jsonb,false,false
public,audit_logs,10,new_value,jsonb,jsonb,U,true,'{}'::jsonb,false,false
public,bed_rates,1,id,uuid,uuid,U,false,gen_random_uuid(),false,false
public,bed_rates,2,organization_id,uuid,uuid,U,false,null,false,false
public,bed_rates,3,property_id,uuid,uuid,U,true,null,false,false
public,bed_rates,4,bed_type,bed_type,bed_type,E,false,null,true,false
public,bed_rates,5,toilet_type,toilet_type,toilet_type,E,false,null,true,false
public,bed_rates,6,monthly_rate,"numeric(10,2)",numeric,N,false,null,false,false
public,bed_rates,7,from_date,date,date,D,false,null,false,false
public,bed_rates,8,to_date,date,date,D,true,null,false,false
public,bed_rates,9,created_at,timestamp with time zone,timestamptz,D,true,now(),false,false
public,bed_status_history,1,id,uuid,uuid,U,false,gen_random_uuid(),false,false
public,bed_status_history,2,bed_id,uuid,uuid,U,false,null,false,false
public,bed_status_history,3,status,text,text,S,false,null,false,false
public,bed_status_history,4,from_date,date,date,D,false,null,false,false
public,bed_status_history,5,to_date,date,date,D,true,null,false,false
public,bed_status_history,6,notes,text,text,S,true,null,false,false
public,bed_status_history,7,organization_id,uuid,uuid,U,false,null,false,false
public,bed_status_history,8,created_at,timestamp with time zone,timestamptz,D,true,now(),false,false
public,bed_type_config,1,id,uuid,uuid,U,false,gen_random_uuid(),false,false
public,bed_type_config,2,name,text,text,S,false,null,false,false
public,bed_type_config,3,organization_id,uuid,uuid,U,false,null,false,false
public,bed_type_config,4,sort_order,integer,int4,N,false,0,false,false
public,bed_type_config,5,created_at,timestamp with time zone,timestamptz,D,true,now(),false,false
public,beds,1,id,uuid,uuid,U,false,gen_random_uuid(),false,false
public,beds,2,organization_id,uuid,uuid,U,false,null,false,false
public,beds,3,apartment_id,uuid,uuid,U,false,null,false,false
public,beds,4,bed_code,text,text,S,false,null,false,false
public,beds,5,bed_type,bed_type,bed_type,E,false,null,true,false
public,beds,6,toilet_type,toilet_type,toilet_type,E,false,'Common'::toilet_type,true,false
public,beds,7,status,entity_status,entity_status,E,true,null,true,false
public,beds,8,created_at,timestamp with time zone,timestamptz,D,true,now(),false,false
public,beds,9,bed_lifecycle_status,text,text,S,true,'vacant'::text,false,false
public,bot_conversations,1,phone,text,text,S,false,null,false,false
public,bot_conversations,2,transcript,jsonb,jsonb,U,false,'[]'::jsonb,false,false
public,bot_conversations,3,updated_at,timestamp with time zone,timestamptz,D,false,now(),false,false
public,coa_accounts,1,id,uuid,uuid,U,false,gen_random_uuid(),false,false
public,coa_accounts,2,organization_id,uuid,uuid,U,false,null,false,false
public,coa_accounts,3,code,text,text,S,false,null,false,false
public,coa_accounts,4,name,text,text,S,false,null,false,false
public,coa_accounts,5,account_type,account_type,account_type,E,false,null,true,false
public,coa_accounts,6,normal_balance,normal_balance,normal_balance,E,false,null,true,false
public,coa_accounts,7,parent_id,uuid,uuid,U,true,null,false,false
public,coa_accounts,8,is_active,boolean,bool,B,false,true,false,false
public,coa_accounts,9,requires_party,boolean,bool,B,false,false,false,false
public,coa_accounts,10,requires_allotment,boolean,bool,B,false,false,false,false
public,coa_accounts,11,party_kind,party_kind,party_kind,E,true,null,true,false
public,coa_accounts,12,description,text,text,S,true,null,false,false
public,coa_accounts,13,created_at,timestamp with time zone,timestamptz,D,false,now(),false,false
public,companies,1,id,uuid,uuid,U,false,gen_random_uuid(),false,false
public,companies,2,name,text,text,S,false,null,false,false
public,companies,3,address,text,text,S,true,null,false,false
public,companies,4,gst_number,text,text,S,true,null,false,false
public,companies,5,late_threshold_minutes,integer,int4,N,false,10,false,false
public,companies,6,overtime_threshold_hours,"numeric(5,2)",numeric,N,false,8,false,false
public,companies,7,weekly_off_day,integer,int4,N,true,null,false,false
public,companies,8,bonus,"numeric(12,2)",numeric,N,true,null,false,false
public,companies,9,status,text,text,S,false,null,false,false
public,companies,10,shared_account_only_departments,text[],_text,A,true,null,false,true
public,companies,11,created_at,timestamp with time zone,timestamptz,D,true,now(),false,false
public,cost_estimate_approvers,1,id,uuid,uuid,U,false,gen_random_uuid(),false,false
public,cost_estimate_approvers,2,organization_id,uuid,uuid,U,false,null,false,false
public,cost_estimate_approvers,3,approver_user_id,uuid,uuid,U,false,null,false,false
public,cost_estimate_approvers,4,scope_type,text,text,S,false,'global'::text,false,false
public,cost_estimate_approvers,5,property_id,uuid,uuid,U,true,null,false,false
public,cost_estimate_approvers,6,issue_type_id,uuid,uuid,U,true,null,false,false
public,cost_estimate_approvers,7,created_at,timestamp with time zone,timestamptz,D,true,now(),false,false
public,departments,1,id,uuid,uuid,U,false,gen_random_uuid(),false,false
public,departments,2,name,text,text,S,false,null,false,false
public,departments,3,company_id,uuid,uuid,U,true,null,false,false
public,departments,4,created_at,timestamp with time zone,timestamptz,D,true,now(),false,false
public,deposit_settlements,1,id,uuid,uuid,U,false,gen_random_uuid(),false,false
public,deposit_settlements,2,organization_id,uuid,uuid,U,false,null,false,false
public,deposit_settlements,3,tenant_id,uuid,uuid,U,false,null,false,false
public,deposit_settlements,4,allotment_id,uuid,uuid,U,true,null,false,false
public,deposit_settlements,5,deposit_amount,numeric,numeric,N,false,0,false,false
public,deposit_settlements,6,pending_rent,numeric,numeric,N,true,0,false,false
public,deposit_settlements,7,pending_eb,numeric,numeric,N,true,0,false,false
public,deposit_settlements,8,pending_late_fees,numeric,numeric,N,true,0,false,false
public,deposit_settlements,9,damages,numeric,numeric,N,true,0,false,false
public,deposit_settlements,10,other_deductions,numeric,numeric,N,true,0,false,false
public,deposit_settlements,11,total_deductions,numeric,numeric,N,true,0,false,false
public,deposit_settlements,12,refund_amount,numeric,numeric,N,true,0,false,false
public,deposit_settlements,13,settlement_date,date,date,D,true,CURRENT_DATE,false,false
public,deposit_settlements,14,status,text,text,S,true,'pending'::text,false,false
public,deposit_settlements,15,notes,text,text,S,true,null,false,false
public,deposit_settlements,16,created_at,timestamp with time zone,timestamptz,D,true,now(),false,false
public,deposit_settlements,17,is_deleted,boolean,bool,B,true,false,false,false
public,diagnostic_sessions,1,id,uuid,uuid,U,false,gen_random_uuid(),false,false
public,diagnostic_sessions,2,ticket_id,uuid,uuid,U,false,null,false,false
public,diagnostic_sessions,3,organization_id,uuid,uuid,U,false,null,false,false
public,diagnostic_sessions,4,performed_by,uuid,uuid,U,true,null,false,false
public,diagnostic_sessions,5,issue_type_id,uuid,uuid,U,true,null,false,false
public,diagnostic_sessions,6,questions_answers,jsonb,jsonb,U,true,'[]'::jsonb,false,false
public,diagnostic_sessions,7,ai_diagnosis,jsonb,jsonb,U,true,'{}'::jsonb,false,false
public,diagnostic_sessions,8,employee_override,jsonb,jsonb,U,true,null,false,false
public,diagnostic_sessions,9,status,text,text,S,false,'in_progress'::text,false,false
public,diagnostic_sessions,10,created_at,timestamp with time zone,timestamptz,D,true,now(),false,false
public,diagnostic_sessions,11,completed_at,timestamp with time zone,timestamptz,D,true,null,false,false
public,eb_monitoring_readings,1,id,uuid,uuid,U,false,gen_random_uuid(),false,false
public,eb_monitoring_readings,2,organization_id,uuid,uuid,U,false,null,false,false
public,eb_monitoring_readings,3,property_id,uuid,uuid,U,true,null,false,false
public,eb_monitoring_readings,4,apartment_id,uuid,uuid,U,false,null,false,false
public,eb_monitoring_readings,5,reading_date,date,date,D,false,CURRENT_DATE,false,false
public,eb_monitoring_readings,6,start_reading,numeric,numeric,N,false,0,false,false
public,eb_monitoring_readings,7,start_month,text,text,S,true,null,false,false
public,eb_monitoring_readings,8,current_reading,numeric,numeric,N,false,null,false,false
public,eb_monitoring_readings,9,units_consumed,numeric,numeric,N,false,0,false,false
public,eb_monitoring_readings,10,eb_amount,numeric,numeric,N,false,0,false,false
public,eb_monitoring_readings,11,is_danger,boolean,bool,B,false,false,false,false
public,eb_monitoring_readings,12,meter_photo_url,text,text,S,true,null,false,false
public,eb_monitoring_readings,13,created_at,timestamp with time zone,timestamptz,D,false,now(),false,false
public,eb_payments,1,id,uuid,uuid,U,false,gen_random_uuid(),false,false
public,eb_payments,2,organization_id,uuid,uuid,U,false,null,false,false
public,eb_payments,3,property_id,uuid,uuid,U,false,null,false,false
public,eb_payments,4,bill_date,date,date,D,false,null,false,false
public,eb_payments,5,bill_amount,numeric,numeric,N,false,0,false,false
public,eb_payments,6,payment_date,date,date,D,true,null,false,false
public,eb_payments,7,payment_mode,text,text,S,true,null,false,false
public,eb_payments,8,reference_number,text,text,S,true,null,false,false
public,eb_payments,9,billing_period_start,date,date,D,true,null,false,false
public,eb_payments,10,billing_period_end,date,date,D,true,null,false,false
public,eb_payments,11,notes,text,text,S,true,null,false,false
public,eb_payments,12,is_locked,boolean,bool,B,true,false,false,false
public,eb_payments,13,locked_by,uuid,uuid,U,true,null,false,false
public,eb_payments,14,created_at,timestamp with time zone,timestamptz,D,true,now(),false,false
public,eb_payments,15,apartment_id,uuid,uuid,U,true,null,false,false
public,eb_payments,16,bank_account_id,uuid,uuid,U,true,null,false,false
public,eb_rates,1,id,uuid,uuid,U,false,gen_random_uuid(),false,false
public,eb_rates,2,organization_id,uuid,uuid,U,false,null,false,false
public,eb_rates,3,property_id,uuid,uuid,U,true,null,false,false
public,eb_rates,4,unit_cost,numeric,numeric,N,false,null,false,false
public,eb_rates,5,from_date,date,date,D,false,null,false,false
public,eb_rates,6,to_date,date,date,D,true,null,false,false
public,eb_rates,7,created_at,timestamp with time zone,timestamptz,D,true,now(),false,false
public,eb_tenant_shares,1,id,uuid,uuid,U,false,gen_random_uuid(),false,false
public,eb_tenant_shares,2,invoice_id,uuid,uuid,U,false,null,false,false
public,eb_tenant_shares,3,apartment_id,uuid,uuid,U,true,null,false,false
public,eb_tenant_shares,4,billing_month,text,text,S,false,null,false,false
public,eb_tenant_shares,5,total_apartment_bill,numeric,numeric,N,true,0,false,false
public,eb_tenant_shares,6,total_tenant_days,integer,int4,N,true,0,false,false
public,eb_tenant_shares,7,per_day_rate,numeric,numeric,N,true,0,false,false
public,eb_tenant_shares,8,tenant_stay_days,integer,int4,N,true,0,false,false
public,eb_tenant_shares,9,tenant_eb_charge,numeric,numeric,N,true,0,false,false
public,eb_tenant_shares,10,total_units,numeric,numeric,N,true,0,false,false
public,eb_tenant_shares,11,unit_cost,numeric,numeric,N,true,0,false,false
public,eb_tenant_shares,12,created_at,timestamp with time zone,timestamptz,D,true,now(),false,false
public,eb_tenant_shares,13,organization_id,uuid,uuid,U,false,null,false,false
public,eb_tenant_shares,14,tenant_id,uuid,uuid,U,true,null,false,false
public,electricity_readings,1,id,uuid,uuid,U,false,gen_random_uuid(),false,false
public,electricity_readings,2,organization_id,uuid,uuid,U,false,null,false,false
public,electricity_readings,3,property_id,uuid,uuid,U,false,null,false,false
public,electricity_readings,4,apartment_id,uuid,uuid,U,false,null,false,false
public,electricity_readings,5,reading_start,"numeric(10,2)",numeric,N,false,null,false,false
public,electricity_readings,6,reading_end,"numeric(10,2)",numeric,N,false,null,false,false
public,electricity_readings,7,units_consumed,"numeric(10,2)",numeric,N,true,null,false,false
public,electricity_readings,8,unit_cost,"numeric(10,2)",numeric,N,false,null,false,false
public,electricity_readings,9,billing_month,text,text,S,false,null,false,false
public,electricity_readings,10,created_at,timestamp with time zone,timestamptz,D,true,now(),false,false
public,electricity_readings,11,meter_photo_url,text,text,S,true,null,false,false
public,electricity_readings,12,is_locked,boolean,bool,B,false,false,false,false
public,electricity_readings,13,locked_by,uuid,uuid,U,true,null,false,false
public,electricity_shares,1,id,uuid,uuid,U,false,gen_random_uuid(),false,false
public,electricity_shares,2,electricity_reading_id,uuid,uuid,U,false,null,false,false
public,electricity_shares,3,tenant_id,uuid,uuid,U,false,null,false,false
public,electricity_shares,4,units_allocated,"numeric(10,2)",numeric,N,true,null,false,false
public,electricity_shares,5,cost_share,"numeric(10,2)",numeric,N,true,null,false,false
public,electricity_shares,6,created_at,timestamp with time zone,timestamptz,D,true,now(),false,false
public,email_templates,1,id,uuid,uuid,U,false,gen_random_uuid(),false,false
public,email_templates,2,organization_id,uuid,uuid,U,true,null,false,false
public,email_templates,3,email_type,text,text,S,false,null,false,false
public,email_templates,4,subject_template,text,text,S,false,null,false,false
public,email_templates,5,html_template,text,text,S,false,null,false,false
public,email_templates,6,design_json,jsonb,jsonb,U,true,null,false,false
public,email_templates,7,is_default,boolean,bool,B,false,false,false,false
public,email_templates,8,version,integer,int4,N,false,1,false,false
public,email_templates,9,created_at,timestamp with time zone,timestamptz,D,false,now(),false,false
public,email_templates,10,updated_at,timestamp with time zone,timestamptz,D,false,now(),false,false
public,employee_specialties,1,id,uuid,uuid,U,false,gen_random_uuid(),false,false
public,employee_specialties,2,user_id,uuid,uuid,U,false,null,false,false
public,employee_specialties,3,specialty,text,text,S,false,null,false,false
public,employee_specialties,4,created_at,timestamp with time zone,timestamptz,D,true,now(),false,false
public,employees,1,id,uuid,uuid,U,false,gen_random_uuid(),false,false
public,employees,2,employee_id,text,text,S,true,null,false,false
public,employees,3,first_name,text,text,S,true,null,false,false
public,employees,4,last_name,text,text,S,true,null,false,false
public,employees,5,full_name,text,text,S,true,null,false,false
public,employees,6,email,text,text,S,false,null,false,false
public,employees,7,department,text,text,S,false,null,false,false
public,employees,8,department_id,uuid,uuid,U,true,null,false,false
public,employees,9,position,text,text,S,false,null,false,false
public,employees,10,company_id,uuid,uuid,U,true,null,false,false
public,employees,11,shift_id,uuid,uuid,U,true,null,false,false
public,employees,12,salary_type,text,text,S,false,null,false,false
public,employees,13,salary_rate,"numeric(12,2)",numeric,N,false,null,false,false
public,employees,14,branch,text,text,S,true,null,false,false
public,employees,15,bonus,"numeric(12,2)",numeric,N,true,null,false,false
public,employees,16,status,text,text,S,false,null,false,false
public,employees,17,face_registered,boolean,bool,B,true,false,false,false
public,employees,18,face_descriptor,double precision[],_float8,A,true,null,false,true
public,employees,19,bank_name,text,text,S,true,null,false,false
public,employees,20,bank_account_number,text,text,S,true,null,false,false
public,employees,21,bank_ifsc_code,text,text,S,true,null,false,false
public,employees,22,aadhar_number,text,text,S,true,null,false,false
public,employees,23,user_id,uuid,uuid,U,true,null,false,false
public,employees,24,created_at,timestamp with time zone,timestamptz,D,true,now(),false,false
public,employees_sync,1,id,uuid,uuid,U,false,gen_random_uuid(),false,false
public,employees_sync,2,record_id,text,text,S,false,null,false,false
public,employees_sync,3,employee_code,text,text,S,true,null,false,false
public,employees_sync,4,first_name,text,text,S,true,null,false,false
public,employees_sync,5,last_name,text,text,S,true,null,false,false
public,employees_sync,6,email,text,text,S,true,null,false,false
public,employees_sync,7,department,text,text,S,true,null,false,false
public,employees_sync,8,position,text,text,S,true,null,false,false
public,employees_sync,9,company_name,text,text,S,true,null,false,false
public,employees_sync,10,shift_name,text,text,S,true,null,false,false
public,employees_sync,11,salary_type,text,text,S,true,null,false,false
public,employees_sync,12,salary_rate,numeric,numeric,N,true,null,false,false
public,employees_sync,13,bank_name,text,text,S,true,null,false,false
public,employees_sync,14,bank_account,text,text,S,true,null,false,false
public,employees_sync,15,ifsc_code,text,text,S,true,null,false,false
public,employees_sync,16,aadhar_number,text,text,S,true,null,false,false
public,employees_sync,17,status,text,text,S,true,null,false,false
public,employees_sync,18,synced_at,timestamp with time zone,timestamptz,D,true,null,false,false
public,employees_sync,19,created_at,timestamp with time zone,timestamptz,D,true,now(),false,false
public,enquiries,1,id,uuid,uuid,U,false,gen_random_uuid(),false,false
public,enquiries,2,organization_id,uuid,uuid,U,false,'00000000-0000-0000-0000-000000000001'::uuid,false,false
public,enquiries,3,phone,text,text,S,false,null,false,false
public,enquiries,4,name,text,text,S,true,null,false,false
public,enquiries,5,language,text,text,S,true,'en'::text,false,false
public,enquiries,6,move_in_date,date,date,D,true,null,false,false
public,enquiries,7,bed_type,text,text,S,true,null,false,false
public,enquiries,8,gender,text,text,S,true,null,false,false
public,enquiries,9,property_interest,text,text,S,true,null,false,false
public,enquiries,10,budget,numeric,numeric,N,true,null,false,false
public,enquiries,11,status,text,text,S,false,'new'::text,false,false
public,enquiries,12,source,text,text,S,true,'whatsapp_bot'::text,false,false
public,enquiries,13,raw_payload,jsonb,jsonb,U,true,null,false,false
public,enquiries,14,created_at,timestamp with time zone,timestamptz,D,false,now(),false,false
public,enquiries,15,updated_at,timestamp with time zone,timestamptz,D,false,now(),false,false
public,exit_tasks,1,id,uuid,uuid,U,false,gen_random_uuid(),false,false
public,exit_tasks,2,organization_id,uuid,uuid,U,false,null,false,false
public,exit_tasks,3,allotment_id,uuid,uuid,U,false,null,false,false
public,exit_tasks,4,tenant_id,uuid,uuid,U,false,null,false,false
public,exit_tasks,5,exit_date,date,date,D,false,null,false,false
public,exit_tasks,6,assigned_to,uuid,uuid,U,true,null,false,false
public,exit_tasks,7,assigned_at,timestamp with time zone,timestamptz,D,true,now(),false,false
public,exit_tasks,8,status,text,text,S,true,'pending'::text,false,false
public,exit_tasks,9,checklist,jsonb,jsonb,U,true,"'[{""done"": false, ""item"": ""Room Inspection Done""}, {""done"": false, ""item"": ""Keys Collected""}, {""done"": false, ""item"": ""Meter Reading Taken""}, {""done"": false, ""item"": ""Damages Assessed""}, {""done"": false, ""item"": ""Final Invoice Reviewed""}]'::jsonb",false,false
public,exit_tasks,10,refund_details,jsonb,jsonb,U,true,'{}'::jsonb,false,false
public,exit_tasks,11,tenant_approval_sent,boolean,bool,B,true,false,false,false
public,exit_tasks,12,tenant_approved,boolean,bool,B,true,null,false,false
public,exit_tasks,13,tenant_approved_at,timestamp with time zone,timestamptz,D,true,null,false,false
public,exit_tasks,14,completed_by,uuid,uuid,U,true,null,false,false
public,exit_tasks,15,completed_at,timestamp with time zone,timestamptz,D,true,null,false,false
public,exit_tasks,16,notes,text,text,S,true,null,false,false
public,exit_tasks,17,created_at,timestamp with time zone,timestamptz,D,true,now(),false,false
public,expense_bed_allocations,1,id,uuid,uuid,U,false,gen_random_uuid(),false,false
public,expense_bed_allocations,2,expense_id,uuid,uuid,U,false,null,false,false
public,expense_bed_allocations,3,bed_id,uuid,uuid,U,false,null,false,false
public,expense_bed_allocations,4,organization_id,uuid,uuid,U,false,null,false,false
public,expense_bed_allocations,5,allocated_amount,numeric,numeric,N,false,0,false,false
public,expense_bed_allocations,6,created_at,timestamp with time zone,timestamptz,D,false,now(),false,false
public,expense_categories,1,id,uuid,uuid,U,false,gen_random_uuid(),false,false
public,expense_categories,2,organization_id,uuid,uuid,U,false,null,false,false
public,expense_categories,3,key,text,text,S,false,null,false,false
public,expense_categories,4,label,text,text,S,false,null,false,false
public,expense_categories,5,sort_order,integer,int4,N,true,0,false,false
public,expense_categories,6,is_active,boolean,bool,B,true,true,false,false
public,expense_categories,7,created_at,timestamp with time zone,timestamptz,D,true,now(),false,false
public,expense_categories,8,gl_account_id,uuid,uuid,U,true,null,false,false
public,expense_subcategories,1,id,uuid,uuid,U,false,gen_random_uuid(),false,false
public,expense_subcategories,2,organization_id,uuid,uuid,U,false,null,false,false
public,expense_subcategories,3,category_id,uuid,uuid,U,false,null,false,false
public,expense_subcategories,4,key,text,text,S,false,null,false,false
public,expense_subcategories,5,label,text,text,S,false,null,false,false
public,expense_subcategories,6,sort_order,integer,int4,N,true,0,false,false
public,expense_subcategories,7,is_active,boolean,bool,B,true,true,false,false
public,expense_subcategories,8,created_at,timestamp with time zone,timestamptz,D,true,now(),false,false
public,expense_subcategories,9,gl_account_id,uuid,uuid,U,true,null,false,false
public,expenses,1,id,uuid,uuid,U,false,gen_random_uuid(),false,false
public,expenses,2,organization_id,uuid,uuid,U,false,null,false,false
public,expenses,3,property_id,uuid,uuid,U,true,null,false,false
public,expenses,4,apartment_id,uuid,uuid,U,true,null,false,false
public,expenses,5,bed_id,uuid,uuid,U,true,null,false,false
public,expenses,8,description,text,text,S,true,null,false,false
public,expenses,9,amount,numeric,numeric,N,false,0,false,false
public,expenses,10,expense_date,date,date,D,false,CURRENT_DATE,false,false
public,expenses,11,billing_month,text,text,S,true,null,false,false
public,expenses,12,receipt_url,text,text,S,true,null,false,false
public,expenses,13,created_at,timestamp with time zone,timestamptz,D,true,now(),false,false
public,expenses,15,data_source,text,text,S,true,'migration_2026'::text,false,false
public,expenses,16,related_asset_id,uuid,uuid,U,true,null,false,false
public,expenses,17,category_id,uuid,uuid,U,true,null,false,false
public,expenses,18,subcategory_id,uuid,uuid,U,true,null,false,false
public,expenses,19,vendor_id,uuid,uuid,U,true,null,false,false
public,expenses,20,asset_type_id,uuid,uuid,U,true,null,false,false
public,expenses,21,issue_type_id,uuid,uuid,U,true,null,false,false
public,expenses,22,ticket_resolution_id,uuid,uuid,U,true,null,false,false
public,expenses,23,bank_account_id,uuid,uuid,U,true,null,false,false
public,expenses,24,team_payment_id,uuid,uuid,U,true,null,false,false
public,export_entity_registry,1,entity_key,text,text,S,false,null,false,false
public,export_entity_registry,2,view_name,text,text,S,false,null,false,false
public,export_entity_registry,3,label,text,text,S,false,null,false,false
public,export_entity_registry,4,module,text,text,S,false,'reports'::text,false,false
public,export_entity_registry,5,sort_order,integer,int4,N,false,0,false,false
public,financial_audit_log,1,id,uuid,uuid,U,false,gen_random_uuid(),false,false
public,financial_audit_log,2,organization_id,uuid,uuid,U,false,null,false,false
public,financial_audit_log,3,journal_entry_id,uuid,uuid,U,true,null,false,false
public,financial_audit_log,4,operation,text,text,S,false,null,false,false
public,financial_audit_log,5,actor_user_id,uuid,uuid,U,true,null,false,false
public,financial_audit_log,6,source_table,text,text,S,true,null,false,false
public,financial_audit_log,7,source_id,uuid,uuid,U,true,null,false,false
public,financial_audit_log,8,period,text,text,S,true,null,false,false
public,financial_audit_log,9,total_debit,"numeric(14,2)",numeric,N,true,null,false,false
public,financial_audit_log,10,total_credit,"numeric(14,2)",numeric,N,true,null,false,false
public,financial_audit_log,11,metadata,jsonb,jsonb,U,true,'{}'::jsonb,false,false
public,financial_audit_log,12,created_at,timestamp with time zone,timestamptz,D,false,now(),false,false
public,gst_monthly_workings,1,id,uuid,uuid,U,false,gen_random_uuid(),false,false
public,gst_monthly_workings,2,organization_id,uuid,uuid,U,false,null,false,false
public,gst_monthly_workings,3,month,integer,int4,N,false,null,false,false
public,gst_monthly_workings,4,year,integer,int4,N,false,null,false,false
public,gst_monthly_workings,5,generated_at,timestamp with time zone,timestamptz,D,false,now(),false,false
public,gst_monthly_workings,6,generated_by,uuid,uuid,U,true,null,false,false
public,gst_monthly_workings,7,tenant_json,jsonb,jsonb,U,false,'[]'::jsonb,false,false
public,gst_monthly_workings,8,summary_json,jsonb,jsonb,U,false,'{}'::jsonb,false,false
public,gst_monthly_workings,9,rcm_json,jsonb,jsonb,U,false,'{}'::jsonb,false,false
public,gst_monthly_workings,10,last_updated_at,timestamp with time zone,timestamptz,D,false,now(),false,false
public,invoice_line_items,1,id,uuid,uuid,U,false,gen_random_uuid(),false,false
public,invoice_line_items,2,invoice_id,uuid,uuid,U,false,null,false,false
public,invoice_line_items,3,line_type,text,text,S,false,null,false,false
public,invoice_line_items,4,description,text,text,S,true,null,false,false
public,invoice_line_items,5,amount,numeric,numeric,N,false,0,false,false
public,invoice_line_items,6,created_at,timestamp with time zone,timestamptz,D,true,now(),false,false
public,invoice_line_items,7,metadata,jsonb,jsonb,U,true,'{}'::jsonb,false,false
public,invoice_line_items,8,organization_id,uuid,uuid,U,false,null,false,false
public,invoice_pdf_configs,1,id,uuid,uuid,U,false,gen_random_uuid(),false,false
public,invoice_pdf_configs,2,organization_id,uuid,uuid,U,false,null,false,false
public,invoice_pdf_configs,3,config_type,text,text,S,false,null,false,false
public,invoice_pdf_configs,4,logo_url,text,text,S,true,null,false,false
public,invoice_pdf_configs,5,accent_color,text,text,S,true,null,false,false
public,invoice_pdf_configs,6,header_bg_color,text,text,S,true,null,false,false
public,invoice_pdf_configs,7,pan_number,text,text,S,true,null,false,false
public,invoice_pdf_configs,8,cin_number,text,text,S,true,null,false,false
public,invoice_pdf_configs,9,tax_label,text,text,S,true,'GST'::text,false,false
public,invoice_pdf_configs,10,bank_name,text,text,S,true,null,false,false
public,invoice_pdf_configs,11,account_number,text,text,S,true,null,false,false
public,invoice_pdf_configs,12,ifsc_code,text,text,S,true,null,false,false
public,invoice_pdf_configs,13,upi_id,text,text,S,true,null,false,false
public,invoice_pdf_configs,14,qr_code_url,text,text,S,true,null,false,false
public,invoice_pdf_configs,15,terms_and_conditions,text,text,S,true,null,false,false
public,invoice_pdf_configs,16,footer_notes,text,text,S,true,null,false,false
public,invoice_pdf_configs,17,signatory_name,text,text,S,true,null,false,false
public,invoice_pdf_configs,18,signatory_title,text,text,S,true,null,false,false
public,invoice_pdf_configs,19,number_prefix,text,text,S,true,'INV'::text,false,false
public,invoice_pdf_configs,20,created_at,timestamp with time zone,timestamptz,D,true,now(),false,false
public,invoice_pdf_configs,21,updated_at,timestamp with time zone,timestamptz,D,true,now(),false,false
public,invoice_pdf_configs,22,layout_style,text,text,S,true,null,false,false
public,invoice_pdf_configs,23,body_text_color,text,text,S,true,null,false,false
public,invoice_pdf_configs,24,muted_text_color,text,text,S,true,null,false,false
public,invoice_pdf_configs,25,header_text_color,text,text,S,true,null,false,false
public,invoice_pdf_configs,26,style_options,jsonb,jsonb,U,true,'{}'::jsonb,false,false
public,invoices,1,id,uuid,uuid,U,false,gen_random_uuid(),false,false
public,invoices,2,organization_id,uuid,uuid,U,false,null,false,false
public,invoices,3,tenant_id,uuid,uuid,U,false,null,false,false
public,invoices,4,property_id,uuid,uuid,U,false,null,false,false
public,invoices,5,apartment_id,uuid,uuid,U,true,null,false,false
public,invoices,6,bed_id,uuid,uuid,U,true,null,false,false
public,invoices,7,invoice_number,text,text,S,true,null,false,false
public,invoices,8,invoice_date,date,date,D,true,CURRENT_DATE,false,false
public,invoices,9,due_date,date,date,D,true,null,false,false
public,invoices,10,rent_amount,"numeric(10,2)",numeric,N,true,0,false,false
public,invoices,11,electricity_amount,"numeric(10,2)",numeric,N,true,0,false,false
public,invoices,12,other_charges,"numeric(10,2)",numeric,N,true,0,false,false
public,invoices,13,total_amount,"numeric(10,2)",numeric,N,true,0,false,false
public,invoices,14,status,text,text,S,true,'pending'::text,false,false
public,invoices,15,created_at,timestamp with time zone,timestamptz,D,true,now(),false,false
public,invoices,16,late_fee,numeric,numeric,N,true,0,false,false
public,invoices,17,locked,boolean,bool,B,true,false,false,false
public,invoices,18,billing_month,text,text,S,true,null,false,false
public,invoices,21,allotment_id,uuid,uuid,U,true,null,false,false
public,invoices,22,estimated_eb,numeric,numeric,N,true,0,false,false
public,invoices,23,amount_paid,numeric,numeric,N,true,0,false,false
public,invoices,24,balance,numeric,numeric,N,true,0,false,false
public,invoices,25,is_deleted,boolean,bool,B,true,false,false,false
public,invoices,26,invoice_type,text,text,S,true,'regular'::text,false,false
public,invoices,27,reference_type,text,text,S,true,null,false,false
public,invoices,28,reference_id,uuid,uuid,U,true,null,false,false
public,issue_sub_types,1,id,uuid,uuid,U,false,gen_random_uuid(),false,false
public,issue_sub_types,2,issue_type_id,uuid,uuid,U,false,null,false,false
public,issue_sub_types,3,organization_id,uuid,uuid,U,false,null,false,false
public,issue_sub_types,4,name,text,text,S,false,null,false,false
public,issue_sub_types,5,icon,text,text,S,false,'circle-dot'::text,false,false
public,issue_sub_types,6,description,text,text,S,true,null,false,false
public,issue_sub_types,7,sort_order,integer,int4,N,false,0,false,false
public,issue_sub_types,8,created_at,timestamp with time zone,timestamptz,D,true,now(),false,false
public,issue_type_asset_types,1,id,uuid,uuid,U,false,gen_random_uuid(),false,false
public,issue_type_asset_types,2,organization_id,uuid,uuid,U,false,null,false,false
public,issue_type_asset_types,3,issue_type_id,uuid,uuid,U,false,null,false,false
public,issue_type_asset_types,4,asset_type_id,uuid,uuid,U,false,null,false,false
public,issue_type_asset_types,5,created_at,timestamp with time zone,timestamptz,D,true,now(),false,false
public,issue_type_expense_mapping,1,id,uuid,uuid,U,false,gen_random_uuid(),false,false
public,issue_type_expense_mapping,2,organization_id,uuid,uuid,U,false,null,false,false
public,issue_type_expense_mapping,3,issue_type_id,uuid,uuid,U,false,null,false,false
public,issue_type_expense_mapping,4,expense_category_id,uuid,uuid,U,true,null,false,false
public,issue_type_expense_mapping,5,expense_subcategory_id,uuid,uuid,U,true,null,false,false
public,issue_type_expense_mapping,6,gl_account_id,uuid,uuid,U,false,null,false,false
public,issue_type_expense_mapping,7,created_at,timestamp with time zone,timestamptz,D,false,now(),false,false
public,issue_types,1,id,uuid,uuid,U,false,gen_random_uuid(),false,false
public,issue_types,2,organization_id,uuid,uuid,U,false,null,false,false
public,issue_types,3,name,text,text,S,false,null,false,false
public,issue_types,4,icon,text,text,S,true,'wrench'::text,false,false
public,issue_types,5,priority,text,text,S,true,'medium'::text,false,false
public,issue_types,6,sla_hours,integer,int4,N,true,24,false,false
public,issue_types,7,created_at,timestamp with time zone,timestamptz,D,true,now(),false,false
public,journal_entries,1,id,uuid,uuid,U,false,gen_random_uuid(),false,false
public,journal_entries,2,organization_id,uuid,uuid,U,false,null,false,false
public,journal_entries,3,entry_date,date,date,D,false,null,false,false
public,journal_entries,4,period,text,text,S,false,null,false,false
public,journal_entries,5,description,text,text,S,true,null,false,false
public,journal_entries,6,source_table,text,text,S,false,null,false,false
public,journal_entries,7,source_id,uuid,uuid,U,true,null,false,false
public,journal_entries,8,is_reversal_of,uuid,uuid,U,true,null,false,false
public,journal_entries,9,posted_at,timestamp with time zone,timestamptz,D,false,now(),false,false
public,journal_entries,10,posted_by,uuid,uuid,U,true,null,false,false
public,journal_entries,11,metadata,jsonb,jsonb,U,false,'{}'::jsonb,false,false
public,journal_lines,1,id,uuid,uuid,U,false,gen_random_uuid(),false,false
public,journal_lines,2,journal_entry_id,uuid,uuid,U,false,null,false,false
public,journal_lines,3,organization_id,uuid,uuid,U,false,null,false,false
public,journal_lines,4,account_id,uuid,uuid,U,false,null,false,false
public,journal_lines,5,debit,"numeric(14,2)",numeric,N,false,0,false,false
public,journal_lines,6,credit,"numeric(14,2)",numeric,N,false,0,false,false
public,journal_lines,7,party_kind,party_kind,party_kind,E,true,null,true,false
public,journal_lines,8,party_id,uuid,uuid,U,true,null,false,false
public,journal_lines,9,allotment_id,uuid,uuid,U,true,null,false,false
public,journal_lines,10,property_id,uuid,uuid,U,true,null,false,false
public,journal_lines,11,apartment_id,uuid,uuid,U,true,null,false,false
public,journal_lines,12,bed_id,uuid,uuid,U,true,null,false,false
public,journal_lines,13,memo,text,text,S,true,null,false,false
public,journal_lines,14,line_no,integer,int4,N,true,null,false,false
public,leave_requests_sync,1,id,uuid,uuid,U,false,gen_random_uuid(),false,false
public,leave_requests_sync,2,record_id,text,text,S,false,null,false,false
public,leave_requests_sync,3,employee_name,text,text,S,true,null,false,false
public,leave_requests_sync,4,leave_type,text,text,S,true,null,false,false
public,leave_requests_sync,5,start_date,date,date,D,true,null,false,false
public,leave_requests_sync,6,end_date,date,date,D,true,null,false,false
public,leave_requests_sync,7,reason,text,text,S,true,null,false,false
public,leave_requests_sync,8,status,text,text,S,true,null,false,false
public,leave_requests_sync,9,synced_at,timestamp with time zone,timestamptz,D,true,null,false,false
public,leave_requests_sync,10,created_at,timestamp with time zone,timestamptz,D,true,now(),false,false
public,ledger_entries,1,id,uuid,uuid,U,false,gen_random_uuid(),false,false
public,ledger_entries,2,organization_id,uuid,uuid,U,false,null,false,false
public,ledger_entries,3,asset_id,uuid,uuid,U,true,null,false,false
public,ledger_entries,4,entry_type,text,text,S,false,null,false,false
public,ledger_entries,5,amount,"numeric(12,2)",numeric,N,false,null,false,false
public,ledger_entries,6,entry_date,date,date,D,false,CURRENT_DATE,false,false
public,ledger_entries,7,reference,text,text,S,true,null,false,false
public,ledger_entries,8,notes,text,text,S,true,null,false,false
public,ledger_entries,9,created_at,timestamp with time zone,timestamptz,D,true,now(),false,false
public,lifecycle_config,1,id,uuid,uuid,U,false,gen_random_uuid(),false,false
public,lifecycle_config,2,organization_id,uuid,uuid,U,false,null,false,false
public,lifecycle_config,3,from_date,date,date,D,false,null,false,false
public,lifecycle_config,4,to_date,date,date,D,true,null,false,false
public,lifecycle_config,5,booking_fee,numeric,numeric,N,false,1000,false,false
public,lifecycle_config,6,onboarding_fee,numeric,numeric,N,false,1000,false,false
public,lifecycle_config,7,advance_ratio,numeric,numeric,N,false,1.5,false,false
public,lifecycle_config,8,exit_fee_under_1yr,numeric,numeric,N,false,2250,false,false
public,lifecycle_config,9,key_loss_fee,numeric,numeric,N,false,500,false,false
public,lifecycle_config,10,notice_period_days,integer,int4,N,false,30,false,false
public,lifecycle_config,11,refund_deadline_days,integer,int4,N,false,5,false,false
public,lifecycle_config,12,created_at,timestamp with time zone,timestamptz,D,true,now(),false,false
public,lifecycle_config,13,gst_exemption_days,integer,int4,N,false,90,false,false
public,lifecycle_config,14,gst_short_stay_rate,"numeric(6,3)",numeric,N,false,5,false,false
public,lifecycle_config,15,gst_rcm_rate,"numeric(6,3)",numeric,N,false,18,false,false
public,maintenance_item_stock_entries,1,id,uuid,uuid,U,false,gen_random_uuid(),false,false
public,maintenance_item_stock_entries,2,organization_id,uuid,uuid,U,false,null,false,false
public,maintenance_item_stock_entries,3,maintenance_item_id,uuid,uuid,U,false,null,false,false
public,maintenance_item_stock_entries,4,quantity_received,numeric,numeric,N,false,null,false,false
public,maintenance_item_stock_entries,5,quantity_available,numeric,numeric,N,false,null,false,false
public,maintenance_item_stock_entries,6,purchase_cost_per_unit,numeric,numeric,N,false,null,false,false
public,maintenance_item_stock_entries,7,vendor_name,text,text,S,true,null,false,false
public,maintenance_item_stock_entries,8,invoice_number,text,text,S,true,null,false,false
public,maintenance_item_stock_entries,9,purchased_on,timestamp with time zone,timestamptz,D,false,now(),false,false
public,maintenance_item_stock_entries,10,remarks,text,text,S,true,null,false,false
public,maintenance_item_stock_entries,11,created_by,uuid,uuid,U,true,null,false,false
public,maintenance_item_stock_entries,12,created_at,timestamp with time zone,timestamptz,D,false,now(),false,false
public,maintenance_item_usage,1,id,uuid,uuid,U,false,gen_random_uuid(),false,false
public,maintenance_item_usage,2,organization_id,uuid,uuid,U,false,null,false,false
public,maintenance_item_usage,3,maintenance_ticket_id,uuid,uuid,U,true,null,false,false
public,maintenance_item_usage,4,maintenance_item_id,uuid,uuid,U,false,null,false,false
public,maintenance_item_usage,5,stock_entry_id,uuid,uuid,U,true,null,false,false
public,maintenance_item_usage,6,quantity_used,numeric,numeric,N,false,null,false,false
public,maintenance_item_usage,7,cost_per_unit,numeric,numeric,N,false,null,false,false
public,maintenance_item_usage,8,total_cost,numeric,numeric,N,false,null,false,false
public,maintenance_item_usage,9,usage_source,text,text,S,false,null,false,false
public,maintenance_item_usage,10,remarks,text,text,S,true,null,false,false
public,maintenance_item_usage,11,created_by,uuid,uuid,U,true,null,false,false
public,maintenance_item_usage,12,created_at,timestamp with time zone,timestamptz,D,false,now(),false,false
public,maintenance_items,1,id,uuid,uuid,U,false,gen_random_uuid(),false,false
public,maintenance_items,2,organization_id,uuid,uuid,U,false,null,false,false
public,maintenance_items,3,name,text,text,S,false,null,false,false
public,maintenance_items,4,specifications,text,text,S,true,null,false,false
public,maintenance_items,5,default_unit_cost,numeric,numeric,N,false,0,false,false
public,maintenance_items,6,active,boolean,bool,B,false,true,false,false
public,maintenance_items,7,created_at,timestamp with time zone,timestamptz,D,false,now(),false,false
public,maintenance_items,8,updated_at,timestamp with time zone,timestamptz,D,false,now(),false,false
public,maintenance_items,9,item_name,text,text,S,true,null,false,false
public,maintenance_items,10,item_code,text,text,S,true,null,false,false
public,maintenance_items,12,unit,text,text,S,true,null,false,false
public,maintenance_items,13,default_cost,numeric,numeric,N,false,0,false,false
public,maintenance_items,14,minimum_stock_level,numeric,numeric,N,false,0,false,false
public,maintenance_items,15,is_active,boolean,bool,B,false,true,false,false
public,maintenance_items,16,asset_type_id,uuid,uuid,U,true,null,false,false
public,maintenance_items,17,issue_type_id,uuid,uuid,U,true,null,false,false
public,maintenance_tickets,1,id,uuid,uuid,U,false,gen_random_uuid(),false,false
public,maintenance_tickets,2,organization_id,uuid,uuid,U,false,null,false,false
public,maintenance_tickets,3,ticket_number,text,text,S,false,null,false,false
public,maintenance_tickets,4,tenant_id,uuid,uuid,U,true,null,false,false
public,maintenance_tickets,5,property_id,uuid,uuid,U,true,null,false,false
public,maintenance_tickets,6,apartment_id,uuid,uuid,U,true,null,false,false
public,maintenance_tickets,7,bed_id,uuid,uuid,U,true,null,false,false
public,maintenance_tickets,8,issue_type_id,uuid,uuid,U,false,null,false,false
public,maintenance_tickets,9,description,text,text,S,true,null,false,false
public,maintenance_tickets,10,photo_urls,text[],_text,A,true,null,false,true
public,maintenance_tickets,11,priority,text,text,S,true,'medium'::text,false,false
public,maintenance_tickets,12,status,text,text,S,true,'open'::text,false,false
public,maintenance_tickets,13,assigned_to,uuid,uuid,U,true,null,false,false
public,maintenance_tickets,14,sla_deadline,timestamp with time zone,timestamptz,D,true,null,false,false
public,maintenance_tickets,15,resolved_at,timestamp with time zone,timestamptz,D,true,null,false,false
public,maintenance_tickets,16,closed_at,timestamp with time zone,timestamptz,D,true,null,false,false
public,maintenance_tickets,17,tenant_approved,boolean,bool,B,true,null,false,false
public,maintenance_tickets,18,diagnostic_data,jsonb,jsonb,U,true,null,false,false
public,maintenance_tickets,19,created_at,timestamp with time zone,timestamptz,D,true,now(),false,false
public,maintenance_tickets,20,tenant_rejection_reason,text,text,S,true,null,false,false
public,maintenance_tickets,21,tenant_name,text,text,S,true,null,false,false
public,maintenance_tickets,22,tenant_phone,text,text,S,true,null,false,false
public,maintenance_tickets,36,created_by,uuid,uuid,U,true,null,false,false
public,maintenance_tickets,40,updated_at,timestamp with time zone,timestamptz,D,true,now(),false,false
public,maintenance_tickets,42,resolution_id,uuid,uuid,U,true,null,false,false
public,maintenance_tickets,43,asset_id,uuid,uuid,U,true,null,false,false
public,maintenance_tickets,44,issue_sub_type_id,uuid,uuid,U,true,null,false,false
public,maintenance_tickets,45,resolution_edit_unlocked_at,timestamp with time zone,timestamptz,D,true,null,false,false
public,maintenance_tickets,46,resolution_edit_unlocked_by,uuid,uuid,U,true,null,false,false
public,maintenance_tickets,47,closure_cost,"numeric(14,2)",numeric,N,true,null,false,false
public,migration_log,1,id,uuid,uuid,U,false,gen_random_uuid(),false,false
public,migration_log,2,run_at,timestamp with time zone,timestamptz,D,true,now(),false,false
public,migration_log,3,table_name,text,text,S,false,null,false,false
public,migration_log,4,record_id,uuid,uuid,U,true,null,false,false
public,migration_log,5,action,text,text,S,false,null,false,false
public,migration_log,6,source_file,text,text,S,true,null,false,false
public,migration_log,7,source_row,text,text,S,true,null,false,false
public,migration_log,8,notes,text,text,S,true,null,false,false
public,offline_kyc_pending,1,id,uuid,uuid,U,false,gen_random_uuid(),false,false
public,offline_kyc_pending,2,organization_id,uuid,uuid,U,false,null,false,false
public,offline_kyc_pending,3,allotment_id,uuid,uuid,U,false,null,false,false
public,offline_kyc_pending,4,tenant_id,uuid,uuid,U,false,null,false,false
public,offline_kyc_pending,5,access_token,text,text,S,false,null,false,false
public,offline_kyc_pending,6,status,text,text,S,false,'draft'::text,false,false
public,offline_kyc_pending,7,registration_data,jsonb,jsonb,U,false,'{}'::jsonb,false,false
public,offline_kyc_pending,8,form_payload,jsonb,jsonb,U,false,'{}'::jsonb,false,false
public,offline_kyc_pending,9,kyc_front_path,text,text,S,true,null,false,false
public,offline_kyc_pending,10,kyc_back_path,text,text,S,true,null,false,false
public,offline_kyc_pending,11,final_pdf_path,text,text,S,true,null,false,false
public,offline_kyc_pending,12,sent_to_email,text,text,S,true,null,false,false
public,offline_kyc_pending,13,sent_to_phone,text,text,S,true,null,false,false
public,offline_kyc_pending,14,submitted_at,timestamp with time zone,timestamptz,D,true,null,false,false
public,offline_kyc_pending,15,merged_at,timestamp with time zone,timestamptz,D,true,null,false,false
public,offline_kyc_pending,16,created_by,uuid,uuid,U,true,null,false,false
public,offline_kyc_pending,17,created_at,timestamp with time zone,timestamptz,D,false,now(),false,false
public,offline_kyc_pending,18,updated_at,timestamp with time zone,timestamptz,D,false,now(),false,false
public,offline_kyc_pending,19,expires_at,timestamp with time zone,timestamptz,D,true,null,false,false
public,org_ai_settings,1,organization_id,uuid,uuid,U,false,null,false,false
public,org_ai_settings,2,payment_proof_mode,text,text,S,false,'adip_fallback'::text,false,false
public,org_ai_settings,3,meter_reading_mode,text,text,S,false,'gemini_only'::text,false,false
public,org_ai_settings,4,created_at,timestamp with time zone,timestamptz,D,false,now(),false,false
public,org_ai_settings,5,updated_at,timestamp with time zone,timestamptz,D,false,now(),false,false
public,org_branding_settings,1,organization_id,uuid,uuid,U,false,null,false,false
public,org_branding_settings,2,logo_url,text,text,S,true,null,false,false
public,org_branding_settings,3,address_text,text,text,S,true,null,false,false
public,org_branding_settings,4,footer_text,text,text,S,true,null,false,false
public,org_branding_settings,5,contact_email,text,text,S,true,null,false,false
public,org_branding_settings,6,contact_phone,text,text,S,true,null,false,false
public,org_branding_settings,7,created_at,timestamp with time zone,timestamptz,D,false,now(),false,false
public,org_branding_settings,8,updated_at,timestamp with time zone,timestamptz,D,false,now(),false,false
public,org_email_settings,1,organization_id,uuid,uuid,U,false,null,false,false
public,org_email_settings,2,enabled,boolean,bool,B,false,false,false,false
public,org_email_settings,3,smtp_host,text,text,S,true,null,false,false
public,org_email_settings,4,smtp_port,integer,int4,N,true,null,false,false
public,org_email_settings,5,smtp_secure,boolean,bool,B,false,false,false,false
public,org_email_settings,6,smtp_user,text,text,S,true,null,false,false
public,org_email_settings,7,smtp_pass_encrypted,text,text,S,true,null,false,false
public,org_email_settings,8,from_name,text,text,S,true,null,false,false
public,org_email_settings,9,from_email,text,text,S,true,null,false,false
public,org_email_settings,10,reply_to,text,text,S,true,null,false,false
public,org_email_settings,11,imap_host,text,text,S,true,null,false,false
public,org_email_settings,12,imap_port,integer,int4,N,true,null,false,false
public,org_email_settings,13,imap_secure,boolean,bool,B,false,true,false,false
public,org_email_settings,14,pop3_host,text,text,S,true,null,false,false
public,org_email_settings,15,pop3_port,integer,int4,N,true,null,false,false
public,org_email_settings,16,pop3_secure,boolean,bool,B,false,true,false,false
public,org_email_settings,17,created_at,timestamp with time zone,timestamptz,D,false,now(),false,false
public,org_email_settings,18,updated_at,timestamp with time zone,timestamptz,D,false,now(),false,false
public,org_whatsapp_settings,1,organization_id,uuid,uuid,U,false,null,false,false
public,org_whatsapp_settings,2,test_phone,text,text,S,true,null,false,false
public,org_whatsapp_settings,3,test_mode_enabled,boolean,bool,B,false,false,false,false
public,org_whatsapp_settings,4,created_at,timestamp with time zone,timestamptz,D,false,now(),false,false
public,org_whatsapp_settings,5,updated_at,timestamp with time zone,timestamptz,D,false,now(),false,false
public,org_whatsapp_settings,6,notifications_enabled,boolean,bool,B,false,true,false,false
public,org_whatsapp_settings,7,post_invoice_whatsapp_modal_enabled,boolean,bool,B,false,false,false,false
public,org_whatsapp_settings,8,post_collection_whatsapp_modal_enabled,boolean,bool,B,false,false,false,false
public,org_whatsapp_settings,9,ai_auto_response_enabled,boolean,bool,B,false,true,false,false
public,organization_bank_accounts,1,id,uuid,uuid,U,false,gen_random_uuid(),false,false
public,organization_bank_accounts,2,organization_id,uuid,uuid,U,false,null,false,false
public,organization_bank_accounts,3,bank_name,text,text,S,false,null,false,false
public,organization_bank_accounts,4,account_name,text,text,S,true,null,false,false
public,organization_bank_accounts,5,account_number,text,text,S,false,null,false,false
public,organization_bank_accounts,6,ifsc_code,text,text,S,true,null,false,false
public,organization_bank_accounts,7,branch,text,text,S,true,null,false,false
public,organization_bank_accounts,8,account_type,text,text,S,true,'current'::text,false,false
public,organization_bank_accounts,9,swift_code,text,text,S,true,null,false,false
public,organization_bank_accounts,10,upi_id,text,text,S,true,null,false,false
public,organization_bank_accounts,11,is_primary,boolean,bool,B,true,false,false,false
public,organization_bank_accounts,12,status,text,text,S,true,'active'::text,false,false
public,organization_bank_accounts,13,notes,text,text,S,true,null,false,false
public,organization_bank_accounts,14,created_at,timestamp with time zone,timestamptz,D,true,now(),false,false
public,organization_bank_accounts,15,upi_ids,text[],_text,A,false,'{}'::text[],false,true
public,organization_subscriptions,1,id,uuid,uuid,U,false,gen_random_uuid(),false,false
public,organization_subscriptions,2,organization_id,uuid,uuid,U,false,null,false,false
public,organization_subscriptions,3,plan_id,uuid,uuid,U,false,null,false,false
public,organization_subscriptions,4,status,text,text,S,false,'active'::text,false,false
public,organization_subscriptions,5,billing_cycle,text,text,S,false,'monthly'::text,false,false
public,organization_subscriptions,6,current_period_start,date,date,D,true,CURRENT_DATE,false,false
public,organization_subscriptions,7,current_period_end,date,date,D,true,null,false,false
public,organization_subscriptions,8,trial_ends_at,date,date,D,true,null,false,false
public,organization_subscriptions,9,razorpay_subscription_id,text,text,S,true,null,false,false
public,organization_subscriptions,10,razorpay_customer_id,text,text,S,true,null,false,false
public,organization_subscriptions,11,cancelled_at,timestamp with time zone,timestamptz,D,true,null,false,false
public,organization_subscriptions,12,cancel_reason,text,text,S,true,null,false,false
public,organization_subscriptions,13,created_at,timestamp with time zone,timestamptz,D,true,now(),false,false
public,organization_subscriptions,14,updated_at,timestamp with time zone,timestamptz,D,true,now(),false,false
public,organizations,1,id,uuid,uuid,U,false,gen_random_uuid(),false,false
public,organizations,2,organization_name,text,text,S,false,null,false,false
public,organizations,3,subscription_plan,text,text,S,true,'free'::text,false,false
public,organizations,4,created_at,timestamp with time zone,timestamptz,D,true,now(),false,false
public,organizations,5,gst_number,text,text,S,true,null,false,false
public,organizations,6,onboarding_completed,boolean,bool,B,true,false,false,false
public,organizations,7,onboarding_step,integer,int4,N,true,0,false,false
public,organizations,8,ticket_auto_approve_threshold,numeric,numeric,N,true,1000,false,false
public,organizations,9,ticket_repeat_check_days,integer,int4,N,true,30,false,false
public,organizations,10,exit_task_assignee_1,uuid,uuid,U,true,null,false,false
public,organizations,11,exit_task_assignee_2,uuid,uuid,U,true,null,false,false
public,organizations,12,logo_url,text,text,S,true,null,false,false
public,organizations,13,address_line1,text,text,S,true,null,false,false
public,organizations,14,address_line2,text,text,S,true,null,false,false
public,organizations,15,city,text,text,S,true,null,false,false
public,organizations,16,state,text,text,S,true,null,false,false
public,organizations,17,pincode,text,text,S,true,null,false,false
public,organizations,18,country,text,text,S,true,'India'::text,false,false
public,organizations,19,contact_person_name,text,text,S,true,null,false,false
public,organizations,20,contact_phone,text,text,S,true,null,false,false
public,organizations,21,contact_email,text,text,S,true,null,false,false
public,organizations,22,website,text,text,S,true,null,false,false
public,otp_codes,1,id,uuid,uuid,U,false,gen_random_uuid(),false,false
public,otp_codes,2,phone,text,text,S,false,null,false,false
public,otp_codes,3,otp_code,text,text,S,false,null,false,false
public,otp_codes,4,expires_at,timestamp with time zone,timestamptz,D,false,null,false,false
public,otp_codes,5,verified,boolean,bool,B,true,false,false,false
public,otp_codes,6,created_at,timestamp with time zone,timestamptz,D,true,now(),false,false
public,owner_contracts,1,id,uuid,uuid,U,false,gen_random_uuid(),false,false
public,owner_contracts,2,organization_id,uuid,uuid,U,false,null,false,false
public,owner_contracts,3,owner_id,uuid,uuid,U,false,null,false,false
public,owner_contracts,4,property_id,uuid,uuid,U,true,null,false,false
public,owner_contracts,5,contract_type,text,text,S,false,'lease'::text,false,false
public,owner_contracts,6,start_date,date,date,D,true,null,false,false
public,owner_contracts,7,end_date,date,date,D,true,null,false,false
public,owner_contracts,8,monthly_rent,numeric,numeric,N,true,null,false,false
public,owner_contracts,9,revenue_share_percentage,numeric,numeric,N,true,null,false,false
public,owner_contracts,10,security_deposit,numeric,numeric,N,true,null,false,false
public,owner_contracts,11,lock_in_months,integer,int4,N,true,null,false,false
public,owner_contracts,12,escalation_percentage,numeric,numeric,N,true,null,false,false
public,owner_contracts,13,escalation_interval_months,integer,int4,N,true,null,false,false
public,owner_contracts,14,payment_due_day,integer,int4,N,true,1,false,false
public,owner_contracts,15,agreement_url,text,text,S,true,null,false,false
public,owner_contracts,16,notes,text,text,S,true,null,false,false
public,owner_contracts,17,status,text,text,S,true,'active'::text,false,false
public,owner_contracts,18,created_at,timestamp with time zone,timestamptz,D,true,now(),false,false
public,owner_contracts,19,property_tax_id,text,text,S,true,null,false,false
public,owner_contracts,20,water_tax_details,text,text,S,true,null,false,false
public,owner_contracts,21,payment_schedule,text,text,S,true,'monthly'::text,false,false
public,owner_contracts,22,renewal_date,date,date,D,true,null,false,false
public,owner_contracts,23,renewal_periods,integer,int4,N,true,0,false,false
public,owner_contracts,24,ownership_doc_url,text,text,S,true,null,false,false
public,owner_contracts,25,apartment_id,uuid,uuid,U,true,null,false,false
public,owner_contracts,26,property_tax_amount,numeric,numeric,N,true,0,false,false
public,owner_contracts,27,property_tax_frequency,text,text,S,true,'yearly'::text,false,false
public,owner_contracts,28,water_tax_id,text,text,S,true,null,false,false
public,owner_contracts,29,water_tax_amount,numeric,numeric,N,true,0,false,false
public,owner_contracts,30,water_tax_frequency,text,text,S,true,'yearly'::text,false,false
public,owner_contracts,31,rent_paid_in_advance,boolean,bool,B,true,false,false,false
public,owner_contracts,32,gst_info,text,text,S,true,null,false,false
public,owner_payments,1,id,uuid,uuid,U,false,gen_random_uuid(),false,false
public,owner_payments,2,organization_id,uuid,uuid,U,false,null,false,false
public,owner_payments,3,owner_id,uuid,uuid,U,false,null,false,false
public,owner_payments,4,contract_id,uuid,uuid,U,false,null,false,false
public,owner_payments,5,apartment_id,uuid,uuid,U,true,null,false,false
public,owner_payments,6,payment_month,text,text,S,false,null,false,false
public,owner_payments,7,due_date,date,date,D,false,null,false,false
public,owner_payments,8,base_amount,numeric,numeric,N,false,0,false,false
public,owner_payments,9,escalated_amount,numeric,numeric,N,false,0,false,false
public,owner_payments,10,status,text,text,S,false,'pending'::text,false,false
public,owner_payments,11,paid_date,date,date,D,true,null,false,false
public,owner_payments,12,payment_mode,text,text,S,true,null,false,false
public,owner_payments,13,notes,text,text,S,true,null,false,false
public,owner_payments,14,created_at,timestamp with time zone,timestamptz,D,true,now(),false,false
public,owner_payments,15,actual_due_date,date,date,D,true,null,false,false
public,owner_payments,16,reference_number,text,text,S,true,null,false,false
public,owner_payments,17,bill_date,date,date,D,true,null,false,false
public,owner_payments,18,bank_account_id,uuid,uuid,U,true,null,false,false
public,owners,1,id,uuid,uuid,U,false,gen_random_uuid(),false,false
public,owners,2,organization_id,uuid,uuid,U,false,null,false,false
public,owners,3,full_name,text,text,S,false,null,false,false
public,owners,4,phone,text,text,S,true,null,false,false
public,owners,5,email,text,text,S,true,null,false,false
public,owners,6,pan_number,text,text,S,true,null,false,false
public,owners,7,aadhar_number,text,text,S,true,null,false,false
public,owners,8,address,text,text,S,true,null,false,false
public,owners,9,city,text,text,S,true,null,false,false
public,owners,10,state,text,text,S,true,null,false,false
public,owners,11,pincode,text,text,S,true,null,false,false
public,owners,12,bank_name,text,text,S,true,null,false,false
public,owners,13,bank_account_number,text,text,S,true,null,false,false
public,owners,14,bank_ifsc,text,text,S,true,null,false,false
public,owners,15,gst_number,text,text,S,true,null,false,false
public,owners,16,photo_url,text,text,S,true,null,false,false
public,owners,17,id_proof_url,text,text,S,true,null,false,false
public,owners,18,notes,text,text,S,true,null,false,false
public,owners,19,created_at,timestamp with time zone,timestamptz,D,true,now(),false,false
public,owners,20,status,text,text,S,true,'active'::text,false,false
public,payment_proofs,1,id,uuid,uuid,U,false,gen_random_uuid(),false,false
public,payment_proofs,2,organization_id,uuid,uuid,U,false,null,false,false
public,payment_proofs,3,context,text,text,S,false,null,false,false
public,payment_proofs,4,booking_id,uuid,uuid,U,true,null,false,false
public,payment_proofs,5,tenant_id,uuid,uuid,U,true,null,false,false
public,payment_proofs,6,file_url,text,text,S,false,null,false,false
public,payment_proofs,7,extracted,jsonb,jsonb,U,false,'{}'::jsonb,false,false
public,payment_proofs,8,created_by,uuid,uuid,U,true,null,false,false
public,payment_proofs,9,created_at,timestamp with time zone,timestamptz,D,false,now(),false,false
public,payroll,1,id,uuid,uuid,U,false,gen_random_uuid(),false,false
public,payroll,2,employee_id,uuid,uuid,U,false,null,false,false
public,payroll,3,company_id,uuid,uuid,U,true,null,false,false
public,payroll,4,month,text,text,S,false,null,false,false
public,payroll,5,year,integer,int4,N,false,null,false,false
public,payroll,6,base_salary,"numeric(12,2)",numeric,N,false,null,false,false
public,payroll,7,days_worked,"numeric(5,2)",numeric,N,false,null,false,false
public,payroll,8,total_days,"numeric(5,2)",numeric,N,false,null,false,false
public,payroll,9,non_working_days,"numeric(5,2)",numeric,N,true,null,false,false
public,payroll,10,leave_days,"numeric(5,2)",numeric,N,true,null,false,false
public,payroll,11,approved_leave_days,"numeric(5,2)",numeric,N,true,null,false,false
public,payroll,12,rejected_leave_days,"numeric(5,2)",numeric,N,true,null,false,false
public,payroll,13,half_days,"numeric(5,2)",numeric,N,true,null,false,false
public,payroll,14,working_days_month,"numeric(5,2)",numeric,N,true,null,false,false
public,payroll,15,absent_days,"numeric(5,2)",numeric,N,true,null,false,false
public,payroll,16,hours_worked,"numeric(7,2)",numeric,N,true,null,false,false
public,payroll,17,overtime_hours,"numeric(5,2)",numeric,N,true,null,false,false
public,payroll,18,overtime_pay,"numeric(12,2)",numeric,N,false,0,false,false
public,payroll,19,deductions,"numeric(12,2)",numeric,N,false,0,false,false
public,payroll,20,net_salary,"numeric(12,2)",numeric,N,false,null,false,false
public,payroll,21,bonus,"numeric(12,2)",numeric,N,true,null,false,false
public,payroll,22,status,text,text,S,false,null,false,false
public,payroll,23,paid_date,date,date,D,true,null,false,false
public,payroll,24,payment_mode,text,text,S,true,null,false,false
public,payroll,25,payment_reference,text,text,S,true,null,false,false
public,payroll,26,created_at,timestamp with time zone,timestamptz,D,true,now(),false,false
public,payroll_sync,1,id,uuid,uuid,U,false,gen_random_uuid(),false,false
public,payroll_sync,2,email,text,text,S,false,null,false,false
public,payroll_sync,3,employee_name,text,text,S,true,null,false,false
public,payroll_sync,4,team_member_id,uuid,uuid,U,true,null,false,false
public,payroll_sync,5,organization_id,uuid,uuid,U,true,null,false,false
public,payroll_sync,6,period_start,date,date,D,false,null,false,false
public,payroll_sync,7,period_end,date,date,D,false,null,false,false
public,payroll_sync,8,monthly_salary,numeric,numeric,N,true,0,false,false
public,payroll_sync,9,per_day_salary,numeric,numeric,N,true,0,false,false
public,payroll_sync,10,present_days,numeric,numeric,N,true,0,false,false
public,payroll_sync,11,leave_days,numeric,numeric,N,true,0,false,false
public,payroll_sync,12,absent_days,numeric,numeric,N,true,0,false,false
public,payroll_sync,13,paid_leave_days,numeric,numeric,N,true,0,false,false
public,payroll_sync,14,deducted_days,numeric,numeric,N,true,0,false,false
public,payroll_sync,15,deduction_amount,numeric,numeric,N,true,0,false,false
public,payroll_sync,16,payable_salary,numeric,numeric,N,true,0,false,false
public,payroll_sync,17,synced_at,timestamp with time zone,timestamptz,D,true,now(),false,false
public,profiles,1,id,uuid,uuid,U,false,null,false,false
public,profiles,2,phone,text,text,S,true,null,false,false
public,profiles,3,full_name,text,text,S,true,null,false,false
public,profiles,4,email,text,text,S,true,null,false,false
public,profiles,5,avatar_url,text,text,S,true,null,false,false
public,profiles,6,organization_id,uuid,uuid,U,true,null,false,false
public,profiles,7,created_at,timestamp with time zone,timestamptz,D,true,now(),false,false
public,profiles,8,updated_at,timestamp with time zone,timestamptz,D,true,now(),false,false
public,properties,1,id,uuid,uuid,U,false,gen_random_uuid(),false,false
public,properties,2,organization_id,uuid,uuid,U,false,null,false,false
public,properties,3,property_name,text,text,S,false,null,false,false
public,properties,4,address,text,text,S,true,null,false,false
public,properties,5,city,text,text,S,true,null,false,false
public,properties,6,state,text,text,S,true,null,false,false
public,properties,7,pincode,text,text,S,true,null,false,false
public,properties,8,status,entity_status,entity_status,E,true,'In-Progress'::entity_status,true,false
public,properties,9,created_at,timestamp with time zone,timestamptz,D,true,now(),false,false
public,properties,10,gps_latitude,numeric,numeric,N,true,null,false,false
public,properties,11,gps_longitude,numeric,numeric,N,true,null,false,false
public,properties,12,photo_urls,text[],_text,A,true,null,false,true
public,properties,13,code,text,text,S,true,null,false,false
public,properties,14,start_date,date,date,D,true,null,false,false
public,properties,16,kyc_qr_code,text,text,S,true,null,false,false
public,property_images,1,id,uuid,uuid,U,false,gen_random_uuid(),false,false
public,property_images,2,organization_id,uuid,uuid,U,false,null,false,false
public,property_images,3,property_id,uuid,uuid,U,false,null,false,false
public,property_images,4,image_url,text,text,S,false,null,false,false
public,property_images,5,caption,text,text,S,true,null,false,false
public,property_images,6,display_order,integer,int4,N,false,0,false,false
public,property_images,7,is_cover,boolean,bool,B,false,false,false,false
public,property_images,8,created_at,timestamp with time zone,timestamptz,D,false,now(),false,false
public,purchase_items,1,id,uuid,uuid,U,false,gen_random_uuid(),false,false
public,purchase_items,2,purchase_order_id,uuid,uuid,U,false,null,false,false
public,purchase_items,3,asset_type_id,uuid,uuid,U,false,null,false,false
public,purchase_items,4,quantity,integer,int4,N,false,null,false,false
public,purchase_items,5,unit_price,"numeric(10,2)",numeric,N,false,null,false,false
public,purchase_items,6,created_at,timestamp with time zone,timestamptz,D,true,now(),false,false
public,purchase_items,7,organization_id,uuid,uuid,U,true,null,false,false
public,purchase_orders,1,id,uuid,uuid,U,false,gen_random_uuid(),false,false
public,purchase_orders,2,organization_id,uuid,uuid,U,false,null,false,false
public,purchase_orders,3,vendor_id,uuid,uuid,U,false,null,false,false
public,purchase_orders,4,order_date,date,date,D,true,CURRENT_DATE,false,false
public,purchase_orders,5,total_cost,"numeric(10,2)",numeric,N,true,null,false,false
public,purchase_orders,6,invoice_number,text,text,S,true,null,false,false
public,purchase_orders,7,status,text,text,S,true,'pending'::text,false,false
public,purchase_orders,8,created_at,timestamp with time zone,timestamptz,D,true,now(),false,false
public,receipt_allocations,1,id,uuid,uuid,U,false,gen_random_uuid(),false,false
public,receipt_allocations,2,organization_id,uuid,uuid,U,false,null,false,false
public,receipt_allocations,3,receipt_id,uuid,uuid,U,false,null,false,false
public,receipt_allocations,4,invoice_id,uuid,uuid,U,true,null,false,false
public,receipt_allocations,5,adjustment_id,uuid,uuid,U,true,null,false,false
public,receipt_allocations,6,amount,"numeric(14,2)",numeric,N,false,null,false,false
public,receipt_allocations,7,allocated_at,timestamp with time zone,timestamptz,D,false,now(),false,false
public,receipt_allocations,8,allocated_by,uuid,uuid,U,true,null,false,false
public,receipt_allocations,9,notes,text,text,S,true,null,false,false
public,receipt_number_counters,1,organization_id,uuid,uuid,U,false,null,false,false
public,receipt_number_counters,2,property_id,uuid,uuid,U,false,null,false,false
public,receipt_number_counters,3,fy,text,text,S,false,null,false,false
public,receipt_number_counters,4,month,integer,int4,N,false,null,false,false
public,receipt_number_counters,5,last_seq,integer,int4,N,false,0,false,false
public,receipt_number_counters,6,updated_at,timestamp with time zone,timestamptz,D,false,now(),false,false
public,receipts,1,id,uuid,uuid,U,false,gen_random_uuid(),false,false
public,receipts,2,organization_id,uuid,uuid,U,false,null,false,false
public,receipts,4,payment_date,date,date,D,true,CURRENT_DATE,false,false
public,receipts,5,payment_mode,text,text,S,true,null,false,false
public,receipts,6,amount_paid,"numeric(10,2)",numeric,N,false,null,false,false
public,receipts,7,created_at,timestamp with time zone,timestamptz,D,true,now(),false,false
public,receipts,8,receipt_number,text,text,S,true,null,false,false
public,receipts,9,bank_account_id,uuid,uuid,U,true,null,false,false
public,receipts,10,reference_number,text,text,S,true,null,false,false
public,receipts,11,tenant_allotment_id,uuid,uuid,U,true,null,false,false
public,receipts,12,tenant_id,uuid,uuid,U,true,null,false,false
public,receipts,13,receipt_type,text,text,S,true,'payment'::text,false,false
public,receipts,14,base_amount,numeric,numeric,N,true,0,false,false
public,receipts,15,processing_fee,numeric,numeric,N,true,0,false,false
public,receipts,19,is_deleted,boolean,bool,B,true,false,false,false
public,receipts,20,is_locked,boolean,bool,B,true,false,false,false
public,receipts,21,locked_by,uuid,uuid,U,true,null,false,false
public,receipts_dedup_audit,1,id,uuid,uuid,U,false,gen_random_uuid(),false,false
public,receipts_dedup_audit,2,organization_id,uuid,uuid,U,false,null,false,false
public,receipts_dedup_audit,3,tenant_id,uuid,uuid,U,false,null,false,false
public,receipts_dedup_audit,4,payment_date,date,date,D,false,null,false,false
public,receipts_dedup_audit,5,amount_paid,numeric,numeric,N,false,null,false,false
public,receipts_dedup_audit,6,reference_number,text,text,S,true,null,false,false
public,receipts_dedup_audit,7,duplicate_count,integer,int4,N,false,null,false,false
public,receipts_dedup_audit,8,receipt_ids,uuid[],_uuid,A,false,null,false,true
public,receipts_dedup_audit,9,detected_at,timestamp with time zone,timestamptz,D,false,now(),false,false
public,regular_maintenance_rules,1,id,uuid,uuid,U,false,gen_random_uuid(),false,false
public,regular_maintenance_rules,2,organization_id,uuid,uuid,U,false,null,false,false
public,regular_maintenance_rules,3,issue_type_id,uuid,uuid,U,false,null,false,false
public,regular_maintenance_rules,4,maintenance_type,text,text,S,false,null,false,false
public,regular_maintenance_rules,5,frequency,text,text,S,false,null,false,false
public,regular_maintenance_rules,6,asset_type_id,uuid,uuid,U,true,null,false,false
public,regular_maintenance_rules,7,property_id,uuid,uuid,U,true,null,false,false
public,regular_maintenance_rules,8,apartment_id,uuid,uuid,U,true,null,false,false
public,regular_maintenance_rules,9,start_date,date,date,D,false,null,false,false
public,regular_maintenance_rules,10,last_run_at,timestamp with time zone,timestamptz,D,true,null,false,false
public,regular_maintenance_rules,11,next_run_at,timestamp with time zone,timestamptz,D,true,null,false,false
public,regular_maintenance_rules,12,is_active,boolean,bool,B,false,true,false,false
public,regular_maintenance_rules,13,auto_assign,boolean,bool,B,false,true,false,false
public,regular_maintenance_rules,14,created_by,uuid,uuid,U,true,null,false,false
public,regular_maintenance_rules,15,created_at,timestamp with time zone,timestamptz,D,true,now(),false,false
public,replacement_forecasts,1,id,uuid,uuid,U,false,gen_random_uuid(),false,false
public,replacement_forecasts,2,asset_id,uuid,uuid,U,false,null,false,false
public,replacement_forecasts,3,expected_replacement_date,date,date,D,true,null,false,false
public,replacement_forecasts,4,replacement_cost,"numeric(10,2)",numeric,N,true,null,false,false
public,replacement_forecasts,5,urgency_level,text,text,S,true,'normal'::text,false,false
public,replacement_forecasts,6,created_at,timestamp with time zone,timestamptz,D,true,now(),false,false
public,replacement_forecasts,7,organization_id,uuid,uuid,U,true,null,false,false
public,role_permissions,1,id,uuid,uuid,U,false,gen_random_uuid(),false,false
public,role_permissions,2,organization_id,uuid,uuid,U,false,null,false,false
public,role_permissions,3,role,text,text,S,false,null,false,false
public,role_permissions,4,module,text,text,S,false,null,false,false
public,role_permissions,5,can_create,boolean,bool,B,false,false,false,false
public,role_permissions,6,can_read,boolean,bool,B,false,false,false,false
public,role_permissions,7,can_update,boolean,bool,B,false,false,false,false
public,role_permissions,8,can_delete,boolean,bool,B,false,false,false,false
public,role_permissions,9,created_at,timestamp with time zone,timestamptz,D,true,now(),false,false
public,role_permissions,10,updated_at,timestamp with time zone,timestamptz,D,true,now(),false,false
public,room_switches,1,id,uuid,uuid,U,false,gen_random_uuid(),false,false
public,room_switches,2,organization_id,uuid,uuid,U,false,null,false,false
public,room_switches,3,tenant_id,uuid,uuid,U,false,null,false,false
public,room_switches,4,allotment_id,uuid,uuid,U,false,null,false,false
public,room_switches,5,old_bed_id,uuid,uuid,U,false,null,false,false
public,room_switches,6,new_bed_id,uuid,uuid,U,false,null,false,false
public,room_switches,7,switch_type,text,text,S,false,'immediate'::text,false,false
public,room_switches,8,switch_date,date,date,D,false,CURRENT_DATE,false,false
public,room_switches,9,effective_date,date,date,D,true,null,false,false
public,room_switches,10,rent_difference,numeric,numeric,N,true,0,false,false
public,room_switches,11,adjustment_type,text,text,S,true,null,false,false
public,room_switches,12,status,text,text,S,true,'completed'::text,false,false
public,room_switches,13,notes,text,text,S,true,null,false,false
public,room_switches,14,created_at,timestamp with time zone,timestamptz,D,true,now(),false,false
public,room_switches,15,old_allotment_id,uuid,uuid,U,true,null,false,false
public,room_switches,16,new_allotment_id,uuid,uuid,U,true,null,false,false
public,room_switches,17,old_property_id,uuid,uuid,U,true,null,false,false
public,room_switches,18,new_property_id,uuid,uuid,U,true,null,false,false
public,room_switches,19,old_apartment_id,uuid,uuid,U,true,null,false,false
public,room_switches,20,new_apartment_id,uuid,uuid,U,true,null,false,false
public,room_switches,21,old_rent,numeric,numeric,N,true,0,false,false
public,room_switches,22,new_rent,numeric,numeric,N,true,0,false,false
public,room_switches,23,deposit_difference,numeric,numeric,N,true,0,false,false
public,room_switches,24,eb_charges,numeric,numeric,N,true,0,false,false
public,room_switches,25,completed_at,timestamp with time zone,timestamptz,D,true,null,false,false
public,room_switches,26,cancelled_at,timestamp with time zone,timestamptz,D,true,null,false,false
public,room_switches,27,completed_by,uuid,uuid,U,true,null,false,false
public,room_switches,28,cancelled_by,uuid,uuid,U,true,null,false,false
public,running_bed_maintenance_details,1,id,uuid,uuid,U,false,gen_random_uuid(),false,false
public,running_bed_maintenance_details,2,organization_id,uuid,uuid,U,false,null,false,false
public,running_bed_maintenance_details,3,ticket_id,uuid,uuid,U,true,null,false,false
public,running_bed_maintenance_details,4,purchase_id,uuid,uuid,U,true,null,false,false
public,running_bed_maintenance_details,5,tenant_id,uuid,uuid,U,true,null,false,false
public,running_bed_maintenance_details,6,bed_id,uuid,uuid,U,true,null,false,false
public,running_bed_maintenance_details,7,apartment_id,uuid,uuid,U,true,null,false,false
public,running_bed_maintenance_details,8,property_id,uuid,uuid,U,true,null,false,false
public,running_bed_maintenance_details,9,item_name,text,text,S,true,null,false,false
public,running_bed_maintenance_details,10,quantity,integer,int4,N,true,1,false,false
public,running_bed_maintenance_details,11,unit_price,numeric,numeric,N,true,0,false,false
public,running_bed_maintenance_details,12,actual_cost,numeric,numeric,N,true,0,false,false
public,running_bed_maintenance_details,13,vendor_name,text,text,S,true,null,false,false
public,running_bed_maintenance_details,14,cost_scope,text,text,S,true,'bed'::text,false,false
public,running_bed_maintenance_details,15,distributed_amount,numeric,numeric,N,true,0,false,false
public,running_bed_maintenance_details,16,billing_month,text,text,S,true,null,false,false
public,running_bed_maintenance_details,17,maintenance_type,text,text,S,true,null,false,false
public,running_bed_maintenance_details,18,parts_details,jsonb,jsonb,U,true,'[]'::jsonb,false,false
public,running_bed_maintenance_details,19,diagnosis_summary,text,text,S,true,null,false,false
public,running_bed_maintenance_details,20,notes,text,text,S,true,null,false,false
public,running_bed_maintenance_details,21,created_at,timestamp with time zone,timestamptz,D,true,now(),false,false
public,running_bed_maintenance_details,22,distributed_beds,jsonb,jsonb,U,true,'{}'::jsonb,false,false
public,subscription_plans,1,id,uuid,uuid,U,false,gen_random_uuid(),false,false
public,subscription_plans,2,plan_name,text,text,S,false,null,false,false
public,subscription_plans,3,display_name,text,text,S,false,null,false,false
public,subscription_plans,4,description,text,text,S,true,null,false,false
public,subscription_plans,5,price_monthly,numeric,numeric,N,true,0,false,false
public,subscription_plans,6,price_yearly,numeric,numeric,N,true,0,false,false
public,subscription_plans,7,max_properties,integer,int4,N,true,1,false,false
public,subscription_plans,8,max_apartments,integer,int4,N,true,10,false,false
public,subscription_plans,9,max_beds,integer,int4,N,true,50,false,false
public,subscription_plans,10,max_users,integer,int4,N,true,3,false,false
public,subscription_plans,11,max_tenants,integer,int4,N,true,50,false,false
public,subscription_plans,12,feature_flags,jsonb,jsonb,U,true,'{}'::jsonb,false,false
public,subscription_plans,13,is_active,boolean,bool,B,true,true,false,false
public,subscription_plans,14,sort_order,integer,int4,N,true,0,false,false
public,subscription_plans,15,created_at,timestamp with time zone,timestamptz,D,true,now(),false,false
public,tab_permissions,1,id,uuid,uuid,U,false,gen_random_uuid(),false,false
public,tab_permissions,2,organization_id,uuid,uuid,U,false,null,false,false
public,tab_permissions,3,role,text,text,S,false,null,false,false
public,tab_permissions,4,module,text,text,S,false,null,false,false
public,tab_permissions,5,tab_key,text,text,S,false,null,false,false
public,tab_permissions,6,is_visible,boolean,bool,B,false,true,false,false
public,tab_permissions,7,created_at,timestamp with time zone,timestamptz,D,true,now(),false,false
public,tab_permissions,8,updated_at,timestamp with time zone,timestamptz,D,true,now(),false,false
public,tab_permissions,9,can_create,boolean,bool,B,false,false,false,false
public,tab_permissions,10,can_read,boolean,bool,B,false,true,false,false
public,tab_permissions,11,can_update,boolean,bool,B,false,false,false,false
public,tab_permissions,12,can_delete,boolean,bool,B,false,false,false,false
public,team_attendance,1,id,uuid,uuid,U,false,gen_random_uuid(),false,false
public,team_attendance,2,organization_id,uuid,uuid,U,false,null,false,false
public,team_attendance,3,team_member_id,uuid,uuid,U,false,null,false,false
public,team_attendance,4,date,date,date,D,false,null,false,false
public,team_attendance,5,status,text,text,S,false,'present'::text,false,false
public,team_attendance,6,check_in,time without time zone,time,D,true,null,false,false
public,team_attendance,7,check_out,time without time zone,time,D,true,null,false,false
public,team_attendance,8,notes,text,text,S,true,null,false,false
public,team_attendance,9,created_at,timestamp with time zone,timestamptz,D,true,now(),false,false
public,team_attendance,10,email,text,text,S,true,null,false,false
public,team_attendance,11,convex_record_id,text,text,S,true,null,false,false
public,team_attendance,12,attendance_id,uuid,uuid,U,false,gen_random_uuid(),false,false
public,team_attendance,13,overtime_hours,numeric,numeric,N,true,null,false,false
public,team_departments,1,id,uuid,uuid,U,false,gen_random_uuid(),false,false
public,team_departments,2,organization_id,uuid,uuid,U,false,null,false,false
public,team_departments,3,name,text,text,S,false,null,false,false
public,team_departments,4,is_deleted,boolean,bool,B,false,false,false,false
public,team_departments,5,created_at,timestamp with time zone,timestamptz,D,false,now(),false,false
public,team_departments,6,updated_at,timestamp with time zone,timestamptz,D,false,now(),false,false
public,team_departments,7,attendance_exempt,boolean,bool,B,false,false,false,false
public,team_members,1,id,uuid,uuid,U,false,gen_random_uuid(),false,false
public,team_members,2,organization_id,uuid,uuid,U,false,null,false,false
public,team_members,3,user_id,uuid,uuid,U,true,null,false,false
public,team_members,4,first_name,text,text,S,false,null,false,false
public,team_members,5,last_name,text,text,S,false,null,false,false
public,team_members,6,gender,text,text,S,true,null,false,false
public,team_members,7,phone,text,text,S,false,null,false,false
public,team_members,8,email,text,text,S,false,null,false,false
public,team_members,9,date_of_birth,date,date,D,true,null,false,false
public,team_members,10,designation,text,text,S,true,null,false,false
public,team_members,11,department,text,text,S,true,null,false,false
public,team_members,12,joining_date,date,date,D,true,null,false,false
public,team_members,13,id_proof_type,text,text,S,true,null,false,false
public,team_members,14,id_proof_number,text,text,S,true,null,false,false
public,team_members,15,id_proof_url,text,text,S,true,null,false,false
public,team_members,16,photo_url,text,text,S,true,null,false,false
public,team_members,17,pan_number,text,text,S,true,null,false,false
public,team_members,18,aadhar_number,text,text,S,true,null,false,false
public,team_members,19,address,text,text,S,true,null,false,false
public,team_members,20,city,text,text,S,true,null,false,false
public,team_members,21,state,text,text,S,true,null,false,false
public,team_members,22,pincode,text,text,S,true,null,false,false
public,team_members,23,bank_name,text,text,S,true,null,false,false
public,team_members,24,bank_account_number,text,text,S,true,null,false,false
public,team_members,25,bank_ifsc,text,text,S,true,null,false,false
public,team_members,26,emergency_contact_name,text,text,S,true,null,false,false
public,team_members,27,emergency_contact_phone,text,text,S,true,null,false,false
public,team_members,28,salary_amount,numeric,numeric,N,true,0,false,false
public,team_members,29,status,text,text,S,true,'active'::text,false,false
public,team_members,30,created_at,timestamp with time zone,timestamptz,D,true,now(),false,false
public,team_members,31,exit_date,date,date,D,true,null,false,false
public,team_members,32,exit_type,text,text,S,true,null,false,false
public,team_members,33,exit_reason,text,text,S,true,null,false,false
public,team_members,34,free_leave_days,integer,int4,N,true,0,false,false
public,team_members,35,department_id,uuid,uuid,U,true,null,false,false
public,team_members,36,work_start_time,time without time zone,time,D,false,'09:00:00'::time without time zone,false,false
public,team_members,37,work_hours_per_day,numeric,numeric,N,false,8,false,false
public,team_payments,1,id,uuid,uuid,U,false,gen_random_uuid(),false,false
public,team_payments,2,organization_id,uuid,uuid,U,false,null,false,false
public,team_payments,3,team_member_id,uuid,uuid,U,false,null,false,false
public,team_payments,4,payment_type,text,text,S,false,'salary'::text,false,false
public,team_payments,5,amount,numeric,numeric,N,false,null,false,false
public,team_payments,6,payment_date,date,date,D,true,CURRENT_DATE,false,false
public,team_payments,7,payment_month,text,text,S,true,null,false,false
public,team_payments,8,payment_mode,text,text,S,true,null,false,false
public,team_payments,9,notes,text,text,S,true,null,false,false
public,team_payments,10,created_at,timestamp with time zone,timestamptz,D,true,now(),false,false
public,team_salary_bills,1,id,uuid,uuid,U,false,gen_random_uuid(),false,false
public,team_salary_bills,2,organization_id,uuid,uuid,U,false,null,false,false
public,team_salary_bills,3,team_member_id,uuid,uuid,U,false,null,false,false
public,team_salary_bills,4,month,text,text,S,false,null,false,false
public,team_salary_bills,5,working_days,integer,int4,N,false,26,false,false
public,team_salary_bills,6,present_days,integer,int4,N,false,0,false,false
public,team_salary_bills,7,base_salary,numeric,numeric,N,false,0,false,false
public,team_salary_bills,8,earned_salary,numeric,numeric,N,true,"round(((base_salary / (NULLIF(working_days, 0))::numeric) * (present_days)::numeric), 2)",false,false
public,team_salary_bills,9,advance_deducted,numeric,numeric,N,false,0,false,false
public,team_salary_bills,10,other_deductions,numeric,numeric,N,false,0,false,false
public,team_salary_bills,11,net_payable,numeric,numeric,N,true,"round(((((base_salary / (NULLIF(working_days, 0))::numeric) * (present_days)::numeric) - advance_deducted) - other_deductions), 2)",false,false
public,team_salary_bills,12,status,text,text,S,false,'draft'::text,false,false
public,team_salary_bills,13,notes,text,text,S,true,null,false,false
public,team_salary_bills,14,created_at,timestamp with time zone,timestamptz,D,true,now(),false,false
public,tenant_absence_records,1,id,uuid,uuid,U,false,gen_random_uuid(),false,false
public,tenant_absence_records,2,organization_id,uuid,uuid,U,false,null,false,false
public,tenant_absence_records,3,tenant_id,uuid,uuid,U,false,null,false,false
public,tenant_absence_records,4,allotment_id,uuid,uuid,U,true,null,false,false
public,tenant_absence_records,5,from_date,date,date,D,false,null,false,false
public,tenant_absence_records,6,to_date,date,date,D,false,null,false,false
public,tenant_absence_records,7,reason,text,text,S,true,null,false,false
public,tenant_absence_records,8,created_by,uuid,uuid,U,true,null,false,false
public,tenant_absence_records,9,created_at,timestamp with time zone,timestamptz,D,true,now(),false,false
public,tenant_adjustments,1,id,uuid,uuid,U,false,gen_random_uuid(),false,false
public,tenant_adjustments,2,organization_id,uuid,uuid,U,false,null,false,false
public,tenant_adjustments,3,tenant_id,uuid,uuid,U,false,null,false,false
public,tenant_adjustments,4,allotment_id,uuid,uuid,U,true,null,false,false
public,tenant_adjustments,5,adjustment_type,text,text,S,false,null,false,false
public,tenant_adjustments,6,amount,numeric,numeric,N,false,0,false,false
public,tenant_adjustments,7,reason,text,text,S,true,null,false,false
public,tenant_adjustments,8,reference_number,text,text,S,true,null,false,false
public,tenant_adjustments,9,adjustment_date,date,date,D,false,CURRENT_DATE,false,false
public,tenant_adjustments,10,billing_month,text,text,S,true,null,false,false
public,tenant_adjustments,11,property_id,uuid,uuid,U,true,null,false,false
public,tenant_adjustments,12,apartment_id,uuid,uuid,U,true,null,false,false
public,tenant_adjustments,13,bed_id,uuid,uuid,U,true,null,false,false
public,tenant_adjustments,14,created_by,uuid,uuid,U,true,null,false,false
public,tenant_adjustments,15,created_at,timestamp with time zone,timestamptz,D,true,now(),false,false
public,tenant_adjustments,16,is_deleted,boolean,bool,B,true,false,false,false
public,tenant_adjustments,17,category,text,text,S,false,'others'::text,false,false
public,tenant_adjustments,18,reference_type,text,text,S,true,null,false,false
public,tenant_adjustments,19,reference_id,uuid,uuid,U,true,null,false,false
public,tenant_adjustments,20,is_locked,boolean,bool,B,true,false,false,false
public,tenant_adjustments,21,locked_by,uuid,uuid,U,true,null,false,false
public,tenant_allotments,1,id,uuid,uuid,U,false,gen_random_uuid(),false,false
public,tenant_allotments,2,organization_id,uuid,uuid,U,false,null,false,false
public,tenant_allotments,3,tenant_id,uuid,uuid,U,false,null,false,false
public,tenant_allotments,4,property_id,uuid,uuid,U,false,null,false,false
public,tenant_allotments,5,apartment_id,uuid,uuid,U,false,null,false,false
public,tenant_allotments,6,bed_id,uuid,uuid,U,false,null,false,false
public,tenant_allotments,7,booking_date,date,date,D,true,null,false,false
public,tenant_allotments,8,onboarding_date,date,date,D,true,null,false,false
public,tenant_allotments,9,estimated_exit_date,date,date,D,true,null,false,false
public,tenant_allotments,10,actual_exit_date,date,date,D,true,null,false,false
public,tenant_allotments,11,monthly_rental,"numeric(10,2)",numeric,N,true,null,false,false
public,tenant_allotments,12,deposit_paid,"numeric(10,2)",numeric,N,true,0,false,false
public,tenant_allotments,13,discount,"numeric(10,2)",numeric,N,true,0,false,false
public,tenant_allotments,14,staying_status,staying_status,staying_status,E,true,'Booked'::staying_status,true,false
public,tenant_allotments,15,created_at,timestamp with time zone,timestamptz,D,true,now(),false,false
public,tenant_allotments,16,notice_date,date,date,D,true,null,false,false
public,tenant_allotments,17,onboarding_charges,numeric,numeric,N,true,0,false,false
public,tenant_allotments,19,prorated_rent,numeric,numeric,N,true,0,false,false
public,tenant_allotments,20,total_due,numeric,numeric,N,true,0,false,false
public,tenant_allotments,21,paid_amount,numeric,numeric,N,true,0,false,false
public,tenant_allotments,22,balance_due,numeric,numeric,N,true,0,false,false
public,tenant_allotments,23,payment_status,text,text,S,true,'pending'::text,false,false
public,tenant_allotments,24,expected_payment_date,date,date,D,true,null,false,false
public,tenant_allotments,25,kyc_front_url,text,text,S,true,null,false,false
public,tenant_allotments,26,kyc_back_url,text,text,S,true,null,false,false
public,tenant_allotments,27,premium,numeric,numeric,N,true,0,false,false
public,tenant_allotments,28,processing_fee,numeric,numeric,N,true,0,false,false
public,tenant_allotments,29,expected_stay_days,integer,int4,N,true,null,false,false
public,tenant_document_history,1,id,uuid,uuid,U,false,gen_random_uuid(),false,false
public,tenant_document_history,2,organization_id,uuid,uuid,U,false,null,false,false
public,tenant_document_history,3,tenant_id,uuid,uuid,U,true,null,false,false
public,tenant_document_history,4,allotment_id,uuid,uuid,U,true,null,false,false
public,tenant_document_history,5,doc_slot,text,text,S,false,null,false,false
public,tenant_document_history,6,old_url,text,text,S,false,null,false,false
public,tenant_document_history,7,new_url,text,text,S,true,null,false,false
public,tenant_document_history,8,replaced_at,timestamp with time zone,timestamptz,D,false,now(),false,false
public,tenant_document_history,9,replaced_by,uuid,uuid,U,true,null,false,false
public,tenant_exits,1,id,uuid,uuid,U,false,gen_random_uuid(),false,false
public,tenant_exits,2,organization_id,uuid,uuid,U,false,null,false,false
public,tenant_exits,3,tenant_id,uuid,uuid,U,false,null,false,false
public,tenant_exits,4,allotment_id,uuid,uuid,U,false,null,false,false
public,tenant_exits,5,bed_id,uuid,uuid,U,false,null,false,false
public,tenant_exits,6,exit_date,date,date,D,false,CURRENT_DATE,false,false
public,tenant_exits,7,has_notice,boolean,bool,B,true,false,false,false
public,tenant_exits,8,room_inspection,boolean,bool,B,true,false,false,false
public,tenant_exits,9,key_returned,boolean,bool,B,true,true,false,false
public,tenant_exits,10,damage_charges,numeric,numeric,N,true,0,false,false
public,tenant_exits,11,key_loss_fee,numeric,numeric,N,true,0,false,false
public,tenant_exits,12,exit_charges,numeric,numeric,N,true,0,false,false
public,tenant_exits,13,eb_charges,numeric,numeric,N,true,0,false,false
public,tenant_exits,14,pending_rent,numeric,numeric,N,true,0,false,false
public,tenant_exits,15,total_deductions,numeric,numeric,N,true,0,false,false
public,tenant_exits,16,advance_held,numeric,numeric,N,true,0,false,false
public,tenant_exits,17,refund_due,numeric,numeric,N,true,0,false,false
public,tenant_exits,18,refund_status,text,text,S,true,'pending'::text,false,false
public,tenant_exits,19,refund_date,date,date,D,true,null,false,false
public,tenant_exits,20,notes,text,text,S,true,null,false,false
public,tenant_exits,21,created_at,timestamp with time zone,timestamptz,D,true,now(),false,false
public,tenant_exits,22,is_deleted,boolean,bool,B,true,false,false,false
public,tenant_exits,23,refund_reference,text,text,S,true,null,false,false
public,tenant_exits,24,refund_bank_id,uuid,uuid,U,true,null,false,false
public,tenant_exits,25,refund_proof_url,text,text,S,true,null,false,false
public,tenant_notices,1,id,uuid,uuid,U,false,gen_random_uuid(),false,false
public,tenant_notices,2,organization_id,uuid,uuid,U,false,null,false,false
public,tenant_notices,3,tenant_id,uuid,uuid,U,false,null,false,false
public,tenant_notices,4,allotment_id,uuid,uuid,U,false,null,false,false
public,tenant_notices,5,bed_id,uuid,uuid,U,false,null,false,false
public,tenant_notices,6,notice_date,date,date,D,false,CURRENT_DATE,false,false
public,tenant_notices,7,exit_date,date,date,D,false,null,false,false
public,tenant_notices,8,actual_exit_date,date,date,D,true,null,false,false
public,tenant_notices,9,status,text,text,S,true,'active'::text,false,false
public,tenant_notices,10,notes,text,text,S,true,null,false,false
public,tenant_notices,11,created_at,timestamp with time zone,timestamptz,D,true,now(),false,false
public,tenant_remarks,1,id,uuid,uuid,U,false,gen_random_uuid(),false,false
public,tenant_remarks,2,organization_id,uuid,uuid,U,false,null,false,false
public,tenant_remarks,3,tenant_id,uuid,uuid,U,false,null,false,false
public,tenant_remarks,4,remark_type,text,text,S,false,null,false,false
public,tenant_remarks,5,title,text,text,S,false,null,false,false
public,tenant_remarks,6,description,text,text,S,true,null,false,false
public,tenant_remarks,7,severity,text,text,S,true,'medium'::text,false,false
public,tenant_remarks,8,created_by,uuid,uuid,U,true,null,false,false
public,tenant_remarks,9,created_at,timestamp with time zone,timestamptz,D,true,now(),false,false
public,tenant_transactions,1,id,uuid,uuid,U,false,gen_random_uuid(),false,false
public,tenant_transactions,2,tenant_id,uuid,uuid,U,false,null,false,false
public,tenant_transactions,3,allotment_id,uuid,uuid,U,false,null,false,false
public,tenant_transactions,4,date,date,date,D,false,null,false,false
public,tenant_transactions,5,amount,numeric,numeric,N,false,null,false,false
public,tenant_transactions,6,direction,text,text,S,false,null,false,false
public,tenant_transactions,7,ledger_type,text,text,S,false,null,false,false
public,tenant_transactions,8,category,text,text,S,false,null,false,false
public,tenant_transactions,9,reference_table,text,text,S,true,null,false,false
public,tenant_transactions,10,reference_id,uuid,uuid,U,true,null,false,false
public,tenant_transactions,11,description,text,text,S,true,null,false,false
public,tenant_transactions,12,metadata,jsonb,jsonb,U,true,'{}'::jsonb,false,false
public,tenant_transactions,13,organization_id,uuid,uuid,U,false,null,false,false
public,tenant_transactions,14,created_at,timestamp with time zone,timestamptz,D,true,now(),false,false
public,tenants,1,id,uuid,uuid,U,false,gen_random_uuid(),false,false
public,tenants,2,organization_id,uuid,uuid,U,false,null,false,false
public,tenants,3,user_id,uuid,uuid,U,true,null,false,false
public,tenants,4,full_name,text,text,S,false,null,false,false
public,tenants,5,phone,text,text,S,false,null,false,false
public,tenants,6,email,text,text,S,true,null,false,false
public,tenants,7,date_of_birth,date,date,D,true,null,false,false
public,tenants,8,gender,text,text,S,true,null,false,false
public,tenants,9,id_proof_type,text,text,S,true,null,false,false
public,tenants,10,id_proof_number,text,text,S,true,null,false,false
public,tenants,11,id_proof_url,text,text,S,true,null,false,false
public,tenants,12,permanent_address,text,text,S,true,null,false,false
public,tenants,13,company_name,text,text,S,true,null,false,false
public,tenants,14,company_address,text,text,S,true,null,false,false
public,tenants,15,designation,text,text,S,true,null,false,false
public,tenants,16,emergency_contact_name,text,text,S,true,null,false,false
public,tenants,17,emergency_contact_phone,text,text,S,true,null,false,false
public,tenants,18,photo_url,text,text,S,true,null,false,false
public,tenants,19,kyc_completed,boolean,bool,B,true,false,false,false
public,tenants,20,created_at,timestamp with time zone,timestamptz,D,true,now(),false,false
public,tenants,21,first_name,text,text,S,false,''::text,false,false
public,tenants,22,last_name,text,text,S,true,''::text,false,false
public,tenants,23,staying_status,text,text,S,true,'new'::text,false,false
public,tenants,24,food_preference,text,text,S,true,null,false,false
public,tenants,25,relation_type,text,text,S,true,null,false,false
public,tenants,26,relation_name,text,text,S,true,null,false,false
public,tenants,27,city,text,text,S,true,null,false,false
public,tenants,28,pincode,text,text,S,true,null,false,false
public,tenants,29,state,text,text,S,true,null,false,false
public,tenants,30,age,integer,int4,N,true,null,false,false
public,tenants,31,profession,text,text,S,true,null,false,false
public,tenants,32,company_city,text,text,S,true,null,false,false
public,tenants,33,company_pincode,text,text,S,true,null,false,false
public,tenants,34,company_state,text,text,S,true,null,false,false
public,tenants,35,date_of_joining,date,date,D,true,null,false,false
public,tenants,36,course,text,text,S,true,null,false,false
public,tenants,37,id_card_url,text,text,S,true,null,false,false
public,tenants,38,emergency_contact_relationship,text,text,S,true,null,false,false
public,tenants,39,bank_name,text,text,S,true,null,false,false
public,tenants,40,bank_branch,text,text,S,true,null,false,false
public,tenants,41,bank_account_number,text,text,S,true,null,false,false
public,tenants,42,bank_account_holder,text,text,S,true,null,false,false
public,tenants,43,bank_ifsc,text,text,S,true,null,false,false
public,tenants,44,aadhar_number,text,text,S,true,null,false,false
public,tenants,45,pan_number,text,text,S,true,null,false,false
public,tenants,46,gst_number,text,text,S,true,null,false,false
public,tenants,47,gst_name,text,text,S,true,null,false,false
public,tenants,48,aadhar_image_url,text,text,S,true,null,false,false
public,tenants,49,address,text,text,S,true,null,false,false
public,tenants,50,emergency_contact_relation,text,text,S,true,null,false,false
public,tenants,51,tenant_rating,numeric,numeric,N,true,null,false,false
public,tenants,52,rating_last_computed,timestamp with time zone,timestamptz,D,true,null,false,false
public,tenants,54,property_id,uuid,uuid,U,true,null,false,false
public,tenants,55,upi_id,text,text,S,true,null,false,false
public,ticket_assignment_rules,1,id,uuid,uuid,U,false,gen_random_uuid(),false,false
public,ticket_assignment_rules,2,issue_type_id,uuid,uuid,U,true,null,false,false
public,ticket_assignment_rules,3,assigned_employee_id,uuid,uuid,U,false,null,false,false
public,ticket_assignment_rules,4,priority,integer,int4,N,true,1,false,false
public,ticket_assignment_rules,5,organization_id,uuid,uuid,U,true,null,false,false
public,ticket_assignment_rules,6,created_at,timestamp with time zone,timestamptz,D,true,now(),false,false
public,ticket_assignment_rules,7,rule_type,text,text,S,false,'issue_type'::text,false,false
public,ticket_assignment_rules,8,apartment_code,text,text,S,true,null,false,false
public,ticket_cost_estimates,1,id,uuid,uuid,U,false,gen_random_uuid(),false,false
public,ticket_cost_estimates,2,ticket_id,uuid,uuid,U,false,null,false,false
public,ticket_cost_estimates,3,organization_id,uuid,uuid,U,false,null,false,false
public,ticket_cost_estimates,4,item_name,text,text,S,false,null,false,false
public,ticket_cost_estimates,5,cost_type,text,text,S,false,'parts'::text,false,false
public,ticket_cost_estimates,6,quantity,integer,int4,N,false,1,false,false
public,ticket_cost_estimates,7,unit_price,numeric,numeric,N,false,0,false,false
public,ticket_cost_estimates,8,total,numeric,numeric,N,false,0,false,false
public,ticket_cost_estimates,9,status,text,text,S,false,'pending'::text,false,false
public,ticket_cost_estimates,10,submitted_by,uuid,uuid,U,true,null,false,false
public,ticket_cost_estimates,11,approved_by,uuid,uuid,U,true,null,false,false
public,ticket_cost_estimates,12,decline_reason,text,text,S,true,null,false,false
public,ticket_cost_estimates,13,approved_at,timestamp with time zone,timestamptz,D,true,null,false,false
public,ticket_cost_estimates,14,created_at,timestamp with time zone,timestamptz,D,true,now(),false,false
public,ticket_cost_estimates,15,item_type,text,text,S,true,null,false,false
public,ticket_cost_estimates,16,price,numeric,numeric,N,true,null,false,false
public,ticket_cost_estimates,17,updated_at,timestamp with time zone,timestamptz,D,true,now(),false,false
public,ticket_cost_estimates,18,is_auto_approved,boolean,bool,B,true,false,false,false
public,ticket_cost_estimates,19,auto_approval_reason,text,text,S,true,null,false,false
public,ticket_cost_estimates,20,repeat_job_alert,boolean,bool,B,true,false,false,false
public,ticket_cost_estimates,21,repeat_job_previous_ticket_id,uuid,uuid,U,true,null,false,false
public,ticket_cost_estimates_dedupe_backup_20260715,1,id,uuid,uuid,U,true,null,false,false
public,ticket_cost_estimates_dedupe_backup_20260715,2,ticket_id,uuid,uuid,U,true,null,false,false
public,ticket_cost_estimates_dedupe_backup_20260715,3,organization_id,uuid,uuid,U,true,null,false,false
public,ticket_cost_estimates_dedupe_backup_20260715,4,item_name,text,text,S,true,null,false,false
public,ticket_cost_estimates_dedupe_backup_20260715,5,cost_type,text,text,S,true,null,false,false
public,ticket_cost_estimates_dedupe_backup_20260715,6,quantity,integer,int4,N,true,null,false,false
public,ticket_cost_estimates_dedupe_backup_20260715,7,unit_price,numeric,numeric,N,true,null,false,false
public,ticket_cost_estimates_dedupe_backup_20260715,8,total,numeric,numeric,N,true,null,false,false
public,ticket_cost_estimates_dedupe_backup_20260715,9,status,text,text,S,true,null,false,false
public,ticket_cost_estimates_dedupe_backup_20260715,10,submitted_by,uuid,uuid,U,true,null,false,false
public,ticket_cost_estimates_dedupe_backup_20260715,11,approved_by,uuid,uuid,U,true,null,false,false
public,ticket_cost_estimates_dedupe_backup_20260715,12,decline_reason,text,text,S,true,null,false,false
public,ticket_cost_estimates_dedupe_backup_20260715,13,approved_at,timestamp with time zone,timestamptz,D,true,null,false,false
public,ticket_cost_estimates_dedupe_backup_20260715,14,created_at,timestamp with time zone,timestamptz,D,true,null,false,false
public,ticket_cost_estimates_dedupe_backup_20260715,15,item_type,text,text,S,true,null,false,false
public,ticket_cost_estimates_dedupe_backup_20260715,16,price,numeric,numeric,N,true,null,false,false
public,ticket_cost_estimates_dedupe_backup_20260715,17,updated_at,timestamp with time zone,timestamptz,D,true,null,false,false
public,ticket_cost_estimates_dedupe_backup_20260715,18,is_auto_approved,boolean,bool,B,true,null,false,false
public,ticket_cost_estimates_dedupe_backup_20260715,19,auto_approval_reason,text,text,S,true,null,false,false
public,ticket_cost_estimates_dedupe_backup_20260715,20,repeat_job_alert,boolean,bool,B,true,null,false,false
public,ticket_cost_estimates_dedupe_backup_20260715,21,repeat_job_previous_ticket_id,uuid,uuid,U,true,null,false,false
public,ticket_logs,1,id,uuid,uuid,U,false,gen_random_uuid(),false,false
public,ticket_logs,2,ticket_id,uuid,uuid,U,true,null,false,false
public,ticket_logs,3,action,text,text,S,false,null,false,false
public,ticket_logs,4,old_status,text,text,S,true,null,false,false
public,ticket_logs,5,new_status,text,text,S,true,null,false,false
public,ticket_logs,6,created_by,uuid,uuid,U,true,null,false,false
public,ticket_logs,7,notes,text,text,S,true,null,false,false
public,ticket_logs,8,created_at,timestamp with time zone,timestamptz,D,true,now(),false,false
public,ticket_logs,16,organization_id,uuid,uuid,U,true,null,false,false
public,ticket_number_counters,1,organization_id,uuid,uuid,U,false,null,false,false
public,ticket_number_counters,2,property_id,uuid,uuid,U,false,null,false,false
public,ticket_number_counters,3,yy,smallint,int2,N,false,null,false,false
public,ticket_number_counters,4,mm,smallint,int2,N,false,null,false,false
public,ticket_number_counters,5,last_seq,integer,int4,N,false,0,false,false
public,ticket_number_counters,6,updated_at,timestamp with time zone,timestamptz,D,false,now(),false,false
public,ticket_purchases,1,id,uuid,uuid,U,false,gen_random_uuid(),false,false
public,ticket_purchases,2,ticket_id,uuid,uuid,U,false,null,false,false
public,ticket_purchases,3,cost_estimate_id,uuid,uuid,U,true,null,false,false
public,ticket_purchases,4,organization_id,uuid,uuid,U,true,null,false,false
public,ticket_purchases,6,quantity,integer,int4,N,false,1,false,false
public,ticket_purchases,7,estimated_cost,numeric,numeric,N,true,0,false,false
public,ticket_purchases,8,actual_cost,numeric,numeric,N,false,0,false,false
public,ticket_purchases,9,vendor_id,uuid,uuid,U,true,null,false,false
public,ticket_purchases,10,vendor_name_manual,text,text,S,true,null,false,false
public,ticket_purchases,11,invoice_url,text,text,S,true,null,false,false
public,ticket_purchases,12,purchased_by,uuid,uuid,U,true,null,false,false
public,ticket_purchases,13,purchase_date,date,date,D,true,CURRENT_DATE,false,false
public,ticket_purchases,14,created_at,timestamp with time zone,timestamptz,D,true,now(),false,false
public,ticket_purchases,15,updated_at,timestamp without time zone,timestamp,D,true,now(),false,false
public,ticket_purchases,19,item_name,text,text,S,true,null,false,false
public,ticket_resolutions,1,id,uuid,uuid,U,false,gen_random_uuid(),false,false
public,ticket_resolutions,2,ticket_id,uuid,uuid,U,false,null,false,false
public,ticket_resolutions,3,organization_id,uuid,uuid,U,false,null,false,false
public,ticket_resolutions,4,resolution_type,text,text,S,false,null,false,false
public,ticket_resolutions,5,service_type,text,text,S,true,null,false,false
public,ticket_resolutions,6,vendor_id,uuid,uuid,U,true,null,false,false
public,ticket_resolutions,7,vendor_name_manual,text,text,S,true,null,false,false
public,ticket_resolutions,8,items_used,jsonb,jsonb,U,true,'[]'::jsonb,false,false
public,ticket_resolutions,9,total_parts_cost,numeric,numeric,N,true,0,false,false
public,ticket_resolutions,10,total_labour_cost,numeric,numeric,N,true,0,false,false
public,ticket_resolutions,11,total_cost,numeric,numeric,N,true,0,false,false
public,ticket_resolutions,12,closure_summary,text,text,S,true,null,false,false
public,ticket_resolutions,13,resolved_at,timestamp with time zone,timestamptz,D,true,now(),false,false
public,ticket_resolutions,14,resolved_by,uuid,uuid,U,true,null,false,false
public,ticket_resolutions,15,created_at,timestamp with time zone,timestamptz,D,true,now(),false,false
public,ticket_resolutions,16,bank_account_id,uuid,uuid,U,true,null,false,false
public,ticket_resolutions,17,payment_date,date,date,D,true,null,false,false
public,ticket_resolutions,18,payment_reference_no,text,text,S,true,null,false,false
public,ticket_resolutions,19,proof_of_purchase_url,text,text,S,true,null,false,false
public,ticket_resolutions,20,proof_of_payment_url,text,text,S,true,null,false,false
public,ticket_resolutions,21,actual_items_used,jsonb,jsonb,U,true,null,false,false
public,ticket_resolutions,22,actual_total_cost,numeric,numeric,N,true,null,false,false
public,ticket_resolutions,23,diagnostic_estimated_cost,numeric,numeric,N,true,null,false,false
public,ticket_resolutions,24,updated_at,timestamp with time zone,timestamptz,D,false,now(),false,false
public,tickets,1,id,uuid,uuid,U,false,gen_random_uuid(),false,false
public,tickets,2,ticket_number,text,text,S,true,null,false,false
public,tickets,3,issue_type_id,uuid,uuid,U,true,null,false,false
public,tickets,4,description,text,text,S,false,null,false,false
public,tickets,5,status,text,text,S,true,'open'::text,false,false
public,tickets,6,priority,text,text,S,true,'medium'::text,false,false
public,tickets,7,approval_status,text,text,S,true,'auto_approved'::text,false,false
public,tickets,8,assigned_employee_id,uuid,uuid,U,true,null,false,false
public,tickets,9,created_by,uuid,uuid,U,true,null,false,false
public,tickets,10,tenant_id,uuid,uuid,U,true,null,false,false
public,tickets,11,property_id,uuid,uuid,U,true,null,false,false
public,tickets,12,apartment_id,uuid,uuid,U,true,null,false,false
public,tickets,13,bed_id,uuid,uuid,U,true,null,false,false
public,tickets,14,organization_id,uuid,uuid,U,true,null,false,false
public,tickets,15,total_cost,numeric,numeric,N,true,0,false,false
public,tickets,16,sla_deadline,timestamp with time zone,timestamptz,D,true,null,false,false
public,tickets,17,created_at,timestamp with time zone,timestamptz,D,true,now(),false,false
public,tickets,18,updated_at,timestamp with time zone,timestamptz,D,true,now(),false,false
public,upi_tenant_mappings,1,id,uuid,uuid,U,false,gen_random_uuid(),false,false
public,upi_tenant_mappings,2,organization_id,uuid,uuid,U,false,null,false,false
public,upi_tenant_mappings,3,tenant_id,uuid,uuid,U,false,null,false,false
public,upi_tenant_mappings,4,upi_id,text,text,S,true,null,false,false
public,upi_tenant_mappings,5,normalized_upi_id,text,text,S,true,null,false,false
public,upi_tenant_mappings,6,bank_transaction_ref,text,text,S,true,null,false,false
public,upi_tenant_mappings,7,normalized_transaction_ref,text,text,S,true,null,false,false
public,upi_tenant_mappings,8,confidence,numeric,numeric,N,true,null,false,false
public,upi_tenant_mappings,9,match_source,text,text,S,true,null,false,false
public,upi_tenant_mappings,10,last_seen_at,timestamp with time zone,timestamptz,D,true,null,false,false
public,upi_tenant_mappings,11,created_at,timestamp with time zone,timestamptz,D,false,now(),false,false
public,user_roles,1,id,uuid,uuid,U,false,gen_random_uuid(),false,false
public,user_roles,2,user_id,uuid,uuid,U,false,null,false,false
public,user_roles,3,role,app_role,app_role,E,false,null,true,false
public,users,1,id,uuid,uuid,U,false,gen_random_uuid(),false,false
public,users,2,first_name,text,text,S,true,null,false,false
public,users,3,last_name,text,text,S,true,null,false,false
public,users,4,name,text,text,S,true,null,false,false
public,users,5,email,text,text,S,true,null,false,false
public,users,6,email_verified_at,timestamp with time zone,timestamptz,D,true,null,false,false
public,users,7,phone,text,text,S,true,null,false,false
public,users,8,phone_verified_at,timestamp with time zone,timestamptz,D,true,null,false,false
public,users,9,is_anonymous,boolean,bool,B,true,false,false,false
public,users,10,role,text,text,S,true,null,false,false
public,users,11,must_set_password,boolean,bool,B,true,false,false,false
public,users,12,password_set_at,timestamp with time zone,timestamptz,D,true,null,false,false
public,users,13,active_session_id,text,text,S,true,null,false,false
public,users,14,last_login_at,timestamp with time zone,timestamptz,D,true,null,false,false
public,users,15,reports_to,uuid,uuid,U,true,null,false,false
public,users,16,created_at,timestamp with time zone,timestamptz,D,true,now(),false,false
public,vendor_remarks,1,id,uuid,uuid,U,false,gen_random_uuid(),false,false
public,vendor_remarks,2,organization_id,uuid,uuid,U,false,null,false,false
public,vendor_remarks,3,vendor_id,uuid,uuid,U,false,null,false,false
public,vendor_remarks,4,remark_type,text,text,S,false,null,false,false
public,vendor_remarks,5,title,text,text,S,false,null,false,false
public,vendor_remarks,6,description,text,text,S,true,null,false,false
public,vendor_remarks,7,severity,text,text,S,true,'medium'::text,false,false
public,vendor_remarks,8,created_by,uuid,uuid,U,true,null,false,false
public,vendor_remarks,9,created_at,timestamp with time zone,timestamptz,D,true,now(),false,false
public,vendors,1,id,uuid,uuid,U,false,gen_random_uuid(),false,false
public,vendors,2,organization_id,uuid,uuid,U,false,null,false,false
public,vendors,3,vendor_name,text,text,S,false,null,false,false
public,vendors,4,contact_person,text,text,S,true,null,false,false
public,vendors,5,phone,text,text,S,true,null,false,false
public,vendors,6,email,text,text,S,true,null,false,false
public,vendors,7,address,text,text,S,true,null,false,false
public,vendors,8,created_at,timestamp with time zone,timestamptz,D,true,now(),false,false
public,vendors,9,gst_number,text,text,S,true,null,false,false
public,vendors,10,pan_number,text,text,S,true,null,false,false
public,vendors,11,bank_name,text,text,S,true,null,false,false
public,vendors,12,bank_account_number,text,text,S,true,null,false,false
public,vendors,13,bank_ifsc,text,text,S,true,null,false,false
public,vendors,14,id_proof_url,text,text,S,true,null,false,false
public,vendors,15,status,text,text,S,true,'active'::text,false,false
public,vendors,16,notes,text,text,S,true,null,false,false
public,vendors,17,vendor_rating,integer,int4,N,true,null,false,false
public,whatsapp_conversations,1,id,uuid,uuid,U,false,gen_random_uuid(),false,false
public,whatsapp_conversations,2,organization_id,uuid,uuid,U,true,null,false,false
public,whatsapp_conversations,3,tenant_id,uuid,uuid,U,true,null,false,false
public,whatsapp_conversations,4,provider,text,text,S,false,'botbee'::text,false,false
public,whatsapp_conversations,5,phone_e164,text,text,S,false,null,false,false
public,whatsapp_conversations,6,status,text,text,S,false,'active'::text,false,false
public,whatsapp_conversations,7,pending_action,jsonb,jsonb,U,true,null,false,false
public,whatsapp_conversations,8,last_user_message,text,text,S,true,null,false,false
public,whatsapp_conversations,9,last_assistant_message,text,text,S,true,null,false,false
public,whatsapp_conversations,10,last_event_id,uuid,uuid,U,true,null,false,false
public,whatsapp_conversations,11,expires_at,timestamp with time zone,timestamptz,D,true,null,false,false
public,whatsapp_conversations,12,created_at,timestamp with time zone,timestamptz,D,false,now(),false,false
public,whatsapp_conversations,13,updated_at,timestamp with time zone,timestamptz,D,false,now(),false,false
public,whatsapp_dedup,1,id,uuid,uuid,U,false,gen_random_uuid(),false,false
public,whatsapp_dedup,2,provider,text,text,S,false,'botbee'::text,false,false
public,whatsapp_dedup,3,dedup_key,text,text,S,false,null,false,false
public,whatsapp_dedup,4,event_id,uuid,uuid,U,true,null,false,false
public,whatsapp_dedup,5,created_at,timestamp with time zone,timestamptz,D,false,now(),false,false
public,whatsapp_events,1,id,uuid,uuid,U,false,gen_random_uuid(),false,false
public,whatsapp_events,2,organization_id,uuid,uuid,U,true,null,false,false
public,whatsapp_events,3,tenant_id,uuid,uuid,U,true,null,false,false
public,whatsapp_events,4,provider,text,text,S,false,'botbee'::text,false,false
public,whatsapp_events,5,direction,text,text,S,false,null,false,false
public,whatsapp_events,6,event_type,text,text,S,false,'message'::text,false,false
public,whatsapp_events,7,external_message_id,text,text,S,true,null,false,false
public,whatsapp_events,8,external_conversation_id,text,text,S,true,null,false,false
public,whatsapp_events,9,from_phone,text,text,S,true,null,false,false
public,whatsapp_events,10,to_phone,text,text,S,true,null,false,false
public,whatsapp_events,11,message_type,text,text,S,false,'text'::text,false,false
public,whatsapp_events,12,message_text,text,text,S,true,null,false,false
public,whatsapp_events,13,language,text,text,S,true,null,false,false
public,whatsapp_events,14,transcript,text,text,S,true,null,false,false
public,whatsapp_events,15,transcript_en,text,text,S,true,null,false,false
public,whatsapp_events,16,raw_payload,jsonb,jsonb,U,false,'{}'::jsonb,false,false
public,whatsapp_events,17,normalized_payload,jsonb,jsonb,U,false,'{}'::jsonb,false,false
public,whatsapp_events,18,processing_status,text,text,S,false,'received'::text,false,false
public,whatsapp_events,19,correlation_id,uuid,uuid,U,true,gen_random_uuid(),false,false
public,whatsapp_events,20,processed_at,timestamp with time zone,timestamptz,D,true,null,false,false
public,whatsapp_events,21,error_message,text,text,S,true,null,false,false
public,whatsapp_events,22,created_at,timestamp with time zone,timestamptz,D,false,now(),false,false
public,whatsapp_events,23,updated_at,timestamp with time zone,timestamptz,D,false,now(),false,false
public,whatsapp_failures,1,id,uuid,uuid,U,false,gen_random_uuid(),false,false
public,whatsapp_failures,2,event_id,uuid,uuid,U,false,null,false,false
public,whatsapp_failures,3,stage,text,text,S,false,null,false,false
public,whatsapp_failures,4,attempt_count,integer,int4,N,false,0,false,false
public,whatsapp_failures,5,next_retry_at,timestamp with time zone,timestamptz,D,true,null,false,false
public,whatsapp_failures,6,last_error,text,text,S,true,null,false,false
public,whatsapp_failures,7,dead_letter,boolean,bool,B,false,false,false,false
public,whatsapp_failures,8,created_at,timestamp with time zone,timestamptz,D,false,now(),false,false
public,whatsapp_failures,9,updated_at,timestamp with time zone,timestamptz,D,false,now(),false,false
public,whatsapp_payment_submissions,1,id,uuid,uuid,U,false,gen_random_uuid(),false,false
public,whatsapp_payment_submissions,2,organization_id,uuid,uuid,U,false,null,false,false
public,whatsapp_payment_submissions,3,tenant_id,uuid,uuid,U,true,null,false,false
public,whatsapp_payment_submissions,4,from_phone,text,text,S,false,null,false,false
public,whatsapp_payment_submissions,5,whatsapp_event_id,uuid,uuid,U,true,null,false,false
public,whatsapp_payment_submissions,6,image_url,text,text,S,true,null,false,false
public,whatsapp_payment_submissions,7,image_original_url,text,text,S,true,null,false,false
public,whatsapp_payment_submissions,8,ocr_amount,"numeric(14,2)",numeric,N,true,null,false,false
public,whatsapp_payment_submissions,9,ocr_payment_mode,text,text,S,true,null,false,false
public,whatsapp_payment_submissions,10,ocr_transaction_reference,text,text,S,true,null,false,false
public,whatsapp_payment_submissions,11,ocr_receiving_bank,text,text,S,true,null,false,false
public,whatsapp_payment_submissions,12,ocr_raw,jsonb,jsonb,U,true,null,false,false
public,whatsapp_payment_submissions,13,ocr_confidence,text,text,S,true,null,false,false
public,whatsapp_payment_submissions,14,status,text,text,S,false,'pending_verification'::text,false,false
public,whatsapp_payment_submissions,15,receipt_id,uuid,uuid,U,true,null,false,false
public,whatsapp_payment_submissions,16,verified_by,uuid,uuid,U,true,null,false,false
public,whatsapp_payment_submissions,17,verified_at,timestamp with time zone,timestamptz,D,true,null,false,false
public,whatsapp_payment_submissions,18,rejection_reason,text,text,S,true,null,false,false
public,whatsapp_payment_submissions,19,created_at,timestamp with time zone,timestamptz,D,false,now(),false,false
public,whatsapp_payment_submissions,20,updated_at,timestamp with time zone,timestamptz,D,false,now(),false,false
public,whatsapp_payment_submissions,21,matched_invoice_id,uuid,uuid,U,true,null,false,false
public,whatsapp_payment_submissions,22,match_confidence,text,text,S,true,null,false,false
public,whatsapp_payment_submissions,23,ocr_sender_bank,text,text,S,true,null,false,false
public,whatsapp_payment_submissions,24,ocr_sender_account_holder,text,text,S,true,null,false,false
public,whatsapp_payment_submissions,25,ocr_receiver_upi_id,text,text,S,true,null,false,false
public,whatsapp_payment_submissions,26,ocr_receiver_account_last4,text,text,S,true,null,false,false
public,whatsapp_payment_submissions,27,auto_accept_skip_reason,text,text,S,true,null,false,false
public,whatsapp_payment_submissions,28,auto_accept_decision,jsonb,jsonb,U,true,null,false,false
public,whatsapp_payment_submissions,29,ocr_sender_upi_id,text,text,S,true,null,false,false
public,whatsapp_payment_submissions,30,ocr_receiving_upi_id,text,text,S,true,null,false,false
public,whatsapp_payment_submissions,31,ocr_payment_date,date,date,D,true,null,false,false
public,whatsapp_send_deliveries,1,id,uuid,uuid,U,false,gen_random_uuid(),false,false
public,whatsapp_send_deliveries,2,organization_id,uuid,uuid,U,false,null,false,false
public,whatsapp_send_deliveries,3,job_id,uuid,uuid,U,false,null,false,false
public,whatsapp_send_deliveries,4,delivery_kind,text,text,S,false,null,false,false
public,whatsapp_send_deliveries,5,reference_id,text,text,S,true,null,false,false
public,whatsapp_send_deliveries,6,tenant_id,uuid,uuid,U,true,null,false,false
public,whatsapp_send_deliveries,7,tenant_name,text,text,S,true,null,false,false
public,whatsapp_send_deliveries,8,label,text,text,S,true,null,false,false
public,whatsapp_send_deliveries,9,payload,jsonb,jsonb,U,false,'{}'::jsonb,false,false
public,whatsapp_send_deliveries,10,status,text,text,S,false,'pending'::text,false,false
public,whatsapp_send_deliveries,11,error_message,text,text,S,true,null,false,false
public,whatsapp_send_deliveries,12,phone_masked,text,text,S,true,null,false,false
public,whatsapp_send_deliveries,13,created_at,timestamp with time zone,timestamptz,D,false,now(),false,false
public,whatsapp_send_deliveries,14,sent_at,timestamp with time zone,timestamptz,D,true,null,false,false
public,whatsapp_send_jobs,1,id,uuid,uuid,U,false,gen_random_uuid(),false,false
public,whatsapp_send_jobs,2,organization_id,uuid,uuid,U,false,null,false,false
public,whatsapp_send_jobs,3,created_by,uuid,uuid,U,true,null,false,false
public,whatsapp_send_jobs,4,job_type,text,text,S,false,null,false,false
public,whatsapp_send_jobs,5,status,text,text,S,false,'pending'::text,false,false
public,whatsapp_send_jobs,6,total_count,integer,int4,N,false,0,false,false
public,whatsapp_send_jobs,7,sent_count,integer,int4,N,false,0,false,false
public,whatsapp_send_jobs,8,failed_count,integer,int4,N,false,0,false,false
public,whatsapp_send_jobs,9,error_message,text,text,S,true,null,false,false
public,whatsapp_send_jobs,10,error_details,jsonb,jsonb,U,true,null,false,false
public,whatsapp_send_jobs,11,payload,jsonb,jsonb,U,false,'{}'::jsonb,false,false
public,whatsapp_send_jobs,12,label,text,text,S,true,null,false,false
public,whatsapp_send_jobs,13,dismissed_at,timestamp with time zone,timestamptz,D,true,null,false,false
public,whatsapp_send_jobs,14,created_at,timestamp with time zone,timestamptz,D,false,now(),false,false
public,whatsapp_send_jobs,15,updated_at,timestamp with time zone,timestamptz,D,false,now(),false,false