id,organization_id,created_by,job_type,status,total_count,sent_count,failed_count,error_message,error_details,label,dismissed_at,created_at,updated_at
e10b4739-d9e3-4ea8-9b3e-053d0dc85693,00000000-0000-0000-0000-000000000001,54acafd0-4c07-4bbf-97ee-b4760389c991,announcement,completed,1,1,0,null,null,Service Upgrade & New Customer Communication Number,null,2026-05-31 12:35:16.159818+00,2026-05-31 12:35:25.19685+00
0d87c7d3-a534-41ca-bc02-388a28876158,00000000-0000-0000-0000-000000000001,54acafd0-4c07-4bbf-97ee-b4760389c991,announcement,completed,180,180,0,null,null,Service Upgrade & New Customer Communication Number,null,2026-05-31 12:36:47.724907+00,2026-05-31 12:37:18.135774+00
c06dcc8c-c99e-4a81-8aaf-d9000dfb720a,00000000-0000-0000-0000-000000000001,54acafd0-4c07-4bbf-97ee-b4760389c991,invoice,completed,1,1,0,null,null,1 invoice(s),null,2026-05-31 17:38:55.432309+00,2026-05-31 17:39:06.738792+00
3f310352-e007-4356-8aa4-a6335bbefd8a,00000000-0000-0000-0000-000000000001,54acafd0-4c07-4bbf-97ee-b4760389c991,invoice,completed,177,177,0,null,null,177 invoice(s),null,2026-05-31 17:40:45.562994+00,2026-05-31 18:22:05.848276+00
f7a2f376-1b96-45c4-b021-a354db81cb23,00000000-0000-0000-0000-000000000001,54acafd0-4c07-4bbf-97ee-b4760389c991,receipt,completed,2,2,0,null,null,2 receipt(s),null,2026-06-01 12:48:58.265086+00,2026-06-01 12:49:10.21251+00
d836086f-916f-4778-bf47-2cb159f37d07,00000000-0000-0000-0000-000000000001,54acafd0-4c07-4bbf-97ee-b4760389c991,receipt,completed,1,1,0,null,null,1 receipt(s),null,2026-06-02 05:32:00.00799+00,2026-06-02 05:32:08.820825+00
2105520f-8f1d-45ad-bc77-aeab4e90957b,00000000-0000-0000-0000-000000000001,54acafd0-4c07-4bbf-97ee-b4760389c991,receipt,completed,1,1,0,null,null,1 receipt(s),null,2026-06-02 05:45:22.999806+00,2026-06-02 05:45:32.227432+00
fbc72af9-b85b-4594-a76c-210f3091cf96,00000000-0000-0000-0000-000000000001,54acafd0-4c07-4bbf-97ee-b4760389c991,receipt,completed,1,1,0,null,null,1 receipt(s),null,2026-06-02 05:55:00.914261+00,2026-06-02 05:55:11.012343+00
aaeb6a37-eea8-40fb-9a8a-95d2827fefd5,00000000-0000-0000-0000-000000000001,54acafd0-4c07-4bbf-97ee-b4760389c991,receipt,completed,1,1,0,null,null,1 receipt(s),null,2026-06-02 05:56:03.52874+00,2026-06-02 05:56:10.690059+00
dde772fc-4ad8-40fd-a0fc-35bd3b30e094,00000000-0000-0000-0000-000000000001,8c42685b-f2df-4dec-96bd-0e77b715e33e,receipt,completed,1,1,0,null,null,1 receipt(s),null,2026-06-02 06:19:58.47992+00,2026-06-02 06:20:05.946564+00
38a690d8-43cf-4ea1-bb40-1e546d87e7e8,00000000-0000-0000-0000-000000000001,8c42685b-f2df-4dec-96bd-0e77b715e33e,receipt,completed,1,1,0,null,null,1 receipt(s),null,2026-06-02 06:20:41.207755+00,2026-06-02 06:20:49.062366+00
6eea54ab-2e29-4623-b4c2-679b07783774,00000000-0000-0000-0000-000000000001,54acafd0-4c07-4bbf-97ee-b4760389c991,receipt,completed,6,6,0,null,null,6 receipt(s),null,2026-06-02 06:28:44.6247+00,2026-06-02 06:28:54.779846+00
1d0edbed-2a6b-4bda-9df8-a304be232d05,00000000-0000-0000-0000-000000000001,8c42685b-f2df-4dec-96bd-0e77b715e33e,receipt,completed,1,1,0,null,null,1 receipt(s),null,2026-06-02 06:35:24.938843+00,2026-06-02 06:35:32.736166+00
ed164fa6-6642-4c85-8a3b-c3fd1177abcf,00000000-0000-0000-0000-000000000001,8c42685b-f2df-4dec-96bd-0e77b715e33e,receipt,completed,1,1,0,null,null,1 receipt(s),null,2026-06-02 06:36:37.683018+00,2026-06-02 06:36:44.58358+00
bdb49645-afca-4c4d-a47b-315607cfad88,00000000-0000-0000-0000-000000000001,54acafd0-4c07-4bbf-97ee-b4760389c991,receipt,completed,1,1,0,null,null,1 receipt(s),null,2026-06-02 07:33:56.892552+00,2026-06-02 07:34:04.505637+00
b2eae18f-dd32-4d36-8db5-10d65db0aade,00000000-0000-0000-0000-000000000001,8c42685b-f2df-4dec-96bd-0e77b715e33e,invoice,completed,1,1,0,null,null,1 invoice(s),null,2026-06-03 05:20:34.770101+00,2026-06-03 05:20:44.775058+00
3e22ef39-ba92-436b-9dac-bd1294b9c651,00000000-0000-0000-0000-000000000001,8c42685b-f2df-4dec-96bd-0e77b715e33e,receipt,completed,1,1,0,null,null,1 receipt(s),null,2026-06-03 05:52:53.004987+00,2026-06-03 05:53:02.086821+00
83dfbe4b-0bf2-4fe5-9116-748515ffd8ef,00000000-0000-0000-0000-000000000001,8c42685b-f2df-4dec-96bd-0e77b715e33e,receipt,completed,1,1,0,null,null,1 receipt(s),null,2026-06-03 05:58:00.14304+00,2026-06-03 05:58:07.031359+00
d41af8eb-bd20-4ac8-8059-3f1961dd79dc,00000000-0000-0000-0000-000000000001,8c42685b-f2df-4dec-96bd-0e77b715e33e,receipt,completed,1,1,0,null,null,1 receipt(s),null,2026-06-03 06:06:47.186116+00,2026-06-03 06:06:54.459973+00
132dfb18-a1ea-4be2-af38-58be168d77ad,00000000-0000-0000-0000-000000000001,8c42685b-f2df-4dec-96bd-0e77b715e33e,receipt,completed,1,1,0,null,null,1 receipt(s),null,2026-06-03 06:09:50.760151+00,2026-06-03 06:09:59.420675+00
e0e659c1-f18a-4cd1-8ea7-cd52f0692a6e,00000000-0000-0000-0000-000000000001,8c42685b-f2df-4dec-96bd-0e77b715e33e,receipt,completed,1,1,0,null,null,1 receipt(s),null,2026-06-03 06:10:52.69605+00,2026-06-03 06:10:59.017749+00
cd6a9f81-4b2c-4f56-b46d-86274a874f7f,00000000-0000-0000-0000-000000000001,8c42685b-f2df-4dec-96bd-0e77b715e33e,receipt,completed,1,1,0,null,null,1 receipt(s),null,2026-06-03 06:19:08.162529+00,2026-06-03 06:19:17.129382+00
ea0b1283-71a6-48be-abae-c53015123ae6,00000000-0000-0000-0000-000000000001,54acafd0-4c07-4bbf-97ee-b4760389c991,receipt,completed,1,1,0,null,null,1 receipt(s),null,2026-06-03 10:39:48.960534+00,2026-06-03 10:39:58.594929+00
0fb4ad10-4dbf-465c-978f-81be4b07440c,00000000-0000-0000-0000-000000000001,54acafd0-4c07-4bbf-97ee-b4760389c991,receipt,completed,1,1,0,null,null,1 receipt(s),null,2026-06-03 10:40:07.253109+00,2026-06-03 10:40:17.39721+00
738e470d-8998-4bd3-82ef-e534d34d9da8,00000000-0000-0000-0000-000000000001,54acafd0-4c07-4bbf-97ee-b4760389c991,receipt,completed,5,5,0,null,null,5 receipt(s),null,2026-06-03 10:41:52.622071+00,2026-06-03 10:43:44.211108+00
3ad0c221-aa36-42d8-822b-30e704441658,00000000-0000-0000-0000-000000000001,8c42685b-f2df-4dec-96bd-0e77b715e33e,receipt,completed,1,1,0,null,null,1 receipt(s),null,2026-06-03 11:31:20.326318+00,2026-06-03 11:31:26.595311+00
0a3b05be-b098-4ea5-b38c-c0ce0329e0e3,00000000-0000-0000-0000-000000000001,8c42685b-f2df-4dec-96bd-0e77b715e33e,receipt,completed,1,1,0,null,null,1 receipt(s),null,2026-06-03 11:33:14.553655+00,2026-06-03 11:33:20.736651+00
afea58d8-fb09-47ab-9e50-3130d124219c,00000000-0000-0000-0000-000000000001,8c42685b-f2df-4dec-96bd-0e77b715e33e,receipt,completed,1,1,0,null,null,1 receipt(s),null,2026-06-03 11:34:11.110871+00,2026-06-03 11:34:17.832015+00
d9ba9f18-a6a2-4b1f-aa53-0fc47c670907,00000000-0000-0000-0000-000000000001,8c42685b-f2df-4dec-96bd-0e77b715e33e,receipt,completed,1,1,0,null,null,1 receipt(s),null,2026-06-03 11:35:19.584771+00,2026-06-03 11:35:26.470607+00
67a86c04-db07-4611-95ab-dc3a67bd3685,00000000-0000-0000-0000-000000000001,8c42685b-f2df-4dec-96bd-0e77b715e33e,receipt,completed,1,1,0,null,null,1 receipt(s),null,2026-06-03 11:35:55.047315+00,2026-06-03 11:36:00.917852+00
a21720f4-210b-406b-897e-32543b970026,00000000-0000-0000-0000-000000000001,8c42685b-f2df-4dec-96bd-0e77b715e33e,receipt,completed,1,1,0,null,null,1 receipt(s),null,2026-06-03 11:40:15.945238+00,2026-06-03 11:40:22.339968+00
c0d38bef-b556-446b-8717-ad734841e04b,00000000-0000-0000-0000-000000000001,8c42685b-f2df-4dec-96bd-0e77b715e33e,receipt,completed,1,1,0,null,null,1 receipt(s),null,2026-06-03 11:41:32.674148+00,2026-06-03 11:41:40.646848+00
3e20dad1-906a-4b3b-aed9-52de40449748,00000000-0000-0000-0000-000000000001,54acafd0-4c07-4bbf-97ee-b4760389c991,receipt,completed,1,1,0,null,null,1 receipt(s),null,2026-06-04 05:08:25.596892+00,2026-06-04 05:08:33.433394+00
642baa59-7e38-4ff2-b616-e7faff89473d,00000000-0000-0000-0000-000000000001,54acafd0-4c07-4bbf-97ee-b4760389c991,receipt,completed,1,1,0,null,null,1 receipt(s),null,2026-06-04 05:09:01.530886+00,2026-06-04 05:09:09.953117+00
4d6b8651-d129-462f-a279-d15a1bf7000e,00000000-0000-0000-0000-000000000001,54acafd0-4c07-4bbf-97ee-b4760389c991,receipt,completed,1,1,0,null,null,1 receipt(s),null,2026-06-04 05:09:08.179451+00,2026-06-04 05:09:13.965665+00
26e5787f-2ebb-4dcb-b37f-d69a89581bf9,00000000-0000-0000-0000-000000000001,54acafd0-4c07-4bbf-97ee-b4760389c991,receipt,completed,1,1,0,null,null,1 receipt(s),null,2026-06-04 05:09:28.867287+00,2026-06-04 05:09:34.795566+00
d9ec20c9-01db-41d3-bd2a-6d369857c535,00000000-0000-0000-0000-000000000001,54acafd0-4c07-4bbf-97ee-b4760389c991,receipt,completed,1,1,0,null,null,1 receipt(s),null,2026-06-04 05:57:17.550221+00,2026-06-04 05:57:23.56504+00
741f651d-2672-4370-9d8d-b411470e1a98,00000000-0000-0000-0000-000000000001,54acafd0-4c07-4bbf-97ee-b4760389c991,receipt,completed,1,1,0,null,null,1 receipt(s),null,2026-06-04 05:57:27.068197+00,2026-06-04 05:57:34.671746+00
d7ba782e-3c68-4514-967f-4fa8efb43118,00000000-0000-0000-0000-000000000001,54acafd0-4c07-4bbf-97ee-b4760389c991,receipt,completed,1,1,0,null,null,1 receipt(s),null,2026-06-04 05:57:48.472055+00,2026-06-04 05:57:55.922766+00
7658f8c5-e3e5-44ac-a462-eb1dfe31b147,00000000-0000-0000-0000-000000000001,54acafd0-4c07-4bbf-97ee-b4760389c991,invoice,completed,1,1,0,null,null,1 invoice(s),null,2026-06-04 06:01:08.519394+00,2026-06-04 06:01:15.989062+00
e2c3189a-5c4b-4a92-b81f-e681ddf43661,00000000-0000-0000-0000-000000000001,54acafd0-4c07-4bbf-97ee-b4760389c991,invoice,completed,1,1,0,null,null,1 invoice(s),null,2026-06-04 06:45:55.580069+00,2026-06-04 06:46:02.238423+00
f8118f3e-2994-4b8d-8f07-29598183ebca,00000000-0000-0000-0000-000000000001,54acafd0-4c07-4bbf-97ee-b4760389c991,invoice,completed,1,1,0,null,null,1 invoice(s),null,2026-06-04 06:47:20.443183+00,2026-06-04 06:47:26.387449+00
f64f3889-0108-4009-8807-13372c599ae5,00000000-0000-0000-0000-000000000001,8c42685b-f2df-4dec-96bd-0e77b715e33e,receipt,completed,1,1,0,null,null,1 receipt(s),null,2026-06-05 07:22:27.516271+00,2026-06-05 07:22:36.641776+00
c9370f83-0138-4aa4-b627-30c1064849a0,00000000-0000-0000-0000-000000000001,8c42685b-f2df-4dec-96bd-0e77b715e33e,receipt,completed,1,1,0,null,null,1 receipt(s),null,2026-06-05 07:27:01.140049+00,2026-06-05 07:27:08.884036+00
a0049d3e-cd32-4b4a-b7aa-e75926f9875c,00000000-0000-0000-0000-000000000001,8c42685b-f2df-4dec-96bd-0e77b715e33e,receipt,completed,1,1,0,null,null,1 receipt(s),null,2026-06-05 07:30:16.090073+00,2026-06-05 07:30:21.891666+00
b2e03b27-ad39-4d06-8fa0-1f79e5eb8b61,00000000-0000-0000-0000-000000000001,8c42685b-f2df-4dec-96bd-0e77b715e33e,receipt,completed,1,1,0,null,null,1 receipt(s),null,2026-06-05 07:31:00.985846+00,2026-06-05 07:31:07.761928+00
feb1ebc3-d1c8-4fb1-99ec-c3a168715b55,00000000-0000-0000-0000-000000000001,8c42685b-f2df-4dec-96bd-0e77b715e33e,receipt,completed,1,1,0,null,null,1 receipt(s),null,2026-06-05 07:41:12.840123+00,2026-06-05 07:41:19.411732+00
147bc8fc-da16-41e1-9356-ecf8a0b453b6,00000000-0000-0000-0000-000000000001,8c42685b-f2df-4dec-96bd-0e77b715e33e,receipt,completed,1,1,0,null,null,1 receipt(s),null,2026-06-05 07:42:08.464793+00,2026-06-05 07:42:15.186055+00
276597ff-690c-4c38-9062-84af4b96cc66,00000000-0000-0000-0000-000000000001,8c42685b-f2df-4dec-96bd-0e77b715e33e,receipt,completed,1,1,0,null,null,1 receipt(s),null,2026-06-05 07:43:04.027084+00,2026-06-05 07:43:11.578387+00
ceff7c4f-dac7-4ab6-b24f-9851c9d4aff3,00000000-0000-0000-0000-000000000001,8c42685b-f2df-4dec-96bd-0e77b715e33e,receipt,completed,1,1,0,null,null,1 receipt(s),null,2026-06-05 11:02:24.571611+00,2026-06-05 11:02:33.118778+00
c5359223-acda-446e-8b13-d6e84b5b9c70,00000000-0000-0000-0000-000000000001,8c42685b-f2df-4dec-96bd-0e77b715e33e,receipt,completed,1,1,0,null,null,1 receipt(s),null,2026-06-05 11:03:09.96508+00,2026-06-05 11:03:16.581191+00
2bb48ad3-f64a-46c1-9602-992d0c6314fc,00000000-0000-0000-0000-000000000001,8c42685b-f2df-4dec-96bd-0e77b715e33e,receipt,completed,1,1,0,null,null,1 receipt(s),null,2026-06-06 08:55:31.297118+00,2026-06-06 08:55:37.229591+00
58f6a0a9-154a-4d08-8e27-fb31db511e5a,00000000-0000-0000-0000-000000000001,8c42685b-f2df-4dec-96bd-0e77b715e33e,receipt,completed,1,1,0,null,null,1 receipt(s),null,2026-06-06 08:56:25.876007+00,2026-06-06 08:56:33.585809+00
84ea44f7-3e25-4abf-8213-0ac729a0aabe,00000000-0000-0000-0000-000000000001,8c42685b-f2df-4dec-96bd-0e77b715e33e,receipt,completed,1,1,0,null,null,1 receipt(s),null,2026-06-06 08:58:38.668333+00,2026-06-06 08:58:46.378459+00
d8b4aa11-626f-4c05-8be3-1ad72912f65e,00000000-0000-0000-0000-000000000001,8c42685b-f2df-4dec-96bd-0e77b715e33e,receipt,completed,1,1,0,null,null,1 receipt(s),null,2026-06-06 09:02:05.732962+00,2026-06-06 09:02:13.006769+00
1bad85cd-4318-414d-bbdb-03fa0674be53,00000000-0000-0000-0000-000000000001,8c42685b-f2df-4dec-96bd-0e77b715e33e,receipt,completed,1,1,0,null,null,1 receipt(s),null,2026-06-06 09:03:01.217316+00,2026-06-06 09:03:08.267205+00
7e784a89-ad28-464d-b19e-e840b4630a45,00000000-0000-0000-0000-000000000001,8c42685b-f2df-4dec-96bd-0e77b715e33e,receipt,completed,1,1,0,null,null,1 receipt(s),null,2026-06-06 09:03:51.235381+00,2026-06-06 09:03:58.388148+00
4601ad7a-5c56-4bdc-b26b-76bba013f4ab,00000000-0000-0000-0000-000000000001,8c42685b-f2df-4dec-96bd-0e77b715e33e,receipt,completed,1,1,0,null,null,1 receipt(s),null,2026-06-06 09:14:25.553028+00,2026-06-06 09:14:33.394635+00
40f9b6ec-5f16-460d-a783-70ee2f88668e,00000000-0000-0000-0000-000000000001,54acafd0-4c07-4bbf-97ee-b4760389c991,receipt,completed,1,1,0,null,null,1 receipt(s),null,2026-06-06 10:51:51.322366+00,2026-06-06 10:51:59.34674+00
8a39873a-c7c3-4944-84da-6a17fc166eec,00000000-0000-0000-0000-000000000001,54acafd0-4c07-4bbf-97ee-b4760389c991,receipt,completed,1,1,0,null,null,1 receipt(s),null,2026-06-06 10:52:03.679194+00,2026-06-06 10:52:10.989328+00
330994ae-af59-4d72-85a8-f52f38d4d950,00000000-0000-0000-0000-000000000001,54acafd0-4c07-4bbf-97ee-b4760389c991,receipt,completed,1,1,0,null,null,1 receipt(s),null,2026-06-06 10:52:12.040987+00,2026-06-06 10:52:17.972729+00
ba38fd44-3e9c-4862-a2ee-eb5c144d048a,00000000-0000-0000-0000-000000000001,54acafd0-4c07-4bbf-97ee-b4760389c991,receipt,completed,1,1,0,null,null,1 receipt(s),null,2026-06-06 10:52:24.193293+00,2026-06-06 10:52:30.787505+00
b35ae478-e20b-4df1-99fc-046a7daa5062,00000000-0000-0000-0000-000000000001,54acafd0-4c07-4bbf-97ee-b4760389c991,receipt,completed,1,1,0,null,null,1 receipt(s),null,2026-06-06 10:52:45.97235+00,2026-06-06 10:52:51.845418+00
9dd9b5be-ed64-4d5d-8c9c-cd3584d7a13e,00000000-0000-0000-0000-000000000001,8c42685b-f2df-4dec-96bd-0e77b715e33e,invoice,completed,1,1,0,null,null,1 invoice(s),null,2026-06-08 06:40:05.397038+00,2026-06-08 06:40:12.641729+00
a7564f3b-dceb-4e7e-aa2f-5e83f7f54557,00000000-0000-0000-0000-000000000001,8c42685b-f2df-4dec-96bd-0e77b715e33e,invoice,completed,1,1,0,null,null,1 invoice(s),null,2026-06-08 06:40:28.499642+00,2026-06-08 06:40:35.342934+00
be706b0c-8b4f-4d41-8f86-2bd6435350f2,00000000-0000-0000-0000-000000000001,8c42685b-f2df-4dec-96bd-0e77b715e33e,receipt,completed,1,1,0,null,null,1 receipt(s),null,2026-06-08 07:06:35.248249+00,2026-06-08 07:06:41.673761+00
0e59144f-fbae-4f88-8d69-cceee2dcac38,00000000-0000-0000-0000-000000000001,8c42685b-f2df-4dec-96bd-0e77b715e33e,receipt,completed,1,1,0,null,null,1 receipt(s),null,2026-06-08 07:08:28.051668+00,2026-06-08 07:08:35.175572+00
4c916074-5db6-4dba-a5da-fc7d88cc5de1,00000000-0000-0000-0000-000000000001,8c42685b-f2df-4dec-96bd-0e77b715e33e,receipt,completed,1,1,0,null,null,1 receipt(s),null,2026-06-08 07:09:03.832752+00,2026-06-08 07:09:09.904444+00
73dc3457-64ad-414f-abfb-2b082b68a7b5,00000000-0000-0000-0000-000000000001,8c42685b-f2df-4dec-96bd-0e77b715e33e,receipt,completed,1,1,0,null,null,1 receipt(s),null,2026-06-08 07:09:31.410107+00,2026-06-08 07:09:39.66205+00
efac5835-58d6-4ba8-86dd-e317c0d35cf1,00000000-0000-0000-0000-000000000001,8c42685b-f2df-4dec-96bd-0e77b715e33e,receipt,completed,1,1,0,null,null,1 receipt(s),null,2026-06-08 07:10:36.686841+00,2026-06-08 07:10:43.8779+00
d8d24dbc-164b-45fe-b4b6-12f5ddd1a231,00000000-0000-0000-0000-000000000001,8c42685b-f2df-4dec-96bd-0e77b715e33e,invoice,completed,4,4,0,null,null,4 invoice(s),null,2026-06-08 08:32:43.180058+00,2026-06-08 08:32:59.623368+00
eb6c21c3-c5f0-45ee-8d43-1c8258120bdd,00000000-0000-0000-0000-000000000001,8c42685b-f2df-4dec-96bd-0e77b715e33e,receipt,completed,1,1,0,null,null,1 receipt(s),null,2026-06-08 08:37:08.527498+00,2026-06-08 08:37:15.730856+00
d2129f82-ccb8-45f0-932e-621b9a141e39,00000000-0000-0000-0000-000000000001,8c42685b-f2df-4dec-96bd-0e77b715e33e,receipt,completed,1,1,0,null,null,1 receipt(s),null,2026-06-08 08:38:11.496279+00,2026-06-08 08:38:18.830931+00
2b982357-3376-4beb-bcc9-7f38f1414537,00000000-0000-0000-0000-000000000001,8c42685b-f2df-4dec-96bd-0e77b715e33e,receipt,completed,1,1,0,null,null,1 receipt(s),null,2026-06-08 08:38:55.503943+00,2026-06-08 08:39:02.768111+00
235ca4d5-1282-4ebb-8acb-be2a362d1614,00000000-0000-0000-0000-000000000001,8c42685b-f2df-4dec-96bd-0e77b715e33e,receipt,completed,1,1,0,null,null,1 receipt(s),null,2026-06-08 08:39:35.353446+00,2026-06-08 08:39:43.948979+00
dca75cc9-e984-451a-825e-75ffc284c167,00000000-0000-0000-0000-000000000001,8c42685b-f2df-4dec-96bd-0e77b715e33e,receipt,completed,1,1,0,null,null,1 receipt(s),null,2026-06-08 08:40:31.235081+00,2026-06-08 08:40:38.73262+00
bdcdbc21-b022-42e3-aba2-dffd9c7230ea,00000000-0000-0000-0000-000000000001,8c42685b-f2df-4dec-96bd-0e77b715e33e,receipt,completed,1,1,0,null,null,1 receipt(s),null,2026-06-08 08:41:06.802667+00,2026-06-08 08:41:12.979558+00
7abdca55-841b-46e2-b733-87bf37c093af,00000000-0000-0000-0000-000000000001,8c42685b-f2df-4dec-96bd-0e77b715e33e,receipt,completed,1,1,0,null,null,1 receipt(s),null,2026-06-08 08:41:31.997913+00,2026-06-08 08:41:38.79108+00
8873487a-a9b3-43d3-91b0-d0caa3fa4f75,00000000-0000-0000-0000-000000000001,8c42685b-f2df-4dec-96bd-0e77b715e33e,receipt,completed,1,1,0,null,null,1 receipt(s),null,2026-06-08 08:42:47.787536+00,2026-06-08 08:42:53.771199+00
d6cec61f-0419-4f24-8b40-c0990969001d,00000000-0000-0000-0000-000000000001,8c42685b-f2df-4dec-96bd-0e77b715e33e,receipt,completed,1,1,0,null,null,1 receipt(s),null,2026-06-08 08:43:54.483653+00,2026-06-08 08:44:00.564599+00
2b519126-209a-47d2-9fc0-13fd6d621dce,00000000-0000-0000-0000-000000000001,8c42685b-f2df-4dec-96bd-0e77b715e33e,receipt,completed,1,1,0,null,null,1 receipt(s),null,2026-06-08 08:44:21.098986+00,2026-06-08 08:44:27.87874+00
25fd8607-a16b-419c-a8eb-f8af311a800d,00000000-0000-0000-0000-000000000001,8c42685b-f2df-4dec-96bd-0e77b715e33e,receipt,completed,1,1,0,null,null,1 receipt(s),null,2026-06-08 08:45:25.104108+00,2026-06-08 08:45:31.630729+00
6aaaf534-aa0a-4667-b7c9-89b31770a41e,00000000-0000-0000-0000-000000000001,8c42685b-f2df-4dec-96bd-0e77b715e33e,receipt,completed,1,1,0,null,null,1 receipt(s),null,2026-06-08 08:46:00.214257+00,2026-06-08 08:46:06.726735+00
2d115903-b127-4bad-8b1a-927c98686da7,00000000-0000-0000-0000-000000000001,8c42685b-f2df-4dec-96bd-0e77b715e33e,invoice,completed,1,1,0,null,null,1 invoice(s),null,2026-06-08 09:49:34.836286+00,2026-06-08 09:49:43.865463+00
5a834678-595d-495c-ba10-df6aabf5a892,00000000-0000-0000-0000-000000000001,8c42685b-f2df-4dec-96bd-0e77b715e33e,receipt,completed,1,1,0,null,null,1 receipt(s),null,2026-06-08 09:51:30.513328+00,2026-06-08 09:51:37.485845+00
626affb7-db81-4217-87f6-77ff4f69dde8,00000000-0000-0000-0000-000000000001,8c42685b-f2df-4dec-96bd-0e77b715e33e,receipt,completed,1,1,0,null,null,1 receipt(s),null,2026-06-08 09:52:00.145593+00,2026-06-08 09:52:05.516154+00
ecfb20fe-8c85-4bae-bdef-f9741010e8e9,00000000-0000-0000-0000-000000000001,8c42685b-f2df-4dec-96bd-0e77b715e33e,receipt,completed,1,1,0,null,null,1 receipt(s),null,2026-06-08 09:56:28.159541+00,2026-06-08 09:56:35.528758+00
9e18f72f-bbf2-425b-b9cb-4eb18c28b45b,00000000-0000-0000-0000-000000000001,8c42685b-f2df-4dec-96bd-0e77b715e33e,receipt,completed,1,1,0,null,null,1 receipt(s),null,2026-06-08 09:57:42.669264+00,2026-06-08 09:57:48.163907+00
e82d95f5-d88e-463c-92b9-ea2e2a8d05ff,00000000-0000-0000-0000-000000000001,8c42685b-f2df-4dec-96bd-0e77b715e33e,receipt,completed,1,1,0,null,null,1 receipt(s),null,2026-06-08 10:09:45.382092+00,2026-06-08 10:09:50.701253+00
8aa889a4-4ff1-4e10-876f-07e986557102,00000000-0000-0000-0000-000000000001,8c42685b-f2df-4dec-96bd-0e77b715e33e,receipt,completed,1,1,0,null,null,1 receipt(s),null,2026-06-08 10:31:05.489948+00,2026-06-08 10:31:11.490252+00
2789d1f7-7d03-4a76-8f89-156f829d02eb,00000000-0000-0000-0000-000000000001,8c42685b-f2df-4dec-96bd-0e77b715e33e,receipt,completed,1,1,0,null,null,1 receipt(s),null,2026-06-08 10:39:38.030454+00,2026-06-08 10:39:44.205776+00
be030331-de69-44b0-93b3-ea26286cc8a8,00000000-0000-0000-0000-000000000001,8c42685b-f2df-4dec-96bd-0e77b715e33e,receipt,completed,1,1,0,null,null,1 receipt(s),null,2026-06-08 10:44:39.947281+00,2026-06-08 10:44:46.084348+00
2735140f-ae10-4e65-88b0-1c034d7fa0d3,00000000-0000-0000-0000-000000000001,8c42685b-f2df-4dec-96bd-0e77b715e33e,announcement,completed,182,182,0,null,null,Payment Reminder – Invoice Due,null,2026-06-08 11:41:12.438485+00,2026-06-08 11:53:19.550112+00
a831ae3f-6bcb-41aa-8e9f-400ae641cd02,00000000-0000-0000-0000-000000000001,54acafd0-4c07-4bbf-97ee-b4760389c991,announcement,completed,182,182,0,null,null,Formal remaider,2026-06-08 11:54:00.86+00,2026-06-08 11:50:20.647679+00,2026-06-08 11:54:01.621548+00
a423b334-6dd9-4e4c-8d2f-ce2b8b74aaec,00000000-0000-0000-0000-000000000001,8c42685b-f2df-4dec-96bd-0e77b715e33e,announcement,completed,182,158,24,24 message(s) failed.,null,Formal remaider,2026-06-09 06:20:34.577+00,2026-06-08 12:00:10.743504+00,2026-06-09 06:20:35.952577+00
12954470-42ba-4555-8b53-1d44f5258e8a,00000000-0000-0000-0000-000000000001,8c42685b-f2df-4dec-96bd-0e77b715e33e,receipt,completed,1,1,0,null,null,1 receipt(s),null,2026-06-09 08:23:28.208514+00,2026-06-09 08:23:38.587317+00
ff26a554-08d0-414d-8f61-9debcbc728ae,00000000-0000-0000-0000-000000000001,8c42685b-f2df-4dec-96bd-0e77b715e33e,receipt,completed,1,1,0,null,null,1 receipt(s),null,2026-06-09 08:24:26.785927+00,2026-06-09 08:24:34.211115+00
6f613a5b-bdec-43ff-84bc-ab31cac19cab,00000000-0000-0000-0000-000000000001,8c42685b-f2df-4dec-96bd-0e77b715e33e,receipt,completed,1,1,0,null,null,1 receipt(s),null,2026-06-09 08:26:51.526727+00,2026-06-09 08:26:59.03051+00
823e7382-2f89-420a-8c80-b2678dcc1db7,00000000-0000-0000-0000-000000000001,8c42685b-f2df-4dec-96bd-0e77b715e33e,receipt,completed,1,1,0,null,null,1 receipt(s),null,2026-06-09 08:28:19.738191+00,2026-06-09 08:28:27.737178+00
3f8a38b6-4346-4a2b-a098-9a1b62b09137,00000000-0000-0000-0000-000000000001,f6623646-3abe-4faf-bff7-684ea1f04e96,receipt,completed,1,1,0,null,null,1 receipt(s),null,2026-06-09 09:32:59.095394+00,2026-06-09 09:33:09.495524+00
35f46a67-c659-4ef9-b623-d9b572668f34,00000000-0000-0000-0000-000000000001,f6623646-3abe-4faf-bff7-684ea1f04e96,receipt,completed,1,1,0,null,null,1 receipt(s),null,2026-06-09 09:34:23.069337+00,2026-06-09 09:34:31.161948+00
c35a8e43-2148-44b5-831f-d40ee2f40e9c,00000000-0000-0000-0000-000000000001,f6623646-3abe-4faf-bff7-684ea1f04e96,receipt,completed,1,1,0,null,null,1 receipt(s),null,2026-06-09 09:36:11.510607+00,2026-06-09 09:36:18.445924+00
04449add-efd8-496c-9f51-de99fe2f294a,00000000-0000-0000-0000-000000000001,f6623646-3abe-4faf-bff7-684ea1f04e96,receipt,completed,1,1,0,null,null,1 receipt(s),null,2026-06-09 09:36:56.135208+00,2026-06-09 09:37:03.696292+00
a54f075d-0212-476d-831d-7c18f3ac52dc,00000000-0000-0000-0000-000000000001,f6623646-3abe-4faf-bff7-684ea1f04e96,receipt,completed,1,1,0,null,null,1 receipt(s),null,2026-06-09 09:37:58.534128+00,2026-06-09 09:38:06.493912+00
bcf5d48f-3ef2-4508-aa7a-6db4ea47bc58,00000000-0000-0000-0000-000000000001,8c42685b-f2df-4dec-96bd-0e77b715e33e,receipt,completed,1,1,0,null,null,1 receipt(s),null,2026-06-09 10:04:03.63784+00,2026-06-09 10:04:12.214119+00
1d05e3b4-0310-4299-a38d-f29cb40fe1e2,00000000-0000-0000-0000-000000000001,8c42685b-f2df-4dec-96bd-0e77b715e33e,receipt,completed,1,1,0,null,null,1 receipt(s),null,2026-06-09 10:08:05.663043+00,2026-06-09 10:08:13.412082+00
524e6b45-a62e-471c-9dd8-248f2e0610e6,00000000-0000-0000-0000-000000000001,8c42685b-f2df-4dec-96bd-0e77b715e33e,receipt,completed,1,1,0,null,null,1 receipt(s),null,2026-06-09 10:10:08.496088+00,2026-06-09 10:10:15.056073+00
41f768db-5f49-4d2a-afcb-01cf95d0df06,00000000-0000-0000-0000-000000000001,8c42685b-f2df-4dec-96bd-0e77b715e33e,receipt,completed,1,1,0,null,null,1 receipt(s),null,2026-06-09 10:10:29.5538+00,2026-06-09 10:10:36.875908+00
01e0c22e-0395-4518-9bf9-39a0581a6c24,00000000-0000-0000-0000-000000000001,8c42685b-f2df-4dec-96bd-0e77b715e33e,receipt,completed,1,1,0,null,null,1 receipt(s),null,2026-06-09 10:18:07.485755+00,2026-06-09 10:18:15.313203+00
4c2af3e3-8deb-41c1-8d70-ac5c5b0ff73a,00000000-0000-0000-0000-000000000001,8c42685b-f2df-4dec-96bd-0e77b715e33e,receipt,completed,1,1,0,null,null,1 receipt(s),null,2026-06-09 10:19:07.065645+00,2026-06-09 10:19:14.474359+00
428edcf8-1932-4149-ab57-5a72d210334e,00000000-0000-0000-0000-000000000001,8c42685b-f2df-4dec-96bd-0e77b715e33e,receipt,completed,1,1,0,null,null,1 receipt(s),null,2026-06-09 10:19:40.35395+00,2026-06-09 10:19:50.948845+00
5e0c2b35-5114-4a04-a7b5-bac29d934969,00000000-0000-0000-0000-000000000001,8c42685b-f2df-4dec-96bd-0e77b715e33e,receipt,completed,1,1,0,null,null,1 receipt(s),null,2026-06-09 10:20:32.969738+00,2026-06-09 10:20:39.780971+00
64e874bd-b024-4633-9790-9e63038dedda,00000000-0000-0000-0000-000000000001,8c42685b-f2df-4dec-96bd-0e77b715e33e,receipt,completed,1,1,0,null,null,1 receipt(s),null,2026-06-09 10:21:39.971865+00,2026-06-09 10:21:47.760803+00
cd9b3d51-aade-45d0-a442-21afaf14c40b,00000000-0000-0000-0000-000000000001,8c42685b-f2df-4dec-96bd-0e77b715e33e,receipt,completed,1,1,0,null,null,1 receipt(s),null,2026-06-09 10:21:51.518967+00,2026-06-09 10:21:58.959962+00
1887d961-dfa6-449b-abaa-77d33efb3912,00000000-0000-0000-0000-000000000001,8c42685b-f2df-4dec-96bd-0e77b715e33e,receipt,completed,1,1,0,null,null,1 receipt(s),null,2026-06-09 10:22:31.664363+00,2026-06-09 10:22:38.201317+00
b0d25047-2ebb-4037-bad2-1ee5ad304abf,00000000-0000-0000-0000-000000000001,8c42685b-f2df-4dec-96bd-0e77b715e33e,receipt,completed,1,1,0,null,null,1 receipt(s),null,2026-06-09 10:24:01.401464+00,2026-06-09 10:24:08.122488+00
378c38ec-9571-4ae9-b487-49abe6b42626,00000000-0000-0000-0000-000000000001,8c42685b-f2df-4dec-96bd-0e77b715e33e,receipt,completed,1,1,0,null,null,1 receipt(s),null,2026-06-09 10:24:14.259861+00,2026-06-09 10:24:20.679493+00
899af9ab-9141-4f8e-bfb2-213ae9f0d3ec,00000000-0000-0000-0000-000000000001,8c42685b-f2df-4dec-96bd-0e77b715e33e,receipt,completed,1,1,0,null,null,1 receipt(s),null,2026-06-09 10:24:46.948721+00,2026-06-09 10:24:54.464569+00
3f8d1304-e315-4ae4-bcf7-51fee8c542d9,00000000-0000-0000-0000-000000000001,8c42685b-f2df-4dec-96bd-0e77b715e33e,receipt,completed,1,1,0,null,null,1 receipt(s),null,2026-06-09 10:25:17.013393+00,2026-06-09 10:25:23.68755+00
4a4b0c85-5fd2-4b55-9f4e-73c9c995b694,00000000-0000-0000-0000-000000000001,8c42685b-f2df-4dec-96bd-0e77b715e33e,receipt,completed,1,1,0,null,null,1 receipt(s),null,2026-06-09 10:25:32.223443+00,2026-06-09 10:25:38.840333+00
f1c3a6ee-9e5d-4702-b716-33615f1b9574,00000000-0000-0000-0000-000000000001,8c42685b-f2df-4dec-96bd-0e77b715e33e,receipt,completed,1,1,0,null,null,1 receipt(s),null,2026-06-09 10:26:47.372767+00,2026-06-09 10:26:53.053925+00
c68ecc18-a825-495d-93ae-b11472439e31,00000000-0000-0000-0000-000000000001,8c42685b-f2df-4dec-96bd-0e77b715e33e,receipt,completed,1,1,0,null,null,1 receipt(s),null,2026-06-09 10:27:48.909455+00,2026-06-09 10:27:55.494554+00
5f6d2883-de6e-4725-8d3e-c3ba95931e6d,00000000-0000-0000-0000-000000000001,8c42685b-f2df-4dec-96bd-0e77b715e33e,receipt,completed,1,1,0,null,null,1 receipt(s),null,2026-06-09 10:42:28.820568+00,2026-06-09 10:42:35.585291+00
4a0ad5cd-c1fe-4cc2-9129-404c99bd7a62,00000000-0000-0000-0000-000000000001,8c42685b-f2df-4dec-96bd-0e77b715e33e,receipt,completed,1,1,0,null,null,1 receipt(s),null,2026-06-09 11:08:20.709667+00,2026-06-09 11:08:28.254217+00
76786890-0584-4071-9fff-1a5a264aa169,00000000-0000-0000-0000-000000000001,8c42685b-f2df-4dec-96bd-0e77b715e33e,receipt,completed,1,1,0,null,null,1 receipt(s),null,2026-06-09 11:09:08.847533+00,2026-06-09 11:09:14.421776+00
6ee67f13-1ae7-4bc2-b1b2-c1745c75aa1d,00000000-0000-0000-0000-000000000001,8c42685b-f2df-4dec-96bd-0e77b715e33e,receipt,completed,1,1,0,null,null,1 receipt(s),null,2026-06-09 11:32:07.835054+00,2026-06-09 11:32:15.690306+00
fc76ed99-18eb-4aff-890f-da2333cbde98,00000000-0000-0000-0000-000000000001,8c42685b-f2df-4dec-96bd-0e77b715e33e,receipt,completed,1,1,0,null,null,1 receipt(s),null,2026-06-09 11:44:05.633586+00,2026-06-09 11:44:12.521704+00
4c27c384-a8c0-46c6-8db9-42b02bf510b0,00000000-0000-0000-0000-000000000001,8c42685b-f2df-4dec-96bd-0e77b715e33e,receipt,completed,1,1,0,null,null,1 receipt(s),null,2026-06-09 11:45:13.987209+00,2026-06-09 11:45:20.310729+00
1d428772-8673-4b7e-bbfc-625c80b5080d,00000000-0000-0000-0000-000000000001,8c42685b-f2df-4dec-96bd-0e77b715e33e,receipt,completed,1,1,0,null,null,1 receipt(s),null,2026-06-09 11:46:09.526207+00,2026-06-09 11:46:16.215088+00
1f785a8b-97bf-4aff-85f7-0825817de469,00000000-0000-0000-0000-000000000001,8c42685b-f2df-4dec-96bd-0e77b715e33e,receipt,completed,1,1,0,null,null,1 receipt(s),null,2026-06-10 05:56:36.967537+00,2026-06-10 05:56:46.357776+00
74085aaa-59ad-4db6-a7f9-5922c1c89474,00000000-0000-0000-0000-000000000001,8c42685b-f2df-4dec-96bd-0e77b715e33e,receipt,completed,1,1,0,null,null,1 receipt(s),null,2026-06-10 05:59:51.268259+00,2026-06-10 05:59:58.466195+00
37567f02-f200-4c56-80af-ce403cc55588,00000000-0000-0000-0000-000000000001,8c42685b-f2df-4dec-96bd-0e77b715e33e,receipt,completed,1,1,0,null,null,1 receipt(s),null,2026-06-10 06:02:26.24131+00,2026-06-10 06:02:32.736656+00
aa08aede-793f-45da-a77e-596de60f394d,00000000-0000-0000-0000-000000000001,8c42685b-f2df-4dec-96bd-0e77b715e33e,receipt,completed,1,1,0,null,null,1 receipt(s),null,2026-06-10 06:10:15.069414+00,2026-06-10 06:10:21.912555+00
69f3b66a-9dc9-4cc2-8bd9-b6432f798ea6,00000000-0000-0000-0000-000000000001,8c42685b-f2df-4dec-96bd-0e77b715e33e,receipt,completed,1,1,0,null,null,1 receipt(s),null,2026-06-10 07:12:43.685641+00,2026-06-10 07:12:50.49477+00
71d53d22-0b67-48c4-a9b2-3ad494332b54,00000000-0000-0000-0000-000000000001,8c42685b-f2df-4dec-96bd-0e77b715e33e,receipt,completed,1,1,0,null,null,1 receipt(s),null,2026-06-10 10:39:05.983499+00,2026-06-10 10:39:17.798359+00
efbb8664-5d35-4d4f-b9dd-293212d1a1b5,00000000-0000-0000-0000-000000000001,8c42685b-f2df-4dec-96bd-0e77b715e33e,receipt,completed,54,54,0,null,null,54 receipt(s),null,2026-06-10 10:42:02.311084+00,2026-06-10 10:52:35.931729+00
543ec2e7-033e-44c6-835d-5fb1ee5d0578,00000000-0000-0000-0000-000000000001,8c42685b-f2df-4dec-96bd-0e77b715e33e,invoice,completed,1,1,0,null,null,1 invoice(s),null,2026-06-10 11:16:49.039318+00,2026-06-10 11:16:57.066552+00
ab359461-20cd-474e-a30e-e66d48555a47,00000000-0000-0000-0000-000000000001,8c42685b-f2df-4dec-96bd-0e77b715e33e,invoice,completed,1,1,0,null,null,1 invoice(s),null,2026-06-10 11:17:38.204976+00,2026-06-10 11:17:43.550135+00
64e1fc20-8cd1-4b9d-93f9-8bce4be74d8a,00000000-0000-0000-0000-000000000001,8c42685b-f2df-4dec-96bd-0e77b715e33e,invoice,completed,1,1,0,null,null,1 invoice(s),null,2026-06-10 11:19:49.822511+00,2026-06-10 11:19:55.821535+00
c0c5dedc-9d58-431b-ac76-271396a3da7d,00000000-0000-0000-0000-000000000001,8c42685b-f2df-4dec-96bd-0e77b715e33e,invoice,completed,1,1,0,null,null,1 invoice(s),null,2026-06-11 10:15:29.665322+00,2026-06-11 10:15:37.424+00
f0b12cd0-0188-4f08-8542-b7ed80f89e1f,00000000-0000-0000-0000-000000000001,8c42685b-f2df-4dec-96bd-0e77b715e33e,invoice,completed,1,1,0,null,null,1 invoice(s),null,2026-06-11 10:21:42.549584+00,2026-06-11 10:21:49.618615+00
86ebfef9-68fa-40e1-a607-693f6012fda6,00000000-0000-0000-0000-000000000001,8c42685b-f2df-4dec-96bd-0e77b715e33e,invoice,completed,1,1,0,null,null,1 invoice(s),null,2026-06-11 10:23:06.351266+00,2026-06-11 10:23:12.465461+00
583fd8db-00e1-4f2f-a530-c1916fb975e8,00000000-0000-0000-0000-000000000001,8c42685b-f2df-4dec-96bd-0e77b715e33e,invoice,completed,1,1,0,null,null,1 invoice(s),null,2026-06-11 10:23:15.180457+00,2026-06-11 10:23:21.319675+00
eddb223c-b7ea-4148-a490-0fa97a16b250,00000000-0000-0000-0000-000000000001,8c42685b-f2df-4dec-96bd-0e77b715e33e,invoice,completed,1,1,0,null,null,1 invoice(s),null,2026-06-11 10:31:05.997775+00,2026-06-11 10:31:51.518572+00
d3205da3-492c-4fea-aad0-9da7cf417029,00000000-0000-0000-0000-000000000001,8c42685b-f2df-4dec-96bd-0e77b715e33e,invoice,completed,1,1,0,null,null,1 invoice(s),null,2026-06-11 10:31:17.195074+00,2026-06-11 10:31:24.276763+00
4f0f3cd8-affe-4783-a036-da1701990de9,00000000-0000-0000-0000-000000000001,8c42685b-f2df-4dec-96bd-0e77b715e33e,invoice,completed,1,1,0,null,null,1 invoice(s),null,2026-06-11 10:31:47.639595+00,2026-06-11 10:31:54.539114+00
29f3e70a-9dc8-4d13-84cf-876e77ced88e,00000000-0000-0000-0000-000000000001,8c42685b-f2df-4dec-96bd-0e77b715e33e,invoice,completed,1,1,0,null,null,1 invoice(s),null,2026-06-11 10:32:15.431538+00,2026-06-11 10:32:21.984542+00
96a033ca-b813-415d-9faa-a02fa9488370,00000000-0000-0000-0000-000000000001,8c42685b-f2df-4dec-96bd-0e77b715e33e,invoice,completed,1,1,0,null,null,1 invoice(s),null,2026-06-11 10:32:49.664869+00,2026-06-11 10:32:54.955723+00
36ebec98-3a52-4104-a8fe-fc894d0fc495,00000000-0000-0000-0000-000000000001,8c42685b-f2df-4dec-96bd-0e77b715e33e,invoice,completed,1,1,0,null,null,1 invoice(s),null,2026-06-11 10:33:01.742106+00,2026-06-11 10:33:07.605971+00
536020b6-5bfc-4a4d-b4fd-804ad19edff7,00000000-0000-0000-0000-000000000001,8c42685b-f2df-4dec-96bd-0e77b715e33e,invoice,completed,1,1,0,null,null,1 invoice(s),null,2026-06-11 10:33:10.291509+00,2026-06-11 10:33:15.165739+00
16647aab-d430-45c1-be94-ddd4194c36f0,00000000-0000-0000-0000-000000000001,8c42685b-f2df-4dec-96bd-0e77b715e33e,invoice,completed,1,1,0,null,null,1 invoice(s),null,2026-06-11 10:34:42.487311+00,2026-06-11 10:34:47.633516+00
34ca1e43-7a9b-48cb-a174-b0218fe14f36,00000000-0000-0000-0000-000000000001,8c42685b-f2df-4dec-96bd-0e77b715e33e,invoice,completed,1,1,0,null,null,1 invoice(s),null,2026-06-11 10:34:49.193862+00,2026-06-11 10:34:55.055015+00
db7f41c0-4623-46f4-9773-e9cfa21bdf45,00000000-0000-0000-0000-000000000001,8c42685b-f2df-4dec-96bd-0e77b715e33e,receipt,completed,1,1,0,null,null,1 receipt(s),null,2026-06-12 04:54:42.853879+00,2026-06-12 04:54:51.515092+00
88c87c23-e03b-4a7d-a99d-bf8d889710ef,00000000-0000-0000-0000-000000000001,8c42685b-f2df-4dec-96bd-0e77b715e33e,receipt,completed,1,1,0,null,null,1 receipt(s),null,2026-06-13 06:32:01.878403+00,2026-06-13 06:32:09.721103+00
42de7778-5473-45da-be6e-a8a34f1a6c64,00000000-0000-0000-0000-000000000001,8c42685b-f2df-4dec-96bd-0e77b715e33e,invoice,completed,1,1,0,null,null,1 invoice(s),null,2026-06-13 08:28:41.444597+00,2026-06-13 08:28:48.938899+00
90c6c986-138f-4f4e-8231-17ec9f6924c9,00000000-0000-0000-0000-000000000001,8c42685b-f2df-4dec-96bd-0e77b715e33e,invoice,completed,1,1,0,null,null,1 invoice(s),null,2026-06-13 08:28:57.75135+00,2026-06-13 08:29:03.828538+00
8686c8bb-6d50-4068-ae9c-12ff3c758950,00000000-0000-0000-0000-000000000001,8c42685b-f2df-4dec-96bd-0e77b715e33e,receipt,completed,1,1,0,null,null,1 receipt(s),null,2026-06-15 06:04:13.04748+00,2026-06-15 06:04:20.150482+00
b16a8b2f-d972-4395-94d8-8e0a1de85541,00000000-0000-0000-0000-000000000001,8c42685b-f2df-4dec-96bd-0e77b715e33e,receipt,completed,1,1,0,null,null,1 receipt(s),null,2026-06-15 07:43:07.897484+00,2026-06-15 07:43:16.423339+00
9740ee9c-a39c-4ee2-9324-8ee152e2c5a7,00000000-0000-0000-0000-000000000001,8c42685b-f2df-4dec-96bd-0e77b715e33e,invoice,completed,1,1,0,null,null,1 invoice(s),null,2026-06-15 07:44:44.741759+00,2026-06-15 07:44:50.929031+00
7e1aa257-12a7-4a29-ac6f-30a590c6e900,00000000-0000-0000-0000-000000000001,8c42685b-f2df-4dec-96bd-0e77b715e33e,invoice,completed,1,1,0,null,null,1 invoice(s),null,2026-06-15 07:46:08.753364+00,2026-06-15 07:46:15.419934+00
d03c8d15-b3bb-47ec-951f-c300bdaa272e,00000000-0000-0000-0000-000000000001,8c42685b-f2df-4dec-96bd-0e77b715e33e,invoice,completed,1,1,0,null,null,1 invoice(s),null,2026-06-15 08:11:30.726579+00,2026-06-15 08:11:36.596767+00
226c03f2-062b-4efe-8d14-00e6a29a3689,00000000-0000-0000-0000-000000000001,8c42685b-f2df-4dec-96bd-0e77b715e33e,invoice,completed,1,1,0,null,null,1 invoice(s),null,2026-06-15 08:12:27.465634+00,2026-06-15 08:12:33.320269+00
d13f08c0-63c5-499e-a6aa-25b4acb9c726,00000000-0000-0000-0000-000000000001,8c42685b-f2df-4dec-96bd-0e77b715e33e,receipt,completed,1,1,0,null,null,1 receipt(s),null,2026-06-17 06:23:23.409201+00,2026-06-17 06:23:31.17161+00
a9d4c16b-57b0-459b-a190-e5c2a07d48ce,00000000-0000-0000-0000-000000000001,8c42685b-f2df-4dec-96bd-0e77b715e33e,receipt,completed,1,1,0,null,null,1 receipt(s),null,2026-06-18 10:43:29.265492+00,2026-06-18 10:43:37.521838+00
d61915ba-6efe-4d2f-a309-7d05e294ee63,00000000-0000-0000-0000-000000000001,8c42685b-f2df-4dec-96bd-0e77b715e33e,receipt,failed,1,0,1,"Unsupported post request. Object with ID '1063194113550174' does not exist, cannot be loaded due to missing permissions, or does not support this operation. Please read the Graph API documentation at https://developers.facebook.com/docs/graph-api","{""failures"":[""Unsupported post request. Object with ID '1063194113550174' does not exist, cannot be loaded due to missing permissions, or does not support this operation. Please read the Graph API documentation at https://developers.facebook.com/docs/graph-api""]}",1 receipt(s),2026-06-30 10:09:32.531+00,2026-06-29 05:29:18.357632+00,2026-06-30 10:09:31.913933+00
cf9543f1-9165-4f99-8627-fa167159b417,00000000-0000-0000-0000-000000000001,8c42685b-f2df-4dec-96bd-0e77b715e33e,receipt,failed,1,0,1,"Unsupported post request. Object with ID '1063194113550174' does not exist, cannot be loaded due to missing permissions, or does not support this operation. Please read the Graph API documentation at https://developers.facebook.com/docs/graph-api","{""failures"":[""Unsupported post request. Object with ID '1063194113550174' does not exist, cannot be loaded due to missing permissions, or does not support this operation. Please read the Graph API documentation at https://developers.facebook.com/docs/graph-api""]}",1 receipt(s),2026-06-30 10:09:31.525+00,2026-06-29 05:29:29.624541+00,2026-06-30 10:09:30.919417+00
6ba888e9-6d3c-4332-a49d-f7fb53c106ec,00000000-0000-0000-0000-000000000001,8c42685b-f2df-4dec-96bd-0e77b715e33e,receipt,failed,16,0,16,"Unsupported post request. Object with ID '1063194113550174' does not exist, cannot be loaded due to missing permissions, or does not support this operation. Please read the Graph API documentation at https://developers.facebook.com/docs/graph-api","{""failures"":[""Unsupported post request. Object with ID '1063194113550174' does not exist, cannot be loaded due to missing permissions, or does not support this operation. Please read the Graph API documentation at https://developers.facebook.com/docs/graph-api"",""Unsupported post request. Object with ID '1063194113550174' does not exist, cannot be loaded due to missing permissions, or does not support this operation. Please read the Graph API documentation at https://developers.facebook.com/docs/graph-api"",""Unsupported post request. Object with ID '1063194113550174' does not exist, cannot be loaded due to missing permissions, or does not support this operation. Please read the Graph API documentation at https://developers.facebook.com/docs/graph-api""]}",16 receipt(s),2026-06-30 10:09:30.389+00,2026-06-29 05:50:43.96512+00,2026-06-30 10:09:29.782985+00
a5d3f109-c5fd-4779-855b-15a952e9e33d,00000000-0000-0000-0000-000000000001,8c42685b-f2df-4dec-96bd-0e77b715e33e,receipt,failed,16,0,16,"Unsupported post request. Object with ID '1063194113550174' does not exist, cannot be loaded due to missing permissions, or does not support this operation. Please read the Graph API documentation at https://developers.facebook.com/docs/graph-api","{""failures"":[""Unsupported post request. Object with ID '1063194113550174' does not exist, cannot be loaded due to missing permissions, or does not support this operation. Please read the Graph API documentation at https://developers.facebook.com/docs/graph-api"",""Unsupported post request. Object with ID '1063194113550174' does not exist, cannot be loaded due to missing permissions, or does not support this operation. Please read the Graph API documentation at https://developers.facebook.com/docs/graph-api"",""Unsupported post request. Object with ID '1063194113550174' does not exist, cannot be loaded due to missing permissions, or does not support this operation. Please read the Graph API documentation at https://developers.facebook.com/docs/graph-api""]}",16 receipt(s),2026-06-30 10:09:29.509+00,2026-06-29 05:50:44.083096+00,2026-06-30 10:09:28.901011+00
6e63417c-3400-4669-ba3a-0ff2d860fe1b,00000000-0000-0000-0000-000000000001,8c42685b-f2df-4dec-96bd-0e77b715e33e,receipt,failed,1,0,1,"Unsupported post request. Object with ID '1063194113550174' does not exist, cannot be loaded due to missing permissions, or does not support this operation. Please read the Graph API documentation at https://developers.facebook.com/docs/graph-api","{""failures"":[""Unsupported post request. Object with ID '1063194113550174' does not exist, cannot be loaded due to missing permissions, or does not support this operation. Please read the Graph API documentation at https://developers.facebook.com/docs/graph-api""]}",1 receipt(s),2026-06-30 10:09:27.198+00,2026-06-29 05:54:14.155914+00,2026-06-30 10:09:26.597518+00
c97fd01d-6bee-4fe7-ba38-556de93c4eed,00000000-0000-0000-0000-000000000001,8c42685b-f2df-4dec-96bd-0e77b715e33e,receipt,failed,1,0,1,"Unsupported post request. Object with ID '1063194113550174' does not exist, cannot be loaded due to missing permissions, or does not support this operation. Please read the Graph API documentation at https://developers.facebook.com/docs/graph-api","{""failures"":[""Unsupported post request. Object with ID '1063194113550174' does not exist, cannot be loaded due to missing permissions, or does not support this operation. Please read the Graph API documentation at https://developers.facebook.com/docs/graph-api""]}",1 receipt(s),2026-06-30 10:09:28.448+00,2026-06-29 05:56:49.591723+00,2026-06-30 10:09:27.822914+00
8f3a74c9-8079-4722-aaa1-14219c854536,00000000-0000-0000-0000-000000000001,8c42685b-f2df-4dec-96bd-0e77b715e33e,receipt,failed,1,0,1,"Unsupported post request. Object with ID '1063194113550174' does not exist, cannot be loaded due to missing permissions, or does not support this operation. Please read the Graph API documentation at https://developers.facebook.com/docs/graph-api","{""failures"":[""Unsupported post request. Object with ID '1063194113550174' does not exist, cannot be loaded due to missing permissions, or does not support this operation. Please read the Graph API documentation at https://developers.facebook.com/docs/graph-api""]}",1 receipt(s),2026-06-30 10:09:34.804+00,2026-06-29 05:57:07.390039+00,2026-06-30 10:09:34.203275+00
4c10de83-dfee-4a21-862d-44e257416edc,00000000-0000-0000-0000-000000000001,8c42685b-f2df-4dec-96bd-0e77b715e33e,receipt,failed,2,0,2,"Unsupported post request. Object with ID '1063194113550174' does not exist, cannot be loaded due to missing permissions, or does not support this operation. Please read the Graph API documentation at https://developers.facebook.com/docs/graph-api","{""failures"":[""Unsupported post request. Object with ID '1063194113550174' does not exist, cannot be loaded due to missing permissions, or does not support this operation. Please read the Graph API documentation at https://developers.facebook.com/docs/graph-api"",""Unsupported post request. Object with ID '1063194113550174' does not exist, cannot be loaded due to missing permissions, or does not support this operation. Please read the Graph API documentation at https://developers.facebook.com/docs/graph-api""]}",2 receipt(s),2026-06-30 10:09:36.281+00,2026-06-29 11:24:02.498777+00,2026-06-30 10:09:35.678618+00
7be361c9-3fd8-483e-9412-98b2b68dc72c,00000000-0000-0000-0000-000000000001,8c42685b-f2df-4dec-96bd-0e77b715e33e,receipt,failed,2,0,2,"Unsupported post request. Object with ID '1063194113550174' does not exist, cannot be loaded due to missing permissions, or does not support this operation. Please read the Graph API documentation at https://developers.facebook.com/docs/graph-api","{""failures"":[""Unsupported post request. Object with ID '1063194113550174' does not exist, cannot be loaded due to missing permissions, or does not support this operation. Please read the Graph API documentation at https://developers.facebook.com/docs/graph-api"",""Unsupported post request. Object with ID '1063194113550174' does not exist, cannot be loaded due to missing permissions, or does not support this operation. Please read the Graph API documentation at https://developers.facebook.com/docs/graph-api""]}",2 receipt(s),2026-06-30 10:09:37.717+00,2026-06-29 11:24:10.120172+00,2026-06-30 10:09:37.105723+00
cb14d380-c8f3-470b-a91f-229c357ea229,00000000-0000-0000-0000-000000000001,8c42685b-f2df-4dec-96bd-0e77b715e33e,receipt,failed,2,0,2,"Unsupported post request. Object with ID '1063194113550174' does not exist, cannot be loaded due to missing permissions, or does not support this operation. Please read the Graph API documentation at https://developers.facebook.com/docs/graph-api","{""failures"":[""Unsupported post request. Object with ID '1063194113550174' does not exist, cannot be loaded due to missing permissions, or does not support this operation. Please read the Graph API documentation at https://developers.facebook.com/docs/graph-api"",""Unsupported post request. Object with ID '1063194113550174' does not exist, cannot be loaded due to missing permissions, or does not support this operation. Please read the Graph API documentation at https://developers.facebook.com/docs/graph-api""]}",2 receipt(s),2026-06-30 10:09:39.218+00,2026-06-29 11:24:30.801166+00,2026-06-30 10:09:38.603432+00
a0bf1521-fa24-4c1f-be62-393372a97230,00000000-0000-0000-0000-000000000001,8c42685b-f2df-4dec-96bd-0e77b715e33e,receipt,failed,2,0,2,"Unsupported post request. Object with ID '1063194113550174' does not exist, cannot be loaded due to missing permissions, or does not support this operation. Please read the Graph API documentation at https://developers.facebook.com/docs/graph-api","{""failures"":[""Unsupported post request. Object with ID '1063194113550174' does not exist, cannot be loaded due to missing permissions, or does not support this operation. Please read the Graph API documentation at https://developers.facebook.com/docs/graph-api"",""Unsupported post request. Object with ID '1063194113550174' does not exist, cannot be loaded due to missing permissions, or does not support this operation. Please read the Graph API documentation at https://developers.facebook.com/docs/graph-api""]}",2 receipt(s),2026-06-30 10:09:41.247+00,2026-06-29 11:25:13.349339+00,2026-06-30 10:09:40.621597+00
66c6f3a1-a062-4d6e-aa41-bb6da5a132c5,00000000-0000-0000-0000-000000000001,54acafd0-4c07-4bbf-97ee-b4760389c991,receipt,failed,1,0,1,"Unsupported post request. Object with ID '1063194113550174' does not exist, cannot be loaded due to missing permissions, or does not support this operation. Please read the Graph API documentation at https://developers.facebook.com/docs/graph-api","{""failures"":[""Unsupported post request. Object with ID '1063194113550174' does not exist, cannot be loaded due to missing permissions, or does not support this operation. Please read the Graph API documentation at https://developers.facebook.com/docs/graph-api""]}",1 receipt(s),2026-06-30 10:09:42.602+00,2026-06-29 11:26:10.052868+00,2026-06-30 10:09:42.003995+00
2350b5f5-4140-4f62-a09d-182afbaa75a4,00000000-0000-0000-0000-000000000001,54acafd0-4c07-4bbf-97ee-b4760389c991,receipt,failed,1,0,1,"Unsupported post request. Object with ID '1063194113550174' does not exist, cannot be loaded due to missing permissions, or does not support this operation. Please read the Graph API documentation at https://developers.facebook.com/docs/graph-api","{""failures"":[""Unsupported post request. Object with ID '1063194113550174' does not exist, cannot be loaded due to missing permissions, or does not support this operation. Please read the Graph API documentation at https://developers.facebook.com/docs/graph-api""]}",1 receipt(s),2026-06-30 10:09:46.202+00,2026-06-29 11:32:32.610891+00,2026-06-30 10:09:45.586828+00
aac8cdc0-dff5-4747-9c6e-ee8b8680743d,00000000-0000-0000-0000-000000000001,54acafd0-4c07-4bbf-97ee-b4760389c991,receipt,failed,1,0,1,"Unsupported post request. Object with ID '1063194113550174' does not exist, cannot be loaded due to missing permissions, or does not support this operation. Please read the Graph API documentation at https://developers.facebook.com/docs/graph-api","{""failures"":[""Unsupported post request. Object with ID '1063194113550174' does not exist, cannot be loaded due to missing permissions, or does not support this operation. Please read the Graph API documentation at https://developers.facebook.com/docs/graph-api""]}",1 receipt(s),2026-06-30 10:09:47.295+00,2026-06-29 11:35:04.806385+00,2026-06-30 10:09:46.676536+00
515c2d76-0ac7-4ae4-bd32-3b048ba93edb,00000000-0000-0000-0000-000000000001,8c42685b-f2df-4dec-96bd-0e77b715e33e,invoice,completed,173,173,0,null,null,173 invoice(s),null,2026-06-30 10:40:44.034886+00,2026-06-30 11:48:57.850342+00
04217744-5b51-4624-baa8-9ea876a330dd,00000000-0000-0000-0000-000000000001,8c42685b-f2df-4dec-96bd-0e77b715e33e,invoice,completed,173,173,0,null,null,173 invoice(s),null,2026-06-30 10:41:32.020714+00,2026-06-30 11:11:26.594156+00
7dbe6c2c-2dbf-44b5-bb98-57bdc4bee988,00000000-0000-0000-0000-000000000001,8c42685b-f2df-4dec-96bd-0e77b715e33e,invoice,completed,5,5,0,null,null,5 invoice(s),null,2026-06-30 11:15:47.873174+00,2026-06-30 11:16:23.199246+00
b80b7e00-e820-40d8-935f-cf549e17f9fc,00000000-0000-0000-0000-000000000001,8c42685b-f2df-4dec-96bd-0e77b715e33e,invoice,completed,1,1,0,null,null,1 invoice(s),null,2026-06-30 11:19:07.273455+00,2026-06-30 11:19:17.405726+00
6c2c2495-926e-42b4-b0d9-3e4145f85f0d,00000000-0000-0000-0000-000000000001,8c42685b-f2df-4dec-96bd-0e77b715e33e,invoice,completed,5,5,0,null,null,5 invoice(s),null,2026-06-30 11:41:15.23983+00,2026-06-30 11:41:57.108354+00
fa128bf5-5ea8-4000-82ce-8b3e119e2825,00000000-0000-0000-0000-000000000001,8c42685b-f2df-4dec-96bd-0e77b715e33e,invoice,completed,1,1,0,null,null,1 invoice(s),null,2026-07-01 08:04:59.607944+00,2026-07-01 08:05:07.225557+00
8765df44-c0b1-483d-afeb-c55268ce4a7f,00000000-0000-0000-0000-000000000001,8c42685b-f2df-4dec-96bd-0e77b715e33e,invoice,completed,2,2,0,null,null,2 invoice(s),null,2026-07-01 10:16:43.232096+00,2026-07-01 10:16:53.10077+00
0f278f60-4598-4b2f-8c9a-30529a84303d,00000000-0000-0000-0000-000000000001,8c42685b-f2df-4dec-96bd-0e77b715e33e,invoice,completed,1,1,0,null,null,1 invoice(s),null,2026-07-01 10:31:30.433633+00,2026-07-01 10:31:36.128233+00
70899d40-9a73-47f0-9dd9-4c189473c08c,00000000-0000-0000-0000-000000000001,8c42685b-f2df-4dec-96bd-0e77b715e33e,invoice,completed,2,2,0,null,null,2 invoice(s),null,2026-07-01 10:34:13.072449+00,2026-07-01 10:34:21.552632+00
05ce5d4f-1c56-465d-95ca-69849bec5bcc,00000000-0000-0000-0000-000000000001,8c42685b-f2df-4dec-96bd-0e77b715e33e,invoice,completed,1,1,0,null,null,1 invoice(s),null,2026-07-01 10:36:26.009931+00,2026-07-01 10:36:32.742262+00
d5c701a6-6c8f-47c2-b40f-b005a06fda2d,00000000-0000-0000-0000-000000000001,8c42685b-f2df-4dec-96bd-0e77b715e33e,invoice,completed,1,1,0,null,null,1 invoice(s),null,2026-07-01 10:36:50.411468+00,2026-07-01 10:36:56.68292+00
41ace5c3-6a4e-402e-82dd-9defc2d4ca9b,00000000-0000-0000-0000-000000000001,8c42685b-f2df-4dec-96bd-0e77b715e33e,invoice,failed,1,0,1,"BotBee template HTTP 401: {""message"":""Unauthenticated.""}","{""failures"":[""BotBee template HTTP 401: {\""message\"":\""Unauthenticated.\""}""]}",1 invoice(s),2026-07-07 13:06:38.535+00,2026-07-02 10:12:22.958028+00,2026-07-07 13:06:37.330747+00
656aa853-ba12-44d0-b977-8f6636eae40e,00000000-0000-0000-0000-000000000001,8c42685b-f2df-4dec-96bd-0e77b715e33e,invoice,completed,2,2,0,null,"{""failures"":[""BotBee template HTTP 401: {\""message\"":\""Unauthenticated.\""}"",""BotBee template HTTP 401: {\""message\"":\""Unauthenticated.\""}""]}",2 invoice(s),2026-07-07 13:06:40.496+00,2026-07-02 10:16:16.612333+00,2026-08-07 05:48:08.21624+00
e5bb5d58-96b0-491b-8f51-34de7ec4aaf0,00000000-0000-0000-0000-000000000001,8c42685b-f2df-4dec-96bd-0e77b715e33e,receipt,failed,1,0,1,"BotBee template HTTP 401: {""message"":""Unauthenticated.""}","{""failures"":[""BotBee template HTTP 401: {\""message\"":\""Unauthenticated.\""}""]}",1 receipt(s),2026-07-07 13:06:41.839+00,2026-07-02 10:19:50.829477+00,2026-07-07 13:06:40.637916+00
7c8a6ed0-a01c-4268-b6da-87c3c4b59288,00000000-0000-0000-0000-000000000001,8c42685b-f2df-4dec-96bd-0e77b715e33e,receipt,failed,1,0,1,"BotBee template HTTP 401: {""message"":""Unauthenticated.""}","{""failures"":[""BotBee template HTTP 401: {\""message\"":\""Unauthenticated.\""}""]}",1 receipt(s),2026-07-07 13:06:43.289+00,2026-07-02 10:20:54.384354+00,2026-07-07 13:06:42.091391+00
749f6201-154e-4c39-b252-f58030cf77d3,00000000-0000-0000-0000-000000000001,8c42685b-f2df-4dec-96bd-0e77b715e33e,receipt,failed,1,0,1,"BotBee template HTTP 401: {""message"":""Unauthenticated.""}","{""failures"":[""BotBee template HTTP 401: {\""message\"":\""Unauthenticated.\""}""]}",1 receipt(s),2026-07-07 13:06:44.032+00,2026-07-02 10:22:20.255339+00,2026-07-07 13:06:42.846043+00
a50a71c1-841f-4405-aa77-5abc2fe9548c,00000000-0000-0000-0000-000000000001,8c42685b-f2df-4dec-96bd-0e77b715e33e,receipt,failed,1,0,1,"BotBee template HTTP 401: {""message"":""Unauthenticated.""}","{""failures"":[""BotBee template HTTP 401: {\""message\"":\""Unauthenticated.\""}""]}",1 receipt(s),2026-07-07 13:06:45.672+00,2026-07-02 10:23:37.110938+00,2026-07-07 13:06:44.48222+00
84764e3a-a302-4acf-bc29-36ac28e9e64a,00000000-0000-0000-0000-000000000001,8c42685b-f2df-4dec-96bd-0e77b715e33e,receipt,failed,1,0,1,"BotBee template HTTP 401: {""message"":""Unauthenticated.""}","{""failures"":[""BotBee template HTTP 401: {\""message\"":\""Unauthenticated.\""}""]}",1 receipt(s),2026-07-07 13:07:42.017+00,2026-07-02 10:24:23.330106+00,2026-07-07 13:07:40.811699+00
40416563-b518-447c-9ba7-d4fccb5f6e18,00000000-0000-0000-0000-000000000001,8c42685b-f2df-4dec-96bd-0e77b715e33e,receipt,failed,1,0,1,"BotBee template HTTP 401: {""message"":""Unauthenticated.""}","{""failures"":[""BotBee template HTTP 401: {\""message\"":\""Unauthenticated.\""}""]}",1 receipt(s),2026-07-17 09:30:24.202+00,2026-07-02 10:26:35.690285+00,2026-07-17 09:30:26.947747+00
0958f276-69c2-4234-acac-0c1496835e51,00000000-0000-0000-0000-000000000001,8c42685b-f2df-4dec-96bd-0e77b715e33e,receipt,failed,1,0,1,"BotBee template HTTP 401: {""message"":""Unauthenticated.""}","{""failures"":[""BotBee template HTTP 401: {\""message\"":\""Unauthenticated.\""}""]}",1 receipt(s),2026-07-17 09:30:22.85+00,2026-07-02 10:27:05.211733+00,2026-07-17 09:30:25.59499+00
6baa28f9-9ae4-4c25-ad6c-e3852175ef6e,00000000-0000-0000-0000-000000000001,8c42685b-f2df-4dec-96bd-0e77b715e33e,receipt,failed,1,0,1,"BotBee template HTTP 401: {""message"":""Unauthenticated.""}","{""failures"":[""BotBee template HTTP 401: {\""message\"":\""Unauthenticated.\""}""]}",1 receipt(s),2026-07-17 09:30:21.921+00,2026-07-02 10:27:51.068556+00,2026-07-17 09:30:24.671488+00
f7aa4cbf-e4eb-4090-b8e7-edaa1e2cbfef,00000000-0000-0000-0000-000000000001,8c42685b-f2df-4dec-96bd-0e77b715e33e,receipt,failed,1,0,1,"BotBee template HTTP 401: {""message"":""Unauthenticated.""}","{""failures"":[""BotBee template HTTP 401: {\""message\"":\""Unauthenticated.\""}""]}",1 receipt(s),2026-07-07 13:06:35.864+00,2026-07-02 10:28:20.710405+00,2026-07-07 13:06:34.672784+00
bd619861-093e-4a44-b903-d84b10c3ebdd,00000000-0000-0000-0000-000000000001,8c42685b-f2df-4dec-96bd-0e77b715e33e,receipt,failed,1,0,1,"BotBee template HTTP 401: {""message"":""Unauthenticated.""}","{""failures"":[""BotBee template HTTP 401: {\""message\"":\""Unauthenticated.\""}""]}",1 receipt(s),2026-07-07 13:06:35.209+00,2026-07-02 10:29:13.237571+00,2026-07-07 13:06:34.010332+00
b887784a-bfbd-45c1-9ee1-54681b29e883,00000000-0000-0000-0000-000000000001,8c42685b-f2df-4dec-96bd-0e77b715e33e,receipt,failed,1,0,1,"BotBee template HTTP 401: {""message"":""Unauthenticated.""}","{""failures"":[""BotBee template HTTP 401: {\""message\"":\""Unauthenticated.\""}""]}",1 receipt(s),2026-07-07 13:06:34.12+00,2026-07-02 10:29:51.461887+00,2026-07-07 13:06:32.924389+00
1717292e-d52f-4111-a6f6-fad56fd4a207,00000000-0000-0000-0000-000000000001,8c42685b-f2df-4dec-96bd-0e77b715e33e,receipt,failed,1,0,1,"BotBee template HTTP 401: {""message"":""Unauthenticated.""}","{""failures"":[""BotBee template HTTP 401: {\""message\"":\""Unauthenticated.\""}""]}",1 receipt(s),2026-07-07 13:06:32.601+00,2026-07-02 10:55:55.964802+00,2026-07-07 13:06:31.410306+00
1e5c8b91-e02b-4d9c-b629-aea14528bde7,00000000-0000-0000-0000-000000000001,8c42685b-f2df-4dec-96bd-0e77b715e33e,receipt,failed,1,0,1,"BotBee template HTTP 401: {""message"":""Unauthenticated.""}","{""failures"":[""BotBee template HTTP 401: {\""message\"":\""Unauthenticated.\""}""]}",1 receipt(s),2026-07-07 13:06:31.632+00,2026-07-02 10:59:21.563517+00,2026-07-07 13:06:30.441731+00
4cc9711f-cf5c-4eba-9738-2e8eae3a03f1,00000000-0000-0000-0000-000000000001,8c42685b-f2df-4dec-96bd-0e77b715e33e,receipt,failed,1,0,1,"BotBee template HTTP 401: {""message"":""Unauthenticated.""}","{""failures"":[""BotBee template HTTP 401: {\""message\"":\""Unauthenticated.\""}""]}",1 receipt(s),2026-07-07 13:06:31.328+00,2026-07-02 11:06:33.207472+00,2026-07-07 13:06:30.111536+00
6467de1a-7dd1-47d6-b917-a3b31ff6bb99,00000000-0000-0000-0000-000000000001,8c42685b-f2df-4dec-96bd-0e77b715e33e,receipt,failed,1,0,1,"BotBee template HTTP 401: {""message"":""Unauthenticated.""}","{""failures"":[""BotBee template HTTP 401: {\""message\"":\""Unauthenticated.\""}""]}",1 receipt(s),2026-07-07 13:06:30.76+00,2026-07-02 11:07:21.345208+00,2026-07-07 13:06:29.545545+00
3e7ad151-c13a-42a3-b8c3-6d43255c7fda,00000000-0000-0000-0000-000000000001,8c42685b-f2df-4dec-96bd-0e77b715e33e,receipt,failed,1,0,1,"BotBee template HTTP 401: {""message"":""Unauthenticated.""}","{""failures"":[""BotBee template HTTP 401: {\""message\"":\""Unauthenticated.\""}""]}",1 receipt(s),2026-07-07 13:06:21.12+00,2026-07-02 11:08:04.304652+00,2026-07-07 13:06:19.934558+00
762ab46e-af5d-4284-ad6f-c3dd99ef9e44,00000000-0000-0000-0000-000000000001,8c42685b-f2df-4dec-96bd-0e77b715e33e,receipt,failed,1,0,1,"BotBee template HTTP 401: {""message"":""Unauthenticated.""}","{""failures"":[""BotBee template HTTP 401: {\""message\"":\""Unauthenticated.\""}""]}",1 receipt(s),2026-07-07 13:06:20.592+00,2026-07-02 11:08:31.770828+00,2026-07-07 13:06:19.398647+00
c1e9f61f-6604-499a-93fe-c9fa9bcadf33,00000000-0000-0000-0000-000000000001,8c42685b-f2df-4dec-96bd-0e77b715e33e,receipt,failed,1,0,1,"BotBee template HTTP 401: {""message"":""Unauthenticated.""}","{""failures"":[""BotBee template HTTP 401: {\""message\"":\""Unauthenticated.\""}""]}",1 receipt(s),2026-07-07 13:06:18.888+00,2026-07-03 06:07:58.922343+00,2026-07-07 13:06:17.720765+00
761bf058-65ed-4dc4-bd29-a3cc2414a591,00000000-0000-0000-0000-000000000001,8c42685b-f2df-4dec-96bd-0e77b715e33e,receipt,failed,1,0,1,"BotBee template HTTP 401: {""message"":""Unauthenticated.""}","{""failures"":[""BotBee template HTTP 401: {\""message\"":\""Unauthenticated.\""}""]}",1 receipt(s),2026-07-07 13:06:17.592+00,2026-07-03 06:08:38.483111+00,2026-07-07 13:06:16.407359+00
d421ca9e-cbca-426a-89f3-a71d7d8876d0,00000000-0000-0000-0000-000000000001,8c42685b-f2df-4dec-96bd-0e77b715e33e,receipt,failed,1,0,1,"BotBee template HTTP 401: {""message"":""Unauthenticated.""}","{""failures"":[""BotBee template HTTP 401: {\""message\"":\""Unauthenticated.\""}""]}",1 receipt(s),2026-07-07 13:06:19.736+00,2026-07-03 06:09:05.621332+00,2026-07-07 13:06:18.559477+00
ef8f6bc5-fbb9-4f4d-b13a-2687d07c8523,00000000-0000-0000-0000-000000000001,8c42685b-f2df-4dec-96bd-0e77b715e33e,receipt,failed,1,0,1,"BotBee template HTTP 401: {""message"":""Unauthenticated.""}","{""failures"":[""BotBee template HTTP 401: {\""message\"":\""Unauthenticated.\""}""]}",1 receipt(s),2026-07-03 06:39:18.144+00,2026-07-03 06:10:21.837349+00,2026-07-03 06:39:19.352799+00
e37518c8-40bb-4dfb-b66a-bb6004ccc6d4,00000000-0000-0000-0000-000000000001,8c42685b-f2df-4dec-96bd-0e77b715e33e,receipt,failed,1,0,1,"BotBee template HTTP 401: {""message"":""Unauthenticated.""}","{""failures"":[""BotBee template HTTP 401: {\""message\"":\""Unauthenticated.\""}""]}",1 receipt(s),2026-07-03 06:39:16.727+00,2026-07-03 06:11:03.949382+00,2026-07-03 06:39:17.966132+00
05e9a7a3-e3a4-4e98-8935-4326eb5cb19a,00000000-0000-0000-0000-000000000001,8c42685b-f2df-4dec-96bd-0e77b715e33e,receipt,failed,1,0,1,"BotBee template HTTP 401: {""message"":""Unauthenticated.""}","{""failures"":[""BotBee template HTTP 401: {\""message\"":\""Unauthenticated.\""}""]}",1 receipt(s),2026-07-03 06:39:14.68+00,2026-07-03 06:11:34.802352+00,2026-07-03 06:39:15.925388+00
b2e3ffd8-e4db-4f35-8036-b2a4d2876a0f,00000000-0000-0000-0000-000000000001,8c42685b-f2df-4dec-96bd-0e77b715e33e,receipt,failed,1,0,1,"BotBee template HTTP 401: {""message"":""Unauthenticated.""}","{""failures"":[""BotBee template HTTP 401: {\""message\"":\""Unauthenticated.\""}""]}",1 receipt(s),2026-07-03 06:39:15.976+00,2026-07-03 06:12:08.120593+00,2026-07-03 06:39:17.197976+00
b2521e3c-5cae-4eb5-be4d-9897187ef8f4,00000000-0000-0000-0000-000000000001,8c42685b-f2df-4dec-96bd-0e77b715e33e,receipt,failed,1,0,1,"BotBee template HTTP 401: {""message"":""Unauthenticated.""}","{""failures"":[""BotBee template HTTP 401: {\""message\"":\""Unauthenticated.\""}""]}",1 receipt(s),2026-07-07 13:06:30.368+00,2026-07-03 06:13:04.878082+00,2026-07-07 13:06:29.162535+00
e85e8b45-e82b-404a-a232-5620b488275f,00000000-0000-0000-0000-000000000001,8c42685b-f2df-4dec-96bd-0e77b715e33e,receipt,failed,1,0,1,"BotBee template HTTP 401: {""message"":""Unauthenticated.""}","{""failures"":[""BotBee template HTTP 401: {\""message\"":\""Unauthenticated.\""}""]}",1 receipt(s),2026-07-07 13:06:22.624+00,2026-07-03 06:18:39.01778+00,2026-07-07 13:06:21.415197+00
e95cc3d7-2ff5-43fb-95c8-db99f387830e,00000000-0000-0000-0000-000000000001,8c42685b-f2df-4dec-96bd-0e77b715e33e,receipt,failed,1,0,1,"BotBee template HTTP 401: {""message"":""Unauthenticated.""}","{""failures"":[""BotBee template HTTP 401: {\""message\"":\""Unauthenticated.\""}""]}",1 receipt(s),2026-07-07 13:06:23.175+00,2026-07-03 06:19:31.50237+00,2026-07-07 13:06:21.974982+00
6eb4c973-d503-40f0-a743-41f82edd6810,00000000-0000-0000-0000-000000000001,8c42685b-f2df-4dec-96bd-0e77b715e33e,receipt,failed,1,0,0,whatsapp-send-job — HTTP 401 — Invalid user token — (FunctionsHttpError),null,1 receipt(s),2026-07-07 13:06:28.544+00,2026-07-03 06:20:29.458058+00,2026-07-07 13:06:27.34019+00
882b2238-a1dc-4546-a961-daf524a82b6f,00000000-0000-0000-0000-000000000001,8c42685b-f2df-4dec-96bd-0e77b715e33e,receipt,failed,1,0,0,whatsapp-send-job — HTTP 401 — Invalid user token — (FunctionsHttpError),null,1 receipt(s),2026-07-07 13:06:27.72+00,2026-07-03 06:20:46.820758+00,2026-07-07 13:06:26.532887+00
791e8179-58af-4996-abd0-bacc97474404,00000000-0000-0000-0000-000000000001,8c42685b-f2df-4dec-96bd-0e77b715e33e,receipt,failed,1,0,0,whatsapp-send-job — HTTP 401 — Invalid user token — (FunctionsHttpError),null,1 receipt(s),2026-07-07 13:06:26.424+00,2026-07-03 06:21:45.537772+00,2026-07-07 13:06:25.213325+00
516b0f61-3352-4aba-b378-e3d481f0e06c,00000000-0000-0000-0000-000000000001,8c42685b-f2df-4dec-96bd-0e77b715e33e,receipt,failed,32,0,0,whatsapp-send-job — HTTP 401 — Invalid user token — (FunctionsHttpError),null,32 receipt(s),2026-07-07 13:06:25.896+00,2026-07-03 06:22:16.237656+00,2026-07-07 13:06:24.679235+00
5a4e2f2d-b7c8-4150-af77-0932dbe80ae6,00000000-0000-0000-0000-000000000001,8c42685b-f2df-4dec-96bd-0e77b715e33e,receipt,failed,32,0,0,whatsapp-send-job — HTTP 401 — Invalid user token — (FunctionsHttpError),null,32 receipt(s),2026-07-07 13:06:25.36+00,2026-07-03 06:32:22.00477+00,2026-07-07 13:06:24.146405+00
44ad0554-4d40-4335-8df0-873af0e35ba8,00000000-0000-0000-0000-000000000001,8c42685b-f2df-4dec-96bd-0e77b715e33e,invoice,completed,1,1,0,null,null,1 invoice(s),null,2026-07-03 07:50:55.416122+00,2026-07-03 07:51:03.968607+00
1fd9a165-7854-48b5-81fd-9bf3f1f419b4,00000000-0000-0000-0000-000000000001,8c42685b-f2df-4dec-96bd-0e77b715e33e,invoice,completed,1,1,0,null,null,1 invoice(s),null,2026-07-06 08:13:40.165699+00,2026-07-06 08:13:49.392141+00
00afe82f-30dd-41c6-ab45-de0f34eeaac9,00000000-0000-0000-0000-000000000001,8c42685b-f2df-4dec-96bd-0e77b715e33e,invoice,completed,1,1,0,null,null,1 invoice(s),null,2026-07-06 08:14:38.180443+00,2026-07-06 08:14:45.236198+00
696ad5ff-0a68-4ab8-83c2-ee2da4e79674,00000000-0000-0000-0000-000000000001,8c42685b-f2df-4dec-96bd-0e77b715e33e,invoice,completed,1,1,0,null,null,1 invoice(s),null,2026-07-07 07:02:47.363804+00,2026-07-07 07:02:56.995552+00
a969cc40-abf2-49a3-9529-ba5b92b41c15,00000000-0000-0000-0000-000000000001,8c42685b-f2df-4dec-96bd-0e77b715e33e,invoice,completed,1,1,0,null,null,1 invoice(s),null,2026-07-07 07:04:02.916913+00,2026-07-07 07:04:11.88664+00
2c060e5f-70d2-4920-920c-56549cd42bd0,00000000-0000-0000-0000-000000000001,8c42685b-f2df-4dec-96bd-0e77b715e33e,invoice,completed,1,1,0,null,null,1 invoice(s),null,2026-07-07 07:13:54.376237+00,2026-07-07 07:14:01.016907+00
1c4c5163-5353-4f13-8a2c-cee315bf5b08,00000000-0000-0000-0000-000000000001,54acafd0-4c07-4bbf-97ee-b4760389c991,receipt,completed,1,1,0,null,null,1 receipt(s),null,2026-07-07 13:08:11.000092+00,2026-07-07 13:08:16.812457+00
697df00a-da2d-4338-8f0b-5eee62c628fc,00000000-0000-0000-0000-000000000001,8c42685b-f2df-4dec-96bd-0e77b715e33e,receipt,completed,1,1,0,null,null,1 receipt(s),null,2026-07-08 10:32:27.189416+00,2026-07-08 10:32:36.830116+00
5d2f44c7-19b5-4ca2-8250-742691525b4a,00000000-0000-0000-0000-000000000001,8c42685b-f2df-4dec-96bd-0e77b715e33e,receipt,completed,1,1,0,null,null,1 receipt(s),null,2026-07-08 10:33:03.566739+00,2026-07-08 10:33:12.068645+00
d25088e0-1a8d-4a02-bbf2-49242393071f,00000000-0000-0000-0000-000000000001,8c42685b-f2df-4dec-96bd-0e77b715e33e,receipt,completed,1,1,0,null,null,1 receipt(s),null,2026-07-08 10:33:34.592802+00,2026-07-08 10:33:42.299145+00
370ecef1-5926-433d-a853-fd7d5e57bd45,00000000-0000-0000-0000-000000000001,8c42685b-f2df-4dec-96bd-0e77b715e33e,receipt,completed,1,1,0,null,null,1 receipt(s),null,2026-07-08 10:34:10.169828+00,2026-07-08 10:34:17.458625+00
114122fb-3c41-4d27-b48a-b40b92275305,00000000-0000-0000-0000-000000000001,8c42685b-f2df-4dec-96bd-0e77b715e33e,receipt,completed,1,1,0,null,null,1 receipt(s),null,2026-07-08 10:34:51.736924+00,2026-07-08 10:34:59.736354+00
0d933db2-fcbc-4617-9f68-b156db1d05fc,00000000-0000-0000-0000-000000000001,8c42685b-f2df-4dec-96bd-0e77b715e33e,receipt,completed,1,1,0,null,null,1 receipt(s),null,2026-07-08 10:35:19.784429+00,2026-07-08 10:35:29.127735+00
8eb7c9bc-bcdc-421a-a396-ae169135add3,00000000-0000-0000-0000-000000000001,8c42685b-f2df-4dec-96bd-0e77b715e33e,receipt,completed,1,1,0,null,null,1 receipt(s),null,2026-07-08 10:36:08.272786+00,2026-07-08 10:36:15.566672+00
4d479bbe-8bea-4b4f-9742-93ada2a5e94c,00000000-0000-0000-0000-000000000001,8c42685b-f2df-4dec-96bd-0e77b715e33e,receipt,completed,1,1,0,null,null,1 receipt(s),null,2026-07-08 10:36:43.162223+00,2026-07-08 10:36:51.760441+00
1cdf95e4-9cfd-45e3-9663-0f7baafc18ac,00000000-0000-0000-0000-000000000001,8c42685b-f2df-4dec-96bd-0e77b715e33e,receipt,completed,1,1,0,null,null,1 receipt(s),null,2026-07-08 10:37:36.142594+00,2026-07-08 10:37:43.953719+00
e456e101-45d6-483a-95ed-43943e6af715,00000000-0000-0000-0000-000000000001,8c42685b-f2df-4dec-96bd-0e77b715e33e,receipt,completed,1,1,0,null,null,1 receipt(s),null,2026-07-08 10:39:16.629093+00,2026-07-08 10:39:24.958032+00
555f4461-a64b-4d5a-851f-1e2edd1971a8,00000000-0000-0000-0000-000000000001,8c42685b-f2df-4dec-96bd-0e77b715e33e,receipt,completed,1,1,0,null,null,1 receipt(s),null,2026-07-08 10:39:47.648141+00,2026-07-08 10:39:54.113279+00
f8c9a050-3685-4718-9651-9c0bb7f04ead,00000000-0000-0000-0000-000000000001,8c42685b-f2df-4dec-96bd-0e77b715e33e,receipt,completed,1,1,0,null,null,1 receipt(s),null,2026-07-09 06:43:45.166103+00,2026-07-09 06:43:55.705966+00
0d0da44f-aa86-49af-8138-b0e098aac191,00000000-0000-0000-0000-000000000001,8c42685b-f2df-4dec-96bd-0e77b715e33e,receipt,completed,1,1,0,null,null,1 receipt(s),null,2026-07-10 06:34:07.022773+00,2026-07-10 06:34:17.821625+00
42af8d1f-b372-4971-90b0-7f59054bcdfa,00000000-0000-0000-0000-000000000001,8c42685b-f2df-4dec-96bd-0e77b715e33e,receipt,completed,1,1,0,null,null,1 receipt(s),null,2026-07-10 11:57:46.040506+00,2026-07-10 11:57:54.310997+00
0518c4ee-775a-4d0f-ad8b-e1e7ca569f85,00000000-0000-0000-0000-000000000001,8c42685b-f2df-4dec-96bd-0e77b715e33e,receipt,completed,1,1,0,null,null,1 receipt(s),null,2026-07-10 11:58:37.657148+00,2026-07-10 11:58:44.993174+00
fd34f37f-151a-4670-bdc7-f9e986153e37,00000000-0000-0000-0000-000000000001,8c42685b-f2df-4dec-96bd-0e77b715e33e,receipt,completed,1,1,0,null,null,1 receipt(s),null,2026-07-10 11:58:49.237071+00,2026-07-10 11:58:55.772198+00
ba4dab36-128c-4528-bc15-5c5562556a70,00000000-0000-0000-0000-000000000001,8c42685b-f2df-4dec-96bd-0e77b715e33e,receipt,completed,1,1,0,null,null,1 receipt(s),null,2026-07-10 11:58:59.529151+00,2026-07-10 11:59:05.760165+00
174624e2-ad87-49b9-980b-9a0e9eb58811,00000000-0000-0000-0000-000000000001,8c42685b-f2df-4dec-96bd-0e77b715e33e,receipt,completed,1,1,0,null,null,1 receipt(s),null,2026-07-10 11:59:12.012207+00,2026-07-10 11:59:18.068122+00
0f597abf-af84-422b-aa81-58589fc20d3b,00000000-0000-0000-0000-000000000001,8c42685b-f2df-4dec-96bd-0e77b715e33e,receipt,completed,1,1,0,null,null,1 receipt(s),null,2026-07-10 11:59:30.259663+00,2026-07-10 11:59:38.589735+00
60dd2520-a454-44c0-95a7-9a226a3d91d1,00000000-0000-0000-0000-000000000001,8c42685b-f2df-4dec-96bd-0e77b715e33e,receipt,completed,1,1,0,null,null,1 receipt(s),null,2026-07-10 11:59:47.412874+00,2026-07-10 11:59:54.181075+00
5281b9d9-c455-4ebb-aa60-8fa1549f21c9,00000000-0000-0000-0000-000000000001,8c42685b-f2df-4dec-96bd-0e77b715e33e,receipt,completed,1,1,0,null,null,1 receipt(s),null,2026-07-10 11:59:58.998583+00,2026-07-10 12:00:08.295945+00
9135a13c-457e-4895-b383-1006acd03913,00000000-0000-0000-0000-000000000001,8c42685b-f2df-4dec-96bd-0e77b715e33e,receipt,completed,1,1,0,null,null,1 receipt(s),null,2026-07-10 12:00:15.051975+00,2026-07-10 12:00:22.016215+00
6a2ce091-4240-4fee-8bfc-9a0c9ae027a0,00000000-0000-0000-0000-000000000001,8c42685b-f2df-4dec-96bd-0e77b715e33e,receipt,completed,1,1,0,null,null,1 receipt(s),null,2026-07-10 12:00:49.597658+00,2026-07-10 12:00:58.58007+00
73334847-fca6-4c8f-b980-1c10ddd834b2,00000000-0000-0000-0000-000000000001,8c42685b-f2df-4dec-96bd-0e77b715e33e,receipt,completed,1,1,0,null,null,1 receipt(s),null,2026-07-11 05:55:49.330087+00,2026-07-11 05:55:57.8415+00
a544cd35-48f2-4c48-a6fe-18efb937f1c7,00000000-0000-0000-0000-000000000001,8c42685b-f2df-4dec-96bd-0e77b715e33e,receipt,completed,1,1,0,null,null,1 receipt(s),null,2026-07-11 05:57:50.280176+00,2026-07-11 05:57:56.272822+00
aba41c9e-624f-4909-9deb-f615f7e81c57,00000000-0000-0000-0000-000000000001,8c42685b-f2df-4dec-96bd-0e77b715e33e,receipt,completed,1,1,0,null,null,1 receipt(s),null,2026-07-11 05:59:33.195803+00,2026-07-11 05:59:40.457913+00
63a62cb8-a72f-4230-bf2c-373affc04a39,00000000-0000-0000-0000-000000000001,8c42685b-f2df-4dec-96bd-0e77b715e33e,receipt,completed,1,1,0,null,null,1 receipt(s),null,2026-07-11 06:26:14.599706+00,2026-07-11 06:26:23.85585+00
76b6b9b4-c900-4763-9791-6217043e1f9e,00000000-0000-0000-0000-000000000001,8c42685b-f2df-4dec-96bd-0e77b715e33e,receipt,completed,1,1,0,null,null,1 receipt(s),null,2026-07-11 08:08:00.560185+00,2026-07-11 08:08:08.835247+00
22edbf12-dc3d-4003-9ee4-06b5b3cbcd04,00000000-0000-0000-0000-000000000001,8c42685b-f2df-4dec-96bd-0e77b715e33e,invoice,completed,1,1,0,null,null,1 invoice(s),null,2026-07-11 11:43:43.685606+00,2026-07-11 11:43:52.525927+00
87f69b38-7c53-4918-b129-5f51260ce270,00000000-0000-0000-0000-000000000001,8c42685b-f2df-4dec-96bd-0e77b715e33e,invoice,completed,1,1,0,null,null,1 invoice(s),null,2026-07-11 11:44:28.045775+00,2026-07-11 11:44:36.627319+00
5777881f-c4ed-4365-9f2b-b5d8b9b4187c,00000000-0000-0000-0000-000000000001,8c42685b-f2df-4dec-96bd-0e77b715e33e,invoice,completed,1,1,0,null,null,1 invoice(s),null,2026-07-13 05:40:23.121656+00,2026-07-13 05:40:32.934935+00
4fc2562b-71e7-48b7-9abf-86a27376d2f1,00000000-0000-0000-0000-000000000001,8c42685b-f2df-4dec-96bd-0e77b715e33e,invoice,completed,1,1,0,null,null,1 invoice(s),null,2026-07-13 05:44:25.11535+00,2026-07-13 05:44:32.782418+00
fdf89f53-e0be-4118-a883-2cbce670aec8,00000000-0000-0000-0000-000000000001,8c42685b-f2df-4dec-96bd-0e77b715e33e,invoice,completed,1,1,0,null,null,1 invoice(s),null,2026-07-13 05:44:39.476048+00,2026-07-13 05:44:45.854876+00
a84d8ede-d247-446d-803d-5a36392486aa,00000000-0000-0000-0000-000000000001,8c42685b-f2df-4dec-96bd-0e77b715e33e,invoice,completed,1,1,0,null,null,1 invoice(s),null,2026-07-13 06:03:01.656966+00,2026-07-13 06:03:08.721079+00
4f99e714-9386-417d-9902-17e428a65b01,00000000-0000-0000-0000-000000000001,8c42685b-f2df-4dec-96bd-0e77b715e33e,invoice,completed,2,2,0,null,null,2 invoice(s),null,2026-07-13 06:03:04.442742+00,2026-07-13 06:03:15.98461+00
5cbf2e5f-ec27-4d18-8bf6-959970ece8f4,00000000-0000-0000-0000-000000000001,8c42685b-f2df-4dec-96bd-0e77b715e33e,invoice,completed,1,1,0,null,null,1 invoice(s),null,2026-07-13 06:03:50.377818+00,2026-07-13 06:03:55.793431+00
fe979d57-c553-4353-be18-0e7b404df7cf,00000000-0000-0000-0000-000000000001,8c42685b-f2df-4dec-96bd-0e77b715e33e,invoice,completed,1,1,0,null,null,1 invoice(s),null,2026-07-13 06:04:18.393539+00,2026-07-13 06:04:25.194566+00
f57aa4c8-e791-4930-9dfa-467aefba7256,00000000-0000-0000-0000-000000000001,8c42685b-f2df-4dec-96bd-0e77b715e33e,invoice,completed,1,1,0,null,null,1 invoice(s),null,2026-07-13 06:04:23.890789+00,2026-07-13 06:04:32.104406+00
e92f81c2-c0d8-4c4e-abbe-768657c588a9,00000000-0000-0000-0000-000000000001,8c42685b-f2df-4dec-96bd-0e77b715e33e,receipt,completed,1,1,0,null,null,1 receipt(s),null,2026-07-13 07:18:47.798453+00,2026-07-13 07:18:55.322289+00
df4a5da1-16f2-48ec-a420-a56b10eec731,00000000-0000-0000-0000-000000000001,8c42685b-f2df-4dec-96bd-0e77b715e33e,receipt,completed,1,1,0,null,null,1 receipt(s),null,2026-07-13 07:18:52.898698+00,2026-07-13 07:19:00.104304+00
df6f0597-0c68-45c4-9939-5daddfa8fbd9,00000000-0000-0000-0000-000000000001,8c42685b-f2df-4dec-96bd-0e77b715e33e,receipt,completed,1,1,0,null,null,1 receipt(s),null,2026-07-13 07:20:44.39137+00,2026-07-13 07:20:51.64819+00
d03e6c3b-5376-48c1-9fd4-ab94c5c97828,00000000-0000-0000-0000-000000000001,8c42685b-f2df-4dec-96bd-0e77b715e33e,invoice,completed,1,1,0,null,null,1 invoice(s),null,2026-07-13 08:25:35.281086+00,2026-07-13 08:25:43.762643+00
6b65afa9-b971-4b16-baf9-449a0dcf41f9,00000000-0000-0000-0000-000000000001,8c42685b-f2df-4dec-96bd-0e77b715e33e,receipt,completed,1,1,0,null,null,1 receipt(s),null,2026-07-14 07:33:40.634844+00,2026-07-14 07:33:53.336552+00
aad42602-e11f-4110-9506-84462051a833,00000000-0000-0000-0000-000000000001,8c42685b-f2df-4dec-96bd-0e77b715e33e,receipt,completed,1,1,0,null,null,1 receipt(s),null,2026-07-14 07:34:18.559655+00,2026-07-14 07:34:26.969899+00
d8537369-a4de-477f-afa9-59ff0eb4b686,00000000-0000-0000-0000-000000000001,8c42685b-f2df-4dec-96bd-0e77b715e33e,receipt,completed,1,1,0,null,null,1 receipt(s),null,2026-07-14 07:35:02.582843+00,2026-07-14 07:35:10.073529+00
792e7b32-ac30-413e-867e-7908de2d6d2a,00000000-0000-0000-0000-000000000001,8c42685b-f2df-4dec-96bd-0e77b715e33e,receipt,completed,1,1,0,null,null,1 receipt(s),null,2026-07-14 07:35:29.626729+00,2026-07-14 07:35:36.722404+00
ceb19f8a-5dbc-4271-b3d3-e62c65045f78,00000000-0000-0000-0000-000000000001,8c42685b-f2df-4dec-96bd-0e77b715e33e,receipt,completed,1,1,0,null,null,1 receipt(s),null,2026-07-14 07:36:19.916759+00,2026-07-14 07:36:29.211616+00
2e43d47f-d6dd-4531-a6bc-2803938b96d0,00000000-0000-0000-0000-000000000001,8c42685b-f2df-4dec-96bd-0e77b715e33e,invoice,completed,1,1,0,null,null,1 invoice(s),null,2026-07-14 11:00:28.118122+00,2026-07-14 11:00:37.546236+00
b56ddb73-8335-4c01-92fa-e87d5a4ad558,00000000-0000-0000-0000-000000000001,8c42685b-f2df-4dec-96bd-0e77b715e33e,invoice,completed,1,1,0,null,null,1 invoice(s),null,2026-07-14 11:17:43.214826+00,2026-07-14 11:17:51.699724+00
65355804-8268-4843-b974-1df794df3a1e,00000000-0000-0000-0000-000000000001,8c42685b-f2df-4dec-96bd-0e77b715e33e,receipt,completed,1,1,0,null,null,1 receipt(s),null,2026-07-15 06:26:30.326364+00,2026-07-15 06:26:39.684887+00
ba18c46a-a789-489c-8f8e-19dc5071f2f4,00000000-0000-0000-0000-000000000001,8c42685b-f2df-4dec-96bd-0e77b715e33e,receipt,completed,1,1,0,null,null,1 receipt(s),null,2026-07-16 06:06:09.393223+00,2026-07-16 06:06:16.973247+00
c8e96af0-99bb-4c45-96d2-f1c19d0bb41a,00000000-0000-0000-0000-000000000001,8c42685b-f2df-4dec-96bd-0e77b715e33e,receipt,completed,1,1,0,null,null,1 receipt(s),null,2026-07-16 06:09:06.853386+00,2026-07-16 06:09:21.869272+00
b4132204-a009-481c-9a26-92d6c7d2be99,00000000-0000-0000-0000-000000000001,8c42685b-f2df-4dec-96bd-0e77b715e33e,receipt,completed,5,5,0,null,null,5 receipt(s),null,2026-07-16 06:12:45.228227+00,2026-07-16 06:13:20.291752+00
094e990d-bec6-41c8-b966-10a911e3345e,00000000-0000-0000-0000-000000000001,8c42685b-f2df-4dec-96bd-0e77b715e33e,receipt,completed,129,129,0,null,null,129 receipt(s),null,2026-07-16 06:17:13.670845+00,2026-07-16 06:23:32.0779+00
59055ab0-3650-4938-82cd-16022b5211fe,00000000-0000-0000-0000-000000000001,8c42685b-f2df-4dec-96bd-0e77b715e33e,receipt,completed,1,1,0,null,null,1 receipt(s),null,2026-07-17 06:23:07.42216+00,2026-07-17 06:23:17.65288+00
38111353-e772-46c7-98f7-7d41ecfb151c,00000000-0000-0000-0000-000000000001,8c42685b-f2df-4dec-96bd-0e77b715e33e,receipt,completed,1,1,0,null,null,1 receipt(s),null,2026-07-17 06:46:43.277771+00,2026-07-17 06:46:50.58227+00
8cd7607c-5317-4060-ba1d-3665dba28a40,00000000-0000-0000-0000-000000000001,8c42685b-f2df-4dec-96bd-0e77b715e33e,receipt,completed,6,6,0,null,null,6 receipt(s),null,2026-07-17 06:48:46.393525+00,2026-07-17 06:48:58.396825+00
a6d078d7-9fbd-4621-a488-0f069113aa89,00000000-0000-0000-0000-000000000001,8c42685b-f2df-4dec-96bd-0e77b715e33e,receipt,completed,6,6,0,null,null,6 receipt(s),null,2026-07-17 06:59:12.771212+00,2026-07-17 06:59:21.07248+00
7da89e7a-61e3-4364-88b4-0ebd8241d821,00000000-0000-0000-0000-000000000001,8c42685b-f2df-4dec-96bd-0e77b715e33e,receipt,completed,4,4,0,null,null,4 receipt(s),null,2026-07-17 06:59:42.293998+00,2026-07-17 06:59:52.538557+00
afc646c0-9fa9-4d6c-9c51-3790ef3d75e1,00000000-0000-0000-0000-000000000001,8c42685b-f2df-4dec-96bd-0e77b715e33e,receipt,completed,4,4,0,null,null,4 receipt(s),null,2026-07-17 07:01:20.227621+00,2026-07-17 07:01:44.970608+00
399a82f9-f45e-4372-b542-5594b7da4819,00000000-0000-0000-0000-000000000001,8c42685b-f2df-4dec-96bd-0e77b715e33e,receipt,completed,1,1,0,null,null,1 receipt(s),null,2026-07-18 05:46:06.951372+00,2026-07-18 05:46:12.973372+00
a145a9b5-3e2e-4256-9429-c73a6cc97ec0,00000000-0000-0000-0000-000000000001,8c42685b-f2df-4dec-96bd-0e77b715e33e,receipt,completed,1,1,0,null,null,1 receipt(s),null,2026-07-18 05:54:11.865395+00,2026-07-18 05:54:19.53449+00
f24a48a5-a98a-4737-acc3-fbe42230982d,00000000-0000-0000-0000-000000000001,8c42685b-f2df-4dec-96bd-0e77b715e33e,invoice,completed,1,1,0,null,null,1 invoice(s),null,2026-07-21 05:55:46.460398+00,2026-07-21 05:55:56.503736+00
1e0c1fb2-b261-466a-bf39-92282473594b,00000000-0000-0000-0000-000000000001,8c42685b-f2df-4dec-96bd-0e77b715e33e,receipt,completed,9,9,0,null,null,9 receipt(s),null,2026-07-21 10:14:55.965654+00,2026-07-21 10:16:04.742079+00
fb58f374-bc10-4a01-8fa8-f2cd66c074dc,00000000-0000-0000-0000-000000000001,8c42685b-f2df-4dec-96bd-0e77b715e33e,receipt,completed,1,1,0,null,null,1 receipt(s),null,2026-07-21 11:06:17.12687+00,2026-07-21 11:06:24.588305+00
b92d4335-8c83-487a-b3b1-9c95a9e7a3a4,00000000-0000-0000-0000-000000000001,8c42685b-f2df-4dec-96bd-0e77b715e33e,receipt,completed,4,4,0,null,null,4 receipt(s),null,2026-07-23 09:48:22.572358+00,2026-07-23 09:48:55.704936+00
dd5f72fc-3500-4a90-9add-05f6fbb2e375,00000000-0000-0000-0000-000000000001,8c42685b-f2df-4dec-96bd-0e77b715e33e,invoice,completed,171,167,0,null,null,171 invoice(s),null,2026-07-31 10:19:04.669728+00,2026-07-31 10:54:17.920398+00
0e3890ff-d293-4651-bdbd-baca356dbf1e,00000000-0000-0000-0000-000000000001,8c42685b-f2df-4dec-96bd-0e77b715e33e,invoice,completed,171,150,0,null,null,171 invoice(s),null,2026-07-31 10:20:55.885488+00,2026-07-31 10:56:02.749113+00
18e4847a-81b7-43bd-818d-32872bef9022,00000000-0000-0000-0000-000000000001,8c42685b-f2df-4dec-96bd-0e77b715e33e,invoice,completed,1,1,0,null,null,1 invoice(s),null,2026-07-31 10:52:59.175838+00,2026-07-31 10:53:06.735096+00
c0e182ca-a724-4c3a-a640-469c8cea7845,00000000-0000-0000-0000-000000000001,8c42685b-f2df-4dec-96bd-0e77b715e33e,invoice,completed,1,1,0,null,null,1 invoice(s),null,2026-08-01 12:00:24.067433+00,2026-08-01 12:00:33.49503+00
f109acb9-1553-46ff-aee5-3f50d21521b7,00000000-0000-0000-0000-000000000001,8c42685b-f2df-4dec-96bd-0e77b715e33e,receipt,completed,2,2,0,null,null,2 receipt(s),null,2026-08-01 12:03:01.598167+00,2026-08-01 12:03:13.957383+00
eb7fadae-8ae2-4340-8133-fd88005d4678,00000000-0000-0000-0000-000000000001,8c42685b-f2df-4dec-96bd-0e77b715e33e,receipt,completed,2,2,0,null,null,2 receipt(s),null,2026-08-01 12:03:14.955118+00,2026-08-01 12:03:22.041317+00
d2b87050-727f-408e-833f-372fd0a5e1eb,00000000-0000-0000-0000-000000000001,8c42685b-f2df-4dec-96bd-0e77b715e33e,receipt,completed,1,1,0,null,null,1 receipt(s),null,2026-08-03 06:18:23.3124+00,2026-08-03 06:18:33.058655+00
1f919dec-80df-4f7b-b219-15eb4a5c02fd,00000000-0000-0000-0000-000000000001,8c42685b-f2df-4dec-96bd-0e77b715e33e,receipt,completed,1,1,0,null,null,1 receipt(s),null,2026-08-03 06:21:11.18824+00,2026-08-03 06:21:21.853415+00
75ab2d48-56fc-4ec7-86ab-96c875decbb4,00000000-0000-0000-0000-000000000001,8c42685b-f2df-4dec-96bd-0e77b715e33e,receipt,completed,1,1,0,null,null,1 receipt(s),null,2026-08-03 06:21:52.543583+00,2026-08-03 06:22:13.517271+00
e89d13d7-d288-40e3-9c15-dbab798de0da,00000000-0000-0000-0000-000000000001,8c42685b-f2df-4dec-96bd-0e77b715e33e,receipt,completed,1,1,0,null,null,1 receipt(s),null,2026-08-03 06:22:23.862614+00,2026-08-03 06:22:38.418955+00
760981a1-5596-4a10-b8e6-08f3a69e072b,00000000-0000-0000-0000-000000000001,8c42685b-f2df-4dec-96bd-0e77b715e33e,receipt,completed,1,1,0,null,null,1 receipt(s),null,2026-08-03 06:23:43.769488+00,2026-08-03 06:24:02.320858+00
3f7c52ed-e81a-4f71-8d98-e56cb9f667fc,00000000-0000-0000-0000-000000000001,8c42685b-f2df-4dec-96bd-0e77b715e33e,receipt,completed,1,1,0,null,null,1 receipt(s),null,2026-08-03 06:24:35.374157+00,2026-08-03 06:24:54.022815+00
d658d2de-88b6-4908-aea9-db3f548f0180,00000000-0000-0000-0000-000000000001,8c42685b-f2df-4dec-96bd-0e77b715e33e,receipt,completed,1,1,0,null,null,1 receipt(s),null,2026-08-03 06:26:03.512962+00,2026-08-03 06:26:19.870362+00
d7cc70fb-0093-4194-b286-ea3a64760290,00000000-0000-0000-0000-000000000001,8c42685b-f2df-4dec-96bd-0e77b715e33e,receipt,completed,1,1,0,null,null,1 receipt(s),null,2026-08-03 06:26:29.633245+00,2026-08-03 06:26:52.287898+00
be837033-40d5-4e18-bcb8-20965dfa7fdc,00000000-0000-0000-0000-000000000001,8c42685b-f2df-4dec-96bd-0e77b715e33e,receipt,completed,1,1,0,null,null,1 receipt(s),null,2026-08-03 06:26:52.368953+00,2026-08-03 06:27:10.107899+00
dfaea199-a2ed-45bd-8baf-d3e8703d1aab,00000000-0000-0000-0000-000000000001,8c42685b-f2df-4dec-96bd-0e77b715e33e,receipt,completed,1,1,0,null,null,1 receipt(s),null,2026-08-03 06:27:42.120032+00,2026-08-03 06:27:59.326759+00
13841a03-53ea-41fd-9110-94ceef80a241,00000000-0000-0000-0000-000000000001,8c42685b-f2df-4dec-96bd-0e77b715e33e,receipt,completed,1,1,0,null,null,1 receipt(s),null,2026-08-03 06:28:11.298195+00,2026-08-03 06:28:21.494583+00
61b87c2f-a2ca-4752-b8b3-bd123291d8f6,00000000-0000-0000-0000-000000000001,8c42685b-f2df-4dec-96bd-0e77b715e33e,receipt,completed,1,1,0,null,null,1 receipt(s),null,2026-08-03 06:28:44.397643+00,2026-08-03 06:28:56.261506+00
74735b96-a401-472b-aa9a-8746fddb5146,00000000-0000-0000-0000-000000000001,8c42685b-f2df-4dec-96bd-0e77b715e33e,receipt,completed,1,1,0,null,null,1 receipt(s),null,2026-08-03 06:29:07.778743+00,2026-08-03 06:29:16.733538+00
eb6ca18a-a71b-40dc-80a8-bfbc616bfc6b,00000000-0000-0000-0000-000000000001,8c42685b-f2df-4dec-96bd-0e77b715e33e,receipt,completed,1,1,0,null,null,1 receipt(s),null,2026-08-03 06:29:32.987157+00,2026-08-03 06:29:45.628971+00
02a86242-0f5a-4baa-9706-3ad443e3c8e9,00000000-0000-0000-0000-000000000001,8c42685b-f2df-4dec-96bd-0e77b715e33e,receipt,completed,1,1,0,null,null,1 receipt(s),null,2026-08-03 06:34:03.323467+00,2026-08-03 06:34:11.580111+00
29c38a2c-ece0-43dd-a4c5-e854b8c68986,00000000-0000-0000-0000-000000000001,8c42685b-f2df-4dec-96bd-0e77b715e33e,receipt,completed,1,1,0,null,null,1 receipt(s),null,2026-08-03 06:34:26.522558+00,2026-08-03 06:34:35.772721+00
94fcb144-7b7d-4223-b537-0610408d7cce,00000000-0000-0000-0000-000000000001,8c42685b-f2df-4dec-96bd-0e77b715e33e,receipt,completed,1,1,0,null,null,1 receipt(s),null,2026-08-03 06:35:16.247292+00,2026-08-03 06:35:24.454902+00
24aa83e5-24ac-4dee-91f4-bab8ad391a3a,00000000-0000-0000-0000-000000000001,8c42685b-f2df-4dec-96bd-0e77b715e33e,receipt,completed,1,1,0,null,null,1 receipt(s),null,2026-08-03 06:36:37.071129+00,2026-08-03 06:36:45.76535+00
20ed75ea-479a-40a3-a041-a42a65a28ad2,00000000-0000-0000-0000-000000000001,8c42685b-f2df-4dec-96bd-0e77b715e33e,receipt,running,6,0,0,null,null,6 receipt(s),null,2026-08-03 06:38:45.565856+00,2026-08-03 09:39:14.325153+00
62be3dc3-3f6a-4299-be62-2850c12d4068,00000000-0000-0000-0000-000000000001,8c42685b-f2df-4dec-96bd-0e77b715e33e,receipt,completed,6,6,0,null,null,6 receipt(s),null,2026-08-03 06:41:59.104752+00,2026-08-03 06:42:23.3149+00
a60f6f6c-62ea-430e-a776-7ca5157438e6,00000000-0000-0000-0000-000000000001,8c42685b-f2df-4dec-96bd-0e77b715e33e,invoice,completed,1,1,0,null,null,1 invoice(s),null,2026-08-03 07:59:55.846282+00,2026-08-03 08:00:07.010537+00
0216678e-f1cb-4b70-bfe0-2b170bd015a1,00000000-0000-0000-0000-000000000001,8c42685b-f2df-4dec-96bd-0e77b715e33e,invoice,completed,1,1,0,null,null,1 invoice(s),null,2026-08-03 08:00:07.282232+00,2026-08-03 08:00:17.45798+00
ec5e3a5c-e5ce-462c-81aa-a6be45aa3201,00000000-0000-0000-0000-000000000001,8c42685b-f2df-4dec-96bd-0e77b715e33e,receipt,completed,4,4,0,null,"{""failures"":[""(#133010) Account not registered"",""(#133010) Account not registered"",""(#133010) Account not registered""]}",4 receipt(s),2026-08-05 10:02:17.683+00,2026-08-03 08:05:59.199486+00,2026-08-07 05:52:20.837458+00
baf8559c-f20a-4d07-a4ea-7cac1e12c3a0,00000000-0000-0000-0000-000000000001,8c42685b-f2df-4dec-96bd-0e77b715e33e,invoice,completed,2,2,0,null,null,2 invoice(s),null,2026-08-03 08:11:30.803258+00,2026-08-03 08:11:46.695429+00
f50d36de-0298-4986-8af4-28870f641157,00000000-0000-0000-0000-000000000001,8c42685b-f2df-4dec-96bd-0e77b715e33e,invoice,completed,5,5,0,null,null,5 invoice(s),null,2026-08-03 08:11:37.256778+00,2026-08-03 08:11:51.548835+00
7e0246a3-a603-4b8c-9907-67a1de478dfa,00000000-0000-0000-0000-000000000001,8c42685b-f2df-4dec-96bd-0e77b715e33e,invoice,completed,5,5,0,null,null,5 invoice(s),null,2026-08-03 09:23:40.13088+00,2026-08-03 09:24:15.934319+00
865b9de2-487b-4c34-be62-68c8d8b495b3,00000000-0000-0000-0000-000000000001,8c42685b-f2df-4dec-96bd-0e77b715e33e,invoice,completed,5,5,0,null,null,5 invoice(s),null,2026-08-03 09:23:40.134039+00,2026-08-03 09:24:16.337115+00
a96490f6-c721-42b0-9fc6-80b086cafa44,00000000-0000-0000-0000-000000000001,8c42685b-f2df-4dec-96bd-0e77b715e33e,invoice,completed,5,5,0,null,null,5 invoice(s),null,2026-08-03 09:23:40.650018+00,2026-08-03 09:24:18.321436+00
9c83596f-dc96-4184-9f65-cdcb0f648f2e,00000000-0000-0000-0000-000000000001,8c42685b-f2df-4dec-96bd-0e77b715e33e,invoice,completed,5,5,0,null,null,5 invoice(s),null,2026-08-03 09:23:41.010749+00,2026-08-03 09:24:15.81661+00
21c7a0ff-135d-4b4a-89ad-18a16101609c,00000000-0000-0000-0000-000000000001,8c42685b-f2df-4dec-96bd-0e77b715e33e,invoice,completed,5,5,0,null,null,5 invoice(s),null,2026-08-03 09:23:41.011128+00,2026-08-03 09:24:16.840097+00
13fb1c97-5e8b-4892-8e1b-9473daf4c6d9,00000000-0000-0000-0000-000000000001,8c42685b-f2df-4dec-96bd-0e77b715e33e,invoice,completed,5,5,0,null,null,5 invoice(s),null,2026-08-03 09:23:41.013227+00,2026-08-03 09:24:16.301338+00
8d1ac225-21fa-4f10-8000-f78b12184a6d,00000000-0000-0000-0000-000000000001,8c42685b-f2df-4dec-96bd-0e77b715e33e,invoice,completed,5,5,0,null,null,5 invoice(s),null,2026-08-03 09:23:41.013559+00,2026-08-03 09:24:22.505179+00
d8751835-3056-4d3a-b97e-6fe58aa04813,00000000-0000-0000-0000-000000000001,8c42685b-f2df-4dec-96bd-0e77b715e33e,invoice,completed,1,1,0,null,null,1 invoice(s),null,2026-08-03 09:41:07.275243+00,2026-08-03 09:41:18.950786+00
afca155e-8cc8-41f7-85ce-2deb68e4e333,00000000-0000-0000-0000-000000000001,8c42685b-f2df-4dec-96bd-0e77b715e33e,invoice,completed,1,1,0,null,null,1 invoice(s),null,2026-08-03 09:41:43.468818+00,2026-08-03 09:41:50.879235+00
bd2a640f-924f-4b87-9474-02a5bf34ad3d,00000000-0000-0000-0000-000000000001,8c42685b-f2df-4dec-96bd-0e77b715e33e,invoice,completed,2,2,0,null,null,2 invoice(s),null,2026-08-04 04:59:41.971987+00,2026-08-04 04:59:56.62527+00
05ec3819-388f-47a1-bf2c-5d90a1191bbf,00000000-0000-0000-0000-000000000001,8c42685b-f2df-4dec-96bd-0e77b715e33e,invoice,completed,1,1,0,null,null,1 invoice(s),null,2026-08-04 05:06:35.994443+00,2026-08-04 05:06:45.663446+00
5742b8e5-a192-4d94-9e90-7017e4747ec2,00000000-0000-0000-0000-000000000001,8c42685b-f2df-4dec-96bd-0e77b715e33e,invoice,completed,1,1,0,null,null,1 invoice(s),null,2026-08-04 05:27:23.195032+00,2026-08-04 05:27:33.143439+00
b91e1de0-9ee0-4787-a686-1961a5c7ec8b,00000000-0000-0000-0000-000000000001,8c42685b-f2df-4dec-96bd-0e77b715e33e,invoice,completed,1,1,0,null,null,1 invoice(s),null,2026-08-04 05:27:32.739701+00,2026-08-04 05:27:42.185243+00
b57d1184-6ddf-4ae8-ade9-490e68dcc9cb,00000000-0000-0000-0000-000000000001,8c42685b-f2df-4dec-96bd-0e77b715e33e,invoice,completed,1,1,0,null,null,1 invoice(s),null,2026-08-04 06:30:21.011084+00,2026-08-04 06:30:52.068122+00
95648764-a82c-420b-9877-75eeb0b4bf7c,00000000-0000-0000-0000-000000000001,8c42685b-f2df-4dec-96bd-0e77b715e33e,invoice,completed,1,1,0,null,"{""failures"":[""BotBee API timed out after 30s — request aborted""]}",1 invoice(s),2026-08-05 10:02:18.594+00,2026-08-04 06:35:08.89814+00,2026-08-07 05:52:06.915401+00
88beca36-2c70-48e8-b101-5bee7199753b,00000000-0000-0000-0000-000000000001,8c42685b-f2df-4dec-96bd-0e77b715e33e,invoice,completed,1,1,0,null,"{""failures"":[""BotBee API timed out after 30s — request aborted""]}",1 invoice(s),2026-08-05 10:02:20.082+00,2026-08-04 06:38:59.959364+00,2026-08-07 05:51:44.357519+00
33529c59-748c-4c37-991a-22dc6e06fc26,00000000-0000-0000-0000-000000000001,8c42685b-f2df-4dec-96bd-0e77b715e33e,receipt,completed,1,1,0,null,null,1 receipt(s),null,2026-08-04 06:50:06.287232+00,2026-08-04 06:50:35.373916+00
054a048f-bbd7-4b87-9e94-0da4f266d9f4,00000000-0000-0000-0000-000000000001,8c42685b-f2df-4dec-96bd-0e77b715e33e,receipt,completed,1,1,0,null,null,1 receipt(s),null,2026-08-04 06:50:45.721199+00,2026-08-04 06:51:11.256212+00
3d758c50-01d4-4a8b-8e21-1afd0b93c8ea,00000000-0000-0000-0000-000000000001,8c42685b-f2df-4dec-96bd-0e77b715e33e,receipt,completed,1,1,0,null,null,1 receipt(s),null,2026-08-04 06:51:16.273578+00,2026-08-04 06:51:44.10195+00
994606dd-a785-403b-acf9-f1e092cc4090,00000000-0000-0000-0000-000000000001,8c42685b-f2df-4dec-96bd-0e77b715e33e,receipt,completed,1,1,0,null,null,1 receipt(s),null,2026-08-04 06:51:44.353537+00,2026-08-04 06:52:05.952526+00
5f32a8c1-be10-4a63-94f5-ea5085997c8b,00000000-0000-0000-0000-000000000001,8c42685b-f2df-4dec-96bd-0e77b715e33e,receipt,completed,1,1,0,null,null,1 receipt(s),null,2026-08-04 06:52:09.244841+00,2026-08-04 06:52:32.862946+00
82bb36e9-c23e-4846-b64f-4a0a9c69a924,00000000-0000-0000-0000-000000000001,8c42685b-f2df-4dec-96bd-0e77b715e33e,invoice,completed,1,1,0,null,null,1 invoice(s),null,2026-08-04 07:01:57.79197+00,2026-08-04 07:02:15.674164+00
4d03f0aa-3f76-45a9-aa09-04f12b474e21,00000000-0000-0000-0000-000000000001,8c42685b-f2df-4dec-96bd-0e77b715e33e,invoice,completed,1,1,0,null,null,1 invoice(s),null,2026-08-04 07:10:12.837601+00,2026-08-04 07:10:37.554053+00
fe2e42e8-b02f-4c26-8f1e-26d39a4c4449,00000000-0000-0000-0000-000000000001,8c42685b-f2df-4dec-96bd-0e77b715e33e,receipt,completed,1,1,0,null,null,1 receipt(s),null,2026-08-05 05:30:21.449918+00,2026-08-05 05:30:32.483839+00
5f747199-1ab2-40f4-8625-a70b5b2c8121,00000000-0000-0000-0000-000000000001,8c42685b-f2df-4dec-96bd-0e77b715e33e,receipt,completed,1,1,0,null,null,1 receipt(s),null,2026-08-05 05:31:01.550939+00,2026-08-05 05:31:10.307663+00
c97e2278-ec9a-418c-8ae7-6211bce1100c,00000000-0000-0000-0000-000000000001,8c42685b-f2df-4dec-96bd-0e77b715e33e,receipt,completed,1,1,0,null,null,1 receipt(s),null,2026-08-05 05:31:39.1058+00,2026-08-05 05:31:46.751024+00
02e737bf-d5fd-4855-a270-74acb2c56ee3,00000000-0000-0000-0000-000000000001,8c42685b-f2df-4dec-96bd-0e77b715e33e,receipt,completed,1,1,0,null,null,1 receipt(s),null,2026-08-05 05:32:14.737988+00,2026-08-05 05:32:25.418358+00
f67a7cbd-8ea2-4041-b636-f23c50094017,00000000-0000-0000-0000-000000000001,8c42685b-f2df-4dec-96bd-0e77b715e33e,receipt,completed,1,1,0,null,null,1 receipt(s),null,2026-08-05 05:32:43.373484+00,2026-08-05 05:32:50.886298+00
cd49c29a-872a-4e66-8233-5d294872da34,00000000-0000-0000-0000-000000000001,8c42685b-f2df-4dec-96bd-0e77b715e33e,receipt,completed,1,1,0,null,null,1 receipt(s),null,2026-08-05 05:33:11.781162+00,2026-08-05 05:33:18.46111+00
c2b8e957-68a1-4cd3-a509-51442e50a5b7,00000000-0000-0000-0000-000000000001,8c42685b-f2df-4dec-96bd-0e77b715e33e,receipt,completed,1,1,0,null,null,1 receipt(s),null,2026-08-05 05:33:43.285097+00,2026-08-05 05:33:51.052027+00
208c47b4-7459-4629-b5c6-5b7bab5aa24b,00000000-0000-0000-0000-000000000001,8c42685b-f2df-4dec-96bd-0e77b715e33e,receipt,completed,1,1,0,null,null,1 receipt(s),null,2026-08-05 05:34:00.601521+00,2026-08-05 05:34:09.758985+00
bf0716ea-f4ae-4710-8dce-d8c6eb42c66d,00000000-0000-0000-0000-000000000001,8c42685b-f2df-4dec-96bd-0e77b715e33e,receipt,completed,1,1,0,null,null,1 receipt(s),null,2026-08-05 05:34:27.439569+00,2026-08-05 05:34:34.898597+00
85efcfab-4cf1-46c3-b2a7-bf024c0978ac,00000000-0000-0000-0000-000000000001,8c42685b-f2df-4dec-96bd-0e77b715e33e,receipt,completed,1,1,0,null,null,1 receipt(s),null,2026-08-05 05:34:53.699458+00,2026-08-05 05:35:01.068213+00
cea13c50-f37e-41af-96c8-14142ac75e69,00000000-0000-0000-0000-000000000001,8c42685b-f2df-4dec-96bd-0e77b715e33e,receipt,completed,1,1,0,null,null,1 receipt(s),null,2026-08-05 05:35:52.436587+00,2026-08-05 05:36:00.139821+00
3abe6832-01d1-4d37-a44c-c35cdd3a069b,00000000-0000-0000-0000-000000000001,8c42685b-f2df-4dec-96bd-0e77b715e33e,receipt,completed,1,1,0,null,null,1 receipt(s),null,2026-08-05 05:36:15.701235+00,2026-08-05 05:36:22.938182+00
a7ad1883-0e48-43c2-9515-a3cf10b6d899,00000000-0000-0000-0000-000000000001,8c42685b-f2df-4dec-96bd-0e77b715e33e,receipt,completed,1,1,0,null,null,1 receipt(s),null,2026-08-05 05:37:23.6687+00,2026-08-05 05:37:30.558759+00
ae52a83e-083c-4a98-9624-9c6023c8b4ba,00000000-0000-0000-0000-000000000001,8c42685b-f2df-4dec-96bd-0e77b715e33e,receipt,completed,1,1,0,null,null,1 receipt(s),null,2026-08-05 05:37:51.448202+00,2026-08-05 05:37:58.714665+00
a47d3a0c-7a54-4c9d-9e2e-1648d61d0b09,00000000-0000-0000-0000-000000000001,8c42685b-f2df-4dec-96bd-0e77b715e33e,receipt,completed,1,1,0,null,null,1 receipt(s),null,2026-08-05 05:38:28.678552+00,2026-08-05 05:38:36.117551+00
caf1c50f-f1c7-449b-948c-1bb5292bcb62,00000000-0000-0000-0000-000000000001,8c42685b-f2df-4dec-96bd-0e77b715e33e,receipt,completed,1,1,0,null,null,1 receipt(s),null,2026-08-05 05:39:03.809731+00,2026-08-05 05:39:10.79948+00
0cb32c71-ecb6-4128-98f7-e825be89bec5,00000000-0000-0000-0000-000000000001,8c42685b-f2df-4dec-96bd-0e77b715e33e,receipt,completed,1,1,0,null,null,1 receipt(s),null,2026-08-05 05:40:14.398652+00,2026-08-05 05:40:22.041245+00
5c4a8636-95bc-45ca-8fb3-449e2a930cc2,00000000-0000-0000-0000-000000000001,8c42685b-f2df-4dec-96bd-0e77b715e33e,receipt,completed,1,1,0,null,null,1 receipt(s),null,2026-08-05 06:02:19.832618+00,2026-08-05 06:02:29.620166+00
3ea7b3bf-ed90-496e-a8fa-1fb89760b812,00000000-0000-0000-0000-000000000001,8c42685b-f2df-4dec-96bd-0e77b715e33e,receipt,completed,1,1,0,null,null,1 receipt(s),null,2026-08-05 06:03:51.326578+00,2026-08-05 06:03:59.35817+00
a215491b-8f5d-4f35-845c-d5ac3cdbf7e4,00000000-0000-0000-0000-000000000001,8c42685b-f2df-4dec-96bd-0e77b715e33e,receipt,completed,1,1,0,null,null,1 receipt(s),null,2026-08-05 06:53:36.884896+00,2026-08-05 06:53:54.784338+00
e48fdd9b-daf9-4a0d-9cab-f893dd6b7e6f,00000000-0000-0000-0000-000000000001,8c42685b-f2df-4dec-96bd-0e77b715e33e,receipt,completed,1,1,0,null,null,1 receipt(s),null,2026-08-05 07:03:47.985888+00,2026-08-05 07:04:04.563584+00
bf16fcfd-daa9-4d7b-ac2a-58e0cdfbcbda,00000000-0000-0000-0000-000000000001,a8b5f110-d39b-4e98-a7f3-cbac0db8f199,receipt,completed,1,1,0,null,null,1 receipt(s),null,2026-08-06 10:21:04.771308+00,2026-08-06 10:21:16.771777+00
fd23f71f-978b-4388-bf51-4617fa83e669,00000000-0000-0000-0000-000000000001,54acafd0-4c07-4bbf-97ee-b4760389c991,outstanding,completed,1,1,0,null,null,1 outstanding reminder(s),null,2026-08-07 12:08:10.356306+00,2026-08-07 12:08:20.66585+00
724d52ad-91c4-4570-96ec-25324a7e196f,00000000-0000-0000-0000-000000000001,54acafd0-4c07-4bbf-97ee-b4760389c991,receipt,completed,1,1,0,null,null,1 receipt(s),null,2026-08-08 05:05:53.94244+00,2026-08-08 05:06:20.173586+00
daf85c86-85de-4214-a014-c4910438fcef,00000000-0000-0000-0000-000000000001,54acafd0-4c07-4bbf-97ee-b4760389c991,receipt,completed,1,1,0,null,null,1 receipt(s),null,2026-08-08 05:07:45.091772+00,2026-08-08 05:08:05.616892+00
2c6a0e68-328e-4b97-b52f-d94c022e92f9,00000000-0000-0000-0000-000000000001,54acafd0-4c07-4bbf-97ee-b4760389c991,outstanding,completed,1,1,0,null,null,1 outstanding reminder(s),null,2026-08-08 05:48:07.737216+00,2026-08-08 05:48:14.383123+00
f7aeca8d-6e5b-4a29-971a-71e1664302d2,00000000-0000-0000-0000-000000000001,54acafd0-4c07-4bbf-97ee-b4760389c991,invoice,completed,1,1,0,null,null,1 invoice(s),null,2026-08-08 07:56:47.901603+00,2026-08-08 07:56:59.018482+00
c1859fdd-875a-45e4-8559-aed00458e690,00000000-0000-0000-0000-000000000001,54acafd0-4c07-4bbf-97ee-b4760389c991,invoice,completed,1,1,0,null,null,1 invoice(s),null,2026-08-08 08:17:54.994199+00,2026-08-08 08:18:08.542176+00
5c02d493-6b52-4c98-9ffd-0dbc6eda94e7,00000000-0000-0000-0000-000000000001,54acafd0-4c07-4bbf-97ee-b4760389c991,invoice,running,1,0,0,null,null,1 invoice(s),null,2026-08-08 10:06:51.396763+00,2026-08-29 10:27:41.461398+00
53842b82-99e2-44dd-bb19-0fc33d5ed42a,00000000-0000-0000-0000-000000000001,54acafd0-4c07-4bbf-97ee-b4760389c991,invoice,completed,1,1,0,null,null,1 invoice(s),null,2026-08-08 10:08:27.816959+00,2026-08-08 10:08:36.493517+00
6c18c7aa-80aa-48f8-902a-d80c9c95e632,00000000-0000-0000-0000-000000000001,54acafd0-4c07-4bbf-97ee-b4760389c991,outstanding,completed,1,1,0,null,null,1 outstanding reminder(s),null,2026-08-08 12:28:05.997325+00,2026-08-08 12:28:16.173545+00
16fed03d-52a1-4413-9a37-97ffa3b36dab,00000000-0000-0000-0000-000000000001,54acafd0-4c07-4bbf-97ee-b4760389c991,outstanding,completed,50,50,0,null,null,50 outstanding reminder(s),null,2026-08-08 12:29:41.648285+00,2026-08-08 12:53:03.06992+00
27c7e3d8-fd0c-441f-8a1a-aa8fe8a428a3,00000000-0000-0000-0000-000000000001,a8b5f110-d39b-4e98-a7f3-cbac0db8f199,receipt,completed,1,1,0,null,null,1 receipt(s),null,2026-08-10 07:14:49.560473+00,2026-08-10 07:14:56.958708+00
7783e8bc-51aa-47c3-855d-99be9c90c1b0,00000000-0000-0000-0000-000000000001,a8b5f110-d39b-4e98-a7f3-cbac0db8f199,receipt,completed,1,1,0,null,null,1 receipt(s),null,2026-08-10 07:19:14.020999+00,2026-08-10 07:19:21.716633+00
55e52020-2490-4cbc-950f-5e7bd565f388,00000000-0000-0000-0000-000000000001,a8b5f110-d39b-4e98-a7f3-cbac0db8f199,receipt,completed,1,1,0,null,null,1 receipt(s),null,2026-08-10 07:23:42.700632+00,2026-08-10 07:23:51.018456+00
f2cc08da-02d2-4fa5-a1d5-3e453855fb96,00000000-0000-0000-0000-000000000001,a8b5f110-d39b-4e98-a7f3-cbac0db8f199,receipt,completed,1,1,0,null,null,1 receipt(s),null,2026-08-10 07:37:22.282879+00,2026-08-10 07:37:29.591181+00
aaeaba92-5f54-43e7-8fb5-6cfc423935d9,00000000-0000-0000-0000-000000000001,a8b5f110-d39b-4e98-a7f3-cbac0db8f199,receipt,completed,1,1,0,null,null,1 receipt(s),null,2026-08-10 07:38:19.421325+00,2026-08-10 07:38:25.927966+00
343d8a19-8054-4a1b-9e48-872169437e50,00000000-0000-0000-0000-000000000001,a8b5f110-d39b-4e98-a7f3-cbac0db8f199,receipt,completed,1,1,0,null,null,1 receipt(s),null,2026-08-10 07:43:19.040527+00,2026-08-10 07:43:25.089808+00
732beaea-affa-4d51-a634-db60999b23d5,00000000-0000-0000-0000-000000000001,a8b5f110-d39b-4e98-a7f3-cbac0db8f199,receipt,completed,1,1,0,null,null,1 receipt(s),null,2026-08-10 07:44:34.792205+00,2026-08-10 07:44:41.853719+00
e50b77ac-5acc-4157-9d2e-e8ca6e1a9fc5,00000000-0000-0000-0000-000000000001,a8b5f110-d39b-4e98-a7f3-cbac0db8f199,receipt,completed,1,1,0,null,null,1 receipt(s),null,2026-08-10 07:50:10.859777+00,2026-08-10 07:50:16.715962+00
64b6854f-7fa8-468c-86cb-bee2d9534946,00000000-0000-0000-0000-000000000001,a8b5f110-d39b-4e98-a7f3-cbac0db8f199,receipt,completed,1,1,0,null,null,1 receipt(s),null,2026-08-10 07:52:41.145021+00,2026-08-10 07:52:47.137824+00
bfff45a8-b682-4151-a072-d40f53d0b394,00000000-0000-0000-0000-000000000001,a8b5f110-d39b-4e98-a7f3-cbac0db8f199,receipt,completed,1,1,0,null,null,1 receipt(s),null,2026-08-10 07:54:50.430294+00,2026-08-10 07:54:57.210135+00
e53ebde6-cea3-41ce-a5a7-3e4bfa857785,00000000-0000-0000-0000-000000000001,a8b5f110-d39b-4e98-a7f3-cbac0db8f199,receipt,completed,1,1,0,null,null,1 receipt(s),null,2026-08-11 08:52:59.375587+00,2026-08-11 08:53:10.005906+00
1e6b77e2-8a44-496d-b1ac-0f27a54cfb60,00000000-0000-0000-0000-000000000001,b48573e1-c1d9-45dd-ac6c-f08fef9c997c,outstanding,completed,23,23,0,null,null,23 outstanding reminder(s),null,2026-08-13 07:24:56.569226+00,2026-08-13 07:25:06.887602+00
be04c5b0-6c30-47fe-b06f-8fd97c1bf6eb,00000000-0000-0000-0000-000000000001,a8b5f110-d39b-4e98-a7f3-cbac0db8f199,receipt,completed,1,1,0,null,null,1 receipt(s),null,2026-08-17 05:47:23.099726+00,2026-08-17 05:47:30.880943+00