id,organization_id,user_id,phone_hash,gender,id_proof_type,company_name,designation,kyc_completed,created_at,staying_status,food_preference,relation_type,city,pincode,state,age,profession,company_city,company_pincode,company_state,date_of_joining,course,bank_name,bank_branch,tenant_rating,rating_last_computed,property_id
00af40b2-545a-c400-060e-9eba5e004ea3,00000000-0000-0000-0000-000000000001,a511b46a-10b8-465e-bb0a-278862caf056,7fdc4be5bfdbb5a3e0b62324bc57ec53,Male,null,null,null,null,2025-05-05 04:45:36+00,exited,null,null,null,null,null,null,null,null,null,null,null,null,null,null,5,2026-08-03 09:34:02.186+00,5dda0b14-713b-46d0-a6ce-a7a33a2fb6f9
00ff5468-3680-2a12-23e4-82855ab3c697,00000000-0000-0000-0000-000000000001,655d3b51-faec-4afe-8f59-fc6d662ffe5e,a972b12840757c080de5b99280e0ea30,Male,null,"Acabes International ","Technical Associate ",null,2025-05-05 04:45:36+00,exited,null,null,null,null,null,null,null,null,null,null,null,null,null,null,3,2026-08-03 09:34:02.17+00,5dda0b14-713b-46d0-a6ce-a7a33a2fb6f9
011b7d1c-5697-5394-c05b-fa0473640657,00000000-0000-0000-0000-000000000001,5005372e-bed6-4648-b22a-7f644d5d678f,6dba864c2e74d756f49b961e926f5a2e,Male,null,"Pravartak ","Program consultant ",null,2025-05-05 04:45:36+00,staying,null,null,null,null,null,null,null,null,null,null,null,null,null,null,4,2026-08-03 09:34:02.148+00,5dda0b14-713b-46d0-a6ce-a7a33a2fb6f9
01426448-b911-b1b8-ce7d-46e4a4c39abd,00000000-0000-0000-0000-000000000001,a511b46a-10b8-465e-bb0a-278862caf056,579684990f566a4e714d66a6978676ab,Male,null,Tcs,Ast,null,2025-05-05 04:45:36+00,exited,null,null,null,null,null,null,null,null,null,null,null,null,null,null,10,2026-08-03 09:34:02.105+00,5dda0b14-713b-46d0-a6ce-a7a33a2fb6f9
02295215-68ff-b712-391f-44370ddab3fc,00000000-0000-0000-0000-000000000001,a511b46a-10b8-465e-bb0a-278862caf056,4d1ed0a73ba984b5a81a769440752850,Female,null,Jman group,Software Engineer,null,2025-05-05 04:45:36+00,exited,null,null,null,null,null,null,null,null,null,null,null,null,null,null,5,2026-08-03 09:34:02.201+00,5dda0b14-713b-46d0-a6ce-a7a33a2fb6f9
024cbfa9-4c24-ccad-9d51-c10966293351,00000000-0000-0000-0000-000000000001,a511b46a-10b8-465e-bb0a-278862caf056,4e6f1f7c339cf1de4b73d97fa7a97678,Male,null,CAMS,Senior Manager,null,2025-05-05 04:45:36+00,exited,null,null,null,null,null,null,null,null,null,null,null,null,null,null,6,2026-08-03 09:34:02.171+00,5dda0b14-713b-46d0-a6ce-a7a33a2fb6f9
0278721a-a690-833b-298a-16a351fb7a3a,00000000-0000-0000-0000-000000000001,5bc6409a-f4ff-4396-bb7a-341df3047719,246439f9a675b16cc40c10a504bead5a,Female,null,null,null,null,2025-05-05 04:45:36+00,staying,null,null,null,null,null,null,null,null,null,null,null,null,null,null,3,2026-08-03 09:34:02.145+00,5dda0b14-713b-46d0-a6ce-a7a33a2fb6f9
02827bf2-c0f6-ffb5-81c6-2afad0f4c7c3,00000000-0000-0000-0000-000000000001,a511b46a-10b8-465e-bb0a-278862caf056,d5a81aa0f6e74a53a4b9276a90747514,Male,null,Wood india pvt ltd,Sr electrical engineer,null,2025-05-05 04:45:36+00,exited,null,null,null,null,null,null,null,null,null,null,null,null,null,null,10,2026-08-03 09:34:02.204+00,5dda0b14-713b-46d0-a6ce-a7a33a2fb6f9
02b429ce-a6d5-6fef-b9c9-9bf315c162d2,00000000-0000-0000-0000-000000000001,a511b46a-10b8-465e-bb0a-278862caf056,0f8215916eb961e85a65d7c625db8fd3,Male,null,null,null,null,2025-05-05 04:45:36+00,exited,null,null,null,null,null,null,null,null,null,null,null,null,null,null,6,2026-08-03 09:34:02.17+00,5dda0b14-713b-46d0-a6ce-a7a33a2fb6f9
0340956c-c19a-d700-7d78-cea190ab08b0,00000000-0000-0000-0000-000000000001,a511b46a-10b8-465e-bb0a-278862caf056,ba7c4e4e85edb2ce0ceb10090cdda2f8,Female,null,Nift,APP,null,2025-05-05 04:45:36+00,exited,null,null,null,null,null,null,null,null,null,null,null,null,null,null,6,2026-08-03 09:34:01.928+00,5dda0b14-713b-46d0-a6ce-a7a33a2fb6f9
03532b88-a44b-5756-ef1e-19ee65a12ddb,00000000-0000-0000-0000-000000000001,a511b46a-10b8-465e-bb0a-278862caf056,0f4ba558b79cc885ed4e995f0d788f1c,Male,null,null,null,null,2025-05-05 04:45:36+00,exited,null,null,null,null,null,null,null,null,null,null,null,null,null,null,10,2026-08-03 09:34:02.201+00,5dda0b14-713b-46d0-a6ce-a7a33a2fb6f9
03583f1f-1403-b11c-dead-43e994cd6716,00000000-0000-0000-0000-000000000001,a511b46a-10b8-465e-bb0a-278862caf056,6be744ae4ea3b79e940a77faafd7eb44,Male,null,Information Dynamics,Senior DA Executive,null,2025-05-05 04:45:36+00,exited,null,null,null,null,null,null,null,null,null,null,null,null,null,null,10,2026-08-03 09:34:01.933+00,5dda0b14-713b-46d0-a6ce-a7a33a2fb6f9
03ce56c0-8798-b95d-7125-311b80363e74,00000000-0000-0000-0000-000000000001,c3c81aca-7b4b-45ae-99cd-efb59249d6cb,0d6e404bca251b2ba14dd2e80daf4689,Male,null,Sify technologies limited,Software Engineer,null,2025-05-05 04:45:36+00,staying,null,null,null,null,null,null,null,null,null,null,null,null,null,null,3,2026-08-03 09:34:01.952+00,5dda0b14-713b-46d0-a6ce-a7a33a2fb6f9
040a939f-93a2-9c73-8ae0-b56d3cb19257,00000000-0000-0000-0000-000000000001,a511b46a-10b8-465e-bb0a-278862caf056,e9fb0f3d84d7cb8e9f77ecf7fbbe3847,Male,null,Technicaliya Consultants Private Limited,Intern B.Arch,null,2025-05-05 04:45:36+00,exited,null,null,null,null,null,null,null,null,null,null,null,null,null,null,10,2026-08-03 09:34:01.952+00,5dda0b14-713b-46d0-a6ce-a7a33a2fb6f9
04245153-5f6d-a9a8-1983-1152fb4141ac,00000000-0000-0000-0000-000000000001,a511b46a-10b8-465e-bb0a-278862caf056,3864ae59ded7730306a857bd9f7669df,Male,null,null,null,null,2025-05-05 04:45:36+00,exited,null,null,null,null,null,null,null,null,null,null,null,null,null,null,10,2026-08-03 09:34:02.178+00,5dda0b14-713b-46d0-a6ce-a7a33a2fb6f9
044fabca-8052-c100-2783-a270debc8c40,00000000-0000-0000-0000-000000000001,a511b46a-10b8-465e-bb0a-278862caf056,84e3961066e6ba1a283ffc8d522c2e5c,Male,null,Qualcomm,Law,null,2025-05-05 04:45:36+00,exited,null,null,null,null,null,null,null,null,null,null,null,null,null,null,6,2026-08-03 09:34:02.188+00,5dda0b14-713b-46d0-a6ce-a7a33a2fb6f9
04ba1c6f-6c06-819d-9ecc-a0c5f795b922,00000000-0000-0000-0000-000000000001,ab8444b4-419b-4d00-8b03-59531d25a8c4,48a05410492d7c3f89d871d4617f10fc,Female,null,null,null,null,2025-05-05 04:45:36+00,staying,null,null,null,null,null,null,null,null,null,null,null,null,null,null,4,2026-08-03 09:34:01.887+00,5dda0b14-713b-46d0-a6ce-a7a33a2fb6f9
04bf244c-6798-a8e7-4f9c-31d58ae63fb5,00000000-0000-0000-0000-000000000001,a511b46a-10b8-465e-bb0a-278862caf056,d48e77392b5dd516689d3b698ac4ad5b,Female,null,null,null,null,2025-05-05 04:45:36+00,exited,null,null,null,null,null,null,null,null,null,null,null,null,null,null,10,2026-08-03 09:34:01.932+00,5dda0b14-713b-46d0-a6ce-a7a33a2fb6f9
051533c6-c514-5e79-9a31-56bbdcf6cbf8,00000000-0000-0000-0000-000000000001,a511b46a-10b8-465e-bb0a-278862caf056,abb74bd62b1322ea5139337db7c91292,Male,null,null,null,null,2025-05-05 04:45:36+00,exited,null,null,null,null,null,null,null,null,null,null,null,null,null,null,10,2026-08-03 09:34:01.871+00,5dda0b14-713b-46d0-a6ce-a7a33a2fb6f9
051d1ba0-2ce6-ea15-c68f-cc2aa5673d1b,00000000-0000-0000-0000-000000000001,a511b46a-10b8-465e-bb0a-278862caf056,f5c413fb5e47a0aa6c3c1b12caf86401,Female,null,null,null,null,2025-05-05 04:45:36+00,exited,null,null,null,null,null,null,null,null,null,null,null,null,null,null,6,2026-08-03 09:34:02.15+00,5dda0b14-713b-46d0-a6ce-a7a33a2fb6f9
05c1092a-7d55-87fd-45f7-a75a6fef6cd7,00000000-0000-0000-0000-000000000001,a511b46a-10b8-465e-bb0a-278862caf056,71363bb621c32c30aae0fb68f3355e55,Female,null,Amazon,SDE Intern,null,2025-05-05 04:45:36+00,exited,null,null,null,null,null,null,null,null,null,null,null,null,null,null,10,2026-08-03 09:34:01.861+00,5dda0b14-713b-46d0-a6ce-a7a33a2fb6f9
05e10de3-1c79-2a38-05f9-8221a224c636,00000000-0000-0000-0000-000000000001,a511b46a-10b8-465e-bb0a-278862caf056,663a05554054c900a10252fd913f3b4d,Female,null,Latentview analytics,Assistant manager,null,2025-05-05 04:45:36+00,exited,null,null,null,null,null,null,null,null,null,null,null,null,null,null,10,2026-08-03 09:34:01.881+00,5dda0b14-713b-46d0-a6ce-a7a33a2fb6f9
0627346d-64a7-b6e0-05c2-13aba96d8d7f,00000000-0000-0000-0000-000000000001,a511b46a-10b8-465e-bb0a-278862caf056,75fcc4ddf0cd3687c6102f89e1a28563,Male,null,Densol engineering pvt ltd,Project manager,null,2025-05-05 04:45:36+00,exited,null,null,null,null,null,null,null,null,null,null,null,null,null,null,10,2026-08-03 09:34:01.9+00,5dda0b14-713b-46d0-a6ce-a7a33a2fb6f9
0632e1c8-fb91-3269-00af-8a625740b33a,00000000-0000-0000-0000-000000000001,a511b46a-10b8-465e-bb0a-278862caf056,d7625ea093100e589124fc34fb24db3e,Female,null,TIGER ANALYTICS,SENIOR BUSINESS ANALYST,null,2025-05-05 04:45:36+00,exited,null,null,null,null,null,null,null,null,null,null,null,null,null,null,6,2026-08-03 09:34:01.938+00,5dda0b14-713b-46d0-a6ce-a7a33a2fb6f9
06410f6f-092c-1bfd-adad-83e726569b01,00000000-0000-0000-0000-000000000001,a511b46a-10b8-465e-bb0a-278862caf056,eb42dccb1d68140af6544e28023ce9da,Male,null,Amazon,Business Analyst,null,2025-05-05 04:45:36+00,exited,null,null,null,null,null,null,null,null,null,null,null,null,null,null,10,2026-08-03 09:34:02.181+00,5dda0b14-713b-46d0-a6ce-a7a33a2fb6f9
068260fe-ff67-c96c-b5b4-1d5c207e7678,00000000-0000-0000-0000-000000000001,a511b46a-10b8-465e-bb0a-278862caf056,e53731d26a14f26e08799f8a5c2135ef,Female,null,null,null,null,2025-05-05 04:45:36+00,exited,null,null,null,null,null,null,null,null,null,null,null,null,null,null,6,2026-08-03 09:34:01.819+00,5dda0b14-713b-46d0-a6ce-a7a33a2fb6f9
06c2357c-fc9c-cf8f-5166-511dbe29bd6f,00000000-0000-0000-0000-000000000001,a511b46a-10b8-465e-bb0a-278862caf056,c64e708ea5ecd2e25c3a137a40a5efa3,Female,null,null,null,null,2025-05-05 04:45:36+00,exited,null,null,null,null,null,null,null,null,null,null,null,null,null,null,10,2026-08-03 09:34:01.887+00,5dda0b14-713b-46d0-a6ce-a7a33a2fb6f9
073e4bd7-f1f1-49d3-604f-c365b9952a6c,00000000-0000-0000-0000-000000000001,a8ed68da-f0f8-4ec8-bd4c-0d14bd0042b9,489ec2740fe2fa9c1345e9e7151ceafa,Female,null,null,null,null,2025-05-05 04:45:36+00,staying,null,null,null,null,null,null,null,null,null,null,null,null,null,null,3,2026-08-03 09:34:01.861+00,5dda0b14-713b-46d0-a6ce-a7a33a2fb6f9
07be30b6-2324-7f46-f82f-5b1c9036f58f,00000000-0000-0000-0000-000000000001,a511b46a-10b8-465e-bb0a-278862caf056,fd88f1d9dc5cdf03876705d7000b987e,Male,null,HIMT College,15MAY2024,null,2025-05-05 04:45:36+00,exited,null,null,null,null,null,null,null,null,null,null,null,null,null,null,10,2026-08-03 09:34:01.887+00,5dda0b14-713b-46d0-a6ce-a7a33a2fb6f9
0808fdb2-602f-1a67-c1f2-d1a6875f8e2a,00000000-0000-0000-0000-000000000001,a511b46a-10b8-465e-bb0a-278862caf056,71cdd321e3a676f4089e510b1f4866ca,Male,null,CSIR-NML Chennai,Intern,null,2025-05-05 04:45:36+00,exited,null,null,null,null,null,null,null,null,null,null,null,null,null,null,10,2026-08-03 09:34:01.896+00,5dda0b14-713b-46d0-a6ce-a7a33a2fb6f9
0843264b-05af-60b0-cf45-89a98cbac865,00000000-0000-0000-0000-000000000001,a511b46a-10b8-465e-bb0a-278862caf056,6482d68d892c6008b7afedd7f2d573bc,Male,null,Inaza,Machine learning engineer,null,2025-05-05 04:45:36+00,exited,null,null,null,null,null,null,null,null,null,null,null,null,null,null,10,2026-08-03 09:34:01.9+00,5dda0b14-713b-46d0-a6ce-a7a33a2fb6f9
085a8574-3d16-6975-cd44-b98c9a4b53ea,00000000-0000-0000-0000-000000000001,a511b46a-10b8-465e-bb0a-278862caf056,02b2524802310af7970fd75dec1ffeb7,Female,null,Mindsprint,Junior Engineer,null,2025-05-05 04:45:36+00,exited,null,null,null,null,null,null,null,null,null,null,null,null,null,null,10,2026-08-03 09:34:01.887+00,5dda0b14-713b-46d0-a6ce-a7a33a2fb6f9
0889d3cb-acd6-687a-2d41-4c7feb20b8d0,00000000-0000-0000-0000-000000000001,a511b46a-10b8-465e-bb0a-278862caf056,1c418faf9be299c1635e48ff299a376c,Male,null,Sicame gbs,Data engineer,null,2025-05-05 04:45:36+00,new,null,null,null,null,null,null,null,null,null,null,null,null,null,null,10,2026-08-03 09:34:01.939+00,5dda0b14-713b-46d0-a6ce-a7a33a2fb6f9
089c750d-e588-d7c8-9ec2-783348ec9df1,00000000-0000-0000-0000-000000000001,a511b46a-10b8-465e-bb0a-278862caf056,bec6c0117d475d39805d0e7a38b36f60,Male,null,null,null,null,2025-05-05 04:45:36+00,exited,null,null,null,null,null,null,null,null,null,null,null,null,null,null,10,2026-08-03 09:34:01.928+00,5dda0b14-713b-46d0-a6ce-a7a33a2fb6f9
09c51f18-9e44-e04c-7a53-2b5d217880df,00000000-0000-0000-0000-000000000001,a511b46a-10b8-465e-bb0a-278862caf056,c11e7af92a85eaccccefa8828d9089fc,Female,null,null,null,null,2025-05-05 04:45:36+00,exited,null,null,null,null,null,null,null,null,null,null,null,null,null,null,10,2026-08-03 09:34:02.204+00,5dda0b14-713b-46d0-a6ce-a7a33a2fb6f9
09e32fec-fbd7-1db0-5695-ad127d667dcf,00000000-0000-0000-0000-000000000001,a511b46a-10b8-465e-bb0a-278862caf056,b6c536fcfc34693917c9ff57194a6b66,Male,null,null,null,null,2025-05-05 04:45:36+00,exited,null,null,null,null,null,null,null,null,null,null,null,null,null,null,10,2026-08-03 09:34:02.282+00,5dda0b14-713b-46d0-a6ce-a7a33a2fb6f9
0a550b32-ac5f-efb6-6d3b-e9975e20a82d,00000000-0000-0000-0000-000000000001,a511b46a-10b8-465e-bb0a-278862caf056,c195b1b33531e0311508ee039d954e63,Female,null,"AGS health care ","Manager ",null,2025-05-05 04:45:36+00,exited,null,null,null,null,null,null,null,null,null,null,null,null,null,null,3,2026-08-03 09:34:01.861+00,5dda0b14-713b-46d0-a6ce-a7a33a2fb6f9
0a84c6c8-93d4-72ff-5f1d-01ff651e37a9,00000000-0000-0000-0000-000000000001,a511b46a-10b8-465e-bb0a-278862caf056,6a01404c78910bf1b8f77cf4b837bd2d,Male,null,Debrique creative labs pvt ltd,"R&D Engineer ",null,2025-05-05 04:45:36+00,new,null,null,null,null,null,null,null,null,null,null,null,null,null,null,10,2026-08-03 09:34:01.861+00,5dda0b14-713b-46d0-a6ce-a7a33a2fb6f9
0bf6d7d9-a9c2-d7bf-ca36-abc55ae462e0,00000000-0000-0000-0000-000000000001,a511b46a-10b8-465e-bb0a-278862caf056,8050cf05480f714a96debe3c79cff425,Female,null,Amazon,QAE,null,2025-05-05 04:45:36+00,exited,null,null,null,null,null,null,null,null,null,null,null,null,null,null,10,2026-08-03 09:34:01.897+00,5dda0b14-713b-46d0-a6ce-a7a33a2fb6f9
0bf78a8a-6c27-f4bf-07de-860dbab2a408,00000000-0000-0000-0000-000000000001,a511b46a-10b8-465e-bb0a-278862caf056,dedd9ff19dd5150fb2ef0968cf694613,Female,null,Ernst and young,Executive,null,2025-05-05 04:45:36+00,exited,null,null,null,null,null,null,null,null,null,null,null,null,null,null,6,2026-08-03 09:34:02.188+00,5dda0b14-713b-46d0-a6ce-a7a33a2fb6f9
0bf81a68-411b-0699-6b01-1f288edeb7a6,00000000-0000-0000-0000-000000000001,a511b46a-10b8-465e-bb0a-278862caf056,611c52e4a6e8c497bccdbb6d9c1a0ca2,Male,null,Amazon,Software Engineer,null,2025-05-05 04:45:36+00,exited,null,null,null,null,null,null,null,null,null,null,null,null,null,null,10,2026-08-03 09:34:01.925+00,5dda0b14-713b-46d0-a6ce-a7a33a2fb6f9
0bf93609-d4ec-9bc6-fe77-b8a88d29d95c,00000000-0000-0000-0000-000000000001,a511b46a-10b8-465e-bb0a-278862caf056,15fc177f7973ca5b0f4344b4de6f55dd,Male,null,Latentview,Assistant Manager,null,2025-05-05 04:45:36+00,exited,null,null,null,null,null,null,null,null,null,null,null,null,null,null,10,2026-08-03 09:34:01.967+00,5dda0b14-713b-46d0-a6ce-a7a33a2fb6f9
0bfb8715-8f78-e284-cb03-a48f8a5f0702,00000000-0000-0000-0000-000000000001,a511b46a-10b8-465e-bb0a-278862caf056,1e077352733c4f4f73d864bf7170b9f4,Female,null,National Institute of Fashion Technology,Student,null,2025-05-05 04:45:36+00,exited,null,null,null,null,null,null,null,null,null,null,null,null,null,null,10,2026-08-03 09:34:02.149+00,5dda0b14-713b-46d0-a6ce-a7a33a2fb6f9
0c47441c-0898-a35f-badb-b812b6d01ad6,00000000-0000-0000-0000-000000000001,a511b46a-10b8-465e-bb0a-278862caf056,c0a4886f7910a869f8669209df9fa142,Female,null,null,null,null,2025-05-05 04:45:36+00,exited,null,null,null,null,null,null,null,null,null,null,null,null,null,null,10,2026-08-03 09:34:03.171+00,5dda0b14-713b-46d0-a6ce-a7a33a2fb6f9
0c869ab0-6a8e-0fdf-0bdf-20ca57cb67cd,00000000-0000-0000-0000-000000000001,a511b46a-10b8-465e-bb0a-278862caf056,9b12e11604b733d009f7098b4d093ab5,Male,null,Latentview,Assistant Manager,null,2025-05-05 04:45:36+00,exited,null,null,null,null,null,null,null,null,null,null,null,null,null,null,10,2026-08-03 09:34:03.171+00,5dda0b14-713b-46d0-a6ce-a7a33a2fb6f9
0cba0133-9ca6-89ff-f5ab-d1324e455716,00000000-0000-0000-0000-000000000001,a511b46a-10b8-465e-bb0a-278862caf056,fb2ad502cb6a1b3d86c7f9834156fbc0,Male,null,null,null,null,2025-05-05 04:45:36+00,exited,null,null,null,null,null,null,null,null,null,null,null,null,null,null,10,2026-08-03 09:34:03.206+00,5dda0b14-713b-46d0-a6ce-a7a33a2fb6f9
0ccdcf23-be43-796c-0739-a83013e52962,00000000-0000-0000-0000-000000000001,a511b46a-10b8-465e-bb0a-278862caf056,90d8f195e8fc23d4523ce919541ef078,Male,null,"Guardian India ","Data scientist ",null,2025-05-05 04:45:36+00,exited,null,null,null,null,null,null,null,null,null,null,null,null,null,null,6,2026-08-03 09:34:03.305+00,5dda0b14-713b-46d0-a6ce-a7a33a2fb6f9
0ccf966f-d23f-4994-fedc-211f2f60aa4f,00000000-0000-0000-0000-000000000001,a511b46a-10b8-465e-bb0a-278862caf056,545fac96155ab8a4ce19a19ba90e2b99,Female,null,BNP Paribas,Intern,null,2025-05-05 04:45:36+00,exited,null,null,null,null,null,null,null,null,null,null,null,null,null,null,9,2026-08-03 09:34:03.182+00,5dda0b14-713b-46d0-a6ce-a7a33a2fb6f9
0d8adc09-cbf7-8d73-f287-b681bfbb317f,00000000-0000-0000-0000-000000000001,a511b46a-10b8-465e-bb0a-278862caf056,32e831ba45110669219be869085b3711,Female,null,null,null,null,2025-05-05 04:45:36+00,exited,null,null,null,null,null,null,null,null,null,null,null,null,null,null,10,2026-08-03 09:34:03.171+00,5dda0b14-713b-46d0-a6ce-a7a33a2fb6f9
0dca171d-4d27-07ab-2319-cd9f7d9ffbcd,00000000-0000-0000-0000-000000000001,a511b46a-10b8-465e-bb0a-278862caf056,4436c445e67fbed8a750ba8cbce17f7a,Female,null,Amazon,Quality Assurance Engineer,null,2025-05-05 04:45:36+00,exited,null,null,null,null,null,null,null,null,null,null,null,null,null,null,10,2026-08-03 09:34:03.188+00,5dda0b14-713b-46d0-a6ce-a7a33a2fb6f9
0e742f99-42ca-8738-ee99-7cbcc8148b75,00000000-0000-0000-0000-000000000001,a511b46a-10b8-465e-bb0a-278862caf056,d0fec8e090cfe9718e63c7a148d6ff24,Male,null,null,null,null,2025-05-05 04:45:36+00,exited,null,null,null,null,null,null,null,null,null,null,null,null,null,null,6,2026-08-03 09:34:03.189+00,5dda0b14-713b-46d0-a6ce-a7a33a2fb6f9
0e8d8c4f-79bb-5fec-80fb-bd042f559818,00000000-0000-0000-0000-000000000001,a511b46a-10b8-465e-bb0a-278862caf056,aed18ae8a2baf90235d7206dd33b66a7,Male,null,Casa grand,Vp,null,2025-05-05 04:45:36+00,exited,null,null,null,null,null,null,null,null,null,null,null,null,null,null,6,2026-08-03 09:34:03.196+00,5dda0b14-713b-46d0-a6ce-a7a33a2fb6f9
0e9a7acc-570e-726d-5565-5a605a984559,00000000-0000-0000-0000-000000000001,a511b46a-10b8-465e-bb0a-278862caf056,83b5e79de4abe4979042007196ae6697,Female,null,null,null,null,2025-05-05 04:45:36+00,exited,null,null,null,null,null,null,null,null,null,null,null,null,null,null,10,2026-08-03 09:34:03.196+00,5dda0b14-713b-46d0-a6ce-a7a33a2fb6f9
0ea0c6d9-a99f-89ea-6b85-9ae409698bd3,00000000-0000-0000-0000-000000000001,a511b46a-10b8-465e-bb0a-278862caf056,b18bf592be93c450326b9e1a57374d24,Female,null,null,null,null,2025-05-05 04:45:36+00,exited,null,null,null,null,null,null,null,null,null,null,null,null,null,null,5,2026-08-03 09:34:03.261+00,5dda0b14-713b-46d0-a6ce-a7a33a2fb6f9
0ed59f1c-35e8-8ae7-d0f3-3b5d4a2202fd,00000000-0000-0000-0000-000000000001,a511b46a-10b8-465e-bb0a-278862caf056,0013d09142b565b255aaf82135e07a60,Female,null,null,null,null,2025-05-05 04:45:36+00,exited,null,null,null,null,null,null,null,null,null,null,null,null,null,null,6,2026-08-03 09:34:03.292+00,5dda0b14-713b-46d0-a6ce-a7a33a2fb6f9
0f48ebae-7ea3-24d1-dd00-37912e1ab867,00000000-0000-0000-0000-000000000001,a511b46a-10b8-465e-bb0a-278862caf056,9897b3cb8849b08f9f77b3ffa68919c5,Male,null,Shaish Info solutions,Software developer Intern,null,2025-05-05 04:45:36+00,exited,null,null,null,null,null,null,null,null,null,null,null,null,null,null,10,2026-08-03 09:34:03.25+00,5dda0b14-713b-46d0-a6ce-a7a33a2fb6f9
0fb589f6-3d4d-9f65-70ec-ffc208b12ba1,00000000-0000-0000-0000-000000000001,a511b46a-10b8-465e-bb0a-278862caf056,aad5f71aa4e8d2cf2cf036572ca8d497,Female,null,Tcs,Developer,null,2025-05-05 04:45:36+00,exited,null,null,null,null,null,null,null,null,null,null,null,null,null,null,8,2026-08-03 09:34:03.232+00,5dda0b14-713b-46d0-a6ce-a7a33a2fb6f9
100f062f-fa4e-9305-d270-da25f10c6de9,00000000-0000-0000-0000-000000000001,a511b46a-10b8-465e-bb0a-278862caf056,39d22e63e43090ded2a021acec78bebe,Female,null,null,null,null,2025-05-05 04:45:36+00,exited,null,null,null,null,null,null,null,null,null,null,null,null,null,null,10,2026-08-03 09:34:03.195+00,5dda0b14-713b-46d0-a6ce-a7a33a2fb6f9
1029064e-62bf-0942-8a0b-85978e838d8a,00000000-0000-0000-0000-000000000001,a511b46a-10b8-465e-bb0a-278862caf056,55885f44baa702dafeaff511941663f4,Male,null,null,null,null,2025-05-05 04:45:36+00,exited,null,null,null,null,null,null,null,null,null,null,null,null,null,null,10,2026-08-03 09:34:03.262+00,5dda0b14-713b-46d0-a6ce-a7a33a2fb6f9
104a66bf-0d87-2acc-ec03-a73d1c1cfd53,00000000-0000-0000-0000-000000000001,f1c3c7d2-1c96-4776-a069-929d4c8d7d6e,264e23fb9d600ff88df509763a87f5bd,Female,null,E&y,Consultant,null,2025-05-05 04:45:36+00,exited,null,null,null,null,null,null,null,null,null,null,null,null,null,null,4,2026-08-03 09:34:03.25+00,5dda0b14-713b-46d0-a6ce-a7a33a2fb6f9
10916e3e-90d8-8084-d782-fd32d48def20,00000000-0000-0000-0000-000000000001,a511b46a-10b8-465e-bb0a-278862caf056,7869c96570944d916a09001a98e39ea9,Male,null,null,null,null,2025-05-05 04:45:36+00,exited,null,null,null,null,null,null,null,null,null,null,null,null,null,null,10,2026-08-03 09:34:03.286+00,5dda0b14-713b-46d0-a6ce-a7a33a2fb6f9
10f3edc6-4b03-b82d-8df1-09ddaf031c0c,00000000-0000-0000-0000-000000000001,c4e519a7-255c-40b0-8e4a-05728358a300,ee88c2ab44f5475a9a5b33b1c00dc20c,Female,null,TCS,Assistant system engineer,null,2025-05-05 04:45:36+00,exited,null,null,null,null,null,null,null,null,null,null,null,null,null,null,3,2026-08-03 09:34:03.229+00,5dda0b14-713b-46d0-a6ce-a7a33a2fb6f9
110a92b5-de7a-739b-61d2-1bc6c35ab264,00000000-0000-0000-0000-000000000001,a511b46a-10b8-465e-bb0a-278862caf056,6a66883260ff587a09daaf4cb0dd549b,Female,null,null,null,null,2025-05-05 04:45:36+00,exited,null,null,null,null,null,null,null,null,null,null,null,null,null,null,10,2026-08-03 09:34:03.242+00,5dda0b14-713b-46d0-a6ce-a7a33a2fb6f9
11316c38-dc08-4983-3588-fcadd88bd5d2,00000000-0000-0000-0000-000000000001,9395b7b1-66ff-4618-972f-a190bc217e9b,0e78883966b3bd732a0853baa9cf4ed4,Male,null,Bank Of America,Software Engineer,null,2025-05-05 04:45:36+00,staying,null,null,null,null,null,null,null,null,null,null,null,null,null,null,4,2026-08-03 09:34:03.271+00,5dda0b14-713b-46d0-a6ce-a7a33a2fb6f9
117c6d3e-f4d8-3338-57db-8e4c2f7d0dc2,00000000-0000-0000-0000-000000000001,a511b46a-10b8-465e-bb0a-278862caf056,3af368f4e117c23f9a2098246180f306,Female,null,brigade world trade center,work,null,2025-05-05 04:45:36+00,exited,null,null,null,null,null,null,null,null,null,null,null,null,null,null,10,2026-08-03 09:34:03.301+00,5dda0b14-713b-46d0-a6ce-a7a33a2fb6f9
11c59c47-e61b-cafc-82c5-d4ec94db50b8,00000000-0000-0000-0000-000000000001,a511b46a-10b8-465e-bb0a-278862caf056,358779c085e84b277c26a8cee542b247,Female,null,Amazon dev centre,ML DA,null,2025-05-05 04:45:36+00,exited,null,null,null,null,null,null,null,null,null,null,null,null,null,null,10,2026-08-03 09:34:03.237+00,5dda0b14-713b-46d0-a6ce-a7a33a2fb6f9
11e96dd2-92f4-f793-56db-439d5b3de156,00000000-0000-0000-0000-000000000001,a511b46a-10b8-465e-bb0a-278862caf056,9f945d0b3079c744cdef9d0f0b8bd9f9,Male,null,"ACV Auctions ","Engineer ",null,2025-05-05 04:45:36+00,staying,null,null,null,null,null,null,null,null,null,null,null,null,null,null,4,2026-08-03 09:34:03.318+00,5dda0b14-713b-46d0-a6ce-a7a33a2fb6f9
122c395f-56fd-4482-fe33-7fa3c3cd30b5,00000000-0000-0000-0000-000000000001,c0e43c1b-d74c-40e2-b59e-3fcbc0679e83,27df47d1cb498dc87941de48547f24dd,Male,null,null,null,null,2025-05-05 04:45:36+00,exited,null,null,null,null,null,null,null,null,null,null,null,null,null,null,4,2026-08-03 09:34:03.319+00,5dda0b14-713b-46d0-a6ce-a7a33a2fb6f9
1287ac56-adee-78b5-6a6b-56b3e8dd7d48,00000000-0000-0000-0000-000000000001,a511b46a-10b8-465e-bb0a-278862caf056,93638952f54c3ff95e5bc83514a47dc4,Male,null,AstraZeneca,Lead consultant,null,2025-05-05 04:45:36+00,staying,null,null,null,null,null,null,null,null,null,null,null,null,null,null,5,2026-08-03 09:34:03.365+00,5dda0b14-713b-46d0-a6ce-a7a33a2fb6f9
128bd731-e1fe-63b6-3451-759840d80453,00000000-0000-0000-0000-000000000001,a511b46a-10b8-465e-bb0a-278862caf056,4e5641d34c0858bd162da234881cfb4e,Male,null,ATME,Lead Technology Consultant,null,2025-05-05 04:45:36+00,exited,null,null,null,null,null,null,null,null,null,null,null,null,null,null,9,2026-08-03 09:34:03.317+00,5dda0b14-713b-46d0-a6ce-a7a33a2fb6f9
129ef14d-110f-8fd6-f39d-ee91d11e0151,00000000-0000-0000-0000-000000000001,a511b46a-10b8-465e-bb0a-278862caf056,b3891e6e5e718e1260de3d1206cf3743,Female,null,null,null,null,2025-05-05 04:45:36+00,exited,null,null,null,null,null,null,null,null,null,null,null,null,null,null,6,2026-08-03 09:34:03.284+00,5dda0b14-713b-46d0-a6ce-a7a33a2fb6f9
1360848f-3f38-fcda-2ca5-ffb5b90fcacc,00000000-0000-0000-0000-000000000001,a511b46a-10b8-465e-bb0a-278862caf056,8e1b53630a7735433b9c5995744172fc,Male,null,null,null,null,2025-05-05 04:45:36+00,exited,null,null,null,null,null,null,null,null,null,null,null,null,null,null,10,2026-08-03 09:34:03.264+00,5dda0b14-713b-46d0-a6ce-a7a33a2fb6f9
1382b8e8-f0c7-da45-7642-d77de8b58e14,00000000-0000-0000-0000-000000000001,a511b46a-10b8-465e-bb0a-278862caf056,193f51e6ad45ac5c0b85ea51cf3e360e,Male,null,null,null,null,2025-05-05 04:45:36+00,exited,null,null,null,null,null,null,null,null,null,null,null,null,null,null,10,2026-08-03 09:34:03.284+00,5dda0b14-713b-46d0-a6ce-a7a33a2fb6f9
139a98f5-3c60-b2a1-8a36-2cb00cbb30aa,00000000-0000-0000-0000-000000000001,a511b46a-10b8-465e-bb0a-278862caf056,161011fbc2b51b5ce3b117cab45775b5,Male,null,Optimum infosystems,Associate consultant,null,2025-05-05 04:45:36+00,exited,null,null,null,null,null,null,null,null,null,null,null,null,null,null,10,2026-08-03 09:34:03.318+00,5dda0b14-713b-46d0-a6ce-a7a33a2fb6f9
1422ace8-beea-6d1b-73fd-1d30597b40d5,00000000-0000-0000-0000-000000000001,1372873a-5c37-4ce2-9e65-da5488031d1b,b9e7b55bf4fbdc294227ea106fbf24f2,Female,null,"Reva university ","Bioinformatics ",null,2025-05-05 04:45:36+00,exited,null,null,null,null,null,null,null,null,null,null,null,null,null,null,4,2026-08-03 09:34:03.352+00,5dda0b14-713b-46d0-a6ce-a7a33a2fb6f9
146a8458-f956-54ed-317f-b99f7d16fff8,00000000-0000-0000-0000-000000000001,d7dfbd36-af5c-4725-a93b-78bd1b274de0,813cbeb7019e2af79d2d95be741ae5d6,Male,null,Deloitte,Senior audit,null,2025-05-05 04:45:36+00,on-notice,null,null,null,null,null,null,null,null,null,null,null,null,null,null,3,2026-08-03 09:34:03.318+00,5dda0b14-713b-46d0-a6ce-a7a33a2fb6f9
148cb172-cc40-9c01-ffa5-33aa5d70bad8,00000000-0000-0000-0000-000000000001,a511b46a-10b8-465e-bb0a-278862caf056,7697c118064e9c3403bc072999c70275,Male,null,null,null,null,2025-05-05 04:45:36+00,exited,null,null,null,null,null,null,null,null,null,null,null,null,null,null,6,2026-08-03 09:34:03.305+00,5dda0b14-713b-46d0-a6ce-a7a33a2fb6f9
14b45048-20d5-74f7-f9ff-825c862c3dd5,00000000-0000-0000-0000-000000000001,a511b46a-10b8-465e-bb0a-278862caf056,3e3a3e8052246f3360fccb4cd8e6021e,Male,null,Tejas networks,Engineer,null,2025-05-05 04:45:36+00,exited,null,null,null,null,null,null,null,null,null,null,null,null,null,null,9,2026-08-03 09:34:03.292+00,5dda0b14-713b-46d0-a6ce-a7a33a2fb6f9
14fd9ca9-7868-7a27-8b3c-607c31c9e161,00000000-0000-0000-0000-000000000001,a511b46a-10b8-465e-bb0a-278862caf056,379f938fcb1b70f479022c00debaf084,Male,null,null,null,null,2025-05-05 04:45:36+00,exited,null,null,null,null,null,null,null,null,null,null,null,null,null,null,10,2026-08-03 09:34:03.342+00,5dda0b14-713b-46d0-a6ce-a7a33a2fb6f9
1508bfaf-482c-c63e-34e7-470ad5fbc8dd,00000000-0000-0000-0000-000000000001,a511b46a-10b8-465e-bb0a-278862caf056,3c3e215c95461ea20a97db3bc2ebd77f,Male,null,asian college of journalism,student,null,2025-05-05 04:45:36+00,exited,null,null,null,null,null,null,null,null,null,null,null,null,null,null,10,2026-08-03 09:34:03.364+00,5dda0b14-713b-46d0-a6ce-a7a33a2fb6f9
15957cb2-619d-197c-d37d-3de345a2eaf2,00000000-0000-0000-0000-000000000001,a511b46a-10b8-465e-bb0a-278862caf056,51d561b78b88d1847c2ad3ae340554f2,Female,null,null,null,null,2025-05-05 04:45:36+00,exited,null,null,null,null,null,null,null,null,null,null,null,null,null,null,10,2026-08-03 09:34:03.329+00,5dda0b14-713b-46d0-a6ce-a7a33a2fb6f9
165afd93-a066-8794-7ade-f62b1ffbbc9e,00000000-0000-0000-0000-000000000001,a511b46a-10b8-465e-bb0a-278862caf056,d53a09328c386c5b479d6c6a617958b3,Male,null,Zilogic Systems,Software Engineer,null,2025-05-05 04:45:36+00,exited,null,null,null,null,null,null,null,null,null,null,null,null,null,null,10,2026-08-03 09:34:03.325+00,5dda0b14-713b-46d0-a6ce-a7a33a2fb6f9
17158604-e395-caf3-e094-b986e1ff772c,00000000-0000-0000-0000-000000000001,a511b46a-10b8-465e-bb0a-278862caf056,492ae9ff5773c6438d3ab315d9f8d107,Male,null,null,null,null,2025-05-05 04:45:36+00,exited,null,null,null,null,null,null,null,null,null,null,null,null,null,null,10,2026-08-03 09:34:03.332+00,5dda0b14-713b-46d0-a6ce-a7a33a2fb6f9
1735b216-e690-abb3-a111-08e624ab0313,00000000-0000-0000-0000-000000000001,a511b46a-10b8-465e-bb0a-278862caf056,8d8777e40feb8f4a941bc16ef1c361d4,Male,null,IIT MADRAS,PROJECT ASSOCIATE,null,2025-05-05 04:45:36+00,exited,null,null,null,null,null,null,null,null,null,null,null,null,null,null,10,2026-08-03 09:34:03.259+00,5dda0b14-713b-46d0-a6ce-a7a33a2fb6f9
17407c57-bdbb-d58e-287b-cd2beace210b,00000000-0000-0000-0000-000000000001,a511b46a-10b8-465e-bb0a-278862caf056,b1675d92761057fe5da5baa009b8ddbd,Male,null,null,null,null,2025-05-05 04:45:36+00,exited,null,null,null,null,null,null,null,null,null,null,null,null,null,null,6,2026-08-03 09:34:03.301+00,5dda0b14-713b-46d0-a6ce-a7a33a2fb6f9
17a9f5c0-3169-c1d1-2c86-69aedb982d69,00000000-0000-0000-0000-000000000001,a511b46a-10b8-465e-bb0a-278862caf056,2650dc5de8ef59e0825b9976809b4ff3,Male,null,Sify Technologies Limited,Network Engineer,null,2025-05-05 04:45:36+00,exited,null,null,null,null,null,null,null,null,null,null,null,null,null,null,10,2026-08-03 09:34:03.296+00,5dda0b14-713b-46d0-a6ce-a7a33a2fb6f9
17d13989-4f37-42a8-1eb2-88b2df3a9692,00000000-0000-0000-0000-000000000001,a511b46a-10b8-465e-bb0a-278862caf056,d31490837e37f009274b4df255ce5d93,Male,null,Ultratech Cement,Assistant Manager,null,2025-05-05 04:45:36+00,exited,null,null,null,null,null,null,null,null,null,null,null,null,null,null,5,2026-08-03 09:34:04.252+00,5dda0b14-713b-46d0-a6ce-a7a33a2fb6f9
17dd0f21-a84d-a57c-7de4-9d5897c7181b,00000000-0000-0000-0000-000000000001,a511b46a-10b8-465e-bb0a-278862caf056,8fa588701dfaaaa160927499321f0fae,Male,null,Wolters kluwer,Associate Engineer,null,2025-05-05 04:45:36+00,exited,null,null,null,null,null,null,null,null,null,null,null,null,null,null,8,2026-08-03 09:34:04.252+00,5dda0b14-713b-46d0-a6ce-a7a33a2fb6f9
1824d85a-074b-7d55-ae39-d18ab6f4b866,00000000-0000-0000-0000-000000000001,a511b46a-10b8-465e-bb0a-278862caf056,b72715b17f16a21dbae08a5099394735,Male,null,Workday,Sde,null,2025-05-05 04:45:36+00,new,null,null,null,null,null,null,null,null,null,null,null,null,null,null,10,2026-08-03 09:34:04.253+00,5dda0b14-713b-46d0-a6ce-a7a33a2fb6f9
184aad86-c460-d78c-0f04-fd69a75fdb16,00000000-0000-0000-0000-000000000001,a511b46a-10b8-465e-bb0a-278862caf056,5d4839c2c86ab4bc084711dcde0d6d08,Female,null,"Adyar cancer institute ",Doctor,null,2025-05-05 04:45:36+00,exited,null,null,null,null,null,null,null,null,null,null,null,null,null,null,6,2026-08-03 09:34:04.402+00,5dda0b14-713b-46d0-a6ce-a7a33a2fb6f9
18788fe2-f6a2-826e-2199-6cec118c6d00,00000000-0000-0000-0000-000000000001,bc5c1df3-4e1d-4130-abe7-730eeee6d25b,d0c1f0379f9dd3a87a1f9ce832fe2122,Female,null,Fidelity Investments,Lead Business Analyst,null,2025-05-05 04:45:36+00,exited,null,null,null,null,null,null,null,null,null,null,null,null,null,null,3,2026-08-03 09:34:04.371+00,5dda0b14-713b-46d0-a6ce-a7a33a2fb6f9
18c2af76-2687-f1b7-a5f5-b709b086e568,00000000-0000-0000-0000-000000000001,a511b46a-10b8-465e-bb0a-278862caf056,e1c425744295e78c699fdbb860919677,Male,null,EY,Summer Intern,null,2025-05-05 04:45:36+00,exited,null,null,null,null,null,null,null,null,null,null,null,null,null,null,10,2026-08-03 09:34:04.27+00,5dda0b14-713b-46d0-a6ce-a7a33a2fb6f9
18d86801-3cb7-11d4-8b9d-433429296014,00000000-0000-0000-0000-000000000001,bb220f1e-3142-460f-8b2b-42f5888a521c,05c77dac4edcb0d9395938941675fae1,Female,null,Deloitte,Software Developer,null,2025-05-05 04:45:36+00,staying,null,null,null,null,null,null,null,null,null,null,null,null,null,null,3,2026-08-03 09:34:04.27+00,5dda0b14-713b-46d0-a6ce-a7a33a2fb6f9
18f93ace-b7ec-14e9-343f-8763f4d28b68,00000000-0000-0000-0000-000000000001,a511b46a-10b8-465e-bb0a-278862caf056,f16f81003a26834f911bb941eae50888,Male,null,null,null,null,2025-05-05 04:45:36+00,exited,null,null,null,null,null,null,null,null,null,null,null,null,null,null,10,2026-08-03 09:34:04.41+00,5dda0b14-713b-46d0-a6ce-a7a33a2fb6f9
190cae44-33ef-8fc1-f07a-fb84a1b78bdf,00000000-0000-0000-0000-000000000001,a511b46a-10b8-465e-bb0a-278862caf056,8511637461feff346d3bde1d8a1222a9,Male,null,Bank of America,Software engineer,null,2025-05-05 04:45:36+00,exited,null,null,null,null,null,null,null,null,null,null,null,null,null,null,6,2026-08-03 09:34:04.322+00,5dda0b14-713b-46d0-a6ce-a7a33a2fb6f9
1932ea80-c6eb-874e-eca8-12410fa7a608,00000000-0000-0000-0000-000000000001,ac3e8cbd-cdfd-4f38-adab-5801db829911,d614c1a83fde354815e3e7f3d0dbc4d1,Female,null,null,null,null,2025-05-05 04:45:36+00,staying,null,null,null,null,null,null,null,null,null,null,null,null,null,null,3,2026-08-03 09:34:04.436+00,5dda0b14-713b-46d0-a6ce-a7a33a2fb6f9
19671dd1-2ae5-3bf1-7fae-a3d02cea1da7,00000000-0000-0000-0000-000000000001,a511b46a-10b8-465e-bb0a-278862caf056,0e7bf4c1aadc303e564615e04535060b,Male,null,null,null,null,2025-05-05 04:45:36+00,exited,null,null,null,null,null,null,null,null,null,null,null,null,null,null,10,2026-08-03 09:34:04.426+00,5dda0b14-713b-46d0-a6ce-a7a33a2fb6f9
1995b0ce-cc80-52dd-8dec-a01a2456659e,00000000-0000-0000-0000-000000000001,a511b46a-10b8-465e-bb0a-278862caf056,83c18efa2e9d6e8f1f2b92c6aa466f1e,Female,null,null,null,null,2025-05-05 04:45:36+00,exited,null,null,null,null,null,null,null,null,null,null,null,null,null,null,6,2026-08-03 09:34:04.293+00,5dda0b14-713b-46d0-a6ce-a7a33a2fb6f9
19c28562-8f4e-ad03-b1ee-26dd6da4b20b,00000000-0000-0000-0000-000000000001,a511b46a-10b8-465e-bb0a-278862caf056,a3c065f032597a2ceebf74388dff86a9,Female,null,Ernst & Young,Senior analyst,null,2025-05-05 04:45:36+00,exited,null,null,null,null,null,null,null,null,null,null,null,null,null,null,10,2026-08-03 09:34:04.325+00,5dda0b14-713b-46d0-a6ce-a7a33a2fb6f9
1a171004-7682-1c39-e6a2-758b668c33b0,00000000-0000-0000-0000-000000000001,e927bae0-8bcf-49e8-a678-ac1e5055947e,5ca18e6dd2e8069b28fce0fc6259ff4b,Female,null,CAMS,"Site reliability engineer ",null,2025-05-05 04:45:36+00,staying,null,null,null,null,null,null,null,null,null,null,null,null,null,null,4,2026-08-03 09:34:04.417+00,5dda0b14-713b-46d0-a6ce-a7a33a2fb6f9
1a3b6c74-26e1-7124-0b5c-7f783d71624d,00000000-0000-0000-0000-000000000001,734ae900-bf0e-4605-a3db-efd832cd4269,5c768e61138bd74a7f409d4a3a41879a,Female,null,Agilysys,"Devops ",null,2025-05-05 04:45:36+00,staying,null,null,null,null,null,null,null,null,null,null,null,null,null,null,4,2026-08-03 09:34:04.436+00,5dda0b14-713b-46d0-a6ce-a7a33a2fb6f9
1ad64726-e22e-ccd3-33f8-62a4e4b609fc,00000000-0000-0000-0000-000000000001,a511b46a-10b8-465e-bb0a-278862caf056,7e6d867be126a6eff3625e56e9c52094,Female,null,null,null,null,2025-05-05 04:45:36+00,exited,null,null,null,null,null,null,null,null,null,null,null,null,null,null,10,2026-08-03 09:34:04.27+00,5dda0b14-713b-46d0-a6ce-a7a33a2fb6f9
1b003ea3-bdcb-0416-c3c2-8ff60f2f65f5,00000000-0000-0000-0000-000000000001,0a78489a-2445-4518-8fae-dba1805a57f5,088142da01c08e4ed62ba906b6a191fa,Male,null,null,null,null,2025-05-05 04:45:36+00,staying,null,null,null,null,null,null,null,null,null,null,null,null,null,null,3,2026-08-03 09:34:04.371+00,5dda0b14-713b-46d0-a6ce-a7a33a2fb6f9
1b7a8ca2-dcfa-864b-b6f3-f5e53beb8da0,00000000-0000-0000-0000-000000000001,a511b46a-10b8-465e-bb0a-278862caf056,ee1e4149db4ac02e02ebc7c7ca77dcc2,Female,null,"Mist Chennai ","Fmge Preparation ",null,2025-05-05 04:45:36+00,exited,null,null,null,null,null,null,null,null,null,null,null,null,null,null,6,2026-08-03 09:34:04.372+00,5dda0b14-713b-46d0-a6ce-a7a33a2fb6f9
1bc4b026-982f-f9e0-a489-376a60455dae,00000000-0000-0000-0000-000000000001,a511b46a-10b8-465e-bb0a-278862caf056,72e32bf4b1de2959f7532e97ab26b67d,Female,null,null,null,null,2025-05-05 04:45:36+00,exited,null,null,null,null,null,null,null,null,null,null,null,null,null,null,10,2026-08-03 09:34:04.409+00,5dda0b14-713b-46d0-a6ce-a7a33a2fb6f9
1c02145c-b1d1-097d-f8dc-3bf629411369,00000000-0000-0000-0000-000000000001,a511b46a-10b8-465e-bb0a-278862caf056,46afc73115cb8f377cec38d3ecddaf6e,null,null,null,null,null,2025-05-05 04:45:36+00,exited,null,null,null,null,null,null,null,null,null,null,null,null,null,null,10,2026-08-03 09:34:04.312+00,5dda0b14-713b-46d0-a6ce-a7a33a2fb6f9
1c15f311-412b-2817-f3a4-3ec5e516eaa9,00000000-0000-0000-0000-000000000001,a511b46a-10b8-465e-bb0a-278862caf056,308c7381c4e3e3e5ce41625e510bc595,Female,null,null,null,null,2025-05-05 04:45:36+00,exited,null,null,null,null,null,null,null,null,null,null,null,null,null,null,10,2026-08-03 09:34:04.415+00,5dda0b14-713b-46d0-a6ce-a7a33a2fb6f9
1c74a5be-5679-ca11-8401-ae199550c95e,00000000-0000-0000-0000-000000000001,a511b46a-10b8-465e-bb0a-278862caf056,4bac338b8d2f2b090852fa38f226ec52,Male,null,Ihm chennai,Hotel management,null,2025-05-05 04:45:36+00,exited,null,null,null,null,null,null,null,null,null,null,null,null,null,null,10,2026-08-03 09:34:04.402+00,5dda0b14-713b-46d0-a6ce-a7a33a2fb6f9
1cae2ebd-8a9f-1738-4dc0-87dd4156d5ad,00000000-0000-0000-0000-000000000001,a511b46a-10b8-465e-bb0a-278862caf056,e38d4eb0e45bc34f2e1a66a579524690,Female,null,Caterpillar Inc,Associate Engineer,null,2025-05-05 04:45:36+00,exited,null,null,null,null,null,null,null,null,null,null,null,null,null,null,10,2026-08-03 09:34:04.316+00,5dda0b14-713b-46d0-a6ce-a7a33a2fb6f9
1cceb815-84d9-5ecc-2d59-11734f1bc703,00000000-0000-0000-0000-000000000001,a511b46a-10b8-465e-bb0a-278862caf056,fe8b1360f54630386bb3c4b175760f10,Male,null,Amazon,Business Analyst,null,2025-05-05 04:45:36+00,exited,null,null,null,null,null,null,null,null,null,null,null,null,null,null,10,2026-08-03 09:34:04.426+00,5dda0b14-713b-46d0-a6ce-a7a33a2fb6f9
1d4c0119-5151-7a5b-2266-f16e44f67157,00000000-0000-0000-0000-000000000001,74340301-09ff-4961-a9c8-19721cff577f,1b93b83b9ab8cf4a8e0c43ff41525ead,Female,null,null,null,null,2025-05-05 04:45:36+00,staying,null,null,null,null,null,null,null,null,null,null,null,null,null,null,5,2026-08-03 09:34:04.314+00,5dda0b14-713b-46d0-a6ce-a7a33a2fb6f9
1df57eb4-c786-95e5-490c-5a8f8084e780,00000000-0000-0000-0000-000000000001,a511b46a-10b8-465e-bb0a-278862caf056,802b61b049f17d50af751832398bbbf7,Male,null,SignalZero Technologies,Data Analyst,null,2025-05-05 04:45:36+00,exited,null,null,null,null,null,null,null,null,null,null,null,null,null,null,10,2026-08-03 09:34:04.436+00,5dda0b14-713b-46d0-a6ce-a7a33a2fb6f9
1e6f84f8-d2d4-2602-e11e-bf9f79587a60,00000000-0000-0000-0000-000000000001,a511b46a-10b8-465e-bb0a-278862caf056,be34a46e2968cce3de981b289110c598,Female,null,null,null,null,2025-05-05 04:45:36+00,exited,null,null,null,null,null,null,null,null,null,null,null,null,null,null,10,2026-08-03 09:34:04.436+00,5dda0b14-713b-46d0-a6ce-a7a33a2fb6f9
1e9d26b2-a76d-4466-289a-4fc29b6f0ec0,00000000-0000-0000-0000-000000000001,a511b46a-10b8-465e-bb0a-278862caf056,cbb27ee46a651763fd00581eb7cefd8d,Male,null,null,null,null,2025-05-05 04:45:36+00,exited,null,null,null,null,null,null,null,null,null,null,null,null,null,null,10,2026-08-03 09:34:04.402+00,5dda0b14-713b-46d0-a6ce-a7a33a2fb6f9
1eb13d75-4e74-34de-0d7a-6936b746e12e,00000000-0000-0000-0000-000000000001,a511b46a-10b8-465e-bb0a-278862caf056,a8f25f1279b43caf8132707cd7a55d99,Male,null,Chargebee,"Software Engineer ",null,2025-05-05 04:45:36+00,exited,null,null,null,null,null,null,null,null,null,null,null,null,null,null,6,2026-08-03 09:34:04.41+00,5dda0b14-713b-46d0-a6ce-a7a33a2fb6f9
1f386b6c-673b-b4f5-5a19-10e9869fcb75,00000000-0000-0000-0000-000000000001,a511b46a-10b8-465e-bb0a-278862caf056,3c0166bb7c49294b79f068ac47a6c367,Male,null,null,null,null,2025-05-05 04:45:36+00,exited,null,null,null,null,null,null,null,null,null,null,null,null,null,null,5,2026-08-03 09:34:04.353+00,5dda0b14-713b-46d0-a6ce-a7a33a2fb6f9
1f9e7fcb-370e-fcc8-9554-35b2e3335370,00000000-0000-0000-0000-000000000001,a511b46a-10b8-465e-bb0a-278862caf056,72657416a20b5d05da741136e2891fe5,Female,null,null,null,null,2025-05-05 04:45:36+00,exited,null,null,null,null,null,null,null,null,null,null,null,null,null,null,10,2026-08-03 09:34:04.356+00,5dda0b14-713b-46d0-a6ce-a7a33a2fb6f9
1fc0c3bb-f35c-8d5d-a4fa-a9c1723cd8ab,00000000-0000-0000-0000-000000000001,5ddfe049-5734-4388-923d-b19797ff3c6c,80a934782a1d0c053df8b479deda3837,Male,null,Samunnati,Junior data engineer,null,2025-05-05 04:45:36+00,staying,null,null,null,null,null,null,null,null,null,null,null,null,null,null,3,2026-08-03 09:34:04.4+00,5dda0b14-713b-46d0-a6ce-a7a33a2fb6f9
1fc1a662-a030-9232-239c-2a7b1b7a44b4,00000000-0000-0000-0000-000000000001,a511b46a-10b8-465e-bb0a-278862caf056,bfa77bf579fd2e3506ce76ced8cb37fb,Male,null,Awfis,Management Trainee,null,2025-05-05 04:45:36+00,exited,null,null,null,null,null,null,null,null,null,null,null,null,null,null,10,2026-08-03 09:34:04.436+00,5dda0b14-713b-46d0-a6ce-a7a33a2fb6f9
2030f84c-59a8-b777-417a-20c355e3c18b,00000000-0000-0000-0000-000000000001,a511b46a-10b8-465e-bb0a-278862caf056,c42fad1574db6dc29d06b01d3d59d682,Male,null,null,null,null,2025-05-05 04:45:36+00,exited,null,null,null,null,null,null,null,null,null,null,null,null,null,null,10,2026-08-03 09:34:04.371+00,5dda0b14-713b-46d0-a6ce-a7a33a2fb6f9
209b2e7d-1ecd-5bd0-e15d-1e8b8fa305e3,00000000-0000-0000-0000-000000000001,a511b46a-10b8-465e-bb0a-278862caf056,ccac37c1f63405f9785dfd01fa2d7f54,Female,null,null,null,null,2025-05-05 04:45:36+00,exited,null,null,null,null,null,null,null,null,null,null,null,null,null,null,10,2026-08-03 09:34:04.436+00,5dda0b14-713b-46d0-a6ce-a7a33a2fb6f9
21e237d1-286e-324e-0cef-45725d629768,00000000-0000-0000-0000-000000000001,e42c828c-e14f-4d1c-b5bb-f475fcf1bfa0,0935abd19229e07bf6117dc36d1120e8,Male,null,"Madras Institute of technology ","Computer science engineering ",null,2025-05-05 04:45:36+00,staying,null,null,null,null,null,null,null,null,null,null,null,null,null,null,4,2026-08-03 09:34:04.369+00,5dda0b14-713b-46d0-a6ce-a7a33a2fb6f9
227f376b-633a-5615-5670-c29559d0a08b,00000000-0000-0000-0000-000000000001,36dec860-e18b-443d-b859-9d869fa0ab09,9c2546dce1e0eb4339dba00752b45def,Female,null,Deloitte,Analyst,null,2025-05-05 04:45:36+00,exited,null,null,null,null,null,null,null,null,null,null,null,null,null,null,3,2026-08-03 09:34:04.341+00,5dda0b14-713b-46d0-a6ce-a7a33a2fb6f9
22a9494d-0e02-6fba-4aee-7947f1e6110b,00000000-0000-0000-0000-000000000001,8547b8dc-aa79-4043-8d63-915a66db4d85,332fe2ab7b9992807d26c58521ed6622,Male,null,Amazon,AI Content Writer,null,2025-05-05 04:45:36+00,staying,null,null,null,null,null,null,null,null,null,null,null,null,null,null,3,2026-08-03 09:34:04.339+00,5dda0b14-713b-46d0-a6ce-a7a33a2fb6f9
22b0be2d-52c5-1127-642d-4f1083b404ca,00000000-0000-0000-0000-000000000001,affd6b2d-e334-4063-954b-5a2097eff7c9,697e16e3e5dffbce1573fdf88e32bac5,Female,null,"NIFT, CHENNAI ",Creative lead,null,2025-05-05 04:45:36+00,staying,null,null,null,null,null,null,null,null,null,null,null,null,null,null,4,2026-08-03 09:34:04.436+00,5dda0b14-713b-46d0-a6ce-a7a33a2fb6f9
22b72d22-cdf8-d918-1731-0c3954f2f732,00000000-0000-0000-0000-000000000001,a511b46a-10b8-465e-bb0a-278862caf056,ef030720a3e19ae7b117ed740accbbb5,Female,null,Adayar cancer institute,MS OBG,null,2025-05-05 04:45:36+00,exited,null,null,null,null,null,null,null,null,null,null,null,null,null,null,6,2026-08-03 09:34:04.455+00,5dda0b14-713b-46d0-a6ce-a7a33a2fb6f9
22bbdd04-7c21-e7b1-a74d-049f16aea9a0,00000000-0000-0000-0000-000000000001,a511b46a-10b8-465e-bb0a-278862caf056,188a82c2939859209caed0bc1499232c,Male,null,null,null,null,2025-05-05 04:45:36+00,exited,null,null,null,null,null,null,null,null,null,null,null,null,null,null,10,2026-08-03 09:34:04.371+00,5dda0b14-713b-46d0-a6ce-a7a33a2fb6f9
2353dec8-b65d-637c-b2fe-0cd93ee91530,00000000-0000-0000-0000-000000000001,a511b46a-10b8-465e-bb0a-278862caf056,d7f163193d6f345f7ab861f43e231b49,Male,null,Anglo Eastern Ship Management Pvt. Ltd.,Second Officer,null,2025-05-05 04:45:36+00,exited,null,null,null,null,null,null,null,null,null,null,null,null,null,null,10,2026-08-03 09:34:04.313+00,5dda0b14-713b-46d0-a6ce-a7a33a2fb6f9
2371838e-ccdb-787c-4fcf-71f0be68084b,00000000-0000-0000-0000-000000000001,a511b46a-10b8-465e-bb0a-278862caf056,331e8260fb8c78e13d145efd5778665d,Female,null,null,null,null,2025-05-05 04:45:36+00,exited,null,null,null,null,null,null,null,null,null,null,null,null,null,null,6,2026-08-03 09:34:04.415+00,5dda0b14-713b-46d0-a6ce-a7a33a2fb6f9
238b347e-e7e9-b1a3-31a8-a2f8fed99f55,00000000-0000-0000-0000-000000000001,5afc637f-8338-4c3e-ad7d-8e40cf642df4,f547c732c94c4c9f130093607f47b376,Male,null,Omega Healthcare,Senior Director,null,2025-05-05 04:45:36+00,On-Notice,null,null,null,null,null,null,null,null,null,null,null,null,null,null,3,2026-08-03 09:34:05.429+00,5dda0b14-713b-46d0-a6ce-a7a33a2fb6f9
23f7ef5f-6b26-a104-b616-b438d7e9243c,00000000-0000-0000-0000-000000000001,da5a3018-69db-4183-aa64-65a8bf398b61,22fbbda6eaab3e2fc6fefe2742e92bdb,Female,null,"National institute of fashion technology, chennai",B.des,null,2025-05-05 04:45:36+00,Exited,null,null,null,null,null,null,null,null,null,null,null,null,null,null,3,2026-08-03 09:34:05.484+00,5dda0b14-713b-46d0-a6ce-a7a33a2fb6f9
24ae889b-240e-b064-cfe8-2b27224c15b0,00000000-0000-0000-0000-000000000001,a511b46a-10b8-465e-bb0a-278862caf056,01c9de4cb8da9ed202e3085af678b922,Female,null,University of Madras,Master of social work,null,2025-05-05 04:45:36+00,exited,null,null,null,null,null,null,null,null,null,null,null,null,null,null,5,2026-08-03 09:34:05.495+00,5dda0b14-713b-46d0-a6ce-a7a33a2fb6f9
24d31286-c0af-1901-7db5-cea5fcbf38c9,00000000-0000-0000-0000-000000000001,a511b46a-10b8-465e-bb0a-278862caf056,ec649db34dd09ffdbb0a7bd039069bd3,Male,null,null,null,null,2025-05-05 04:45:36+00,exited,null,null,null,null,null,null,null,null,null,null,null,null,null,null,10,2026-08-03 09:34:05.447+00,5dda0b14-713b-46d0-a6ce-a7a33a2fb6f9
250b022c-3939-b3f3-3bed-7c6420071569,00000000-0000-0000-0000-000000000001,a511b46a-10b8-465e-bb0a-278862caf056,8e6e4c8150fa5b03c4a251cd46a102af,Male,null,null,null,null,2025-05-05 04:45:36+00,exited,null,null,null,null,null,null,null,null,null,null,null,null,null,null,10,2026-08-03 09:34:05.546+00,5dda0b14-713b-46d0-a6ce-a7a33a2fb6f9
251051cf-e3b5-5d37-918f-bf22b4875790,00000000-0000-0000-0000-000000000001,3fa85efc-a27e-41eb-8574-9a328126a570,41562462918124a60499d0dd952e0ca9,Male,null,null,null,null,2025-05-05 04:45:36+00,exited,null,null,null,null,null,null,null,null,null,null,null,null,null,null,3,2026-08-03 09:34:05.43+00,5dda0b14-713b-46d0-a6ce-a7a33a2fb6f9
257579ca-bef0-99b8-f916-e518891ffdab,00000000-0000-0000-0000-000000000001,e1148331-03f3-47a0-868b-85e591551cc7,603643161fcafe645015e46596efda9b,Male,null,null,null,null,2025-05-05 04:45:36+00,staying,null,null,null,null,null,null,null,null,null,null,null,null,null,null,3,2026-08-03 09:34:05.702+00,5dda0b14-713b-46d0-a6ce-a7a33a2fb6f9
25aa0362-c4dd-16cd-169e-1e9f819ec83b,00000000-0000-0000-0000-000000000001,a511b46a-10b8-465e-bb0a-278862caf056,2f09b3e441dad5e8feb46178ae215ebf,Female,null,Cams,"Software developer engineer ",null,2025-05-05 04:45:36+00,exited,null,null,null,null,null,null,null,null,null,null,null,null,null,null,6,2026-08-03 09:34:05.501+00,5dda0b14-713b-46d0-a6ce-a7a33a2fb6f9
25aa2406-e171-b558-8249-7a525d126d8f,00000000-0000-0000-0000-000000000001,a511b46a-10b8-465e-bb0a-278862caf056,afeaaa6d51b6b4d2ca03cbcdd2864056,Male,null,Techminds,Sales Manager,null,2025-05-05 04:45:36+00,staying,null,null,null,null,null,null,null,null,null,null,null,null,null,null,6,2026-08-03 09:34:05.678+00,5dda0b14-713b-46d0-a6ce-a7a33a2fb6f9
25b63db3-6d1d-cb00-d25c-dfd8b4b17909,00000000-0000-0000-0000-000000000001,a511b46a-10b8-465e-bb0a-278862caf056,3fb8f43940ebc74552e2beb9e5ac641b,Female,null,TCS,IT Analyst,null,2025-05-05 04:45:36+00,exited,null,null,null,null,null,null,null,null,null,null,null,null,null,null,5,2026-08-03 09:34:05.44+00,5dda0b14-713b-46d0-a6ce-a7a33a2fb6f9
25d08204-bdeb-ff7d-463f-3da9fc06d784,00000000-0000-0000-0000-000000000001,a511b46a-10b8-465e-bb0a-278862caf056,e04861559be20e29cf4b3ed9fe8236f2,Female,null,null,null,null,2025-05-05 04:45:36+00,exited,null,null,null,null,null,null,null,null,null,null,null,null,null,null,10,2026-08-03 09:34:05.496+00,5dda0b14-713b-46d0-a6ce-a7a33a2fb6f9
260508e6-bace-3923-cfed-6f4da685cf49,00000000-0000-0000-0000-000000000001,a511b46a-10b8-465e-bb0a-278862caf056,3f9c656f4629b1796eef8fb315c0b46b,Female,null,Housewife,Housewife,null,2025-05-05 04:45:36+00,exited,null,null,null,null,null,null,null,null,null,null,null,null,null,null,10,2026-08-03 09:34:05.496+00,5dda0b14-713b-46d0-a6ce-a7a33a2fb6f9
2608b690-ad23-63ed-1e3e-85beb47f4f29,00000000-0000-0000-0000-000000000001,a511b46a-10b8-465e-bb0a-278862caf056,4880bf48e9d5bc437f81c24728beb4ac,Female,null,null,null,null,2025-05-05 04:45:36+00,exited,null,null,null,null,null,null,null,null,null,null,null,null,null,null,10,2026-08-03 09:34:05.653+00,5dda0b14-713b-46d0-a6ce-a7a33a2fb6f9
2631ddfd-660e-8719-1876-82cf88e13a60,00000000-0000-0000-0000-000000000001,ef02579a-0e3e-429b-a239-12a32eb9a30a,e7c025d08f6cea51c264d7d39cf1c8ce,Male,null,Emerson,Senior Application Engineer,null,2025-05-05 04:45:36+00,staying,null,null,null,null,null,null,null,null,null,null,null,null,null,null,3,2026-08-03 09:34:05.629+00,5dda0b14-713b-46d0-a6ce-a7a33a2fb6f9
26b16f30-da65-8aa3-d1ec-4867ac2a8f35,00000000-0000-0000-0000-000000000001,55c3e35d-7d6c-4377-810e-15796d942bbe,186f9ccc061bc1f978c5d687e8ee5e3f,Female,null,Guardian India,Intern,null,2025-05-05 04:45:36+00,exited,null,null,null,null,null,null,null,null,null,null,null,null,null,null,3,2026-08-03 09:34:05.594+00,5dda0b14-713b-46d0-a6ce-a7a33a2fb6f9
271998b4-d824-8d04-2b65-7c072eb4ba29,00000000-0000-0000-0000-000000000001,a511b46a-10b8-465e-bb0a-278862caf056,30e936f40c51c5086ffa322486868cd8,Female,null,Mindsprint,Junior engineer,null,2025-05-05 04:45:36+00,exited,null,null,null,null,null,null,null,null,null,null,null,null,null,null,10,2026-08-03 09:34:05.567+00,5dda0b14-713b-46d0-a6ce-a7a33a2fb6f9
275b413a-b62b-68d4-0dc0-a024e7446e9e,00000000-0000-0000-0000-000000000001,a511b46a-10b8-465e-bb0a-278862caf056,d9576efc6dba61cab200f7b9570a9fe2,Female,null,null,null,null,2025-05-05 04:45:36+00,exited,null,null,null,null,null,null,null,null,null,null,null,null,null,null,10,2026-08-03 09:34:05.496+00,5dda0b14-713b-46d0-a6ce-a7a33a2fb6f9
276b5368-040e-e40e-948d-d1159a743920,00000000-0000-0000-0000-000000000001,a511b46a-10b8-465e-bb0a-278862caf056,28f5607a9358a897a5189bcc72c2e7b7,Female,null,Software AG,Software Developer,null,2025-05-05 04:45:36+00,exited,null,null,null,null,null,null,null,null,null,null,null,null,null,null,3,2026-08-03 09:34:05.551+00,5dda0b14-713b-46d0-a6ce-a7a33a2fb6f9
27847c66-2d18-b22c-9667-4a86dccb1baf,00000000-0000-0000-0000-000000000001,a511b46a-10b8-465e-bb0a-278862caf056,182794b473a7b37aea5553b5ab06bbca,Female,null,null,null,null,2025-05-05 04:45:36+00,exited,null,null,null,null,null,null,null,null,null,null,null,null,null,null,10,2026-08-03 09:34:05.596+00,5dda0b14-713b-46d0-a6ce-a7a33a2fb6f9
2794ccf7-4966-f00d-35d6-34ac17db73ea,00000000-0000-0000-0000-000000000001,b6fa474f-3d9b-44dd-bb9e-e03bed1e2f5e,6329edbd36ab98dbd021028302924153,Female,null,Altimetrik India Pvt Ltd.,Senior Engineer,null,2025-05-05 04:45:36+00,staying,null,null,null,null,null,null,null,null,null,null,null,null,null,null,3,2026-08-03 09:34:05.622+00,5dda0b14-713b-46d0-a6ce-a7a33a2fb6f9
27ffea04-c43e-3938-a0cd-02ce1885f857,00000000-0000-0000-0000-000000000001,a511b46a-10b8-465e-bb0a-278862caf056,6d3aa7522b2fbc307002c385e06b52d3,Male,null,null,null,null,2025-05-05 04:45:36+00,exited,null,null,null,null,null,null,null,null,null,null,null,null,null,null,10,2026-08-03 09:34:05.582+00,5dda0b14-713b-46d0-a6ce-a7a33a2fb6f9
286a5d35-07d2-54bb-eb89-e9519f239c26,00000000-0000-0000-0000-000000000001,a511b46a-10b8-465e-bb0a-278862caf056,5e643596378fad653def3c8cf425d755,Female,null,null,null,null,2025-05-05 04:45:36+00,exited,null,null,null,null,null,null,null,null,null,null,null,null,null,null,7,2026-08-03 09:34:05.601+00,5dda0b14-713b-46d0-a6ce-a7a33a2fb6f9
28bc36ac-10ee-238f-d3f4-24d10136bbb5,00000000-0000-0000-0000-000000000001,a511b46a-10b8-465e-bb0a-278862caf056,67e5b537870ea3721cd21d70d5d03f95,Female,null,Citi,Software Engineer,null,2025-05-05 04:45:36+00,exited,null,null,null,null,null,null,null,null,null,null,null,null,null,null,6,2026-08-03 09:34:05.579+00,5dda0b14-713b-46d0-a6ce-a7a33a2fb6f9
294ea6bb-86ba-b567-f9c9-999f73233389,00000000-0000-0000-0000-000000000001,a511b46a-10b8-465e-bb0a-278862caf056,d0dc0ca6144fabfb97c43dee25e483eb,Male,null,null,null,null,2025-05-05 04:45:36+00,exited,null,null,null,null,null,null,null,null,null,null,null,null,null,null,10,2026-08-03 09:34:05.635+00,5dda0b14-713b-46d0-a6ce-a7a33a2fb6f9
29e47ac1-831d-9edd-4744-efc0e2037ff3,00000000-0000-0000-0000-000000000001,a511b46a-10b8-465e-bb0a-278862caf056,b4c2d2135515dfab8f029afe6b2a69dc,Male,null,"Mist ","Mbbs ",null,2025-05-05 04:45:36+00,exited,null,null,null,null,null,null,null,null,null,null,null,null,null,null,6,2026-08-03 09:34:05.5+00,5dda0b14-713b-46d0-a6ce-a7a33a2fb6f9
2a1b9781-7270-da00-bf8a-adaf9ce20080,00000000-0000-0000-0000-000000000001,a511b46a-10b8-465e-bb0a-278862caf056,0bade528399280490b269e2a64ed790f,Female,null,null,null,null,2025-05-05 04:45:36+00,exited,null,null,null,null,null,null,null,null,null,null,null,null,null,null,10,2026-08-03 09:34:05.622+00,5dda0b14-713b-46d0-a6ce-a7a33a2fb6f9
2a58151b-3aea-8f37-a254-56432cd03704,00000000-0000-0000-0000-000000000001,a511b46a-10b8-465e-bb0a-278862caf056,23d490f4e732c09c6c2576cf459e8427,Male,null,Amazon,QAE,null,2025-05-05 04:45:36+00,exited,null,null,null,null,null,null,null,null,null,null,null,null,null,null,6,2026-08-03 09:34:05.67+00,5dda0b14-713b-46d0-a6ce-a7a33a2fb6f9
2ac29dfd-418d-441f-877a-2a980e43ca16,00000000-0000-0000-0000-000000000001,a511b46a-10b8-465e-bb0a-278862caf056,d63594b426a00525797c06a3b1da3c28,Male,null,null,null,null,2025-05-05 04:45:36+00,exited,null,null,null,null,null,null,null,null,null,null,null,null,null,null,10,2026-08-03 09:34:05.582+00,5dda0b14-713b-46d0-a6ce-a7a33a2fb6f9
2ac2da6e-0954-f906-32d7-a1f55477c590,00000000-0000-0000-0000-000000000001,1c741025-b819-4335-a406-9c70a78901a3,c66fbb0cff3084d9892636836bedab63,Female,null,Guardian India,"Software Engineer ",null,2025-05-05 04:45:36+00,staying,null,null,null,null,null,null,null,null,null,null,null,null,null,null,6,2026-08-03 09:34:05.606+00,5dda0b14-713b-46d0-a6ce-a7a33a2fb6f9
2b773ffc-34e2-9684-1de8-d16c36abe81e,00000000-0000-0000-0000-000000000001,a511b46a-10b8-465e-bb0a-278862caf056,1fdc51dbc04f05af7cb8dd46d34b457c,Female,null,Wood kenny,Engineer APMO,null,2025-05-05 04:45:36+00,exited,null,null,null,null,null,null,null,null,null,null,null,null,null,null,10,2026-08-03 09:34:05.601+00,5dda0b14-713b-46d0-a6ce-a7a33a2fb6f9
2b785f57-1c4f-d4a8-d486-b69e7b2db5bc,00000000-0000-0000-0000-000000000001,9ab833d7-290e-4198-a27e-1915aaf8a2d3,2d24aa74a492692e9486680cfa57b7e6,Female,null,null,null,null,2025-05-05 04:45:36+00,staying,null,null,null,null,null,null,null,null,null,null,null,null,null,null,3,2026-08-03 09:34:05.532+00,5dda0b14-713b-46d0-a6ce-a7a33a2fb6f9
2bd67002-1f8f-faff-efc5-5063dbedf10f,00000000-0000-0000-0000-000000000001,32aa77c9-6e69-40cd-8f19-4d5ce2da47a7,2a14731f15dc15efe26f0c20ac76f434,Male,null,null,null,null,2025-05-05 04:45:36+00,exited,null,null,null,null,null,null,null,null,null,null,null,null,null,null,6,2026-08-03 09:34:05.622+00,5dda0b14-713b-46d0-a6ce-a7a33a2fb6f9
2c1980eb-be51-916e-8f61-1e8fe83afb0c,00000000-0000-0000-0000-000000000001,1d5f81f9-819c-463f-b93f-700fe45c45c3,50b6260529799177979ba3f5217d3ba1,Male,null,STG infotech,"Senior ",null,2025-05-05 04:45:36+00,staying,null,null,null,null,null,null,null,null,null,null,null,null,null,null,4,2026-08-03 09:34:05.606+00,5dda0b14-713b-46d0-a6ce-a7a33a2fb6f9
2c62dfe0-1a80-ff55-1d8b-51ac0c7da2fe,00000000-0000-0000-0000-000000000001,a511b46a-10b8-465e-bb0a-278862caf056,a5057b8c1e3ab71eb0f0fbdaf78d09e8,Male,null,Philips GBS,Intern,null,2025-05-05 04:45:36+00,exited,null,null,null,null,null,null,null,null,null,null,null,null,null,null,6,2026-08-03 09:34:05.622+00,5dda0b14-713b-46d0-a6ce-a7a33a2fb6f9
2cd65886-67b3-a4eb-7aad-7c0a230ba95d,00000000-0000-0000-0000-000000000001,a511b46a-10b8-465e-bb0a-278862caf056,cf7a51636bd5e6fac10898f304650a56,Male,null,IIT Madras,Post Doc,null,2025-05-05 04:45:36+00,exited,null,null,null,null,null,null,null,null,null,null,null,null,null,null,9,2026-08-03 09:34:05.543+00,5dda0b14-713b-46d0-a6ce-a7a33a2fb6f9
2cd7e593-62c3-5761-bdae-3267917b5674,00000000-0000-0000-0000-000000000001,a511b46a-10b8-465e-bb0a-278862caf056,1a41f6d409f885c1e8461a3d6ba30ffe,Female,null,null,null,null,2025-05-05 04:45:36+00,exited,null,null,null,null,null,null,null,null,null,null,null,null,null,null,10,2026-08-03 09:34:05.605+00,5dda0b14-713b-46d0-a6ce-a7a33a2fb6f9
2d21b1a6-f9fa-f115-d59a-f6f2f5ab38a9,00000000-0000-0000-0000-000000000001,a511b46a-10b8-465e-bb0a-278862caf056,93de49c2bb8a2af5100420afe232d584,Male,null,null,null,null,2025-05-05 04:45:36+00,exited,null,null,null,null,null,null,null,null,null,null,null,null,null,null,10,2026-08-03 09:34:05.55+00,5dda0b14-713b-46d0-a6ce-a7a33a2fb6f9
2d24b7c1-6556-8eb5-73d6-3ed3913e6d40,00000000-0000-0000-0000-000000000001,a511b46a-10b8-465e-bb0a-278862caf056,ec8c36f7d5d6881ea4f85c693bb13549,Female,null,Amazon,Campaign Ops Associate,null,2025-05-05 04:45:36+00,exited,null,null,null,null,null,null,null,null,null,null,null,null,null,null,5,2026-08-03 09:34:05.702+00,5dda0b14-713b-46d0-a6ce-a7a33a2fb6f9
2d4a776f-2d3b-bce7-f4bb-29b420e033fe,00000000-0000-0000-0000-000000000001,a511b46a-10b8-465e-bb0a-278862caf056,945140ea22f43fccaa77ef60860dc398,Male,null,Bank Of America,Senior Software Engineer,null,2025-05-05 04:45:36+00,exited,null,null,null,null,null,null,null,null,null,null,null,null,null,null,6,2026-08-03 09:34:05.579+00,5dda0b14-713b-46d0-a6ce-a7a33a2fb6f9
2d732934-6a6e-e41c-d60c-fd6fe935e3df,00000000-0000-0000-0000-000000000001,a511b46a-10b8-465e-bb0a-278862caf056,a7c3d28bb5c9f9aaac8bd884ce57eba7,Female,null,Sify Digital Services limited,System Engineer,null,2025-05-05 04:45:36+00,exited,null,null,null,null,null,null,null,null,null,null,null,null,null,null,6,2026-08-03 09:34:05.584+00,5dda0b14-713b-46d0-a6ce-a7a33a2fb6f9
2f0cc08d-c4e2-1593-8f2c-1445f89e7f1d,00000000-0000-0000-0000-000000000001,a511b46a-10b8-465e-bb0a-278862caf056,b2fce54fd1f36182ade8b7225a5d77b5,Male,null,School of Excellence in law,BBALLB (Hons),null,2025-05-05 04:45:36+00,exited,null,null,null,null,null,null,null,null,null,null,null,null,null,null,10,2026-08-03 09:34:06.754+00,5dda0b14-713b-46d0-a6ce-a7a33a2fb6f9
2fbcd96d-eb6a-19f0-6a8f-741f31b3a2ed,00000000-0000-0000-0000-000000000001,a511b46a-10b8-465e-bb0a-278862caf056,84018e47570da1b81f2b7200268a18d8,Male,null,null,null,null,2025-05-05 04:45:36+00,exited,null,null,null,null,null,null,null,null,null,null,null,null,null,null,10,2026-08-03 09:34:06.937+00,5dda0b14-713b-46d0-a6ce-a7a33a2fb6f9
3013b032-8425-868c-694c-5709a3a46982,00000000-0000-0000-0000-000000000001,a511b46a-10b8-465e-bb0a-278862caf056,d18cb1d60021f824564d2aa1f03276fe,Male,null,LatentView,Assistant Manager,null,2025-05-05 04:45:36+00,exited,null,null,null,null,null,null,null,null,null,null,null,null,null,null,10,2026-08-03 09:34:06.817+00,5dda0b14-713b-46d0-a6ce-a7a33a2fb6f9
31748409-1d90-3bc0-903e-6d831133e944,00000000-0000-0000-0000-000000000001,a511b46a-10b8-465e-bb0a-278862caf056,72d76e64a0dcb476bfb05151c72908d9,Male,null,Philips GBS,Software Developer apprentice,null,2025-05-05 04:45:36+00,exited,null,null,null,null,null,null,null,null,null,null,null,null,null,null,5,2026-08-03 09:34:06.937+00,5dda0b14-713b-46d0-a6ce-a7a33a2fb6f9
31efad6c-2fd0-0f5c-58b7-21f64ea45f51,00000000-0000-0000-0000-000000000001,a511b46a-10b8-465e-bb0a-278862caf056,2ce8fc6a925cb51fbe52af1b0ef363a6,Male,null,null,null,null,2025-05-05 04:45:36+00,exited,null,null,null,null,null,null,null,null,null,null,null,null,null,null,10,2026-08-03 09:34:06.843+00,5dda0b14-713b-46d0-a6ce-a7a33a2fb6f9
31f3f7a3-5dc4-21cd-ba54-b41347a7822a,00000000-0000-0000-0000-000000000001,a511b46a-10b8-465e-bb0a-278862caf056,f9cf8e46f71383a0bf14aca408df0564,Female,null,Casagrand premier,Deputy Manager,null,2025-05-05 04:45:36+00,staying,null,null,null,null,null,null,null,null,null,null,null,null,null,null,4,2026-08-03 09:34:06.844+00,5dda0b14-713b-46d0-a6ce-a7a33a2fb6f9
326fad9d-9ffb-2185-aa20-128326ae8d55,00000000-0000-0000-0000-000000000001,a511b46a-10b8-465e-bb0a-278862caf056,1cb6bd79f512eb8568a8735ff222f4ee,null,null,null,null,null,2025-05-05 04:45:36+00,exited,null,null,null,null,null,null,null,null,null,null,null,null,null,null,10,2026-08-03 09:34:06.857+00,5dda0b14-713b-46d0-a6ce-a7a33a2fb6f9
32a3a1c6-8dfe-d49b-f052-da816a4ceeb2,00000000-0000-0000-0000-000000000001,a511b46a-10b8-465e-bb0a-278862caf056,86deaa866cd24bd79a7d523dd21510ad,Female,null,IIT Madras,Operations Manager,null,2025-05-05 04:45:36+00,exited,null,null,null,null,null,null,null,null,null,null,null,null,null,null,10,2026-08-03 09:34:06.774+00,5dda0b14-713b-46d0-a6ce-a7a33a2fb6f9
33453ebc-fdb5-2ce9-740f-e9966df68c7c,00000000-0000-0000-0000-000000000001,a511b46a-10b8-465e-bb0a-278862caf056,672e97a2a61aec4845526591af330ca6,Male,null,null,null,null,2025-05-05 04:45:36+00,exited,null,null,null,null,null,null,null,null,null,null,null,null,null,null,6,2026-08-03 09:34:06.803+00,5dda0b14-713b-46d0-a6ce-a7a33a2fb6f9
33660a1a-0cb4-11b6-6d4f-9067a1b78d50,00000000-0000-0000-0000-000000000001,a511b46a-10b8-465e-bb0a-278862caf056,69ef3b6c7403d2c322f4519ff748480e,Male,null,null,null,null,2025-05-05 04:45:36+00,exited,null,null,null,null,null,null,null,null,null,null,null,null,null,null,10,2026-08-03 09:34:06.851+00,5dda0b14-713b-46d0-a6ce-a7a33a2fb6f9
33ac7dd1-ae75-0a17-9b1e-7b8175226f98,00000000-0000-0000-0000-000000000001,a511b46a-10b8-465e-bb0a-278862caf056,72ec81bc3e8a08b4fa82a3d22d9bd68a,Male,null,null,null,null,2025-05-05 04:45:36+00,exited,null,null,null,null,null,null,null,null,null,null,null,null,null,null,10,2026-08-03 09:34:06.754+00,5dda0b14-713b-46d0-a6ce-a7a33a2fb6f9
34100f9a-d3d0-f695-2b19-ecd7a4ff292c,00000000-0000-0000-0000-000000000001,a511b46a-10b8-465e-bb0a-278862caf056,1f0cc36a21c59d64d32583fb037225e3,Female,null,McKinsey,Mba,null,2025-05-05 04:45:36+00,exited,null,null,null,null,null,null,null,null,null,null,null,null,null,null,10,2026-08-03 09:34:06.801+00,5dda0b14-713b-46d0-a6ce-a7a33a2fb6f9
344a43f4-d005-00e3-d3f4-5da6b944af56,00000000-0000-0000-0000-000000000001,a511b46a-10b8-465e-bb0a-278862caf056,8661496ae636d5ec0bd47724ff554938,Male,null,null,null,null,2025-05-05 04:45:36+00,exited,null,null,null,null,null,null,null,null,null,null,null,null,null,null,5,2026-08-03 09:34:06.839+00,5dda0b14-713b-46d0-a6ce-a7a33a2fb6f9
34c36730-bd63-676a-99c5-16783ab7167e,00000000-0000-0000-0000-000000000001,a511b46a-10b8-465e-bb0a-278862caf056,d1d7d95b59d6f5c0cb633e836cf80af7,Male,null,Bank of America,Software Engineer,null,2025-05-05 04:45:36+00,exited,null,null,null,null,null,null,null,null,null,null,null,null,null,null,10,2026-08-03 09:34:06.789+00,5dda0b14-713b-46d0-a6ce-a7a33a2fb6f9
34e17203-69d9-f06c-079c-fc6848b90d7e,00000000-0000-0000-0000-000000000001,a511b46a-10b8-465e-bb0a-278862caf056,0d3083a2e84ee34736f27d60a2177d83,Female,null,null,null,null,2025-05-05 04:45:36+00,exited,null,null,null,null,null,null,null,null,null,null,null,null,null,null,6,2026-08-03 09:34:06.937+00,5dda0b14-713b-46d0-a6ce-a7a33a2fb6f9
34e687e0-29cc-e019-e1cc-610c96129aa7,00000000-0000-0000-0000-000000000001,a511b46a-10b8-465e-bb0a-278862caf056,79147c9bb7b839423dc0163eb289aa63,null,null,null,null,null,2025-05-05 04:45:36+00,exited,null,null,null,null,null,null,null,null,null,null,null,null,null,null,10,2026-08-03 09:34:06.926+00,5dda0b14-713b-46d0-a6ce-a7a33a2fb6f9
35944e8c-88c9-e8fb-698c-a53093262227,00000000-0000-0000-0000-000000000001,a511b46a-10b8-465e-bb0a-278862caf056,0c497ac5e41d1ecb450ece30c41923b3,null,null,null,null,null,2025-05-05 04:45:36+00,exited,null,null,null,null,null,null,null,null,null,null,null,null,null,null,10,2026-08-03 09:34:06.855+00,5dda0b14-713b-46d0-a6ce-a7a33a2fb6f9
35f948f3-e8ec-6058-cf56-5561dd2379b3,00000000-0000-0000-0000-000000000001,a511b46a-10b8-465e-bb0a-278862caf056,77125d82075e3798424bbd57a5f414fa,Male,null,null,null,null,2025-05-05 04:45:36+00,exited,null,null,null,null,null,null,null,null,null,null,null,null,null,null,10,2026-08-03 09:34:06.846+00,5dda0b14-713b-46d0-a6ce-a7a33a2fb6f9
365f8f9f-009e-838c-36c6-add1b1d696b1,00000000-0000-0000-0000-000000000001,a511b46a-10b8-465e-bb0a-278862caf056,e1b73e1b99311f822503679260801557,Female,null,Nift,Fashion,null,2025-05-05 04:45:36+00,exited,null,null,null,null,null,null,null,null,null,null,null,null,null,null,6,2026-08-03 09:34:06.902+00,5dda0b14-713b-46d0-a6ce-a7a33a2fb6f9
367ff001-843b-4fab-01ff-1f341b84ef5f,00000000-0000-0000-0000-000000000001,a511b46a-10b8-465e-bb0a-278862caf056,ff0b12d58cd3a9dcc4be72fc78de3124,Female,null,Kaleidofin,Intern,null,2025-05-05 04:45:36+00,exited,null,null,null,null,null,null,null,null,null,null,null,null,null,null,6,2026-08-03 09:34:06.928+00,5dda0b14-713b-46d0-a6ce-a7a33a2fb6f9
36d4dedb-75eb-6f4f-03fa-79d0875789aa,00000000-0000-0000-0000-000000000001,a511b46a-10b8-465e-bb0a-278862caf056,7450cacad6e9ad18e7bf1226e307c4d6,Female,null,sify,Engineer,null,2025-05-05 04:45:36+00,exited,null,null,null,null,null,null,null,null,null,null,null,null,null,null,10,2026-08-03 09:34:06.967+00,5dda0b14-713b-46d0-a6ce-a7a33a2fb6f9
3761a198-73ca-bdb8-338b-d52c21eb8f2e,00000000-0000-0000-0000-000000000001,a511b46a-10b8-465e-bb0a-278862caf056,4f14b647cd95db3f57481155abc4bc36,Female,null,"Mist Adyar ","Fmg studying ",null,2025-05-05 04:45:36+00,exited,null,null,null,null,null,null,null,null,null,null,null,null,null,null,6,2026-08-03 09:34:06.876+00,5dda0b14-713b-46d0-a6ce-a7a33a2fb6f9
38069f8b-d44e-0b86-a0d1-dafac5ae1232,00000000-0000-0000-0000-000000000001,a511b46a-10b8-465e-bb0a-278862caf056,5729e5314086d4a34edbd516ab2744a9,Female,null,Latentview Analytics,Data Analyst,null,2025-05-05 04:45:36+00,staying,null,null,null,null,null,null,null,null,null,null,null,null,null,null,4,2026-08-03 09:34:06.855+00,5dda0b14-713b-46d0-a6ce-a7a33a2fb6f9
381ba86a-6881-bdfb-4f5a-707c6f5e9aed,00000000-0000-0000-0000-000000000001,a511b46a-10b8-465e-bb0a-278862caf056,d5dd3ac264a039146ad1ae4bbfbc9931,Male,null,null,null,null,2025-05-05 04:45:36+00,exited,null,null,null,null,null,null,null,null,null,null,null,null,null,null,10,2026-08-03 09:34:06.934+00,5dda0b14-713b-46d0-a6ce-a7a33a2fb6f9
38305983-db92-2c3c-7949-96f7ca7833eb,00000000-0000-0000-0000-000000000001,72d8f4d2-bd29-421c-97d6-abdcf8a0613f,c0fa545c5d01a5eb6f8f09b61b17412f,Male,null,Qualcomm,intern,null,2025-05-05 04:45:36+00,staying,null,null,null,null,null,null,null,null,null,null,null,null,null,null,5,2026-08-03 09:34:06.86+00,5dda0b14-713b-46d0-a6ce-a7a33a2fb6f9
38c5737a-38f4-67e4-935b-157ed9f6fafa,00000000-0000-0000-0000-000000000001,a511b46a-10b8-465e-bb0a-278862caf056,9a1a4bc7844e9d2f6c717b15e9f3be56,Male,null,null,Senior Manager,null,2025-05-05 04:45:36+00,exited,null,null,null,null,null,null,null,null,null,null,null,null,null,null,10,2026-08-03 09:34:06.902+00,5dda0b14-713b-46d0-a6ce-a7a33a2fb6f9
38f94703-df69-ca89-4496-a89ad5a63f7c,00000000-0000-0000-0000-000000000001,a511b46a-10b8-465e-bb0a-278862caf056,d8601d5ec83f4f2f88c9cf1ecbf94cd8,Male,null,null,null,null,2025-05-05 04:45:36+00,exited,null,null,null,null,null,null,null,null,null,null,null,null,null,null,10,2026-08-03 09:34:06.951+00,5dda0b14-713b-46d0-a6ce-a7a33a2fb6f9
38fa3ad2-aa3f-58d5-2b21-1710a18fefce,00000000-0000-0000-0000-000000000001,a511b46a-10b8-465e-bb0a-278862caf056,62cf298ccf2ad24d8c3cee01c66bcad0,Male,null,IIT,Student,null,2025-05-05 04:45:36+00,exited,null,null,null,null,null,null,null,null,null,null,null,null,null,null,10,2026-08-03 09:34:06.883+00,5dda0b14-713b-46d0-a6ce-a7a33a2fb6f9
3917a374-3cb6-3063-a1a4-8077ad20359b,00000000-0000-0000-0000-000000000001,a511b46a-10b8-465e-bb0a-278862caf056,b5ca4f85b6a5e433947fd3d125d4b7fd,Male,null,Lennox India Technology Centre,Specialist -CFD,null,2025-05-05 04:45:36+00,exited,null,null,null,null,null,null,null,null,null,null,null,null,null,null,10,2026-08-03 09:34:06.967+00,5dda0b14-713b-46d0-a6ce-a7a33a2fb6f9
398396b1-f339-683b-4307-b3441615b82a,00000000-0000-0000-0000-000000000001,d9771572-b86e-4da2-8f6d-9d1ee370aa1d,711b8d1b606e3ce0cb6413c197b7f5f3,Male,null,"Citi Corp services India pvt. Limited ","Ass VICE PRESIDENT ",null,2025-05-05 04:45:36+00,exited,null,null,null,null,null,null,null,null,null,null,null,null,null,null,10,2026-08-03 09:34:06.852+00,5dda0b14-713b-46d0-a6ce-a7a33a2fb6f9
3ad112bc-3f0d-3be3-e12c-29bdc16823e4,00000000-0000-0000-0000-000000000001,a511b46a-10b8-465e-bb0a-278862caf056,9cc3a0d6d8dbc5f8997e8ede80810c3a,Male,null,Boa,Software Engineer,null,2025-05-05 04:45:36+00,exited,null,null,null,null,null,null,null,null,null,null,null,null,null,null,10,2026-08-03 09:34:06.852+00,5dda0b14-713b-46d0-a6ce-a7a33a2fb6f9
3b02f95a-b47e-1037-4f8a-f2f31e35c98e,00000000-0000-0000-0000-000000000001,c98cc56e-626d-487b-bdb0-27c19e28b80c,43e4332c2a5886547d3330d9862ba9f9,Male,null,"Dhakshin Dhatu Trade Private Limited ","Marketing Executive ",null,2025-05-05 04:45:36+00,exited,null,null,null,null,null,null,null,null,null,null,null,null,null,null,3,2026-08-03 09:34:06.984+00,5dda0b14-713b-46d0-a6ce-a7a33a2fb6f9
3b27dc97-dafa-0480-7b61-5549a3ea7eee,00000000-0000-0000-0000-000000000001,b56bf673-832e-41fd-aca7-fd4bc1e56d83,6b7b8f0d1694db6979a7caf3ac727e08,Male,null,null,null,null,2025-05-05 04:45:36+00,exited,null,null,null,null,null,null,null,null,null,null,null,null,null,null,6,2026-08-03 09:34:06.951+00,5dda0b14-713b-46d0-a6ce-a7a33a2fb6f9
3b48ac67-d1fa-b227-f284-5da0a25e5ac0,00000000-0000-0000-0000-000000000001,a511b46a-10b8-465e-bb0a-278862caf056,6ea348b5ea4a47c149f8fb088966738e,Female,null,null,null,null,2025-05-05 04:45:36+00,exited,null,null,null,null,null,null,null,null,null,null,null,null,null,null,3,2026-08-03 09:34:06.951+00,5dda0b14-713b-46d0-a6ce-a7a33a2fb6f9
3b6e6365-f27e-8854-7e60-4889894aaa6d,00000000-0000-0000-0000-000000000001,a511b46a-10b8-465e-bb0a-278862caf056,69cd41268f7f93bc6a33fc72e9cf2193,Female,null,null,null,null,2025-05-05 04:45:36+00,exited,null,null,null,null,null,null,null,null,null,null,null,null,null,null,10,2026-08-03 09:34:06.951+00,5dda0b14-713b-46d0-a6ce-a7a33a2fb6f9
3c32a71f-5c9e-8178-0cae-bd32a791be8a,00000000-0000-0000-0000-000000000001,a511b46a-10b8-465e-bb0a-278862caf056,c1a0cc1f64c29e248748b42d9bebe6e7,null,null,null,null,null,2025-05-05 04:45:36+00,exited,null,null,null,null,null,null,null,null,null,null,null,null,null,null,10,2026-08-03 09:34:06.905+00,5dda0b14-713b-46d0-a6ce-a7a33a2fb6f9
3caa59e9-5e0d-3ca4-6303-a17bdb2e20ec,00000000-0000-0000-0000-000000000001,a511b46a-10b8-465e-bb0a-278862caf056,2d094f41817053080a6180b8ab164395,Male,null,Qualcomm,Interim Engineering Intern,null,2025-05-05 04:45:36+00,exited,null,null,null,null,null,null,null,null,null,null,null,null,null,null,6,2026-08-03 09:34:06.934+00,5dda0b14-713b-46d0-a6ce-a7a33a2fb6f9
3e2fea93-18a8-93d6-164a-73bb3ab8c191,00000000-0000-0000-0000-000000000001,a511b46a-10b8-465e-bb0a-278862caf056,f70d2f1d50ae70914cd1496ac819ea59,Female,null,null,null,null,2025-05-05 04:45:36+00,exited,null,null,null,null,null,null,null,null,null,null,null,null,null,null,6,2026-08-03 09:34:06.938+00,5dda0b14-713b-46d0-a6ce-a7a33a2fb6f9
3e50af3d-452f-d098-b3bc-3c2a64576d55,00000000-0000-0000-0000-000000000001,8ea133dd-6442-42a9-9b64-9933d813bd74,76858b82f4945d2cd37957a6e0c7a696,Male,null,Elnet,"Accounts Manager ",null,2025-05-05 04:45:36+00,staying,null,null,null,null,null,null,null,null,null,null,null,null,null,null,4,2026-08-03 09:34:06.938+00,5dda0b14-713b-46d0-a6ce-a7a33a2fb6f9
3e75e66b-4372-344b-25d8-de15915110c9,00000000-0000-0000-0000-000000000001,a511b46a-10b8-465e-bb0a-278862caf056,0fdc26441187c3ec146dc6c0c1d8a000,Female,null,-,-,null,2025-05-05 04:45:36+00,exited,null,null,null,null,null,null,null,null,null,null,null,null,null,null,10,2026-08-03 09:34:06.953+00,5dda0b14-713b-46d0-a6ce-a7a33a2fb6f9
3e99437f-aaa3-5ffe-27bc-cffb9898080d,00000000-0000-0000-0000-000000000001,a511b46a-10b8-465e-bb0a-278862caf056,047531cea314623f39a997e536655e26,Male,null,null,null,null,2025-05-05 04:45:36+00,exited,null,null,null,null,null,null,null,null,null,null,null,null,null,null,5,2026-08-03 09:34:06.922+00,5dda0b14-713b-46d0-a6ce-a7a33a2fb6f9
3f0612aa-b4e7-f5b1-b920-e5559a86b30b,00000000-0000-0000-0000-000000000001,a511b46a-10b8-465e-bb0a-278862caf056,c8e9d2c72cded36ca081b99714197e39,Female,null,null,null,null,2025-05-05 04:45:36+00,exited,null,null,null,null,null,null,null,null,null,null,null,null,null,null,6,2026-08-03 09:34:06.87+00,5dda0b14-713b-46d0-a6ce-a7a33a2fb6f9
3f1cffa7-f19d-26f8-f9fb-1d746c3e5897,00000000-0000-0000-0000-000000000001,a511b46a-10b8-465e-bb0a-278862caf056,cae9aa178d24f71c863555251b95f8c5,Female,null,"Lets speak, velacherry",Student,null,2025-05-05 04:45:36+00,exited,null,null,null,null,null,null,null,null,null,null,null,null,null,null,10,2026-08-03 09:34:07.951+00,5dda0b14-713b-46d0-a6ce-a7a33a2fb6f9
3fa90f86-f0f5-7489-1807-029cb1ab0732,00000000-0000-0000-0000-000000000001,a511b46a-10b8-465e-bb0a-278862caf056,41e9af013c4b186a8ca352f32bb86a75,Female,null,null,null,null,2025-05-05 04:45:36+00,exited,null,null,null,null,null,null,null,null,null,null,null,null,null,null,10,2026-08-03 09:34:08.011+00,5dda0b14-713b-46d0-a6ce-a7a33a2fb6f9
3ff17854-ddd2-3395-8880-f50884695ef9,00000000-0000-0000-0000-000000000001,a511b46a-10b8-465e-bb0a-278862caf056,3fee3e87946e1f48cc959cd9e455b74b,Female,null,null,null,null,2025-05-05 04:45:36+00,exited,null,null,null,null,null,null,null,null,null,null,null,null,null,null,10,2026-08-03 09:34:07.935+00,5dda0b14-713b-46d0-a6ce-a7a33a2fb6f9
40a2b6da-1224-e406-7b33-bed31c6f706b,00000000-0000-0000-0000-000000000001,a511b46a-10b8-465e-bb0a-278862caf056,4045655267ebde9a11733c5887cd6cbb,Female,null,null,null,null,2025-05-05 04:45:36+00,exited,null,null,null,null,null,null,null,null,null,null,null,null,null,null,6,2026-08-03 09:34:07.93+00,5dda0b14-713b-46d0-a6ce-a7a33a2fb6f9
40d92b3b-7aee-338f-9b2d-58099584d322,00000000-0000-0000-0000-000000000001,a511b46a-10b8-465e-bb0a-278862caf056,63406a5407683f2a92680034d1e50927,Male,null,null,null,null,2025-05-05 04:45:36+00,exited,null,null,null,null,null,null,null,null,null,null,null,null,null,null,6,2026-08-03 09:34:07.993+00,5dda0b14-713b-46d0-a6ce-a7a33a2fb6f9
40da1241-f931-fd4a-747c-9dc5f68a8870,00000000-0000-0000-0000-000000000001,a511b46a-10b8-465e-bb0a-278862caf056,0dd2754285f8284f201d7b1a3dd69462,Male,null,null,null,null,2025-05-05 04:45:36+00,exited,null,null,null,null,null,null,null,null,null,null,null,null,null,null,6,2026-08-03 09:34:07.93+00,5dda0b14-713b-46d0-a6ce-a7a33a2fb6f9
413fa992-b668-d564-13e9-5f16a70196f2,00000000-0000-0000-0000-000000000001,a511b46a-10b8-465e-bb0a-278862caf056,b9cc64fb508bbea772ae25586fdb3837,null,null,null,null,null,2025-05-05 04:45:36+00,exited,null,null,null,null,null,null,null,null,null,null,null,null,null,null,10,2026-08-03 09:34:07.93+00,5dda0b14-713b-46d0-a6ce-a7a33a2fb6f9
414e0bde-7a49-1083-4e22-1fa3dca1b3c6,00000000-0000-0000-0000-000000000001,a511b46a-10b8-465e-bb0a-278862caf056,ac39c41d8efbf0ef4f61123989410d34,Male,null,null,null,null,2025-05-05 04:45:36+00,exited,null,null,null,null,null,null,null,null,null,null,null,null,null,null,6,2026-08-03 09:34:07.92+00,5dda0b14-713b-46d0-a6ce-a7a33a2fb6f9
417cb75b-9992-4df9-28ae-ad4d2313621f,00000000-0000-0000-0000-000000000001,a511b46a-10b8-465e-bb0a-278862caf056,878853a1ef8e22f8b10dfb2e2480f0dd,Male,null,null,null,null,2025-05-05 04:45:36+00,staying,null,null,null,null,null,null,null,null,null,null,null,null,null,null,6,2026-08-03 09:34:07.96+00,5dda0b14-713b-46d0-a6ce-a7a33a2fb6f9
41bc3dd8-29be-a47d-e821-5e112e52cde5,00000000-0000-0000-0000-000000000001,a511b46a-10b8-465e-bb0a-278862caf056,e88c811a82bf702aaad2826307470729,Female,null,Astrazeneca India Pvt Ltd,Sr Analyst,null,2025-05-05 04:45:36+00,exited,null,null,null,null,null,null,null,null,null,null,null,null,null,null,6,2026-08-03 09:34:08.088+00,5dda0b14-713b-46d0-a6ce-a7a33a2fb6f9
42c9cd99-9d86-c9b7-f90f-c4a4e87261a4,00000000-0000-0000-0000-000000000001,a511b46a-10b8-465e-bb0a-278862caf056,0bf325971f575044ec87b4dc45c7cbed,Male,null,CAMS,Intern,null,2025-05-05 04:45:36+00,exited,null,null,null,null,null,null,null,null,null,null,null,null,null,null,10,2026-08-03 09:34:07.951+00,5dda0b14-713b-46d0-a6ce-a7a33a2fb6f9
42ce346f-a341-9289-8213-2a477a99c6b7,00000000-0000-0000-0000-000000000001,a511b46a-10b8-465e-bb0a-278862caf056,8b4716bd8a8eac4856c82fe1c9a34685,Female,null,null,null,null,2025-05-05 04:45:36+00,exited,null,null,null,null,null,null,null,null,null,null,null,null,null,null,10,2026-08-03 09:34:08.086+00,5dda0b14-713b-46d0-a6ce-a7a33a2fb6f9
42fc943f-bd3d-2957-015f-48efdbb32e77,00000000-0000-0000-0000-000000000001,a511b46a-10b8-465e-bb0a-278862caf056,474f347e2130deaeb61b4a70e7947751,null,null,null,null,null,2025-05-05 04:45:36+00,exited,null,null,null,null,null,null,null,null,null,null,null,null,null,null,10,2026-08-03 09:34:07.981+00,5dda0b14-713b-46d0-a6ce-a7a33a2fb6f9
430caea5-4a9a-cf87-274e-54e1547ff83b,00000000-0000-0000-0000-000000000001,a511b46a-10b8-465e-bb0a-278862caf056,613c33b1cdd1a7e68c7551e6aeb86961,Male,null,Paperflite,Associate,null,2025-05-05 04:45:36+00,exited,null,null,null,null,null,null,null,null,null,null,null,null,null,null,6,2026-08-03 09:34:08.064+00,5dda0b14-713b-46d0-a6ce-a7a33a2fb6f9
434d75cb-183a-9772-9088-93a7b3f89d25,00000000-0000-0000-0000-000000000001,a511b46a-10b8-465e-bb0a-278862caf056,e7dd90cd48f15b5c21efd3d27be4134d,Male,null,Walmart,Sde2,null,2025-05-05 04:45:36+00,exited,null,null,null,null,null,null,null,null,null,null,null,null,null,null,6,2026-08-03 09:34:07.963+00,5dda0b14-713b-46d0-a6ce-a7a33a2fb6f9
43774f3c-9ce6-fc78-7857-b8607c3e1966,00000000-0000-0000-0000-000000000001,df4800c9-944f-4ab2-ab51-03ad951c02b5,768fa7d9c6215bfccd8d4bc5e2f85d21,Female,null,"Latent View ","Apprenticeship ",null,2025-05-05 04:45:36+00,staying,null,null,null,null,null,null,null,null,null,null,null,null,null,null,3,2026-08-03 09:34:07.977+00,5dda0b14-713b-46d0-a6ce-a7a33a2fb6f9
43bad5ef-9766-7805-47dd-934114b00873,00000000-0000-0000-0000-000000000001,a511b46a-10b8-465e-bb0a-278862caf056,a577b9c392346d14f7fcf2b7b020bd3e,Male,null,Commotion,Intern,null,2025-05-05 04:45:36+00,exited,null,null,null,null,null,null,null,null,null,null,null,null,null,null,6,2026-08-03 09:34:07.968+00,5dda0b14-713b-46d0-a6ce-a7a33a2fb6f9
43c47b55-f3bc-96d4-c7a6-8b91bccbfcc4,00000000-0000-0000-0000-000000000001,a511b46a-10b8-465e-bb0a-278862caf056,26fa95bffb4ae9989c5267b1e90b6965,Female,null,Caterpillar Inc.,"Associate Engineer ",null,2025-05-05 04:45:36+00,exited,null,null,null,null,null,null,null,null,null,null,null,null,null,null,10,2026-08-03 09:34:07.958+00,5dda0b14-713b-46d0-a6ce-a7a33a2fb6f9
43c50db7-bbd5-a3ee-044a-5ad9f847c9bf,00000000-0000-0000-0000-000000000001,a511b46a-10b8-465e-bb0a-278862caf056,112436fd8c8f2cd617f092c5ce5481b1,Female,null,Ey india,Senior Analyst,null,2025-05-05 04:45:36+00,exited,null,null,null,null,null,null,null,null,null,null,null,null,null,null,10,2026-08-03 09:34:07.963+00,5dda0b14-713b-46d0-a6ce-a7a33a2fb6f9
43e74f45-aa14-1c93-dc1b-6bca58862fe4,00000000-0000-0000-0000-000000000001,a511b46a-10b8-465e-bb0a-278862caf056,27deeddc15719ee23dfc9584319dcc6b,Male,null,STG Infotech,Software Engineer Trainee,null,2025-05-05 04:45:36+00,exited,null,null,null,null,null,null,null,null,null,null,null,null,null,null,10,2026-08-03 09:34:07.978+00,5dda0b14-713b-46d0-a6ce-a7a33a2fb6f9
43f0cf08-520b-2feb-f383-29d0259afdfd,00000000-0000-0000-0000-000000000001,a511b46a-10b8-465e-bb0a-278862caf056,61d0cbfce46054acc0ec84d237ae9ac7,Female,null,null,null,null,2025-05-05 04:45:36+00,exited,null,null,null,null,null,null,null,null,null,null,null,null,null,null,10,2026-08-03 09:34:08.032+00,5dda0b14-713b-46d0-a6ce-a7a33a2fb6f9
440b6ecd-f1be-8821-6916-551881aa954f,00000000-0000-0000-0000-000000000001,a511b46a-10b8-465e-bb0a-278862caf056,9de00bd0fe8eb034a7115eadb7b56ba2,Male,null,Inatech,Business Analyst,null,2025-05-05 04:45:36+00,exited,null,null,null,null,null,null,null,null,null,null,null,null,null,null,10,2026-08-03 09:34:07.953+00,5dda0b14-713b-46d0-a6ce-a7a33a2fb6f9
444b3778-4bd6-62cd-0b3d-660eb12fd7c5,00000000-0000-0000-0000-000000000001,a511b46a-10b8-465e-bb0a-278862caf056,2c9681f06e4a54415495d3db5f2737ad,Male,null,null,null,null,2025-05-05 04:45:36+00,exited,null,null,null,null,null,null,null,null,null,null,null,null,null,null,10,2026-08-03 09:34:08.048+00,5dda0b14-713b-46d0-a6ce-a7a33a2fb6f9
44cb47a3-0123-781d-7158-6019cedce0c5,00000000-0000-0000-0000-000000000001,a511b46a-10b8-465e-bb0a-278862caf056,7ab84db66a6f9a3d76f5188ad2f075c1,Male,null,Hcl Technologies,Software Engineer,null,2025-05-05 04:45:36+00,exited,null,null,null,null,null,null,null,null,null,null,null,null,null,null,10,2026-08-03 09:34:08.031+00,5dda0b14-713b-46d0-a6ce-a7a33a2fb6f9
4505ca5d-0961-03c9-5943-ffda2a5ae270,00000000-0000-0000-0000-000000000001,68da5331-1156-4361-9fa2-9c8652f5c155,e243e1ae050a96d47eb1beb69a144c23,Female,null,"CHSS THIRUVANMIYUR ","Teacher ",null,2025-05-05 04:45:36+00,staying,null,null,null,null,null,null,null,null,null,null,null,null,null,null,3,2026-08-03 09:34:08.001+00,5dda0b14-713b-46d0-a6ce-a7a33a2fb6f9
4514d626-9864-572c-4d95-165e89926e0c,00000000-0000-0000-0000-000000000001,a511b46a-10b8-465e-bb0a-278862caf056,9e10bfd7e017c38a028dce491d39d50f,Male,null,null,null,null,2025-05-05 04:45:36+00,exited,null,null,null,null,null,null,null,null,null,null,null,null,null,null,10,2026-08-03 09:34:08.076+00,5dda0b14-713b-46d0-a6ce-a7a33a2fb6f9
456fc08d-55ba-6a5b-7917-edad21de87b2,00000000-0000-0000-0000-000000000001,a511b46a-10b8-465e-bb0a-278862caf056,43dc20f0c103a24966b25cfb9461e99a,Female,null,null,null,null,2025-05-05 04:45:36+00,exited,null,null,null,null,null,null,null,null,null,null,null,null,null,null,5,2026-08-03 09:34:08.081+00,5dda0b14-713b-46d0-a6ce-a7a33a2fb6f9
45bab573-48ef-1237-bc52-123366b60e36,00000000-0000-0000-0000-000000000001,a511b46a-10b8-465e-bb0a-278862caf056,639bc1343557b1fb1d08b30f32eb6d24,Female,null,null,null,null,2025-05-05 04:45:36+00,exited,null,null,null,null,null,null,null,null,null,null,null,null,null,null,6,2026-08-03 09:34:08.063+00,5dda0b14-713b-46d0-a6ce-a7a33a2fb6f9
45cd9835-b5f7-51dd-94ff-9edc460cbfc7,00000000-0000-0000-0000-000000000001,a511b46a-10b8-465e-bb0a-278862caf056,f6d89235e674eb814e71ad0ced8f847e,Female,null,null,null,null,2025-05-05 04:45:36+00,exited,null,null,null,null,null,null,null,null,null,null,null,null,null,null,10,2026-08-03 09:34:08.053+00,5dda0b14-713b-46d0-a6ce-a7a33a2fb6f9
4628a4bf-d4c5-9e5d-471c-271b9f3e7d03,00000000-0000-0000-0000-000000000001,1883173f-a06b-4527-89cf-2150c83aa8c2,e777ae157d92d56a12005d541d698523,Male,null,McDermott,Principal Structural Engineer,null,2025-05-05 04:45:36+00,staying,null,null,null,null,null,null,null,null,null,null,null,null,null,null,3,2026-08-03 09:34:08.025+00,5dda0b14-713b-46d0-a6ce-a7a33a2fb6f9
468fa659-bd75-9ae2-c5e8-46930dd5d4f0,00000000-0000-0000-0000-000000000001,a511b46a-10b8-465e-bb0a-278862caf056,0349097da8c4229cfc47ad6afff3b19a,Male,null,IIT Madras,B.Tech,null,2025-05-05 04:45:36+00,new,null,null,null,null,null,null,null,null,null,null,null,null,null,null,10,2026-08-03 09:34:08.089+00,null
46d380ca-fe7a-07d2-4570-5de890c8fdc7,00000000-0000-0000-0000-000000000001,a511b46a-10b8-465e-bb0a-278862caf056,046d4893d02443ef12bc665cafb39ddc,Male,null,Qualcomm,Intern,null,2025-05-05 04:45:36+00,exited,null,null,null,null,null,null,null,null,null,null,null,null,null,null,4,2026-08-03 09:34:08.041+00,5dda0b14-713b-46d0-a6ce-a7a33a2fb6f9
46d76191-2b0e-5d5a-4a07-cc7209f40801,00000000-0000-0000-0000-000000000001,a511b46a-10b8-465e-bb0a-278862caf056,e6ecab8808a0f45f257ac6a4e9ff4ac1,Female,null,null,null,null,2025-05-05 04:45:36+00,exited,null,null,null,null,null,null,null,null,null,null,null,null,null,null,10,2026-08-03 09:34:07.965+00,5dda0b14-713b-46d0-a6ce-a7a33a2fb6f9
46d94fb9-b4c9-d1a8-0c92-609fafa9901e,00000000-0000-0000-0000-000000000001,a511b46a-10b8-465e-bb0a-278862caf056,dd3a51b51ad0352777ce610f273d6ddf,Male,null,Bank of america,Technical analyst,null,2025-05-05 04:45:36+00,exited,null,null,null,null,null,null,null,null,null,null,null,null,null,null,6,2026-08-03 09:34:08.061+00,5dda0b14-713b-46d0-a6ce-a7a33a2fb6f9
4725a45c-cc7a-af5b-e281-9c77ce5af921,00000000-0000-0000-0000-000000000001,a511b46a-10b8-465e-bb0a-278862caf056,4c1a58cc212bcec08d2dd0d162b88c9b,Female,null,null,null,null,2025-05-05 04:45:36+00,exited,null,null,null,null,null,null,null,null,null,null,null,null,null,null,10,2026-08-03 09:34:08.067+00,5dda0b14-713b-46d0-a6ce-a7a33a2fb6f9
472a7ffe-042a-9722-efc3-4583777f6989,00000000-0000-0000-0000-000000000001,a511b46a-10b8-465e-bb0a-278862caf056,8e3122bf459859662539627cf28095cc,Male,null,null,null,null,2025-05-05 04:45:36+00,exited,null,null,null,null,null,null,null,null,null,null,null,null,null,null,10,2026-08-03 09:34:08.031+00,5dda0b14-713b-46d0-a6ce-a7a33a2fb6f9
4767b29c-fde2-16bf-4b29-9e8578a3b33f,00000000-0000-0000-0000-000000000001,a511b46a-10b8-465e-bb0a-278862caf056,1823e2ae8a96382b1d5ab7bd0ecae5e0,Male,null,null,null,null,2025-05-05 04:45:36+00,exited,null,null,null,null,null,null,null,null,null,null,null,null,null,null,6,2026-08-03 09:34:08.076+00,5dda0b14-713b-46d0-a6ce-a7a33a2fb6f9
480c0561-a593-d531-177b-6c34c4d0dedc,00000000-0000-0000-0000-000000000001,a511b46a-10b8-465e-bb0a-278862caf056,5a7d9c990a4dfc56c8614a6a1d52f17b,Female,null,Tulsi,Designer,null,2025-05-05 04:45:36+00,exited,null,null,null,null,null,null,null,null,null,null,null,null,null,null,10,2026-08-03 09:34:08.044+00,5dda0b14-713b-46d0-a6ce-a7a33a2fb6f9
4855a811-b83a-7e07-56f0-ae3a0026d582,00000000-0000-0000-0000-000000000001,a511b46a-10b8-465e-bb0a-278862caf056,ddb5904c0348137aaa808056130809b9,Female,null,"Amazon ","AI Content Expert ",null,2025-05-05 04:45:36+00,exited,null,null,null,null,null,null,null,null,null,null,null,null,null,null,6,2026-08-03 09:34:07.968+00,5dda0b14-713b-46d0-a6ce-a7a33a2fb6f9
489c9b8c-183a-9712-86e4-708ba0da6f0e,00000000-0000-0000-0000-000000000001,a511b46a-10b8-465e-bb0a-278862caf056,3ccb6d8e7fd4996e7d867962f24f4d5d,Female,null,null,null,null,2025-05-05 04:45:36+00,exited,null,null,null,null,null,null,null,null,null,null,null,null,null,null,10,2026-08-03 09:34:08.086+00,5dda0b14-713b-46d0-a6ce-a7a33a2fb6f9
490c8f7b-67bb-4475-e52c-4e70037b854c,00000000-0000-0000-0000-000000000001,a511b46a-10b8-465e-bb0a-278862caf056,d190e9016c77e35a2ba76082cf50ee78,Female,null,NIFT Chennai,B.des 4th year,null,2025-05-05 04:45:36+00,exited,null,null,null,null,null,null,null,null,null,null,null,null,null,null,10,2026-08-03 09:34:07.978+00,5dda0b14-713b-46d0-a6ce-a7a33a2fb6f9
491b8136-32a1-37c5-5253-b53ff3991d86,00000000-0000-0000-0000-000000000001,4535f2ef-f2d5-44dd-b976-f17d3cfaae63,6ed50873ae4c9b78a068989e57538525,Male,null,CAMS,SDE,null,2025-05-05 04:45:36+00,staying,null,null,null,null,null,null,null,null,null,null,null,null,null,null,3,2026-08-03 09:34:08.064+00,5dda0b14-713b-46d0-a6ce-a7a33a2fb6f9
49355947-7605-ec5f-7d81-a6597f38d76b,00000000-0000-0000-0000-000000000001,a511b46a-10b8-465e-bb0a-278862caf056,041f7577c34166f1d8be69d25b64ac01,Female,null,Tata Consultancy Services,Team lead,null,2025-05-05 04:45:36+00,staying,null,null,null,null,null,null,null,null,null,null,null,null,null,null,3,2026-08-03 09:34:08.097+00,5dda0b14-713b-46d0-a6ce-a7a33a2fb6f9
49cf43d8-a86e-89e5-c138-85e43fd070f0,00000000-0000-0000-0000-000000000001,a511b46a-10b8-465e-bb0a-278862caf056,fc7078381447c3b9854a93acee46e66c,Male,null,Qualcomm,Senior Lead,null,2025-05-05 04:45:36+00,exited,null,null,null,null,null,null,null,null,null,null,null,null,null,null,6,2026-08-03 09:34:08.033+00,5dda0b14-713b-46d0-a6ce-a7a33a2fb6f9
4a1c9a17-3318-f91d-2b54-98dbb7e27f25,00000000-0000-0000-0000-000000000001,a511b46a-10b8-465e-bb0a-278862caf056,c58ebba446373da4722cc4eef0f3de85,Female,null,null,null,null,2025-05-05 04:45:36+00,exited,null,null,null,null,null,null,null,null,null,null,null,null,null,null,10,2026-08-03 09:34:08.034+00,5dda0b14-713b-46d0-a6ce-a7a33a2fb6f9
4b85d836-4912-f7a8-46ac-19256a4ed1d4,00000000-0000-0000-0000-000000000001,a511b46a-10b8-465e-bb0a-278862caf056,511e7bb52cb5552891b05c3892c40108,Female,null,"Cushman & Wakefield, Tynampet",Temporary Associate,null,2025-05-05 04:45:36+00,exited,null,null,null,null,null,null,null,null,null,null,null,null,null,null,3,2026-08-03 09:34:08.086+00,5dda0b14-713b-46d0-a6ce-a7a33a2fb6f9
4b86bb38-0a38-c680-fddc-fef9bb6ba48f,00000000-0000-0000-0000-000000000001,a511b46a-10b8-465e-bb0a-278862caf056,7914d0a829f853ef3ab960b927f2343a,Male,null,AstraZeneca,GET,null,2025-05-05 04:45:36+00,new,null,null,null,null,null,null,null,null,null,null,null,null,null,null,10,2026-08-03 09:34:08.945+00,null
4bdca5eb-f197-a87d-d26a-c63a9b3298a1,00000000-0000-0000-0000-000000000001,a511b46a-10b8-465e-bb0a-278862caf056,92e5f2427a6fd5dc339b2458c08cdb04,Male,null,"Central Government ","Officer ",null,2025-05-05 04:45:36+00,exited,null,null,null,null,null,null,null,null,null,null,null,null,null,null,3,2026-08-03 09:34:08.961+00,5dda0b14-713b-46d0-a6ce-a7a33a2fb6f9
4c32ff2a-996c-db27-9217-e13ddec4ccfd,00000000-0000-0000-0000-000000000001,a511b46a-10b8-465e-bb0a-278862caf056,d876ab4c370794ef132b3e8628902f7f,Female,null,null,null,null,2025-05-05 04:45:36+00,exited,null,null,null,null,null,null,null,null,null,null,null,null,null,null,10,2026-08-03 09:34:08.961+00,5dda0b14-713b-46d0-a6ce-a7a33a2fb6f9
4c4ad4c9-59bf-f152-d0ff-6502ec564cc9,00000000-0000-0000-0000-000000000001,a511b46a-10b8-465e-bb0a-278862caf056,b0c1fbb1bbf09e8016b4fde50905ec4d,Female,null,null,null,null,2025-05-05 04:45:36+00,staying,null,null,null,null,null,null,null,null,null,null,null,null,null,null,6,2026-08-03 09:34:08.946+00,5dda0b14-713b-46d0-a6ce-a7a33a2fb6f9
4ce63ad3-a546-4b52-5b68-0d5a6d3766d2,00000000-0000-0000-0000-000000000001,a511b46a-10b8-465e-bb0a-278862caf056,fb86f9be133796ec72c8f18677f9f730,Female,null,null,null,null,2025-05-05 04:45:36+00,exited,null,null,null,null,null,null,null,null,null,null,null,null,null,null,10,2026-08-03 09:34:09.011+00,5dda0b14-713b-46d0-a6ce-a7a33a2fb6f9
4cf13b7d-67b4-87af-6795-b532998a9b0d,00000000-0000-0000-0000-000000000001,a511b46a-10b8-465e-bb0a-278862caf056,be346222175a9133ad19e56b8fd9990a,Male,null,Sify Technologies Limited,HR,null,2025-05-05 04:45:36+00,exited,null,null,null,null,null,null,null,null,null,null,null,null,null,null,3,2026-08-03 09:34:08.951+00,5dda0b14-713b-46d0-a6ce-a7a33a2fb6f9
4d4ac955-333e-b31d-518e-68e57ed5a423,00000000-0000-0000-0000-000000000001,a511b46a-10b8-465e-bb0a-278862caf056,392c9cd79615b5a28a4901081ef453bd,Male,null,null,null,null,2025-05-05 04:45:36+00,exited,null,null,null,null,null,null,null,null,null,null,null,null,null,null,10,2026-08-03 09:34:09.084+00,5dda0b14-713b-46d0-a6ce-a7a33a2fb6f9
4e667438-6e87-7652-9c8f-5dff0ffa3cad,00000000-0000-0000-0000-000000000001,a511b46a-10b8-465e-bb0a-278862caf056,6c2e5fb0d242792afec2bb29e77f2958,Female,null,null,null,null,2025-05-05 04:45:36+00,exited,null,null,null,null,null,null,null,null,null,null,null,null,null,null,6,2026-08-03 09:34:09.085+00,5dda0b14-713b-46d0-a6ce-a7a33a2fb6f9
4f1fd1d7-d774-fba8-8ed3-38e9a3bc0c3a,00000000-0000-0000-0000-000000000001,a511b46a-10b8-465e-bb0a-278862caf056,86d4820cf34cd45b7aef52733e652d7b,Female,null,null,null,null,2025-05-05 04:45:36+00,exited,null,null,null,null,null,null,null,null,null,null,null,null,null,null,10,2026-08-03 09:34:08.962+00,5dda0b14-713b-46d0-a6ce-a7a33a2fb6f9
4f75b0ca-7bed-c37c-cfd4-1e361a1bb6d4,00000000-0000-0000-0000-000000000001,a511b46a-10b8-465e-bb0a-278862caf056,20e6f5d8163b84a9465e491f70ee507c,Male,null,null,null,null,2025-05-05 04:45:36+00,staying,null,null,null,null,null,null,null,null,null,null,null,null,null,null,5,2026-08-03 09:34:08.962+00,5dda0b14-713b-46d0-a6ce-a7a33a2fb6f9
4fa36c6d-dd24-c5f2-e7aa-11dd52a85410,00000000-0000-0000-0000-000000000001,a511b46a-10b8-465e-bb0a-278862caf056,97e1915bb22993a21842dabc8ef9bafb,Female,null,Ernst & Young,Trainee,null,2025-05-05 04:45:36+00,exited,null,null,null,null,null,null,null,null,null,null,null,null,null,null,10,2026-08-03 09:34:08.962+00,5dda0b14-713b-46d0-a6ce-a7a33a2fb6f9
50259422-7cfb-0406-9801-42bc3a0d874f,00000000-0000-0000-0000-000000000001,a511b46a-10b8-465e-bb0a-278862caf056,86828a07046beaa432b4a63754ea8628,Male,null,null,null,null,2025-05-05 04:45:36+00,exited,null,null,null,null,null,null,null,null,null,null,null,null,null,null,10,2026-08-03 09:34:08.977+00,5dda0b14-713b-46d0-a6ce-a7a33a2fb6f9
503f204a-1840-9c61-b0fc-0c3228f0d967,00000000-0000-0000-0000-000000000001,a511b46a-10b8-465e-bb0a-278862caf056,3620c27e6ebb23d62559ae367ccd943b,Female,null,Amazon,QA intern,null,2025-05-05 04:45:36+00,exited,null,null,null,null,null,null,null,null,null,null,null,null,null,null,6,2026-08-03 09:34:09.011+00,5dda0b14-713b-46d0-a6ce-a7a33a2fb6f9
50605d3e-e2a0-7772-8450-a4081281c9ef,00000000-0000-0000-0000-000000000001,a511b46a-10b8-465e-bb0a-278862caf056,860d48e23b1ad3f72722c5de78e2964b,Female,null,null,null,null,2025-05-05 04:45:36+00,exited,null,null,null,null,null,null,null,null,null,null,null,null,null,null,10,2026-08-03 09:34:09.011+00,5dda0b14-713b-46d0-a6ce-a7a33a2fb6f9
510cd475-6538-7d02-413c-1a0f553ba4e6,00000000-0000-0000-0000-000000000001,5dd60362-21fd-43bb-bd17-b43cf85b2b99,76557222e563c44673951111baf05cdf,Male,null,Anthology,Software engineer,null,2025-05-05 04:45:36+00,staying,null,null,null,null,null,null,null,null,null,null,null,null,null,null,3,2026-08-03 09:34:09.04+00,5dda0b14-713b-46d0-a6ce-a7a33a2fb6f9
5110bc8b-7229-5952-e9db-5feb33391303,00000000-0000-0000-0000-000000000001,a511b46a-10b8-465e-bb0a-278862caf056,bdb984137ed0a98a3ccb0d6c2c2e4f56,Female,null,null,null,null,2025-05-05 04:45:36+00,exited,null,null,null,null,null,null,null,null,null,null,null,null,null,null,5,2026-08-03 09:34:09.1+00,5dda0b14-713b-46d0-a6ce-a7a33a2fb6f9
5115834b-41f7-ba99-845c-e46780a8c7da,00000000-0000-0000-0000-000000000001,a511b46a-10b8-465e-bb0a-278862caf056,359a6dba452385d2707f3d5956091e0f,Male,null,Thryve digital,senior advisor,null,2025-05-05 04:45:36+00,exited,null,null,null,null,null,null,null,null,null,null,null,null,null,null,6,2026-08-03 09:34:09.012+00,5dda0b14-713b-46d0-a6ce-a7a33a2fb6f9
51403227-2816-46f5-cdc7-feaa35b7c061,00000000-0000-0000-0000-000000000001,a180885b-4818-4d4f-be79-e493168039e1,4b74fc0344facf6779a3bd2ebfd3c11d,Male,null,KLA,Intern,null,2025-05-05 04:45:36+00,exited,null,null,null,null,null,null,null,null,null,null,null,null,null,null,6,2026-08-03 09:34:09.065+00,5dda0b14-713b-46d0-a6ce-a7a33a2fb6f9
515bcc7c-d963-93f1-5302-8325ce22b50d,00000000-0000-0000-0000-000000000001,a511b46a-10b8-465e-bb0a-278862caf056,3a0a39e81ca2996c7779e71fafad53d6,Female,null,"NIFT, Chennai",Post Graduate,null,2025-05-05 04:45:36+00,exited,null,null,null,null,null,null,null,null,null,null,null,null,null,null,10,2026-08-03 09:34:08.995+00,5dda0b14-713b-46d0-a6ce-a7a33a2fb6f9
519879d1-1867-105c-ae64-2cab42188a79,00000000-0000-0000-0000-000000000001,a511b46a-10b8-465e-bb0a-278862caf056,95e96c59f1cc0c2d6f0901fe1146e3d3,Female,null,null,null,null,2025-05-05 04:45:36+00,exited,null,null,null,null,null,null,null,null,null,null,null,null,null,null,6,2026-08-03 09:34:09.052+00,5dda0b14-713b-46d0-a6ce-a7a33a2fb6f9
529e0745-63d4-3992-9d87-b5bd93dab266,00000000-0000-0000-0000-000000000001,a511b46a-10b8-465e-bb0a-278862caf056,9319e5653a43e26cbbdec872e5de924c,Male,null,null,null,null,2025-05-05 04:45:36+00,exited,null,null,null,null,null,null,null,null,null,null,null,null,null,null,10,2026-08-03 09:34:09.065+00,5dda0b14-713b-46d0-a6ce-a7a33a2fb6f9
52bfd1fd-5813-000e-3603-19146a2ecd4e,00000000-0000-0000-0000-000000000001,a511b46a-10b8-465e-bb0a-278862caf056,4753c147acda78acf2a6e11e5c6a12d9,Male,null,Kelsa Solutions,Business Analyst,null,2025-05-05 04:45:36+00,exited,null,null,null,null,null,null,null,null,null,null,null,null,null,null,4,2026-08-03 09:34:09.1+00,5dda0b14-713b-46d0-a6ce-a7a33a2fb6f9
52e65602-2418-fbcc-b439-fc42066eb1d6,00000000-0000-0000-0000-000000000001,a511b46a-10b8-465e-bb0a-278862caf056,a1a987d5b9c83752fbec4ec488157196,Male,null,null,null,null,2025-05-05 04:45:36+00,exited,null,null,null,null,null,null,null,null,null,null,null,null,null,null,10,2026-08-03 09:34:09.038+00,5dda0b14-713b-46d0-a6ce-a7a33a2fb6f9
53161e7a-20e2-d590-c8cd-ca0a5b5ebb43,00000000-0000-0000-0000-000000000001,a511b46a-10b8-465e-bb0a-278862caf056,057dceb4381dd74d4a8e51962b967953,Male,null,HIMT,Student,null,2025-05-05 04:45:36+00,exited,null,null,null,null,null,null,null,null,null,null,null,null,null,null,6,2026-08-03 09:34:09.085+00,5dda0b14-713b-46d0-a6ce-a7a33a2fb6f9
53c9ff97-f078-6148-923e-9d1a21b9bb60,00000000-0000-0000-0000-000000000001,a511b46a-10b8-465e-bb0a-278862caf056,8de319ef0a9585ad0a504a069c0dea63,Female,null,"The Tamilnadu Dr Ambedkar law University ","Student ",null,2025-05-05 04:45:36+00,exited,null,null,null,null,null,null,null,null,null,null,null,null,null,null,5,2026-08-03 09:34:09.103+00,5dda0b14-713b-46d0-a6ce-a7a33a2fb6f9
546aae84-2600-f943-b571-67441bea409a,00000000-0000-0000-0000-000000000001,a511b46a-10b8-465e-bb0a-278862caf056,9968ffc2269be778d47b2f247827bbd8,Female,null,Ernst & Young,Associate Consultant,null,2025-05-05 04:45:36+00,exited,null,null,null,null,null,null,null,null,null,null,null,null,null,null,6,2026-08-03 09:34:09.144+00,5dda0b14-713b-46d0-a6ce-a7a33a2fb6f9
5502781f-5513-9949-e0f0-272df8bf60ee,00000000-0000-0000-0000-000000000001,a511b46a-10b8-465e-bb0a-278862caf056,7a1df3c99085bceff3d94acaa177ebe3,Male,null,null,null,null,2025-05-05 04:45:36+00,exited,null,null,null,null,null,null,null,null,null,null,null,null,null,null,10,2026-08-03 09:34:09.085+00,5dda0b14-713b-46d0-a6ce-a7a33a2fb6f9
55061549-ef30-d416-5668-dd5177fe8537,00000000-0000-0000-0000-000000000001,a511b46a-10b8-465e-bb0a-278862caf056,ebf37547cd3a6580b537bcdc4dfeb64f,Female,null,Caterpillar Inc,"Associate Engineer ",null,2025-05-05 04:45:36+00,exited,null,null,null,null,null,null,null,null,null,null,null,null,null,null,6,2026-08-03 09:34:09.084+00,5dda0b14-713b-46d0-a6ce-a7a33a2fb6f9
5561614f-2a0b-cc7f-b7ec-ebd7a38c82c6,00000000-0000-0000-0000-000000000001,a511b46a-10b8-465e-bb0a-278862caf056,cdb1b4e37bcb52c0dc115b57732c2381,Female,null,Episource,Intern,null,2025-05-05 04:45:36+00,exited,null,null,null,null,null,null,null,null,null,null,null,null,null,null,10,2026-08-03 09:34:09.033+00,5dda0b14-713b-46d0-a6ce-a7a33a2fb6f9
55a565ea-b314-82c2-9853-c0f8c599fd47,00000000-0000-0000-0000-000000000001,a511b46a-10b8-465e-bb0a-278862caf056,6fc1101bc3b0ef2ae6775981b7ddcaf2,Male,null,HIGH COURT OF MADRAS,RESEARCH LAW ASSISTANT,null,2025-05-05 04:45:36+00,new,null,null,null,null,null,null,null,null,null,null,null,null,null,null,10,2026-08-03 09:34:09.029+00,null
55ca6f7c-112a-ec33-7c1c-987508bc9e41,00000000-0000-0000-0000-000000000001,81021386-ee6c-42ec-8cbd-c094a56d4563,cba132fb9f76e5782d76e3323af7e805,Male,null,Astrazeneca,Lead,null,2025-05-05 04:45:36+00,staying,null,null,null,null,null,null,null,null,null,null,null,null,null,null,6,2026-08-03 09:34:09.052+00,5dda0b14-713b-46d0-a6ce-a7a33a2fb6f9
55e6e452-fae2-a5ac-3c12-21424bffbcac,00000000-0000-0000-0000-000000000001,2ca359f8-a77f-4dff-b6ee-b41fbc0f00cc,185f14f039c2afdaaaafe6f481dc5737,Female,null,Latentview DataAnalytics,Data Analyst,null,2025-05-05 04:45:36+00,staying,null,null,null,null,null,null,null,null,null,null,null,null,null,null,4,2026-08-03 09:34:09.031+00,5dda0b14-713b-46d0-a6ce-a7a33a2fb6f9
55e779dc-a32b-2acb-173b-7de67750927a,00000000-0000-0000-0000-000000000001,a511b46a-10b8-465e-bb0a-278862caf056,f0015279e749b3293411974ea1f949b9,Female,null,Amazon,Ai content Writer,null,2025-05-05 04:45:36+00,exited,null,null,null,null,null,null,null,null,null,null,null,null,null,null,4,2026-08-03 09:34:09.051+00,5dda0b14-713b-46d0-a6ce-a7a33a2fb6f9
5616a795-6876-d4ab-5f07-8e402a8160e9,00000000-0000-0000-0000-000000000001,a511b46a-10b8-465e-bb0a-278862caf056,3e95ddd26a75f9e4ab530f6a1cabedd7,Male,null,null,null,null,2025-05-05 04:45:36+00,exited,null,null,null,null,null,null,null,null,null,null,null,null,null,null,6,2026-08-03 09:34:09.101+00,5dda0b14-713b-46d0-a6ce-a7a33a2fb6f9
566e61b2-91f1-3ed8-21c0-09874cc4e1c0,00000000-0000-0000-0000-000000000001,a511b46a-10b8-465e-bb0a-278862caf056,63a11f3ca78a2fd95464fab7623169d6,Male,null,Meril healthcare,Senior R&D,null,2025-05-05 04:45:36+00,exited,null,null,null,null,null,null,null,null,null,null,null,null,null,null,10,2026-08-03 09:34:09.1+00,5dda0b14-713b-46d0-a6ce-a7a33a2fb6f9
57478035-8e15-2e54-5cb6-2f22777ee909,00000000-0000-0000-0000-000000000001,a511b46a-10b8-465e-bb0a-278862caf056,d3c11a0d679626718b209a2d12a206c3,Female,null,null,null,null,2025-05-05 04:45:36+00,exited,null,null,null,null,null,null,null,null,null,null,null,null,null,null,5,2026-08-03 09:34:09.084+00,5dda0b14-713b-46d0-a6ce-a7a33a2fb6f9
578a3282-8944-775f-9316-972781e18e43,00000000-0000-0000-0000-000000000001,a511b46a-10b8-465e-bb0a-278862caf056,2afb47ee7be5adb9255d53a56e28d481,Male,null,null,null,null,2025-05-05 04:45:36+00,exited,null,null,null,null,null,null,null,null,null,null,null,null,null,null,10,2026-08-03 09:34:09.065+00,5dda0b14-713b-46d0-a6ce-a7a33a2fb6f9
57dbc7f1-ef9c-8f08-5ca3-148c520d5a2b,00000000-0000-0000-0000-000000000001,a511b46a-10b8-465e-bb0a-278862caf056,df83cf5370b36f191aa9668520559ee1,Female,null,null,null,null,2025-05-05 04:45:36+00,exited,null,null,null,null,null,null,null,null,null,null,null,null,null,null,3,2026-08-03 09:34:09.052+00,5dda0b14-713b-46d0-a6ce-a7a33a2fb6f9
582e981e-2ece-6283-2b74-7bf27c6e9d13,00000000-0000-0000-0000-000000000001,a511b46a-10b8-465e-bb0a-278862caf056,8dc452984a5abef2d81542e4761bf0e6,Female,null,null,null,null,2025-05-05 04:45:36+00,exited,null,null,null,null,null,null,null,null,null,null,null,null,null,null,10,2026-08-03 09:34:09.1+00,5dda0b14-713b-46d0-a6ce-a7a33a2fb6f9
58534973-11fb-988d-493a-ce4b1589f86d,00000000-0000-0000-0000-000000000001,a511b46a-10b8-465e-bb0a-278862caf056,203863e7fd2b4643b4f9198055aca567,Female,null,LatentView Analytics,Data Analyst,null,2025-05-05 04:45:36+00,new,null,null,null,null,null,null,null,null,null,null,null,null,null,null,10,2026-08-03 09:34:09.1+00,null
58701d28-2940-a07b-7518-1e1c33b29b55,00000000-0000-0000-0000-000000000001,a511b46a-10b8-465e-bb0a-278862caf056,35bae7c81d2b66f92ed0502d170def80,Male,null,null,null,null,2025-05-05 04:45:36+00,exited,null,null,null,null,null,null,null,null,null,null,null,null,null,null,10,2026-08-03 09:34:09.084+00,5dda0b14-713b-46d0-a6ce-a7a33a2fb6f9
58a89a25-3c1a-7e78-6028-c325cc166631,00000000-0000-0000-0000-000000000001,a511b46a-10b8-465e-bb0a-278862caf056,728996dc40ba0e1f5c0af1037b0e2502,Female,null,null,null,null,2025-05-05 04:45:36+00,exited,null,null,null,null,null,null,null,null,null,null,null,null,null,null,10,2026-08-03 09:34:09.103+00,5dda0b14-713b-46d0-a6ce-a7a33a2fb6f9
5925134f-40a7-6834-930a-b8d6906bd2a4,00000000-0000-0000-0000-000000000001,a511b46a-10b8-465e-bb0a-278862caf056,5be0df73790fcfcf3b602a820684a392,Female,null,NIFT bengaluru,Masters in Design,null,2025-05-05 04:45:36+00,exited,null,null,null,null,null,null,null,null,null,null,null,null,null,null,6,2026-08-03 09:34:09.085+00,5dda0b14-713b-46d0-a6ce-a7a33a2fb6f9
5a1e4739-df51-1e97-95c7-31602fc06832,00000000-0000-0000-0000-000000000001,a511b46a-10b8-465e-bb0a-278862caf056,94b3a0b774215ed3a55cc1bf039f047b,Male,null,IIT Madras Incubation Cell,MBA,null,2025-05-05 04:45:36+00,exited,null,null,null,null,null,null,null,null,null,null,null,null,null,null,6,2026-08-03 09:34:10.079+00,5dda0b14-713b-46d0-a6ce-a7a33a2fb6f9
5a2fde5b-0c01-0558-afeb-6fa352e3bdfd,00000000-0000-0000-0000-000000000001,a511b46a-10b8-465e-bb0a-278862caf056,45698425c997ddb92726d0e61454a774,Male,null,Nihon Technologies,null,null,2025-05-05 04:45:36+00,exited,null,null,null,null,null,null,null,null,null,null,null,null,null,null,10,2026-08-03 09:34:10.055+00,5dda0b14-713b-46d0-a6ce-a7a33a2fb6f9
5a4bd906-07d0-3c04-680d-6ee01f174660,00000000-0000-0000-0000-000000000001,a511b46a-10b8-465e-bb0a-278862caf056,e51092dc51ec4e8732438c4e910a6b9a,Female,null,Bank of America,Sr tech associate,null,2025-05-05 04:45:36+00,exited,null,null,null,null,null,null,null,null,null,null,null,null,null,null,4,2026-08-03 09:34:10.055+00,5dda0b14-713b-46d0-a6ce-a7a33a2fb6f9
5a97c1a1-f33d-ce97-6ee2-069836e0f76b,00000000-0000-0000-0000-000000000001,a511b46a-10b8-465e-bb0a-278862caf056,35275d444aa816e8fa50fb9522cb0f38,Male,null,Protiviti India,Consultant,null,2025-05-05 04:45:36+00,exited,null,null,null,null,null,null,null,null,null,null,null,null,null,null,4,2026-08-03 09:34:10.098+00,5dda0b14-713b-46d0-a6ce-a7a33a2fb6f9
5b45a840-9d6c-242e-0e2f-2e2c972c2eec,00000000-0000-0000-0000-000000000001,e3f23268-9be8-493c-a8bf-fff53e4172df,70adc86bc62aaae4fb19cc939e1b6903,Female,null,null,null,null,2025-05-05 04:45:36+00,staying,null,null,null,null,null,null,null,null,null,null,null,null,null,null,3,2026-08-03 09:34:10.094+00,5dda0b14-713b-46d0-a6ce-a7a33a2fb6f9
5b877322-cb93-1fa5-582e-70e68e8da09d,00000000-0000-0000-0000-000000000001,a511b46a-10b8-465e-bb0a-278862caf056,e5ea4338c74765e8cf084683f78f6a5e,Female,null,NIFT Chennai,Bachelor of Fashion Design,null,2025-05-05 04:45:36+00,exited,null,null,null,null,null,null,null,null,null,null,null,null,null,null,10,2026-08-03 09:34:10.065+00,5dda0b14-713b-46d0-a6ce-a7a33a2fb6f9
5bc22736-48ba-1e67-b893-45609960e8b1,00000000-0000-0000-0000-000000000001,a511b46a-10b8-465e-bb0a-278862caf056,2773d66014088fe58b56ad650b1e5e36,Male,null,KLA Corporation,Associate Engineer,null,2025-05-05 04:45:36+00,exited,null,null,null,null,null,null,null,null,null,null,null,null,null,null,6,2026-08-03 09:34:10.094+00,5dda0b14-713b-46d0-a6ce-a7a33a2fb6f9
5bd8ae9b-1819-e5c4-2504-df469edfcc55,00000000-0000-0000-0000-000000000001,a511b46a-10b8-465e-bb0a-278862caf056,4e227a0a73199e9932fcb07798bd0f7a,null,null,null,null,null,2025-05-05 04:45:36+00,exited,null,null,null,null,null,null,null,null,null,null,null,null,null,null,10,2026-08-03 09:34:10.143+00,5dda0b14-713b-46d0-a6ce-a7a33a2fb6f9
5bfdb36e-3dfe-cc51-2b37-5094673895ff,00000000-0000-0000-0000-000000000001,a511b46a-10b8-465e-bb0a-278862caf056,1b561f5799b71b16a1ceeaf0721e1bee,Female,null,null,null,null,2025-05-05 04:45:36+00,exited,null,null,null,null,null,null,null,null,null,null,null,null,null,null,10,2026-08-03 09:34:10.066+00,5dda0b14-713b-46d0-a6ce-a7a33a2fb6f9
5c32363d-d034-c281-93e7-1ad6ad9e3d3f,00000000-0000-0000-0000-000000000001,a511b46a-10b8-465e-bb0a-278862caf056,7c93a23d84d6ae3bea8d2e500d5146d3,Male,null,null,null,null,2025-05-05 04:45:36+00,exited,null,null,null,null,null,null,null,null,null,null,null,null,null,null,10,2026-08-03 09:34:10.111+00,5dda0b14-713b-46d0-a6ce-a7a33a2fb6f9
5c38e8a5-cdd5-1ec2-5992-454c67a07b44,00000000-0000-0000-0000-000000000001,a511b46a-10b8-465e-bb0a-278862caf056,e3271e058d7755ee748baa71dec82bcc,Female,null,National institute of fashion and technology NIFT,Bachelor of design,null,2025-05-05 04:45:36+00,exited,null,null,null,null,null,null,null,null,null,null,null,null,null,null,10,2026-08-03 09:34:10.058+00,5dda0b14-713b-46d0-a6ce-a7a33a2fb6f9
5c4da9ce-c28f-4f36-100a-cdb91a5dbacf,00000000-0000-0000-0000-000000000001,a511b46a-10b8-465e-bb0a-278862caf056,6bad71eb2876c4075ed31c6355d7395d,Male,null,null,null,null,2025-05-05 04:45:36+00,exited,null,null,null,null,null,null,null,null,null,null,null,null,null,null,10,2026-08-03 09:34:10.079+00,5dda0b14-713b-46d0-a6ce-a7a33a2fb6f9
5c9e69c7-6528-6de9-79f4-aa4452386c89,00000000-0000-0000-0000-000000000001,a511b46a-10b8-465e-bb0a-278862caf056,3307fd5519573c5aa6bd08eb46c62c6d,Male,null,null,null,null,2025-05-05 04:45:36+00,exited,null,null,null,null,null,null,null,null,null,null,null,null,null,null,10,2026-08-03 09:34:10.221+00,5dda0b14-713b-46d0-a6ce-a7a33a2fb6f9
5d0395ee-8c95-ce87-f869-9d9b81271a8f,00000000-0000-0000-0000-000000000001,a511b46a-10b8-465e-bb0a-278862caf056,3d9ed8d72e9484a0fc570163da9e87e9,Female,null,null,null,null,2025-05-05 04:45:36+00,exited,null,null,null,null,null,null,null,null,null,null,null,null,null,null,10,2026-08-03 09:34:10.18+00,5dda0b14-713b-46d0-a6ce-a7a33a2fb6f9
5d08244b-3f0c-f87f-c74e-bb751caa431d,00000000-0000-0000-0000-000000000001,a511b46a-10b8-465e-bb0a-278862caf056,82d69d9a24bd311304cf3e372db2e5a6,Male,null,null,null,null,2025-05-05 04:45:36+00,exited,null,null,null,null,null,null,null,null,null,null,null,null,null,null,10,2026-08-03 09:34:10.101+00,5dda0b14-713b-46d0-a6ce-a7a33a2fb6f9
5d4122d1-48a3-607c-cb72-e1956caece73,00000000-0000-0000-0000-000000000001,0721676b-490c-4e66-8dd6-8ccdfa664a6e,8c90d3da673815575c8aca613d2d1171,Male,null,Amazon,AI Data Trainer,null,2025-05-05 04:45:36+00,exited,null,null,null,null,null,null,null,null,null,null,null,null,null,null,3,2026-08-03 09:34:10.197+00,5dda0b14-713b-46d0-a6ce-a7a33a2fb6f9
5d9f160c-84c3-60ba-d15a-813e4dcf1aa7,00000000-0000-0000-0000-000000000001,a511b46a-10b8-465e-bb0a-278862caf056,15bf71c84886a706e3f67fcb629d0914,Male,null,null,null,null,2025-05-05 04:45:36+00,exited,null,null,null,null,null,null,null,null,null,null,null,null,null,null,10,2026-08-03 09:34:10.206+00,5dda0b14-713b-46d0-a6ce-a7a33a2fb6f9
5da1807e-9e71-dbce-ed22-53d6d2795850,00000000-0000-0000-0000-000000000001,a511b46a-10b8-465e-bb0a-278862caf056,644f8097c44e76bbce76ad6030cf2f6f,Male,null,null,null,null,2025-05-05 04:45:36+00,exited,null,null,null,null,null,null,null,null,null,null,null,null,null,null,6,2026-08-03 09:34:10.152+00,5dda0b14-713b-46d0-a6ce-a7a33a2fb6f9
5e1193c6-eaf0-1424-7382-545bcbaa8d05,00000000-0000-0000-0000-000000000001,a511b46a-10b8-465e-bb0a-278862caf056,3c1606fb5b270ccf9b614c0020be098d,Female,null,Adyar Cancer Institute,Ms,null,2025-05-05 04:45:36+00,exited,null,null,null,null,null,null,null,null,null,null,null,null,null,null,10,2026-08-03 09:34:10.145+00,5dda0b14-713b-46d0-a6ce-a7a33a2fb6f9
5e6230b3-1a1f-21f4-c312-2a406e5e2503,00000000-0000-0000-0000-000000000001,a511b46a-10b8-465e-bb0a-278862caf056,fc49e4feb2899d3d44dc5b37c964ab2f,Female,null,null,null,null,2025-05-05 04:45:36+00,exited,null,null,null,null,null,null,null,null,null,null,null,null,null,null,10,2026-08-03 09:34:10.166+00,5dda0b14-713b-46d0-a6ce-a7a33a2fb6f9
5e624b98-43a9-5e90-2d40-930d66aa9fe0,00000000-0000-0000-0000-000000000001,a511b46a-10b8-465e-bb0a-278862caf056,af53dda57295031bf89b8ae346421651,Female,null,Lennox,Engineer,null,2025-05-05 04:45:36+00,exited,null,null,null,null,null,null,null,null,null,null,null,null,null,null,10,2026-08-03 09:34:10.205+00,5dda0b14-713b-46d0-a6ce-a7a33a2fb6f9
5e6b35c4-2b97-ea86-e422-f03c332f74be,00000000-0000-0000-0000-000000000001,a511b46a-10b8-465e-bb0a-278862caf056,48e5d58f28591aff1cd4d863e474415c,Male,null,Samunnati Agri Innovations Lab Pvt. Limited,Manager,null,2025-05-05 04:45:36+00,exited,null,null,null,null,null,null,null,null,null,null,null,null,null,null,5,2026-08-03 09:34:10.126+00,5dda0b14-713b-46d0-a6ce-a7a33a2fb6f9
5e901269-d116-cf62-7661-df859f5b02dc,00000000-0000-0000-0000-000000000001,a511b46a-10b8-465e-bb0a-278862caf056,ad6cb91b24f133e161b4363bb1e8567a,Male,null,CAMS (Computer Age Management System),Software Devoloper Trainee,null,2025-05-05 04:45:36+00,staying,null,null,null,null,null,null,null,null,null,null,null,null,null,null,6,2026-08-03 09:34:10.146+00,5dda0b14-713b-46d0-a6ce-a7a33a2fb6f9
5f03c82f-1f66-e8cc-ef8c-7a8967e80f61,00000000-0000-0000-0000-000000000001,a511b46a-10b8-465e-bb0a-278862caf056,451c3269a3feb8413a2107d0d9dd4b4f,Female,null,NIFT,Student,null,2025-05-05 04:45:36+00,exited,null,null,null,null,null,null,null,null,null,null,null,null,null,null,10,2026-08-03 09:34:10.081+00,5dda0b14-713b-46d0-a6ce-a7a33a2fb6f9
5f0f16ed-dd5a-936c-5dbc-f76aa297afd4,00000000-0000-0000-0000-000000000001,a511b46a-10b8-465e-bb0a-278862caf056,c4b407076ed2caf88454b15e00e4ad21,Male,null,ArchitectureRed,B.Arch,null,2025-05-05 04:45:36+00,exited,null,null,null,null,null,null,null,null,null,null,null,null,null,null,5,2026-08-03 09:34:10.11+00,5dda0b14-713b-46d0-a6ce-a7a33a2fb6f9
5fa2b264-379d-b6b2-9929-86237eb38f30,00000000-0000-0000-0000-000000000001,a511b46a-10b8-465e-bb0a-278862caf056,db8b2e5c7e7c3e1a1c3894d30bcc32d5,Male,null,"Dexian ","Lead ",null,2025-05-05 04:45:36+00,exited,null,null,null,null,null,null,null,null,null,null,null,null,null,null,5,2026-08-03 09:34:10.191+00,5dda0b14-713b-46d0-a6ce-a7a33a2fb6f9
5fb00f2d-8a0d-5260-0006-da9487a8268d,00000000-0000-0000-0000-000000000001,a511b46a-10b8-465e-bb0a-278862caf056,2be88c96200bc5f598ddfa8f4683627d,Male,null,Nibav lifts,Sales,null,2025-05-05 04:45:36+00,exited,null,null,null,null,null,null,null,null,null,null,null,null,null,null,5,2026-08-03 09:34:10.152+00,5dda0b14-713b-46d0-a6ce-a7a33a2fb6f9
5fb7dc72-3de7-40b1-17a4-11bb23d89ffb,00000000-0000-0000-0000-000000000001,a511b46a-10b8-465e-bb0a-278862caf056,5f3d5c3dd75ef7fdcc6f189430f1267e,Male,null,Walmart Global Technology,Software Engineer 2,null,2025-05-05 04:45:36+00,exited,null,null,null,null,null,null,null,null,null,null,null,null,null,null,10,2026-08-03 09:34:10.165+00,5dda0b14-713b-46d0-a6ce-a7a33a2fb6f9
5fb8ae73-6c70-7eed-321e-dbbea89fc465,00000000-0000-0000-0000-000000000001,a511b46a-10b8-465e-bb0a-278862caf056,042cfa5d070cfbf4435f4764e8263065,Male,null,null,null,null,2025-05-05 04:45:36+00,exited,null,null,null,null,null,null,null,null,null,null,null,null,null,null,10,2026-08-03 09:34:10.134+00,5dda0b14-713b-46d0-a6ce-a7a33a2fb6f9
5fb9159c-1228-3f59-ad1f-1177f3a9c9bd,00000000-0000-0000-0000-000000000001,a511b46a-10b8-465e-bb0a-278862caf056,cce5bdfff33bfad3f68eb510e9acd02e,Female,null,null,null,null,2025-05-05 04:45:36+00,exited,null,null,null,null,null,null,null,null,null,null,null,null,null,null,10,2026-08-03 09:34:10.18+00,5dda0b14-713b-46d0-a6ce-a7a33a2fb6f9
5fee0a79-3970-704a-2332-f7c7598e86c1,00000000-0000-0000-0000-000000000001,9db2bcc8-755c-461a-a0ab-cf5f23b327a2,2678407ddab2e9ce6ddac8a7f3238c22,Female,null,null,null,null,2025-05-05 04:45:36+00,staying,null,null,null,null,null,null,null,null,null,null,null,null,null,null,3,2026-08-03 09:34:10.114+00,5dda0b14-713b-46d0-a6ce-a7a33a2fb6f9
600cc763-14c9-1654-f163-e1a930d5f63d,00000000-0000-0000-0000-000000000001,a511b46a-10b8-465e-bb0a-278862caf056,b4a630b2c7ad0f2e52a8e9e778ada215,Male,null,null,null,null,2025-05-05 04:45:36+00,exited,null,null,null,null,null,null,null,null,null,null,null,null,null,null,10,2026-08-03 09:34:10.202+00,5dda0b14-713b-46d0-a6ce-a7a33a2fb6f9
600de127-fe21-0be1-965b-3a54132e56da,00000000-0000-0000-0000-000000000001,a511b46a-10b8-465e-bb0a-278862caf056,389a5146e8993b49b3a95776e605cd77,Female,null,Navis Software India Pvt. Ltd.,Associate Software Engineer,null,2025-05-05 04:45:36+00,exited,null,null,null,null,null,null,null,null,null,null,null,null,null,null,10,2026-08-03 09:34:10.132+00,5dda0b14-713b-46d0-a6ce-a7a33a2fb6f9
60164d2f-4db0-ba40-db9a-7f0847f7c40e,00000000-0000-0000-0000-000000000001,a511b46a-10b8-465e-bb0a-278862caf056,dcaf492ce68e1cf33c3d3a3c45db5475,Male,null,null,null,null,2025-05-05 04:45:36+00,exited,null,null,null,null,null,null,null,null,null,null,null,null,null,null,10,2026-08-03 09:34:10.202+00,5dda0b14-713b-46d0-a6ce-a7a33a2fb6f9
60c74b02-d502-8692-0141-b1a796486a11,00000000-0000-0000-0000-000000000001,a511b46a-10b8-465e-bb0a-278862caf056,4c4488893cf77b6a8f473f3ff284e67d,Female,null,Philips,Internship,null,2025-05-05 04:45:36+00,exited,null,null,null,null,null,null,null,null,null,null,null,null,null,null,6,2026-08-03 09:34:10.152+00,5dda0b14-713b-46d0-a6ce-a7a33a2fb6f9
60e2ef98-caa3-4a28-8c13-d9e6aa839b51,00000000-0000-0000-0000-000000000001,a511b46a-10b8-465e-bb0a-278862caf056,b56101526d50baf57039135075fe3839,Male,null,null,null,null,2025-05-05 04:45:36+00,exited,null,null,null,null,null,null,null,null,null,null,null,null,null,null,10,2026-08-03 09:34:10.166+00,5dda0b14-713b-46d0-a6ce-a7a33a2fb6f9
61031b0a-ef18-26aa-64b7-d412d7b3d276,00000000-0000-0000-0000-000000000001,8918524a-2d03-4508-bac9-e6a3de2c0008,8e5b97eb0905feca7c6e8c6397a1b8b6,Male,null,null,null,null,2025-05-05 04:45:36+00,staying,null,null,null,null,null,null,null,null,null,null,null,null,null,null,4,2026-08-03 09:34:10.202+00,5dda0b14-713b-46d0-a6ce-a7a33a2fb6f9
6162731a-4a9c-e887-e586-1ea574985777,00000000-0000-0000-0000-000000000001,57929b77-f905-4f2b-b413-78a0a3a17541,5bf2fe0d025e8bb44036b5b28bd38c82,Female,null,Agilisium Consulting,Data Steward,null,2025-05-05 04:45:36+00,exited,null,null,null,null,null,null,null,null,null,null,null,null,null,null,3,2026-08-03 09:34:10.159+00,5dda0b14-713b-46d0-a6ce-a7a33a2fb6f9
616c273c-a62e-9167-fb58-9d009c849684,00000000-0000-0000-0000-000000000001,a511b46a-10b8-465e-bb0a-278862caf056,c274497bc8cea2e2bd08f7f3b15ef1cb,Male,null,Amazon,Program Manager,null,2025-05-05 04:45:36+00,exited,null,null,null,null,null,null,null,null,null,null,null,null,null,null,10,2026-08-03 09:34:10.123+00,5dda0b14-713b-46d0-a6ce-a7a33a2fb6f9
617983c2-caec-9606-9cc4-d947ce911ac1,00000000-0000-0000-0000-000000000001,a511b46a-10b8-465e-bb0a-278862caf056,6a8a30512879a5e68b209fa6337bef4b,Male,null,Disys,Internship,null,2025-05-05 04:45:36+00,exited,null,null,null,null,null,null,null,null,null,null,null,null,null,null,10,2026-08-03 09:34:10.164+00,5dda0b14-713b-46d0-a6ce-a7a33a2fb6f9
618f174c-7c45-cb54-907b-cacc78483918,00000000-0000-0000-0000-000000000001,b47d2684-bf34-4fb7-afc6-210f88a51cd7,062f08441f3862200c9267d134bfe335,Female,null,Chargebee,"Engineer ",null,2025-05-05 04:45:36+00,staying,null,null,null,null,null,null,null,null,null,null,null,null,null,null,4,2026-08-03 09:34:10.205+00,5dda0b14-713b-46d0-a6ce-a7a33a2fb6f9
61ba9d65-c5d2-97cc-0779-42a276357982,00000000-0000-0000-0000-000000000001,a511b46a-10b8-465e-bb0a-278862caf056,f3761c9b0305a13cd0349a5cf43255d5,Male,null,Latentview Analytics,Asst. Manager,null,2025-05-05 04:45:36+00,exited,null,null,null,null,null,null,null,null,null,null,null,null,null,null,10,2026-08-03 09:34:10.203+00,5dda0b14-713b-46d0-a6ce-a7a33a2fb6f9
61f80535-9bc2-b9b1-e66d-7a60fc42ddde,00000000-0000-0000-0000-000000000001,a511b46a-10b8-465e-bb0a-278862caf056,1fd07a026adf40d333478a87f0c39e3a,Male,null,Zuper,Implementation Specialist,null,2025-05-05 04:45:36+00,exited,null,null,null,null,null,null,null,null,null,null,null,null,null,null,10,2026-08-03 09:34:10.182+00,5dda0b14-713b-46d0-a6ce-a7a33a2fb6f9
621b7e15-9913-e7d4-4a3c-cb695db99c3c,00000000-0000-0000-0000-000000000001,a511b46a-10b8-465e-bb0a-278862caf056,689b23c288c307a6bde06e942429646e,Female,null,Elite elevators,Regional manager CRM,null,2025-05-05 04:45:36+00,exited,null,null,null,null,null,null,null,null,null,null,null,null,null,null,10,2026-08-03 09:34:10.153+00,5dda0b14-713b-46d0-a6ce-a7a33a2fb6f9
623531a9-cbf0-3887-51de-f6a7ce52c112,00000000-0000-0000-0000-000000000001,a511b46a-10b8-465e-bb0a-278862caf056,0ed96ae21a503856c07b0a75153b2d1d,Male,null,null,null,null,2025-05-05 04:45:36+00,exited,null,null,null,null,null,null,null,null,null,null,null,null,null,null,6,2026-08-03 09:34:10.215+00,5dda0b14-713b-46d0-a6ce-a7a33a2fb6f9
629517f3-fdb4-36cf-3727-4dc3c7735927,00000000-0000-0000-0000-000000000001,a511b46a-10b8-465e-bb0a-278862caf056,232de3f75cbbbed573d17d6ac7f501b6,Female,null,National Institute of Fashion Technology Chennai,4th year B.Des,null,2025-05-05 04:45:36+00,exited,null,null,null,null,null,null,null,null,null,null,null,null,null,null,10,2026-08-03 09:34:11.162+00,5dda0b14-713b-46d0-a6ce-a7a33a2fb6f9
630c8120-bdbc-832c-24ca-aca9e6b49891,00000000-0000-0000-0000-000000000001,be7e39f6-cee6-4330-88da-c48b2ba0e299,d6f0b034d1a435ce1791cf499a5afc2b,Male,null,EY,Technological consultant,null,2025-05-05 04:45:36+00,staying,null,null,null,null,null,null,null,null,null,null,null,null,null,null,6,2026-08-03 09:34:11.169+00,5dda0b14-713b-46d0-a6ce-a7a33a2fb6f9
6339a6a8-e2b1-5f77-db99-1f7c2d1d1fd5,00000000-0000-0000-0000-000000000001,a511b46a-10b8-465e-bb0a-278862caf056,84e14e382c2007d949ecb29df31b2e6d,Female,null,Latent view Analytics,Analyst,null,2025-05-05 04:45:36+00,exited,null,null,null,null,null,null,null,null,null,null,null,null,null,null,10,2026-08-03 09:34:11.452+00,5dda0b14-713b-46d0-a6ce-a7a33a2fb6f9
634f0dff-e041-6d9d-2689-4d33b6903f4f,00000000-0000-0000-0000-000000000001,a511b46a-10b8-465e-bb0a-278862caf056,90c15d8efe2ac1c1f464accbafa15493,Male,null,null,null,null,2025-05-05 04:45:36+00,exited,null,null,null,null,null,null,null,null,null,null,null,null,null,null,10,2026-08-03 09:34:11.505+00,5dda0b14-713b-46d0-a6ce-a7a33a2fb6f9
6353c074-799c-5253-d673-577f581c8241,00000000-0000-0000-0000-000000000001,a511b46a-10b8-465e-bb0a-278862caf056,c134c7eda0c579c6970e0b3df8f34809,Female,null,null,null,null,2025-05-05 04:45:36+00,exited,null,null,null,null,null,null,null,null,null,null,null,null,null,null,6,2026-08-03 09:34:11.565+00,5dda0b14-713b-46d0-a6ce-a7a33a2fb6f9
642a7fee-578b-5e34-ab94-e413d63cab33,00000000-0000-0000-0000-000000000001,a511b46a-10b8-465e-bb0a-278862caf056,66095db887d3e41850d1cd9875bd9747,Male,null,Ags,Assistant manager,null,2025-05-05 04:45:36+00,exited,null,null,null,null,null,null,null,null,null,null,null,null,null,null,10,2026-08-03 09:34:11.452+00,5dda0b14-713b-46d0-a6ce-a7a33a2fb6f9
642c038a-ae12-3627-348b-0e41c9b22570,00000000-0000-0000-0000-000000000001,a511b46a-10b8-465e-bb0a-278862caf056,cf88025c9830f734edb308d0a70b09fd,Male,null,Casa Grand,Senior executive finance,null,2025-05-05 04:45:36+00,new,null,null,null,null,null,null,null,null,null,null,null,null,null,null,10,2026-08-03 09:34:11.48+00,null
64522a2f-e322-156d-83e4-4bf354875642,00000000-0000-0000-0000-000000000001,a511b46a-10b8-465e-bb0a-278862caf056,753718030dc49af418b4cb11b5955816,Female,null,Latentview Analytics,Data engineer,null,2025-05-05 04:45:36+00,exited,null,null,null,null,null,null,null,null,null,null,null,null,null,null,10,2026-08-03 09:34:11.196+00,5dda0b14-713b-46d0-a6ce-a7a33a2fb6f9
6495c64a-347e-a2fb-4303-2b182f9760f4,00000000-0000-0000-0000-000000000001,a511b46a-10b8-465e-bb0a-278862caf056,40daf25c593f8aa9a3b9595f1342ee29,Male,null,null,null,null,2025-05-05 04:45:36+00,exited,null,null,null,null,null,null,null,null,null,null,null,null,null,null,10,2026-08-03 09:34:11.479+00,5dda0b14-713b-46d0-a6ce-a7a33a2fb6f9
653f901f-7a5a-371a-28f4-83f99b031d66,00000000-0000-0000-0000-000000000001,a511b46a-10b8-465e-bb0a-278862caf056,9c977a61e8eb1649035d92bc63f75bba,Male,null,Signalzero technology,Backend developer,null,2025-05-05 04:45:36+00,exited,null,null,null,null,null,null,null,null,null,null,null,null,null,null,10,2026-08-03 09:34:11.419+00,5dda0b14-713b-46d0-a6ce-a7a33a2fb6f9
6542b72b-196a-4538-a690-2db7cc212936,00000000-0000-0000-0000-000000000001,f5bf5249-227b-44db-a7c6-112b919f24b4,0084610aad78e4b887743d07b89a5944,Female,null,null,null,null,2025-05-05 04:45:36+00,exited,null,null,null,null,null,null,null,null,null,null,null,null,null,null,4,2026-08-03 09:34:11.419+00,5dda0b14-713b-46d0-a6ce-a7a33a2fb6f9
654e3ef6-911b-73eb-f126-8e10c6c771ab,00000000-0000-0000-0000-000000000001,a511b46a-10b8-465e-bb0a-278862caf056,56ea776b3086a3941eba6596e67f1881,Male,null,null,null,null,2025-05-05 04:45:36+00,exited,null,null,null,null,null,null,null,null,null,null,null,null,null,null,10,2026-08-03 09:34:11.585+00,5dda0b14-713b-46d0-a6ce-a7a33a2fb6f9
658ecc07-55bf-045e-6651-ef83f51cb80c,00000000-0000-0000-0000-000000000001,a511b46a-10b8-465e-bb0a-278862caf056,b789eff4cb730ed713d6148512488c22,Female,null,null,null,null,2025-05-05 04:45:36+00,exited,null,null,null,null,null,null,null,null,null,null,null,null,null,null,6,2026-08-03 09:34:11.585+00,5dda0b14-713b-46d0-a6ce-a7a33a2fb6f9
6620bab2-bd33-9de4-e7b0-0973b34aa64d,00000000-0000-0000-0000-000000000001,a511b46a-10b8-465e-bb0a-278862caf056,d2f2f97ce117c63b0a75e4ae37f39c1b,Male,null,null,null,null,2025-05-05 04:45:36+00,exited,null,null,null,null,null,null,null,null,null,null,null,null,null,null,10,2026-08-03 09:34:11.581+00,5dda0b14-713b-46d0-a6ce-a7a33a2fb6f9
66fbcb59-3d06-d8cc-b1d5-53f38a599207,00000000-0000-0000-0000-000000000001,e7e018ad-3065-47f0-a9a3-3be784a429bf,4b8dad8b901c82db4508524c29b5252c,Female,null,Latent View,Data Analyst,null,2025-05-05 04:45:36+00,staying,null,null,null,null,null,null,null,null,null,null,null,null,null,null,3,2026-08-03 09:34:11.58+00,5dda0b14-713b-46d0-a6ce-a7a33a2fb6f9
673ef088-ec13-a3c8-7c75-bef0b5878d03,00000000-0000-0000-0000-000000000001,a511b46a-10b8-465e-bb0a-278862caf056,25f8d058db45951040010b431f4c9a25,Male,null,Tvs electronics,Data scientist,null,2025-05-05 04:45:36+00,new,null,null,null,null,null,null,null,null,null,null,null,null,null,null,10,2026-08-03 09:34:11.394+00,null
675d671b-b922-0d97-9c09-357c7a434808,00000000-0000-0000-0000-000000000001,a511b46a-10b8-465e-bb0a-278862caf056,57f19dce291d42f644cdef1052c7e5e0,Female,null,null,null,null,2025-05-05 04:45:36+00,exited,null,null,null,null,null,null,null,null,null,null,null,null,null,null,6,2026-08-03 09:34:11.585+00,5dda0b14-713b-46d0-a6ce-a7a33a2fb6f9
67807154-ef25-1968-49fd-cfe0fbdff7d4,00000000-0000-0000-0000-000000000001,a511b46a-10b8-465e-bb0a-278862caf056,2b6256318b9a7e5e5a7ab1034fd3fad5,Female,null,null,null,null,2025-05-05 04:45:36+00,exited,null,null,null,null,null,null,null,null,null,null,null,null,null,null,6,2026-08-03 09:34:11.548+00,5dda0b14-713b-46d0-a6ce-a7a33a2fb6f9
688246fa-51e4-45c3-175a-819fff63e96e,00000000-0000-0000-0000-000000000001,a511b46a-10b8-465e-bb0a-278862caf056,695458038d59cc491faa93cb866b9abd,Female,null,National institute of fashion technology,Bachelor of design,null,2025-05-05 04:45:36+00,exited,null,null,null,null,null,null,null,null,null,null,null,null,null,null,10,2026-08-03 09:34:11.63+00,5dda0b14-713b-46d0-a6ce-a7a33a2fb6f9
688c1e87-509f-593b-edca-995f95bab660,00000000-0000-0000-0000-000000000001,a511b46a-10b8-465e-bb0a-278862caf056,53b9202354d7de53abe48a289f39a9e9,Male,null,Philips,Business Analyst,null,2025-05-05 04:45:36+00,exited,null,null,null,null,null,null,null,null,null,null,null,null,null,null,10,2026-08-03 09:34:11.388+00,5dda0b14-713b-46d0-a6ce-a7a33a2fb6f9
68aeb1a8-2bb6-3461-d034-3efe0958aa60,00000000-0000-0000-0000-000000000001,a511b46a-10b8-465e-bb0a-278862caf056,221536d6e04d1e2f3dad5dc1e1cb2a26,Female,null,null,null,null,2025-05-05 04:45:36+00,exited,null,null,null,null,null,null,null,null,null,null,null,null,null,null,10,2026-08-03 09:34:11.57+00,5dda0b14-713b-46d0-a6ce-a7a33a2fb6f9
68d17cd9-4e55-2d10-2530-bfdb74057211,00000000-0000-0000-0000-000000000001,a511b46a-10b8-465e-bb0a-278862caf056,ce9e6b50c5ec1ddbc25de46c96442990,Female,null,null,null,null,2025-05-05 04:45:36+00,exited,null,null,null,null,null,null,null,null,null,null,null,null,null,null,10,2026-08-03 09:34:11.597+00,5dda0b14-713b-46d0-a6ce-a7a33a2fb6f9
6912f940-b40f-063a-99cc-154903028dfc,00000000-0000-0000-0000-000000000001,a511b46a-10b8-465e-bb0a-278862caf056,66aff6f8ca5e91a855a7d27af4e80df5,Female,null,null,null,null,2025-05-05 04:45:36+00,exited,null,null,null,null,null,null,null,null,null,null,null,null,null,null,10,2026-08-03 09:34:11.596+00,5dda0b14-713b-46d0-a6ce-a7a33a2fb6f9
69325d62-cbe6-f52d-842e-5299da24fbfc,00000000-0000-0000-0000-000000000001,a511b46a-10b8-465e-bb0a-278862caf056,7f7bae523f500f95cbcad68a9e6cbbed,Male,null,Sulekha,Associate Product Manager,null,2025-05-05 04:45:36+00,exited,null,null,null,null,null,null,null,null,null,null,null,null,null,null,10,2026-08-03 09:34:11.2+00,5dda0b14-713b-46d0-a6ce-a7a33a2fb6f9
696706c5-8895-a590-2abd-382e2668c391,00000000-0000-0000-0000-000000000001,a511b46a-10b8-465e-bb0a-278862caf056,529e5499aa053c19801d87aa6e84cc34,Female,null,Chennai,Associate IT operation analyst,null,2025-05-05 04:45:36+00,exited,null,null,null,null,null,null,null,null,null,null,null,null,null,null,10,2026-08-03 09:34:11.676+00,5dda0b14-713b-46d0-a6ce-a7a33a2fb6f9
698dc415-124e-9e2e-fe4b-5ecc04d61878,00000000-0000-0000-0000-000000000001,a511b46a-10b8-465e-bb0a-278862caf056,c26ffe827d8328e9b64b9f0ccbdea00d,Male,null,Densol,Safety officer,null,2025-05-05 04:45:36+00,exited,null,null,null,null,null,null,null,null,null,null,null,null,null,null,10,2026-08-03 09:34:11.419+00,5dda0b14-713b-46d0-a6ce-a7a33a2fb6f9
69cdac2d-5b6b-b150-9404-e304648e9cd9,00000000-0000-0000-0000-000000000001,a511b46a-10b8-465e-bb0a-278862caf056,68b4cb598144a25f4a97274449fcebc0,Male,null,null,null,null,2025-05-05 04:45:36+00,exited,null,null,null,null,null,null,null,null,null,null,null,null,null,null,10,2026-08-03 09:34:11.235+00,5dda0b14-713b-46d0-a6ce-a7a33a2fb6f9
69e2b5bf-d6ac-e96b-9557-8057f1373d98,00000000-0000-0000-0000-000000000001,a511b46a-10b8-465e-bb0a-278862caf056,7e7aa94497cdf0522d9149a2954b3cb4,Male,null,Latent View,Assistant Manager,null,2025-05-05 04:45:36+00,exited,null,null,null,null,null,null,null,null,null,null,null,null,null,null,10,2026-08-03 09:34:11.332+00,5dda0b14-713b-46d0-a6ce-a7a33a2fb6f9
6a27dbe8-a3ad-eec1-88f7-72d628418e27,00000000-0000-0000-0000-000000000001,a511b46a-10b8-465e-bb0a-278862caf056,4ebd157c1dfb4078fa1386ce0df9ac5c,Male,null,null,null,null,2025-05-05 04:45:36+00,exited,null,null,null,null,null,null,null,null,null,null,null,null,null,null,10,2026-08-03 09:34:11.289+00,5dda0b14-713b-46d0-a6ce-a7a33a2fb6f9
6a3afc7e-809a-8d2b-d9d4-ba5239f2ca99,00000000-0000-0000-0000-000000000001,a511b46a-10b8-465e-bb0a-278862caf056,7ddd0f09d18b0050d6acbfd424373c9b,Female,null,null,null,null,2025-05-05 04:45:36+00,exited,null,null,null,null,null,null,null,null,null,null,null,null,null,null,10,2026-08-03 09:34:11.332+00,5dda0b14-713b-46d0-a6ce-a7a33a2fb6f9
6ab14a0e-40b4-1e6b-a759-1f8531dd878a,00000000-0000-0000-0000-000000000001,a511b46a-10b8-465e-bb0a-278862caf056,563cefd64d269eaa0ea7cd15191e8f64,Female,null,null,null,null,2025-05-05 04:45:36+00,exited,null,null,null,null,null,null,null,null,null,null,null,null,null,null,10,2026-08-03 09:34:11.616+00,5dda0b14-713b-46d0-a6ce-a7a33a2fb6f9
6abbb3fc-6494-f5ab-5af6-299b3ddb57ae,00000000-0000-0000-0000-000000000001,a511b46a-10b8-465e-bb0a-278862caf056,1da385a5b547109d0eab5167c693395f,Female,null,null,Student,null,2025-05-05 04:45:36+00,exited,null,null,null,null,null,null,null,null,null,null,null,null,null,null,10,2026-08-03 09:34:11.417+00,5dda0b14-713b-46d0-a6ce-a7a33a2fb6f9
6b09d039-cf8e-551f-8822-491aa1acd5b5,00000000-0000-0000-0000-000000000001,a511b46a-10b8-465e-bb0a-278862caf056,92035e8f2ef67fea1e39f5be879fceab,Male,null,null,null,null,2025-05-05 04:45:36+00,exited,null,null,null,null,null,null,null,null,null,null,null,null,null,null,10,2026-08-03 09:34:11.581+00,5dda0b14-713b-46d0-a6ce-a7a33a2fb6f9
6b1b4605-9669-4c3b-6f7b-6a969ed41f8c,00000000-0000-0000-0000-000000000001,a511b46a-10b8-465e-bb0a-278862caf056,f32846e6080a91b190ca1ff4b62735bd,Female,null,null,null,null,2025-05-05 04:45:36+00,exited,null,null,null,null,null,null,null,null,null,null,null,null,null,null,10,2026-08-03 09:34:11.604+00,5dda0b14-713b-46d0-a6ce-a7a33a2fb6f9
6b375f30-5007-c0d9-cc9c-0e1b9351b491,00000000-0000-0000-0000-000000000001,a511b46a-10b8-465e-bb0a-278862caf056,28a1141e73701916e597697d8e7f456e,Male,null,null,null,null,2025-05-05 04:45:36+00,exited,null,null,null,null,null,null,null,null,null,null,null,null,null,null,10,2026-08-03 09:34:11.569+00,5dda0b14-713b-46d0-a6ce-a7a33a2fb6f9
6bda2d75-ab17-0e53-b94f-c663a3609b6d,00000000-0000-0000-0000-000000000001,a511b46a-10b8-465e-bb0a-278862caf056,e931f17aa171d6a7036a6b9f10b9e456,Male,null,null,null,null,2025-05-05 04:45:36+00,exited,null,null,null,null,null,null,null,null,null,null,null,null,null,null,10,2026-08-03 09:34:11.223+00,5dda0b14-713b-46d0-a6ce-a7a33a2fb6f9
6bfa9537-aedc-d48a-88b2-f80111782c5d,00000000-0000-0000-0000-000000000001,a511b46a-10b8-465e-bb0a-278862caf056,4576cb3979784cbe520c5440e69be524,Female,null,NIFT CHENNAI,Student,null,2025-05-05 04:45:36+00,new,null,null,null,null,null,null,null,null,null,null,null,null,null,null,10,2026-08-03 09:34:11.615+00,null
6c0320d8-817b-ea7e-4d60-48afb8d17cba,00000000-0000-0000-0000-000000000001,a511b46a-10b8-465e-bb0a-278862caf056,3301ef81164d5ee56b999d09e06a7f99,Female,null,"Tiger Analytics ","Senior Analyst ",null,2025-05-05 04:45:36+00,exited,null,null,null,null,null,null,null,null,null,null,null,null,null,null,6,2026-08-03 09:34:11.332+00,5dda0b14-713b-46d0-a6ce-a7a33a2fb6f9
6c765a9e-b1ea-4503-e5b7-24daca7c2614,00000000-0000-0000-0000-000000000001,a511b46a-10b8-465e-bb0a-278862caf056,5ffbb77e299efd99802e8fc25d6b7573,Male,null,Self,Coach,null,2025-05-05 04:45:36+00,exited,null,null,null,null,null,null,null,null,null,null,null,null,null,null,5,2026-08-03 09:34:11.637+00,5dda0b14-713b-46d0-a6ce-a7a33a2fb6f9
6c78f9e6-b789-715c-ae07-5efb33135406,00000000-0000-0000-0000-000000000001,a511b46a-10b8-465e-bb0a-278862caf056,a9e983b47dbf5d2b3cb5799704ca40aa,Male,null,Optum,Intern,null,2025-05-05 04:45:36+00,exited,null,null,null,null,null,null,null,null,null,null,null,null,null,null,10,2026-08-03 09:34:11.419+00,5dda0b14-713b-46d0-a6ce-a7a33a2fb6f9
6c99dfb1-b264-def6-69ae-e4bfde80c152,00000000-0000-0000-0000-000000000001,a511b46a-10b8-465e-bb0a-278862caf056,090792166f7e388f4282bd4a27e64d34,Male,null,null,null,null,2025-05-05 04:45:36+00,exited,null,null,null,null,null,null,null,null,null,null,null,null,null,null,10,2026-08-03 09:34:11.394+00,5dda0b14-713b-46d0-a6ce-a7a33a2fb6f9
6ca6fa16-9fac-42b6-0359-fdf011761aeb,00000000-0000-0000-0000-000000000001,a511b46a-10b8-465e-bb0a-278862caf056,9b3bbe51bdf7a1c9491bc6ed03add748,Female,null,National institute of Fashion technology,Designer,null,2025-05-05 04:45:36+00,exited,null,null,null,null,null,null,null,null,null,null,null,null,null,null,10,2026-08-03 09:34:11.616+00,5dda0b14-713b-46d0-a6ce-a7a33a2fb6f9
6ce637bf-a5e4-da07-b2a7-e56253fe17bd,00000000-0000-0000-0000-000000000001,a511b46a-10b8-465e-bb0a-278862caf056,82287f50d7c08904bc151f4db71b0775,Male,null,null,null,true,2025-05-05 04:45:36+00,exited,null,null,null,null,null,null,null,null,null,null,null,null,null,null,8,2026-08-03 09:34:11.418+00,5dda0b14-713b-46d0-a6ce-a7a33a2fb6f9
6ce85c3e-5f40-4297-8c38-22ac7432420e,00000000-0000-0000-0000-000000000001,a511b46a-10b8-465e-bb0a-278862caf056,06d14bd5ebf9e7134a2697c6b11c71ff,Female,null,Latentview Analytics,L1 Analyst,null,2025-05-05 04:45:36+00,exited,null,null,null,null,null,null,null,null,null,null,null,null,null,null,4,2026-08-03 09:34:11.616+00,5dda0b14-713b-46d0-a6ce-a7a33a2fb6f9
6dd50e39-9843-4442-cc09-3b49fbe97fb9,00000000-0000-0000-0000-000000000001,da1186d0-1f27-4c9c-b490-40757baa3441,c50eff9622949e3043ffb15c59b92c96,Male,null,"Shield Healthcare ",Training Manager,null,2025-05-05 04:45:36+00,staying,null,null,null,null,null,null,null,null,null,null,null,null,null,null,3,2026-08-03 09:34:12.602+00,5dda0b14-713b-46d0-a6ce-a7a33a2fb6f9
6df42279-282f-e2ae-a821-304ef8c14cfe,00000000-0000-0000-0000-000000000001,a511b46a-10b8-465e-bb0a-278862caf056,9656f9e9b8014ffc50844b2dc515d2b8,Female,null,Nift chennai,Fashion design,null,2025-05-05 04:45:36+00,exited,null,null,null,null,null,null,null,null,null,null,null,null,null,null,6,2026-08-03 09:34:12.613+00,5dda0b14-713b-46d0-a6ce-a7a33a2fb6f9
6e68c959-3955-720c-2af7-0b2fa6f2cfe8,00000000-0000-0000-0000-000000000001,a511b46a-10b8-465e-bb0a-278862caf056,e61719b515654dbc8c08ab5fb59637c4,Male,null,null,null,null,2025-05-05 04:45:36+00,exited,null,null,null,null,null,null,null,null,null,null,null,null,null,null,10,2026-08-03 09:34:12.695+00,5dda0b14-713b-46d0-a6ce-a7a33a2fb6f9
6e70de8a-7b72-4a22-7398-844fbdb73884,00000000-0000-0000-0000-000000000001,a511b46a-10b8-465e-bb0a-278862caf056,acc48b71c2f0eac7ab0d88c8d7a4554b,Male,null,BNP Paribas India Solutions Pvt Ltd,IT Intern,null,2025-05-05 04:45:36+00,exited,null,null,null,null,null,null,null,null,null,null,null,null,null,null,6,2026-08-03 09:34:12.643+00,5dda0b14-713b-46d0-a6ce-a7a33a2fb6f9
6e78d4b6-a6fd-2857-0e43-fd3dd95ac5d5,00000000-0000-0000-0000-000000000001,a511b46a-10b8-465e-bb0a-278862caf056,76fd4529ff758fbbcf6bc7c262985372,Male,null,EagleBurgmann,Associate Consultant,null,2025-05-05 04:45:36+00,exited,null,null,null,null,null,null,null,null,null,null,null,null,null,null,6,2026-08-03 09:34:12.708+00,5dda0b14-713b-46d0-a6ce-a7a33a2fb6f9
6e7c9f12-4ee2-b59f-9d83-86cac2cc52ae,00000000-0000-0000-0000-000000000001,a511b46a-10b8-465e-bb0a-278862caf056,854a4f0f7eff8714fc124212f9d2fb17,Female,null,null,null,null,2025-05-05 04:45:36+00,exited,null,null,null,null,null,null,null,null,null,null,null,null,null,null,6,2026-08-03 09:34:12.668+00,5dda0b14-713b-46d0-a6ce-a7a33a2fb6f9
6e83fcb8-4992-041a-cc06-1dd780a369bd,00000000-0000-0000-0000-000000000001,a511b46a-10b8-465e-bb0a-278862caf056,6baa8338a7b8b6b92143c4da42444d66,Male,null,Shield Healthcare Pvt Ltd,Associate VP,null,2025-05-05 04:45:36+00,exited,null,null,null,null,null,null,null,null,null,null,null,null,null,null,6,2026-08-03 09:34:12.615+00,5dda0b14-713b-46d0-a6ce-a7a33a2fb6f9
6ebbc5fb-6283-337b-eb0a-246593184d36,00000000-0000-0000-0000-000000000001,a511b46a-10b8-465e-bb0a-278862caf056,45235018ddbe6e3ab422aedefe3dc295,Male,null,AstraZeneca,Graduate Engineer Trainee( INTERN ),null,2025-05-05 04:45:36+00,exited,null,null,null,null,null,null,null,null,null,null,null,null,null,null,10,2026-08-03 09:34:12.713+00,5dda0b14-713b-46d0-a6ce-a7a33a2fb6f9
6ed46439-2061-4e9a-22bf-09593c79f73c,00000000-0000-0000-0000-000000000001,a511b46a-10b8-465e-bb0a-278862caf056,fbda9330d394702b427df6c6eb4e90cf,Male,null,Coinfantasy,Intern,null,2025-05-05 04:45:36+00,exited,null,null,null,null,null,null,null,null,null,null,null,null,null,null,10,2026-08-03 09:34:12.713+00,5dda0b14-713b-46d0-a6ce-a7a33a2fb6f9
6f19846d-6fdd-fe63-60fa-9134b042e32e,00000000-0000-0000-0000-000000000001,a511b46a-10b8-465e-bb0a-278862caf056,18b8c9ce2fc39bd2f7764527f0546c9b,null,null,null,null,null,2025-05-05 04:45:36+00,exited,null,null,null,null,null,null,null,null,null,null,null,null,null,null,10,2026-08-03 09:34:12.734+00,5dda0b14-713b-46d0-a6ce-a7a33a2fb6f9
6f622055-47c5-9b2c-b332-2d5d01953e51,00000000-0000-0000-0000-000000000001,e315575e-7eea-4cd0-b2ef-4a2dd3afd040,0170988caf6215b9682e273ffc94b977,Male,null,Deloitte USI,Analyst,null,2025-05-05 04:45:36+00,exited,null,null,null,null,null,null,null,null,null,null,null,null,null,null,4,2026-08-03 09:34:12.589+00,5dda0b14-713b-46d0-a6ce-a7a33a2fb6f9
704b2ffc-71fb-0cc0-ace8-74bcdfbe30b7,00000000-0000-0000-0000-000000000001,a511b46a-10b8-465e-bb0a-278862caf056,3013fb4647cf6587d8640eccad13ff13,Male,null,null,null,null,2025-05-05 04:45:36+00,exited,null,null,null,null,null,null,null,null,null,null,null,null,null,null,10,2026-08-03 09:34:12.708+00,5dda0b14-713b-46d0-a6ce-a7a33a2fb6f9
70739699-a260-006b-9007-7221efe1fe76,00000000-0000-0000-0000-000000000001,a511b46a-10b8-465e-bb0a-278862caf056,8c2a3b9ccf873f402336553c07c0f21b,Male,null,null,null,null,2025-05-05 04:45:36+00,exited,null,null,null,null,null,null,null,null,null,null,null,null,null,null,6,2026-08-03 09:34:12.695+00,5dda0b14-713b-46d0-a6ce-a7a33a2fb6f9
7076f26b-5297-bb18-64d7-ba48dd2e64b2,00000000-0000-0000-0000-000000000001,a511b46a-10b8-465e-bb0a-278862caf056,8f5123799218ff9c1d8530037b868001,Male,null,null,null,null,2025-05-05 04:45:36+00,exited,null,null,null,null,null,null,null,null,null,null,null,null,null,null,4,2026-08-03 09:34:12.753+00,5dda0b14-713b-46d0-a6ce-a7a33a2fb6f9
70945c9c-c8e9-8721-8ecf-dfdaf4a30fde,00000000-0000-0000-0000-000000000001,a511b46a-10b8-465e-bb0a-278862caf056,1a8f6bf009f6a5fb558de1c735a1fa89,Male,null,null,null,null,2025-05-05 04:45:36+00,exited,null,null,null,null,null,null,null,null,null,null,null,null,null,null,6,2026-08-03 09:34:12.677+00,5dda0b14-713b-46d0-a6ce-a7a33a2fb6f9
719321da-14cc-c048-24a9-cc8d77783c52,00000000-0000-0000-0000-000000000001,a511b46a-10b8-465e-bb0a-278862caf056,89e28505c376f5175571143bcd7a1262,Female,null,Bank of america,Software engineer III,null,2025-05-05 04:45:36+00,exited,null,null,null,null,null,null,null,null,null,null,null,null,null,null,10,2026-08-03 09:34:12.646+00,5dda0b14-713b-46d0-a6ce-a7a33a2fb6f9
7197747d-2eb4-4d33-7a0d-db6dec7ae3f6,00000000-0000-0000-0000-000000000001,a511b46a-10b8-465e-bb0a-278862caf056,00b9fd39e906513afaa5452ef958e3f7,Male,null,null,null,null,2025-05-05 04:45:36+00,exited,null,null,null,null,null,null,null,null,null,null,null,null,null,null,10,2026-08-03 09:34:12.677+00,5dda0b14-713b-46d0-a6ce-a7a33a2fb6f9
71a2b1e6-ae5d-01fe-6e96-34a5a7d646fa,00000000-0000-0000-0000-000000000001,a511b46a-10b8-465e-bb0a-278862caf056,1f32b49bb2f4c561d0c77482dcaed671,Female,null,Templetree Consultants,Architect,null,2025-05-05 04:45:36+00,exited,null,null,null,null,null,null,null,null,null,null,null,null,null,null,6,2026-08-03 09:34:12.762+00,5dda0b14-713b-46d0-a6ce-a7a33a2fb6f9
71afee6b-f2ab-0218-c8a3-84b8ca8ed21f,00000000-0000-0000-0000-000000000001,a511b46a-10b8-465e-bb0a-278862caf056,6d4c3f8bbee2852337c2f5c026ff426e,Male,null,KARUR VYSYA BANK,ANALYST,null,2025-05-05 04:45:36+00,exited,null,null,null,null,null,null,null,null,null,null,null,null,null,null,6,2026-08-03 09:34:12.746+00,5dda0b14-713b-46d0-a6ce-a7a33a2fb6f9
71d0cea9-f852-7098-382e-1faeb96a5c43,00000000-0000-0000-0000-000000000001,a511b46a-10b8-465e-bb0a-278862caf056,245fe5d13c38391f64fffab7277db52a,Male,null,null,null,null,2025-05-05 04:45:36+00,exited,null,null,null,null,null,null,null,null,null,null,null,null,null,null,10,2026-08-03 09:34:12.707+00,5dda0b14-713b-46d0-a6ce-a7a33a2fb6f9
720a2f6c-96ce-3f42-8ec4-faec53d5a915,00000000-0000-0000-0000-000000000001,a511b46a-10b8-465e-bb0a-278862caf056,beb83c0a2d10c558877dacb3bc6f145b,Male,null,KBR,PM,null,2025-05-05 04:45:36+00,exited,null,null,null,null,null,null,null,null,null,null,null,null,null,null,6,2026-08-03 09:34:12.708+00,5dda0b14-713b-46d0-a6ce-a7a33a2fb6f9
722322ee-b5fe-22f8-eec8-93d6c633c016,00000000-0000-0000-0000-000000000001,a511b46a-10b8-465e-bb0a-278862caf056,576c835f3faecf79d76395b53290c1a1,Male,null,null,null,null,2025-05-05 04:45:36+00,exited,null,null,null,null,null,null,null,null,null,null,null,null,null,null,10,2026-08-03 09:34:12.694+00,5dda0b14-713b-46d0-a6ce-a7a33a2fb6f9
72263e8d-e74c-b64e-af0c-e7f293e84d88,00000000-0000-0000-0000-000000000001,a511b46a-10b8-465e-bb0a-278862caf056,28f5607a9358a897a5189bcc72c2e7b7,Male,null,"Planytics ",Founding Engineer,null,2025-05-05 04:45:36+00,exited,null,null,null,null,null,null,null,null,null,null,null,null,null,null,6,2026-08-03 09:34:12.737+00,5dda0b14-713b-46d0-a6ce-a7a33a2fb6f9
723c7196-088f-8d67-4b5b-8ae0d1191ee2,00000000-0000-0000-0000-000000000001,a511b46a-10b8-465e-bb0a-278862caf056,d55abe6b997f92a32ebe39a77f2cb581,Male,null,null,null,null,2025-05-05 04:45:36+00,exited,null,null,null,null,null,null,null,null,null,null,null,null,null,null,10,2026-08-03 09:34:12.632+00,5dda0b14-713b-46d0-a6ce-a7a33a2fb6f9
723e4719-99e5-42b4-8edb-c941d3ad5c93,00000000-0000-0000-0000-000000000001,a511b46a-10b8-465e-bb0a-278862caf056,44c2ad9bba0b04523b2bdbc5e11a8f6e,Male,null,null,null,null,2025-05-05 04:45:36+00,exited,null,null,null,null,null,null,null,null,null,null,null,null,null,null,6,2026-08-03 09:34:12.678+00,5dda0b14-713b-46d0-a6ce-a7a33a2fb6f9
7282a267-9160-04c3-a636-0268501bdf4e,00000000-0000-0000-0000-000000000001,a511b46a-10b8-465e-bb0a-278862caf056,b32e6a251613ace783cc2b1fd0ea1679,Male,null,Saint Gobains Research India,Research Engineer 1,null,2025-05-05 04:45:36+00,exited,null,null,null,null,null,null,null,null,null,null,null,null,null,null,6,2026-08-03 09:34:12.745+00,5dda0b14-713b-46d0-a6ce-a7a33a2fb6f9
72ac33cc-b9b2-9cc4-47fd-d37096c8f30d,00000000-0000-0000-0000-000000000001,a8f8bf8e-a51c-4386-b857-5603f23c1806,489b843a7eacdcabae4dfb8d69e8823c,Male,null,CSIR SERC,"Research Associate ",null,2025-05-05 04:45:36+00,staying,null,null,null,null,null,null,null,null,null,null,null,null,null,null,5,2026-08-03 09:34:12.713+00,5dda0b14-713b-46d0-a6ce-a7a33a2fb6f9
72fb39cc-cecf-39cd-a55a-60d36a23f691,00000000-0000-0000-0000-000000000001,a511b46a-10b8-465e-bb0a-278862caf056,81524fe6429fa57ac81330ae8342cf31,Male,null,Philips,BTech,null,2025-05-05 04:45:36+00,exited,null,null,null,null,null,null,null,null,null,null,null,null,null,null,3,2026-08-03 09:34:12.688+00,5dda0b14-713b-46d0-a6ce-a7a33a2fb6f9
733dd472-3b1e-dd43-76e5-082ddfe66c5b,00000000-0000-0000-0000-000000000001,f3260e34-b551-43b6-8f21-d8086af070ee,467fe998779ba0d731682fb6497c07d3,Female,null,"Vidya Girish private Training ","Personal Training ",null,2025-05-05 04:45:36+00,staying,null,null,null,null,null,null,null,null,null,null,null,null,null,null,4,2026-08-03 09:34:12.748+00,5dda0b14-713b-46d0-a6ce-a7a33a2fb6f9
73715344-908a-b7fa-00cc-34358ffb16f0,00000000-0000-0000-0000-000000000001,62dbb9bc-df45-4190-b9fa-750a8d108d8e,b45cfae137a537effb7eb9982f59ebbe,Female,null,"Guardian India Operations Private Limited ",Internship,null,2025-05-05 04:45:36+00,Exited,null,null,null,null,null,null,null,null,null,null,null,null,null,null,5,2026-08-03 09:34:12.762+00,5dda0b14-713b-46d0-a6ce-a7a33a2fb6f9
739d70c1-409d-dba0-0566-781cf953032c,00000000-0000-0000-0000-000000000001,a511b46a-10b8-465e-bb0a-278862caf056,c0d57603d81b1194759674837ce1f118,Female,null,null,null,null,2025-05-05 04:45:36+00,exited,null,null,null,null,null,null,null,null,null,null,null,null,null,null,6,2026-08-03 09:34:12.697+00,5dda0b14-713b-46d0-a6ce-a7a33a2fb6f9
73af4715-f686-9041-f221-b819a410e674,00000000-0000-0000-0000-000000000001,a511b46a-10b8-465e-bb0a-278862caf056,4417f6debdcd121c23ccaf897b1cc100,Male,null,null,null,null,2025-05-05 04:45:36+00,exited,null,null,null,null,null,null,null,null,null,null,null,null,null,null,10,2026-08-03 09:34:12.762+00,5dda0b14-713b-46d0-a6ce-a7a33a2fb6f9
74425108-c069-c2a3-c3eb-b19cde49ac2a,00000000-0000-0000-0000-000000000001,a511b46a-10b8-465e-bb0a-278862caf056,1a37d4589b28df259b6e41facb8a4a5f,Female,null,NIFT,Designer,null,2025-05-05 04:45:36+00,exited,null,null,null,null,null,null,null,null,null,null,null,null,null,null,10,2026-08-03 09:34:12.723+00,5dda0b14-713b-46d0-a6ce-a7a33a2fb6f9
74c6b975-b0ab-c8b3-8acd-2cf53597a72b,00000000-0000-0000-0000-000000000001,a511b46a-10b8-465e-bb0a-278862caf056,2342d23a16f56824f6cae93d829b0bc6,Female,null,Stella Maris College,Bsc Psychology,null,2025-05-05 04:45:36+00,exited,null,null,null,null,null,null,null,null,null,null,null,null,null,null,3,2026-08-03 09:34:12.737+00,5dda0b14-713b-46d0-a6ce-a7a33a2fb6f9
75090056-f130-0ab9-cfeb-6434cf4a11f8,00000000-0000-0000-0000-000000000001,a511b46a-10b8-465e-bb0a-278862caf056,cefd2ebb04e3ec0733fbc3d3cf176058,Male,null,null,null,null,2025-05-05 04:45:36+00,exited,null,null,null,null,null,null,null,null,null,null,null,null,null,null,6,2026-08-03 09:34:12.695+00,5dda0b14-713b-46d0-a6ce-a7a33a2fb6f9
752aa71f-8b74-a2d8-0b6e-dd06a73bacf2,00000000-0000-0000-0000-000000000001,a511b46a-10b8-465e-bb0a-278862caf056,ab6352509123cb80130da46a852327ca,Male,null,Straive,Intern,null,2025-05-05 04:45:36+00,exited,null,null,null,null,null,null,null,null,null,null,null,null,null,null,6,2026-08-03 09:34:12.707+00,5dda0b14-713b-46d0-a6ce-a7a33a2fb6f9
75c56f0f-5274-8c06-d6f2-afdeb86185ac,00000000-0000-0000-0000-000000000001,a511b46a-10b8-465e-bb0a-278862caf056,bedf5dda99da6f75bd94682bbae2bd64,Female,null,"Adyar cancer Institute ",MS,null,2025-05-05 04:45:36+00,new,null,null,null,null,null,null,null,null,null,null,null,null,null,null,10,2026-08-03 09:34:12.719+00,null
76885280-8415-ddd3-8643-1ad02a61536e,00000000-0000-0000-0000-000000000001,a511b46a-10b8-465e-bb0a-278862caf056,bbfcd7ff1266f0226278c1f800395c4e,Male,null,null,null,null,2025-05-05 04:45:36+00,exited,null,null,null,null,null,null,null,null,null,null,null,null,null,null,10,2026-08-03 09:34:12.746+00,5dda0b14-713b-46d0-a6ce-a7a33a2fb6f9
76a620a9-921f-b048-0a25-0636200165f2,00000000-0000-0000-0000-000000000001,a511b46a-10b8-465e-bb0a-278862caf056,e3c24481f625f58baca35cc2a4ca3608,Male,null,null,null,null,2025-05-05 04:45:36+00,exited,null,null,null,null,null,null,null,null,null,null,null,null,null,null,10,2026-08-03 09:34:12.651+00,5dda0b14-713b-46d0-a6ce-a7a33a2fb6f9
77135b7e-26be-57bb-f5a4-db9692d4200a,00000000-0000-0000-0000-000000000001,a511b46a-10b8-465e-bb0a-278862caf056,a91374c6f15110c43025a927102503e8,Male,null,null,null,null,2025-05-05 04:45:36+00,exited,null,null,null,null,null,null,null,null,null,null,null,null,null,null,10,2026-08-03 09:34:12.734+00,5dda0b14-713b-46d0-a6ce-a7a33a2fb6f9
7759d3e9-fbe3-5386-b050-b4c7bbe1067f,00000000-0000-0000-0000-000000000001,a511b46a-10b8-465e-bb0a-278862caf056,ef553439da88c8c0c8dffe6b883dafc0,Male,null,null,null,null,2025-05-05 04:45:36+00,exited,null,null,null,null,null,null,null,null,null,null,null,null,null,null,10,2026-08-03 09:34:12.752+00,5dda0b14-713b-46d0-a6ce-a7a33a2fb6f9
77bef647-c1d3-a381-aa37-fc37c1e0d475,00000000-0000-0000-0000-000000000001,a511b46a-10b8-465e-bb0a-278862caf056,49f7168eea8a348d259578068c4096e1,Male,null,CEG,B.E,null,2025-05-05 04:45:36+00,exited,null,null,null,null,null,null,null,null,null,null,null,null,null,null,10,2026-08-03 09:34:12.707+00,5dda0b14-713b-46d0-a6ce-a7a33a2fb6f9
77dd12b8-a20b-05c8-2372-79ba1b1624a9,00000000-0000-0000-0000-000000000001,c5643b7a-cae0-4170-8a12-32198639ca2d,deafc078f55dbb2abaadfcc5025ffdba,Male,null,RCH Service India,Associate,null,2025-05-05 04:45:36+00,staying,null,null,null,null,null,null,null,null,null,null,null,null,null,null,3,2026-08-03 09:34:13.888+00,5dda0b14-713b-46d0-a6ce-a7a33a2fb6f9
784b4f94-5ce8-8b6f-f109-d7279606a289,00000000-0000-0000-0000-000000000001,a511b46a-10b8-465e-bb0a-278862caf056,1ac9f71980a00d09fe8164e27a9137cd,Male,null,"Greens technology ",Selenium,null,2025-05-05 04:45:36+00,exited,null,null,null,null,null,null,null,null,null,null,null,null,null,null,6,2026-08-03 09:34:13.747+00,5dda0b14-713b-46d0-a6ce-a7a33a2fb6f9
78e008e5-2f71-784c-76a8-a0a232673851,00000000-0000-0000-0000-000000000001,a511b46a-10b8-465e-bb0a-278862caf056,2766ae8bbcd75b0148fac97b8c862cac,Female,null,null,null,null,2025-05-05 04:45:36+00,exited,null,null,null,null,null,null,null,null,null,null,null,null,null,null,10,2026-08-03 09:34:13.747+00,5dda0b14-713b-46d0-a6ce-a7a33a2fb6f9
7917c0bf-a63e-034d-b209-d9e81f805ccb,00000000-0000-0000-0000-000000000001,a511b46a-10b8-465e-bb0a-278862caf056,3f7f76b423deb8b7e97cd4131f00ccf9,Female,null,null,null,null,2025-05-05 04:45:36+00,exited,null,null,null,null,null,null,null,null,null,null,null,null,null,null,10,2026-08-03 09:34:13.735+00,5dda0b14-713b-46d0-a6ce-a7a33a2fb6f9
79942faa-d9c8-f124-aea4-e4fad7c15535,00000000-0000-0000-0000-000000000001,a511b46a-10b8-465e-bb0a-278862caf056,4ab49c747584b103ae6abed901572907,Male,null,Saint Gobain India,Research Engineer 1,null,2025-05-05 04:45:36+00,exited,null,null,null,null,null,null,null,null,null,null,null,null,null,null,10,2026-08-03 09:34:13.943+00,5dda0b14-713b-46d0-a6ce-a7a33a2fb6f9
79d4d3fe-73c5-a965-030f-c60220ee20cb,00000000-0000-0000-0000-000000000001,b91deeaf-3653-4ac1-ab59-5d745cba08e5,094922cfda969c63ee20bf5b5dab5153,Female,null,CAMS,SDE,null,2025-05-05 04:45:36+00,staying,null,null,null,null,null,null,null,null,null,null,null,null,null,null,2.3,2026-08-11 07:35:40.112+00,5dda0b14-713b-46d0-a6ce-a7a33a2fb6f9
79e31f6f-69dc-a40c-27d7-3f076878f83c,00000000-0000-0000-0000-000000000001,75254cd0-86ab-4c17-84a6-69fe502b72a1,40ffbbdcdf70b3928a128d7abf7e0b47,Female,null,Deloitte,Analyst,null,2025-05-05 04:45:36+00,staying,null,null,null,null,null,null,null,null,null,null,null,null,null,null,3,2026-08-03 09:34:13.839+00,5dda0b14-713b-46d0-a6ce-a7a33a2fb6f9
79ec48b5-f6a4-f3d3-8cdc-3c18458f897c,00000000-0000-0000-0000-000000000001,a511b46a-10b8-465e-bb0a-278862caf056,c8bad7e8b95336cca5a1462a33d69da2,Female,null,Fita academy,"Digital marketing ",null,2025-05-05 04:45:36+00,exited,null,null,null,null,null,null,null,null,null,null,null,null,null,null,10,2026-08-03 09:34:13.997+00,5dda0b14-713b-46d0-a6ce-a7a33a2fb6f9
7a041c76-24a2-f143-9974-18f1fe8e3a0c,00000000-0000-0000-0000-000000000001,a511b46a-10b8-465e-bb0a-278862caf056,39772eb459bb1be2a898d781727b72d7,Female,null,EY,Intern,null,2025-05-05 04:45:36+00,exited,null,null,null,null,null,null,null,null,null,null,null,null,null,null,10,2026-08-03 09:34:13.841+00,5dda0b14-713b-46d0-a6ce-a7a33a2fb6f9
7a946cb2-0ac5-1884-bc60-3dd95933b35b,00000000-0000-0000-0000-000000000001,a511b46a-10b8-465e-bb0a-278862caf056,cbda9eb2f983a546beeec307e0fe0f6c,Male,null,ZoomInfo,Customer Success Manager,null,2025-05-05 04:45:36+00,exited,null,null,null,null,null,null,null,null,null,null,null,null,null,null,10,2026-08-03 09:34:13.804+00,5dda0b14-713b-46d0-a6ce-a7a33a2fb6f9
7aeb3b16-98e4-aafb-ad39-91e8834463ce,00000000-0000-0000-0000-000000000001,a511b46a-10b8-465e-bb0a-278862caf056,b3eae79c31f0e715d8c08b57c6129ace,Male,null,Impress.ai,UI designer,null,2025-05-05 04:45:36+00,exited,null,null,null,null,null,null,null,null,null,null,null,null,null,null,10,2026-08-03 09:34:13.994+00,5dda0b14-713b-46d0-a6ce-a7a33a2fb6f9
7affb281-fd63-123b-f51b-039cdb04bac3,00000000-0000-0000-0000-000000000001,a511b46a-10b8-465e-bb0a-278862caf056,9fea2edef35856fbefc90283ed378cd4,Female,null,null,null,null,2025-05-05 04:45:36+00,new,null,null,null,null,null,null,null,null,null,null,null,null,null,null,10,2026-08-03 09:34:13.911+00,null
7b363597-e341-177b-c080-b5e9c1d0afa0,00000000-0000-0000-0000-000000000001,a511b46a-10b8-465e-bb0a-278862caf056,f47adefab966a68c2032db8b88ea4dd9,Male,null,null,null,null,2025-05-05 04:45:36+00,exited,null,null,null,null,null,null,null,null,null,null,null,null,null,null,10,2026-08-03 09:34:13.888+00,5dda0b14-713b-46d0-a6ce-a7a33a2fb6f9
7b3816fb-e731-23ef-ce25-57790ff57a7e,00000000-0000-0000-0000-000000000001,a511b46a-10b8-465e-bb0a-278862caf056,479761b682fee9d1e15eacb46cf3b8cc,Male,null,CSIR NML Chennai,Intern,null,2025-05-05 04:45:36+00,exited,null,null,null,null,null,null,null,null,null,null,null,null,null,null,10,2026-08-03 09:34:13.91+00,5dda0b14-713b-46d0-a6ce-a7a33a2fb6f9
7b5542ef-2ad2-f5ca-fded-c1fc893bbfe7,00000000-0000-0000-0000-000000000001,a511b46a-10b8-465e-bb0a-278862caf056,a88dc302c115a4f106e4b099294643b9,Female,null,null,null,null,2025-05-05 04:45:36+00,exited,null,null,null,null,null,null,null,null,null,null,null,null,null,null,10,2026-08-03 09:34:13.942+00,5dda0b14-713b-46d0-a6ce-a7a33a2fb6f9
7b9b68d4-9d12-5e87-3823-d61bd7af09e6,00000000-0000-0000-0000-000000000001,a511b46a-10b8-465e-bb0a-278862caf056,8fcbf2e27e268cc6d313ce7d7197d972,Female,null,Digital Intelligence systems,MBA,null,2025-05-05 04:45:36+00,exited,null,null,null,null,null,null,null,null,null,null,null,null,null,null,10,2026-08-03 09:34:13.979+00,5dda0b14-713b-46d0-a6ce-a7a33a2fb6f9
7bc24b46-8e86-3f4f-807b-7636f066ea21,00000000-0000-0000-0000-000000000001,a511b46a-10b8-465e-bb0a-278862caf056,d21aef88dedef73b14df672e689e4eda,Male,null,LatentView Analytics Limited,MBA,null,2025-05-05 04:45:36+00,exited,null,null,null,null,null,null,null,null,null,null,null,null,null,null,10,2026-08-03 09:34:13.84+00,5dda0b14-713b-46d0-a6ce-a7a33a2fb6f9
7be75b79-f4d2-a3ec-18cf-fb08513feeb7,00000000-0000-0000-0000-000000000001,a511b46a-10b8-465e-bb0a-278862caf056,b9ee3bab022d4ae77587656ad477c12b,Female,null,"SRM University ",MBA,null,2025-05-05 04:45:36+00,exited,null,null,null,null,null,null,null,null,null,null,null,null,null,null,9,2026-08-03 09:34:13.943+00,5dda0b14-713b-46d0-a6ce-a7a33a2fb6f9
7c09e849-092a-06e7-3628-565a641d9d87,00000000-0000-0000-0000-000000000001,a511b46a-10b8-465e-bb0a-278862caf056,b0c137d5b1d686291c71d1837a850f8b,Male,null,"Eagle Burgmann, Taramani, Chennai",SAP FICO CONSULTANT,null,2025-05-05 04:45:36+00,exited,null,null,null,null,null,null,null,null,null,null,null,null,null,null,10,2026-08-03 09:34:13.911+00,5dda0b14-713b-46d0-a6ce-a7a33a2fb6f9
7d26a731-5027-abff-a77e-ce35303b21f6,00000000-0000-0000-0000-000000000001,a511b46a-10b8-465e-bb0a-278862caf056,5b17455a8355608793287eff4e01a8bd,Male,null,"Astrazeneca ",Intern,null,2025-05-05 04:45:36+00,exited,null,null,null,null,null,null,null,null,null,null,null,null,null,null,5,2026-08-03 09:34:13.943+00,5dda0b14-713b-46d0-a6ce-a7a33a2fb6f9
7d766bea-0596-a1f0-2bcc-3918799770c1,00000000-0000-0000-0000-000000000001,a511b46a-10b8-465e-bb0a-278862caf056,cc94e49a21efb33a13980269dea340e2,Female,null,null,null,null,2025-05-05 04:45:36+00,exited,null,null,null,null,null,null,null,null,null,null,null,null,null,null,10,2026-08-03 09:34:13.798+00,5dda0b14-713b-46d0-a6ce-a7a33a2fb6f9
7dadd1ae-944c-9af1-5289-cc4cc171a4dd,00000000-0000-0000-0000-000000000001,a511b46a-10b8-465e-bb0a-278862caf056,3f6e2ef68740b7bc64ae0bb3b135e035,Male,null,JMAN Group,Intern,null,2025-05-05 04:45:36+00,exited,null,null,null,null,null,null,null,null,null,null,null,null,null,null,10,2026-08-03 09:34:13.991+00,5dda0b14-713b-46d0-a6ce-a7a33a2fb6f9
7e2a1e58-e10a-4352-ca15-59fd22f2c07e,00000000-0000-0000-0000-000000000001,776e6f26-d49b-4f49-8d91-2f8443ed5aeb,ba3ee3a2f4a37674f1b4dc3f341b243e,Female,null,"Zilogic systems ","System Engineer ",null,2025-05-05 04:45:36+00,exited,null,null,null,null,null,null,null,null,null,null,null,null,null,null,5,2026-08-03 09:34:13.943+00,5dda0b14-713b-46d0-a6ce-a7a33a2fb6f9
7e34d667-038a-d9ba-a991-c75dc71723b1,00000000-0000-0000-0000-000000000001,a511b46a-10b8-465e-bb0a-278862caf056,12a530805999dd21b0c0be06271a6593,Female,null,null,null,null,2025-05-05 04:45:36+00,exited,null,null,null,null,null,null,null,null,null,null,null,null,null,null,10,2026-08-03 09:34:13.911+00,5dda0b14-713b-46d0-a6ce-a7a33a2fb6f9
7fc83db5-3912-b8f1-9ba6-d797d9d1ae44,00000000-0000-0000-0000-000000000001,a511b46a-10b8-465e-bb0a-278862caf056,d637052e53066d2500ef1e65042c9c0b,Male,null,null,null,null,2025-05-05 04:45:36+00,exited,null,null,null,null,null,null,null,null,null,null,null,null,null,null,6,2026-08-03 09:34:13.841+00,5dda0b14-713b-46d0-a6ce-a7a33a2fb6f9
7febe483-ed64-6c53-4d6b-21d2a35f8861,00000000-0000-0000-0000-000000000001,a511b46a-10b8-465e-bb0a-278862caf056,4a5cce9e53c984e376729f7d924cdf10,Female,null,null,null,null,2025-05-05 04:45:36+00,exited,null,null,null,null,null,null,null,null,null,null,null,null,null,null,6,2026-08-03 09:34:13.911+00,5dda0b14-713b-46d0-a6ce-a7a33a2fb6f9
808d9a2f-fe45-ff33-05d5-14fa8d3cb0f7,00000000-0000-0000-0000-000000000001,a511b46a-10b8-465e-bb0a-278862caf056,266d0513845ea7de687ebf2ef4a9f980,Male,null,null,null,null,2025-05-05 04:45:36+00,exited,null,null,null,null,null,null,null,null,null,null,null,null,null,null,10,2026-08-03 09:34:13.911+00,5dda0b14-713b-46d0-a6ce-a7a33a2fb6f9
80f5f1ce-7a41-4bcd-d79e-1c6780b6ef1d,00000000-0000-0000-0000-000000000001,a511b46a-10b8-465e-bb0a-278862caf056,c0ba2e6a8748264742b04240f74b0c7d,Female,null,null,null,null,2025-05-05 04:45:36+00,exited,null,null,null,null,null,null,null,null,null,null,null,null,null,null,10,2026-08-03 09:34:13.943+00,5dda0b14-713b-46d0-a6ce-a7a33a2fb6f9
8123af5e-305b-80f8-20db-4d54b7f628c7,00000000-0000-0000-0000-000000000001,85853edb-723b-4076-bfeb-c4893fee721c,d630c4bd507eff0e09c74fff006c4182,Male,null,Latentview Analytics,L1 Analyst,null,2025-05-05 04:45:36+00,staying,null,null,null,null,null,null,null,null,null,null,null,null,null,null,4,2026-08-03 09:34:13.841+00,5dda0b14-713b-46d0-a6ce-a7a33a2fb6f9
817885b1-e8ef-a791-bec7-aa90f3239fb2,00000000-0000-0000-0000-000000000001,a511b46a-10b8-465e-bb0a-278862caf056,bfb73a34644232cfad4dccf14da4fde5,Female,null,null,null,null,2025-05-05 04:45:36+00,exited,null,null,null,null,null,null,null,null,null,null,null,null,null,null,10,2026-08-03 09:34:13.991+00,5dda0b14-713b-46d0-a6ce-a7a33a2fb6f9
819ef17c-3cb6-3609-1b81-c1614886e82f,00000000-0000-0000-0000-000000000001,a511b46a-10b8-465e-bb0a-278862caf056,d9e5890388779c97480a9e194312d8fe,Female,null,null,null,null,2025-05-05 04:45:36+00,exited,null,null,null,null,null,null,null,null,null,null,null,null,null,null,10,2026-08-03 09:34:13.841+00,5dda0b14-713b-46d0-a6ce-a7a33a2fb6f9
81f2f896-343e-d20b-9964-56fe1a515cc4,00000000-0000-0000-0000-000000000001,a511b46a-10b8-465e-bb0a-278862caf056,8aa0468952a98ebebcc02c321894bd47,Male,null,Samunnati,Senior Manager,null,2025-05-05 04:45:36+00,exited,null,null,null,null,null,null,null,null,null,null,null,null,null,null,6,2026-08-03 09:34:13.966+00,5dda0b14-713b-46d0-a6ce-a7a33a2fb6f9
8208282e-43b7-930c-251f-223cdeecd947,00000000-0000-0000-0000-000000000001,a511b46a-10b8-465e-bb0a-278862caf056,1b841240da8c1acc718b791726a51dc4,Female,null,Madras High Court,Law intern,null,2025-05-05 04:45:36+00,exited,null,null,null,null,null,null,null,null,null,null,null,null,null,null,3,2026-08-03 09:34:13.91+00,5dda0b14-713b-46d0-a6ce-a7a33a2fb6f9
8249c165-f773-1f97-c726-784683d0effd,00000000-0000-0000-0000-000000000001,a511b46a-10b8-465e-bb0a-278862caf056,0983a6515b5300d8b0ebfd8f01411755,Female,null,National institute of fashion technology,Master in fashion management,null,2025-05-05 04:45:36+00,exited,null,null,null,null,null,null,null,null,null,null,null,null,null,null,10,2026-08-03 09:34:13.882+00,5dda0b14-713b-46d0-a6ce-a7a33a2fb6f9
82be44de-b1d6-4e48-e6bb-33ec98b83c7d,00000000-0000-0000-0000-000000000001,819d5871-2a9c-402e-890e-6bf53de3be7b,2d8548013bddb97a9ed8ecf9afa23649,Male,null,WOOD India Engineering,Engineer,null,2025-05-05 04:45:36+00,staying,null,null,null,null,null,null,null,null,null,null,null,null,null,null,5,2026-08-03 09:34:13.841+00,5dda0b14-713b-46d0-a6ce-a7a33a2fb6f9
82ce206e-2925-18f5-f18c-d80631a9964e,00000000-0000-0000-0000-000000000001,a511b46a-10b8-465e-bb0a-278862caf056,d1a35d2c9cb1c39bde2185c61c7cf97b,Male,null,Philips,Intern,null,2025-05-05 04:45:36+00,exited,null,null,null,null,null,null,null,null,null,null,null,null,null,null,5,2026-08-03 09:34:13.911+00,5dda0b14-713b-46d0-a6ce-a7a33a2fb6f9
82f8513a-db1e-fc1b-356a-e18639ab2a84,00000000-0000-0000-0000-000000000001,a511b46a-10b8-465e-bb0a-278862caf056,7228258d15f4c8accc550843bb6ed020,Female,null,null,null,null,2025-05-05 04:45:36+00,exited,null,null,null,null,null,null,null,null,null,null,null,null,null,null,6,2026-08-03 09:34:13.997+00,5dda0b14-713b-46d0-a6ce-a7a33a2fb6f9
830c9580-658d-2fe6-9ce7-c95b69d6b654,00000000-0000-0000-0000-000000000001,a511b46a-10b8-465e-bb0a-278862caf056,d3f25d8ecee764b4f26d32cab216da22,Male,null,null,null,null,2025-05-05 04:45:36+00,exited,null,null,null,null,null,null,null,null,null,null,null,null,null,null,10,2026-08-03 09:34:13.882+00,5dda0b14-713b-46d0-a6ce-a7a33a2fb6f9
8312adc3-ca9c-bf87-0e30-9144f4319bdd,00000000-0000-0000-0000-000000000001,a511b46a-10b8-465e-bb0a-278862caf056,f83349392256aaf76bbdaeea41b535ca,Male,null,null,null,null,2025-05-05 04:45:36+00,exited,null,null,null,null,null,null,null,null,null,null,null,null,null,null,10,2026-08-03 09:34:13.911+00,5dda0b14-713b-46d0-a6ce-a7a33a2fb6f9
8334eb99-0bc0-3c80-9ff8-83bea3d7b5ef,00000000-0000-0000-0000-000000000001,a511b46a-10b8-465e-bb0a-278862caf056,2549386a020e4106e89480a98250977b,Male,null,null,null,null,2025-05-05 04:45:36+00,staying,null,null,null,null,null,null,null,null,null,null,null,null,null,null,6,2026-08-03 09:34:13.966+00,5dda0b14-713b-46d0-a6ce-a7a33a2fb6f9
833d6041-d882-c040-1f1d-fc45e7c0749d,00000000-0000-0000-0000-000000000001,a511b46a-10b8-465e-bb0a-278862caf056,2e30c16ad688ade411a887ce84e3ab6e,Male,null,Own Business,Photographer,null,2025-05-05 04:45:36+00,exited,null,null,null,null,null,null,null,null,null,null,null,null,null,null,10,2026-08-03 09:34:13.823+00,5dda0b14-713b-46d0-a6ce-a7a33a2fb6f9
837f201c-4ef9-cb95-fe17-9d9a634fe655,00000000-0000-0000-0000-000000000001,a511b46a-10b8-465e-bb0a-278862caf056,6fa841a0c435499cf847e7744d94d7de,Male,null,null,null,null,2025-05-05 04:45:36+00,exited,null,null,null,null,null,null,null,null,null,null,null,null,null,null,10,2026-08-03 09:34:13.841+00,5dda0b14-713b-46d0-a6ce-a7a33a2fb6f9
83a0985e-723a-b726-545b-f8d9454ab851,00000000-0000-0000-0000-000000000001,a511b46a-10b8-465e-bb0a-278862caf056,6e96774f2032ecd5d39653d11700d0a9,Female,null,null,null,null,2025-05-05 04:45:36+00,new,null,null,null,null,null,null,null,null,null,null,null,null,null,null,10,2026-08-03 09:34:13.911+00,null
83af11b3-a274-7404-3265-ec658f74f8cf,00000000-0000-0000-0000-000000000001,d1e61a70-a66e-40e1-b8e6-be8747d47dbd,f7e57793c81610d86ac33da6de791dfb,Male,null,null,null,null,2025-05-05 04:45:36+00,exited,null,null,null,null,null,null,null,null,null,null,null,null,null,null,4,2026-08-03 09:34:13.991+00,5dda0b14-713b-46d0-a6ce-a7a33a2fb6f9
83e77e09-8761-048c-2985-307a257388f8,00000000-0000-0000-0000-000000000001,a511b46a-10b8-465e-bb0a-278862caf056,d2fe623cbf3a98460fdcfe274d5514ee,Male,null,EY India,Consultant,null,2025-05-05 04:45:36+00,exited,null,null,null,null,null,null,null,null,null,null,null,null,null,null,10,2026-08-03 09:34:13.943+00,5dda0b14-713b-46d0-a6ce-a7a33a2fb6f9
83f51f9d-9d36-eda9-e7fb-5b1badbbd5d9,00000000-0000-0000-0000-000000000001,a511b46a-10b8-465e-bb0a-278862caf056,6c2131aa1f64870c03e0935ef4cfc018,Female,null,"Bank of America ",SDE,null,2025-05-05 04:45:36+00,staying,null,null,null,null,null,null,null,null,null,null,null,null,null,null,6,2026-08-03 09:34:14.995+00,5dda0b14-713b-46d0-a6ce-a7a33a2fb6f9
83fae6f1-bcd8-ae1d-3a10-eb20cd93b4bd,00000000-0000-0000-0000-000000000001,a511b46a-10b8-465e-bb0a-278862caf056,c39b851cdf23775a3fa5fc6e2d2bfffd,Female,null,null,null,null,2025-05-05 04:45:36+00,exited,null,null,null,null,null,null,null,null,null,null,null,null,null,null,10,2026-08-03 09:34:14.881+00,5dda0b14-713b-46d0-a6ce-a7a33a2fb6f9
8490df60-3137-5590-8517-f882a6cff021,00000000-0000-0000-0000-000000000001,a511b46a-10b8-465e-bb0a-278862caf056,11075a2854c0234d9211d186e432bf0c,Female,null,Ingage Technologies,Product design intern,null,2025-05-05 04:45:36+00,exited,null,null,null,null,null,null,null,null,null,null,null,null,null,null,5,2026-08-03 09:34:14.905+00,5dda0b14-713b-46d0-a6ce-a7a33a2fb6f9
8506a1fc-82d3-6a5c-c7c5-64702dd9ce92,00000000-0000-0000-0000-000000000001,a511b46a-10b8-465e-bb0a-278862caf056,1805ac0536d538c7fccaf09cda4243df,Male,null,null,null,null,2025-05-05 04:45:36+00,exited,null,null,null,null,null,null,null,null,null,null,null,null,null,null,6,2026-08-03 09:34:14.905+00,5dda0b14-713b-46d0-a6ce-a7a33a2fb6f9
854c86e3-8b7f-0ca8-f4ac-c6a073699611,00000000-0000-0000-0000-000000000001,b5bab826-3a79-4e14-a6fb-fb0930be67b9,f4316ae8cadeadad53e1e233ec4e989c,Male,null,null,null,null,2025-05-05 04:45:36+00,exited,null,null,null,null,null,null,null,null,null,null,null,null,null,null,3,2026-08-03 09:34:14.923+00,5dda0b14-713b-46d0-a6ce-a7a33a2fb6f9
8550917f-04eb-f961-9e92-97c10f626201,00000000-0000-0000-0000-000000000001,a511b46a-10b8-465e-bb0a-278862caf056,407107d5bad9e622d085667529401b59,Female,null,null,null,null,2025-05-05 04:45:36+00,exited,null,null,null,null,null,null,null,null,null,null,null,null,null,null,6,2026-08-03 09:34:14.907+00,5dda0b14-713b-46d0-a6ce-a7a33a2fb6f9
8557d3c7-d0ae-184b-d1e6-7e22e375cf32,00000000-0000-0000-0000-000000000001,a511b46a-10b8-465e-bb0a-278862caf056,65ca313c576088ab9b99671ecde1a5a3,Male,null,null,null,null,2025-05-05 04:45:36+00,exited,null,null,null,null,null,null,null,null,null,null,null,null,null,null,10,2026-08-03 09:34:14.923+00,5dda0b14-713b-46d0-a6ce-a7a33a2fb6f9
855f3f6a-72ae-46f4-4cc2-a9a0d5df5b70,00000000-0000-0000-0000-000000000001,c1454689-5fbd-4473-9f0c-d83d86e08785,0e2be1271b40d93b4dbb30b624d05745,Male,null,null,null,null,2025-05-05 04:45:36+00,staying,null,null,null,null,null,null,null,null,null,null,null,null,null,null,5,2026-08-03 09:34:15+00,5dda0b14-713b-46d0-a6ce-a7a33a2fb6f9
86cd2239-fa55-0389-437e-e8fd505dc931,00000000-0000-0000-0000-000000000001,f82ab52f-412b-4907-ba2f-5ff634e21b45,ea8ea16a050e14f4f41fad009e518496,Male,null,Qualcomm,Engineer,null,2025-05-05 04:45:36+00,staying,null,null,null,null,null,null,null,null,null,null,null,null,null,null,4,2026-08-03 09:34:15.045+00,5dda0b14-713b-46d0-a6ce-a7a33a2fb6f9
870773df-d2cd-018c-27cb-f18f53ad3f5e,00000000-0000-0000-0000-000000000001,a511b46a-10b8-465e-bb0a-278862caf056,659b16548e98a155cd1f65439f01ad38,Male,null,null,null,null,2025-05-05 04:45:36+00,exited,null,null,null,null,null,null,null,null,null,null,null,null,null,null,10,2026-08-03 09:34:15.065+00,5dda0b14-713b-46d0-a6ce-a7a33a2fb6f9
870c219c-545e-c0af-36d2-f6f57b386e38,00000000-0000-0000-0000-000000000001,a511b46a-10b8-465e-bb0a-278862caf056,7f40fd122d37ef40c6615fecd17de92f,Female,null,NIFT,Masters in fashion management,null,2025-05-05 04:45:36+00,new,null,null,null,null,null,null,null,null,null,null,null,null,null,null,10,2026-08-03 09:34:15+00,null
871465d8-763d-f593-3677-399c50f5ed41,00000000-0000-0000-0000-000000000001,a511b46a-10b8-465e-bb0a-278862caf056,5fbc93a944762322b0d84872afb31a73,Female,null,Nift,PG Diploma in apparel PRODUCTION AND MERCHANDISING,null,2025-05-05 04:45:36+00,exited,null,null,null,null,null,null,null,null,null,null,null,null,null,null,5,2026-08-03 09:34:14.995+00,5dda0b14-713b-46d0-a6ce-a7a33a2fb6f9
876bcc88-d210-8a14-5197-f2062208f7a3,00000000-0000-0000-0000-000000000001,a511b46a-10b8-465e-bb0a-278862caf056,ef5f38aa11d271272349e6d095bbaf5b,Female,null,"Baton ","Manager ",null,2025-05-05 04:45:36+00,exited,null,null,null,null,null,null,null,null,null,null,null,null,null,null,7,2026-08-03 09:34:14.995+00,5dda0b14-713b-46d0-a6ce-a7a33a2fb6f9
87a1e515-e2e0-110f-05d1-04f5a83c066a,00000000-0000-0000-0000-000000000001,a511b46a-10b8-465e-bb0a-278862caf056,828993ae51a86dad6fe5ff8292d4cc31,Male,null,EY India,Intern,null,2025-05-05 04:45:36+00,staying,null,null,null,null,null,null,null,null,null,null,null,null,null,null,6,2026-08-03 09:34:14.995+00,5dda0b14-713b-46d0-a6ce-a7a33a2fb6f9
87f78dfc-893b-67c1-a993-7f0f3f8826d0,00000000-0000-0000-0000-000000000001,a511b46a-10b8-465e-bb0a-278862caf056,fadba3354ac542a54baeb04e06c0e2e5,Male,null,Agrosperity Tech Solutions,Product Manager,null,2025-05-05 04:45:36+00,exited,null,null,null,null,null,null,null,null,null,null,null,null,null,null,10,2026-08-03 09:34:14.949+00,5dda0b14-713b-46d0-a6ce-a7a33a2fb6f9
880e9e6d-50b9-d668-51e2-031fb73ccdc4,00000000-0000-0000-0000-000000000001,a511b46a-10b8-465e-bb0a-278862caf056,7b724c7906a88de9f53556eedf40e6ad,Female,null,null,null,null,2025-05-05 04:45:36+00,new,null,null,null,null,null,null,null,null,null,null,null,null,null,null,10,2026-08-03 09:34:15.024+00,null
890b32d9-f754-8150-5a18-8a21fcdf3828,00000000-0000-0000-0000-000000000001,57b80c4c-21d1-43c3-a2ba-bf5465da9930,af4580a87d0e8665b2bd08f799692db6,Female,null,null,null,null,2025-05-05 04:45:36+00,staying,null,null,null,null,null,null,null,null,null,null,null,null,null,null,3,2026-08-03 09:34:14.928+00,5dda0b14-713b-46d0-a6ce-a7a33a2fb6f9
890d247c-e472-92eb-0db7-ca3bc375622c,00000000-0000-0000-0000-000000000001,a511b46a-10b8-465e-bb0a-278862caf056,aa1213e45038468693258906cac7fd1a,Female,null,Latentview,Data analyst,null,2025-05-05 04:45:36+00,exited,null,null,null,null,null,null,null,null,null,null,null,null,null,null,3,2026-08-03 09:34:15.045+00,5dda0b14-713b-46d0-a6ce-a7a33a2fb6f9
8980f6d7-b1df-5646-4593-8af805c8f8cf,00000000-0000-0000-0000-000000000001,a511b46a-10b8-465e-bb0a-278862caf056,0f211e7f2f04379575808b00ef02ada4,Male,null,null,null,null,2025-05-05 04:45:36+00,exited,null,null,null,null,null,null,null,null,null,null,null,null,null,null,10,2026-08-03 09:34:14.957+00,5dda0b14-713b-46d0-a6ce-a7a33a2fb6f9
89d188b4-94a9-2f97-e068-155ed8ec3f5e,00000000-0000-0000-0000-000000000001,a511b46a-10b8-465e-bb0a-278862caf056,43c993e3d9e916385b8541f5d66af556,Male,null,Jman Group,Intern,null,2025-05-05 04:45:36+00,staying,null,null,null,null,null,null,null,null,null,null,null,null,null,null,6,2026-08-03 09:34:14.97+00,5dda0b14-713b-46d0-a6ce-a7a33a2fb6f9
89eff045-6e52-ec28-fed5-afecb6aac5a0,00000000-0000-0000-0000-000000000001,a511b46a-10b8-465e-bb0a-278862caf056,d36e0f16ec938a330f07511d1248076c,Female,null,null,null,null,2025-05-05 04:45:36+00,exited,null,null,null,null,null,null,null,null,null,null,null,null,null,null,10,2026-08-03 09:34:15.023+00,5dda0b14-713b-46d0-a6ce-a7a33a2fb6f9
8a171f42-da8a-3943-6d3d-ebb007e65f3c,00000000-0000-0000-0000-000000000001,a511b46a-10b8-465e-bb0a-278862caf056,55750284ea1d6d212bf0fad45d6c8392,null,null,null,null,null,2025-05-05 04:45:36+00,exited,null,null,null,null,null,null,null,null,null,null,null,null,null,null,10,2026-08-03 09:34:15.112+00,5dda0b14-713b-46d0-a6ce-a7a33a2fb6f9
8aacbc78-5e56-b3c0-f8bc-fcb5490b94f3,00000000-0000-0000-0000-000000000001,a511b46a-10b8-465e-bb0a-278862caf056,84bbcb6d1edca2dcbc6d5e1fa3357d45,Female,null,World bank,Tax -Accounting Analyst,null,2025-05-05 04:45:36+00,staying,null,null,null,null,null,null,null,null,null,null,null,null,null,null,3,2026-08-03 09:34:15.064+00,5dda0b14-713b-46d0-a6ce-a7a33a2fb6f9
8b018cc7-2387-99c8-5b29-d1ab1f7b635e,00000000-0000-0000-0000-000000000001,a3296bce-620e-471c-b1ea-ba1f0aff851d,1f4f9b1e9a3757d97301d9cb9fa8fd4b,Male,null,LatentView Analytics,Analyst,null,2025-05-05 04:45:36+00,exited,null,null,null,null,null,null,null,null,null,null,null,null,null,null,7,2026-08-03 09:34:15.051+00,5dda0b14-713b-46d0-a6ce-a7a33a2fb6f9
8b05e4ed-5b76-3815-5b67-78cbca3872f3,00000000-0000-0000-0000-000000000001,a511b46a-10b8-465e-bb0a-278862caf056,62325dc99beb86b24fec8d22c0ba143b,Male,null,Inatech India Pvt Ltd,Business Analyst,null,2025-05-05 04:45:36+00,exited,null,null,null,null,null,null,null,null,null,null,null,null,null,null,10,2026-08-03 09:34:15.065+00,5dda0b14-713b-46d0-a6ce-a7a33a2fb6f9
8b48a426-b184-0a10-fdf3-c35622244b85,00000000-0000-0000-0000-000000000001,a511b46a-10b8-465e-bb0a-278862caf056,3c93407fe398dbf54be60186304f4595,Female,null,null,null,null,2025-05-05 04:45:36+00,exited,null,null,null,null,null,null,null,null,null,null,null,null,null,null,10,2026-08-03 09:34:15.045+00,5dda0b14-713b-46d0-a6ce-a7a33a2fb6f9
8b48adf3-c14a-fa6d-9785-b4bcb35f8fbb,00000000-0000-0000-0000-000000000001,f883907a-2507-4008-b593-f3ee8718c97a,e7ed7e6f69c0c75cf3c614225e2b8b37,Female,null,null,null,null,2025-05-05 04:45:36+00,staying,null,null,null,null,null,null,null,null,null,null,null,null,null,null,4,2026-08-03 09:34:15.044+00,5dda0b14-713b-46d0-a6ce-a7a33a2fb6f9
8b67f24e-8b2b-e5cf-aef4-9b084467aa37,00000000-0000-0000-0000-000000000001,a511b46a-10b8-465e-bb0a-278862caf056,22fab208b74640db192736feccf608bb,Male,null,IIT Madras,Research Assistant,null,2025-05-05 04:45:36+00,exited,null,null,null,null,null,null,null,null,null,null,null,null,null,null,10,2026-08-03 09:34:14.938+00,5dda0b14-713b-46d0-a6ce-a7a33a2fb6f9
8c10b5c6-4a40-f455-7732-69c9209c6107,00000000-0000-0000-0000-000000000001,a511b46a-10b8-465e-bb0a-278862caf056,1aec4ccdde129c02c3f107d6cd833a8a,Male,null,Amazon,Intern,null,2025-05-05 04:45:36+00,exited,null,null,null,null,null,null,null,null,null,null,null,null,null,null,4,2026-08-03 09:34:14.989+00,5dda0b14-713b-46d0-a6ce-a7a33a2fb6f9
8c6ffefc-6638-42ec-34e7-e8b0ac32b65e,00000000-0000-0000-0000-000000000001,a511b46a-10b8-465e-bb0a-278862caf056,19de9d6fc185168e89516fd292555ff1,Male,null,Agilysys,Associate software engineer,null,2025-05-05 04:45:36+00,exited,null,null,null,null,null,null,null,null,null,null,null,null,null,null,10,2026-08-03 09:34:15.051+00,5dda0b14-713b-46d0-a6ce-a7a33a2fb6f9
8ca132f3-2df9-2565-e1a8-6e912fb635ba,00000000-0000-0000-0000-000000000001,a511b46a-10b8-465e-bb0a-278862caf056,ee43e758e365e8720cdfe36838389504,Female,null,BACI,Software analyst,null,2025-05-05 04:45:36+00,exited,null,null,null,null,null,null,null,null,null,null,null,null,null,null,10,2026-08-03 09:34:15.024+00,5dda0b14-713b-46d0-a6ce-a7a33a2fb6f9
8dc5530c-7db8-64af-b5d6-a3bc13615053,00000000-0000-0000-0000-000000000001,a511b46a-10b8-465e-bb0a-278862caf056,4384b97147e6f8740c724cf9b06cc7bb,Male,null,Pfizer,Validation specialist,null,2025-05-05 04:45:36+00,exited,null,null,null,null,null,null,null,null,null,null,null,null,null,null,10,2026-08-03 09:34:15.051+00,5dda0b14-713b-46d0-a6ce-a7a33a2fb6f9
8de23288-6ae9-0d8f-afad-302f3b66836e,00000000-0000-0000-0000-000000000001,a511b46a-10b8-465e-bb0a-278862caf056,9332e51ba1d47937f2e4737ef31bda4b,Female,null,Agilysys technology,Software analyst,null,2025-05-05 04:45:36+00,exited,null,null,null,null,null,null,null,null,null,null,null,null,null,null,10,2026-08-03 09:34:14.981+00,5dda0b14-713b-46d0-a6ce-a7a33a2fb6f9
8e08d821-25a6-5ff3-aa0f-a935d8839fd0,00000000-0000-0000-0000-000000000001,a511b46a-10b8-465e-bb0a-278862caf056,049436b401f08cf543af34d273511206,Female,null,null,null,null,2025-05-05 04:45:36+00,exited,null,null,null,null,null,null,null,null,null,null,null,null,null,null,10,2026-08-03 09:34:14.995+00,5dda0b14-713b-46d0-a6ce-a7a33a2fb6f9
8e39a9bd-3317-b2a6-22a6-16fa4cab9632,00000000-0000-0000-0000-000000000001,673796f0-235d-4811-9ed1-c429e2f19679,88d2def9c38302b0ea11c24c121aab83,Male,null,Fleet Management pvt. Ltd.,3rd Officer,null,2025-05-05 04:45:36+00,Exited,null,null,null,null,null,null,null,null,null,null,null,null,null,null,4,2026-08-03 09:34:14.996+00,5dda0b14-713b-46d0-a6ce-a7a33a2fb6f9
8e5b1df4-6f06-639e-94b5-76610be144d1,00000000-0000-0000-0000-000000000001,a511b46a-10b8-465e-bb0a-278862caf056,d2ef484bcf525b5615cbb38282c7527c,null,null,null,null,null,2025-05-05 04:45:36+00,exited,null,null,null,null,null,null,null,null,null,null,null,null,null,null,10,2026-08-03 09:34:14.999+00,5dda0b14-713b-46d0-a6ce-a7a33a2fb6f9
8e602e78-e72e-0b60-56a0-315fcf3a46ea,00000000-0000-0000-0000-000000000001,a511b46a-10b8-465e-bb0a-278862caf056,8aa78587635364fb24824724190b5875,Male,null,null,null,null,2025-05-05 04:45:36+00,exited,null,null,null,null,null,null,null,null,null,null,null,null,null,null,10,2026-08-03 09:34:14.931+00,5dda0b14-713b-46d0-a6ce-a7a33a2fb6f9
8f56f478-33ca-5786-0bcf-7c6240deb975,00000000-0000-0000-0000-000000000001,a511b46a-10b8-465e-bb0a-278862caf056,f72b7628dacf4ec718b390e53d4622a7,Female,null,Msf,Software engineer,null,2025-05-05 04:45:36+00,exited,null,null,null,null,null,null,null,null,null,null,null,null,null,null,10,2026-08-03 09:34:15.024+00,5dda0b14-713b-46d0-a6ce-a7a33a2fb6f9
8fd367e7-7404-4ef6-530b-a40219a48f1e,00000000-0000-0000-0000-000000000001,a511b46a-10b8-465e-bb0a-278862caf056,3b0f9791f5795a2b8a1eb49e7b7c72e1,Male,null,null,null,null,2025-05-05 04:45:36+00,exited,null,null,null,null,null,null,null,null,null,null,null,null,null,null,3,2026-08-03 09:34:14.982+00,5dda0b14-713b-46d0-a6ce-a7a33a2fb6f9
9050d309-bb46-1fa9-d2a7-3a2fb8cb8e8c,00000000-0000-0000-0000-000000000001,a511b46a-10b8-465e-bb0a-278862caf056,b6b9520fb8e65755c7581b67a888415c,Female,null,null,null,null,2025-05-05 04:45:36+00,new,null,null,null,null,null,null,null,null,null,null,null,null,null,null,10,2026-08-03 09:34:14.976+00,null
91790eb8-6491-6d23-ef11-754f8866657b,00000000-0000-0000-0000-000000000001,a511b46a-10b8-465e-bb0a-278862caf056,628b054d8d48dfccad8347af6d975814,Male,null,null,null,null,2025-05-05 04:45:36+00,exited,null,null,null,null,null,null,null,null,null,null,null,null,null,null,10,2026-08-03 09:34:14.971+00,5dda0b14-713b-46d0-a6ce-a7a33a2fb6f9
917c05f9-ce5e-22cc-4ed5-85e8a7cded1f,00000000-0000-0000-0000-000000000001,a511b46a-10b8-465e-bb0a-278862caf056,a47a00b15e98b6adc73d0fe9b8993c92,Female,null,"Besant technologies ",SAP,null,2025-05-05 04:45:36+00,new,null,null,null,null,null,null,null,null,null,null,null,null,null,null,10,2026-08-03 09:34:15.024+00,null
918397ce-ad06-ebae-8990-f1b6d2224b4f,00000000-0000-0000-0000-000000000001,a511b46a-10b8-465e-bb0a-278862caf056,0f7b65d1be07c1a772c28306b84f3e42,Male,null,Ernst & Young LLP,Technology Consulting,null,2025-05-05 04:45:36+00,exited,null,null,null,null,null,null,null,null,null,null,null,null,null,null,10,2026-08-03 09:34:16.065+00,5dda0b14-713b-46d0-a6ce-a7a33a2fb6f9
91a75af3-82d0-8cf8-3aab-ecbb3f6d94e5,00000000-0000-0000-0000-000000000001,a511b46a-10b8-465e-bb0a-278862caf056,f8519565d895c72e5bb1406b558fb017,Male,null,BA Continuum India Pvt Ltd,Software Engineer I A,null,2025-05-05 04:45:36+00,exited,null,null,null,null,null,null,null,null,null,null,null,null,null,null,10,2026-08-03 09:34:16.129+00,5dda0b14-713b-46d0-a6ce-a7a33a2fb6f9
91d118b1-a54f-8461-fb1a-d9503d316725,00000000-0000-0000-0000-000000000001,a511b46a-10b8-465e-bb0a-278862caf056,22c2508333af52be2d9d9025946ae379,Female,null,Tiger Analytics,Data Analyst,null,2025-05-05 04:45:36+00,exited,null,null,null,null,null,null,null,null,null,null,null,null,null,null,10,2026-08-03 09:34:16.122+00,5dda0b14-713b-46d0-a6ce-a7a33a2fb6f9
91f3e470-906b-8c51-276b-0edca0862f6e,00000000-0000-0000-0000-000000000001,a511b46a-10b8-465e-bb0a-278862caf056,17057af36767e692f5f6b4fc86fff72c,Male,null,Latent View,Asst Manager,null,2025-05-05 04:45:36+00,exited,null,null,null,null,null,null,null,null,null,null,null,null,null,null,10,2026-08-03 09:34:16.065+00,5dda0b14-713b-46d0-a6ce-a7a33a2fb6f9
9237fd94-4146-29c4-9925-d1baaf60cae8,00000000-0000-0000-0000-000000000001,a511b46a-10b8-465e-bb0a-278862caf056,37a469a160d63d1e516cad3f3a176784,Male,null,CAMS,Senior Product Manager,null,2025-05-05 04:45:36+00,exited,null,null,null,null,null,null,null,null,null,null,null,null,null,null,10,2026-08-03 09:34:16.171+00,5dda0b14-713b-46d0-a6ce-a7a33a2fb6f9
929ba837-271f-6434-c5bd-b4d03678ebf5,00000000-0000-0000-0000-000000000001,a511b46a-10b8-465e-bb0a-278862caf056,86c03936ff6bcd3af2f5c20ac80862e1,Female,null,null,null,null,2025-05-05 04:45:36+00,exited,null,null,null,null,null,null,null,null,null,null,null,null,null,null,10,2026-08-03 09:34:16.27+00,5dda0b14-713b-46d0-a6ce-a7a33a2fb6f9
92e5d758-7672-74d5-68d0-ccb89bd3c488,00000000-0000-0000-0000-000000000001,a511b46a-10b8-465e-bb0a-278862caf056,48fe1c58fb43b28f705ea7d6c163dd63,Male,null,null,null,null,2025-05-05 04:45:36+00,exited,null,null,null,null,null,null,null,null,null,null,null,null,null,null,10,2026-08-03 09:34:16.166+00,5dda0b14-713b-46d0-a6ce-a7a33a2fb6f9
9343225e-8e89-3edc-0ade-7230c9114742,00000000-0000-0000-0000-000000000001,a511b46a-10b8-465e-bb0a-278862caf056,253ed4e1e443bf5ab682c7e7649c51a4,Male,null,HDFC BANK,CREDIT INTELLIGENCE AND CONTROL OFFICER,null,2025-05-05 04:45:36+00,new,null,null,null,null,null,null,null,null,null,null,null,null,null,null,10,2026-08-03 09:34:16.131+00,null
938b7931-4bde-a083-d158-635a65e6da73,00000000-0000-0000-0000-000000000001,a511b46a-10b8-465e-bb0a-278862caf056,441e7aa2a233ce8fc23e4058d84bcfdb,Male,null,"Bank of America ","Software ",null,2025-05-05 04:45:36+00,exited,null,null,null,null,null,null,null,null,null,null,null,null,null,null,5,2026-08-03 09:34:16.105+00,5dda0b14-713b-46d0-a6ce-a7a33a2fb6f9
93eb3d6a-d35b-ef1f-83b8-7430b6ad1674,00000000-0000-0000-0000-000000000001,6450dbe5-4652-480f-8e84-2e9d5bcc83a2,d4c1f0805c8a6e021ffd64cbf59a588c,Female,null,null,null,null,2025-05-05 04:45:36+00,staying,null,null,null,null,null,null,null,null,null,null,null,null,null,null,3,2026-08-03 09:34:16.079+00,5dda0b14-713b-46d0-a6ce-a7a33a2fb6f9
93ffab65-d88d-3bbd-9dba-fc0c764f42f4,00000000-0000-0000-0000-000000000001,a511b46a-10b8-465e-bb0a-278862caf056,5c1934fdf5ffda9a9e7476cec538e30d,Male,null,Saint Gobain Research India,Research Engineer 1,null,2025-05-05 04:45:36+00,exited,null,null,null,null,null,null,null,null,null,null,null,null,null,null,4,2026-08-03 09:34:16.165+00,5dda0b14-713b-46d0-a6ce-a7a33a2fb6f9
948e127e-1397-c348-126f-f92cf3d5f5ee,00000000-0000-0000-0000-000000000001,a511b46a-10b8-465e-bb0a-278862caf056,8176770955f7d7a6780387683457aee0,Female,null,National Institute of Fashion Technology,Fashion Design,null,2025-05-05 04:45:36+00,exited,null,null,null,null,null,null,null,null,null,null,null,null,null,null,10,2026-08-03 09:34:16.173+00,5dda0b14-713b-46d0-a6ce-a7a33a2fb6f9
94a44555-23ae-3135-5416-01dc72f3397c,00000000-0000-0000-0000-000000000001,a511b46a-10b8-465e-bb0a-278862caf056,5132f7f805ed482200e06d74c9f0dcfe,Female,null,N\/A,N\/A,null,2025-05-05 04:45:36+00,exited,null,null,null,null,null,null,null,null,null,null,null,null,null,null,6,2026-08-03 09:34:16.09+00,5dda0b14-713b-46d0-a6ce-a7a33a2fb6f9
94b99812-1e90-d6ec-a150-8d329faa5731,00000000-0000-0000-0000-000000000001,a511b46a-10b8-465e-bb0a-278862caf056,8d49022a39d732df0c747f392940b27c,Female,null,null,null,null,2025-05-05 04:45:36+00,exited,null,null,null,null,null,null,null,null,null,null,null,null,null,null,10,2026-08-03 09:34:16.21+00,5dda0b14-713b-46d0-a6ce-a7a33a2fb6f9
94d8e91a-a993-a7d2-cb96-181848f91c40,00000000-0000-0000-0000-000000000001,a511b46a-10b8-465e-bb0a-278862caf056,04448b4cc3c97ca33e7b5f4fe262ab1a,Female,null,null,null,null,2025-05-05 04:45:36+00,exited,null,null,null,null,null,null,null,null,null,null,null,null,null,null,10,2026-08-03 09:34:16.177+00,5dda0b14-713b-46d0-a6ce-a7a33a2fb6f9
950dd22f-78fa-d205-48b3-fe5a5cc7438e,00000000-0000-0000-0000-000000000001,fee1f1f0-cbf9-4748-8b6d-ed212c176875,9c748fe4cb61448d3c4e79a74ac9a71a,Male,null,mcdermott,Lead/Senior principal pipeline designer ine,null,2025-05-05 04:45:36+00,staying,null,null,null,null,null,null,null,null,null,null,null,null,null,null,3,2026-08-03 09:34:16.175+00,5dda0b14-713b-46d0-a6ce-a7a33a2fb6f9
9541a16d-d020-eb78-80f1-a4a2d4b7775f,00000000-0000-0000-0000-000000000001,8907d38d-cad4-4535-b347-dca050a5060f,bd1fcf53813e482e7a25b58ba7a50ba3,Male,null,Gyan Data Private Limited,Project Manager,null,2025-05-05 04:45:36+00,staying,null,null,null,null,null,null,null,null,null,null,null,null,null,null,4,2026-08-03 09:34:16.232+00,5dda0b14-713b-46d0-a6ce-a7a33a2fb6f9
955a31f0-4ce6-e583-d7a5-2f685446c8d4,00000000-0000-0000-0000-000000000001,a511b46a-10b8-465e-bb0a-278862caf056,5803e28ee68036bc4fc471715975a069,Female,null,Law office by Karthikeyan,Intern,null,2025-05-05 04:45:36+00,exited,null,null,null,null,null,null,null,null,null,null,null,null,null,null,10,2026-08-03 09:34:16.3+00,5dda0b14-713b-46d0-a6ce-a7a33a2fb6f9
957835f1-148f-a349-d649-c485222c637b,00000000-0000-0000-0000-000000000001,a511b46a-10b8-465e-bb0a-278862caf056,8357a5a3c8087cfeba20bfe3f9468a30,Female,null,null,null,null,2025-05-05 04:45:36+00,new,null,null,null,null,null,null,null,null,null,null,null,null,null,null,10,2026-08-03 09:34:16.231+00,null
95de5050-bf0e-94e1-0f53-88aca5bab8e0,00000000-0000-0000-0000-000000000001,a511b46a-10b8-465e-bb0a-278862caf056,5b8c04b809b3929175ba3a71c802ff52,Male,null,Pioneer Infotech,Senior software Engineer,null,2025-05-05 04:45:36+00,exited,null,null,null,null,null,null,null,null,null,null,null,null,null,null,10,2026-08-03 09:34:16.168+00,5dda0b14-713b-46d0-a6ce-a7a33a2fb6f9
9642c1f8-d11f-f110-37b7-9bbe04c84bad,00000000-0000-0000-0000-000000000001,a511b46a-10b8-465e-bb0a-278862caf056,d85c2457d7248e8593984db4fbd1f0d3,Female,null,Bank of America,Software Engineer,null,2025-05-05 04:45:36+00,exited,null,null,null,null,null,null,null,null,null,null,null,null,null,null,6,2026-08-03 09:34:16.22+00,5dda0b14-713b-46d0-a6ce-a7a33a2fb6f9
9653a402-ff75-bbdf-8cc6-1cb0ca01f233,00000000-0000-0000-0000-000000000001,e89bf38b-cba8-44cf-8cbe-6d2e40816e1f,80cc14cd4e9b866d4d5623b98c5c2ed1,Male,null,AWAN INFO TECH,"Consultant ",null,2025-05-05 04:45:36+00,staying,null,null,null,null,null,null,null,null,null,null,null,null,null,null,3,2026-08-03 09:34:16.134+00,5dda0b14-713b-46d0-a6ce-a7a33a2fb6f9
96eb765e-8626-caf6-aa02-fa3862c1f129,00000000-0000-0000-0000-000000000001,a511b46a-10b8-465e-bb0a-278862caf056,b3e991beb2a881b744ff52383596323e,Female,null,Agilysys Technologies,Business analyst,null,2025-05-05 04:45:36+00,exited,null,null,null,null,null,null,null,null,null,null,null,null,null,null,10,2026-08-03 09:34:16.169+00,5dda0b14-713b-46d0-a6ce-a7a33a2fb6f9
9714e9c1-0eab-8c23-1dd7-2071a458be87,00000000-0000-0000-0000-000000000001,a511b46a-10b8-465e-bb0a-278862caf056,97ecd2159a1cfe26e72e0c626df3762b,Female,null,null,null,null,2025-05-05 04:45:36+00,exited,null,null,null,null,null,null,null,null,null,null,null,null,null,null,5,2026-08-03 09:34:16.181+00,5dda0b14-713b-46d0-a6ce-a7a33a2fb6f9
9721fe81-75b8-a314-4319-a323cdd3423b,00000000-0000-0000-0000-000000000001,a511b46a-10b8-465e-bb0a-278862caf056,d1894f4929f4714d52c52f9bce833ff5,Female,null,null,null,null,2025-05-05 04:45:36+00,exited,null,null,null,null,null,null,null,null,null,null,null,null,null,null,6,2026-08-03 09:34:16.177+00,5dda0b14-713b-46d0-a6ce-a7a33a2fb6f9
97df6798-c997-e797-69e0-f9b4b90aa285,00000000-0000-0000-0000-000000000001,a511b46a-10b8-465e-bb0a-278862caf056,d1df6eccfee9dc767db22f93a1c3a37a,Male,null,"Baton Systems ","Support Engineer ",null,2025-05-05 04:45:36+00,exited,null,null,null,null,null,null,null,null,null,null,null,null,null,null,6,2026-08-03 09:34:16.211+00,5dda0b14-713b-46d0-a6ce-a7a33a2fb6f9
981819eb-5033-3aee-aa78-24c51405ba91,00000000-0000-0000-0000-000000000001,a511b46a-10b8-465e-bb0a-278862caf056,04d1043f8dd7bc263b2fd9cf4a88e128,Female,null,NIFT CHENNAI,"Design ",null,2025-05-05 04:45:36+00,exited,null,null,null,null,null,null,null,null,null,null,null,null,null,null,10,2026-08-03 09:34:16.235+00,5dda0b14-713b-46d0-a6ce-a7a33a2fb6f9
98237e16-b1dc-abe4-877b-80dda2679276,00000000-0000-0000-0000-000000000001,a511b46a-10b8-465e-bb0a-278862caf056,fc69a1d6c9ec9c1d5e17b3ee3663e8cc,Male,null,null,null,null,2025-05-05 04:45:36+00,exited,null,null,null,null,null,null,null,null,null,null,null,null,null,null,10,2026-08-03 09:34:16.222+00,5dda0b14-713b-46d0-a6ce-a7a33a2fb6f9
982397b8-b96b-4d87-eb8b-62916e148d45,00000000-0000-0000-0000-000000000001,19d38e03-32e5-4556-95bb-1385047610b6,c1b0a2043c412a41190aabee5f340972,Female,null,Shell India Markets Pvt Ltd,Debt management analyst,null,2025-05-05 04:45:36+00,exited,null,null,null,null,null,null,null,null,null,null,null,null,null,null,4,2026-08-03 09:34:16.181+00,5dda0b14-713b-46d0-a6ce-a7a33a2fb6f9
9831799d-558f-14e4-56d9-203d49083c38,00000000-0000-0000-0000-000000000001,a511b46a-10b8-465e-bb0a-278862caf056,244fb517c4fe26d96e0a371c0c3a3d6e,Female,null,null,null,null,2025-05-05 04:45:36+00,exited,null,null,null,null,null,null,null,null,null,null,null,null,null,null,10,2026-08-03 09:34:16.171+00,5dda0b14-713b-46d0-a6ce-a7a33a2fb6f9
9842fbe1-4d57-13e7-6abf-aed2f18d4ca0,00000000-0000-0000-0000-000000000001,a511b46a-10b8-465e-bb0a-278862caf056,d1b93569a2c6c29ef3cdcfc7e6d7f16f,Male,null,Sify,Software engineer,null,2025-05-05 04:45:36+00,exited,null,null,null,null,null,null,null,null,null,null,null,null,null,null,6,2026-08-03 09:34:16.232+00,5dda0b14-713b-46d0-a6ce-a7a33a2fb6f9
98729b16-2b98-4a56-2857-48ff0b95b8b5,00000000-0000-0000-0000-000000000001,a511b46a-10b8-465e-bb0a-278862caf056,20e6d9a7e5ea181944920bd61873a501,Male,null,null,null,null,2025-05-05 04:45:36+00,exited,null,null,null,null,null,null,null,null,null,null,null,null,null,null,10,2026-08-03 09:34:16.233+00,5dda0b14-713b-46d0-a6ce-a7a33a2fb6f9
99cb0e3f-ce68-22de-40e4-438506e6b0c3,00000000-0000-0000-0000-000000000001,a511b46a-10b8-465e-bb0a-278862caf056,611785f40afa449454c690103fd9c4f6,Female,null,NIFT,Fashion design,null,2025-05-05 04:45:36+00,exited,null,null,null,null,null,null,null,null,null,null,null,null,null,null,6,2026-08-03 09:34:16.177+00,5dda0b14-713b-46d0-a6ce-a7a33a2fb6f9
9a65c3bf-a5bf-0de8-f36a-be067b91662a,00000000-0000-0000-0000-000000000001,a511b46a-10b8-465e-bb0a-278862caf056,7a98749b687e2d708d398953f91da8a1,Male,null,null,null,null,2025-05-05 04:45:36+00,exited,null,null,null,null,null,null,null,null,null,null,null,null,null,null,10,2026-08-03 09:34:16.219+00,5dda0b14-713b-46d0-a6ce-a7a33a2fb6f9
9a94c98b-55ed-adb4-87bf-7c9eaa99a84d,00000000-0000-0000-0000-000000000001,a511b46a-10b8-465e-bb0a-278862caf056,73bfcbb907e6eea3427bf9321473883b,Male,null,Casagrand builders,Marketing Head,null,2025-05-05 04:45:36+00,exited,null,null,null,null,null,null,null,null,null,null,null,null,null,null,10,2026-08-03 09:34:16.225+00,5dda0b14-713b-46d0-a6ce-a7a33a2fb6f9
9a9f0bbf-13e2-827f-16d1-fa0b3e63adef,00000000-0000-0000-0000-000000000001,a511b46a-10b8-465e-bb0a-278862caf056,f8184ee4fe2f030bb496dc42ed0d5632,Female,null,null,null,null,2025-05-05 04:45:36+00,exited,null,null,null,null,null,null,null,null,null,null,null,null,null,null,10,2026-08-03 09:34:16.147+00,5dda0b14-713b-46d0-a6ce-a7a33a2fb6f9
9aab8e6f-97e4-131f-c6cd-a91d11668656,00000000-0000-0000-0000-000000000001,a511b46a-10b8-465e-bb0a-278862caf056,1b8c9b0049299e2e866efb91cdd8ca5e,Female,null,Computer Age Management Systems,Assistant Vice President,null,2025-05-05 04:45:36+00,exited,null,null,null,null,null,null,null,null,null,null,null,null,null,null,4,2026-08-03 09:34:16.21+00,5dda0b14-713b-46d0-a6ce-a7a33a2fb6f9
9ac3331a-6738-8047-e8ca-91f09cac5444,00000000-0000-0000-0000-000000000001,a511b46a-10b8-465e-bb0a-278862caf056,7fd488f9b2e916797cfd94a26611fbc7,Male,null,DISYS,General Management,null,2025-05-05 04:45:36+00,exited,null,null,null,null,null,null,null,null,null,null,null,null,null,null,10,2026-08-03 09:34:16.232+00,5dda0b14-713b-46d0-a6ce-a7a33a2fb6f9
9ae383b9-ccda-bfb6-bef4-a764b043b8c9,00000000-0000-0000-0000-000000000001,a511b46a-10b8-465e-bb0a-278862caf056,8954b6a88d6121df47a182271b469bf4,Male,null,Dr Lal pathlabs,Area manager,null,2025-05-05 04:45:36+00,exited,null,null,null,null,null,null,null,null,null,null,null,null,null,null,10,2026-08-03 09:34:16.21+00,5dda0b14-713b-46d0-a6ce-a7a33a2fb6f9
9b39042f-8f31-8005-22b0-e41d8d856b61,00000000-0000-0000-0000-000000000001,a511b46a-10b8-465e-bb0a-278862caf056,dab1014340668c95c1dc74bdcd441fed,null,null,null,null,null,2025-05-05 04:45:36+00,exited,null,null,null,null,null,null,null,null,null,null,null,null,null,null,10,2026-08-03 09:34:16.201+00,5dda0b14-713b-46d0-a6ce-a7a33a2fb6f9
9b3925f8-4a9e-4735-7dbc-bf5a8dfff4d6,00000000-0000-0000-0000-000000000001,a511b46a-10b8-465e-bb0a-278862caf056,17ff94f047dd93765e99e1ff3c7cf6ec,Female,null,Ayelet Studio,Narrative Designer,null,2025-05-05 04:45:36+00,exited,null,null,null,null,null,null,null,null,null,null,null,null,null,null,6,2026-08-03 09:34:16.153+00,5dda0b14-713b-46d0-a6ce-a7a33a2fb6f9
9b44bdef-cf8b-eacd-ee70-53714e8decd4,00000000-0000-0000-0000-000000000001,a511b46a-10b8-465e-bb0a-278862caf056,8217e0c1937cb348b23e08762deabaff,Male,null,null,null,null,2025-05-05 04:45:36+00,exited,null,null,null,null,null,null,null,null,null,null,null,null,null,null,10,2026-08-03 09:34:16.225+00,5dda0b14-713b-46d0-a6ce-a7a33a2fb6f9
9c916618-64b4-6c3e-0d5b-d33a42a6b966,00000000-0000-0000-0000-000000000001,a511b46a-10b8-465e-bb0a-278862caf056,55ead399900ee55e0b213c91e76c23ef,Female,null,Trane Technologies,Software Engineer,null,2025-05-05 04:45:36+00,exited,null,null,null,null,null,null,null,null,null,null,null,null,null,null,6,2026-08-03 09:34:16.227+00,5dda0b14-713b-46d0-a6ce-a7a33a2fb6f9
9cb00f2a-555b-1a9a-dad9-b812feb2d454,00000000-0000-0000-0000-000000000001,a511b46a-10b8-465e-bb0a-278862caf056,05a647f12c12648d268ce41c9d00956a,Female,null,null,null,null,2025-05-05 04:45:36+00,exited,null,null,null,null,null,null,null,null,null,null,null,null,null,null,10,2026-08-03 09:34:17.211+00,5dda0b14-713b-46d0-a6ce-a7a33a2fb6f9
9d222235-3774-2080-1ce8-b145e39f24cc,00000000-0000-0000-0000-000000000001,a511b46a-10b8-465e-bb0a-278862caf056,24e66f4151973fecbfc51b952b4d1d44,Female,null,null,null,null,2025-05-05 04:45:36+00,exited,null,null,null,null,null,null,null,null,null,null,null,null,null,null,10,2026-08-03 09:34:17.223+00,5dda0b14-713b-46d0-a6ce-a7a33a2fb6f9
9defe9e8-4059-ba6b-5abd-0d1304e73008,00000000-0000-0000-0000-000000000001,514c3ec0-5d9d-4519-8116-c923d6b94ae4,c83fcb7b9cdb8f44b85a7d4d0972960c,Male,null,CAMS,Software engineer,null,2025-05-05 04:45:36+00,staying,null,null,null,null,null,null,null,null,null,null,null,null,null,null,5,2026-08-03 09:34:17.214+00,5dda0b14-713b-46d0-a6ce-a7a33a2fb6f9
9df77882-f224-9a8e-fe11-d7379a1cbc68,00000000-0000-0000-0000-000000000001,a511b46a-10b8-465e-bb0a-278862caf056,98ab1ddb1e7e539a5bb98d823eda900a,null,null,null,null,null,2025-05-05 04:45:36+00,new,null,null,null,null,null,null,null,null,null,null,null,null,null,null,10,2026-08-03 09:34:17.214+00,null
9e3eab4d-7679-7224-69a8-5ebf6f7fb799,00000000-0000-0000-0000-000000000001,a511b46a-10b8-465e-bb0a-278862caf056,c217686b958bd2cdd8e0bee011b9f058,Male,null,KLA,Application Engineer,null,2025-05-05 04:45:36+00,new,null,null,null,null,null,null,null,null,null,null,null,null,null,null,10,2026-08-03 09:34:17.266+00,null
9e64e0fa-e34a-1c76-8e4a-1452643fab9a,00000000-0000-0000-0000-000000000001,a511b46a-10b8-465e-bb0a-278862caf056,b3f5f80989f05b446a832ae931dbdb92,Female,null,Kotak Mahindra Bank,Deputy manager,null,2025-05-05 04:45:36+00,exited,null,null,null,null,null,null,null,null,null,null,null,null,null,null,5,2026-08-03 09:34:17.253+00,5dda0b14-713b-46d0-a6ce-a7a33a2fb6f9
9e8f2431-1663-fb51-d4cb-87f4c2276e38,00000000-0000-0000-0000-000000000001,a511b46a-10b8-465e-bb0a-278862caf056,6922ffb154c31620ad7949d67cc3db4d,Female,null,T.I.M.E,Student,null,2025-05-05 04:45:36+00,new,null,null,null,null,null,null,null,null,null,null,null,null,null,null,10,2026-08-03 09:34:17.263+00,null
9f04d505-4407-bee3-3bb2-35e98846f5c0,00000000-0000-0000-0000-000000000001,a511b46a-10b8-465e-bb0a-278862caf056,82bb87599863f9ae40833c9e962aeb01,Female,null,null,null,null,2025-05-05 04:45:36+00,exited,null,null,null,null,null,null,null,null,null,null,null,null,null,null,6,2026-08-03 09:34:17.29+00,5dda0b14-713b-46d0-a6ce-a7a33a2fb6f9
9f698289-30a8-e65b-7e90-9bae79935e70,00000000-0000-0000-0000-000000000001,a511b46a-10b8-465e-bb0a-278862caf056,2ecd5ddb9285d0c3e83df1b494533c46,Male,null,null,null,null,2025-05-05 04:45:36+00,exited,null,null,null,null,null,null,null,null,null,null,null,null,null,null,10,2026-08-03 09:34:17.293+00,5dda0b14-713b-46d0-a6ce-a7a33a2fb6f9
9f900469-9386-2160-8119-f92d41750c33,00000000-0000-0000-0000-000000000001,a511b46a-10b8-465e-bb0a-278862caf056,3f389e664c9616334f43e54144e89f75,Female,null,null,null,null,2025-05-05 04:45:36+00,exited,null,null,null,null,null,null,null,null,null,null,null,null,null,null,10,2026-08-03 09:34:17.252+00,5dda0b14-713b-46d0-a6ce-a7a33a2fb6f9
9fb85705-b4f4-4da4-29f3-baa1722dc8e3,00000000-0000-0000-0000-000000000001,a511b46a-10b8-465e-bb0a-278862caf056,86ca6490546fc8afe61b150f10b78156,Male,null,null,null,null,2025-05-05 04:45:36+00,exited,null,null,null,null,null,null,null,null,null,null,null,null,null,null,10,2026-08-03 09:34:17.264+00,5dda0b14-713b-46d0-a6ce-a7a33a2fb6f9
a02cbd94-db98-954a-1f90-9e4d2a8b0fa3,00000000-0000-0000-0000-000000000001,a511b46a-10b8-465e-bb0a-278862caf056,2a1f56b908143d1752f22593f0b73463,Female,null,null,null,null,2025-05-05 04:45:36+00,new,null,null,null,null,null,null,null,null,null,null,null,null,null,null,10,2026-08-03 09:34:17.277+00,null
a0a90727-0e65-186e-98c0-ce95599a6c6b,00000000-0000-0000-0000-000000000001,a511b46a-10b8-465e-bb0a-278862caf056,891e27dac1488d9cf42e17e8c774b2a5,Female,null,null,null,null,2025-05-05 04:45:36+00,exited,null,null,null,null,null,null,null,null,null,null,null,null,null,null,10,2026-08-03 09:34:17.384+00,5dda0b14-713b-46d0-a6ce-a7a33a2fb6f9
a0d1928e-1f94-6060-c256-0e725600dd86,00000000-0000-0000-0000-000000000001,a511b46a-10b8-465e-bb0a-278862caf056,4a1b88eed98366fb566b99b724d02fc5,Male,null,null,null,null,2025-05-05 04:45:36+00,exited,null,null,null,null,null,null,null,null,null,null,null,null,null,null,10,2026-08-03 09:34:17.299+00,5dda0b14-713b-46d0-a6ce-a7a33a2fb6f9
a1efb56f-59ef-8946-81e6-ff90741001d3,00000000-0000-0000-0000-000000000001,a511b46a-10b8-465e-bb0a-278862caf056,e61ba927f073f21197a35579cb9376ae,Male,null,Astrazenca,It employee,null,2025-05-05 04:45:36+00,exited,null,null,null,null,null,null,null,null,null,null,null,null,null,null,10,2026-08-03 09:34:17.295+00,5dda0b14-713b-46d0-a6ce-a7a33a2fb6f9
a21826f9-a253-e7a0-bffc-493527c0c27c,00000000-0000-0000-0000-000000000001,a511b46a-10b8-465e-bb0a-278862caf056,fd98b4915e33948f7b56c963b021f6d5,Female,null,NIFT college,Student,null,2025-05-05 04:45:36+00,exited,null,null,null,null,null,null,null,null,null,null,null,null,null,null,10,2026-08-03 09:34:17.318+00,5dda0b14-713b-46d0-a6ce-a7a33a2fb6f9
a37952d0-6157-9f25-17d5-9eb05d1d5c99,00000000-0000-0000-0000-000000000001,a511b46a-10b8-465e-bb0a-278862caf056,dc6439484daf0a655501edb766a0d53f,Female,null,null,null,null,2025-05-05 04:45:36+00,exited,null,null,null,null,null,null,null,null,null,null,null,null,null,null,10,2026-08-03 09:34:17.343+00,5dda0b14-713b-46d0-a6ce-a7a33a2fb6f9
a38721f4-003a-7262-22a7-44e0f2c0754d,00000000-0000-0000-0000-000000000001,a511b46a-10b8-465e-bb0a-278862caf056,c72fcd5706feb57ebe35ba84237b52ea,Female,null,Kaavian systems Pvt Ltd,2019\/12\/1,null,2025-05-05 04:45:36+00,exited,null,null,null,null,null,null,null,null,null,null,null,null,null,null,6,2026-08-03 09:34:17.326+00,5dda0b14-713b-46d0-a6ce-a7a33a2fb6f9
a3bd9264-4572-2548-a85d-c48e8880773b,00000000-0000-0000-0000-000000000001,a511b46a-10b8-465e-bb0a-278862caf056,384293a2732151a80173cf57d3029aa3,Male,null,Tiger Analytics,Data Scientist,null,2025-05-05 04:45:36+00,exited,null,null,null,null,null,null,null,null,null,null,null,null,null,null,6,2026-08-03 09:34:17.284+00,5dda0b14-713b-46d0-a6ce-a7a33a2fb6f9
a444fc44-8bca-304d-6698-2eae9037323b,00000000-0000-0000-0000-000000000001,a511b46a-10b8-465e-bb0a-278862caf056,a277a075cc4076ce77e02258702c2026,Male,null,CitiBank,Sr. Manager,null,2025-05-05 04:45:36+00,exited,null,null,null,null,null,null,null,null,null,null,null,null,null,null,6,2026-08-03 09:34:17.365+00,5dda0b14-713b-46d0-a6ce-a7a33a2fb6f9
a4709d2c-85e2-3d68-7467-1eaf879ba2c9,00000000-0000-0000-0000-000000000001,bf9b2292-be26-4a89-8886-9b09a978d03a,d1eae652508d26c20a434e633c845ed5,Female,null,Deloitte,Audit Senior Assistant,null,2025-05-05 04:45:36+00,staying,null,null,null,null,null,null,null,null,null,null,null,null,null,null,3,2026-08-03 09:34:17.43+00,5dda0b14-713b-46d0-a6ce-a7a33a2fb6f9
a49b0cf0-1628-8e87-9dab-bcaadef590a2,00000000-0000-0000-0000-000000000001,a511b46a-10b8-465e-bb0a-278862caf056,bc8d93a6bd031501fc3a2dd54c1b4bc8,Female,null,Amazon,"AI Content Writer ",null,2025-05-05 04:45:36+00,exited,null,null,null,null,null,null,null,null,null,null,null,null,null,null,10,2026-08-03 09:34:17.358+00,5dda0b14-713b-46d0-a6ce-a7a33a2fb6f9
a49edc5e-14e1-73a9-9ebf-3d05c46e281b,00000000-0000-0000-0000-000000000001,a511b46a-10b8-465e-bb0a-278862caf056,b9ebee3f1de20914572a3844580dbba3,Male,null,null,null,null,2025-05-05 04:45:36+00,exited,null,null,null,null,null,null,null,null,null,null,null,null,null,null,10,2026-08-03 09:34:17.297+00,5dda0b14-713b-46d0-a6ce-a7a33a2fb6f9
a4ad6467-4ec1-fa00-797a-7e2124bd00ab,00000000-0000-0000-0000-000000000001,a511b46a-10b8-465e-bb0a-278862caf056,c766ea7775b9d0956c7acaaf33d68654,Female,null,Citi,Technology Analyst,null,2025-05-05 04:45:36+00,exited,null,null,null,null,null,null,null,null,null,null,null,null,null,null,10,2026-08-03 09:34:17.419+00,5dda0b14-713b-46d0-a6ce-a7a33a2fb6f9
a4ef95bf-1c7c-4c4d-0497-ae38085af6cc,00000000-0000-0000-0000-000000000001,7ca69a94-a88d-4a88-84a9-48482a36dd3e,ef03c071e60b102ebfe53f2c87d323ef,Female,null,Bala Vidya Mandir Sr.Sec.School,PGT,null,2025-05-05 04:45:36+00,staying,null,null,null,null,null,null,null,null,null,null,null,null,null,null,4,2026-08-03 09:34:17.365+00,5dda0b14-713b-46d0-a6ce-a7a33a2fb6f9
a4fda539-b878-9e2f-4784-30335f386517,00000000-0000-0000-0000-000000000001,a511b46a-10b8-465e-bb0a-278862caf056,b287bfc7a77d3627f4a78591ce7b1bb1,Male,null,"Penna cements ","Mechanical engineer ",null,2025-05-05 04:45:36+00,exited,null,null,null,null,null,null,null,null,null,null,null,null,null,null,6,2026-08-03 09:34:17.317+00,5dda0b14-713b-46d0-a6ce-a7a33a2fb6f9
a6037691-771e-8146-3714-f9dedb8acbcc,00000000-0000-0000-0000-000000000001,a511b46a-10b8-465e-bb0a-278862caf056,962fc5a50a310125e689f4b118b12dde,Male,null,Bank of America,"Software Engineer ",null,2025-05-05 04:45:36+00,staying,null,null,null,null,null,null,null,null,null,null,null,null,null,null,6,2026-08-03 09:34:17.383+00,5dda0b14-713b-46d0-a6ce-a7a33a2fb6f9
a61eb28c-5bcb-2c0e-6f0d-aea5a35e9f30,00000000-0000-0000-0000-000000000001,a511b46a-10b8-465e-bb0a-278862caf056,9d6907f1edd860ac9f7cf3fd7e1ac89b,Male,null,null,null,null,2025-05-05 04:45:36+00,exited,null,null,null,null,null,null,null,null,null,null,null,null,null,null,6,2026-08-03 09:34:17.332+00,5dda0b14-713b-46d0-a6ce-a7a33a2fb6f9
a64019d6-e321-3cb8-e823-478ced6ff4c2,00000000-0000-0000-0000-000000000001,a511b46a-10b8-465e-bb0a-278862caf056,935aed4625b1183bbd6f21da73c72960,Male,null,TCS,Business Analyst,null,2025-05-05 04:45:36+00,exited,null,null,null,null,null,null,null,null,null,null,null,null,null,null,5,2026-08-03 09:34:17.331+00,5dda0b14-713b-46d0-a6ce-a7a33a2fb6f9
a66a39a1-af53-6290-1e0b-7fc51cc20608,00000000-0000-0000-0000-000000000001,a511b46a-10b8-465e-bb0a-278862caf056,91604b2e1125f562d368b222ad6b8c6e,Female,null,NORTHERN ARC CAPITAL,Internship,null,2025-05-05 04:45:36+00,exited,null,null,null,null,null,null,null,null,null,null,null,null,null,null,5,2026-08-03 09:34:17.365+00,5dda0b14-713b-46d0-a6ce-a7a33a2fb6f9
a69637f4-58aa-8c7c-bb78-988df39d5312,00000000-0000-0000-0000-000000000001,a511b46a-10b8-465e-bb0a-278862caf056,788f9f6dc297983826de3f5fd37c4c70,Female,null,null,null,null,2025-05-05 04:45:36+00,exited,null,null,null,null,null,null,null,null,null,null,null,null,null,null,10,2026-08-03 09:34:17.342+00,5dda0b14-713b-46d0-a6ce-a7a33a2fb6f9
a75fdceb-021a-cc46-3632-8d5369c5f2c6,00000000-0000-0000-0000-000000000001,a511b46a-10b8-465e-bb0a-278862caf056,04c496b45fbc051636c1a24822671315,Male,null,Rajaji bhavan Directorate of census operations tamilnadu,statistical investigator,null,2025-05-05 04:45:36+00,exited,null,null,null,null,null,null,null,null,null,null,null,null,null,null,7,2026-08-03 09:34:17.344+00,5dda0b14-713b-46d0-a6ce-a7a33a2fb6f9
a7798da2-f8ee-1840-a1f3-f29a9e764b97,00000000-0000-0000-0000-000000000001,841e0001-1ca8-4c6d-b3d0-1e08821cb315,467f01e52cc1052b687acd6a2a04e3a5,Male,null,Philips,Automation Engineer Intern,null,2025-05-05 04:45:36+00,exited,null,null,null,null,null,null,null,null,null,null,null,null,null,null,3,2026-08-03 09:34:17.356+00,5dda0b14-713b-46d0-a6ce-a7a33a2fb6f9
a7dadee2-80e3-eba0-084f-5f1847bb3aa4,00000000-0000-0000-0000-000000000001,92b1a28e-6d4c-4a22-9237-a570c7b730c6,0a71ad4a463d24a7f6e268da420b1cf6,Male,null,TCS,Assistant Manager,null,2025-05-05 04:45:36+00,staying,null,null,null,null,null,null,null,null,null,null,null,null,null,null,5,2026-08-03 09:34:17.356+00,5dda0b14-713b-46d0-a6ce-a7a33a2fb6f9
a80f0ed1-4b00-bbc6-7203-370029c6bb04,00000000-0000-0000-0000-000000000001,a511b46a-10b8-465e-bb0a-278862caf056,280dcf2d7eed605609eda2e27a64ac8b,Male,null,Photon Interactive Services,Lead Business Analyst,null,2025-05-05 04:45:36+00,exited,null,null,null,null,null,null,null,null,null,null,null,null,null,null,6,2026-08-03 09:34:17.477+00,5dda0b14-713b-46d0-a6ce-a7a33a2fb6f9
a83c1af9-decf-48ef-8576-c97d8b3ca11b,00000000-0000-0000-0000-000000000001,a511b46a-10b8-465e-bb0a-278862caf056,788ead8ad6b67db135f7c926ce34bee3,Male,null,Qualcomm,Engineer,null,2025-05-05 04:45:36+00,exited,null,null,null,null,null,null,null,null,null,null,null,null,null,null,6,2026-08-03 09:34:17.371+00,5dda0b14-713b-46d0-a6ce-a7a33a2fb6f9
a8940edc-bbcb-7d7a-23c1-41287c12db28,00000000-0000-0000-0000-000000000001,a511b46a-10b8-465e-bb0a-278862caf056,7887cb976e372f09bf1b90e2d4970fec,Female,null,Blackbrix,Associate consultant,null,2025-05-05 04:45:36+00,exited,null,null,null,null,null,null,null,null,null,null,null,null,null,null,10,2026-08-03 09:34:17.358+00,5dda0b14-713b-46d0-a6ce-a7a33a2fb6f9
a974c0ea-b223-c4ff-2027-207ec4a462ac,00000000-0000-0000-0000-000000000001,a511b46a-10b8-465e-bb0a-278862caf056,c0b23686d676f3563fbcfb1883946c8a,Male,null,Lennox,Senior security analyst,null,2025-05-05 04:45:36+00,exited,null,null,null,null,null,null,null,null,null,null,null,null,null,null,5,2026-08-03 09:34:17.389+00,5dda0b14-713b-46d0-a6ce-a7a33a2fb6f9
aa88d180-8c53-dbe4-70de-ecf38130d3ce,00000000-0000-0000-0000-000000000001,9e64cb5b-a574-44fe-94fa-e21112fa88bf,a3975cb14aee336135fe312c3ffd6ddf,Female,null,Jman groups,"Software engineer ",null,2025-05-05 04:45:36+00,staying,null,null,null,null,null,null,null,null,null,null,null,null,null,null,6,2026-08-03 09:34:17.387+00,5dda0b14-713b-46d0-a6ce-a7a33a2fb6f9
ab4b64a7-4f08-89f7-9835-689b479f16bd,00000000-0000-0000-0000-000000000001,a511b46a-10b8-465e-bb0a-278862caf056,da2e2afbfe28f778db10a47420f5d108,Female,null,Cams,Sde,null,2025-05-05 04:45:36+00,exited,null,null,null,null,null,null,null,null,null,null,null,null,null,null,6,2026-08-03 09:34:17.419+00,5dda0b14-713b-46d0-a6ce-a7a33a2fb6f9
abc4e249-e040-54f4-f788-e29c570be329,00000000-0000-0000-0000-000000000001,a511b46a-10b8-465e-bb0a-278862caf056,077853d4bcb66e395aa06978d96c1593,Female,null,null,null,null,2025-05-05 04:45:36+00,exited,null,null,null,null,null,null,null,null,null,null,null,null,null,null,10,2026-08-03 09:34:17.356+00,5dda0b14-713b-46d0-a6ce-a7a33a2fb6f9
abd9f8e2-40f4-994c-f326-8ad6c939bb6a,00000000-0000-0000-0000-000000000001,a511b46a-10b8-465e-bb0a-278862caf056,d65604c93f329f08fb52c9ae9b01c184,Female,null,null,null,null,2025-05-05 04:45:36+00,exited,null,null,null,null,null,null,null,null,null,null,null,null,null,null,3,2026-08-03 09:34:17.389+00,5dda0b14-713b-46d0-a6ce-a7a33a2fb6f9
ac062de4-c552-a0d7-9cc1-cbfe89c2ba68,00000000-0000-0000-0000-000000000001,a511b46a-10b8-465e-bb0a-278862caf056,a62b63ffa784bccc608a618fa11fe54f,Male,null,null,null,null,2025-05-05 04:45:36+00,exited,null,null,null,null,null,null,null,null,null,null,null,null,null,null,6,2026-08-03 09:34:18.327+00,5dda0b14-713b-46d0-a6ce-a7a33a2fb6f9
ac48f9eb-d29c-dce0-7bb2-14ddd6c76bc0,00000000-0000-0000-0000-000000000001,a511b46a-10b8-465e-bb0a-278862caf056,7070cec956d29881794d7bfd232b3288,Male,null,null,null,null,2025-05-05 04:45:36+00,exited,null,null,null,null,null,null,null,null,null,null,null,null,null,null,10,2026-08-03 09:34:18.337+00,5dda0b14-713b-46d0-a6ce-a7a33a2fb6f9
ac5ee6bc-de6f-6f5a-a196-731bff043dc7,00000000-0000-0000-0000-000000000001,a511b46a-10b8-465e-bb0a-278862caf056,5a5dfb374301ccc164262d38408ed586,Female,null,Freshworks,Lawyer,null,2025-05-05 04:45:36+00,exited,null,null,null,null,null,null,null,null,null,null,null,null,null,null,3,2026-08-03 09:34:18.337+00,5dda0b14-713b-46d0-a6ce-a7a33a2fb6f9
ac851bed-41fc-0f41-cf0d-214d17cf53cd,00000000-0000-0000-0000-000000000001,a511b46a-10b8-465e-bb0a-278862caf056,792e11beeb1a04ca8d729b0f778d409a,Male,null,Baton System,Industrial Trainee,null,2025-05-05 04:45:36+00,exited,null,null,null,null,null,null,null,null,null,null,null,null,null,null,6,2026-08-03 09:34:18.337+00,5dda0b14-713b-46d0-a6ce-a7a33a2fb6f9
ad5e108b-2d8f-7295-b9d3-e331902dacbf,00000000-0000-0000-0000-000000000001,a511b46a-10b8-465e-bb0a-278862caf056,b1d32611d5341ce4751c1817abbb11d8,Female,null,Ramco systems,Business consultant,null,2025-05-05 04:45:36+00,exited,null,null,null,null,null,null,null,null,null,null,null,null,null,null,10,2026-08-03 09:34:18.394+00,5dda0b14-713b-46d0-a6ce-a7a33a2fb6f9
ad9adfaa-1aec-67d1-114f-c61cdeb7d5ed,00000000-0000-0000-0000-000000000001,a511b46a-10b8-465e-bb0a-278862caf056,47f45fe6787667825cc7f2c3f8c39800,Male,null,Baton System,Industrial Trainee,null,2025-05-05 04:45:36+00,exited,null,null,null,null,null,null,null,null,null,null,null,null,null,null,10,2026-08-03 09:34:18.359+00,5dda0b14-713b-46d0-a6ce-a7a33a2fb6f9
ae17092b-b9b3-31a9-8d6a-555889000bbd,00000000-0000-0000-0000-000000000001,a511b46a-10b8-465e-bb0a-278862caf056,b15fcd672a138ed4db175d466441d1ab,Female,null,null,null,null,2025-05-05 04:45:36+00,exited,null,null,null,null,null,null,null,null,null,null,null,null,null,null,6,2026-08-03 09:34:18.348+00,5dda0b14-713b-46d0-a6ce-a7a33a2fb6f9
ae55ee92-2de5-2688-0d4d-095d6b247552,00000000-0000-0000-0000-000000000001,a511b46a-10b8-465e-bb0a-278862caf056,1a6e362a873211b168e13e82f56bed22,Female,null,"National Institute of Fashion Technology ","Master of Fashion Management ",null,2025-05-05 04:45:36+00,exited,null,null,null,null,null,null,null,null,null,null,null,null,null,null,5,2026-08-03 09:34:18.34+00,5dda0b14-713b-46d0-a6ce-a7a33a2fb6f9
ae831e5f-7eb5-4d33-5db9-1d92cdf8f0b5,00000000-0000-0000-0000-000000000001,a511b46a-10b8-465e-bb0a-278862caf056,133e55b876a330aac59316daedd659b4,Male,null,null,null,null,2025-05-05 04:45:36+00,exited,null,null,null,null,null,null,null,null,null,null,null,null,null,null,10,2026-08-03 09:34:18.341+00,5dda0b14-713b-46d0-a6ce-a7a33a2fb6f9
ae8e3d8f-b8b1-bee6-7ee3-4c63215f4668,00000000-0000-0000-0000-000000000001,a511b46a-10b8-465e-bb0a-278862caf056,1748eb64357c3c4e14fb6bbfada80375,Female,null,null,null,null,2025-05-05 04:45:36+00,exited,null,null,null,null,null,null,null,null,null,null,null,null,null,null,10,2026-08-03 09:34:18.432+00,5dda0b14-713b-46d0-a6ce-a7a33a2fb6f9
aea0c505-ca9a-a99f-af7c-e9e3ea95398d,00000000-0000-0000-0000-000000000001,a511b46a-10b8-465e-bb0a-278862caf056,2b3d1f7fc0da0c6e902ee1db429d6ed7,Male,null,null,null,null,2025-05-05 04:45:36+00,exited,null,null,null,null,null,null,null,null,null,null,null,null,null,null,6,2026-08-03 09:34:18.46+00,5dda0b14-713b-46d0-a6ce-a7a33a2fb6f9
aef77983-7800-2a5e-a493-f1d287ebcf25,00000000-0000-0000-0000-000000000001,a511b46a-10b8-465e-bb0a-278862caf056,d6a81a4e3a070fc544e0440f8695278a,Female,null,null,null,null,2025-05-05 04:45:36+00,new,null,null,null,null,null,null,null,null,null,null,null,null,null,null,10,2026-08-03 09:34:18.36+00,null
af0857ce-ea3c-abc6-df15-e8115d91ce57,00000000-0000-0000-0000-000000000001,a511b46a-10b8-465e-bb0a-278862caf056,ecb726581d5c4a085d568879be93f71c,Female,null,null,null,null,2025-05-05 04:45:36+00,exited,null,null,null,null,null,null,null,null,null,null,null,null,null,null,10,2026-08-03 09:34:18.369+00,5dda0b14-713b-46d0-a6ce-a7a33a2fb6f9
af12a12c-92bf-088b-3073-292fe4dfc478,00000000-0000-0000-0000-000000000001,deb2e0ca-9e09-4f4c-aec0-b66d0448a0db,b06c9e251d4aa9a321cf117856cd042b,Male,null,null,null,null,2025-05-05 04:45:36+00,staying,null,null,null,null,null,null,null,null,null,null,null,null,null,null,4,2026-08-03 09:34:18.369+00,5dda0b14-713b-46d0-a6ce-a7a33a2fb6f9
af16fe79-211b-993d-45cc-0c97af4a725c,00000000-0000-0000-0000-000000000001,a511b46a-10b8-465e-bb0a-278862caf056,3233521e40410cb395a1b4da605d46dc,Female,null,"IIT Madras ",Manager,null,2025-05-05 04:45:36+00,exited,null,null,null,null,null,null,null,null,null,null,null,null,null,null,4,2026-08-03 09:34:18.378+00,5dda0b14-713b-46d0-a6ce-a7a33a2fb6f9
af844fa6-0ff0-03b9-9f0b-839af89c7687,00000000-0000-0000-0000-000000000001,a511b46a-10b8-465e-bb0a-278862caf056,bc3c1e5d8dc1daf5b7c996f64093e711,Female,null,NIFT,Undergraduate student,null,2025-05-05 04:45:36+00,exited,null,null,null,null,null,null,null,null,null,null,null,null,null,null,10,2026-08-03 09:34:18.406+00,5dda0b14-713b-46d0-a6ce-a7a33a2fb6f9
af8d560f-407a-4e9b-49e9-88f54d8671f4,00000000-0000-0000-0000-000000000001,25629126-05ba-4081-b497-c843d2df1fd9,b1047268b7ce816a6d66af284dfeaa72,Male,null,Lennox,Engineer,null,2025-05-05 04:45:36+00,exited,null,null,null,null,null,null,null,null,null,null,null,null,null,null,3,2026-08-03 09:34:18.421+00,5dda0b14-713b-46d0-a6ce-a7a33a2fb6f9
afc7dd85-8035-b725-9734-2527ae89eb52,00000000-0000-0000-0000-000000000001,a511b46a-10b8-465e-bb0a-278862caf056,61e680151f14dda0672de0f5e4a8654b,Male,null,null,null,null,2025-05-05 04:45:36+00,exited,null,null,null,null,null,null,null,null,null,null,null,null,null,null,10,2026-08-03 09:34:18.403+00,5dda0b14-713b-46d0-a6ce-a7a33a2fb6f9
b0348aa8-ad9f-d0dd-94e8-c71a6627c930,00000000-0000-0000-0000-000000000001,a511b46a-10b8-465e-bb0a-278862caf056,82f2a40b60e3b4f3c024d2b117748f8a,Female,null,Latentview analytics,Senior analyst,null,2025-05-05 04:45:36+00,staying,null,null,null,null,null,null,null,null,null,null,null,null,null,null,6,2026-08-03 09:34:18.452+00,5dda0b14-713b-46d0-a6ce-a7a33a2fb6f9
b04d5316-5ef3-474d-1b9a-63b703c6f903,00000000-0000-0000-0000-000000000001,a511b46a-10b8-465e-bb0a-278862caf056,8465641dee13a908cf9f41b2d7f20e8e,Female,null,null,null,null,2025-05-05 04:45:36+00,exited,null,null,null,null,null,null,null,null,null,null,null,null,null,null,10,2026-08-03 09:34:18.402+00,5dda0b14-713b-46d0-a6ce-a7a33a2fb6f9
b0a6f0b5-9fd8-112e-2bfa-24fa8a25779b,00000000-0000-0000-0000-000000000001,a511b46a-10b8-465e-bb0a-278862caf056,6460b624bffd3d7ffdfdb81e3df4f234,Male,null,"Wood India ","Dy chief engineer ",null,2025-05-05 04:45:36+00,staying,null,null,null,null,null,null,null,null,null,null,null,null,null,null,6,2026-08-03 09:34:18.476+00,5dda0b14-713b-46d0-a6ce-a7a33a2fb6f9
b0bd49e2-15a2-6bf9-d720-02b08d119703,00000000-0000-0000-0000-000000000001,a511b46a-10b8-465e-bb0a-278862caf056,3a2a8a73d004b9d5a01c8eb5d9c64e02,null,null,null,null,null,2025-05-05 04:45:36+00,exited,null,null,null,null,null,null,null,null,null,null,null,null,null,null,10,2026-08-03 09:34:18.381+00,5dda0b14-713b-46d0-a6ce-a7a33a2fb6f9
b0d0445c-f096-76a5-fe2c-b1763bf811ae,00000000-0000-0000-0000-000000000001,a511b46a-10b8-465e-bb0a-278862caf056,ab5eaa2305062112237959732fa235a5,Female,null,National Institute of Fashion technology,Bachelors of Designing,null,2025-05-05 04:45:36+00,exited,null,null,null,null,null,null,null,null,null,null,null,null,null,null,10,2026-08-03 09:34:18.393+00,5dda0b14-713b-46d0-a6ce-a7a33a2fb6f9
b0f4513c-d0e3-f732-fb01-058a0015bd98,00000000-0000-0000-0000-000000000001,a511b46a-10b8-465e-bb0a-278862caf056,d58af4a708a750ce7860eba22910b900,Female,null,NATIONAL INSTITUTE OF FASHION TECHNOLOGY,FASHION DESIGN,null,2025-05-05 04:45:36+00,exited,null,null,null,null,null,null,null,null,null,null,null,null,null,null,10,2026-08-03 09:34:18.405+00,5dda0b14-713b-46d0-a6ce-a7a33a2fb6f9
b111e4dd-be1d-2c79-3945-480547761b5f,00000000-0000-0000-0000-000000000001,a511b46a-10b8-465e-bb0a-278862caf056,abdeaab2cb38acf452a6b0e06689290c,Female,null,Amazon,Intern,null,2025-05-05 04:45:36+00,exited,null,null,null,null,null,null,null,null,null,null,null,null,null,null,3,2026-08-03 09:34:18.397+00,5dda0b14-713b-46d0-a6ce-a7a33a2fb6f9
b1678783-4859-d51d-472d-a0ee831b2dca,00000000-0000-0000-0000-000000000001,a511b46a-10b8-465e-bb0a-278862caf056,14d8861139fbd55e1cd14adcedb9e0ce,Female,null,CAMS,Analyst- Trainee,null,2025-05-05 04:45:36+00,exited,null,null,null,null,null,null,null,null,null,null,null,null,null,null,10,2026-08-03 09:34:18.494+00,5dda0b14-713b-46d0-a6ce-a7a33a2fb6f9
b19dfc6c-a5d5-734c-3d3d-6389c281b3bb,00000000-0000-0000-0000-000000000001,2717cd7e-47f0-4367-b1c1-e1c1953c4986,12a992012b1121ef5f3c55f786543ee7,Male,null,SIFY,Management Trainee,null,2025-05-05 04:45:36+00,staying,null,null,null,null,null,null,null,null,null,null,null,null,null,null,3,2026-08-03 09:34:18.456+00,5dda0b14-713b-46d0-a6ce-a7a33a2fb6f9
b1a4c558-761c-ebef-6d40-cddeefa29c16,00000000-0000-0000-0000-000000000001,a511b46a-10b8-465e-bb0a-278862caf056,726b3e777765cfc0c4844ca1248777f7,Female,null,National Institute of Fashion Technology,B.Design,null,2025-05-05 04:45:36+00,exited,null,null,null,null,null,null,null,null,null,null,null,null,null,null,10,2026-08-03 09:34:18.394+00,5dda0b14-713b-46d0-a6ce-a7a33a2fb6f9
b26425b9-c906-379a-5637-426b43a06a27,00000000-0000-0000-0000-000000000001,a511b46a-10b8-465e-bb0a-278862caf056,cba50e5ecbfc4d55ec167607e0378f55,Female,null,Wolters Kluwer,Software Engineer,null,2025-05-05 04:45:36+00,exited,null,null,null,null,null,null,null,null,null,null,null,null,null,null,6,2026-08-03 09:34:18.432+00,5dda0b14-713b-46d0-a6ce-a7a33a2fb6f9
b274d6e3-01a3-9f4e-b312-7088b787357d,00000000-0000-0000-0000-000000000001,a511b46a-10b8-465e-bb0a-278862caf056,2cd5df163937f3987c47aaf8ffc74ad5,Male,null,Caterpillar India Engg. Solutions Pvt. Ltd.,CPI Lead,null,2025-05-05 04:45:36+00,exited,null,null,null,null,null,null,null,null,null,null,null,null,null,null,6,2026-08-03 09:34:18.453+00,5dda0b14-713b-46d0-a6ce-a7a33a2fb6f9
b285539d-6e4c-f6f5-ee68-2dc683541067,00000000-0000-0000-0000-000000000001,a511b46a-10b8-465e-bb0a-278862caf056,1b82e0ec4e896551b96341f5677618b8,Male,null,"Latentview Analytics ","Analyst ",null,2025-05-05 04:45:36+00,exited,null,null,null,null,null,null,null,null,null,null,null,null,null,null,3,2026-08-03 09:34:18.424+00,5dda0b14-713b-46d0-a6ce-a7a33a2fb6f9
b2c95a31-a85f-5161-1831-d1b5844db7aa,00000000-0000-0000-0000-000000000001,a511b46a-10b8-465e-bb0a-278862caf056,2cc0e0add6ccbb4e17e3655b3e592362,Male,null,null,null,null,2025-05-05 04:45:36+00,exited,null,null,null,null,null,null,null,null,null,null,null,null,null,null,6,2026-08-03 09:34:18.503+00,5dda0b14-713b-46d0-a6ce-a7a33a2fb6f9
b2f85d5d-acf9-7c53-dc5b-0d3b67b462c5,00000000-0000-0000-0000-000000000001,5d8073aa-00b7-4f0b-be48-eaee4e466f44,e0ea666e687c45199df105c657559ed4,Male,null,null,null,null,2025-05-05 04:45:36+00,staying,null,null,null,null,null,null,null,null,null,null,null,null,null,null,5,2026-08-03 09:34:18.434+00,5dda0b14-713b-46d0-a6ce-a7a33a2fb6f9
b31625ab-8292-0710-db3b-6fddb36a46a7,00000000-0000-0000-0000-000000000001,a511b46a-10b8-465e-bb0a-278862caf056,b216ea7f4002b03898c7bf4849cefabe,Female,null,NIFT CHENNAI,Fashion Communication- Bachelor of Design,null,2025-05-05 04:45:36+00,exited,null,null,null,null,null,null,null,null,null,null,null,null,null,null,10,2026-08-03 09:34:18.453+00,5dda0b14-713b-46d0-a6ce-a7a33a2fb6f9
b31af44f-4ee2-0735-15ff-ed032255fcb8,00000000-0000-0000-0000-000000000001,a511b46a-10b8-465e-bb0a-278862caf056,868454139ba977134ae00fe95d4a592e,Female,null,null,null,null,2025-05-05 04:45:36+00,exited,null,null,null,null,null,null,null,null,null,null,null,null,null,null,10,2026-08-03 09:34:18.452+00,5dda0b14-713b-46d0-a6ce-a7a33a2fb6f9
b350bfbd-5bbb-d523-c32f-5c5d2cc7e980,00000000-0000-0000-0000-000000000001,a511b46a-10b8-465e-bb0a-278862caf056,904e9a62db5867c19ed88393939eb7d2,Male,null,Chargebee,Consultant,null,2025-05-05 04:45:36+00,exited,null,null,null,null,null,null,null,null,null,null,null,null,null,null,6,2026-08-03 09:34:18.494+00,5dda0b14-713b-46d0-a6ce-a7a33a2fb6f9
b35ab73e-3dde-45c6-bbf4-e9866dddd420,00000000-0000-0000-0000-000000000001,a511b46a-10b8-465e-bb0a-278862caf056,573351d75bd296d676bb7d6767cbdd23,Male,null,CSIR,Research Intern,null,2025-05-05 04:45:36+00,exited,null,null,null,null,null,null,null,null,null,null,null,null,null,null,10,2026-08-03 09:34:18.453+00,5dda0b14-713b-46d0-a6ce-a7a33a2fb6f9
b3a1f140-1cfd-8677-8554-de7aaea5a007,00000000-0000-0000-0000-000000000001,a511b46a-10b8-465e-bb0a-278862caf056,1a7abdbfea6bfde0d27594907db6992e,Male,null,IT,IT engineer,null,2025-05-05 04:45:36+00,exited,null,null,null,null,null,null,null,null,null,null,null,null,null,null,10,2026-08-03 09:34:18.453+00,5dda0b14-713b-46d0-a6ce-a7a33a2fb6f9
b486caa2-d587-60c7-5826-c8c735c85a9f,00000000-0000-0000-0000-000000000001,a511b46a-10b8-465e-bb0a-278862caf056,56924e0fa0485d8f18838daa4fef1337,Female,null,EY Tidel Park,Software Professional,null,2025-05-05 04:45:36+00,exited,null,null,null,null,null,null,null,null,null,null,null,null,null,null,10,2026-08-03 09:34:18.469+00,5dda0b14-713b-46d0-a6ce-a7a33a2fb6f9
b4a50439-db13-dc26-d980-eb079b321460,00000000-0000-0000-0000-000000000001,a511b46a-10b8-465e-bb0a-278862caf056,eadd9fd52e74e9eb2d964002f4023243,Female,null,Amazon,ML Data Associate,null,2025-05-05 04:45:36+00,on-notice,null,null,null,null,null,null,null,null,null,null,null,null,null,null,6,2026-08-03 09:34:18.452+00,5dda0b14-713b-46d0-a6ce-a7a33a2fb6f9
b4ba50fa-443b-c07c-2c62-5e1a53b2b424,00000000-0000-0000-0000-000000000001,a511b46a-10b8-465e-bb0a-278862caf056,8eab7dac56565159d89e078a313797de,Female,null,"Center for urbanization, building and environment- CUBE",Jr.Asst.,null,2025-05-05 04:45:36+00,new,null,null,null,null,null,null,null,null,null,null,null,null,null,null,10,2026-08-03 09:34:18.494+00,null
b533de62-fd5f-cc73-01ad-82aaf5df2fd1,00000000-0000-0000-0000-000000000001,a511b46a-10b8-465e-bb0a-278862caf056,7cfb57a248ddeef0ad03e9e963fdcfda,Male,null,Wolters kluwer,Associate infrastructure and operations analyst,null,2025-05-05 04:45:36+00,exited,null,null,null,null,null,null,null,null,null,null,null,null,null,null,4,2026-08-03 09:34:18.46+00,5dda0b14-713b-46d0-a6ce-a7a33a2fb6f9
b5e3cb86-bb85-5f4a-8424-bc50dc9b2651,00000000-0000-0000-0000-000000000001,a511b46a-10b8-465e-bb0a-278862caf056,9bae186321daa990fa945b31a9bbee0c,Female,null,Life and Art academy,Pottery,null,2025-05-05 04:45:36+00,exited,null,null,null,null,null,null,null,null,null,null,null,null,null,null,10,2026-08-03 09:34:18.452+00,5dda0b14-713b-46d0-a6ce-a7a33a2fb6f9
b66b4f8d-d766-062b-7245-0434e16a513b,00000000-0000-0000-0000-000000000001,a511b46a-10b8-465e-bb0a-278862caf056,4711beaab72b488ad8ff1b69171669ad,Female,null,Astrazeneca,Associate Director HR,null,2025-05-05 04:45:36+00,exited,null,null,null,null,null,null,null,null,null,null,null,null,null,null,10,2026-08-03 09:34:18.494+00,5dda0b14-713b-46d0-a6ce-a7a33a2fb6f9
b684ca33-d77e-89a9-090b-58a446770506,00000000-0000-0000-0000-000000000001,a511b46a-10b8-465e-bb0a-278862caf056,392f7555f7a3913ce5a5e8aa2433395f,Male,null,null,null,null,2025-05-05 04:45:36+00,new,null,null,null,null,null,null,null,null,null,null,null,null,null,null,10,2026-08-03 09:34:18.472+00,null
b6e41436-0d0b-6df1-f3ce-b1b810039f54,00000000-0000-0000-0000-000000000001,a511b46a-10b8-465e-bb0a-278862caf056,06333dc151acda02cefa9d83899b7a14,Female,null,null,null,null,2025-05-05 04:45:36+00,exited,null,null,null,null,null,null,null,null,null,null,null,null,null,null,10,2026-08-03 09:34:18.451+00,5dda0b14-713b-46d0-a6ce-a7a33a2fb6f9
b7b0287f-8a38-d2ed-e085-c949c20e0e63,00000000-0000-0000-0000-000000000001,a511b46a-10b8-465e-bb0a-278862caf056,3f751ae58aecc1e1330bdbab99ff1a0f,Female,null,null,null,null,2025-05-05 04:45:36+00,exited,null,null,null,null,null,null,null,null,null,null,null,null,null,null,10,2026-08-03 09:34:18.432+00,5dda0b14-713b-46d0-a6ce-a7a33a2fb6f9
b85e5e22-b8bb-e217-167e-913ce5dc381e,00000000-0000-0000-0000-000000000001,a511b46a-10b8-465e-bb0a-278862caf056,d2d01cb48b01c2ee057615ca8aa97d08,Male,null,NIFT CHENNAI,Masters of Fashion Management,null,2025-05-05 04:45:36+00,exited,null,null,null,null,null,null,null,null,null,null,null,null,null,null,5,2026-08-03 09:34:19.372+00,5dda0b14-713b-46d0-a6ce-a7a33a2fb6f9
b865619d-9980-0806-c5b5-97fee058322e,00000000-0000-0000-0000-000000000001,a511b46a-10b8-465e-bb0a-278862caf056,c1b30bed07e7a8475c9db07e2e9da68f,Female,null,Amazon,Engineer,null,2025-05-05 04:45:36+00,exited,null,null,null,null,null,null,null,null,null,null,null,null,null,null,4,2026-08-03 09:34:19.387+00,5dda0b14-713b-46d0-a6ce-a7a33a2fb6f9
b86ea6a7-2dc1-fc5f-06b6-5c77b4d2cda9,00000000-0000-0000-0000-000000000001,a511b46a-10b8-465e-bb0a-278862caf056,7e7b370fa462e5ad59cbe1e83496cb39,Female,null,Bank of America,Software Engineer,null,2025-05-05 04:45:36+00,exited,null,null,null,null,null,null,null,null,null,null,null,null,null,null,10,2026-08-03 09:34:19.421+00,5dda0b14-713b-46d0-a6ce-a7a33a2fb6f9
b8b6be48-e035-5592-13cf-00245f3eebcf,00000000-0000-0000-0000-000000000001,a511b46a-10b8-465e-bb0a-278862caf056,aaa32b904e3b1cc7aaf0759467e919f7,Male,null,"Full creative ","Testing engineer ",null,2025-05-05 04:45:36+00,new,null,null,null,null,null,null,null,null,null,null,null,null,null,null,10,2026-08-03 09:34:19.371+00,null
b8c232ef-3427-b61c-6561-b1a25b66a875,00000000-0000-0000-0000-000000000001,a511b46a-10b8-465e-bb0a-278862caf056,36e35969730aba34112dff0d9c4e588b,Male,null,null,null,null,2025-05-05 04:45:36+00,exited,null,null,null,null,null,null,null,null,null,null,null,null,null,null,10,2026-08-03 09:34:19.395+00,5dda0b14-713b-46d0-a6ce-a7a33a2fb6f9
b9bd81f4-f07a-df06-c103-c4dbb5236184,00000000-0000-0000-0000-000000000001,a511b46a-10b8-465e-bb0a-278862caf056,c0941a7161d95ee4e3578ed46db7aba9,Female,null,null,null,null,2025-05-05 04:45:36+00,exited,null,null,null,null,null,null,null,null,null,null,null,null,null,null,10,2026-08-03 09:34:19.373+00,5dda0b14-713b-46d0-a6ce-a7a33a2fb6f9
b9fa55c7-7e7e-997b-0a1f-de60452ef17e,00000000-0000-0000-0000-000000000001,a511b46a-10b8-465e-bb0a-278862caf056,505af2c3565f55005f5ff9f3fa6bf402,Male,null,Redington Limited,Product Manager,null,2025-05-05 04:45:36+00,exited,null,null,null,null,null,null,null,null,null,null,null,null,null,null,10,2026-08-03 09:34:19.372+00,5dda0b14-713b-46d0-a6ce-a7a33a2fb6f9
ba8dd5e0-ed0e-8b6a-7098-2732476feb31,00000000-0000-0000-0000-000000000001,cc5496c2-18b0-44f4-bea3-385b51728743,611d4fb05598fec75bb064d579b1743b,Female,null,null,null,null,2025-05-05 04:45:36+00,staying,null,null,null,null,null,null,null,null,null,null,null,null,null,null,3,2026-08-03 09:34:19.51+00,5dda0b14-713b-46d0-a6ce-a7a33a2fb6f9
ba90613b-fe14-4fa4-d646-199878d3f058,00000000-0000-0000-0000-000000000001,86072fed-6b5b-4132-b70c-2941129bf535,41fb9828c12adf54326a5f6bf59423a6,Female,null,Deloitte USI,"Consultant ",null,2025-05-05 04:45:36+00,exited,null,null,null,null,null,null,null,null,null,null,null,null,null,null,6,2026-08-03 09:34:19.421+00,5dda0b14-713b-46d0-a6ce-a7a33a2fb6f9
baa28bba-e050-958e-5006-4c833bb5d53a,00000000-0000-0000-0000-000000000001,a511b46a-10b8-465e-bb0a-278862caf056,04f351ea9937d198884c5cf770d25800,Male,null,Expleo,Marketing Associate,null,2025-05-05 04:45:36+00,exited,null,null,null,null,null,null,null,null,null,null,null,null,null,null,10,2026-08-03 09:34:19.373+00,5dda0b14-713b-46d0-a6ce-a7a33a2fb6f9
bb36c2de-ac80-369b-bef1-b7a9025ad305,00000000-0000-0000-0000-000000000001,a511b46a-10b8-465e-bb0a-278862caf056,9bf690d217b4768ab9ac2c5ce348199d,Female,null,"National Institute Of Fashion Technology ","Masters in Fashion Management ",null,2025-05-05 04:45:36+00,exited,null,null,null,null,null,null,null,null,null,null,null,null,null,null,5,2026-08-03 09:34:19.395+00,5dda0b14-713b-46d0-a6ce-a7a33a2fb6f9
bb91db20-f031-af83-8e52-9b613ace7567,00000000-0000-0000-0000-000000000001,cd029d98-0ebe-4bad-b6ca-6ea04504e682,cc5d6e7aa5463499a55f1d30b3986bf0,Female,null,null,null,null,2025-05-05 04:45:36+00,exited,null,null,null,null,null,null,null,null,null,null,null,null,null,null,8,2026-08-03 09:34:19.421+00,5dda0b14-713b-46d0-a6ce-a7a33a2fb6f9
bca70cc4-b2e4-ba57-6dee-d73dd559f02b,00000000-0000-0000-0000-000000000001,a511b46a-10b8-465e-bb0a-278862caf056,47493258f38ac585ac665ca2feafa0fb,Male,null,"Saint Gobain ","Patent Associate ",null,2025-05-05 04:45:36+00,exited,null,null,null,null,null,null,null,null,null,null,null,null,null,null,6,2026-08-03 09:34:19.409+00,5dda0b14-713b-46d0-a6ce-a7a33a2fb6f9
bcac3c0b-dc94-d5ab-1463-d018a692a057,00000000-0000-0000-0000-000000000001,a511b46a-10b8-465e-bb0a-278862caf056,330ead86caf11dec2fa479c35dd8dbb9,Male,null,Limco Global Services Pvt Ltd,Site Manager,null,2025-05-05 04:45:36+00,exited,null,null,null,null,null,null,null,null,null,null,null,null,null,null,10,2026-08-03 09:34:19.449+00,5dda0b14-713b-46d0-a6ce-a7a33a2fb6f9
bcf8ffc1-fd5c-f6ab-0453-7a73c73786dd,00000000-0000-0000-0000-000000000001,7e70ffbe-c999-410b-bb0b-6e8e0327b1d9,6f44fc60ef79f301b69218c70b1765a3,Female,null,World bank group,Senior finance assistant,null,2025-05-05 04:45:36+00,On-Notice,null,null,null,null,null,null,null,null,null,null,null,null,null,null,3,2026-08-03 09:34:19.496+00,5dda0b14-713b-46d0-a6ce-a7a33a2fb6f9
bd04a926-a2e3-1aed-8a8a-1cd736cd0fcf,00000000-0000-0000-0000-000000000001,a511b46a-10b8-465e-bb0a-278862caf056,8a6dd04cc88a18e7f077bbf99266dcd4,Male,null,null,null,null,2025-05-05 04:45:36+00,exited,null,null,null,null,null,null,null,null,null,null,null,null,null,null,10,2026-08-03 09:34:19.395+00,5dda0b14-713b-46d0-a6ce-a7a33a2fb6f9
bd3f4633-fc1a-c044-f3e9-b062f342b45b,00000000-0000-0000-0000-000000000001,a511b46a-10b8-465e-bb0a-278862caf056,a8a4a36d8f42e4736e0a18f114e39616,Female,null,Cushman and wakefield,Project Coordinator,null,2025-05-05 04:45:36+00,new,null,null,null,null,null,null,null,null,null,null,null,null,null,null,10,2026-08-03 09:34:19.395+00,null
bdc0ce78-4229-0817-69bf-519ad5936b8e,00000000-0000-0000-0000-000000000001,a511b46a-10b8-465e-bb0a-278862caf056,d025c423e9bb0a1e11467d91796177e9,Female,null,null,null,null,2025-05-05 04:45:36+00,exited,null,null,null,null,null,null,null,null,null,null,null,null,null,null,6,2026-08-03 09:34:19.468+00,5dda0b14-713b-46d0-a6ce-a7a33a2fb6f9
bdcc24e3-6077-3ea9-b25e-2747d0f07be7,00000000-0000-0000-0000-000000000001,b0744255-8bb4-4efc-9462-5c568feb6e56,2be6befcce21e45a114c01735619dada,Female,null,Amazon,Content Associate,null,2025-05-05 04:45:36+00,staying,null,null,null,null,null,null,null,null,null,null,null,null,null,null,3,2026-08-03 09:34:19.395+00,5dda0b14-713b-46d0-a6ce-a7a33a2fb6f9
be68c44d-d4d2-478a-7b1e-c9c3fefac406,00000000-0000-0000-0000-000000000001,0676ded1-233c-4125-8ff8-a04cfcfd2826,d4bd525d2fe1d9dc0e1596ac2f330e64,Female,null,null,null,null,2025-05-05 04:45:36+00,staying,null,null,null,null,null,null,null,null,null,null,null,null,null,null,5,2026-08-03 09:34:19.474+00,5dda0b14-713b-46d0-a6ce-a7a33a2fb6f9
be84008a-74d3-3cc1-6fd6-bcef998f7bff,00000000-0000-0000-0000-000000000001,c084ed56-9294-4938-aeb2-3d5c9a780d1d,8435a05e2d9acd5adbc89e2406cb839a,Male,null,Temenos India,Senior Technical Lead,null,2025-05-05 04:45:36+00,staying,null,null,null,null,null,null,null,null,null,null,null,null,null,null,5,2026-08-03 09:34:19.447+00,5dda0b14-713b-46d0-a6ce-a7a33a2fb6f9
be860990-c12b-3ed5-fe91-15d7502c3202,00000000-0000-0000-0000-000000000001,a511b46a-10b8-465e-bb0a-278862caf056,de485f3baf5901a368478faa527873b3,Male,null,F,Analyst,null,2025-05-05 04:45:36+00,exited,null,null,null,null,null,null,null,null,null,null,null,null,null,null,10,2026-08-03 09:34:19.555+00,5dda0b14-713b-46d0-a6ce-a7a33a2fb6f9
be91915d-edd2-04f3-15af-9a0d8c70881a,00000000-0000-0000-0000-000000000001,a511b46a-10b8-465e-bb0a-278862caf056,1e3ba6b83eae851347ca1f25ddaa36ce,Male,null,null,null,null,2025-05-05 04:45:36+00,exited,null,null,null,null,null,null,null,null,null,null,null,null,null,null,9,2026-08-03 09:34:19.51+00,5dda0b14-713b-46d0-a6ce-a7a33a2fb6f9
beae71fa-0e63-a91d-32f8-c503075f53fc,00000000-0000-0000-0000-000000000001,a511b46a-10b8-465e-bb0a-278862caf056,43971c8732898eaa16bde1e0c0e5110f,Female,null,null,null,null,2025-05-05 04:45:36+00,exited,null,null,null,null,null,null,null,null,null,null,null,null,null,null,10,2026-08-03 09:34:19.434+00,5dda0b14-713b-46d0-a6ce-a7a33a2fb6f9
bedf1700-eff3-152d-874d-4c22af0d3a50,00000000-0000-0000-0000-000000000001,a511b46a-10b8-465e-bb0a-278862caf056,21a44659db0423eb78722a1b8dc71cc7,Male,null,null,null,null,2025-05-05 04:45:36+00,exited,null,null,null,null,null,null,null,null,null,null,null,null,null,null,6,2026-08-03 09:34:19.539+00,5dda0b14-713b-46d0-a6ce-a7a33a2fb6f9
bf46b9e6-83d0-c4a0-a0af-0a7effeaee30,00000000-0000-0000-0000-000000000001,a511b46a-10b8-465e-bb0a-278862caf056,8529c399850f0d83c1a5d04aeeaa3973,Male,null,Bank of America,Software Engineer,null,2025-05-05 04:45:36+00,exited,null,null,null,null,null,null,null,null,null,null,null,null,null,null,8,2026-08-03 09:34:19.555+00,5dda0b14-713b-46d0-a6ce-a7a33a2fb6f9
bff3673d-270f-8d85-4611-b0b373c8f463,00000000-0000-0000-0000-000000000001,a511b46a-10b8-465e-bb0a-278862caf056,2ce8fbb78f21c005ab7ab8ed26750b9e,Female,null,AtosSyntel,Consultant Workforce management,null,2025-05-05 04:45:36+00,exited,null,null,null,null,null,null,null,null,null,null,null,null,null,null,10,2026-08-03 09:34:19.451+00,5dda0b14-713b-46d0-a6ce-a7a33a2fb6f9
c02eb961-2471-c285-9c28-fb9a12aaf70a,00000000-0000-0000-0000-000000000001,eb3d9add-a060-40b1-a602-0fe7164ca1b5,2cac958ea8ed751ac899dfce07847a3e,Female,null,null,null,null,2025-05-05 04:45:36+00,staying,null,null,null,null,null,null,null,null,null,null,null,null,null,null,3,2026-08-03 09:34:19.554+00,5dda0b14-713b-46d0-a6ce-a7a33a2fb6f9
c040ac0e-eac1-be77-9995-440400f38112,00000000-0000-0000-0000-000000000001,a511b46a-10b8-465e-bb0a-278862caf056,dc9f626d1aa61448918edb2293687337,Female,null,null,null,null,2025-05-05 04:45:36+00,exited,null,null,null,null,null,null,null,null,null,null,null,null,null,null,10,2026-08-03 09:34:19.554+00,5dda0b14-713b-46d0-a6ce-a7a33a2fb6f9
c0791d4c-9325-bf1b-30af-7af648c26338,00000000-0000-0000-0000-000000000001,c123c865-6de4-45a3-a0c8-3e9543a2f44c,36625c03b96e2485bc03351589aaaf36,Male,null,Kaleris,Software Engineer,null,2025-05-05 04:45:36+00,exited,null,null,null,null,null,null,null,null,null,null,null,null,null,null,3,2026-08-03 09:34:19.443+00,5dda0b14-713b-46d0-a6ce-a7a33a2fb6f9
c084c357-8268-b2c6-76e0-aa7c5b28eace,00000000-0000-0000-0000-000000000001,a511b46a-10b8-465e-bb0a-278862caf056,517bec4209207699cf52c1b975fefe14,Male,null,Ernst & Young LLP,Senior Analyst,null,2025-05-05 04:45:36+00,exited,null,null,null,null,null,null,null,null,null,null,null,null,null,null,5,2026-08-03 09:34:19.554+00,5dda0b14-713b-46d0-a6ce-a7a33a2fb6f9
c09e703c-d287-38c8-d1c1-239145e17df9,00000000-0000-0000-0000-000000000001,ad61ec9b-a5e4-4932-a4eb-df9ff107c814,6996171498da0c08cd312051e25d16d7,Male,null,"Bank of America ",AVP,null,2025-05-05 04:45:36+00,staying,null,null,null,null,null,null,null,null,null,null,null,null,null,null,3,2026-08-03 09:34:19.467+00,5dda0b14-713b-46d0-a6ce-a7a33a2fb6f9
c1113615-d2d6-1d6e-f618-c62e1d2af8de,00000000-0000-0000-0000-000000000001,a511b46a-10b8-465e-bb0a-278862caf056,7465f84b2eda3f2e71b8dadcb10dd262,Male,null,null,null,null,2025-05-05 04:45:36+00,exited,null,null,null,null,null,null,null,null,null,null,null,null,null,null,6,2026-08-03 09:34:19.554+00,5dda0b14-713b-46d0-a6ce-a7a33a2fb6f9
c16f5af8-a99c-38c5-d338-56aa819d37ed,00000000-0000-0000-0000-000000000001,a511b46a-10b8-465e-bb0a-278862caf056,b2dc517a76ad7c2ad2de8f886747e32c,Male,null,"Deloitte ","Consultant ",null,2025-05-05 04:45:36+00,exited,null,null,null,null,null,null,null,null,null,null,null,null,null,null,6,2026-08-03 09:34:19.467+00,5dda0b14-713b-46d0-a6ce-a7a33a2fb6f9
c1b076a8-104d-57e4-87e1-c00a30c21d29,00000000-0000-0000-0000-000000000001,a511b46a-10b8-465e-bb0a-278862caf056,a83524fbd54ef54534a7fec830f56bc8,Female,null,"Walmart ",Analyst,null,2025-05-05 04:45:36+00,exited,null,null,null,null,null,null,null,null,null,null,null,null,null,null,10,2026-08-03 09:34:19.496+00,5dda0b14-713b-46d0-a6ce-a7a33a2fb6f9
c1b3479a-b415-c370-ba7c-636b4f4c56d9,00000000-0000-0000-0000-000000000001,a511b46a-10b8-465e-bb0a-278862caf056,682ba40b2f75439fbb4faa372366b1a2,Female,null,null,null,null,2025-05-05 04:45:36+00,exited,null,null,null,null,null,null,null,null,null,null,null,null,null,null,6,2026-08-03 09:34:19.554+00,5dda0b14-713b-46d0-a6ce-a7a33a2fb6f9
c21c24b6-6314-72b2-9c69-3daac5113707,00000000-0000-0000-0000-000000000001,a511b46a-10b8-465e-bb0a-278862caf056,35acd10805b7026d1d60e34a607301ee,Female,null,Mindsprint,Junior Engineer,null,2025-05-05 04:45:36+00,exited,null,null,null,null,null,null,null,null,null,null,null,null,null,null,10,2026-08-03 09:34:19.514+00,5dda0b14-713b-46d0-a6ce-a7a33a2fb6f9
c2329858-525d-2f70-5e31-bf9a8358eb3e,00000000-0000-0000-0000-000000000001,265ff4ff-63cd-4bc3-af78-14361b5467ad,4efab3c25abb4b634066f23660723f67,Male,null,Tiger Analytics,Data Scientist,null,2025-05-05 04:45:36+00,staying,null,null,null,null,null,null,null,null,null,null,null,null,null,null,4,2026-08-03 09:34:19.51+00,5dda0b14-713b-46d0-a6ce-a7a33a2fb6f9
c2a47446-fc24-56a5-c55c-fdb7f185dfd9,00000000-0000-0000-0000-000000000001,a511b46a-10b8-465e-bb0a-278862caf056,b1c789168270f119169aa258f12386c2,Male,null,Latentview analytics,Data Analyst Intern,null,2025-05-05 04:45:36+00,exited,null,null,null,null,null,null,null,null,null,null,null,null,null,null,10,2026-08-03 09:34:19.553+00,5dda0b14-713b-46d0-a6ce-a7a33a2fb6f9
c2bda1d7-8a4b-0584-9f02-1f49e0b9a327,00000000-0000-0000-0000-000000000001,a511b46a-10b8-465e-bb0a-278862caf056,eeb250fd591be2cd8f0c46b94a3a63fb,Female,null,null,null,null,2025-05-05 04:45:36+00,exited,null,null,null,null,null,null,null,null,null,null,null,null,null,null,10,2026-08-03 09:34:19.554+00,5dda0b14-713b-46d0-a6ce-a7a33a2fb6f9
c2c650bc-3218-4ed7-048a-d9caa70a346a,00000000-0000-0000-0000-000000000001,a511b46a-10b8-465e-bb0a-278862caf056,5cdf544ccae2e1ac72683992a587a338,Female,null,IIM trichy,MBA,null,2025-05-05 04:45:36+00,exited,null,null,null,null,null,null,null,null,null,null,null,null,null,null,10,2026-08-03 09:34:19.447+00,5dda0b14-713b-46d0-a6ce-a7a33a2fb6f9
c39e5b6a-5497-09b6-25cc-89f1ea8a608c,00000000-0000-0000-0000-000000000001,17dd6b07-1625-4325-83cf-cf366b74b1a0,6c3c7dfcdc1da63eddb049d30c679ddf,Male,null,null,null,null,2025-05-05 04:45:36+00,exited,null,null,null,null,null,null,null,null,null,null,null,null,null,null,6,2026-08-03 09:34:19.554+00,5dda0b14-713b-46d0-a6ce-a7a33a2fb6f9
c39ead51-91e9-2b9a-c4cd-53e489500f17,00000000-0000-0000-0000-000000000001,a511b46a-10b8-465e-bb0a-278862caf056,03cd3e67c1f8a2a858571a1a6b61b1a4,Female,null,null,null,null,2025-05-05 04:45:36+00,exited,null,null,null,null,null,null,null,null,null,null,null,null,null,null,10,2026-08-03 09:34:19.441+00,5dda0b14-713b-46d0-a6ce-a7a33a2fb6f9
c3c77367-5f51-f7a7-e667-0e3480f53751,00000000-0000-0000-0000-000000000001,4ee54de1-bc29-4d77-b0d3-c0e32e59ae71,123c57bb12eea5077c559d55cbf438ac,Female,null,Guardian life,Employee,null,2025-05-05 04:45:36+00,staying,null,null,null,null,null,null,null,null,null,null,null,null,null,null,3,2026-08-03 09:34:19.453+00,5dda0b14-713b-46d0-a6ce-a7a33a2fb6f9
c4d5918f-5589-5602-d4c2-795fbd3fc604,00000000-0000-0000-0000-000000000001,a511b46a-10b8-465e-bb0a-278862caf056,48d7e166c0a57f8d898fe53db74929c3,Male,null,LatentView,LatentView,null,2025-05-05 04:45:36+00,exited,null,null,null,null,null,null,null,null,null,null,null,null,null,null,10,2026-08-03 09:34:19.555+00,5dda0b14-713b-46d0-a6ce-a7a33a2fb6f9
c511ac63-cb7e-1453-92d5-ea4ffba1c360,00000000-0000-0000-0000-000000000001,14086b35-15c3-46a8-bcfa-306badca49d6,a554efbd371394ea7c27608d7f2087ae,Male,null,Maxenra,Assistant Manager,null,2025-05-05 04:45:36+00,staying,null,null,null,null,null,null,null,null,null,null,null,null,null,null,5,2026-08-03 09:34:19.513+00,5dda0b14-713b-46d0-a6ce-a7a33a2fb6f9
c54b5222-f7d9-ed70-424a-1c181544ce5d,00000000-0000-0000-0000-000000000001,a511b46a-10b8-465e-bb0a-278862caf056,967814c902677efa4315dd084515f3b0,Female,null,EY INDIA,Sap role,null,2025-05-05 04:45:36+00,exited,null,null,null,null,null,null,null,null,null,null,null,null,null,null,10,2026-08-03 09:34:20.592+00,5dda0b14-713b-46d0-a6ce-a7a33a2fb6f9
c5655e71-bfb1-46c8-d351-120a60cd046e,00000000-0000-0000-0000-000000000001,a511b46a-10b8-465e-bb0a-278862caf056,1ab8d307418fcfa9055c7aedbb828b5f,Female,null,Bank of America,Infrastructure engineer,null,2025-05-05 04:45:36+00,exited,null,null,null,null,null,null,null,null,null,null,null,null,null,null,10,2026-08-03 09:34:20.583+00,5dda0b14-713b-46d0-a6ce-a7a33a2fb6f9
c5f06080-0e56-7320-2b20-c475af283bb3,00000000-0000-0000-0000-000000000001,a511b46a-10b8-465e-bb0a-278862caf056,be6f527b4e048a2cb3110c31553a5271,Male,null,null,null,null,2025-05-05 04:45:36+00,exited,null,null,null,null,null,null,null,null,null,null,null,null,null,null,10,2026-08-03 09:34:20.585+00,5dda0b14-713b-46d0-a6ce-a7a33a2fb6f9
c61d6da9-3c3c-ce83-9533-0da9eb03e275,00000000-0000-0000-0000-000000000001,a511b46a-10b8-465e-bb0a-278862caf056,3a8b4b1687190f9706f21e99a3a5a276,Male,null,null,null,null,2025-05-05 04:45:36+00,exited,null,null,null,null,null,null,null,null,null,null,null,null,null,null,6,2026-08-03 09:34:20.588+00,5dda0b14-713b-46d0-a6ce-a7a33a2fb6f9
c675e97a-0958-0695-90b3-49311eec8fd7,00000000-0000-0000-0000-000000000001,a511b46a-10b8-465e-bb0a-278862caf056,106831ed6bee8839af7bda43f8171851,Female,null,Bank of America,Technical analyst,null,2025-05-05 04:45:36+00,staying,null,null,null,null,null,null,null,null,null,null,null,null,null,null,6,2026-08-03 09:34:20.572+00,5dda0b14-713b-46d0-a6ce-a7a33a2fb6f9
c6f8f5a1-01e7-adae-881b-484cc1497fd2,00000000-0000-0000-0000-000000000001,a511b46a-10b8-465e-bb0a-278862caf056,cd27e6799f2c8d5060b9e456cac31f35,Male,null,HSBC,Intern,null,2025-05-05 04:45:36+00,exited,null,null,null,null,null,null,null,null,null,null,null,null,null,null,10,2026-08-03 09:34:20.572+00,5dda0b14-713b-46d0-a6ce-a7a33a2fb6f9
c6f97b1f-509b-72c2-abfe-04b7982c9734,00000000-0000-0000-0000-000000000001,a511b46a-10b8-465e-bb0a-278862caf056,55170dc42cb5766ae65e3a60ca4df5a9,Female,null,Latentview,Assistant manager,null,2025-05-05 04:45:36+00,exited,null,null,null,null,null,null,null,null,null,null,null,null,null,null,10,2026-08-03 09:34:20.6+00,5dda0b14-713b-46d0-a6ce-a7a33a2fb6f9
c7043cdc-7d93-631c-2d70-342c413fc747,00000000-0000-0000-0000-000000000001,a511b46a-10b8-465e-bb0a-278862caf056,0eaa19d644659d2d848b6c7f34d181f6,Female,null,null,null,null,2025-05-05 04:45:36+00,exited,null,null,null,null,null,null,null,null,null,null,null,null,null,null,10,2026-08-03 09:34:20.571+00,5dda0b14-713b-46d0-a6ce-a7a33a2fb6f9
c7cacf8c-6f79-066f-0424-1a863731935b,00000000-0000-0000-0000-000000000001,a511b46a-10b8-465e-bb0a-278862caf056,042c51adf41a64c8eb8299a292a1a4e2,Male,null,Klenty,Data Engineering Intern,null,2025-05-05 04:45:36+00,exited,null,null,null,null,null,null,null,null,null,null,null,null,null,null,10,2026-08-03 09:34:20.668+00,5dda0b14-713b-46d0-a6ce-a7a33a2fb6f9
c7e118dd-3a65-53b8-35c2-fc03637d320e,00000000-0000-0000-0000-000000000001,a511b46a-10b8-465e-bb0a-278862caf056,0b7ab5e7a70a993d71ea0391a1022e7a,Female,null,null,null,null,2025-05-05 04:45:36+00,new,null,null,null,null,null,null,null,null,null,null,null,null,null,null,10,2026-08-03 09:34:20.571+00,null
c7e6aeb2-e9e9-328e-5313-6707fdea4eaa,00000000-0000-0000-0000-000000000001,89e46eb0-4600-43f6-88bf-e097f5c53441,3be5b80911115a28147f181cea230fc4,Female,null,Deloitte,Manager,null,2025-05-05 04:45:36+00,exited,null,null,null,null,null,null,null,null,null,null,null,null,null,null,6,2026-08-03 09:34:20.571+00,5dda0b14-713b-46d0-a6ce-a7a33a2fb6f9
c852dd54-9779-3528-3d0b-6a92cab8c45f,00000000-0000-0000-0000-000000000001,a511b46a-10b8-465e-bb0a-278862caf056,010997d5cce045b21047afd0201d974d,Female,null,Qualcomm,Engineer,null,2025-05-05 04:45:36+00,exited,null,null,null,null,null,null,null,null,null,null,null,null,null,null,10,2026-08-03 09:34:20.678+00,5dda0b14-713b-46d0-a6ce-a7a33a2fb6f9
c855d945-cc24-18bb-4e79-63b5c7d70ac5,00000000-0000-0000-0000-000000000001,a511b46a-10b8-465e-bb0a-278862caf056,67615677c1da2d7dccbfb8f73969df40,Female,null,Ernst & young,Consultant,null,2025-05-05 04:45:36+00,new,null,null,null,null,null,null,null,null,null,null,null,null,null,null,10,2026-08-03 09:34:20.703+00,null
c8d3d0a4-7be7-7922-51d3-002cbeee7cb3,00000000-0000-0000-0000-000000000001,a511b46a-10b8-465e-bb0a-278862caf056,836570b7c7c6de1a25860b276b74248c,Female,null,null,null,null,2025-05-05 04:45:36+00,exited,null,null,null,null,null,null,null,null,null,null,null,null,null,null,10,2026-08-03 09:34:20.57+00,5dda0b14-713b-46d0-a6ce-a7a33a2fb6f9
c8d49edd-16df-6c81-0fe2-b54f7584b15d,00000000-0000-0000-0000-000000000001,a511b46a-10b8-465e-bb0a-278862caf056,7aa08c6769936161cb7aa78022563698,Male,null,null,null,null,2025-05-05 04:45:36+00,exited,null,null,null,null,null,null,null,null,null,null,null,null,null,null,10,2026-08-03 09:34:20.582+00,5dda0b14-713b-46d0-a6ce-a7a33a2fb6f9
c96cd80c-897a-0e58-3b1b-6a87b1da40da,00000000-0000-0000-0000-000000000001,a511b46a-10b8-465e-bb0a-278862caf056,29de47a26011d8fc40320611c883f8e4,Male,null,null,null,null,2025-05-05 04:45:36+00,exited,null,null,null,null,null,null,null,null,null,null,null,null,null,null,10,2026-08-03 09:34:20.731+00,5dda0b14-713b-46d0-a6ce-a7a33a2fb6f9
c9947b7f-26c4-6957-80a1-91eb275ee523,00000000-0000-0000-0000-000000000001,a511b46a-10b8-465e-bb0a-278862caf056,d5a454038acf0baf50ff21926bfd1fe7,Male,null,Synechron,"Software developer ",null,2025-05-05 04:45:36+00,exited,null,null,null,null,null,null,null,null,null,null,null,null,null,null,6,2026-08-03 09:34:20.603+00,5dda0b14-713b-46d0-a6ce-a7a33a2fb6f9
ca5764bb-68cb-aca1-8368-dc3e80f681ac,00000000-0000-0000-0000-000000000001,a511b46a-10b8-465e-bb0a-278862caf056,c6e1984f9be76def3ca6800bc0502793,Female,null,Ernst and young,Intern,null,2025-05-05 04:45:36+00,exited,null,null,null,null,null,null,null,null,null,null,null,null,null,null,6,2026-08-03 09:34:20.668+00,5dda0b14-713b-46d0-a6ce-a7a33a2fb6f9
cb8443a3-c0e0-a990-d5a9-1c6c1355505e,00000000-0000-0000-0000-000000000001,a511b46a-10b8-465e-bb0a-278862caf056,4c0b9c07db352c76f24da92ea5c6685d,Female,null,null,null,null,2025-05-05 04:45:36+00,exited,null,null,null,null,null,null,null,null,null,null,null,null,null,null,10,2026-08-03 09:34:20.6+00,5dda0b14-713b-46d0-a6ce-a7a33a2fb6f9
cbb740b5-9333-dfcd-1569-afb75eed1d47,00000000-0000-0000-0000-000000000001,a511b46a-10b8-465e-bb0a-278862caf056,103e7047ddc0ea1e1fe0d56f0cc4a877,Male,null,Optum,Intern,null,2025-05-05 04:45:36+00,exited,null,null,null,null,null,null,null,null,null,null,null,null,null,null,10,2026-08-03 09:34:20.705+00,5dda0b14-713b-46d0-a6ce-a7a33a2fb6f9
cbfa6def-a5a5-80c4-0e97-3d2fccd08a10,00000000-0000-0000-0000-000000000001,a511b46a-10b8-465e-bb0a-278862caf056,2e8db1d09a7fb817ae4ac9d77a1d9b90,Female,null,null,null,null,2025-05-05 04:45:36+00,exited,null,null,null,null,null,null,null,null,null,null,null,null,null,null,10,2026-08-03 09:34:20.611+00,5dda0b14-713b-46d0-a6ce-a7a33a2fb6f9
cc165eb0-f3b5-d5c7-07ae-85ab0836cdcb,00000000-0000-0000-0000-000000000001,a511b46a-10b8-465e-bb0a-278862caf056,3432f37f4d431343dfbf798a60f44a06,Male,null,null,null,null,2025-05-05 04:45:36+00,exited,null,null,null,null,null,null,null,null,null,null,null,null,null,null,10,2026-08-03 09:34:20.703+00,5dda0b14-713b-46d0-a6ce-a7a33a2fb6f9
cc559ab3-0859-6b34-259e-1f5c43be7139,00000000-0000-0000-0000-000000000001,a511b46a-10b8-465e-bb0a-278862caf056,40ad5efcd9ad806035e0cfff80e756c0,Male,null,ACV Auctions,Machine Learning Engineer,null,2025-05-05 04:45:36+00,exited,null,null,null,null,null,null,null,null,null,null,null,null,null,null,6,2026-08-03 09:34:20.675+00,5dda0b14-713b-46d0-a6ce-a7a33a2fb6f9
ccb5dd5a-3f95-656e-d4c0-1fd7a104214b,00000000-0000-0000-0000-000000000001,a511b46a-10b8-465e-bb0a-278862caf056,e2b0823ed4f5197fc6a113ac71022468,Male,null,LatentView Analytics,Senior Executive,null,2025-05-05 04:45:36+00,exited,null,null,null,null,null,null,null,null,null,null,null,null,null,null,10,2026-08-03 09:34:20.659+00,5dda0b14-713b-46d0-a6ce-a7a33a2fb6f9
cd2c3f97-4df7-b32f-d0c0-12031beae516,00000000-0000-0000-0000-000000000001,75a0a293-7ff5-4ac6-8567-2a1c15288bbe,70f2b61c14adc4ae67620edbb01542b1,Male,null,Thryve,Director,null,2025-05-05 04:45:36+00,staying,null,null,null,null,null,null,null,null,null,null,null,null,null,null,4,2026-08-03 09:34:20.585+00,5dda0b14-713b-46d0-a6ce-a7a33a2fb6f9
cd6f2e1d-ebfa-5c22-75fe-90d15ebe9bc4,00000000-0000-0000-0000-000000000001,a511b46a-10b8-465e-bb0a-278862caf056,44d4943072b06dd4d27c2e284814d7c6,null,null,null,null,null,2025-05-05 04:45:36+00,exited,null,null,null,null,null,null,null,null,null,null,null,null,null,null,10,2026-08-03 09:34:20.603+00,5dda0b14-713b-46d0-a6ce-a7a33a2fb6f9
cda37b51-1bbc-af0d-a560-49af88fdc751,00000000-0000-0000-0000-000000000001,1d41cf1a-66b4-4b91-8849-4783d586a8a0,0785d3e05a3db399e078f3cd4e11c0e3,Male,null,CDAC,Project Associate,null,2025-05-05 04:45:36+00,staying,null,null,null,null,null,null,null,null,null,null,null,null,null,null,3,2026-08-03 09:34:20.7+00,5dda0b14-713b-46d0-a6ce-a7a33a2fb6f9
cdc99a6c-25e6-f636-8375-da373082ebe7,00000000-0000-0000-0000-000000000001,a511b46a-10b8-465e-bb0a-278862caf056,a808cf2d86d0bc2866a79ca43d96c437,Male,null,Padams Interior,Planning Engineer,null,2025-05-05 04:45:36+00,exited,null,null,null,null,null,null,null,null,null,null,null,null,null,null,10,2026-08-03 09:34:20.634+00,5dda0b14-713b-46d0-a6ce-a7a33a2fb6f9
cdfd7474-0325-1b45-657c-35abca5b28ee,00000000-0000-0000-0000-000000000001,a511b46a-10b8-465e-bb0a-278862caf056,b9d0f964776d5b2354199b1712f4f660,Male,null,Mindsprint,Data Engineer,null,2025-05-05 04:45:36+00,exited,null,null,null,null,null,null,null,null,null,null,null,null,null,null,5,2026-08-03 09:34:20.732+00,5dda0b14-713b-46d0-a6ce-a7a33a2fb6f9
ceb95fcf-38e0-884a-7850-c0f5bb08a770,00000000-0000-0000-0000-000000000001,a511b46a-10b8-465e-bb0a-278862caf056,8edf4fede032143c8aab6f674f019fd7,Male,null,null,null,null,2025-05-05 04:45:36+00,exited,null,null,null,null,null,null,null,null,null,null,null,null,null,null,10,2026-08-03 09:34:20.622+00,5dda0b14-713b-46d0-a6ce-a7a33a2fb6f9
cef85e9f-dcf9-e367-fb81-417869b0ac20,00000000-0000-0000-0000-000000000001,a511b46a-10b8-465e-bb0a-278862caf056,de4d57dfec6efe90d64175f6879b542a,Female,null,null,null,null,2025-05-05 04:45:36+00,exited,null,null,null,null,null,null,null,null,null,null,null,null,null,null,10,2026-08-03 09:34:20.644+00,5dda0b14-713b-46d0-a6ce-a7a33a2fb6f9
cf03689a-ac92-b1e5-ac2d-1ff7e9a25139,00000000-0000-0000-0000-000000000001,a511b46a-10b8-465e-bb0a-278862caf056,09d5ebc4829727680e34976f49ffe6b4,Female,null,Latentview analytics,Assistant manager,null,2025-05-05 04:45:36+00,exited,null,null,null,null,null,null,null,null,null,null,null,null,null,null,10,2026-08-03 09:34:20.702+00,5dda0b14-713b-46d0-a6ce-a7a33a2fb6f9
cf113dbe-9b8a-ec33-b15d-119c190dfc67,00000000-0000-0000-0000-000000000001,a511b46a-10b8-465e-bb0a-278862caf056,3bc1373290c263cff25b8dcbb040b5ba,Female,null,MIST coaching centre,M. B. B. S,null,2025-05-05 04:45:36+00,exited,null,null,null,null,null,null,null,null,null,null,null,null,null,null,10,2026-08-03 09:34:20.668+00,5dda0b14-713b-46d0-a6ce-a7a33a2fb6f9
cf1318a5-0564-4af6-d90e-c3e76de1ef08,00000000-0000-0000-0000-000000000001,44b7914a-e729-44ad-ba2b-c1dbea21d5fd,fa9eeaba52b57679ffbdf464bc16fb35,Female,null,Sify Technologies,Network engineer,null,2025-05-05 04:45:36+00,staying,null,null,null,null,null,null,null,null,null,null,null,null,null,null,3,2026-08-03 09:34:20.695+00,5dda0b14-713b-46d0-a6ce-a7a33a2fb6f9
cf23bbd7-49fd-da14-a54f-db705d4fabdb,00000000-0000-0000-0000-000000000001,a511b46a-10b8-465e-bb0a-278862caf056,583f10b9a3e5a334ffa59c8623b9eaa8,Female,null,null,null,null,2025-05-05 04:45:36+00,exited,null,null,null,null,null,null,null,null,null,null,null,null,null,null,10,2026-08-03 09:34:20.704+00,5dda0b14-713b-46d0-a6ce-a7a33a2fb6f9
cf43f50a-1df5-3da5-2096-799ba4c66f5c,00000000-0000-0000-0000-000000000001,a511b46a-10b8-465e-bb0a-278862caf056,3aef1c99c810a8fca354bfb9d3b5a180,Female,null,NIFT,STUDENT,null,2025-05-05 04:45:36+00,exited,null,null,null,null,null,null,null,null,null,null,null,null,null,null,10,2026-08-03 09:34:20.644+00,5dda0b14-713b-46d0-a6ce-a7a33a2fb6f9
cfafc518-7e80-2226-59c0-7497a5140575,00000000-0000-0000-0000-000000000001,a511b46a-10b8-465e-bb0a-278862caf056,29a2b340a4310492bce01324b0cd97bb,Male,null,null,null,null,2025-05-05 04:45:36+00,exited,null,null,null,null,null,null,null,null,null,null,null,null,null,null,10,2026-08-03 09:34:20.731+00,5dda0b14-713b-46d0-a6ce-a7a33a2fb6f9
cfbbbb97-8f8f-86ed-53f1-3e3521e336de,00000000-0000-0000-0000-000000000001,a511b46a-10b8-465e-bb0a-278862caf056,d6c276850f71a8a5eaffcd40078a05e7,Female,null,null,null,null,2025-05-05 04:45:36+00,new,null,null,null,null,null,null,null,null,null,null,null,null,null,null,10,2026-08-03 09:34:20.743+00,null
d091c57d-1101-60f2-e6e8-e86eab6c6fe4,00000000-0000-0000-0000-000000000001,de767fe3-598a-48f9-a49d-6fc0bf405721,3d6a1d9363e467217d197d840b35c81a,Male,null,"Fidelity investments ","Lead Software engineer ",null,2025-05-05 04:45:36+00,exited,null,null,null,null,null,null,null,null,null,null,null,null,null,null,10,2026-08-03 09:34:20.731+00,5dda0b14-713b-46d0-a6ce-a7a33a2fb6f9
d1175037-6e13-28f9-5de7-ea2186bbee4e,00000000-0000-0000-0000-000000000001,a511b46a-10b8-465e-bb0a-278862caf056,82c60a72053841c72567dafed701771b,Male,null,Amazon,Application Engineer,null,2025-05-05 04:45:36+00,exited,null,null,null,null,null,null,null,null,null,null,null,null,null,null,10,2026-08-03 09:34:20.612+00,5dda0b14-713b-46d0-a6ce-a7a33a2fb6f9
d123a096-4929-ff8c-4efa-a8e4543d3da7,00000000-0000-0000-0000-000000000001,a511b46a-10b8-465e-bb0a-278862caf056,548faec5a9940d46c2a05abfa7db6389,Male,null,"Caterpillar ",Engineer,null,2025-05-05 04:45:36+00,exited,null,null,null,null,null,null,null,null,null,null,null,null,null,null,6,2026-08-03 09:34:20.644+00,5dda0b14-713b-46d0-a6ce-a7a33a2fb6f9
d138013a-97ca-4fa3-6f50-39e8a822c8f1,00000000-0000-0000-0000-000000000001,a511b46a-10b8-465e-bb0a-278862caf056,360f32be6c450a47ab71dc466cd71666,Female,null,null,null,null,2025-05-05 04:45:36+00,exited,null,null,null,null,null,null,null,null,null,null,null,null,null,null,10,2026-08-03 09:34:20.655+00,5dda0b14-713b-46d0-a6ce-a7a33a2fb6f9
d167a28c-1755-6bbc-04ce-5bc1920c8322,00000000-0000-0000-0000-000000000001,a511b46a-10b8-465e-bb0a-278862caf056,2e0a5c0b3c2442e871bd59022e91915f,Female,null,Tiger Analytics,DevOps engineer,null,2025-05-05 04:45:36+00,exited,null,null,null,null,null,null,null,null,null,null,null,null,null,null,10,2026-08-03 09:34:20.67+00,5dda0b14-713b-46d0-a6ce-a7a33a2fb6f9
d178a884-0bd1-601d-4cd1-042bac71c6db,00000000-0000-0000-0000-000000000001,448132ad-691f-411a-a4fc-3837eb818dbb,ebf1c83cba7c2ac1df5ad6300d64fdbb,Female,null,Apollo institute of medical sciences,Neuropsychiatry,null,2025-05-05 04:45:36+00,exited,null,null,null,null,null,null,null,null,null,null,null,null,null,null,5,2026-08-03 09:34:20.733+00,5dda0b14-713b-46d0-a6ce-a7a33a2fb6f9
d183c487-a155-2045-6e0b-01e2b99f1924,00000000-0000-0000-0000-000000000001,a511b46a-10b8-465e-bb0a-278862caf056,d12792b8e3aff65ad3c5afe9570ba8e2,Female,null,null,null,null,2025-05-05 04:45:36+00,exited,null,null,null,null,null,null,null,null,null,null,null,null,null,null,10,2026-08-03 09:34:20.67+00,5dda0b14-713b-46d0-a6ce-a7a33a2fb6f9
d1e7314f-a799-1441-8adc-a48db20e93da,00000000-0000-0000-0000-000000000001,a511b46a-10b8-465e-bb0a-278862caf056,2f6cc23984326e1a43eaeb073adc265f,Male,null,"Tata Consultancy Services ",Business process lead,null,2025-05-05 04:45:36+00,exited,null,null,null,null,null,null,null,null,null,null,null,null,null,null,6,2026-08-03 09:34:20.692+00,5dda0b14-713b-46d0-a6ce-a7a33a2fb6f9
d225973a-f437-d98e-4e24-0fb32a7bfbe8,00000000-0000-0000-0000-000000000001,a511b46a-10b8-465e-bb0a-278862caf056,7fb9563eddbb1cc6fca6cb9d0bca96cf,Female,null,"Hungerbox ","Food safety executive ",null,2025-05-05 04:45:36+00,staying,null,null,null,null,null,null,null,null,null,null,null,null,null,null,6,2026-08-03 09:34:20.709+00,5dda0b14-713b-46d0-a6ce-a7a33a2fb6f9
d257c87f-0e42-048c-8409-362e925d86fc,00000000-0000-0000-0000-000000000001,1f6375dc-80dc-45cd-8d13-adccfb55244b,752d769f97db441fa25d26185b44c87a,Male,null,Confederation of indian industry(CII),Associate Counsellor,null,2025-05-05 04:45:36+00,Exited,null,null,null,null,null,null,null,null,null,null,null,null,null,null,3,2026-08-03 09:34:21.629+00,5dda0b14-713b-46d0-a6ce-a7a33a2fb6f9
d36a10b1-e5bf-77e8-47cd-09d2a24f67af,00000000-0000-0000-0000-000000000001,a511b46a-10b8-465e-bb0a-278862caf056,fb976a6bfea62913f09b8a4af7ee4fe0,Female,null,null,null,null,2025-05-05 04:45:36+00,exited,null,null,null,null,null,null,null,null,null,null,null,null,null,null,10,2026-08-03 09:34:21.629+00,5dda0b14-713b-46d0-a6ce-a7a33a2fb6f9
d37a6d0e-0b11-f980-af8f-25a1b0f752d2,00000000-0000-0000-0000-000000000001,a511b46a-10b8-465e-bb0a-278862caf056,e660db991a728eabb15c64a8ff466514,Male,null,null,null,null,2025-05-05 04:45:36+00,exited,null,null,null,null,null,null,null,null,null,null,null,null,null,null,10,2026-08-03 09:34:21.622+00,5dda0b14-713b-46d0-a6ce-a7a33a2fb6f9
d384f850-3505-dead-9bd0-72e7764a773a,00000000-0000-0000-0000-000000000001,a511b46a-10b8-465e-bb0a-278862caf056,f86f0fc7b9f6dfd8c43ea24f5004dd41,Male,null,null,null,null,2025-05-05 04:45:36+00,exited,null,null,null,null,null,null,null,null,null,null,null,null,null,null,10,2026-08-03 09:34:21.797+00,5dda0b14-713b-46d0-a6ce-a7a33a2fb6f9
d3bef05d-1db4-2516-4e44-0c1b2d5ab25f,00000000-0000-0000-0000-000000000001,a511b46a-10b8-465e-bb0a-278862caf056,11b44eb2fbdfbe8d0f23162908259c70,Male,null,Casagrand,BA.LL.B (Hons),null,2025-05-05 04:45:36+00,exited,null,null,null,null,null,null,null,null,null,null,null,null,null,null,6,2026-08-03 09:34:21.649+00,5dda0b14-713b-46d0-a6ce-a7a33a2fb6f9
d3d2debf-5c00-54a8-dfed-bd6d82b77307,00000000-0000-0000-0000-000000000001,a511b46a-10b8-465e-bb0a-278862caf056,19d4bf594c821879e9c523c09867df91,Male,null,null,null,null,2025-05-05 04:45:36+00,exited,null,null,null,null,null,null,null,null,null,null,null,null,null,null,10,2026-08-03 09:34:21.629+00,5dda0b14-713b-46d0-a6ce-a7a33a2fb6f9
d4231568-0b79-6003-3437-f394f3701746,00000000-0000-0000-0000-000000000001,a511b46a-10b8-465e-bb0a-278862caf056,f42190c39701bc93efd4b90ea9fe8479,Male,null,Nxtra Pvt LTD,null,null,2025-05-05 04:45:36+00,exited,null,null,null,null,null,null,null,null,null,null,null,null,null,null,10,2026-08-03 09:34:21.666+00,5dda0b14-713b-46d0-a6ce-a7a33a2fb6f9
d497808b-36e2-ea42-d247-85b4e409078c,00000000-0000-0000-0000-000000000001,a511b46a-10b8-465e-bb0a-278862caf056,4c76e94c61a732f80329cd0e28279d92,Male,null,CAMS,"AI Engineer ",null,2025-05-05 04:45:36+00,exited,null,null,null,null,null,null,null,null,null,null,null,null,null,null,6,2026-08-03 09:34:21.691+00,5dda0b14-713b-46d0-a6ce-a7a33a2fb6f9
d4a34184-ec1a-8b67-030d-6910715f4ccb,00000000-0000-0000-0000-000000000001,a511b46a-10b8-465e-bb0a-278862caf056,91907e693c1581a41d562bc4f70ac5fc,Male,null,null,null,null,2025-05-05 04:45:36+00,exited,null,null,null,null,null,null,null,null,null,null,null,null,null,null,8,2026-08-03 09:34:21.742+00,5dda0b14-713b-46d0-a6ce-a7a33a2fb6f9
d51c2f8f-9df6-06cb-85f3-47a79b9d5006,00000000-0000-0000-0000-000000000001,a511b46a-10b8-465e-bb0a-278862caf056,b63cb45c67ff10bfe4a17349c8a72512,Male,null,Commotion,ML Engineer,null,2025-05-05 04:45:36+00,exited,null,null,null,null,null,null,null,null,null,null,null,null,null,null,4,2026-08-03 09:34:21.642+00,5dda0b14-713b-46d0-a6ce-a7a33a2fb6f9
d52f2683-73ba-0a33-f712-babc2e24aa8c,00000000-0000-0000-0000-000000000001,a511b46a-10b8-465e-bb0a-278862caf056,af742dfa27d97f97d4f74cc1c5bdb475,Female,null,LatentView Analytics,Assistant Manager,null,2025-05-05 04:45:36+00,exited,null,null,null,null,null,null,null,null,null,null,null,null,null,null,10,2026-08-03 09:34:21.641+00,5dda0b14-713b-46d0-a6ce-a7a33a2fb6f9
d58d1d2f-e65b-7705-8ac2-996da0cf28c4,00000000-0000-0000-0000-000000000001,a511b46a-10b8-465e-bb0a-278862caf056,cd7e03dbe2ce67c2c4e71d9210c475e1,Female,null,AstraZeneca,Internship,null,2025-05-05 04:45:36+00,exited,null,null,null,null,null,null,null,null,null,null,null,null,null,null,3,2026-08-03 09:34:21.75+00,5dda0b14-713b-46d0-a6ce-a7a33a2fb6f9
d5ca07a4-5a17-10e0-05b0-7004e41a6a57,00000000-0000-0000-0000-000000000001,a511b46a-10b8-465e-bb0a-278862caf056,75fd0b5fff9c66cec06bb9d32d70e1cb,Female,null,null,null,null,2025-05-05 04:45:36+00,exited,null,null,null,null,null,null,null,null,null,null,null,null,null,null,10,2026-08-03 09:34:21.7+00,5dda0b14-713b-46d0-a6ce-a7a33a2fb6f9
d6268133-5904-3e9a-6956-9493d2f78a1d,00000000-0000-0000-0000-000000000001,5a6d8ea3-8029-48a5-8b0a-bd71417eff19,f2d5cf9c1f94d022f9ce1af9b326361c,Male,null,"National Institute of Fashion Technology ","Masters in Fashion Management ",null,2025-05-05 04:45:36+00,exited,null,null,null,null,null,null,null,null,null,null,null,null,null,null,3,2026-08-03 09:34:21.756+00,5dda0b14-713b-46d0-a6ce-a7a33a2fb6f9
d670f263-891a-9a98-da07-a61063ab918b,00000000-0000-0000-0000-000000000001,a511b46a-10b8-465e-bb0a-278862caf056,445f4118cfa3ddfb6d6fe1bb53bd1a9e,Male,null,null,null,null,2025-05-05 04:45:36+00,exited,null,null,null,null,null,null,null,null,null,null,null,null,null,null,10,2026-08-03 09:34:21.704+00,5dda0b14-713b-46d0-a6ce-a7a33a2fb6f9
d69476f4-ff97-e238-b732-85cc4b70703d,00000000-0000-0000-0000-000000000001,a511b46a-10b8-465e-bb0a-278862caf056,4b1cabc533103e582159d27818fa9017,Female,null,Amazon,Writer,null,2025-05-05 04:45:36+00,exited,null,null,null,null,null,null,null,null,null,null,null,null,null,null,6,2026-08-03 09:34:21.678+00,5dda0b14-713b-46d0-a6ce-a7a33a2fb6f9
d6d33436-345a-e39c-9f8d-91c76dca514e,00000000-0000-0000-0000-000000000001,a511b46a-10b8-465e-bb0a-278862caf056,8a1d4ec5803fd4f3285ea205e09d70ac,Male,null,"Bank of America ",SDE,null,2025-05-05 04:45:36+00,staying,null,null,null,null,null,null,null,null,null,null,null,null,null,null,4,2026-08-03 09:34:21.777+00,5dda0b14-713b-46d0-a6ce-a7a33a2fb6f9
d77b5c1e-605d-6795-5eee-1e2f9b83e069,00000000-0000-0000-0000-000000000001,3ad4b01e-786a-451c-af14-4b423885eb87,79968c1011c00b99662ccc7b66bdf132,Male,null,CAMS,"Software engineer ",null,2025-05-05 04:45:36+00,staying,null,null,null,null,null,null,null,null,null,null,null,null,null,null,4,2026-08-03 09:34:21.669+00,5dda0b14-713b-46d0-a6ce-a7a33a2fb6f9
d7c0ea3c-0d4a-9c13-97f5-b8ec39339561,00000000-0000-0000-0000-000000000001,a511b46a-10b8-465e-bb0a-278862caf056,642db33db81feef4b9b5ca8fa7be7132,Female,null,"Institute of Hotel Management, Chennai",BSc in Hospitality & Hotel Administration,null,2025-05-05 04:45:36+00,exited,null,null,null,null,null,null,null,null,null,null,null,null,null,null,10,2026-08-03 09:34:21.691+00,5dda0b14-713b-46d0-a6ce-a7a33a2fb6f9
d8535b5d-398f-153d-bb17-178c0cc090b1,00000000-0000-0000-0000-000000000001,a511b46a-10b8-465e-bb0a-278862caf056,327d6dd7482b55e6bbe97e5b518509af,Male,null,Securin,Security Analyst,null,2025-05-05 04:45:36+00,exited,null,null,null,null,null,null,null,null,null,null,null,null,null,null,10,2026-08-03 09:34:21.671+00,5dda0b14-713b-46d0-a6ce-a7a33a2fb6f9
d8db3cf0-9648-79e5-3438-714cc7a5ef7c,00000000-0000-0000-0000-000000000001,a511b46a-10b8-465e-bb0a-278862caf056,7ea123fa65fa8aecf6d224f035c61b1e,Male,null,Commscope,Software Engineer,null,2025-05-05 04:45:36+00,exited,null,null,null,null,null,null,null,null,null,null,null,null,null,null,10,2026-08-03 09:34:21.761+00,5dda0b14-713b-46d0-a6ce-a7a33a2fb6f9
d93d9661-c38b-55ac-e5ac-93c052d45622,00000000-0000-0000-0000-000000000001,a511b46a-10b8-465e-bb0a-278862caf056,8b61343e0d35125bd967ccb08c480c32,Male,null,Straive,Intern,null,2025-05-05 04:45:36+00,exited,null,null,null,null,null,null,null,null,null,null,null,null,null,null,5,2026-08-03 09:34:21.71+00,5dda0b14-713b-46d0-a6ce-a7a33a2fb6f9
d97ef4f9-a927-a7e9-03a3-fc84f79e19af,00000000-0000-0000-0000-000000000001,a511b46a-10b8-465e-bb0a-278862caf056,159ffc86f23bdd65846ae1450d649d33,Female,null,Latentview Analytics,Data Analyst,null,2025-05-05 04:45:36+00,exited,null,null,null,null,null,null,null,null,null,null,null,null,null,null,6,2026-08-03 09:34:21.755+00,5dda0b14-713b-46d0-a6ce-a7a33a2fb6f9
d9857276-9b99-dda8-37d2-9c3305467cf9,00000000-0000-0000-0000-000000000001,a511b46a-10b8-465e-bb0a-278862caf056,8db4ab3806b6ab674e299ed2d0659186,Male,null,null,null,null,2025-05-05 04:45:36+00,exited,null,null,null,null,null,null,null,null,null,null,null,null,null,null,10,2026-08-03 09:34:21.755+00,5dda0b14-713b-46d0-a6ce-a7a33a2fb6f9
d9974ff9-fd93-bc33-3ffc-1752ceb444ed,00000000-0000-0000-0000-000000000001,a511b46a-10b8-465e-bb0a-278862caf056,3ca13f2f76a8bf6e858e554b99a2420a,Female,null,null,null,null,2025-05-05 04:45:36+00,exited,null,null,null,null,null,null,null,null,null,null,null,null,null,null,10,2026-08-03 09:34:21.704+00,5dda0b14-713b-46d0-a6ce-a7a33a2fb6f9
d9a14e76-d095-e740-24f8-644f19314ae3,00000000-0000-0000-0000-000000000001,a511b46a-10b8-465e-bb0a-278862caf056,6e1dc28330c02f50dbc41cebb6e15b4d,Male,null,Hmi,Tech,null,2025-05-05 04:45:36+00,exited,null,null,null,null,null,null,null,null,null,null,null,null,null,null,10,2026-08-03 09:34:21.776+00,5dda0b14-713b-46d0-a6ce-a7a33a2fb6f9
d9a74fa5-6394-f751-240a-2ff642673fc5,00000000-0000-0000-0000-000000000001,a511b46a-10b8-465e-bb0a-278862caf056,2705d9654cbf56dd3554c3a1b4dff99c,Male,null,"Cams ","Site Reliability Eng ",null,2025-05-05 04:45:36+00,exited,null,null,null,null,null,null,null,null,null,null,null,null,null,null,6,2026-08-03 09:34:21.702+00,5dda0b14-713b-46d0-a6ce-a7a33a2fb6f9
dabf3ee7-61b9-6f77-6fd4-fc271e6fa397,00000000-0000-0000-0000-000000000001,a511b46a-10b8-465e-bb0a-278862caf056,78dd0a2de1939d124dff96d1c22c32fc,Female,null,Inditrade Rural Marketing Ltd,Product Manager,null,2025-05-05 04:45:36+00,exited,null,null,null,null,null,null,null,null,null,null,null,null,null,null,10,2026-08-03 09:34:21.801+00,5dda0b14-713b-46d0-a6ce-a7a33a2fb6f9
dacc8116-ed0d-9081-8210-541c307d103d,00000000-0000-0000-0000-000000000001,a511b46a-10b8-465e-bb0a-278862caf056,42afcd60abb44fd020d403e7d5879dc5,Female,null,NIEPMD,Clinical Psychology,null,2025-05-05 04:45:36+00,exited,null,null,null,null,null,null,null,null,null,null,null,null,null,null,10,2026-08-03 09:34:21.699+00,5dda0b14-713b-46d0-a6ce-a7a33a2fb6f9
daebf82e-6f02-d269-4f9f-109f5cc8af3c,00000000-0000-0000-0000-000000000001,a511b46a-10b8-465e-bb0a-278862caf056,e327b3d39208c00d05aff05ab4c7cf7a,Male,null,Foundit,Manager,null,2025-05-05 04:45:36+00,exited,null,null,null,null,null,null,null,null,null,null,null,null,null,null,6,2026-08-03 09:34:21.75+00,5dda0b14-713b-46d0-a6ce-a7a33a2fb6f9
dccaecac-4fb2-679f-3141-8a0f96b40469,00000000-0000-0000-0000-000000000001,a511b46a-10b8-465e-bb0a-278862caf056,9cb5bea72ab1e38b1663259b0aa5fcb5,Female,null,null,null,null,2025-05-05 04:45:36+00,exited,null,null,null,null,null,null,null,null,null,null,null,null,null,null,10,2026-08-03 09:34:21.66+00,5dda0b14-713b-46d0-a6ce-a7a33a2fb6f9
dcfac0c4-0873-a81b-3c1a-dca3ef527919,00000000-0000-0000-0000-000000000001,a511b46a-10b8-465e-bb0a-278862caf056,e8d9007a1af88b3982345ccabf33325a,null,null,null,null,null,2025-05-05 04:45:36+00,new,null,null,null,null,null,null,null,null,null,null,null,null,null,null,10,2026-08-03 09:34:21.747+00,null
dd165d05-44b2-a5ca-b106-48f704eba330,00000000-0000-0000-0000-000000000001,a511b46a-10b8-465e-bb0a-278862caf056,f703c1a44db1241fa78194f238dea05a,Male,null,Latentview analytics,Analyst,null,2025-05-05 04:45:36+00,exited,null,null,null,null,null,null,null,null,null,null,null,null,null,null,10,2026-08-03 09:34:21.734+00,5dda0b14-713b-46d0-a6ce-a7a33a2fb6f9
dd2df257-3d61-a491-5af9-81f5c6e53864,00000000-0000-0000-0000-000000000001,a511b46a-10b8-465e-bb0a-278862caf056,8ef582c2e2b941eb6e2512893bc0d5fc,Male,null,Jman Group,Software Engineer,null,2025-05-05 04:45:36+00,exited,null,null,null,null,null,null,null,null,null,null,null,null,null,null,10,2026-08-03 09:34:21.799+00,5dda0b14-713b-46d0-a6ce-a7a33a2fb6f9
dd6b8e71-ee89-22aa-338c-04e964538126,00000000-0000-0000-0000-000000000001,a511b46a-10b8-465e-bb0a-278862caf056,3dd8d9379d29371f8cd50015a9897803,Male,null,null,null,null,2025-05-05 04:45:36+00,exited,null,null,null,null,null,null,null,null,null,null,null,null,null,null,10,2026-08-03 09:34:21.726+00,5dda0b14-713b-46d0-a6ce-a7a33a2fb6f9
dd81a269-5627-77bf-d8c4-d2e7d309f56e,00000000-0000-0000-0000-000000000001,a511b46a-10b8-465e-bb0a-278862caf056,98c1e8f93e777891b0d8d6943d6bc178,Male,null,Bank of America (BA Continum),Software Engineer IB,null,2025-05-05 04:45:36+00,exited,null,null,null,null,null,null,null,null,null,null,null,null,null,null,6,2026-08-03 09:34:21.78+00,5dda0b14-713b-46d0-a6ce-a7a33a2fb6f9
dd8db936-b71f-0721-f5be-92548fd22a73,00000000-0000-0000-0000-000000000001,a511b46a-10b8-465e-bb0a-278862caf056,6f6b7bbc31f4a2cd0a2f86563ac7a7e8,Female,null,KLA-Tencor,Software Development Intern,null,2025-05-05 04:45:36+00,exited,null,null,null,null,null,null,null,null,null,null,null,null,null,null,10,2026-08-03 09:34:21.75+00,5dda0b14-713b-46d0-a6ce-a7a33a2fb6f9
ddc88c00-9718-c4df-3621-16a20097ed7b,00000000-0000-0000-0000-000000000001,a511b46a-10b8-465e-bb0a-278862caf056,f13a700afe0070f76822af1d7592fa2a,Female,null,Synechron,Software Engineer,null,2025-05-05 04:45:36+00,exited,null,null,null,null,null,null,null,null,null,null,null,null,null,null,10,2026-08-03 09:34:21.777+00,5dda0b14-713b-46d0-a6ce-a7a33a2fb6f9
dde712bc-18d1-2c03-f628-723fb5a59630,00000000-0000-0000-0000-000000000001,a511b46a-10b8-465e-bb0a-278862caf056,cca309703c3659fa33329891cbe84198,Female,null,null,null,null,2025-05-05 04:45:36+00,exited,null,null,null,null,null,null,null,null,null,null,null,null,null,null,10,2026-08-03 09:34:21.75+00,5dda0b14-713b-46d0-a6ce-a7a33a2fb6f9
df5ea39c-c069-5211-271d-f0d3831adefa,00000000-0000-0000-0000-000000000001,b70932b7-e217-4332-8dfc-69efd4a0f3a7,787260bbae1d4895e4f75f8adf378f17,Male,null,STG INFOTECH,SDE,null,2025-05-05 04:45:36+00,staying,null,null,null,null,null,null,null,null,null,null,null,null,null,null,4,2026-08-03 09:34:21.802+00,5dda0b14-713b-46d0-a6ce-a7a33a2fb6f9
df6d6dde-434a-e10e-f646-fa8a40be56cc,00000000-0000-0000-0000-000000000001,a511b46a-10b8-465e-bb0a-278862caf056,a1b083899b30d9597f5d623f2a1c9191,Male,null,null,null,null,2025-05-05 04:45:36+00,exited,null,null,null,null,null,null,null,null,null,null,null,null,null,null,6,2026-08-03 09:34:21.732+00,5dda0b14-713b-46d0-a6ce-a7a33a2fb6f9
df9237a0-7748-6c00-38ec-c20e2533df48,00000000-0000-0000-0000-000000000001,a511b46a-10b8-465e-bb0a-278862caf056,f81289e4d9478eccfa377b5f97d17527,Male,null,null,null,null,2025-05-05 04:45:36+00,exited,null,null,null,null,null,null,null,null,null,null,null,null,null,null,10,2026-08-03 09:34:22.67+00,5dda0b14-713b-46d0-a6ce-a7a33a2fb6f9
dfbec148-a191-0acf-4efe-188b07c973f6,00000000-0000-0000-0000-000000000001,a511b46a-10b8-465e-bb0a-278862caf056,03e940458e6f02b724e183335f2a6525,Female,null,NIFT CHENNAI,4th year Student,null,2025-05-05 04:45:36+00,exited,null,null,null,null,null,null,null,null,null,null,null,null,null,null,10,2026-08-03 09:34:22.709+00,5dda0b14-713b-46d0-a6ce-a7a33a2fb6f9
dfdd63a9-90db-4da3-adb5-56c3c1a524e9,00000000-0000-0000-0000-000000000001,a511b46a-10b8-465e-bb0a-278862caf056,9a2d0562a981e91662319cbbf736df37,Male,null,null,null,null,2025-05-05 04:45:36+00,exited,null,null,null,null,null,null,null,null,null,null,null,null,null,null,10,2026-08-03 09:34:22.709+00,5dda0b14-713b-46d0-a6ce-a7a33a2fb6f9
dfe72882-2923-e759-ab37-45a4f6c5f1c7,00000000-0000-0000-0000-000000000001,a511b46a-10b8-465e-bb0a-278862caf056,3882e6dcbbf1b7bd7d4578e5cae3802b,Male,null,Appian,Sse,null,2025-05-05 04:45:36+00,exited,null,null,null,null,null,null,null,null,null,null,null,null,null,null,6,2026-08-03 09:34:22.71+00,5dda0b14-713b-46d0-a6ce-a7a33a2fb6f9
dfef2045-e5ea-4114-51ea-4e7e3a6ae11a,00000000-0000-0000-0000-000000000001,a511b46a-10b8-465e-bb0a-278862caf056,066ba07b7f03fed3f93573bc42eb2902,Female,null,QBSS,Medical coder,null,2025-05-05 04:45:36+00,exited,null,null,null,null,null,null,null,null,null,null,null,null,null,null,10,2026-08-03 09:34:22.798+00,5dda0b14-713b-46d0-a6ce-a7a33a2fb6f9
e04a7b1e-bb22-2ccf-a342-9eea602847ff,00000000-0000-0000-0000-000000000001,a511b46a-10b8-465e-bb0a-278862caf056,2383ba4c4110fbae14a7d6f62886c335,Female,null,Citi corp,"Technology Analyst ",null,2025-05-05 04:45:36+00,exited,null,null,null,null,null,null,null,null,null,null,null,null,null,null,4,2026-08-03 09:34:22.709+00,5dda0b14-713b-46d0-a6ce-a7a33a2fb6f9
e05ca394-0bd7-4177-15e5-369f9309fe8e,00000000-0000-0000-0000-000000000001,a511b46a-10b8-465e-bb0a-278862caf056,1929b3c440c7916fd55292f29dbeb288,Male,null,Amazon,Internship,null,2025-05-05 04:45:36+00,exited,null,null,null,null,null,null,null,null,null,null,null,null,null,null,6,2026-08-03 09:34:22.771+00,5dda0b14-713b-46d0-a6ce-a7a33a2fb6f9
e093abe2-fae5-a599-2ee8-ce612d47e63e,00000000-0000-0000-0000-000000000001,cdd21674-0788-49f8-8236-da173fca85fe,be5b80524ceb8066c85759869e7a6d44,Male,null,"D2r ai labs private limited ","Full Stack Developer ",null,2025-05-05 04:45:36+00,exited,null,null,null,null,null,null,null,null,null,null,null,null,null,null,4,2026-08-03 09:34:22.871+00,5dda0b14-713b-46d0-a6ce-a7a33a2fb6f9
e09aed1a-8cfa-ef16-b7ca-1923a71e1ac3,00000000-0000-0000-0000-000000000001,a511b46a-10b8-465e-bb0a-278862caf056,fcf3203aaa3dca43699b673905547690,Female,null,null,null,null,2025-05-05 04:45:36+00,exited,null,null,null,null,null,null,null,null,null,null,null,null,null,null,10,2026-08-03 09:34:22.742+00,5dda0b14-713b-46d0-a6ce-a7a33a2fb6f9
e10472f5-6434-2a96-6c28-13939f90427f,00000000-0000-0000-0000-000000000001,a511b46a-10b8-465e-bb0a-278862caf056,f622f82a7c1655cd36af1b2b4f99ec62,Male,null,"Latentview analytics ","Data analyst ",null,2025-05-05 04:45:36+00,exited,null,null,null,null,null,null,null,null,null,null,null,null,null,null,5,2026-08-03 09:34:22.713+00,5dda0b14-713b-46d0-a6ce-a7a33a2fb6f9
e110dfeb-9c9e-94b6-2874-e7615a27c229,00000000-0000-0000-0000-000000000001,a511b46a-10b8-465e-bb0a-278862caf056,d0092005d0e819adeb01c686383b9fa9,Male,null,null,null,null,2025-05-05 04:45:36+00,exited,null,null,null,null,null,null,null,null,null,null,null,null,null,null,6,2026-08-03 09:34:22.799+00,5dda0b14-713b-46d0-a6ce-a7a33a2fb6f9
e17238d1-34ce-0cbb-4dc0-f65e60ff52f7,00000000-0000-0000-0000-000000000001,a511b46a-10b8-465e-bb0a-278862caf056,3b91913b0469a0895c3e51bb68cc57c7,Male,null,Iitm Pravartak,Cyber security architect,null,2025-05-05 04:45:36+00,staying,null,null,null,null,null,null,null,null,null,null,null,null,null,null,4,2026-08-03 09:34:22.758+00,5dda0b14-713b-46d0-a6ce-a7a33a2fb6f9
e1b0693a-105d-db49-8722-6a8a1c87579d,00000000-0000-0000-0000-000000000001,a511b46a-10b8-465e-bb0a-278862caf056,be38f5a351a07c62e532a80c7d372e66,Female,null,null,null,null,2025-05-05 04:45:36+00,exited,null,null,null,null,null,null,null,null,null,null,null,null,null,null,6,2026-08-03 09:34:22.877+00,5dda0b14-713b-46d0-a6ce-a7a33a2fb6f9
e22769e5-3081-9c29-6384-39a85772a7f7,00000000-0000-0000-0000-000000000001,a511b46a-10b8-465e-bb0a-278862caf056,7e2abb534099d18e651909db93762518,Female,null,NIFT,B.Des,null,2025-05-05 04:45:36+00,exited,null,null,null,null,null,null,null,null,null,null,null,null,null,null,10,2026-08-03 09:34:22.825+00,5dda0b14-713b-46d0-a6ce-a7a33a2fb6f9
e233ae7e-605b-92bf-31a6-0378b74a09fd,00000000-0000-0000-0000-000000000001,a511b46a-10b8-465e-bb0a-278862caf056,2e5fa611aaadb52f7962cf5bd9b09882,Female,null,MIST,1899\/12\/30,null,2025-05-05 04:45:36+00,exited,null,null,null,null,null,null,null,null,null,null,null,null,null,null,6,2026-08-03 09:34:22.742+00,5dda0b14-713b-46d0-a6ce-a7a33a2fb6f9
e2bd7faf-b4c2-4626-e34f-5668ce501cf2,00000000-0000-0000-0000-000000000001,a511b46a-10b8-465e-bb0a-278862caf056,2f0b6cff639b397dc05d466d5225aada,Male,null,null,null,null,2025-05-05 04:45:36+00,exited,null,null,null,null,null,null,null,null,null,null,null,null,null,null,10,2026-08-03 09:34:22.748+00,5dda0b14-713b-46d0-a6ce-a7a33a2fb6f9
e2c9d409-9fea-34cd-765b-dec2b37b3aba,00000000-0000-0000-0000-000000000001,a511b46a-10b8-465e-bb0a-278862caf056,09e061460350b5c32e70928369197998,Female,null,null,null,null,2025-05-05 04:45:36+00,exited,null,null,null,null,null,null,null,null,null,null,null,null,null,null,10,2026-08-03 09:34:22.854+00,5dda0b14-713b-46d0-a6ce-a7a33a2fb6f9
e2ee0891-8bc9-980a-ba57-b0a11ba15019,00000000-0000-0000-0000-000000000001,36746d03-14fe-4331-aab1-eb0cbf5ee77d,7b814df78fd1465a728d23bf98e28c56,Male,null,KLA,Intern,null,2025-05-05 04:45:36+00,exited,null,null,null,null,null,null,null,null,null,null,null,null,null,null,6,2026-08-03 09:34:22.9+00,5dda0b14-713b-46d0-a6ce-a7a33a2fb6f9
e3f803e2-2b0c-0800-a35f-877305eb83f8,00000000-0000-0000-0000-000000000001,a511b46a-10b8-465e-bb0a-278862caf056,8e98782871a937b91b7c152e3e88698b,Female,null,null,null,null,2025-05-05 04:45:36+00,exited,null,null,null,null,null,null,null,null,null,null,null,null,null,null,10,2026-08-03 09:34:22.725+00,5dda0b14-713b-46d0-a6ce-a7a33a2fb6f9
e426d68a-16d2-9097-ff7d-ae2521fb52e5,00000000-0000-0000-0000-000000000001,3e14075c-324f-42ff-ae21-43cc764237a4,69b7be103aa6bd297c0c553ce0b2170d,Male,null,CAMS (Computer Age Management Services),Senior product manager,null,2025-05-05 04:45:36+00,exited,null,null,null,null,null,null,null,null,null,null,null,null,null,null,5,2026-08-03 09:34:22.916+00,5dda0b14-713b-46d0-a6ce-a7a33a2fb6f9
e42a35e1-fb1e-c1c2-3bbc-674788bfa890,00000000-0000-0000-0000-000000000001,a511b46a-10b8-465e-bb0a-278862caf056,03574edf55d9e2365806a906489034a6,Male,null,Citi,Service process coordinator,null,2025-05-05 04:45:36+00,exited,null,null,null,null,null,null,null,null,null,null,null,null,null,null,6,2026-08-03 09:34:22.8+00,5dda0b14-713b-46d0-a6ce-a7a33a2fb6f9
e4399427-c763-f427-6a70-e57988251c2c,00000000-0000-0000-0000-000000000001,a511b46a-10b8-465e-bb0a-278862caf056,b13ba9103c0cea036eb10d083b3605d4,Female,null,null,null,null,2025-05-05 04:45:36+00,exited,null,null,null,null,null,null,null,null,null,null,null,null,null,null,10,2026-08-03 09:34:22.832+00,5dda0b14-713b-46d0-a6ce-a7a33a2fb6f9
e43d640c-3d0c-c63c-52af-626feca768b5,00000000-0000-0000-0000-000000000001,a511b46a-10b8-465e-bb0a-278862caf056,037c37f6e4fe9ce0271ef2a733d02783,Male,null,Baton,Internship,null,2025-05-05 04:45:36+00,exited,null,null,null,null,null,null,null,null,null,null,null,null,null,null,3,2026-08-03 09:34:22.799+00,5dda0b14-713b-46d0-a6ce-a7a33a2fb6f9
e457493c-1fc6-a2cf-a2a6-22b48ef8706e,00000000-0000-0000-0000-000000000001,a511b46a-10b8-465e-bb0a-278862caf056,8b17183af3e7a35b4ca8e98392f1ad27,Female,null,null,null,null,2025-05-05 04:45:36+00,exited,null,null,null,null,null,null,null,null,null,null,null,null,null,null,6,2026-08-03 09:34:22.864+00,5dda0b14-713b-46d0-a6ce-a7a33a2fb6f9
e494eb69-def2-556d-3bb9-7c4124ed109e,00000000-0000-0000-0000-000000000001,a511b46a-10b8-465e-bb0a-278862caf056,965948493d038a2a43587231e040039f,Male,null,null,null,null,2025-05-05 04:45:36+00,exited,null,null,null,null,null,null,null,null,null,null,null,null,null,null,6,2026-08-03 09:34:22.895+00,5dda0b14-713b-46d0-a6ce-a7a33a2fb6f9
e5126b64-8adb-18c4-b9c0-7fc75fc59023,00000000-0000-0000-0000-000000000001,a511b46a-10b8-465e-bb0a-278862caf056,8d4eb078bf57351685167d269784ae70,null,null,null,null,null,2025-05-05 04:45:36+00,exited,null,null,null,null,null,null,null,null,null,null,null,null,null,null,10,2026-08-03 09:34:22.78+00,5dda0b14-713b-46d0-a6ce-a7a33a2fb6f9
e51d0052-6144-0814-9748-12b1e6c3b68a,00000000-0000-0000-0000-000000000001,a511b46a-10b8-465e-bb0a-278862caf056,37465c64f1527001366d9cdc961d8f4f,Male,null,"Latentview Analytics ",Data Analyst,null,2025-05-05 04:45:36+00,exited,null,null,null,null,null,null,null,null,null,null,null,null,null,null,4,2026-08-03 09:34:22.8+00,5dda0b14-713b-46d0-a6ce-a7a33a2fb6f9
e54f192a-b17b-11b9-0448-1cf4ecbe5f43,00000000-0000-0000-0000-000000000001,a511b46a-10b8-465e-bb0a-278862caf056,8d94f1dc98e7fb06bfa656198aff7d99,Female,null,null,null,null,2025-05-05 04:45:36+00,exited,null,null,null,null,null,null,null,null,null,null,null,null,null,null,6,2026-08-03 09:34:22.832+00,5dda0b14-713b-46d0-a6ce-a7a33a2fb6f9
e566d248-7676-7aad-d577-9319daac443c,00000000-0000-0000-0000-000000000001,a511b46a-10b8-465e-bb0a-278862caf056,8b68673af14c1e01fcf8e89bbbb19349,Female,null,null,null,null,2025-05-05 04:45:36+00,exited,null,null,null,null,null,null,null,null,null,null,null,null,null,null,10,2026-08-03 09:34:22.778+00,5dda0b14-713b-46d0-a6ce-a7a33a2fb6f9
e5b98496-a290-a981-e294-ce4a8d2b7232,00000000-0000-0000-0000-000000000001,a511b46a-10b8-465e-bb0a-278862caf056,071755178a973343ca5363db845b8f48,Female,null,null,null,null,2025-05-05 04:45:36+00,exited,null,null,null,null,null,null,null,null,null,null,null,null,null,null,10,2026-08-03 09:34:22.724+00,5dda0b14-713b-46d0-a6ce-a7a33a2fb6f9
e5c21fd6-9050-36f3-6a9d-b692334639d4,00000000-0000-0000-0000-000000000001,a511b46a-10b8-465e-bb0a-278862caf056,cab13c53eb75f963954d1be10155f4bd,Male,null,null,null,null,2025-05-05 04:45:36+00,exited,null,null,null,null,null,null,null,null,null,null,null,null,null,null,10,2026-08-03 09:34:22.832+00,5dda0b14-713b-46d0-a6ce-a7a33a2fb6f9
e69b34ab-6e43-6fed-502a-f581ffb05733,00000000-0000-0000-0000-000000000001,a511b46a-10b8-465e-bb0a-278862caf056,7201d400e9061e0df839640c12e3ea4d,Male,null,McKinsey & Company,Intern,null,2025-05-05 04:45:36+00,exited,null,null,null,null,null,null,null,null,null,null,null,null,null,null,10,2026-08-03 09:34:22.827+00,5dda0b14-713b-46d0-a6ce-a7a33a2fb6f9
e6dde6a9-4da9-d1a2-802a-faf5db207e8e,00000000-0000-0000-0000-000000000001,a511b46a-10b8-465e-bb0a-278862caf056,2c87bb23a992d13168b82525c51381ac,Male,null,Kaleris,Senior Software Engineer,null,2025-05-05 04:45:36+00,staying,null,null,null,null,null,null,null,null,null,null,null,null,null,null,4,2026-08-03 09:34:22.811+00,5dda0b14-713b-46d0-a6ce-a7a33a2fb6f9
e6fff812-92dc-e106-6456-730a1b010573,00000000-0000-0000-0000-000000000001,a511b46a-10b8-465e-bb0a-278862caf056,04c7f5ffd3bdd79bd773e4c3b0e82f83,Female,null,Jman Group,Software Engineer,null,2025-05-05 04:45:36+00,exited,null,null,null,null,null,null,null,null,null,null,null,null,null,null,10,2026-08-03 09:34:22.832+00,5dda0b14-713b-46d0-a6ce-a7a33a2fb6f9
e819cbc9-d17a-0958-3768-54bad6ab7acc,00000000-0000-0000-0000-000000000001,a511b46a-10b8-465e-bb0a-278862caf056,98ca9d8a645ae55d9f75c8faf55f4013,Male,null,Wolters Kluwer,Internship,null,2025-05-05 04:45:36+00,exited,null,null,null,null,null,null,null,null,null,null,null,null,null,null,10,2026-08-03 09:34:22.799+00,5dda0b14-713b-46d0-a6ce-a7a33a2fb6f9
e8623393-ddec-fad5-91bf-c880b6345031,00000000-0000-0000-0000-000000000001,a511b46a-10b8-465e-bb0a-278862caf056,35c8de9c053d748a073360103b14283a,Female,null,Caterpillar Inc,"Associate Engineer ",null,2025-05-05 04:45:36+00,exited,null,null,null,null,null,null,null,null,null,null,null,null,null,null,6,2026-08-03 09:34:22.827+00,5dda0b14-713b-46d0-a6ce-a7a33a2fb6f9
e8ee9bd8-53dc-649e-6d1f-ff53229c46fd,00000000-0000-0000-0000-000000000001,a511b46a-10b8-465e-bb0a-278862caf056,b1af31a6a007274133b785dce1360350,Female,null,null,null,null,2025-05-05 04:45:36+00,exited,null,null,null,null,null,null,null,null,null,null,null,null,null,null,10,2026-08-03 09:34:22.854+00,5dda0b14-713b-46d0-a6ce-a7a33a2fb6f9
e901a679-5642-95d9-c296-c0a073a8c3c9,00000000-0000-0000-0000-000000000001,a511b46a-10b8-465e-bb0a-278862caf056,5385f6fab0317dd4be8ab0a0c8051534,Male,null,null,null,null,2025-05-05 04:45:36+00,exited,null,null,null,null,null,null,null,null,null,null,null,null,null,null,10,2026-08-03 09:34:22.835+00,5dda0b14-713b-46d0-a6ce-a7a33a2fb6f9
e9288a28-7fca-78eb-cc7b-b2ff2160582b,00000000-0000-0000-0000-000000000001,a511b46a-10b8-465e-bb0a-278862caf056,9a96e1bb974e81df460ebe9e29428b8c,Male,null,null,null,null,2025-05-05 04:45:36+00,exited,null,null,null,null,null,null,null,null,null,null,null,null,null,null,10,2026-08-03 09:34:22.786+00,5dda0b14-713b-46d0-a6ce-a7a33a2fb6f9
e94dc9d5-cb52-49ec-80b1-98376aceb874,00000000-0000-0000-0000-000000000001,a511b46a-10b8-465e-bb0a-278862caf056,2cec355426916026225435e301ba1600,Female,null,LatentView Analytics,Analyst,null,2025-05-05 04:45:36+00,exited,null,null,null,null,null,null,null,null,null,null,null,null,null,null,6,2026-08-03 09:34:22.832+00,5dda0b14-713b-46d0-a6ce-a7a33a2fb6f9
e99afa10-6249-3f5b-4364-da75f89e34f9,00000000-0000-0000-0000-000000000001,e66c2e23-5908-4d14-9872-3c25c92fe1cb,b7b41dc05d7f95dfe9e9487b802760ba,Female,null,Guardian,Intern,null,2025-05-05 04:45:36+00,exited,null,null,null,null,null,null,null,null,null,null,null,null,null,null,3,2026-08-03 09:34:22.837+00,5dda0b14-713b-46d0-a6ce-a7a33a2fb6f9
ea1c4226-abaa-0255-5077-503a78c3b2ff,00000000-0000-0000-0000-000000000001,a511b46a-10b8-465e-bb0a-278862caf056,745dc212a04c3d6a62047cf2493e4a9c,Female,null,Tiger Analytics,Data Analyst,null,2025-05-05 04:45:36+00,exited,null,null,null,null,null,null,null,null,null,null,null,null,null,null,10,2026-08-03 09:34:22.836+00,5dda0b14-713b-46d0-a6ce-a7a33a2fb6f9
ea212876-eba6-d61c-c7bd-3f55a704a453,00000000-0000-0000-0000-000000000001,a511b46a-10b8-465e-bb0a-278862caf056,9e42f281c66fcc4281c9b44a815dfe62,Female,null,null,null,null,2025-05-05 04:45:36+00,exited,null,null,null,null,null,null,null,null,null,null,null,null,null,null,10,2026-08-03 09:34:22.872+00,5dda0b14-713b-46d0-a6ce-a7a33a2fb6f9
ea7863ad-a459-79f5-e28d-4311e51922c1,00000000-0000-0000-0000-000000000001,a511b46a-10b8-465e-bb0a-278862caf056,b8499f620c9e4a74e78d49544fc6bd25,Female,null,"National Institute of Fashion Technology ","Bachelor's of Design ",null,2025-05-05 04:45:36+00,exited,null,null,null,null,null,null,null,null,null,null,null,null,null,null,6,2026-08-03 09:34:22.788+00,5dda0b14-713b-46d0-a6ce-a7a33a2fb6f9
eb57a7dd-c5a7-c09f-0cac-cbe60dc9fdef,00000000-0000-0000-0000-000000000001,a511b46a-10b8-465e-bb0a-278862caf056,38e19bf52966caffeb5ba903400014ab,Male,null,Baton systems,Devops engineer,null,2025-05-05 04:45:36+00,exited,null,null,null,null,null,null,null,null,null,null,null,null,null,null,10,2026-08-03 09:34:23.964+00,5dda0b14-713b-46d0-a6ce-a7a33a2fb6f9
eb68cfc9-2205-ee07-0ad0-ae7c62ec1b3d,00000000-0000-0000-0000-000000000001,a511b46a-10b8-465e-bb0a-278862caf056,03de27260ed61de15a9a27944eec70c3,Female,null,null,null,null,2025-05-05 04:45:36+00,exited,null,null,null,null,null,null,null,null,null,null,null,null,null,null,10,2026-08-03 09:34:23.941+00,5dda0b14-713b-46d0-a6ce-a7a33a2fb6f9
eb7de080-f310-4225-66d6-f15dc51fefcd,00000000-0000-0000-0000-000000000001,a511b46a-10b8-465e-bb0a-278862caf056,e47535141c4113c6a8a7450fbba9b718,Male,null,"Saint Gobain Research india ",Research Engineer 1,null,2025-05-05 04:45:36+00,exited,null,null,null,null,null,null,null,null,null,null,null,null,null,null,6,2026-08-03 09:34:23.965+00,5dda0b14-713b-46d0-a6ce-a7a33a2fb6f9
eba53c6e-c7c3-1222-db79-ee8c10bdbd5d,00000000-0000-0000-0000-000000000001,a511b46a-10b8-465e-bb0a-278862caf056,e9d2436e2ee0579d492356663761a891,Male,null,Bank of America,Software Engineer,null,2025-05-05 04:45:36+00,exited,null,null,null,null,null,null,null,null,null,null,null,null,null,null,10,2026-08-03 09:34:23.909+00,5dda0b14-713b-46d0-a6ce-a7a33a2fb6f9
ebe28f5b-3a82-1fc6-2144-62f991d00363,00000000-0000-0000-0000-000000000001,a511b46a-10b8-465e-bb0a-278862caf056,c138f5299bba0eed4b6204acb5922b45,Male,null,AstraZeneca,Graduate Engineer Trainee (Intern),null,2025-05-05 04:45:36+00,exited,null,null,null,null,null,null,null,null,null,null,null,null,null,null,10,2026-08-03 09:34:23.949+00,5dda0b14-713b-46d0-a6ce-a7a33a2fb6f9
ec6bd398-2413-2c67-18db-10bdd92ee4f9,00000000-0000-0000-0000-000000000001,f56616b9-a864-43f7-9a77-2d7e7a3abe6f,fe871657cb031957f7aa151a762ecc17,Male,null,null,null,null,2025-05-05 04:45:36+00,staying,null,null,null,null,null,null,null,null,null,null,null,null,null,null,3,2026-08-03 09:34:23.965+00,5dda0b14-713b-46d0-a6ce-a7a33a2fb6f9
ed0e80c8-52c7-1977-91c1-c22e879c6cb6,00000000-0000-0000-0000-000000000001,a511b46a-10b8-465e-bb0a-278862caf056,bc6d13fc199df822675b55d6f8bf4e6c,Male,null,Bank of America,Software Developer,null,2025-05-05 04:45:36+00,exited,null,null,null,null,null,null,null,null,null,null,null,null,null,null,10,2026-08-03 09:34:23.947+00,5dda0b14-713b-46d0-a6ce-a7a33a2fb6f9
ed39a8a9-4855-634a-3b2b-063622187757,00000000-0000-0000-0000-000000000001,a511b46a-10b8-465e-bb0a-278862caf056,5b2f8f61107d4b6baf478879ba939439,Female,null,IITMRP,Scientist,null,2025-05-05 04:45:36+00,exited,null,null,null,null,null,null,null,null,null,null,null,null,null,null,6,2026-08-03 09:34:24.023+00,5dda0b14-713b-46d0-a6ce-a7a33a2fb6f9
edee54e5-b970-ea10-551f-b156c26d8f0a,00000000-0000-0000-0000-000000000001,7b828b4e-aaa1-45c4-96a8-257b2da4c7d1,d8d2256bc92a0c3e7614fa67b0ba6f7d,Male,null,Amazon,Manager,null,2025-05-05 04:45:36+00,exited,null,null,null,null,null,null,null,null,null,null,null,null,null,null,6,2026-08-03 09:34:23.964+00,5dda0b14-713b-46d0-a6ce-a7a33a2fb6f9
ee4c9007-7674-8d77-244b-b681167c945d,00000000-0000-0000-0000-000000000001,a511b46a-10b8-465e-bb0a-278862caf056,c9c2b7ae9f91e40cb62ae7840d65c1b5,Male,null,null,null,null,2025-05-05 04:45:36+00,exited,null,null,null,null,null,null,null,null,null,null,null,null,null,null,6,2026-08-03 09:34:23.964+00,5dda0b14-713b-46d0-a6ce-a7a33a2fb6f9
ee61dd03-6eb9-0d71-8bf4-a01ac422b8be,00000000-0000-0000-0000-000000000001,a511b46a-10b8-465e-bb0a-278862caf056,ef332f1e95f5b1cb9c47d10a10e242cc,Male,null,Sify Technology,Asst manager,null,2025-05-05 04:45:36+00,exited,null,null,null,null,null,null,null,null,null,null,null,null,null,null,5,2026-08-03 09:34:23.978+00,5dda0b14-713b-46d0-a6ce-a7a33a2fb6f9
ef5a90d6-7323-0d1e-1a6e-c7859259a1a0,00000000-0000-0000-0000-000000000001,a511b46a-10b8-465e-bb0a-278862caf056,88690a124c1765a211f21271285c1950,Female,null,Philips,Software Developer,null,2025-05-05 04:45:36+00,exited,null,null,null,null,null,null,null,null,null,null,null,null,null,null,10,2026-08-03 09:34:23.965+00,5dda0b14-713b-46d0-a6ce-a7a33a2fb6f9
ef85cca0-602c-2f43-6640-044c533cbf5e,00000000-0000-0000-0000-000000000001,a511b46a-10b8-465e-bb0a-278862caf056,fdb55592962587251af1d89c46ff077d,Female,null,null,null,null,2025-05-05 04:45:36+00,exited,null,null,null,null,null,null,null,null,null,null,null,null,null,null,6,2026-08-03 09:34:24.096+00,5dda0b14-713b-46d0-a6ce-a7a33a2fb6f9
f005cf0c-3af9-d63d-4ac7-a8200cd9cc33,00000000-0000-0000-0000-000000000001,a511b46a-10b8-465e-bb0a-278862caf056,eecf71895f85ca6eb6a7e3592594865c,Female,null,The Madras Patissiere,Social Media Marketer,null,2025-05-05 04:45:36+00,exited,null,null,null,null,null,null,null,null,null,null,null,null,null,null,10,2026-08-03 09:34:24.088+00,5dda0b14-713b-46d0-a6ce-a7a33a2fb6f9
f14efd99-a099-05e4-d7e5-4eb6b4dbd4d4,00000000-0000-0000-0000-000000000001,a511b46a-10b8-465e-bb0a-278862caf056,c6534bd5e0c435731d2f88fdc3c702d5,Female,null,Sify Technologies limited,Management Trainee,null,2025-05-05 04:45:36+00,exited,null,null,null,null,null,null,null,null,null,null,null,null,null,null,10,2026-08-03 09:34:23.941+00,5dda0b14-713b-46d0-a6ce-a7a33a2fb6f9
f15d8a38-9297-759e-500a-7a65371fd2c8,00000000-0000-0000-0000-000000000001,a511b46a-10b8-465e-bb0a-278862caf056,67ee5a27e0ecbbc76478874e47378adb,Female,null,Revature,Qa automation engineer,null,2025-05-05 04:45:36+00,exited,null,null,null,null,null,null,null,null,null,null,null,null,null,null,9,2026-08-03 09:34:23.964+00,5dda0b14-713b-46d0-a6ce-a7a33a2fb6f9
f16a668c-ea8a-b26d-9dff-4da3c53fccc7,00000000-0000-0000-0000-000000000001,70a561df-f53f-41ea-bea6-41d227f09599,4c8f615d7cb452285e118758ee823f70,Male,null,Healthcare Technology Innovation Center,Robotics Engineer,null,2025-05-05 04:45:36+00,exited,null,null,null,null,null,null,null,null,null,null,null,null,null,null,3,2026-08-03 09:34:23.97+00,5dda0b14-713b-46d0-a6ce-a7a33a2fb6f9
f2764421-c336-0b17-7318-6908f1ce4a72,00000000-0000-0000-0000-000000000001,a511b46a-10b8-465e-bb0a-278862caf056,aeff054a376a86c2f30b2d95123c658e,Male,null,null,null,null,2025-05-05 04:45:36+00,exited,null,null,null,null,null,null,null,null,null,null,null,null,null,null,6,2026-08-03 09:34:24.115+00,5dda0b14-713b-46d0-a6ce-a7a33a2fb6f9
f284b25b-d762-1399-a12e-ba7ffa6b6f97,00000000-0000-0000-0000-000000000001,d5404e52-5f5d-4cbf-b8e6-aed5bd98fb1f,c8b0864daca5471cb6d835363e0f55ed,Female,null,null,null,null,2025-05-05 04:45:36+00,staying,null,null,null,null,null,null,null,null,null,null,null,null,null,null,3,2026-08-03 09:34:24.042+00,5dda0b14-713b-46d0-a6ce-a7a33a2fb6f9
f2a00e3d-de04-40a3-6f41-a3ebfcab4a3c,00000000-0000-0000-0000-000000000001,b402a830-798b-408c-90f7-e1bc57ae8e09,5469113aa1662ae8d2285457a5f6497c,Female,null,"Bank of America ","Technical Analyst ",null,2025-05-05 04:45:36+00,staying,null,null,null,null,null,null,null,null,null,null,null,null,null,null,4,2026-08-03 09:34:24.112+00,5dda0b14-713b-46d0-a6ce-a7a33a2fb6f9
f2d14ca3-b37b-9e02-78c3-46a7603d8a6b,00000000-0000-0000-0000-000000000001,a511b46a-10b8-465e-bb0a-278862caf056,fc8b2ebc169afb9152145875b42a4734,Female,null,"Guardian India ","Internship ",null,2025-05-05 04:45:36+00,exited,null,null,null,null,null,null,null,null,null,null,null,null,null,null,6,2026-08-03 09:34:24.003+00,5dda0b14-713b-46d0-a6ce-a7a33a2fb6f9
f314b248-499b-0fe1-eb90-6a2940d95f0d,00000000-0000-0000-0000-000000000001,a511b46a-10b8-465e-bb0a-278862caf056,a234637106648fe7e77a6f9e8733e7d7,Female,null,null,null,null,2025-05-05 04:45:36+00,exited,null,null,null,null,null,null,null,null,null,null,null,null,null,null,10,2026-08-03 09:34:24.093+00,5dda0b14-713b-46d0-a6ce-a7a33a2fb6f9
f3632be3-2aed-8fc9-aaa9-86a05e199599,00000000-0000-0000-0000-000000000001,a511b46a-10b8-465e-bb0a-278862caf056,b29122adc46a1b6b0ffc127a1ec8231b,Male,null,null,null,null,2025-05-05 04:45:36+00,exited,null,null,null,null,null,null,null,null,null,null,null,null,null,null,10,2026-08-03 09:34:24.35+00,5dda0b14-713b-46d0-a6ce-a7a33a2fb6f9
f42b7fbf-db7b-5587-a226-6db4ec10361e,00000000-0000-0000-0000-000000000001,a511b46a-10b8-465e-bb0a-278862caf056,afc1805fcc597a6d2c4a6d205d1e8ff0,Female,null,null,null,null,2025-05-05 04:45:36+00,exited,null,null,null,null,null,null,null,null,null,null,null,null,null,null,10,2026-08-03 09:34:24.113+00,5dda0b14-713b-46d0-a6ce-a7a33a2fb6f9
f446fec2-fa90-7fab-9aee-46beda17b135,00000000-0000-0000-0000-000000000001,a511b46a-10b8-465e-bb0a-278862caf056,4722aa053819e391e8c40a9c7f41cc3a,Male,null,Stg infotech,Software developer,null,2025-05-05 04:45:36+00,exited,null,null,null,null,null,null,null,null,null,null,null,null,null,null,10,2026-08-03 09:34:24.07+00,5dda0b14-713b-46d0-a6ce-a7a33a2fb6f9
f4db5e33-d3d1-c088-34b8-a063d3245918,00000000-0000-0000-0000-000000000001,a511b46a-10b8-465e-bb0a-278862caf056,f4cd46cf3714ce1e79c3fba7de22587b,Male,null,null,null,null,2025-05-05 04:45:36+00,cancelled,null,null,null,null,null,null,null,null,null,null,null,null,null,null,10,2026-08-03 09:34:24.001+00,5dda0b14-713b-46d0-a6ce-a7a33a2fb6f9
f50bb3e2-c8d0-59ce-baaf-017ad9240186,00000000-0000-0000-0000-000000000001,a511b46a-10b8-465e-bb0a-278862caf056,b7c17fc3567afaacfe309d72f2e1c8bb,Female,null,null,null,null,2025-05-05 04:45:36+00,exited,null,null,null,null,null,null,null,null,null,null,null,null,null,null,6,2026-08-03 09:34:24.104+00,5dda0b14-713b-46d0-a6ce-a7a33a2fb6f9
f554ade4-2946-7db4-e90f-d619cc856308,00000000-0000-0000-0000-000000000001,a511b46a-10b8-465e-bb0a-278862caf056,d73a6aebfc99fcfb056fa50e7560433e,Male,null,null,null,null,2025-05-05 04:45:36+00,exited,null,null,null,null,null,null,null,null,null,null,null,null,null,null,10,2026-08-03 09:34:23.994+00,5dda0b14-713b-46d0-a6ce-a7a33a2fb6f9
f5941657-44ee-cf7c-c636-1b9f5af485e0,00000000-0000-0000-0000-000000000001,a511b46a-10b8-465e-bb0a-278862caf056,d233b21d1cdb10291d67755a1b4709e0,Female,null,null,null,null,2025-05-05 04:45:36+00,exited,null,null,null,null,null,null,null,null,null,null,null,null,null,null,10,2026-08-03 09:34:23.996+00,5dda0b14-713b-46d0-a6ce-a7a33a2fb6f9
f59fa4ad-6dca-c7e7-d459-5326609a6412,00000000-0000-0000-0000-000000000001,a511b46a-10b8-465e-bb0a-278862caf056,4601b4f8bed7c70f87d64428c8412566,Male,null,"Deloitte ",Consultant,null,2025-05-05 04:45:36+00,staying,null,null,null,null,null,null,null,null,null,null,null,null,null,null,5,2026-08-03 09:34:24.01+00,5dda0b14-713b-46d0-a6ce-a7a33a2fb6f9
f6c5c3d2-ceda-6c7f-aa96-359c7dc9ee92,00000000-0000-0000-0000-000000000001,a511b46a-10b8-465e-bb0a-278862caf056,f4b87fdeed5f12039120e6e3f4e75ee0,Male,null,null,null,null,2025-05-05 04:45:36+00,exited,null,null,null,null,null,null,null,null,null,null,null,null,null,null,3,2026-08-03 09:34:24.014+00,5dda0b14-713b-46d0-a6ce-a7a33a2fb6f9
f6ea69ff-f321-748e-c6cf-f5f97d352139,00000000-0000-0000-0000-000000000001,a511b46a-10b8-465e-bb0a-278862caf056,c5cb65fa07f007368dceb3293631defa,Male,null,V ships,HSSEQ officer,null,2025-05-05 04:45:36+00,exited,null,null,null,null,null,null,null,null,null,null,null,null,null,null,10,2026-08-03 09:34:24.002+00,5dda0b14-713b-46d0-a6ce-a7a33a2fb6f9
f7290eb5-6a3b-08ae-b5f7-726d85027796,00000000-0000-0000-0000-000000000001,a511b46a-10b8-465e-bb0a-278862caf056,460679e96b52786fef9ab0c5411dbfb2,Female,null,"Pfizer Healthcare India Pvt. Ltd, Chennai","Associate Scientist, R&D Dept.",null,2025-05-05 04:45:36+00,exited,null,null,null,null,null,null,null,null,null,null,null,null,null,null,10,2026-08-03 09:34:24.052+00,5dda0b14-713b-46d0-a6ce-a7a33a2fb6f9
f7735958-63ae-2289-7af5-5c07b2f03e4b,00000000-0000-0000-0000-000000000001,a511b46a-10b8-465e-bb0a-278862caf056,fab919128cc33a34ed07ce02e113fbfe,Male,null,Latentview Analytics,Intern,null,2025-05-05 04:45:36+00,exited,null,null,null,null,null,null,null,null,null,null,null,null,null,null,10,2026-08-03 09:34:24.112+00,5dda0b14-713b-46d0-a6ce-a7a33a2fb6f9
f77c1bcf-16d6-03e4-a541-7ee504583fa1,00000000-0000-0000-0000-000000000001,a511b46a-10b8-465e-bb0a-278862caf056,95b15242d3fad2e688c63d3e698fe87b,Male,null,CAMS,APM,null,2025-05-05 04:45:36+00,exited,null,null,null,null,null,null,null,null,null,null,null,null,null,null,6,2026-08-03 09:34:24.119+00,5dda0b14-713b-46d0-a6ce-a7a33a2fb6f9
f79d879a-c8fc-fe8d-24d8-e6dd69a6157b,00000000-0000-0000-0000-000000000001,a511b46a-10b8-465e-bb0a-278862caf056,43ed8ed7a757ec6f0e26ed6fd96216de,Female,null,"IITM,HTIC",Project intern,null,2025-05-05 04:45:36+00,exited,null,null,null,null,null,null,null,null,null,null,null,null,null,null,10,2026-08-03 09:34:24.034+00,5dda0b14-713b-46d0-a6ce-a7a33a2fb6f9
f7b187b2-38ad-b545-9f12-f5a4274d3f6c,00000000-0000-0000-0000-000000000001,a511b46a-10b8-465e-bb0a-278862caf056,60e4fb92ccf61be284dc8611b4236dcb,Male,null,Amazon,Software Engineer,null,2025-05-05 04:45:36+00,exited,null,null,null,null,null,null,null,null,null,null,null,null,null,null,10,2026-08-03 09:34:24.086+00,5dda0b14-713b-46d0-a6ce-a7a33a2fb6f9
f7d24c55-ed4d-270d-81fd-fb50566001d5,00000000-0000-0000-0000-000000000001,a511b46a-10b8-465e-bb0a-278862caf056,dd464af7a9ac2151257527d4e5f99a35,Male,null,Deloitte USI,"Consultant ",null,2025-05-05 04:45:36+00,exited,null,null,null,null,null,null,null,null,null,null,null,null,null,null,6,2026-08-03 09:34:23.993+00,5dda0b14-713b-46d0-a6ce-a7a33a2fb6f9
f86287b5-4309-8135-37cc-77b6edad4fe0,00000000-0000-0000-0000-000000000001,a511b46a-10b8-465e-bb0a-278862caf056,d1b69ae531ac1dbb3498f0acf2b10468,Male,null,null,null,null,2025-05-05 04:45:36+00,exited,null,null,null,null,null,null,null,null,null,null,null,null,null,null,10,2026-08-03 09:34:24.426+00,5dda0b14-713b-46d0-a6ce-a7a33a2fb6f9
f86e3390-1f72-a192-6cf5-5d5aa9979348,00000000-0000-0000-0000-000000000001,a511b46a-10b8-465e-bb0a-278862caf056,273d323be60a46590fb092a154f614cf,Male,null,TCS,Software Engineer,null,2025-05-05 04:45:36+00,exited,null,null,null,null,null,null,null,null,null,null,null,null,null,null,10,2026-08-03 09:34:24.317+00,5dda0b14-713b-46d0-a6ce-a7a33a2fb6f9
f8723af2-2adb-2870-b160-e1ad562524be,00000000-0000-0000-0000-000000000001,bbb2debb-d153-42f7-9f86-5edb583e1a72,5412623523481938a1c5c9a96ad93cfc,Male,null,Bank of America,Apprentice,null,2025-05-05 04:45:36+00,exited,null,null,null,null,null,null,null,null,null,null,null,null,null,null,4,2026-08-03 09:34:23.999+00,5dda0b14-713b-46d0-a6ce-a7a33a2fb6f9
f8947f30-bd4e-f7be-4881-92af32d0044b,00000000-0000-0000-0000-000000000001,a511b46a-10b8-465e-bb0a-278862caf056,e4447700809654fc9996a19129290d0d,Male,null,Amazon India,Device Associate - I,null,2025-05-05 04:45:36+00,exited,null,null,null,null,null,null,null,null,null,null,null,null,null,null,10,2026-08-03 09:34:24.065+00,5dda0b14-713b-46d0-a6ce-a7a33a2fb6f9
f9036b0b-f6ae-2444-5d3d-ac81e4964064,00000000-0000-0000-0000-000000000001,a511b46a-10b8-465e-bb0a-278862caf056,062b5aaa3870e8107a041e1ad89c7f1f,Male,null,null,null,null,2025-05-05 04:45:36+00,exited,null,null,null,null,null,null,null,null,null,null,null,null,null,null,6,2026-08-03 09:34:24.114+00,5dda0b14-713b-46d0-a6ce-a7a33a2fb6f9
f98f60f3-2029-dee7-bf7e-9f65e605f203,00000000-0000-0000-0000-000000000001,a511b46a-10b8-465e-bb0a-278862caf056,67c7045760c3e7d55d4dcee2d484698f,Female,null,null,null,null,2025-05-05 04:45:36+00,exited,null,null,null,null,null,null,null,null,null,null,null,null,null,null,10,2026-08-03 09:34:25.291+00,5dda0b14-713b-46d0-a6ce-a7a33a2fb6f9
f9e5a9a2-c104-83c6-c74c-f1bf39a7efc9,00000000-0000-0000-0000-000000000001,a511b46a-10b8-465e-bb0a-278862caf056,e7df8d95ce35955353a023e8c484867f,Female,null,null,null,null,2025-05-05 04:45:36+00,exited,null,null,null,null,null,null,null,null,null,null,null,null,null,null,10,2026-08-03 09:34:25.28+00,5dda0b14-713b-46d0-a6ce-a7a33a2fb6f9
fa05c958-760e-9f6b-3a86-aab8ce4195a6,00000000-0000-0000-0000-000000000001,a511b46a-10b8-465e-bb0a-278862caf056,5288a593d8d491323d0cf7b40e9676b6,Male,null,null,null,null,2025-05-05 04:45:36+00,exited,null,null,null,null,null,null,null,null,null,null,null,null,null,null,10,2026-08-03 09:34:25.274+00,5dda0b14-713b-46d0-a6ce-a7a33a2fb6f9
fa32b34b-dd5b-004f-7cae-9afd4bd3aa20,00000000-0000-0000-0000-000000000001,a511b46a-10b8-465e-bb0a-278862caf056,59eece8a7d441ed43a3f49d10bac8b2b,Female,null,Adyar cancer institute,M S,null,2025-05-05 04:45:36+00,exited,null,null,null,null,null,null,null,null,null,null,null,null,null,null,10,2026-08-03 09:34:25.275+00,5dda0b14-713b-46d0-a6ce-a7a33a2fb6f9
fb95c8f3-ccfe-5bd5-988d-238324462ce6,00000000-0000-0000-0000-000000000001,a511b46a-10b8-465e-bb0a-278862caf056,617bea0805a052259569811ad3c2d446,Female,null,Protiviti,Consultant 2,null,2025-05-05 04:45:36+00,exited,null,null,null,null,null,null,null,null,null,null,null,null,null,null,10,2026-08-03 09:34:25.293+00,5dda0b14-713b-46d0-a6ce-a7a33a2fb6f9
fc3a7af3-d462-ffa0-bf10-348fe7f764f5,00000000-0000-0000-0000-000000000001,a511b46a-10b8-465e-bb0a-278862caf056,4ff8ecd33763ac86a3dab9f5586a8a3e,Male,null,Coronis Ajuba,Sr. Executive - learning and Development,null,2025-05-05 04:45:36+00,exited,null,null,null,null,null,null,null,null,null,null,null,null,null,null,6,2026-08-03 09:34:25.316+00,5dda0b14-713b-46d0-a6ce-a7a33a2fb6f9
fc8a412e-e0d4-35e1-37fa-5f798b7dc7f4,00000000-0000-0000-0000-000000000001,a2e21ca2-c5a5-4796-b27a-6d5fb6380a92,156c212023f8ff3d035dc15086171e35,Female,null,null,null,null,2025-05-05 04:45:36+00,exited,null,null,null,null,null,null,null,null,null,null,null,null,null,null,3,2026-08-03 09:34:25.291+00,5dda0b14-713b-46d0-a6ce-a7a33a2fb6f9
fcf55d01-89b8-f6a7-e2d0-a30606155613,00000000-0000-0000-0000-000000000001,a511b46a-10b8-465e-bb0a-278862caf056,8aeb0f584fd9c30e4d2614bff7f17100,Male,null,ZS Associates,Consultant,null,2025-05-05 04:45:36+00,exited,null,null,null,null,null,null,null,null,null,null,null,null,null,null,10,2026-08-03 09:34:25.306+00,5dda0b14-713b-46d0-a6ce-a7a33a2fb6f9
fd1d6483-722f-9ff9-67bd-a98f7e3f42af,00000000-0000-0000-0000-000000000001,a511b46a-10b8-465e-bb0a-278862caf056,c54dda1d45d7002c40b4d933560c4d5b,Male,null,Astra zeneca private limited,Analyst,null,2025-05-05 04:45:36+00,exited,null,null,null,null,null,null,null,null,null,null,null,null,null,null,5,2026-08-03 09:34:25.312+00,5dda0b14-713b-46d0-a6ce-a7a33a2fb6f9
fd2287dc-689b-6c39-6cd4-97a01165482f,00000000-0000-0000-0000-000000000001,a511b46a-10b8-465e-bb0a-278862caf056,b85696536311fb9ee3f7e1dfec91df60,Female,null,null,null,null,2025-05-05 04:45:36+00,exited,null,null,null,null,null,null,null,null,null,null,null,null,null,null,10,2026-08-03 09:34:25.286+00,5dda0b14-713b-46d0-a6ce-a7a33a2fb6f9
fdf8832c-e820-f199-63da-f0f8157627db,00000000-0000-0000-0000-000000000001,a511b46a-10b8-465e-bb0a-278862caf056,093fd45a00ce879a27f1e3c04af9eee8,Male,null,"Cancer Institute ","Research Intern ",null,2025-05-05 04:45:36+00,exited,null,null,null,null,null,null,null,null,null,null,null,null,null,null,10,2026-08-03 09:34:25.282+00,5dda0b14-713b-46d0-a6ce-a7a33a2fb6f9
fe24afd8-2c14-d8b6-3d36-abb8ca49ee4c,00000000-0000-0000-0000-000000000001,a511b46a-10b8-465e-bb0a-278862caf056,eb4e2d564816bb47fd68a14386b8a9ea,Female,null,null,null,null,2025-05-05 04:45:36+00,exited,null,null,null,null,null,null,null,null,null,null,null,null,null,null,10,2026-08-03 09:34:25.338+00,5dda0b14-713b-46d0-a6ce-a7a33a2fb6f9
fe6fde7d-7b92-ab13-11b4-185f8e94938e,00000000-0000-0000-0000-000000000001,a511b46a-10b8-465e-bb0a-278862caf056,e66ebaa2f96594d248fee97a5e89f92a,Male,null,Thermax Limited,Export and Domestic Sales Engineer,null,2025-05-05 04:45:36+00,exited,null,null,null,null,null,null,null,null,null,null,null,null,null,null,10,2026-08-03 09:34:25.317+00,5dda0b14-713b-46d0-a6ce-a7a33a2fb6f9
fede9d18-47bd-03b2-a0a3-73ae43fbcf88,00000000-0000-0000-0000-000000000001,a511b46a-10b8-465e-bb0a-278862caf056,8da87a4015b06a155571df874569ecb3,Female,null,Baton systems,SDE,null,2025-05-05 04:45:36+00,exited,null,null,null,null,null,null,null,null,null,null,null,null,null,null,4,2026-08-03 09:34:25.299+00,5dda0b14-713b-46d0-a6ce-a7a33a2fb6f9
ff599da3-a232-88cd-a736-580dfaec6522,00000000-0000-0000-0000-000000000001,a511b46a-10b8-465e-bb0a-278862caf056,c3b94ac97189c690d640d5dac8848be3,Female,null,Amazon,BA,null,2025-05-05 04:45:36+00,exited,null,null,null,null,null,null,null,null,null,null,null,null,null,null,10,2026-08-03 09:34:25.338+00,5dda0b14-713b-46d0-a6ce-a7a33a2fb6f9
ff6404e4-c757-df50-27ad-b0185fb6159f,00000000-0000-0000-0000-000000000001,a511b46a-10b8-465e-bb0a-278862caf056,583f70ed4c368b8f513c2364ddaaf582,Male,null,Bank of America,Software Engineer,null,2025-05-05 04:45:36+00,exited,null,null,null,null,null,null,null,null,null,null,null,null,null,null,10,2026-08-03 09:34:25.334+00,5dda0b14-713b-46d0-a6ce-a7a33a2fb6f9
ff80850b-f765-b3a1-58f3-071b7cf1a705,00000000-0000-0000-0000-000000000001,a511b46a-10b8-465e-bb0a-278862caf056,60a036db1f6b0567fa1f77466db88bd8,Female,null,null,null,null,2025-05-05 04:45:36+00,exited,null,null,null,null,null,null,null,null,null,null,null,null,null,null,10,2026-08-03 09:34:25.334+00,5dda0b14-713b-46d0-a6ce-a7a33a2fb6f9
ff962267-267c-16aa-46fe-20a2ee81869f,00000000-0000-0000-0000-000000000001,a511b46a-10b8-465e-bb0a-278862caf056,c244c7fd8e8438245a21325f215dfc56,Female,null,null,null,null,2025-05-05 04:45:36+00,exited,null,null,null,null,null,null,null,null,null,null,null,null,null,null,10,2026-08-03 09:34:25.272+00,5dda0b14-713b-46d0-a6ce-a7a33a2fb6f9
d2449d75-0593-4deb-a6c2-fae99fc83ab0,00000000-0000-0000-0000-000000000001,3b1c5ecb-c021-47da-a2c1-b29119470537,d11e4bc77511101dbab59d48188f5da1,Female,null,"Psiog digital ","Business Analyst ",true,2026-03-31 06:46:20.254697+00,exited,Veg,D/O,"Chennai ",600095,Tamil Nadu,24,IT,"Chennai ",6000041,"Tamilnadu ",2026-04-01,null,"Icici Bank ","Nanganallur ",4,2026-08-03 09:34:20.709+00,5dda0b14-713b-46d0-a6ce-a7a33a2fb6f9
84c2199c-67b0-4d65-bf33-31f2a6ad244f,00000000-0000-0000-0000-000000000001,null,96ca1cc5139eab365cff6c7c3d7357cb,Male,null,PWC,null,true,2026-03-31 09:15:45.733248+00,exited,Veg,S/O,Chennai,600044,Tamil Nafu,20,Audit,null,null,null,null,null,Indusind Bank,Chrompet,6,2026-08-03 09:34:14.889+00,5dda0b14-713b-46d0-a6ce-a7a33a2fb6f9
cebf32f4-3855-47cb-849b-815d2a2b5228,00000000-0000-0000-0000-000000000001,null,b1e84a383ad2398d8194580298997ed9,Male,null,Price Waterhouse Coopers,Intern,true,2026-03-31 09:34:06.834578+00,exited,Veg,S/O,"Chennai ",600063,Tamil Nadu,21,"Chartered Accountant - Finalist ","Chennai ",600113,Tamil Nadu,2026-04-05,null,HDFC,"Perungalathur ",6,2026-08-03 09:34:20.731+00,5dda0b14-713b-46d0-a6ce-a7a33a2fb6f9
d751c131-c1c9-4f5c-88f8-7e4c6cb710b3,00000000-0000-0000-0000-000000000001,02d2bf20-6d1e-410c-9c0e-2ef9aaea9463,097e7c642ad2893561d3d7edd1599403,Male,null,"IIT Madras ","Postdoc Researcher ",true,2026-03-31 12:42:11.080534+00,staying,Veg,S/O,"Madras ",600036,"Tamil Nadu ",29," Researcher ",Madras,600036,"Tamil Nadu ",2026-03-22,null,SBI,"Naubasta Kanpur ",4,2026-08-03 09:34:21.756+00,5dda0b14-713b-46d0-a6ce-a7a33a2fb6f9
15ff5934-5a4f-43fb-8bf6-4d798bd6a28b,00000000-0000-0000-0000-000000000001,a979ac9d-a6fb-49ae-a112-bd6582980ffb,44e8e9f0096225a110976649cac04403,Female,null,Cognizant,"Software engineer ",true,2026-04-04 10:31:05.974288+00,exited,Non-Veg,W/O,"Chennai ",600054,Tamilnadu,36,"Software engineer ","Chennai ",600054,"Tamilnadu ",2025-04-04,null,"HDFC bank ","Adyar ",6,2026-08-03 09:34:03.318+00,5dda0b14-713b-46d0-a6ce-a7a33a2fb6f9
51c3d3a9-bfa0-4a8e-a687-3ef46bc022cc,00000000-0000-0000-0000-000000000001,2bd4db28-f52b-4c7f-8854-2c4b355fd23d,d855cc192292bdc67d7a23ab97b0bc02,Female,null,Common threads,Designer,true,2026-04-05 04:35:11.073561+00,staying,Non-Veg,D/O,Wandoor,679328,Kerala,24,Designer,"Adyar ",60020,Tamil nadu,2026-04-05,null,Federal bank,Wandoor branch,5,2026-08-03 09:34:09.099+00,5dda0b14-713b-46d0-a6ce-a7a33a2fb6f9
f9eb9b23-5f60-4ec4-b990-8313323bb759,00000000-0000-0000-0000-000000000001,66f7b865-8875-4879-924d-c6bf1705f5da,eed0da539b21868a33ea648a75b19040,Male,null,"Common threads studio ","Designer ",true,2026-04-05 12:22:17.449626+00,staying,Non-Veg,S/O,Mahe,673310,"Puducherry ",22,"Designer ","Chennai ",600020,Tamil Nadu,2026-04-06,null,Kerala Gramin bank,Azhiyur,5,2026-08-03 09:34:25.315+00,5dda0b14-713b-46d0-a6ce-a7a33a2fb6f9
d6d6b302-4f36-4d0b-8751-2dceccd295bd,00000000-0000-0000-0000-000000000001,34092bdb-2831-4cc1-89aa-bac88e8dc45d,d3bdf7e55d0efc3f09c6dd7ce394e679,Female,null,Thoughtworks,Sr. Consultant - BA,true,2026-04-07 07:33:53.003356+00,exited,Veg,W/O,Haridwar,249407,Uttarakhand,29,Product Manager,Chennai,null,TN,2026-03-23,null,ICICI Bank,Gurgaon,6,2026-08-03 09:34:21.666+00,5dda0b14-713b-46d0-a6ce-a7a33a2fb6f9
1dc2bdca-ae79-4cd5-9d74-961c02cce282,00000000-0000-0000-0000-000000000001,5c44e0b3-39f5-4686-8e27-af1053a9963a,eaa9931040a4e30e2ded71af02625835,Male,null,null,null,true,2026-04-11 11:59:41.537974+00,staying,Veg,S/O,Banswara,317001,Rajasthan,25,Engineer,null,null,null,null,null,Axis Bank,Banswara,4,2026-08-03 09:34:04.457+00,5dda0b14-713b-46d0-a6ce-a7a33a2fb6f9
6b4a40d5-2eff-4bcc-9de7-8882d77546c0,00000000-0000-0000-0000-000000000001,1675bfc1-ecb1-4129-a5c8-d0c32d8c7b13,71c37e54aa1f3e49203f9a93c52b00ee,Male,null,"Great lakes institute of management chennai ",MBA,true,2026-04-12 08:51:24.460619+00,exited,Veg,S/O,Delhi,110063,Delhi,24,Student,"Delhi ",110063,"New Delhi ",2026-04-12,null,HDFC Bank,Paschim Vihar,6,2026-08-03 09:34:11.388+00,5dda0b14-713b-46d0-a6ce-a7a33a2fb6f9
f7b7f5b3-6e63-4ae3-8a79-515d431392fa,00000000-0000-0000-0000-000000000001,a18f8c4e-38aa-419f-8111-f6ddd4a4c893,49ead92b5f2ffae6cb9812a922644ca9,Male,null,"Great lakes chennai ",Pgdm,true,2026-04-12 10:55:27.654934+00,exited,Veg,S/O,Guwahati,781018,Assam,24,"Student ","Chengalpattu ",603102,"Tamilnadu ",2026-04-12,null,SBI,Vinobanagar,6,2026-08-03 09:34:24.01+00,5dda0b14-713b-46d0-a6ce-a7a33a2fb6f9
8e125a87-1a3e-4b52-855b-635c06bafd87,00000000-0000-0000-0000-000000000001,60d246e7-9fd7-454b-8f9f-323392c9d054,fca9667c7a5dd805613b7d3f018db863,Female,null,"Common threads studio ","Textile designer ",true,2026-04-14 06:36:16.612934+00,exited,Non-Veg,D/O,"Udupi ",576213,"Karnataka ",22,"Textile designer ","Chennai ",600020,"Tamil Nadu ",2026-04-15,null,"Canara bank ","Varambally ",5,2026-08-03 09:34:14.995+00,5dda0b14-713b-46d0-a6ce-a7a33a2fb6f9
41aa512e-b3d6-49bc-9caa-eec244ee63d8,00000000-0000-0000-0000-000000000001,null,9592dddefa1f3426acfd934aa7bfbcf3,Female,null,"Nift chennai ",Bdes,true,2026-04-15 15:59:38.582812+00,exited,Veg,null,PILIBHIT,262001,Uttar Pradesh,21,Student,CHENNAI,600041,Tamil Nadu,2026-04-15,null,Nil,Nil,10,2026-08-03 09:34:08.086+00,5dda0b14-713b-46d0-a6ce-a7a33a2fb6f9
521635f8-15aa-4ce1-ab2f-276095cbbe1a,00000000-0000-0000-0000-000000000001,d0dce56d-f490-482e-b723-7a38f6d8501a,5cfe7250fd4c4ae03df7a2fcbfbdfe33,Male,null,Soltrium power pvt ltd,Project Manager,true,2026-04-18 08:03:36.928192+00,exited,Non-Veg,null,Cuddalore,608801,Tamil Nadu,36,Engineer,null,null,null,2026-01-19,null,HDFC bank,Cuddalore,6,2026-08-03 09:34:09.051+00,5dda0b14-713b-46d0-a6ce-a7a33a2fb6f9
25ef6338-6197-45a8-82d9-ddd0a846f1b2,00000000-0000-0000-0000-000000000001,5426ca7a-f355-4798-a764-136f3396c4bb,888e4bfdca5698016b7ad788d6f5de7b,Female,null,Thryve digital,Analyst,true,2026-04-18 08:33:07.013111+00,staying,Non-Veg,null,Kumbakonam,612001,Tamil Nadu,25,Analyst,Chennai,600113,Tamil Nadu,2026-05-11,null,SBI,"Kumbakonam Bazzar 61A/898B,89 Dr murthy road",5,2026-08-03 09:34:05.495+00,5dda0b14-713b-46d0-a6ce-a7a33a2fb6f9
1f48149b-910c-401b-9638-49f13af032f1,00000000-0000-0000-0000-000000000001,null,4216ae556406cdb9afd66304c5b67c55,Male,null,null,null,true,2026-04-19 11:28:57.78377+00,exited,Veg,null,Nellore,524004,Andhra Pradesh,25,Software Engineer,null,null,null,null,null,HDFC Bank,Adoni,10,2026-08-03 09:34:04.371+00,5dda0b14-713b-46d0-a6ce-a7a33a2fb6f9
5527e05d-475b-45ed-a6f4-284340eed262,00000000-0000-0000-0000-000000000001,33178390-6d82-44d0-a503-fc47fb7c52b7,359bd00b2c77242835276b74896b5705,Male,null,Kotak Mahindra Prime Ltd,DVP,true,2026-04-21 09:32:54.866487+00,staying,Non-Veg,null,Thrissur,680308,Kerala,55,Company executive,Chennai,600096,Tamil Nadu,2026-04-06,null,SBI,ANGAMALY,6,2026-08-03 09:34:09.101+00,null
a467df39-5ec5-465e-a471-e2b54be7bc71,00000000-0000-0000-0000-000000000001,b71e0cb4-48a7-4d6e-880d-cf20e81d8f48,50aded4dad262995eee65f89249f2338,Female,null,Vels university high tech campus,Bsc aeronautical science,true,2026-04-22 13:48:57.105735+00,staying,Non-Veg,null,Thrissur,680510,Kerala,20,Student,Chennai,600041,Tamil Nadu,2026-05-02,null,South indian bank,Venkitangu branch,5,2026-08-03 09:34:17.321+00,5dda0b14-713b-46d0-a6ce-a7a33a2fb6f9
c49181cd-07c5-4c6a-a996-4146d002c886,00000000-0000-0000-0000-000000000001,435af003-ddde-48f7-aa3c-2fecb0fe9c58,83efb6b851b0c47da28fa1d9914d72eb,Female,null,Vels hitech university,Bsc Aeronautical science,true,2026-04-22 15:03:09.789076+00,staying,Non-Veg,null,Thane,400607,Maharashtra,19,Student,Kanchipuram,600041,Tamil Nadu,2026-05-01,null,Maharashtra bank,"Ghodbundar road, thane",6,2026-08-03 09:34:19.498+00,5dda0b14-713b-46d0-a6ce-a7a33a2fb6f9
8709ca2e-a8a6-48a4-b8ce-e813c4796ab9,00000000-0000-0000-0000-000000000001,c83687e4-26b6-4924-a515-1865cb5ab287,540c92e975187c0621370023ca538013,Female,null,Computer AGE MANAGEMENT SERVICE,Devops engineer,true,2026-04-24 07:04:18.861408+00,staying,Veg,null,Khandwa,450001,Madhya Pradesh,24,Software engineer,Chennai,600113,Tamil Nadu,2026-01-29,null,HDFC,KHANDWA,4,2026-08-03 09:34:14.927+00,5dda0b14-713b-46d0-a6ce-a7a33a2fb6f9
ec54c666-5b64-42fd-9eb8-880606816c1e,00000000-0000-0000-0000-000000000001,null,99eaad3c89db86bdcdcb1275cd01a13d,Male,null,null,null,true,2026-04-28 13:43:54.309223+00,new,Non-Veg,null,Chennai,600020,Tamil Nadu,50,Business,null,null,null,null,null,Bank of India,Mylsporr,10,2026-08-03 09:34:23.902+00,5dda0b14-713b-46d0-a6ce-a7a33a2fb6f9
791c16c3-5afa-4081-a47c-53439979e5b3,00000000-0000-0000-0000-000000000001,c094ce43-d01e-48ce-abb9-aa1e4ff1fea2,2fd7981ba3d4631edbddf7ee5f780d40,Male,null,AstraZeneca,Associate Consultant,true,2026-04-29 12:41:23.053943+00,exited,Veg,null,Aligarh,202001,UTTARPRADESH,26,Consultant,Chennai,600113,Tamil Nadu,2026-04-27,null,SBI,Aligarh Main Branch,5,2026-08-03 09:34:13.841+00,5dda0b14-713b-46d0-a6ce-a7a33a2fb6f9
b3002707-86e9-43d5-956d-cf108fb6a23f,00000000-0000-0000-0000-000000000001,1618db0d-da41-4632-bd92-aae8666f4769,35e349a08b8ba6961f6f0e03d0c320d4,Male,null,Qualcomm,Ml Engineer,true,2026-04-29 13:07:20.05905+00,staying,Non-Veg,null,NAGPUR,440025,Maharashtra,24,Engineer,Chennai,600113,Tamil Nadu,2026-04-27,null,HDFC Bank,Anna Nagar 5th Avenue,5,2026-08-03 09:34:18.453+00,5dda0b14-713b-46d0-a6ce-a7a33a2fb6f9
9e188cc2-9f75-4d15-8fa3-9348236cae71,00000000-0000-0000-0000-000000000001,null,8f1993e9f46ccc79920cfe8c4971b6af,Male,null,IDFC First bank,Intern,true,2026-04-30 07:32:07.924006+00,staying,Non-Veg,null,Delhi,110025,Delhi,22,Software engineer,Chennai,600113,Tamilnadu,2026-05-04,null,IDFC First bank,Hydrabad Karkhana branch,6,2026-08-03 09:34:17.262+00,5dda0b14-713b-46d0-a6ce-a7a33a2fb6f9
53416e34-aaed-471f-937d-0fea74c444b8,00000000-0000-0000-0000-000000000001,5b03bc7d-05c4-4226-816a-63e3427f3873,29e168a620fca97ece9a5f69ccf72fb5,Male,null,Anna University,M.E. CSE,true,2026-04-30 12:29:46.097864+00,exited,Non-Veg,null,Bharuch,392011,Gujarat,24,Student,Chennai,600025,Tamil Nadu,2026-05-01,null,Kotak Mahindra Bank,Pune - Pimpri Chinchwad,5,2026-08-03 09:34:09.085+00,5dda0b14-713b-46d0-a6ce-a7a33a2fb6f9
f38ac232-fe6f-44f8-955c-18c46b4db738,00000000-0000-0000-0000-000000000001,3ff3e0de-7b11-4454-b08b-abd8a09a1454,f52973324cbbb2361428543e9eaa9bd0,Male,null,null,null,true,2026-05-02 08:27:44.578005+00,exited,Non-Veg,null,Delhi,110025,Delhi,21,Application Engineer Intern,null,null,null,null,null,Indian Bank,Jamia Millia Islamia,10,2026-08-03 09:34:24.023+00,5dda0b14-713b-46d0-a6ce-a7a33a2fb6f9
f295149c-bcb1-4d48-93ce-d2ea593d29c3,00000000-0000-0000-0000-000000000001,1bc26de0-831b-4ea5-a000-f81a53d8d32c,ce8c605858c92b8191e23e8169a65dc7,Male,null,IDFC First Bank,Application Engineer Intern,true,2026-05-03 06:14:14.193792+00,exited,Non-Veg,null,Lucknow,226021,Uttar Pradesh,22,Application Engineer Intern,Chennai,600113,Tamil Nadu,2026-05-02,null,IDFC FIRST,Hyderabad-Karkhana Branch,3,2026-08-03 09:34:24.112+00,5dda0b14-713b-46d0-a6ce-a7a33a2fb6f9
2c05db07-e980-4d52-a524-1b1ee5185554,00000000-0000-0000-0000-000000000001,dcbcd25f-af6b-4d5f-96bf-1789d3893d7b,c6ac61a3d399e0bf783da332607e7297,Male,null,IDFC FIRST BANK,Software Engineer,true,2026-05-03 07:41:08.332026+00,exited,Non-Veg,null,Belgaum,590016,Karnataka,21,Software Engineer,Chennai,600113,Tamil Nadu,2026-05-03,null,ICICI Bank,"Tilakwadi, Belgaum",5,2026-08-03 09:34:05.567+00,5dda0b14-713b-46d0-a6ce-a7a33a2fb6f9
2ba81159-3fd3-401a-b806-4cf09e7dce86,00000000-0000-0000-0000-000000000001,24afb30c-5bbb-4344-b9e3-7046b21ae4fa,ffbcfa3c0621f50ff35d4d33eadda6ac,Female,null,Workday,SDE,true,2026-05-03 13:40:22.463871+00,staying,Veg,null,BangaloreBengaluru,560097,Karnataka,26,IT,null,null,null,2026-05-05,null,Indian Bank,Kodigehalli,3,2026-08-03 09:34:05.579+00,5dda0b14-713b-46d0-a6ce-a7a33a2fb6f9
d8c4b3c5-9b2a-4c6e-b1e8-0a98c9175234,00000000-0000-0000-0000-000000000001,f16a2f36-f779-4c26-8c45-ea64a470a99c,abf5eae6a17464558341e1964ec13cec,Male,null,Fidelity Investments,Software engineer,true,2026-05-05 07:02:03.193514+00,staying,Non-Veg,null,Tiruvarur,612701,Tamil Nadu,26,Software Engineer,Chennai,600041,Tamil Nadu,null,null,HDFC Bank,Kumbakonam,4,2026-08-03 09:34:21.678+00,5dda0b14-713b-46d0-a6ce-a7a33a2fb6f9
1261d726-9481-43dd-bac5-f1b158c8ab32,00000000-0000-0000-0000-000000000001,ad8967a0-acf4-4e0e-8288-6627addf6b88,92a9ee57534044e9ef1f2f4c02a596bb,Male,null,Idfc,Engineer,true,2026-05-05 11:07:27.193067+00,exited,Non-Veg,null,Ajmer,305001,Rajasthan,22,IT,Chennai,600113,Tamil Nadu,2026-05-05,null,SBI,Panchsheel c block,6,2026-08-03 09:34:03.33+00,5dda0b14-713b-46d0-a6ce-a7a33a2fb6f9
9c88cc60-ea13-4dd1-9930-ca14ff0c6aa0,00000000-0000-0000-0000-000000000001,5f72a3d7-d1ce-4cbe-8c87-51356ebc7039,c1109d2f1b4fe11279fb1adbd4d8ff8b,Female,null,idfc first bank,intern,true,2026-05-05 13:00:34.661317+00,exited,Non-Veg,null,Meerjapuram,521111,Andhra Pradesh,20,software engineer,Chennai,600113,Tamil Nadu,2026-05-04,null,IDFC FIRST,NUZVID BRANCH,5,2026-08-03 09:34:16.172+00,5dda0b14-713b-46d0-a6ce-a7a33a2fb6f9
083cff9b-ad02-40b0-93b8-969ab0460ee6,00000000-0000-0000-0000-000000000001,null,ba2aca0aa6d2be16867c39d3f38e66c4,Male,null,null,null,true,2026-05-06 14:24:33.705752+00,new,Others,null,Ramanathapuram,623504,Tamil Nadu,28,3d art,null,null,null,null,null,SBI,Bharati nagar,10,2026-08-03 09:34:01.912+00,5dda0b14-713b-46d0-a6ce-a7a33a2fb6f9
44bf5771-a669-438c-a190-88aab999cfae,00000000-0000-0000-0000-000000000001,9c530d2e-f6e7-4b94-b545-740c14a88dff,bf0d151bafe45c4bb136d66e55d75804,Female,null,null,null,true,2026-05-06 17:41:07.807784+00,exited,Veg,null,Mumbai,400053,Maharashtra,21,Internship,null,null,null,null,null,SBI,Versova,5,2026-08-03 09:34:07.968+00,5dda0b14-713b-46d0-a6ce-a7a33a2fb6f9
cb2574c2-6caf-4598-82dc-12b9569a6451,00000000-0000-0000-0000-000000000001,f177844f-a910-4102-9e4d-2e7445524b34,c42289efedc46d2bc9d43c33e5a3803d,Female,null,IDFC first bank,Intern,true,2026-05-06 19:15:16.985548+00,exited,Non-Veg,null,Pune,411001,Maharashtra,21,Intern,Chennai,600113,Tamil Nadu,2026-05-04,null,HDFC BANK,Bund garden,6,2026-08-03 09:34:20.731+00,5dda0b14-713b-46d0-a6ce-a7a33a2fb6f9
1bc75090-ac1a-44a6-bb22-f211aca7c760,00000000-0000-0000-0000-000000000001,0df319f0-ee27-4a93-8929-64dae64864e2,bb195186b73621aa38f3259018b51aee,Male,null,null,null,true,2026-05-10 07:21:25.290766+00,On-Notice,Non-Veg,null,Kolkata,700078,West Bengal,24,Software engineer,null,null,null,null,null,ICICI,Kalikapur,6,2026-08-03 09:34:04.354+00,5dda0b14-713b-46d0-a6ce-a7a33a2fb6f9
1218c50c-4da4-4f61-baec-5182a25958e3,00000000-0000-0000-0000-000000000001,fd2cd1e1-2776-48b3-87c2-7bcd53eb5294,72908df9f54f2e7c880ab1b81caa1cc3,Female,null,"Vellore Institute of Technology, Vellore",B.Arch,true,2026-05-12 07:42:41.565913+00,staying,Non-Veg,null,Virudampattu,632006,Tamil Nadu,21,Student,Chennai,600020,Tamil Nadu,2026-05-30,null,Union Bank of India,"Katpadi, Vellore",4,2026-08-03 09:34:03.286+00,5dda0b14-713b-46d0-a6ce-a7a33a2fb6f9
389859df-460c-4966-a71d-eb7bbebae67b,00000000-0000-0000-0000-000000000001,78942b37-a8d7-4d6b-855e-f6f8c16783c4,ff83d4e1c12f46090a3db4c2e1054f5f,Female,null,IITM Pravartak Technologies Foundation,Intern,true,2026-05-12 11:16:45.394893+00,exited,Non-Veg,null,Erode,638101,Tamil Nadu,20,Student,Chennai,600113,Tamil Nadu,2026-05-10,null,Central Bank of India,Peelamedu,5,2026-08-03 09:34:06.864+00,5dda0b14-713b-46d0-a6ce-a7a33a2fb6f9
94927866-7ca0-4311-b799-972822792cb8,00000000-0000-0000-0000-000000000001,null,758123002747f7e3272904f943154678,Female,null,null,null,true,2026-05-16 12:22:29.982118+00,exited,Veg,null,Coimbatore,641008,Tamil Nadu,20,Intern,null,null,null,null,null,ICICI Bank,"Kuniamuthur, Coimbatore",6,2026-08-03 09:34:16.089+00,5dda0b14-713b-46d0-a6ce-a7a33a2fb6f9
8971261e-a813-477f-94c0-0a9661dc4c34,00000000-0000-0000-0000-000000000001,db0a7270-b93c-4362-9ac5-9465d12e24aa,94d8569f942488ac290099d355b129c5,Female,null,Goethae institute,German course- A2,true,2026-05-22 06:51:17.651447+00,Exited,Veg,null,Pondicherry,605003,Pondicherry,31,Student,Chennai,600006,Tamil Nadu,2026-06-11,null,Axis bank,Kamaraj salai,5,2026-08-03 09:34:14.994+00,5dda0b14-713b-46d0-a6ce-a7a33a2fb6f9
de481a65-2fb4-4974-b7db-0ec990ea852d,00000000-0000-0000-0000-000000000001,136fbfc0-ab59-4100-bc5c-83e2a47415af,0c42cd6ad067684e84fc71735cbfe961,Male,null,null,null,true,2026-05-24 08:28:28.265621+00,exited,Non-Veg,null,Coimbatore,641048,Tamilnadu,20,Student,Coimbatore,641048,Tamilnadu,null,null,HDFC,RS puram,4,2026-08-03 09:34:21.705+00,5dda0b14-713b-46d0-a6ce-a7a33a2fb6f9
a267e3ee-ef69-4d54-8414-357c81b2eb3c,00000000-0000-0000-0000-000000000001,null,5af86affc6223d194fbde49f89ae68ed,Male,null,BITS Pilani,B.E Civil Engineering,true,2026-05-24 08:51:29.576094+00,exited,Non-Veg,null,Erode,638112,Tamil Nadu,20,Student,Pilani,333031,Rajasthan,2024-08-01,null,Indian Bank,Thindal,6,2026-08-03 09:34:17.29+00,5dda0b14-713b-46d0-a6ce-a7a33a2fb6f9
706ec709-36e3-4de0-a55a-522efd0b3957,00000000-0000-0000-0000-000000000001,bd9d0ae5-8941-45d5-af11-0bb4c7dcd03c,7fd469bff052f5b15dc55ff45586f6d2,Male,null,National test house,Intern,true,2026-05-24 12:13:55.535365+00,exited,Non-Veg,null,Bhimavaram,534201,Andhra Pradesh,19,Student,"Chennai,",600113,Tamil Nadu,2026-05-25,null,Union bank of india,Tundurru,6,2026-08-03 09:34:12.63+00,5dda0b14-713b-46d0-a6ce-a7a33a2fb6f9
b6263381-5732-4544-952b-edde50fdfc28,00000000-0000-0000-0000-000000000001,c7d9a081-f465-4f83-8170-d5d3e318f5c5,4102f966e875d37852c411597afbed15,Female,null,CSIR CEERI,Intern,true,2026-05-24 14:44:24.767221+00,exited,Non-Veg,null,Kalyan,421201,Maharashtra,21,Student,Chennai,600113,Tamil Nadu,2026-05-25,null,Bank of India,"Ghatkopar, Mumbai",5,2026-08-03 09:34:18.494+00,5dda0b14-713b-46d0-a6ce-a7a33a2fb6f9
8996897f-e383-4fca-87f9-654e1b14b3c2,00000000-0000-0000-0000-000000000001,e84fa128-0eac-44c9-9133-282cc776a012,8f5938b49a2069eff8b113f1492a2fb5,Female,null,Noblq Technologies,null,true,2026-05-25 12:27:15.347641+00,staying,Non-Veg,null,Dindigul,624202,Tamil Nadu,25,Software Engineer,Chennai,600113,Tamil Nadu,2026-05-04,null,State Bank of India,Batlagundu,4,2026-08-03 09:34:15.045+00,5dda0b14-713b-46d0-a6ce-a7a33a2fb6f9
f91c2854-a88b-4630-b2a6-c48401e4dd14,00000000-0000-0000-0000-000000000001,0bd73f84-d836-42ff-9752-0aaa9bb6bf12,2a80d383d73431bac1d0d9956dcb55fa,Male,null,IIT Madras,Intern,true,2026-05-26 02:58:39.121953+00,exited,Non-Veg,null,Erode,638004,Tamil Nadu,22,Intern,Chennai,600113,Tamil Nadu,2026-05-23,null,Karur Vysya Bank,ERODE SAMPATH NAGAR,6,2026-08-03 09:34:25.275+00,5dda0b14-713b-46d0-a6ce-a7a33a2fb6f9
19214e19-efc4-4eea-8118-944c998e3ab6,00000000-0000-0000-0000-000000000001,null,b860c0800137a0872453617173290b33,Male,null,BITS PILANI GOA CAMPUS,BTECH IN ELECTRONICS AND COMMUNICATION,true,2026-05-26 18:07:01.821555+00,exited,Veg,null,Mangalore,575005,Karnataka,19,Student,Vasco Da Gama,403726,Goa,2024-08-15,null,HDFC BANK,YEYAADI,6,2026-08-03 09:34:04.27+00,5dda0b14-713b-46d0-a6ce-a7a33a2fb6f9
e85daa48-7686-4c0f-afdb-f0bba0670510,00000000-0000-0000-0000-000000000001,null,fdd22ea65c3c46965df27e85519e7b77,Male,null,Aganitha Congitive Solutions,Manager,true,2026-05-27 08:16:50.330866+00,new,Non-Veg,null,Cuddalore,606303,TamilNadu,29,IT,Chennai,600113,Tamil Nadu,2026-06-01,null,ICICI Bank,"Infosys Campus, Electronic city",10,2026-08-03 09:34:22.776+00,5dda0b14-713b-46d0-a6ce-a7a33a2fb6f9
080eae03-9f65-4515-aec2-8924472923dd,00000000-0000-0000-0000-000000000001,940af41f-9a54-4e97-9981-75c8d10f478d,c36f1e608cbb55d0c2c713d32720beaa,Female,null,Park Hyatt Chennai,Human Resources Intern,true,2026-05-30 11:56:06.775088+00,exited,Non-Veg,null,Ernakulam,682018,Kerala,0,Intern,Chennai,600032,Tamil Nadu,2026-05-25,null,HDFC bank,Marine drive,4,2026-08-03 09:34:01.861+00,5dda0b14-713b-46d0-a6ce-a7a33a2fb6f9
d6399dd9-db95-454d-8705-856132cdb66b,00000000-0000-0000-0000-000000000001,null,accd3bcb4a22ca086bc793977ed88f9f,Male,null,null,null,true,2026-05-31 06:18:13.208365+00,exited,Non-Veg,null,Puducherry,605011,Puducherry,20,Student,null,null,null,null,null,Kotak,Puducherry,6,2026-08-03 09:34:21.776+00,5dda0b14-713b-46d0-a6ce-a7a33a2fb6f9
11e59c65-004e-4eea-a733-d3a6a7c65fb1,00000000-0000-0000-0000-000000000001,1c42f2c1-b5b1-45b6-b677-ad64e84d7084,c2065dbd310287990341caf0651e9044,Male,null,Amazon,Software Development Engineer I,true,2026-05-31 11:33:36.892516+00,staying,Non-Veg,null,THIRUNINDRAVUR,602024,Tamil Nadu,23,Software Development Engineer,null,null,null,2026-05-25,null,HDFC,TIRUNINDRAVUR,5,2026-08-03 09:34:03.271+00,5dda0b14-713b-46d0-a6ce-a7a33a2fb6f9
3d18aa61-88d3-4390-b5d3-db4cb2e31e11,00000000-0000-0000-0000-000000000001,null,710cc330380db1e10bb57e82a8803621,Female,null,VIT Vellore,Btech,true,2026-05-31 13:40:14.792937+00,exited,Veg,null,Vellore,632001,Tamil Nadu,20,Student,null,null,null,2023-06-14,null,Indian Bank,Velapadi,6,2026-08-03 09:34:06.951+00,5dda0b14-713b-46d0-a6ce-a7a33a2fb6f9
4e39608a-6f55-4cc0-ac26-00c939421464,00000000-0000-0000-0000-000000000001,a21b198f-8819-4158-9c95-aa7333b6487c,b7304cc296733bd6d113d6114cb6729e,Female,null,Nani palkhivala arbitration center,B.A. LL.B.(Hons.),true,2026-06-01 06:56:18.179546+00,exited,Non-Veg,null,Ponkunnam,686522,Kerala,23,Student,Chennai,600004,Tamil Nadu,2026-06-01,null,SBT-STATE BANK OF INDIA,ELAMGULAM 70360,6,2026-08-03 09:34:09.059+00,5dda0b14-713b-46d0-a6ce-a7a33a2fb6f9
062b56c4-c469-4ef7-b4e6-9615dd770ec9,00000000-0000-0000-0000-000000000001,49528c36-e97c-4935-b69a-a8c412650f12,185bc96351d557aeb492f238b7d5134f,Female,null,The space editors,Interior designer,true,2026-06-01 12:55:55.475913+00,staying,Non-Veg,null,Thiruvidaimarudur,612104,Tamil Nadu,20,Interior design,Chennai,600085,Tamil Nadu,2026-06-04,null,Canara Bank,Ammachatiram,5,2026-08-03 09:34:01.9+00,5dda0b14-713b-46d0-a6ce-a7a33a2fb6f9
6d60a9d5-34ce-4336-9c23-231057dffa71,00000000-0000-0000-0000-000000000001,907bdde5-79b6-4533-bb10-d2c9361d8fde,e2e12ed1fa7803fdc54d7e6f518eea72,Female,null,EY,Article,true,2026-06-02 14:41:16.338152+00,staying,Non-Veg,null,Haldia,721607,West Bengal,20,CA,Chennai,600113,Tamil Nadu,2026-06-06,null,State Bank of India,IOCL Haldia Township,6,2026-08-03 09:34:11.649+00,5dda0b14-713b-46d0-a6ce-a7a33a2fb6f9
5fded4ae-b229-425e-ae19-6ddcd4f662a9,00000000-0000-0000-0000-000000000001,null,e807f1fcf82d132f9bb018ca6738a19f,Male,null,yes,null,true,2026-06-06 16:55:00.6703+00,new,Veg,null,"Chennai, Tamil Nadu, India",622220,Harris County Health Center,null,asdasd,pudukkottai,622204,Tamil Nadu,null,null,asd,asd,10,2026-08-03 09:34:10.206+00,5dda0b14-713b-46d0-a6ce-a7a33a2fb6f9
6ea3368b-00ab-4626-a86f-7fcacb3e167e,00000000-0000-0000-0000-000000000001,1534295f-f14d-407c-9c60-d17211204c00,d492e770e7beb3b3901f1898c2d83d73,Female,null,Sify technologies,Intern,true,2026-06-07 09:20:26.206872+00,exited,Non-Veg,null,West Tripura,799006,Tripura,21,Student,Chennai,600113,Tamil Nadu,2026-06-09,null,SBI,Chandrapur,8,2026-08-03 09:34:12.578+00,5dda0b14-713b-46d0-a6ce-a7a33a2fb6f9
07734943-434c-4c8b-b1fa-49d7c4e8a7fe,00000000-0000-0000-0000-000000000001,64b6ad8c-212a-4078-a2bf-50be08b1ca01,9f320c4f3f7f771c436ad75b79f14e12,Female,null,"Dr. Achanta Lakshmipati Regional Ayurveda Research Institute, Central Council for Research in Ayurvedic Sciences","B.A.M.S.,M.D.(Ayu)",true,2026-06-08 08:00:21.52666+00,staying,Non-Veg,null,Virudhunagar,626124,Tamil Nadu,28,Senior Research Fellow ( Ayurveda),Chennai,600113,Tamil Nadu,2026-06-08,null,Tamil Nadu Grama Bank,Anaiyur,3,2026-08-03 09:34:01.819+00,5dda0b14-713b-46d0-a6ce-a7a33a2fb6f9
45a6242e-1317-4dfb-8a4d-ff0a57aff0b8,00000000-0000-0000-0000-000000000001,null,58f783e6887bb41fd400ebd5068a0c5a,Female,null,National Institute of Fashion Technology,BDes- Accesory design,true,2026-06-08 16:06:24.789456+00,new,Non-Veg,null,Coimbatore,641048,Tamil Nadu,18,Student,Chennai,600113,Tamil Nadu,2025-08-01,null,Hdfc bank,"Barathi colony , peelamedu",10,2026-08-03 09:34:08.052+00,5dda0b14-713b-46d0-a6ce-a7a33a2fb6f9
6770176e-5bc2-4e8a-aeaf-6a7249e266d6,00000000-0000-0000-0000-000000000001,null,95d35de23f24ae7227f86b24a1f5e731,Female,null,Zenardy Technologies,Project management,true,2026-06-10 11:51:31.284321+00,exited,Non-Veg,null,Udumalaipettai,642154,Tamil Nadu,20,Student(doing internship),Chennai,600042,Tamil Nadu,2026-06-11,null,Union Bank Of India,Udumalpet,6,2026-08-03 09:34:11.274+00,5dda0b14-713b-46d0-a6ce-a7a33a2fb6f9
696a4512-7d08-4e23-a774-91ee1afc42d1,00000000-0000-0000-0000-000000000001,7a24cff6-f382-4f91-b846-4dc73f4925db,c796886def9460d6792ddcd409112888,Female,null,Pfizer,Analytical Technology Intern,true,2026-06-10 12:44:01.186869+00,exited,Non-Veg,null,Chennai,600041,Tamil Nadu,19,"Intern, Pfizer",Chennai,600113,Tamil Nadu,2026-06-08,null,HDFC,Paras Trinity,6,2026-08-03 09:34:11.214+00,5dda0b14-713b-46d0-a6ce-a7a33a2fb6f9
284ce00f-b05a-4366-9117-bf73f7449a76,00000000-0000-0000-0000-000000000001,null,37a2f785990be850970ca51a702824d8,Male,null,null,null,true,2026-06-10 13:21:50.734438+00,exited,Veg,null,Surajpur,201306,Uttar Pradesh,37,Job,null,null,null,2026-06-10,null,Axis bank,Gajraula,6,2026-08-03 09:34:05.622+00,5dda0b14-713b-46d0-a6ce-a7a33a2fb6f9
e0174322-3fb7-483f-91a0-61b903ae3e49,00000000-0000-0000-0000-000000000001,d8c85a83-6990-4f1f-8fd7-94708d2d7725,187b88e271b6cf4e24e3c4622a71fbbd,Male,null,Indian Institute of Technology Indorr,ME,true,2026-06-11 12:30:59.817893+00,staying,Non-Veg,null,Kolkata,700019,West Bengal,21,Student,null,null,null,2023-08-01,null,HDFC BANK,RASHBEHARI AVENUE,4,2026-08-03 09:34:22.698+00,5dda0b14-713b-46d0-a6ce-a7a33a2fb6f9
1b1e4294-4ed3-42e4-b820-7c443e8ddfcf,00000000-0000-0000-0000-000000000001,4c045158-ae07-4d12-94b4-b40f5b5d8d85,22aa549334b29b6849f8d287ef1a89b5,Female,null,Qualcomm,Lead Engineer,true,2026-06-12 05:30:12.501159+00,Exited,Veg,null,Chennai,600037,Tamil Nadu,29,Lead Engineer,Chennai,600037,Tamil Nadu,2024-04-22,null,AXIS,"HSR Layout, Bangalore",6,2026-08-03 09:34:04.41+00,5dda0b14-713b-46d0-a6ce-a7a33a2fb6f9
01af6f97-6cb1-4799-9476-493b8af42437,00000000-0000-0000-0000-000000000001,90c19c06-d82a-49d8-bc60-51819e51bd4b,88bf61e44cba1e943145a6c96ed0be36,Male,null,Primal Patterns,Employee,true,2026-06-13 00:19:54.932471+00,staying,Veg,null,Rajkot,360001,Gujarat,24,Job,Chennai,600090,Tamil Nadu,2026-07-01,null,SBI,Gayak wadi,6,2026-08-03 09:34:02.16+00,5dda0b14-713b-46d0-a6ce-a7a33a2fb6f9
06061874-ce68-4008-82f6-50ace2ba4bf4,00000000-0000-0000-0000-000000000001,867ac7f9-995f-4220-a526-824c1d09e4e7,7fe340a6f5c2761e4e2b249773a131cd,Male,null,Roc360,Associate,true,2026-06-20 10:01:35.586954+00,staying,Others,null,Bhilai,490006,Chhattisgarh,22,Working professional,Chennai,600113,Tamil Nadu,2026-06-15,null,SBI,Bhilai,5,2026-08-03 09:34:01.896+00,5dda0b14-713b-46d0-a6ce-a7a33a2fb6f9
2d700a6b-44c4-438b-841f-febe1b2c47a7,00000000-0000-0000-0000-000000000001,6ba5fd3f-2664-4cdb-9838-19c258617a2a,b9cc7b3c6391c630f24ff67838b95ddc,Male,null,Roc 360,Associate,true,2026-06-20 10:06:57.984595+00,staying,Non-Veg,null,Bangalore,560082,Karnataka,21,Associate at Roc360,Chennai,600113,Tamil Nadu,2026-06-20,null,ICICI Bank,Brigade Meadows Kaggalipura Branch,5,2026-08-03 09:34:05.54+00,5dda0b14-713b-46d0-a6ce-a7a33a2fb6f9
c2f58086-b0e6-4083-b634-acc444ebc69f,00000000-0000-0000-0000-000000000001,null,d7af2addb6f5926e107bf1340f0ae22c,Male,null,American Express,null,true,2026-06-22 06:01:04.193175+00,staying,Non-Veg,null,ANCHAL,691306,Kerala,23,Engineer,null,null,null,2026-06-23,null,Federal Bank,Kokkadu,6,2026-08-03 09:34:19.451+00,5dda0b14-713b-46d0-a6ce-a7a33a2fb6f9
9eb73523-a830-4796-9317-1a3f4e9e7254,00000000-0000-0000-0000-000000000001,null,21aa52056b77098abf0ddd9f643d53b7,Male,null,null,null,true,2026-06-22 06:04:04.619234+00,staying,Non-Veg,null,Thrissur,680618,Kerala,22,Corporate,null,null,null,null,null,State bank of India,Thrissur Round South,6,2026-08-03 09:34:17.25+00,5dda0b14-713b-46d0-a6ce-a7a33a2fb6f9
5eb9cf08-d888-4c7c-b6da-0b773bb39bba,00000000-0000-0000-0000-000000000001,null,088f7e4f5b102503123af7c4c328894e,Female,null,Empatio architecture,ARCHITECT,true,2026-06-23 11:01:46.993522+00,staying,Veg,null,MADURAI,625003,Tamil Nadu,22,ARCHITECT,MADURAI,625003,Tamil Nadu,2026-06-29,null,KVB,Palanganatham,6,2026-08-03 09:34:10.195+00,5dda0b14-713b-46d0-a6ce-a7a33a2fb6f9
2a00764b-10fd-4f2c-84a8-b611cf9b893a,00000000-0000-0000-0000-000000000001,null,3f2ac42a5d24ac60a0a7c6fd42235f06,Female,null,Tamil Nadu Dr. Ambedkar Law University,BA LLB,true,2026-06-25 10:07:17.278977+00,staying,Veg,null,Thiruvananthapuram,695017,Kerala,17,Student,Ambattur,600062,Tamil Nadu,2026-06-29,null,Federal Bank,Trivandrum,6,2026-08-03 09:34:05.55+00,5dda0b14-713b-46d0-a6ce-a7a33a2fb6f9
1604768e-85d5-4c44-882a-b748eddc1f37,00000000-0000-0000-0000-000000000001,null,07ef84169655a1eeb8b5fb3b1d634c8f,Female,null,The Tamil Nadu Dr Ambedkar Law University,LLB 5 YEAR,true,2026-06-25 13:46:40.862674+00,staying,Veg,null,Thrissur,680026,Kerala,18,Student,null,null,null,2026-06-29,null,State Bank of India,Kurkancherry,6,2026-08-03 09:34:03.325+00,5dda0b14-713b-46d0-a6ce-a7a33a2fb6f9
71a9340d-9832-4609-a110-d9b5aaffc020,00000000-0000-0000-0000-000000000001,455131af-ce62-4c54-8090-73a5dbabb872,8e43cc0a58befa12a06fbd0018c008a2,Female,null,IITM,Research Fellow,true,2026-06-26 06:51:35.976139+00,staying,Veg,null,Gurgaon,122018,Haryana,21,student,Chennai,600036,Tamil Nadu,2026-06-29,null,HDFC,Sohna Road,5,2026-08-03 09:34:12.691+00,5dda0b14-713b-46d0-a6ce-a7a33a2fb6f9
961c950e-debe-4dd2-8e5f-08bf92bda977,00000000-0000-0000-0000-000000000001,dd068a33-341a-4b4d-8935-ddf4e8aac4bc,1baa681ce73523b98c29c3372806044a,Male,null,null,null,true,2026-06-26 06:58:26.949882+00,staying,Non-Veg,null,Namakkal,638008,Tamil Nadu,23,Tech Consultant,null,null,null,null,null,HDFC,Tiruchengode,5,2026-08-03 09:34:16.21+00,5dda0b14-713b-46d0-a6ce-a7a33a2fb6f9
e5e7cb26-5b8b-4848-9703-1c34eb249447,00000000-0000-0000-0000-000000000001,null,f1608f4bd9755a239a9423476299a373,Male,null,null,null,true,2026-06-26 10:33:53.466225+00,new,Veg,null,Bhiwani,127029,Haryana,25,Engineer,null,null,null,null,null,Punjab National Bank,Kairu,10,2026-08-03 09:34:22.761+00,5dda0b14-713b-46d0-a6ce-a7a33a2fb6f9
30f37c32-22c8-495f-9468-246790e56559,00000000-0000-0000-0000-000000000001,ac90019d-0039-473d-9b78-2af6abd21e5c,e5b9c8c5f09e8264badfef3ff72018e6,Male,null,CDAC Chennai,Engineer,true,2026-06-26 10:54:37.769397+00,staying,Non-Veg,null,Nanded,431601,Maharashtra,27,Engineer,Chennai,600113,Tamil Nadu,2026-06-29,null,Kotak Mahindra Bank,Nanded,6,2026-08-03 09:34:06.877+00,5dda0b14-713b-46d0-a6ce-a7a33a2fb6f9
41a311d7-b970-4e78-a30e-a633fc4e5f2f,00000000-0000-0000-0000-000000000001,null,9321fae40851145e927e490b40a8bcfe,Male,null,CDAC,Knowledge Associate,true,2026-06-26 11:24:17.39218+00,staying,Non-Veg,null,Kolhapur,416003,MAHARASHTRA,25,Engineer,Chennai,600113,Tamil Nadu,2026-06-29,null,IDBI,Tarabai park,6,2026-08-03 09:34:07.93+00,5dda0b14-713b-46d0-a6ce-a7a33a2fb6f9
d2de48e8-0097-4d6d-8e3d-62ee7c8f2fcd,00000000-0000-0000-0000-000000000001,7f8f4d1c-b0df-4565-91be-2503084f627e,75b8e65f07bb0ac8c147d51bd3856ac1,Male,null,null,null,true,2026-06-27 05:42:20.756425+00,staying,Non-Veg,null,Palakonda,532440,Andhra Pradesh,23,Employee,null,null,null,null,null,SBI,gujaratipet,5,2026-08-03 09:34:21.78+00,5dda0b14-713b-46d0-a6ce-a7a33a2fb6f9
61492721-611b-479f-9815-e09e0d7c95fd,00000000-0000-0000-0000-000000000001,null,3d9da4d8d722537e36e4d3a036a4f003,Female,null,Vels university,Bsc AERONAUTICAL SCIENCE,true,2026-06-27 09:26:08.399811+00,staying,Non-Veg,null,Thrissur,680669,Kerala,19,Student,Chennai,600041,Tamil Nadu,2026-06-28,null,Union bank of india,Kodungallur,6,2026-08-03 09:34:10.179+00,5dda0b14-713b-46d0-a6ce-a7a33a2fb6f9
d4890451-59e6-45f4-a75f-b2199aa5a3a7,00000000-0000-0000-0000-000000000001,7cf5fb2a-4c4a-4d0c-b964-e337f6db2310,b0decd0741f544ddc1a207282df4b193,Male,null,null,null,true,2026-06-29 14:17:23.897622+00,staying,Veg,null,East Delhi,110031,Delhi,23,Consultant,null,null,null,null,null,Punjab National Bank,Vinay Nagar,3,2026-08-03 09:34:21.629+00,5dda0b14-713b-46d0-a6ce-a7a33a2fb6f9
7949646a-1455-41bc-9b8a-d19f84772bbb,00000000-0000-0000-0000-000000000001,fb0416f4-7501-4728-a44d-0033092f5a2d,e7e89c9e563f96581aa793ade3e8ddcb,Female,null,"Vels Institute of Science, Technology & Advanced Studies (VISTAS)",B.Sc Aviation,true,2026-07-02 18:26:23.775551+00,staying,Non-Veg,null,Hyderabad,500026,Telangana,19,Student,null,null,null,2024-08-12,null,Punjab National Bank,"M.G. Road, secunderabad",3,2026-08-03 09:34:13.816+00,5dda0b14-713b-46d0-a6ce-a7a33a2fb6f9
5ce46f7c-d9f9-426d-be11-5e3b6a2bedb0,00000000-0000-0000-0000-000000000001,null,62fa6991a5624b9eccfc1eeff3cd56bc,Female,null,null,null,true,2026-07-07 15:07:51.132176+00,staying,Veg,null,Kharagpur,721302,West Bengal,21,SDE,null,null,null,null,null,HDFC Bank,Kharagpur - West Bengal,6,2026-08-03 09:34:10.07+00,5dda0b14-713b-46d0-a6ce-a7a33a2fb6f9
d926094a-e5b5-4bc7-af79-7f822211d3f3,00000000-0000-0000-0000-000000000001,eba84f73-d119-4143-8436-7f30ed602bc3,abe2feca81c00e6b2828200093db316f,Male,null,Qualcomm India,Engineer,true,2026-07-07 16:54:13.379961+00,staying,Non-Veg,null,Raipur,492013,Chhattisgarh,29,Engineer,Chennai,600113,Tamil Nadu,2026-07-09,null,SBI,Pachpedinaka,5,2026-08-03 09:34:21.761+00,5dda0b14-713b-46d0-a6ce-a7a33a2fb6f9
7976ec26-6b18-471f-96d3-aa39a03abac8,00000000-0000-0000-0000-000000000001,836aa15e-c844-4899-b1e8-a3facdef52bd,2e7fe2b90960afacaa2cde6a3407c00c,Female,null,Softeon India Pvt Ltd,QA Analyst,true,2026-07-08 07:36:20.091017+00,staying,Non-Veg,null,Nellore,524121,Andhra Pradesh,50,IT professional,Chennai,600041,Tamil Nadu,2026-07-06,null,SBI,OMR,6,2026-08-03 09:34:13.966+00,5dda0b14-713b-46d0-a6ce-a7a33a2fb6f9
12062e7c-25cc-4c45-8869-abf33c8a981c,00000000-0000-0000-0000-000000000001,61c1f2db-1f6a-4abb-80bf-ed2e37fdf630,faac5b714743db97ca7c01d521f7aa9d,Male,null,IIT MADRAS,null,true,2026-07-08 09:35:52.158919+00,staying,Others,null,CHENNAI,600036,Tamil Nadu,20,Student,null,null,null,2026-07-08,null,Axis Bank,Amanora,6,2026-08-03 09:34:03.297+00,5dda0b14-713b-46d0-a6ce-a7a33a2fb6f9
71492154-2bd6-41d1-b8b8-3acec9cedd1f,00000000-0000-0000-0000-000000000001,5e58b888-3140-4c09-b50f-ca4dcda7b42e,9c623fafeae3b1892562aa97a0608d49,Male,null,Roc360,Associate,true,2026-07-08 09:39:23.711956+00,on-notice,Veg,null,Patna,801503,Bihar,25,Working,Chennai,600113,Tamil Nadu,2026-07-13,null,State Bank of India,Station Road Gaya,6,2026-08-03 09:34:12.622+00,5dda0b14-713b-46d0-a6ce-a7a33a2fb6f9
be2214d4-f4b5-4c51-825a-83cddbfb06f8,00000000-0000-0000-0000-000000000001,b4f67da2-b9b7-4477-9f08-5ce81fbf9850,5b6ab065ed7ad3faa754aafbc1dd714a,Male,null,Arise medical academy,Studying for exam,true,2026-07-16 12:03:17.553287+00,Exited,Non-Veg,null,Karaikudi,630004,Tamil Nadu,27,Doctor,Chennai,600032,Tamil Nadu,2026-07-17,null,City union bank,Srinivasa nagar,6,2026-08-03 09:34:19.511+00,5dda0b14-713b-46d0-a6ce-a7a33a2fb6f9
6e52de53-d0e1-4fff-871f-36aa18ac4720,00000000-0000-0000-0000-000000000001,null,11dfb45ee935af3913671913f402bbd3,Male,null,null,null,true,2026-07-18 09:58:27.458133+00,staying,Non-Veg,null,Dindigul,624307,Tamil Nadu,31,Software engineer,null,null,null,null,null,HDFC BANK,Kottivakkam,6,2026-08-03 09:34:12.599+00,5dda0b14-713b-46d0-a6ce-a7a33a2fb6f9
1870394c-0b26-4010-85ca-50f7ba65ec6c,00000000-0000-0000-0000-000000000001,null,71a96bc69fd5ce21c68daa51058893da,Male,null,null,null,true,2026-07-18 11:04:20.101132+00,new,Non-Veg,null,Kanyakumari,629001,Tamil Nadu,27,It,null,null,null,null,null,Hdfc,Nagercoil,10,2026-08-03 09:34:04.281+00,5dda0b14-713b-46d0-a6ce-a7a33a2fb6f9
918b6526-10a3-4e0e-b3d8-7862211d2485,00000000-0000-0000-0000-000000000001,328f9117-68c6-476f-affb-2bc8d8d4d28b,aba9c2ce8ceac36082cf0aa96e00ba69,Male,null,KLA,null,true,2026-07-18 11:22:22.619456+00,on-notice,Non-Veg,null,Ooty,643002,Tamil Nadu,28,IT,Chennai,600041,Tamil Nadu,2026-07-18,null,HDFC,Ooty,6,2026-08-03 09:34:16.065+00,5dda0b14-713b-46d0-a6ce-a7a33a2fb6f9
6e29f80e-ffb7-4c7e-9f39-a7980c00926b,00000000-0000-0000-0000-000000000001,null,2bf38e78c38249ee4e28bc0100b1c6a1,Male,null,Nift chennai,B.design,true,2026-07-20 07:11:10.703741+00,staying,Vegan,null,Unnao,209861,Uttar Pradesh,19,Student,Chennai,600041,Tamil Nadu,null,null,Canara bank,Chennai Thiruvanmiyur canara bank,6,2026-08-03 09:34:12.687+00,5dda0b14-713b-46d0-a6ce-a7a33a2fb6f9
0366c854-a2dd-42cd-b83a-7a0affb3fa85,00000000-0000-0000-0000-000000000001,null,0bcd86ccad9dcb06afe7adf278741ada,Female,null,"School of excellence in law, Taramani",BA LLB- 5Y,true,2026-07-21 09:07:22.321417+00,staying,Veg,null,Peruva,686610,Kerala,18,Student,Chennai,600113,Tamil Nadu,2026-07-20,null,State Bank of India,Perumbavoor town,6,2026-08-03 09:34:02.148+00,5dda0b14-713b-46d0-a6ce-a7a33a2fb6f9
25bb9427-9bb6-44a6-8a24-9566a07a856d,00000000-0000-0000-0000-000000000001,null,c8f57ce2aa34bc3fd9e8a22d13a6d834,Male,null,Tractors and Farm Equipment Limited,Principal Member,true,2026-07-21 14:34:54.755535+00,new,Non-Veg,null,Vellore,632006,Tamil Nadu,40,Automotive,Chennai,600113,Tamil Nadu,2026-07-03,null,City union bank,Katpadi,10,2026-08-03 09:34:05.496+00,5dda0b14-713b-46d0-a6ce-a7a33a2fb6f9
3a22eac5-cd9d-4b21-9d6b-20e9106fdcff,00000000-0000-0000-0000-000000000001,29c63d17-9424-4bd3-912a-f56970ebdac5,39904a235e191fa77b64a3a384a3c619,Female,null,"NIFT, Chennai",Bachelor of Design,true,2026-07-23 04:38:57.448094+00,staying,Veg,null,Mangaluru,575008,Karnataka,20,Student,null,null,null,null,null,State Bank of India,Yeyyadi branch,10,2026-08-03 09:34:06.829+00,5dda0b14-713b-46d0-a6ce-a7a33a2fb6f9
9fd15f79-3f68-411c-a282-24af6ade0fdb,00000000-0000-0000-0000-000000000001,null,eecc7b9916bffe438cab6108b7cd1cbb,Female,null,Standard Chartered,Developer Engineer,true,2026-07-23 05:45:48.580662+00,staying,Veg,null,Mira Bhayandar,401101,Maharashtra,22,Software Engineer,Chennai,600113,Tamil Nadu,2026-07-15,null,ICICI Bank,Bhayandar West,6,2026-08-03 09:34:17.365+00,5dda0b14-713b-46d0-a6ce-a7a33a2fb6f9
34e36bb4-6313-46d3-af36-4f9ef75dc0a4,00000000-0000-0000-0000-000000000001,null,40af2f16cbdb49e309d3dafbf0cbadd2,Female,null,Incore Semi,null,true,2026-07-23 10:27:02.065393+00,staying,Non-Veg,null,Ernakulam,682036,Kerala,22,Software Engineer,null,null,null,2026-07-20,null,Bank Of Baroda,Panampilly Nagar Branch,6,2026-08-03 09:34:06.8+00,5dda0b14-713b-46d0-a6ce-a7a33a2fb6f9
d5ef5788-b130-4329-b2e7-5e0112badb3b,00000000-0000-0000-0000-000000000001,a9d04648-1c85-45a8-8357-fbb071dd1a01,4aee56c00112428f930514c373ab875e,Female,null,Acrophase-IIT Madras,Sports Nutritionist,true,2026-07-24 07:17:52.688506+00,staying,Non-Veg,null,New Delhi,110095,Delhi,23,Sports Nutritionist,Chennai,600036,Tamil Nadu,2026-08-04,null,HDFC BANK,Chandni Chowk,10,2026-08-03 09:34:21.662+00,5dda0b14-713b-46d0-a6ce-a7a33a2fb6f9
3191d29c-7cc3-4be1-8972-df4076747878,00000000-0000-0000-0000-000000000001,null,22fa2b51b9616d55d304c77397c3e46f,Male,null,Nexinfo,OTM consultant,true,2026-07-24 07:44:04.133969+00,staying,Non-Veg,null,Nellore,524344,Andhra Pradesh,26,Software Engineer,Chennai,600113,Tamil Nadu,2026-07-24,null,ICICI,Pidatapolur,6,2026-08-03 09:34:06.768+00,5dda0b14-713b-46d0-a6ce-a7a33a2fb6f9
2e7429df-04ff-40b8-8b77-da551c9573fa,00000000-0000-0000-0000-000000000001,f1d33635-d0d3-4c0d-9f6a-1c8522c46a4d,89643ea50c160bfd3b18d34e2b63762f,Female,null,Nokia,Associate,true,2026-07-24 09:43:11.160813+00,staying,Veg,null,New Delhi,110006,Delhi,24,Engineer,Chennai,600096,Tamil Nadu,2026-08-10,null,Bank of Baroda,Asaf Ali Road,10,2026-08-03 09:34:05.687+00,5dda0b14-713b-46d0-a6ce-a7a33a2fb6f9
e8530c57-faad-4ff7-aec4-fb01b6118ece,00000000-0000-0000-0000-000000000001,null,81ce980ce44f7572fa2aab6f3589a2e6,Female,null,Saint-Gobain,null,true,2026-07-25 09:50:41.109787+00,staying,Veg,null,Bangalore,560066,Karnataka,44,Corporate Job,null,null,null,null,null,ICICI Bank,Mumbai Central Branch,6,2026-08-03 09:34:22.788+00,5dda0b14-713b-46d0-a6ce-a7a33a2fb6f9
8d6ebc38-e2c1-4d2b-9366-4a456a82a6e2,00000000-0000-0000-0000-000000000001,95f036de-a602-44b4-b6a1-02f3ae41e04d,cd24269ebf04ff7e8d008c0e6cc7c26c,Male,null,HIMT TIDAL PARK,Course,true,2026-07-25 15:40:21.212672+00,staying,Veg,null,Virudhunagar,626118,Tamil Nadu,30,Marine engineer,null,null,null,2026-08-01,null,HDFC bank,Aruppukottai,6,2026-08-03 09:34:15.045+00,5dda0b14-713b-46d0-a6ce-a7a33a2fb6f9
65dd3a53-9f8a-4d86-8de1-c52a46dcb5cf,00000000-0000-0000-0000-000000000001,null,15faf27f73f9388c1a11d22d4cd520a0,Female,null,Centre for development of advanced computing,Project Associate,true,2026-07-30 04:30:31.742323+00,staying,Non-Veg,null,Kamrup Metro,781011,Assam,23,Software developer,null,null,null,2026-07-01,null,State Bank of India,Tidel Park,10,2026-08-03 09:34:11.186+00,5dda0b14-713b-46d0-a6ce-a7a33a2fb6f9
e9138531-774b-4761-92b5-ba28b517d0dd,00000000-0000-0000-0000-000000000001,null,b03083c2990741cbbfb09c686ccaadca,Female,null,NIFT,Fashion Communication,true,2026-07-30 10:32:13.052851+00,staying,Non-Veg,null,Navi Mumbai,400706,Maharashtra,21,Student,Chennai,600113,Tamil Nadu,2026-08-03,null,State Bank of India,Madame Cama Road,10,2026-08-03 09:34:22.882+00,5dda0b14-713b-46d0-a6ce-a7a33a2fb6f9
241f63ee-cbe5-4d43-bf41-d44773f8015d,00000000-0000-0000-0000-000000000001,null,d580235c07972d2ae4c266733f41a37f,Male,null,Self study,null,true,2026-07-30 19:16:00.460169+00,booked,Non-Veg,null,Vellore,632009,Tamil Nadu,27,Upsc aspirant and tutor,null,null,null,null,null,State Bank of India,"Sathuvachari, Vellore",10,2026-08-03 09:34:05.447+00,5dda0b14-713b-46d0-a6ce-a7a33a2fb6f9
23bfb4c1-7bea-4ace-a564-9ae166eb6d35,00000000-0000-0000-0000-000000000001,613a577b-4447-4af4-80f8-be613c95d363,3b44579a7148143ca710c1f3f980c17f,Female,null,Nift Chennai,Master of Fashion Management,true,2026-07-31 16:26:41.91943+00,staying,Non-Veg,null,Thanjavur,613005,Tamil Nadu,22,Post graduation student,Chennai,600041,Tamil Nadu,2026-08-01,null,Union Bank of India,Thanjavur,10,2026-08-03 09:34:05.43+00,5dda0b14-713b-46d0-a6ce-a7a33a2fb6f9
6f580bdd-0e5b-4f02-9bc8-3e2d2ac576b4,00000000-0000-0000-0000-000000000001,04f6a505-f202-4d4b-8326-f9116322e4ff,b404c822931afe049f1b646fcbb322d5,Female,null,BA Continuum,null,true,2026-08-01 11:56:18.640819+00,Staying,Veg,null,Jamnagar,361142,Gujarat,22,Salaried,null,null,null,null,null,ICICI BANK,Dharwad,10,2026-08-03 09:34:12.632+00,5dda0b14-713b-46d0-a6ce-a7a33a2fb6f9
a19decb8-62b0-41e2-8c42-c3b0954bebd1,00000000-0000-0000-0000-000000000001,null,33f686d21dade605a045f62cf8f3fcaa,Male,null,KLA,null,true,2026-08-02 06:49:01.000136+00,booked,Veg,null,Jaipur,302015,Rajasthan,23,Engineer,null,null,null,null,null,SBI,"Mahesh Nagar, Jaipur",10,2026-08-03 09:34:17.303+00,5dda0b14-713b-46d0-a6ce-a7a33a2fb6f9
3a7c3cc7-1dd3-4574-993f-a7dae38a5277,00000000-0000-0000-0000-000000000001,null,dafc4773ea6670a8afec83af5a770ff8,Female,null,NIT Srinagar,Project engineer,true,2026-08-02 10:57:28.984443+00,staying,Veg,null,nashik,422003,Maharashtra,22,Engineer,Srinagar,190006,Jammu and Kashmir,2026-08-02,null,J&k bank,REC,10,2026-08-03 09:34:06.886+00,5dda0b14-713b-46d0-a6ce-a7a33a2fb6f9
b99bf201-38ba-4991-a146-8590e7c22417,00000000-0000-0000-0000-000000000001,null,a1d33d76111ea1bf55b43a0f4d667923,Female,null,BA Continuum India Pvt. Ltd. (Bank of America),Apprentice,true,2026-08-07 05:49:26.392724+00,Staying,Veg,null,Jaipur,302020,Rajasthan,22,SOFTWARE ENGINEER,Chennai,600113,Tamil Nadu,2026-08-17,null,State Bank of India,"Patel Marg, Mansarovar, Jaipur, Rajasthan",null,null,5dda0b14-713b-46d0-a6ce-a7a33a2fb6f9
0f9eb102-09ca-440e-adfa-ded3e743f533,00000000-0000-0000-0000-000000000001,5953de31-0d22-42b7-8c79-e72bfb0d6319,93e1eed0d2b547e788fdbe124e232ef9,Male,null,EY India,null,true,2026-08-08 15:13:58.781568+00,staying,Non-Veg,null,Madhubani,847308,Bihar,22,Tech Consultant,null,null,null,2026-08-03,null,CENTRAL BANK OF INDIA,SAHAR,null,null,5dda0b14-713b-46d0-a6ce-a7a33a2fb6f9
e216b2cb-1f85-4913-afd4-b3997e9834ec,00000000-0000-0000-0000-000000000001,null,c060ed5b640ce44ff0e01864041b59d2,Male,null,KLA,Application Engineer,true,2026-08-09 07:11:32.298898+00,Staying,Veg,null,Gadarwara,487661,Madhya Pradesh,23,Engineer,null,null,null,2026-08-03,null,State Bank of India,Sainkheda,null,null,5dda0b14-713b-46d0-a6ce-a7a33a2fb6f9
f156a416-bc92-416f-8ba1-42b185de39c8,00000000-0000-0000-0000-000000000001,null,083cba4d621249dcf1ba663da0c59417,Male,null,KLA Tencor,null,true,2026-08-09 07:19:10.176818+00,staying,Veg,null,Kanpur,208016,Uttar Pradesh,24,Application Engineer,null,null,null,null,null,Md Musharraf Iqubal,SBI,null,null,5dda0b14-713b-46d0-a6ce-a7a33a2fb6f9
b7f6903f-2c74-40ba-8d14-f1be73c207f1,00000000-0000-0000-0000-000000000001,null,c317a1f4be3bf0d6ee917ec7d8056da8,Female,null,Qualcomm,Intern,true,2026-08-09 17:58:56.340835+00,Staying,Non-Veg,null,Vellore,632002,Tamil Nadu,22,Intern,Chennai,600113,Tamil Nadu,2026-08-26,null,SBI,Vellore fort city,null,null,5dda0b14-713b-46d0-a6ce-a7a33a2fb6f9
21f9320d-9d9a-458d-930b-a7442b24b980,00000000-0000-0000-0000-000000000001,null,214c2cc7a3ffa491dcdbdcda120952cc,Male,null,DevRev,Software Engineer,true,2026-08-11 10:55:00.887767+00,Staying,Non-Veg,null,Tiruvallur,600072,Tamil Nadu,23,Software Engineer,Chennai,600113,Tamil Nadu,2026-08-23,null,Canara,Pattabiram,null,null,5dda0b14-713b-46d0-a6ce-a7a33a2fb6f9
77b2e309-ea53-4c9f-acdc-0ed179ba52b2,00000000-0000-0000-0000-000000000001,ed67e7de-9dc8-4f32-8376-66e4ec17b06c,be6425e2b70e4e6ea4ffbd718b56251e,Male,null,Bank of America,Software engineer,true,2026-08-15 10:49:59.935853+00,staying,Non-Veg,null,Pune,411014,Maharashtra,22,Engineer,null,null,null,2026-08-17,null,HDFC,Kharadi Pune,null,null,5dda0b14-713b-46d0-a6ce-a7a33a2fb6f9
8413286e-7e05-4346-b8a3-2cc4e402b62d,00000000-0000-0000-0000-000000000001,null,1dbc18bdf2c9bb307cd1bb4be945a83a,Male,null,SAINT-GOBAIN,RESEARCH ENGINEER,true,2026-08-17 16:23:45.795196+00,booked,Veg,null,Bikaner,334001,Rajasthan,25,ENGINEER,Chennai,600113,Tamil Nadu,2026-08-16,null,UNION BANK OF INDIA,NEAR NAGAR PRAISAD,null,null,5dda0b14-713b-46d0-a6ce-a7a33a2fb6f9
6d05955b-c9d1-4f2c-b16e-19571e2ae812,00000000-0000-0000-0000-000000000001,null,2b0e42fe4d3c7e5bb6d0584ef9011f9c,Male,null,Agilysys,null,true,2026-08-18 12:09:32.35908+00,Staying,Non-Veg,null,Serilingampally,500032,Andhra Pradesh,35,Senior Cloud FinOps Professional,null,null,null,2026-02-11,null,HDFC,Hi tech city,null,null,5dda0b14-713b-46d0-a6ce-a7a33a2fb6f9
bc920cfe-ffac-4b12-ae7b-6e8d5bac22d8,00000000-0000-0000-0000-000000000001,null,260ad6b46faba19d14d8f03037eada94,Male,null,Bank of America,Software Engineer I-B GBS IND,true,2026-08-18 15:55:42.739626+00,new,Non-Veg,null,Visakhapatnam,531219,Andhra Pradesh,21,Software Engineer,Chennai,600113,Tamil Nadu,2026-08-17,null,HDFC,Mvp Colony,null,null,5dda0b14-713b-46d0-a6ce-a7a33a2fb6f9
e103891a-ead4-4969-ad1f-7bdc76158f22,00000000-0000-0000-0000-000000000001,null,a463988fc97948f43c60b1fae408ec59,Female,null,Indian Institute of Technology Madras,null,true,2026-08-20 04:22:36.718881+00,new,Non-Veg,null,Nelamangala,562123,Karnataka,21,Research Associate @ IITM,null,null,null,2026-09-02,null,CANARA BANK,Nelamangala,null,null,5dda0b14-713b-46d0-a6ce-a7a33a2fb6f9
9c6a8c4e-7a2e-41af-8e21-4a4a7a635929,00000000-0000-0000-0000-000000000001,null,2097dc58f74eb0263a6c966383ba1d0a,Female,null,IIT Madras,Research,true,2026-08-27 16:14:35.84275+00,Staying,Veg,null,Sonipat,131001,Haryana,28,Student,Chennai,600113,Tamil Nadu,2026-09-01,null,State Bank of India,"Mini Secretariat, Sonipat, Haryana",null,null,5dda0b14-713b-46d0-a6ce-a7a33a2fb6f9
1e040078-32fc-f90a-7fd5-42b8161a6605,00000000-0000-0000-0000-000000000001,a511b46a-10b8-465e-bb0a-278862caf056,1a2f4d1de7ceb5a83fba2af1a5f874a5,null,null,null,null,null,null,exited,null,null,null,null,null,null,null,null,null,null,null,null,null,null,6,2026-08-03 09:34:04.436+00,5dda0b14-713b-46d0-a6ce-a7a33a2fb6f9
5001bf67-3639-035a-75c2-912e5c878962,00000000-0000-0000-0000-000000000001,a511b46a-10b8-465e-bb0a-278862caf056,814823ce2a8d051d9fabcdc2dd024b13,null,null,null,null,null,null,exited,null,null,null,null,null,null,null,null,null,null,null,null,null,null,6,2026-08-03 09:34:08.977+00,5dda0b14-713b-46d0-a6ce-a7a33a2fb6f9
542637a8-b881-e17c-bac6-c89960b9c0be,00000000-0000-0000-0000-000000000001,a511b46a-10b8-465e-bb0a-278862caf056,720c22d693b942d28387039815e5b70c,null,null,null,null,null,null,exited,null,null,null,null,null,null,null,null,null,null,null,null,null,null,10,2026-08-03 09:34:09.052+00,5dda0b14-713b-46d0-a6ce-a7a33a2fb6f9
5a80d7c7-f736-71e2-8154-770f5bc72752,00000000-0000-0000-0000-000000000001,a511b46a-10b8-465e-bb0a-278862caf056,eb007c405a0a5f9ebbacddc5353a2863,null,null,null,null,null,null,exited,null,null,null,null,null,null,null,null,null,null,null,null,null,null,6,2026-08-03 09:34:10.065+00,5dda0b14-713b-46d0-a6ce-a7a33a2fb6f9
6278bf1d-4c63-0c31-4fa1-7d452c7db010,00000000-0000-0000-0000-000000000001,a511b46a-10b8-465e-bb0a-278862caf056,9031eec95792a7095812caaa6c0d5bcd,null,null,null,null,null,null,exited,null,null,null,null,null,null,null,null,null,null,null,null,null,null,10,2026-08-03 09:34:11.419+00,5dda0b14-713b-46d0-a6ce-a7a33a2fb6f9
716b820e-fef7-dcf3-34be-914835261361,00000000-0000-0000-0000-000000000001,a511b46a-10b8-465e-bb0a-278862caf056,2998c4b8f6c483e7aae819ae8c3c4973,null,null,null,null,null,null,exited,null,null,null,null,null,null,null,null,null,null,null,null,null,null,4,2026-08-03 09:34:12.713+00,5dda0b14-713b-46d0-a6ce-a7a33a2fb6f9
77c9d770-e185-55dd-6d31-ec41e21560b8,00000000-0000-0000-0000-000000000001,a511b46a-10b8-465e-bb0a-278862caf056,ce8a8e0021943c9c97747b897ab7780c,null,null,null,null,null,null,exited,null,null,null,null,null,null,null,null,null,null,null,null,null,null,10,2026-08-03 09:34:13.804+00,5dda0b14-713b-46d0-a6ce-a7a33a2fb6f9
7c642b80-7d09-1c7a-601f-7af53d4fe9fa,00000000-0000-0000-0000-000000000001,a511b46a-10b8-465e-bb0a-278862caf056,66cb7a81470a00a357bead8a0ece7780,null,null,null,null,null,null,exited,null,null,null,null,null,null,null,null,null,null,null,null,null,null,6,2026-08-03 09:34:13.838+00,5dda0b14-713b-46d0-a6ce-a7a33a2fb6f9
88f048c5-b7c8-07d7-fb19-bbb6e4edc45c,00000000-0000-0000-0000-000000000001,1d6422d0-9107-46f7-9af6-eec855acca75,306535da3d90355ca1e000e36eb55ad8,null,null,null,null,null,null,new,null,null,null,null,null,null,null,null,null,null,null,null,null,null,10,2026-08-03 09:34:15.065+00,null
9144ef75-92d7-5536-2219-5449d9012112,00000000-0000-0000-0000-000000000001,a511b46a-10b8-465e-bb0a-278862caf056,8adca531d7cdc37533c61f59d8a78b7c,null,null,null,null,null,null,exited,null,null,null,null,null,null,null,null,null,null,null,null,null,null,10,2026-08-03 09:34:15.107+00,5dda0b14-713b-46d0-a6ce-a7a33a2fb6f9
92a15096-be1f-4189-9ea8-c333765d732a,00000000-0000-0000-0000-000000000001,a511b46a-10b8-465e-bb0a-278862caf056,43a88a80ee9d79c6940a54be4d043f62,null,null,null,null,null,null,exited,null,null,null,null,null,null,null,null,null,null,null,null,null,null,6,2026-08-03 09:34:16.181+00,5dda0b14-713b-46d0-a6ce-a7a33a2fb6f9
9c76ccfc-5bd2-ff5f-f0b0-f35c349fd159,00000000-0000-0000-0000-000000000001,a511b46a-10b8-465e-bb0a-278862caf056,383aa9fc10df9cfe606b99e849648fd4,null,null,null,null,null,null,exited,null,null,null,null,null,null,null,null,null,null,null,null,null,null,10,2026-08-03 09:34:16.232+00,5dda0b14-713b-46d0-a6ce-a7a33a2fb6f9
aaaf8e19-9b2d-a2c2-5f2f-b4bb5c76c60a,00000000-0000-0000-0000-000000000001,a511b46a-10b8-465e-bb0a-278862caf056,a5cd632a45e29024c56c563337f4cee1,null,null,null,null,null,null,new,null,null,null,null,null,null,null,null,null,null,null,null,null,null,10,2026-08-03 09:34:17.383+00,null
b03866a7-91d2-ce29-96d9-8eb7f5d38188,00000000-0000-0000-0000-000000000001,a511b46a-10b8-465e-bb0a-278862caf056,7fda3c36aaa8025c6cc679e44cc57d77,null,null,null,null,null,null,exited,null,null,null,null,null,null,null,null,null,null,null,null,null,null,10,2026-08-03 09:34:18.452+00,5dda0b14-713b-46d0-a6ce-a7a33a2fb6f9
c055c921-1b29-17da-5613-cbd6eed1bbd9,00000000-0000-0000-0000-000000000001,a511b46a-10b8-465e-bb0a-278862caf056,1cb56a2c9dbca81c03c71359bc7fa10d,null,null,null,null,null,null,exited,null,null,null,null,null,null,null,null,null,null,null,null,null,null,10,2026-08-03 09:34:19.498+00,5dda0b14-713b-46d0-a6ce-a7a33a2fb6f9
e94688ff-4d3e-2e08-7391-f66b37848929,00000000-0000-0000-0000-000000000001,a511b46a-10b8-465e-bb0a-278862caf056,847545390ba0433d64ba5e53e174ac79,null,null,null,null,null,null,exited,null,null,null,null,null,null,null,null,null,null,null,null,null,null,10,2026-08-03 09:34:22.894+00,5dda0b14-713b-46d0-a6ce-a7a33a2fb6f9
f1b38aef-78a2-e3a5-daef-51e398bb57fb,00000000-0000-0000-0000-000000000001,a511b46a-10b8-465e-bb0a-278862caf056,1a78b78d5f7959dc2f219ea59b3ef5aa,null,null,null,null,null,null,new,null,null,null,null,null,null,null,null,null,null,null,null,null,null,10,2026-08-03 09:34:23.964+00,null
f70ae790-e17b-aca8-a21a-82ddd895450b,00000000-0000-0000-0000-000000000001,a511b46a-10b8-465e-bb0a-278862caf056,d13c81ffc0d9be829250b180a270b608,null,null,null,null,null,null,Exited,null,null,null,null,null,null,null,null,null,null,null,null,null,null,6,2026-08-03 09:34:24.029+00,5dda0b14-713b-46d0-a6ce-a7a33a2fb6f9