organization_id,property_id,apartment_id,bed_id,tenant_id,allotment_id,event_date,event,staying_status
00000000-0000-0000-0000-000000000001,5dda0b14-713b-46d0-a6ce-a7a33a2fb6f9,188aee4d-68e0-1ddb-38e6-a946bc75072d,3589b2fd-d842-834a-2660-e15f13fd0de4,1b1e4294-4ed3-42e4-b820-7c443e8ddfcf,d92acb4f-8c3f-48ac-8e6b-e7e693fef3d9,2026-09-20,move_out,Exited
00000000-0000-0000-0000-000000000001,5dda0b14-713b-46d0-a6ce-a7a33a2fb6f9,1b4d1066-8fe4-199b-7b3b-39e4bded9714,fd6cdb68-6242-d6f8-7bf2-78d3e2483220,be2214d4-f4b5-4c51-825a-83cddbfb06f8,d90be848-529b-49b3-ad05-997993e57c0a,2026-09-06,move_out,Exited
00000000-0000-0000-0000-000000000001,5dda0b14-713b-46d0-a6ce-a7a33a2fb6f9,990e8a3e-a69c-7b31-f606-3eeb21e3d4c6,7aa135ce-55b9-8787-a51c-fa6c42aad3b2,9c6a8c4e-7a2e-41af-8e21-4a4a7a635929,c8d1e881-af10-4a30-8794-85448679f057,2026-08-31,move_in,Staying
00000000-0000-0000-0000-000000000001,5dda0b14-713b-46d0-a6ce-a7a33a2fb6f9,1b4d1066-8fe4-199b-7b3b-39e4bded9714,a7224399-02e5-e81c-026b-031bd1393be8,d257c87f-0e42-048c-8409-362e925d86fc,597c2d33-b758-4acd-811b-c7b22289dcbc,2026-08-28,move_out,Exited
00000000-0000-0000-0000-000000000001,5dda0b14-713b-46d0-a6ce-a7a33a2fb6f9,fb5cedd6-2992-1c62-7fba-4a7a6b43b2ff,f9e98282-6ed1-2655-561b-5122ac7d94a1,b7f6903f-2c74-40ba-8d14-f1be73c207f1,592a7c03-06e9-4111-b881-3d5ee4a5cfd8,2026-08-26,move_in,Staying
00000000-0000-0000-0000-000000000001,5dda0b14-713b-46d0-a6ce-a7a33a2fb6f9,ffbd5fe0-d9b3-cb55-cfd7-2d72a3498109,7fe69b36-41b0-fb38-f990-b56311e3fbad,e9138531-774b-4761-92b5-ba28b517d0dd,feeb7a13-1e0e-4b17-9b0a-a9c7fa648c23,2026-08-26,move_in,Staying
00000000-0000-0000-0000-000000000001,5dda0b14-713b-46d0-a6ce-a7a33a2fb6f9,a361bd0d-c2c1-2aee-6303-d65de004edd0,4878b203-a8a4-ae51-ee40-ab6717cd55b6,e9138531-774b-4761-92b5-ba28b517d0dd,30d902fd-ac49-49ee-9adc-50287807f836,2026-08-26,move_out,Exited
00000000-0000-0000-0000-000000000001,5dda0b14-713b-46d0-a6ce-a7a33a2fb6f9,ffbd5fe0-d9b3-cb55-cfd7-2d72a3498109,7fe69b36-41b0-fb38-f990-b56311e3fbad,73715344-908a-b7fa-00cc-34358ffb16f0,3aabe842-7390-4208-9bde-936af6f8b658,2026-08-25,move_out,Exited
00000000-0000-0000-0000-000000000001,5dda0b14-713b-46d0-a6ce-a7a33a2fb6f9,238a7f07-e136-4f30-8516-cd796034fbdb,7e794ebe-5ab0-4340-b43c-c7cd079438a1,6d05955b-c9d1-4f2c-b16e-19571e2ae812,e539d7d2-d820-4b38-91a1-a6971b11b072,2026-08-25,move_in,Staying
00000000-0000-0000-0000-000000000001,5dda0b14-713b-46d0-a6ce-a7a33a2fb6f9,79853a4a-cb02-508c-e041-7e23378aec9c,db22043a-4435-6d25-c2e9-01dd93cc79a4,f70ae790-e17b-aca8-a21a-82ddd895450b,53e90bf9-8b82-4fc9-ac46-406163bf802d,2026-08-24,move_out,Exited
00000000-0000-0000-0000-000000000001,5dda0b14-713b-46d0-a6ce-a7a33a2fb6f9,3a4c55f7-ca35-437b-ac40-f0b405e0c34f,f80b56b1-06d0-4817-98cf-7fd884d47310,21f9320d-9d9a-458d-930b-a7442b24b980,28420725-90ac-4266-842b-9b183a97b3ff,2026-08-23,move_in,Staying
00000000-0000-0000-0000-000000000001,5dda0b14-713b-46d0-a6ce-a7a33a2fb6f9,990e8a3e-a69c-7b31-f606-3eeb21e3d4c6,7aa135ce-55b9-8787-a51c-fa6c42aad3b2,3a7c3cc7-1dd3-4574-993f-a7dae38a5277,69341b56-d4c0-4a38-b844-4f3ad2d6221a,2026-08-21,move_out,Exited
00000000-0000-0000-0000-000000000001,5dda0b14-713b-46d0-a6ce-a7a33a2fb6f9,86ad1ceb-8d81-a926-d998-3a2f1cafba06,fd583622-d483-7a0e-b288-a9d0d1e0807a,3a7c3cc7-1dd3-4574-993f-a7dae38a5277,349077f2-398a-4e69-9dd0-86494973ad4d,2026-08-21,move_in,Staying
00000000-0000-0000-0000-000000000001,5dda0b14-713b-46d0-a6ce-a7a33a2fb6f9,86ad1ceb-8d81-a926-d998-3a2f1cafba06,fd583622-d483-7a0e-b288-a9d0d1e0807a,23f7ef5f-6b26-a104-b616-b438d7e9243c,8cada743-d341-4211-b2f2-094d551e9ef3,2026-08-21,move_out,Exited
00000000-0000-0000-0000-000000000001,5dda0b14-713b-46d0-a6ce-a7a33a2fb6f9,fb5cedd6-2992-1c62-7fba-4a7a6b43b2ff,f9e98282-6ed1-2655-561b-5122ac7d94a1,8971261e-a813-477f-94c0-0a9661dc4c34,4f2cdcfa-282c-461d-84f8-aefe0567d4f0,2026-08-21,move_out,Exited
00000000-0000-0000-0000-000000000001,5dda0b14-713b-46d0-a6ce-a7a33a2fb6f9,bde00681-ebfc-ef38-4f6e-4906a012de6b,83a7b624-6ba5-7e9f-53eb-acd6d0ab5bb4,f156a416-bc92-416f-8ba1-42b185de39c8,f28f5c69-2c4a-4fee-ac51-5e0607c7ecc4,2026-08-18,move_in,Staying
00000000-0000-0000-0000-000000000001,5dda0b14-713b-46d0-a6ce-a7a33a2fb6f9,03edc7c5-4c46-b55e-523d-9fb7be29910b,69a06a67-b0da-0493-6495-0620f46df91c,f156a416-bc92-416f-8ba1-42b185de39c8,6a5f9ba5-2140-430d-899f-6de542663df3,2026-08-18,move_out,Exited
00000000-0000-0000-0000-000000000001,5dda0b14-713b-46d0-a6ce-a7a33a2fb6f9,bde00681-ebfc-ef38-4f6e-4906a012de6b,83a7b624-6ba5-7e9f-53eb-acd6d0ab5bb4,8e39a9bd-3317-b2a6-22a6-16fa4cab9632,14f9659a-5710-47bd-945d-74b61d0ed70a,2026-08-17,move_out,Exited
00000000-0000-0000-0000-000000000001,5dda0b14-713b-46d0-a6ce-a7a33a2fb6f9,1b4d1066-8fe4-199b-7b3b-39e4bded9714,0c9684aa-8ff5-082e-bdcd-2f3ddeefce53,8413286e-7e05-4346-b8a3-2cc4e402b62d,cd70909e-21e4-4192-b6a1-72be44e16cb7,2026-08-16,move_in,Booked
00000000-0000-0000-0000-000000000001,5dda0b14-713b-46d0-a6ce-a7a33a2fb6f9,10c6863d-07c3-4fc4-94f9-6adc29157ce1,51597632-5648-1987-017c-c65e2ad300f8,a19decb8-62b0-41e2-8c42-c3b0954bebd1,bbf6ef5a-ab03-4b59-8e75-7b835ad23ad2,2026-08-16,move_in,Booked
00000000-0000-0000-0000-000000000001,5dda0b14-713b-46d0-a6ce-a7a33a2fb6f9,dc4adc21-f501-0573-2e9a-d7bbbc89e5d6,1d32450f-df9e-cfb4-05c2-61f3c4efc50e,b99bf201-38ba-4991-a146-8590e7c22417,d5a55ceb-f139-4b56-a3ff-5b9dc493a76d,2026-08-15,move_in,Staying
00000000-0000-0000-0000-000000000001,5dda0b14-713b-46d0-a6ce-a7a33a2fb6f9,03edc7c5-4c46-b55e-523d-9fb7be29910b,69a06a67-b0da-0493-6495-0620f46df91c,f156a416-bc92-416f-8ba1-42b185de39c8,6a5f9ba5-2140-430d-899f-6de542663df3,2026-08-15,move_in,Exited
00000000-0000-0000-0000-000000000001,5dda0b14-713b-46d0-a6ce-a7a33a2fb6f9,03edc7c5-4c46-b55e-523d-9fb7be29910b,93a076cf-52c6-b904-02a9-5b95125d5dfb,77b2e309-ea53-4c9f-acdc-0ed179ba52b2,44af6e31-36ec-4fca-846f-d7b1dd70b150,2026-08-15,move_in,Staying
00000000-0000-0000-0000-000000000001,5dda0b14-713b-46d0-a6ce-a7a33a2fb6f9,03edc7c5-4c46-b55e-523d-9fb7be29910b,42541fce-4dd2-805a-5d01-5aa7e5db8726,e216b2cb-1f85-4913-afd4-b3997e9834ec,10d5e601-b052-4ea6-95c3-6f3df1f0d8cc,2026-08-15,move_in,Staying
00000000-0000-0000-0000-000000000001,5dda0b14-713b-46d0-a6ce-a7a33a2fb6f9,03edc7c5-4c46-b55e-523d-9fb7be29910b,42541fce-4dd2-805a-5d01-5aa7e5db8726,f91c2854-a88b-4630-b2a6-c48401e4dd14,5d25f43a-c0a9-4111-b201-e334553b2899,2026-08-14,move_out,Exited
00000000-0000-0000-0000-000000000001,5dda0b14-713b-46d0-a6ce-a7a33a2fb6f9,fb5cedd6-2992-1c62-7fba-4a7a6b43b2ff,9803c12a-e08e-d213-5575-c44623241381,2e7429df-04ff-40b8-8b77-da551c9573fa,21d670a9-7003-48a3-9542-b7615c12760f,2026-08-10,move_in,Staying
00000000-0000-0000-0000-000000000001,5dda0b14-713b-46d0-a6ce-a7a33a2fb6f9,10c6863d-07c3-4fc4-94f9-6adc29157ce1,32dfa2d6-dbf8-4dd2-90a0-e664e838b0ac,0f9eb102-09ca-440e-adfa-ded3e743f533,b11dc1e6-b9dc-4e42-aa2d-744bec5b8106,2026-08-09,move_in,Cancelled
00000000-0000-0000-0000-000000000001,5dda0b14-713b-46d0-a6ce-a7a33a2fb6f9,10c6863d-07c3-4fc4-94f9-6adc29157ce1,32dfa2d6-dbf8-4dd2-90a0-e664e838b0ac,0f9eb102-09ca-440e-adfa-ded3e743f533,508c8a41-f86d-4b1c-877c-32061f4f7bcb,2026-08-09,move_in,Staying
00000000-0000-0000-0000-000000000001,5dda0b14-713b-46d0-a6ce-a7a33a2fb6f9,dd96a329-ec95-e96a-1348-69d976f39cd4,b1a13405-1168-9d4a-5a76-9c4953645b2a,6f580bdd-0e5b-4f02-9bc8-3e2d2ac576b4,3307b426-235b-4385-ad78-af773e1b6ce6,2026-08-09,move_in,Staying
00000000-0000-0000-0000-000000000001,5dda0b14-713b-46d0-a6ce-a7a33a2fb6f9,fb5cedd6-2992-1c62-7fba-4a7a6b43b2ff,9803c12a-e08e-d213-5575-c44623241381,080eae03-9f65-4515-aec2-8924472923dd,deef0c83-4c8c-46e7-bbae-139905f81a3c,2026-08-08,move_out,Exited
00000000-0000-0000-0000-000000000001,5dda0b14-713b-46d0-a6ce-a7a33a2fb6f9,49ed1c8e-3653-c89b-ec74-16d8e20bb923,f1cc5c44-ebb5-5f81-9dac-9887fb5bb58e,9defe9e8-4059-ba6b-5abd-0d1304e73008,7de10146-20a1-4aca-aad6-cba4b7ee0d10,2026-08-06,move_in,Staying
00000000-0000-0000-0000-000000000001,5dda0b14-713b-46d0-a6ce-a7a33a2fb6f9,990e8a3e-a69c-7b31-f606-3eeb21e3d4c6,7aa135ce-55b9-8787-a51c-fa6c42aad3b2,3a7c3cc7-1dd3-4574-993f-a7dae38a5277,69341b56-d4c0-4a38-b844-4f3ad2d6221a,2026-08-05,move_in,Exited
00000000-0000-0000-0000-000000000001,5dda0b14-713b-46d0-a6ce-a7a33a2fb6f9,dd96a329-ec95-e96a-1348-69d976f39cd4,b1a13405-1168-9d4a-5a76-9c4953645b2a,3a7c3cc7-1dd3-4574-993f-a7dae38a5277,d0e05b52-a5c4-4085-a2d8-ce3ef7c5c49d,2026-08-05,move_out,Exited
00000000-0000-0000-0000-000000000001,5dda0b14-713b-46d0-a6ce-a7a33a2fb6f9,9d5d0096-0b78-a663-1142-be871dfa2bda,54634a96-25c7-022f-0239-fef1800aebd4,55e6e452-fae2-a5ac-3c12-21424bffbcac,a5c3b6ee-62eb-4a93-8975-778887134835,2026-08-05,move_in,Staying
00000000-0000-0000-0000-000000000001,5dda0b14-713b-46d0-a6ce-a7a33a2fb6f9,9d5d0096-0b78-a663-1142-be871dfa2bda,54634a96-25c7-022f-0239-fef1800aebd4,8fd367e7-7404-4ef6-530b-a40219a48f1e,de3fc75a-dc8c-4bfb-b959-494a94a5d287,2026-08-05,move_out,Exited
00000000-0000-0000-0000-000000000001,5dda0b14-713b-46d0-a6ce-a7a33a2fb6f9,990e8a3e-a69c-7b31-f606-3eeb21e3d4c6,7aa135ce-55b9-8787-a51c-fa6c42aad3b2,55e6e452-fae2-a5ac-3c12-21424bffbcac,6f08860a-522c-400d-b39a-2c974ff6f3cf,2026-08-05,move_out,Exited
00000000-0000-0000-0000-000000000001,5dda0b14-713b-46d0-a6ce-a7a33a2fb6f9,a361bd0d-c2c1-2aee-6303-d65de004edd0,4878b203-a8a4-ae51-ee40-ab6717cd55b6,e9138531-774b-4761-92b5-ba28b517d0dd,30d902fd-ac49-49ee-9adc-50287807f836,2026-08-04,move_in,Exited
00000000-0000-0000-0000-000000000001,5dda0b14-713b-46d0-a6ce-a7a33a2fb6f9,a361bd0d-c2c1-2aee-6303-d65de004edd0,a4def813-d3a1-fa98-de2f-18ad2a9699a7,d5ef5788-b130-4329-b2e7-5e0112badb3b,537d7700-2397-448d-a0b5-3579e13e2964,2026-08-04,move_in,Staying
00000000-0000-0000-0000-000000000001,5dda0b14-713b-46d0-a6ce-a7a33a2fb6f9,1b4d1066-8fe4-199b-7b3b-39e4bded9714,0c9684aa-8ff5-082e-bdcd-2f3ddeefce53,be2214d4-f4b5-4c51-825a-83cddbfb06f8,45f06c81-d7ff-4111-a873-a9531d7c18b2,2026-08-03,move_out,Exited
00000000-0000-0000-0000-000000000001,5dda0b14-713b-46d0-a6ce-a7a33a2fb6f9,1b4d1066-8fe4-199b-7b3b-39e4bded9714,fd6cdb68-6242-d6f8-7bf2-78d3e2483220,be2214d4-f4b5-4c51-825a-83cddbfb06f8,d90be848-529b-49b3-ad05-997993e57c0a,2026-08-03,move_in,Exited
00000000-0000-0000-0000-000000000001,5dda0b14-713b-46d0-a6ce-a7a33a2fb6f9,03edc7c5-4c46-b55e-523d-9fb7be29910b,93a076cf-52c6-b904-02a9-5b95125d5dfb,3b27dc97-dafa-0480-7b61-5549a3ea7eee,be99f7a0-c9f6-43b6-9cc5-04577043e0bb,2026-08-03,move_out,Exited
00000000-0000-0000-0000-000000000001,5dda0b14-713b-46d0-a6ce-a7a33a2fb6f9,1b4d1066-8fe4-199b-7b3b-39e4bded9714,fd6cdb68-6242-d6f8-7bf2-78d3e2483220,854c86e3-8b7f-0ca8-f4ac-c6a073699611,8db9e51a-5204-4143-a5a0-086b8cd03403,2026-08-02,move_out,Exited
00000000-0000-0000-0000-000000000001,5dda0b14-713b-46d0-a6ce-a7a33a2fb6f9,dd96a329-ec95-e96a-1348-69d976f39cd4,b1a13405-1168-9d4a-5a76-9c4953645b2a,3a7c3cc7-1dd3-4574-993f-a7dae38a5277,d0e05b52-a5c4-4085-a2d8-ce3ef7c5c49d,2026-08-02,move_in,Exited
00000000-0000-0000-0000-000000000001,5dda0b14-713b-46d0-a6ce-a7a33a2fb6f9,77c3a6fd-4651-d880-29aa-abd19c8324df,1bb2080e-607b-e17c-487b-3fc55b233158,8d6ebc38-e2c1-4d2b-9366-4a456a82a6e2,86bbf62d-82b7-4d2d-85bc-ff008b7dc293,2026-08-02,move_in,Staying
00000000-0000-0000-0000-000000000001,5dda0b14-713b-46d0-a6ce-a7a33a2fb6f9,dd96a329-ec95-e96a-1348-69d976f39cd4,43a9bdbb-3395-d921-f3e4-2c43057aa600,23bfb4c1-7bea-4ace-a564-9ae166eb6d35,403fd948-6055-496f-bf65-b5f1c7f8ab55,2026-08-02,move_in,Staying
00000000-0000-0000-0000-000000000001,5dda0b14-713b-46d0-a6ce-a7a33a2fb6f9,ffbd5fe0-d9b3-cb55-cfd7-2d72a3498109,717b9b58-969a-8452-088a-972edaf5da24,3a22eac5-cd9d-4b21-9d6b-20e9106fdcff,fd43045b-00f1-45a8-9961-b318b8081c9f,2026-08-02,move_in,Staying
00000000-0000-0000-0000-000000000001,5dda0b14-713b-46d0-a6ce-a7a33a2fb6f9,1b4d1066-8fe4-199b-7b3b-39e4bded9714,18323ac7-06c3-e126-fb43-8a9b6cbb53ba,25bb9427-9bb6-44a6-8a24-9566a07a856d,5f2f7523-c002-4fa5-b1b9-905a126d1bf9,2026-08-01,move_in,Cancelled
00000000-0000-0000-0000-000000000001,5dda0b14-713b-46d0-a6ce-a7a33a2fb6f9,bc7f358d-0d6d-f95f-ff80-9089eefdef69,9570bcbc-dd00-294f-7a17-6204b4b0a29b,e8530c57-faad-4ff7-aec4-fb01b6118ece,e365af46-795b-4530-ae58-60e0e516d232,2026-08-01,move_in,Staying
00000000-0000-0000-0000-000000000001,5dda0b14-713b-46d0-a6ce-a7a33a2fb6f9,1b4d1066-8fe4-199b-7b3b-39e4bded9714,e490e3a6-9e5c-a6b8-a156-bfb492b8b0a4,241f63ee-cbe5-4d43-bf41-d44773f8015d,f408fa99-fea4-4a02-9f6c-7be5db3f2c28,2026-08-01,move_in,Booked
00000000-0000-0000-0000-000000000001,5dda0b14-713b-46d0-a6ce-a7a33a2fb6f9,03edc7c5-4c46-b55e-523d-9fb7be29910b,93a076cf-52c6-b904-02a9-5b95125d5dfb,1870394c-0b26-4010-85ca-50f7ba65ec6c,29082c5e-d56c-4fe5-a68f-d29411525968,2026-08-01,move_in,Cancelled
00000000-0000-0000-0000-000000000001,5dda0b14-713b-46d0-a6ce-a7a33a2fb6f9,9d5d0096-0b78-a663-1142-be871dfa2bda,b67440c5-1089-ccdb-bb31-3211a4ee4d0e,61492721-611b-479f-9815-e09e0d7c95fd,047e4ff5-1a8d-4524-801a-60c70f28caf8,2026-08-01,move_out,Exited
00000000-0000-0000-0000-000000000001,5dda0b14-713b-46d0-a6ce-a7a33a2fb6f9,1b4d1066-8fe4-199b-7b3b-39e4bded9714,e490e3a6-9e5c-a6b8-a156-bfb492b8b0a4,25bb9427-9bb6-44a6-8a24-9566a07a856d,217c8766-e5e3-40c5-9b12-1c0379fe6e47,2026-08-01,move_in,Cancelled
00000000-0000-0000-0000-000000000001,5dda0b14-713b-46d0-a6ce-a7a33a2fb6f9,dc4adc21-f501-0573-2e9a-d7bbbc89e5d6,f75d07e9-5c50-45b0-86bc-61a93dbb4d17,65dd3a53-9f8a-4d86-8de1-c52a46dcb5cf,34b068b8-ff44-4f19-bc55-ff1ccc2bcad5,2026-08-01,move_in,Staying
00000000-0000-0000-0000-000000000001,5dda0b14-713b-46d0-a6ce-a7a33a2fb6f9,9d5d0096-0b78-a663-1142-be871dfa2bda,5964e174-4d85-43f8-388d-3f66a1ecbd0e,61492721-611b-479f-9815-e09e0d7c95fd,a7aee36f-3d41-45fa-b6f5-99d3affc290c,2026-08-01,move_in,Staying
00000000-0000-0000-0000-000000000001,5dda0b14-713b-46d0-a6ce-a7a33a2fb6f9,a361bd0d-c2c1-2aee-6303-d65de004edd0,4878b203-a8a4-ae51-ee40-ab6717cd55b6,d2449d75-0593-4deb-a6c2-fae99fc83ab0,6d852880-001e-41ee-b447-e94c58384795,2026-07-31,move_out,Exited
00000000-0000-0000-0000-000000000001,5dda0b14-713b-46d0-a6ce-a7a33a2fb6f9,49ed1c8e-3653-c89b-ec74-16d8e20bb923,f1cc5c44-ebb5-5f81-9dac-9887fb5bb58e,edee54e5-b970-ea10-551f-b156c26d8f0a,ddc84784-c683-4996-b4e4-d17137b9a82d,2026-07-31,move_out,Exited
00000000-0000-0000-0000-000000000001,5dda0b14-713b-46d0-a6ce-a7a33a2fb6f9,1b4d1066-8fe4-199b-7b3b-39e4bded9714,e490e3a6-9e5c-a6b8-a156-bfb492b8b0a4,f16a668c-ea8a-b26d-9dff-4da3c53fccc7,1b2b14f1-f84a-404b-8ef1-fec032dd447f,2026-07-30,move_out,Exited
00000000-0000-0000-0000-000000000001,5dda0b14-713b-46d0-a6ce-a7a33a2fb6f9,0a839c14-2a88-9896-c2f2-8d51fe610405,25cdb264-370f-4be0-5004-6aeb735c94aa,83af11b3-a274-7404-3265-ec658f74f8cf,a592d732-fe7f-4bfa-841d-7433e477f43e,2026-07-29,move_out,Exited
00000000-0000-0000-0000-000000000001,5dda0b14-713b-46d0-a6ce-a7a33a2fb6f9,bc7f358d-0d6d-f95f-ff80-9089eefdef69,b943869b-b18f-a89f-0396-b63afbee28e9,71a9340d-9832-4609-a110-d9b5aaffc020,70452c2a-f59d-452c-8eae-71979521ff54,2026-07-29,move_in,Exited
00000000-0000-0000-0000-000000000001,5dda0b14-713b-46d0-a6ce-a7a33a2fb6f9,9d5d0096-0b78-a663-1142-be871dfa2bda,5964e174-4d85-43f8-388d-3f66a1ecbd0e,55e6e452-fae2-a5ac-3c12-21424bffbcac,052eaacd-614f-4cac-8bee-618b1549c36d,2026-07-28,move_out,Exited
00000000-0000-0000-0000-000000000001,5dda0b14-713b-46d0-a6ce-a7a33a2fb6f9,dd96a329-ec95-e96a-1348-69d976f39cd4,43a9bdbb-3395-d921-f3e4-2c43057aa600,5ce46f7c-d9f9-426d-be11-5e3b6a2bedb0,eeb747fd-a4c0-4097-a86f-55f604dadabe,2026-07-28,move_out,Exited
00000000-0000-0000-0000-000000000001,5dda0b14-713b-46d0-a6ce-a7a33a2fb6f9,9d5d0096-0b78-a663-1142-be871dfa2bda,b67440c5-1089-ccdb-bb31-3211a4ee4d0e,5ce46f7c-d9f9-426d-be11-5e3b6a2bedb0,1d8b2085-b87b-4a65-a8c6-ee6b287ba381,2026-07-28,move_in,Staying
00000000-0000-0000-0000-000000000001,5dda0b14-713b-46d0-a6ce-a7a33a2fb6f9,9d5d0096-0b78-a663-1142-be871dfa2bda,41f5e6bc-d64a-b8a7-f9d4-2826bba3d899,34e36bb4-6313-46d3-af36-4f9ef75dc0a4,ca1e5c59-fbe8-4786-b241-43233c852dc1,2026-07-28,move_in,Staying
00000000-0000-0000-0000-000000000001,5dda0b14-713b-46d0-a6ce-a7a33a2fb6f9,990e8a3e-a69c-7b31-f606-3eeb21e3d4c6,7aa135ce-55b9-8787-a51c-fa6c42aad3b2,55e6e452-fae2-a5ac-3c12-21424bffbcac,6f08860a-522c-400d-b39a-2c974ff6f3cf,2026-07-28,move_in,Exited
00000000-0000-0000-0000-000000000001,5dda0b14-713b-46d0-a6ce-a7a33a2fb6f9,dd96a329-ec95-e96a-1348-69d976f39cd4,b1a13405-1168-9d4a-5a76-9c4953645b2a,34e36bb4-6313-46d3-af36-4f9ef75dc0a4,d507ffac-5fb5-480b-b385-262ca3ff3224,2026-07-28,move_out,Exited
00000000-0000-0000-0000-000000000001,5dda0b14-713b-46d0-a6ce-a7a33a2fb6f9,188aee4d-68e0-1ddb-38e6-a946bc75072d,3e81e085-89a3-9615-e293-bf826bf9b08f,9fd15f79-3f68-411c-a282-24af6ade0fdb,4fbf07dd-60c4-4e20-a04f-3714c378ffec,2026-07-27,move_in,Staying
00000000-0000-0000-0000-000000000001,5dda0b14-713b-46d0-a6ce-a7a33a2fb6f9,188aee4d-68e0-1ddb-38e6-a946bc75072d,3e81e085-89a3-9615-e293-bf826bf9b08f,44bf5771-a669-438c-a190-88aab999cfae,aabe391a-b8fc-4f8b-9b7c-414468bc4d54,2026-07-26,move_out,Exited
00000000-0000-0000-0000-000000000001,5dda0b14-713b-46d0-a6ce-a7a33a2fb6f9,bc7f358d-0d6d-f95f-ff80-9089eefdef69,9570bcbc-dd00-294f-7a17-6204b4b0a29b,696a4512-7d08-4e23-a774-91ee1afc42d1,5a78509d-339f-4045-a024-d2fe14b0f8b6,2026-07-25,move_out,Exited
00000000-0000-0000-0000-000000000001,5dda0b14-713b-46d0-a6ce-a7a33a2fb6f9,417c9738-a0f7-5a00-1091-37a9fd083dd6,5810da0c-60c8-5ffd-72cc-d74b1f3425e9,3191d29c-7cc3-4be1-8972-df4076747878,3cefa430-cbfb-4bcc-be8e-442a4a193045,2026-07-24,move_in,Staying
00000000-0000-0000-0000-000000000001,5dda0b14-713b-46d0-a6ce-a7a33a2fb6f9,417c9738-a0f7-5a00-1091-37a9fd083dd6,5810da0c-60c8-5ffd-72cc-d74b1f3425e9,918b6526-10a3-4e0e-b3d8-7862211d2485,5c326c75-6587-41cb-a153-ab42deb95efc,2026-07-23,move_out,Exited
00000000-0000-0000-0000-000000000001,5dda0b14-713b-46d0-a6ce-a7a33a2fb6f9,5d204545-2f72-b89b-3190-a826b5ab6512,b8451620-5c0d-e318-9cbf-5ecba152b866,0366c854-a2dd-42cd-b83a-7a0affb3fa85,c0fa4ec4-61f4-4502-afd0-f819dff3ab5b,2026-07-23,move_in,Staying
00000000-0000-0000-0000-000000000001,5dda0b14-713b-46d0-a6ce-a7a33a2fb6f9,1b4d1066-8fe4-199b-7b3b-39e4bded9714,18323ac7-06c3-e126-fb43-8a9b6cbb53ba,918b6526-10a3-4e0e-b3d8-7862211d2485,3cabe0f9-bb7f-492b-b069-bfa191e91033,2026-07-23,move_in,On-Notice
00000000-0000-0000-0000-000000000001,5dda0b14-713b-46d0-a6ce-a7a33a2fb6f9,85292340-826d-52c1-65c7-7f2a9eb2c2c4,4692433b-f9b8-9bdd-a2ff-4cd11d36de58,c2f58086-b0e6-4083-b634-acc444ebc69f,e02f5ad1-ec73-468d-8cb6-27d54cb62b81,2026-07-22,move_in,Staying
00000000-0000-0000-0000-000000000001,5dda0b14-713b-46d0-a6ce-a7a33a2fb6f9,77c3a6fd-4651-d880-29aa-abd19c8324df,2564984d-d7f3-5161-99d4-3d648f77f03e,12062e7c-25cc-4c45-8869-abf33c8a981c,6ca3eea4-73dc-4e3e-809a-bc43ca4d4e08,2026-07-22,move_in,Staying
00000000-0000-0000-0000-000000000001,5dda0b14-713b-46d0-a6ce-a7a33a2fb6f9,77c3a6fd-4651-d880-29aa-abd19c8324df,1bb2080e-607b-e17c-487b-3fc55b233158,12062e7c-25cc-4c45-8869-abf33c8a981c,a6a2c8c9-399e-49c5-bc51-3f362c903208,2026-07-22,move_out,Exited
00000000-0000-0000-0000-000000000001,5dda0b14-713b-46d0-a6ce-a7a33a2fb6f9,10c6863d-07c3-4fc4-94f9-6adc29157ce1,51597632-5648-1987-017c-c65e2ad300f8,9eb73523-a830-4796-9317-1a3f4e9e7254,63c00eb8-28c7-4176-a247-574b0ca40a4c,2026-07-22,move_out,Exited
00000000-0000-0000-0000-000000000001,5dda0b14-713b-46d0-a6ce-a7a33a2fb6f9,85292340-826d-52c1-65c7-7f2a9eb2c2c4,8e25f001-fe3b-3a8e-0754-b8a08d432526,9eb73523-a830-4796-9317-1a3f4e9e7254,af77c84c-c34c-43ff-a61d-62b390f12d3f,2026-07-22,move_in,Staying
00000000-0000-0000-0000-000000000001,5dda0b14-713b-46d0-a6ce-a7a33a2fb6f9,10c6863d-07c3-4fc4-94f9-6adc29157ce1,32dfa2d6-dbf8-4dd2-90a0-e664e838b0ac,c2f58086-b0e6-4083-b634-acc444ebc69f,cd9ca88a-0864-48e3-b8e7-296f64e06185,2026-07-22,move_out,Exited
00000000-0000-0000-0000-000000000001,5dda0b14-713b-46d0-a6ce-a7a33a2fb6f9,77c3a6fd-4651-d880-29aa-abd19c8324df,2564984d-d7f3-5161-99d4-3d648f77f03e,e426d68a-16d2-9097-ff7d-ae2521fb52e5,9c588654-a04c-4dad-9514-9aff226de468,2026-07-21,move_out,Exited
00000000-0000-0000-0000-000000000001,5dda0b14-713b-46d0-a6ce-a7a33a2fb6f9,b0875d50-a469-821b-57c3-03ac62809198,0584f4bb-c204-0301-4599-fc18ed551828,6e29f80e-ffb7-4c7e-9f39-a7980c00926b,cb8517a4-2c13-42bf-b7c0-95130bfd7275,2026-07-21,move_in,Staying
00000000-0000-0000-0000-000000000001,5dda0b14-713b-46d0-a6ce-a7a33a2fb6f9,dc4adc21-f501-0573-2e9a-d7bbbc89e5d6,f75d07e9-5c50-45b0-86bc-61a93dbb4d17,6ea3368b-00ab-4626-a86f-7fcacb3e167e,1672411f-ec0d-440b-adc0-b378df2949c3,2026-07-21,move_out,Exited
00000000-0000-0000-0000-000000000001,5dda0b14-713b-46d0-a6ce-a7a33a2fb6f9,aa73cade-c28c-dc5b-5980-55801ea0d415,50d7a816-da06-6897-ffe0-cb694a257dec,f295149c-bcb1-4d48-93ce-d2ea593d29c3,fb6ca425-9e5f-4f51-811c-c180458d07ca,2026-07-20,move_out,Exited
00000000-0000-0000-0000-000000000001,5dda0b14-713b-46d0-a6ce-a7a33a2fb6f9,03edc7c5-4c46-b55e-523d-9fb7be29910b,69a06a67-b0da-0493-6495-0620f46df91c,1261d726-9481-43dd-bac5-f1b158c8ab32,e6357f5c-05c6-4829-9508-d39b4be473cf,2026-07-20,move_out,Exited
00000000-0000-0000-0000-000000000001,5dda0b14-713b-46d0-a6ce-a7a33a2fb6f9,dd96a329-ec95-e96a-1348-69d976f39cd4,b1a13405-1168-9d4a-5a76-9c4953645b2a,34e36bb4-6313-46d3-af36-4f9ef75dc0a4,d507ffac-5fb5-480b-b385-262ca3ff3224,2026-07-19,move_in,Exited
00000000-0000-0000-0000-000000000001,5dda0b14-713b-46d0-a6ce-a7a33a2fb6f9,dd96a329-ec95-e96a-1348-69d976f39cd4,43a9bdbb-3395-d921-f3e4-2c43057aa600,5ce46f7c-d9f9-426d-be11-5e3b6a2bedb0,eeb747fd-a4c0-4097-a86f-55f604dadabe,2026-07-19,move_in,Exited
00000000-0000-0000-0000-000000000001,5dda0b14-713b-46d0-a6ce-a7a33a2fb6f9,ffbd5fe0-d9b3-cb55-cfd7-2d72a3498109,717b9b58-969a-8452-088a-972edaf5da24,5ce46f7c-d9f9-426d-be11-5e3b6a2bedb0,bbdf0229-85be-4048-ad84-553cde28b461,2026-07-19,move_out,Exited
00000000-0000-0000-0000-000000000001,5dda0b14-713b-46d0-a6ce-a7a33a2fb6f9,2fc42a4f-fe5a-ae08-0e4e-2c89ca71db85,f874f74a-642d-0943-eaae-4c54a18982cf,6e52de53-d0e1-4fff-871f-36aa18ac4720,1a8854ae-648e-4d46-afb7-3ddbf102976d,2026-07-19,move_in,Staying
00000000-0000-0000-0000-000000000001,5dda0b14-713b-46d0-a6ce-a7a33a2fb6f9,bc7f358d-0d6d-f95f-ff80-9089eefdef69,90eedc35-b872-5505-a86d-2824a91e518c,7949646a-1455-41bc-9b8a-d19f84772bbb,f08f0b98-4740-41e3-9fb3-cdc9d4e943cc,2026-07-19,move_in,Staying
00000000-0000-0000-0000-000000000001,5dda0b14-713b-46d0-a6ce-a7a33a2fb6f9,9d5d0096-0b78-a663-1142-be871dfa2bda,41f5e6bc-d64a-b8a7-f9d4-2826bba3d899,94927866-7ca0-4311-b799-972822792cb8,8cd3ef09-94c7-4773-b3fb-823d2cf16c19,2026-07-18,move_out,Exited
00000000-0000-0000-0000-000000000001,5dda0b14-713b-46d0-a6ce-a7a33a2fb6f9,1b4d1066-8fe4-199b-7b3b-39e4bded9714,18323ac7-06c3-e126-fb43-8a9b6cbb53ba,19214e19-efc4-4eea-8118-944c998e3ab6,6d956c8b-fb4b-472a-86dc-1822f77d09b6,2026-07-18,move_out,Exited
00000000-0000-0000-0000-000000000001,5dda0b14-713b-46d0-a6ce-a7a33a2fb6f9,a361bd0d-c2c1-2aee-6303-d65de004edd0,a4def813-d3a1-fa98-de2f-18ad2a9699a7,26b16f30-da65-8aa3-d1ec-4867ac2a8f35,55c869da-c670-452e-aa98-469528be9efa,2026-07-18,move_out,Exited
00000000-0000-0000-0000-000000000001,5dda0b14-713b-46d0-a6ce-a7a33a2fb6f9,79853a4a-cb02-508c-e041-7e23378aec9c,d6055fee-34a1-8a0d-f508-a9469caccc68,122c395f-56fd-4482-fe33-7fa3c3cd30b5,45df567e-3c5b-4da3-8bfd-6605e5e6c7a9,2026-07-18,move_out,Exited
00000000-0000-0000-0000-000000000001,5dda0b14-713b-46d0-a6ce-a7a33a2fb6f9,85292340-826d-52c1-65c7-7f2a9eb2c2c4,07cdb453-b699-f209-d609-434a47fca737,706ec709-36e3-4de0-a55a-522efd0b3957,8872ba1f-ebbe-4b26-b0c9-a5b330c229f7,2026-07-18,move_out,Exited
00000000-0000-0000-0000-000000000001,5dda0b14-713b-46d0-a6ce-a7a33a2fb6f9,85292340-826d-52c1-65c7-7f2a9eb2c2c4,4692433b-f9b8-9bdd-a2ff-4cd11d36de58,a267e3ee-ef69-4d54-8414-357c81b2eb3c,4eb2b3b6-d5de-4190-81ab-e563885218a3,2026-07-18,move_out,Exited
00000000-0000-0000-0000-000000000001,5dda0b14-713b-46d0-a6ce-a7a33a2fb6f9,417c9738-a0f7-5a00-1091-37a9fd083dd6,5810da0c-60c8-5ffd-72cc-d74b1f3425e9,918b6526-10a3-4e0e-b3d8-7862211d2485,5c326c75-6587-41cb-a153-ab42deb95efc,2026-07-18,move_in,Exited
00000000-0000-0000-0000-000000000001,5dda0b14-713b-46d0-a6ce-a7a33a2fb6f9,85292340-826d-52c1-65c7-7f2a9eb2c2c4,8e25f001-fe3b-3a8e-0754-b8a08d432526,de481a65-2fb4-4974-b7db-0ec990ea852d,fea05c11-59c1-4026-b397-4565e58eca15,2026-07-18,move_out,Exited
00000000-0000-0000-0000-000000000001,5dda0b14-713b-46d0-a6ce-a7a33a2fb6f9,2fc42a4f-fe5a-ae08-0e4e-2c89ca71db85,3f71f5af-8bd3-fe23-4d09-0210257ad798,d926094a-e5b5-4bc7-af79-7f822211d3f3,edccd11e-94f9-462f-b112-ac7a25e14c27,2026-07-17,move_out,Exited
00000000-0000-0000-0000-000000000001,5dda0b14-713b-46d0-a6ce-a7a33a2fb6f9,1b4d1066-8fe4-199b-7b3b-39e4bded9714,0c9684aa-8ff5-082e-bdcd-2f3ddeefce53,be2214d4-f4b5-4c51-825a-83cddbfb06f8,45f06c81-d7ff-4111-a873-a9531d7c18b2,2026-07-17,move_in,Exited
00000000-0000-0000-0000-000000000001,5dda0b14-713b-46d0-a6ce-a7a33a2fb6f9,b0d4d2c8-f6ee-bc16-ffd7-fc33c8db8571,96bb1fe8-5e0d-fdd2-0b6f-94aa78cf0ba2,d926094a-e5b5-4bc7-af79-7f822211d3f3,2cbbaf40-cfba-4ec9-93dd-f9cab8685a47,2026-07-17,move_in,Staying
00000000-0000-0000-0000-000000000001,5dda0b14-713b-46d0-a6ce-a7a33a2fb6f9,bc7f358d-0d6d-f95f-ff80-9089eefdef69,90eedc35-b872-5505-a86d-2824a91e518c,b6263381-5732-4544-952b-edde50fdfc28,7013f2db-d34c-4c31-b3eb-91d6dda154ff,2026-07-17,move_out,Exited
00000000-0000-0000-0000-000000000001,5dda0b14-713b-46d0-a6ce-a7a33a2fb6f9,2fc42a4f-fe5a-ae08-0e4e-2c89ca71db85,f874f74a-642d-0943-eaae-4c54a18982cf,284ce00f-b05a-4366-9117-bf73f7449a76,1b31b0cd-0f96-4d1a-bd73-aa703f095a42,2026-07-17,move_out,Exited
00000000-0000-0000-0000-000000000001,5dda0b14-713b-46d0-a6ce-a7a33a2fb6f9,b0d4d2c8-f6ee-bc16-ffd7-fc33c8db8571,96bb1fe8-5e0d-fdd2-0b6f-94aa78cf0ba2,3b02f95a-b47e-1037-4f8a-f2f31e35c98e,ac6b528f-3e64-4f40-a65a-a073b663edd0,2026-07-15,move_out,Exited
00000000-0000-0000-0000-000000000001,5dda0b14-713b-46d0-a6ce-a7a33a2fb6f9,79853a4a-cb02-508c-e041-7e23378aec9c,d6055fee-34a1-8a0d-f508-a9469caccc68,961c950e-debe-4dd2-8e5f-08bf92bda977,9494194d-43c9-47ad-8402-0c22cde7b00f,2026-07-14,move_in,Staying
00000000-0000-0000-0000-000000000001,5dda0b14-713b-46d0-a6ce-a7a33a2fb6f9,323c0dff-be56-f6ee-f053-ee37de806dea,cead0c81-cb47-a00d-6583-2032ac0d3b68,71492154-2bd6-41d1-b8b8-3acec9cedd1f,2c97d0a2-8c5a-49ab-a12c-e9aeaa347808,2026-07-13,move_in,On-Notice
00000000-0000-0000-0000-000000000001,5dda0b14-713b-46d0-a6ce-a7a33a2fb6f9,2fc42a4f-fe5a-ae08-0e4e-2c89ca71db85,3f71f5af-8bd3-fe23-4d09-0210257ad798,d926094a-e5b5-4bc7-af79-7f822211d3f3,edccd11e-94f9-462f-b112-ac7a25e14c27,2026-07-09,move_in,Exited
00000000-0000-0000-0000-000000000001,5dda0b14-713b-46d0-a6ce-a7a33a2fb6f9,5d204545-2f72-b89b-3190-a826b5ab6512,b8451620-5c0d-e318-9cbf-5ecba152b866,18788fe2-f6a2-826e-2199-6cec118c6d00,6a5d492b-8175-4c5d-86ac-ff94ea72d963,2026-07-09,move_out,Exited
00000000-0000-0000-0000-000000000001,5dda0b14-713b-46d0-a6ce-a7a33a2fb6f9,77c3a6fd-4651-d880-29aa-abd19c8324df,1bb2080e-607b-e17c-487b-3fc55b233158,12062e7c-25cc-4c45-8869-abf33c8a981c,a6a2c8c9-399e-49c5-bc51-3f362c903208,2026-07-08,move_in,Exited
00000000-0000-0000-0000-000000000001,5dda0b14-713b-46d0-a6ce-a7a33a2fb6f9,77c3a6fd-4651-d880-29aa-abd19c8324df,1bb2080e-607b-e17c-487b-3fc55b233158,521635f8-15aa-4ce1-ab2f-276095cbbe1a,fafe913c-97b3-41f6-b828-d278cd6b473d,2026-07-07,move_out,Exited
00000000-0000-0000-0000-000000000001,5dda0b14-713b-46d0-a6ce-a7a33a2fb6f9,323c0dff-be56-f6ee-f053-ee37de806dea,cead0c81-cb47-a00d-6583-2032ac0d3b68,c39e5b6a-5497-09b6-25cc-89f1ea8a608c,014f81be-2724-4302-8681-1c89fa734cce,2026-07-06,move_out,Exited
00000000-0000-0000-0000-000000000001,5dda0b14-713b-46d0-a6ce-a7a33a2fb6f9,ffbd5fe0-d9b3-cb55-cfd7-2d72a3498109,717b9b58-969a-8452-088a-972edaf5da24,5ce46f7c-d9f9-426d-be11-5e3b6a2bedb0,bbdf0229-85be-4048-ad84-553cde28b461,2026-07-06,move_in,Exited
00000000-0000-0000-0000-000000000001,5dda0b14-713b-46d0-a6ce-a7a33a2fb6f9,bc7f358d-0d6d-f95f-ff80-9089eefdef69,b943869b-b18f-a89f-0396-b63afbee28e9,7976ec26-6b18-471f-96d3-aa39a03abac8,81960dab-ecf9-49d3-af4d-cae4502c1e9e,2026-07-06,move_in,Staying
00000000-0000-0000-0000-000000000001,5dda0b14-713b-46d0-a6ce-a7a33a2fb6f9,dc4adc21-f501-0573-2e9a-d7bbbc89e5d6,1d32450f-df9e-cfb4-05c2-61f3c4efc50e,45a6242e-1317-4dfb-8a4d-ff0a57aff0b8,37e15c62-4e4c-45a5-8003-e4f73897eb8e,2026-07-03,move_in,Cancelled
00000000-0000-0000-0000-000000000001,5dda0b14-713b-46d0-a6ce-a7a33a2fb6f9,dd96a329-ec95-e96a-1348-69d976f39cd4,43a9bdbb-3395-d921-f3e4-2c43057aa600,9c88cc60-ea13-4dd1-9930-ca14ff0c6aa0,da786425-8bf1-4da0-b417-6371476a7bfe,2026-07-02,move_out,Exited
00000000-0000-0000-0000-000000000001,5dda0b14-713b-46d0-a6ce-a7a33a2fb6f9,dd96a329-ec95-e96a-1348-69d976f39cd4,b1a13405-1168-9d4a-5a76-9c4953645b2a,cb2574c2-6caf-4598-82dc-12b9569a6451,c5047a0f-6374-4758-87f4-9afa4ef861b8,2026-07-02,move_out,Exited
00000000-0000-0000-0000-000000000001,5dda0b14-713b-46d0-a6ce-a7a33a2fb6f9,9d5d0096-0b78-a663-1142-be871dfa2bda,235bd597-22a1-f0f2-0d40-a0a2f59f41fd,71a9340d-9832-4609-a110-d9b5aaffc020,f70dca28-1fc9-495a-aa3b-8966f09e7f57,2026-07-01,move_in,Staying
00000000-0000-0000-0000-000000000001,5dda0b14-713b-46d0-a6ce-a7a33a2fb6f9,10c6863d-07c3-4fc4-94f9-6adc29157ce1,32dfa2d6-dbf8-4dd2-90a0-e664e838b0ac,c2f58086-b0e6-4083-b634-acc444ebc69f,cd9ca88a-0864-48e3-b8e7-296f64e06185,2026-07-01,move_in,Exited
00000000-0000-0000-0000-000000000001,5dda0b14-713b-46d0-a6ce-a7a33a2fb6f9,417c9738-a0f7-5a00-1091-37a9fd083dd6,5810da0c-60c8-5ffd-72cc-d74b1f3425e9,791c16c3-5afa-4081-a47c-53439979e5b3,3e77d5cd-7102-4a50-a5a1-f77aced5ebb8,2026-07-01,move_out,Exited
00000000-0000-0000-0000-000000000001,5dda0b14-713b-46d0-a6ce-a7a33a2fb6f9,9d5d0096-0b78-a663-1142-be871dfa2bda,b67440c5-1089-ccdb-bb31-3211a4ee4d0e,61492721-611b-479f-9815-e09e0d7c95fd,047e4ff5-1a8d-4524-801a-60c70f28caf8,2026-07-01,move_in,Exited
00000000-0000-0000-0000-000000000001,5dda0b14-713b-46d0-a6ce-a7a33a2fb6f9,10c6863d-07c3-4fc4-94f9-6adc29157ce1,51597632-5648-1987-017c-c65e2ad300f8,9eb73523-a830-4796-9317-1a3f4e9e7254,63c00eb8-28c7-4176-a247-574b0ca40a4c,2026-07-01,move_in,Exited
00000000-0000-0000-0000-000000000001,5dda0b14-713b-46d0-a6ce-a7a33a2fb6f9,b0875d50-a469-821b-57c3-03ac62809198,ac589718-81c1-c7cb-c032-0f81fc39d1db,41a311d7-b970-4e78-a30e-a633fc4e5f2f,323a69fe-46d3-4b0d-b2ea-a768741e7f3e,2026-07-01,move_in,Staying
00000000-0000-0000-0000-000000000001,5dda0b14-713b-46d0-a6ce-a7a33a2fb6f9,2fc42a4f-fe5a-ae08-0e4e-2c89ca71db85,3f71f5af-8bd3-fe23-4d09-0210257ad798,2d700a6b-44c4-438b-841f-febe1b2c47a7,481d5ba9-f2ad-47b5-85a8-606cab8e96c1,2026-07-01,move_out,Exited
00000000-0000-0000-0000-000000000001,5dda0b14-713b-46d0-a6ce-a7a33a2fb6f9,dd96a329-ec95-e96a-1348-69d976f39cd4,f64ad55d-d5e9-6b9e-9676-efeb66d20201,1a3b6c74-26e1-7124-0b5c-7f783d71624d,74d85a8c-cf99-492c-8656-d7bb8666ae7c,2026-07-01,move_in,Staying
00000000-0000-0000-0000-000000000001,5dda0b14-713b-46d0-a6ce-a7a33a2fb6f9,188aee4d-68e0-1ddb-38e6-a946bc75072d,3589b2fd-d842-834a-2660-e15f13fd0de4,1b1e4294-4ed3-42e4-b820-7c443e8ddfcf,d92acb4f-8c3f-48ac-8e6b-e7e693fef3d9,2026-07-01,move_in,Exited
00000000-0000-0000-0000-000000000001,5dda0b14-713b-46d0-a6ce-a7a33a2fb6f9,bc7f358d-0d6d-f95f-ff80-9089eefdef69,b943869b-b18f-a89f-0396-b63afbee28e9,71a9340d-9832-4609-a110-d9b5aaffc020,70452c2a-f59d-452c-8eae-71979521ff54,2026-07-01,move_out,Exited
00000000-0000-0000-0000-000000000001,5dda0b14-713b-46d0-a6ce-a7a33a2fb6f9,79853a4a-cb02-508c-e041-7e23378aec9c,b3011caa-4f84-1357-f007-ee364043173f,01af6f97-6cb1-4799-9476-493b8af42437,65441d96-c57b-4b05-b65b-a7ff2a0b9127,2026-07-01,move_in,Staying
00000000-0000-0000-0000-000000000001,5dda0b14-713b-46d0-a6ce-a7a33a2fb6f9,b0875d50-a469-821b-57c3-03ac62809198,acc99892-cb35-8aaf-7d74-61bb7125b1bf,30f37c32-22c8-495f-9468-246790e56559,f45d9f5f-f04f-4a35-88cd-5579e5341445,2026-07-01,move_in,Staying
00000000-0000-0000-0000-000000000001,5dda0b14-713b-46d0-a6ce-a7a33a2fb6f9,b0875d50-a469-821b-57c3-03ac62809198,26ce09f1-599b-0d8d-aa06-c08db6a2dcde,d4890451-59e6-45f4-a75f-b2199aa5a3a7,dad1b29f-8aff-47de-904a-221021ab7353,2026-07-01,move_in,Staying
00000000-0000-0000-0000-000000000001,5dda0b14-713b-46d0-a6ce-a7a33a2fb6f9,b0875d50-a469-821b-57c3-03ac62809198,0584f4bb-c204-0301-4599-fc18ed551828,e5e7cb26-5b8b-4848-9703-1c34eb249447,8d250b74-9006-4464-882e-2e37894580aa,2026-07-01,move_in,Cancelled
00000000-0000-0000-0000-000000000001,5dda0b14-713b-46d0-a6ce-a7a33a2fb6f9,bde00681-ebfc-ef38-4f6e-4906a012de6b,7fd152e9-2f00-0fc6-c8ed-83b426803a4d,2d700a6b-44c4-438b-841f-febe1b2c47a7,32d53862-5d4f-46ee-a5d3-3372c75389c1,2026-07-01,move_in,Staying
00000000-0000-0000-0000-000000000001,5dda0b14-713b-46d0-a6ce-a7a33a2fb6f9,ffbd5fe0-d9b3-cb55-cfd7-2d72a3498109,717b9b58-969a-8452-088a-972edaf5da24,1a3b6c74-26e1-7124-0b5c-7f783d71624d,3aaba622-f423-48be-b5c5-5516fd1498a3,2026-07-01,move_out,Exited
00000000-0000-0000-0000-000000000001,5dda0b14-713b-46d0-a6ce-a7a33a2fb6f9,b0875d50-a469-821b-57c3-03ac62809198,016f303d-6271-385d-c540-0595095bab14,d2de48e8-0097-4d6d-8e3d-62ee7c8f2fcd,c27e2530-59cb-4fcf-9950-ddbc7703f3ee,2026-07-01,move_in,Staying
00000000-0000-0000-0000-000000000001,5dda0b14-713b-46d0-a6ce-a7a33a2fb6f9,b0875d50-a469-821b-57c3-03ac62809198,016f303d-6271-385d-c540-0595095bab14,2bd67002-1f8f-faff-efc5-5063dbedf10f,fe2ad17f-410e-481b-ab4d-af0e65a40934,2026-06-30,move_out,Exited
00000000-0000-0000-0000-000000000001,5dda0b14-713b-46d0-a6ce-a7a33a2fb6f9,10c6863d-07c3-4fc4-94f9-6adc29157ce1,51597632-5648-1987-017c-c65e2ad300f8,d6399dd9-db95-454d-8705-856132cdb66b,d6b9850d-fe17-4c67-b36f-05e0bc58188b,2026-06-30,move_out,Exited
00000000-0000-0000-0000-000000000001,5dda0b14-713b-46d0-a6ce-a7a33a2fb6f9,79853a4a-cb02-508c-e041-7e23378aec9c,b3011caa-4f84-1357-f007-ee364043173f,af8d560f-407a-4e9b-49e9-88f54d8671f4,56e6630d-239f-4544-99e4-87ae533ed05a,2026-06-30,move_out,Exited
00000000-0000-0000-0000-000000000001,5dda0b14-713b-46d0-a6ce-a7a33a2fb6f9,1b4d1066-8fe4-199b-7b3b-39e4bded9714,0c9684aa-8ff5-082e-bdcd-2f3ddeefce53,f38ac232-fe6f-44f8-955c-18c46b4db738,435014fe-a688-4ee7-970a-881f9e941376,2026-06-30,move_out,Exited
00000000-0000-0000-0000-000000000001,5dda0b14-713b-46d0-a6ce-a7a33a2fb6f9,b0875d50-a469-821b-57c3-03ac62809198,0584f4bb-c204-0301-4599-fc18ed551828,bb91db20-f031-af83-8e52-9b613ace7567,47e496e6-1ae7-4640-bcfd-9bdb5ecb1d89,2026-06-30,move_out,Exited
00000000-0000-0000-0000-000000000001,5dda0b14-713b-46d0-a6ce-a7a33a2fb6f9,9d5d0096-0b78-a663-1142-be871dfa2bda,b67440c5-1089-ccdb-bb31-3211a4ee4d0e,389859df-460c-4966-a71d-eb7bbebae67b,28f1c8a3-249a-4338-a9c2-c9f51b3b5e20,2026-06-30,move_out,Exited
00000000-0000-0000-0000-000000000001,5dda0b14-713b-46d0-a6ce-a7a33a2fb6f9,9d5d0096-0b78-a663-1142-be871dfa2bda,235bd597-22a1-f0f2-0d40-a0a2f59f41fd,6770176e-5bc2-4e8a-aeaf-6a7249e266d6,0a2c28ae-9266-47bd-8c14-aa39f370e0fa,2026-06-30,move_out,Exited
00000000-0000-0000-0000-000000000001,5dda0b14-713b-46d0-a6ce-a7a33a2fb6f9,990e8a3e-a69c-7b31-f606-3eeb21e3d4c6,7aa135ce-55b9-8787-a51c-fa6c42aad3b2,4e39608a-6f55-4cc0-ac26-00c939421464,af516c5e-d805-42d6-b74d-de67dc41d376,2026-06-30,move_out,Exited
00000000-0000-0000-0000-000000000001,5dda0b14-713b-46d0-a6ce-a7a33a2fb6f9,dd96a329-ec95-e96a-1348-69d976f39cd4,f64ad55d-d5e9-6b9e-9676-efeb66d20201,e99afa10-6249-3f5b-4364-da75f89e34f9,0299869f-22a5-4429-95e8-27424b5d4291,2026-06-30,move_out,Exited
00000000-0000-0000-0000-000000000001,5dda0b14-713b-46d0-a6ce-a7a33a2fb6f9,bde00681-ebfc-ef38-4f6e-4906a012de6b,7fd152e9-2f00-0fc6-c8ed-83b426803a4d,53416e34-aaed-471f-937d-0fea74c444b8,4423cb72-755e-42c0-8b73-0855bef4f660,2026-06-30,move_out,Exited
00000000-0000-0000-0000-000000000001,5dda0b14-713b-46d0-a6ce-a7a33a2fb6f9,b0875d50-a469-821b-57c3-03ac62809198,acc99892-cb35-8aaf-7d74-61bb7125b1bf,fc8a412e-e0d4-35e1-37fa-5f798b7dc7f4,ed381183-4ca6-4302-84bc-e1e05958ed09,2026-06-30,move_out,Exited
00000000-0000-0000-0000-000000000001,5dda0b14-713b-46d0-a6ce-a7a33a2fb6f9,b0875d50-a469-821b-57c3-03ac62809198,ac589718-81c1-c7cb-c032-0f81fc39d1db,6542b72b-196a-4538-a690-2db7cc212936,ad2138de-e1c7-4dff-92d0-7f9ade15e56a,2026-06-30,move_out,Exited
00000000-0000-0000-0000-000000000001,5dda0b14-713b-46d0-a6ce-a7a33a2fb6f9,86ad1ceb-8d81-a926-d998-3a2f1cafba06,aa6faaa7-b2dc-3312-7b5d-91d48f1f2711,5eb9cf08-d888-4c7c-b6da-0b773bb39bba,4eff7b9c-84b9-48f9-b546-e0556106f1e8,2026-06-29,move_in,Staying
00000000-0000-0000-0000-000000000001,5dda0b14-713b-46d0-a6ce-a7a33a2fb6f9,aa73cade-c28c-dc5b-5980-55801ea0d415,e240e3e5-c69e-eb28-28a3-e88cb6561735,2c05db07-e980-4d52-a524-1b1ee5185554,3359585a-5168-44d0-8c31-fe926dcaa27e,2026-06-28,move_out,Exited
00000000-0000-0000-0000-000000000001,5dda0b14-713b-46d0-a6ce-a7a33a2fb6f9,ffbd5fe0-d9b3-cb55-cfd7-2d72a3498109,d896c15c-52be-8a4e-6bcf-b598f12b31af,1604768e-85d5-4c44-882a-b748eddc1f37,17bf7a07-4e73-4ce5-8aa7-b66cd8363946,2026-06-28,move_in,Staying
00000000-0000-0000-0000-000000000001,5dda0b14-713b-46d0-a6ce-a7a33a2fb6f9,ffbd5fe0-d9b3-cb55-cfd7-2d72a3498109,9e254d9d-fe84-3236-eca3-7adff58dafa1,2a00764b-10fd-4f2c-84a8-b611cf9b893a,bd43bb0e-75cc-46d3-9bb3-0970271f685b,2026-06-28,move_in,Staying
00000000-0000-0000-0000-000000000001,5dda0b14-713b-46d0-a6ce-a7a33a2fb6f9,79853a4a-cb02-508c-e041-7e23378aec9c,db22043a-4435-6d25-c2e9-01dd93cc79a4,398396b1-f339-683b-4307-b3441615b82a,298ae27c-7f05-4e4a-b957-6a68d2287c2d,2026-06-26,move_out,Exited
00000000-0000-0000-0000-000000000001,5dda0b14-713b-46d0-a6ce-a7a33a2fb6f9,bc7f358d-0d6d-f95f-ff80-9089eefdef69,b943869b-b18f-a89f-0396-b63afbee28e9,3d18aa61-88d3-4390-b5d3-db4cb2e31e11,9d8d4a1e-75b6-41fa-9add-21e6b87958b7,2026-06-23,move_out,Exited
00000000-0000-0000-0000-000000000001,5dda0b14-713b-46d0-a6ce-a7a33a2fb6f9,bde00681-ebfc-ef38-4f6e-4906a012de6b,1d409b50-0f02-94aa-63c7-737e000c8120,06061874-ce68-4008-82f6-50ace2ba4bf4,f0913317-e6dc-4581-b4bc-db324957bb05,2026-06-20,move_in,Staying
00000000-0000-0000-0000-000000000001,5dda0b14-713b-46d0-a6ce-a7a33a2fb6f9,2fc42a4f-fe5a-ae08-0e4e-2c89ca71db85,3f71f5af-8bd3-fe23-4d09-0210257ad798,2d700a6b-44c4-438b-841f-febe1b2c47a7,481d5ba9-f2ad-47b5-85a8-606cab8e96c1,2026-06-20,move_in,Exited
00000000-0000-0000-0000-000000000001,5dda0b14-713b-46d0-a6ce-a7a33a2fb6f9,10c6863d-07c3-4fc4-94f9-6adc29157ce1,32dfa2d6-dbf8-4dd2-90a0-e664e838b0ac,00ff5468-3680-2a12-23e4-82855ab3c697,4b303935-cf4d-4555-a274-6c5947063ef3,2026-06-19,move_out,Exited
00000000-0000-0000-0000-000000000001,5dda0b14-713b-46d0-a6ce-a7a33a2fb6f9,bde00681-ebfc-ef38-4f6e-4906a012de6b,1d409b50-0f02-94aa-63c7-737e000c8120,a7798da2-f8ee-1840-a1f3-f29a9e764b97,9ffe9701-32ac-461a-b5a1-8bb653d34a4b,2026-06-15,move_out,Exited
00000000-0000-0000-0000-000000000001,5dda0b14-713b-46d0-a6ce-a7a33a2fb6f9,ffbd5fe0-d9b3-cb55-cfd7-2d72a3498109,9e254d9d-fe84-3236-eca3-7adff58dafa1,104a66bf-0d87-2acc-ec03-a73d1c1cfd53,4285ffb5-00b5-43ed-8956-07fcaeccb965,2026-06-14,move_out,Exited
00000000-0000-0000-0000-000000000001,5dda0b14-713b-46d0-a6ce-a7a33a2fb6f9,bc7f358d-0d6d-f95f-ff80-9089eefdef69,9570bcbc-dd00-294f-7a17-6204b4b0a29b,696a4512-7d08-4e23-a774-91ee1afc42d1,5a78509d-339f-4045-a024-d2fe14b0f8b6,2026-06-13,move_in,Exited
00000000-0000-0000-0000-000000000001,5dda0b14-713b-46d0-a6ce-a7a33a2fb6f9,79853a4a-cb02-508c-e041-7e23378aec9c,e0a547db-d8f2-1e21-a742-6f7c135bd802,e0174322-3fb7-483f-91a0-61b903ae3e49,e8538798-34a4-4d14-b1a1-7bf0f633ccee,2026-06-13,move_in,Staying
00000000-0000-0000-0000-000000000001,5dda0b14-713b-46d0-a6ce-a7a33a2fb6f9,188aee4d-68e0-1ddb-38e6-a946bc75072d,3589b2fd-d842-834a-2660-e15f13fd0de4,d6d6b302-4f36-4d0b-8751-2dceccd295bd,0da14d53-61b8-4b58-b20e-46f13ee71f42,2026-06-13,move_out,Exited
00000000-0000-0000-0000-000000000001,5dda0b14-713b-46d0-a6ce-a7a33a2fb6f9,ffbd5fe0-d9b3-cb55-cfd7-2d72a3498109,d896c15c-52be-8a4e-6bcf-b598f12b31af,7e2a1e58-e10a-4352-ca15-59fd22f2c07e,0f7ffc2e-0a2e-4aff-92cd-c4f4478f694e,2026-06-11,move_out,Exited
00000000-0000-0000-0000-000000000001,5dda0b14-713b-46d0-a6ce-a7a33a2fb6f9,9d5d0096-0b78-a663-1142-be871dfa2bda,235bd597-22a1-f0f2-0d40-a0a2f59f41fd,6770176e-5bc2-4e8a-aeaf-6a7249e266d6,0a2c28ae-9266-47bd-8c14-aa39f370e0fa,2026-06-10,move_in,Exited
00000000-0000-0000-0000-000000000001,5dda0b14-713b-46d0-a6ce-a7a33a2fb6f9,79853a4a-cb02-508c-e041-7e23378aec9c,e0a547db-d8f2-1e21-a742-6f7c135bd802,c0791d4c-9325-bf1b-30af-7af648c26338,c55284ff-f120-4606-8d96-29c8ec1ce454,2026-06-10,move_out,Exited
00000000-0000-0000-0000-000000000001,5dda0b14-713b-46d0-a6ce-a7a33a2fb6f9,2fc42a4f-fe5a-ae08-0e4e-2c89ca71db85,f874f74a-642d-0943-eaae-4c54a18982cf,284ce00f-b05a-4366-9117-bf73f7449a76,1b31b0cd-0f96-4d1a-bd73-aa703f095a42,2026-06-10,move_in,Exited
00000000-0000-0000-0000-000000000001,5dda0b14-713b-46d0-a6ce-a7a33a2fb6f9,bc7f358d-0d6d-f95f-ff80-9089eefdef69,b943869b-b18f-a89f-0396-b63afbee28e9,3d18aa61-88d3-4390-b5d3-db4cb2e31e11,9d8d4a1e-75b6-41fa-9add-21e6b87958b7,2026-06-09,move_in,Exited
00000000-0000-0000-0000-000000000001,5dda0b14-713b-46d0-a6ce-a7a33a2fb6f9,dc4adc21-f501-0573-2e9a-d7bbbc89e5d6,f75d07e9-5c50-45b0-86bc-61a93dbb4d17,6ea3368b-00ab-4626-a86f-7fcacb3e167e,1672411f-ec0d-440b-adc0-b378df2949c3,2026-06-09,move_in,Exited
00000000-0000-0000-0000-000000000001,5dda0b14-713b-46d0-a6ce-a7a33a2fb6f9,d2298bb8-a5e5-735a-c8ca-9b18c7daacd6,3e28154d-1bfe-92b4-2fff-f295a9f54738,07734943-434c-4c8b-b1fa-49d7c4e8a7fe,d08cab43-6304-4be3-8531-9f4066c2c461,2026-06-08,move_in,Staying
00000000-0000-0000-0000-000000000001,5dda0b14-713b-46d0-a6ce-a7a33a2fb6f9,dc4adc21-f501-0573-2e9a-d7bbbc89e5d6,f75d07e9-5c50-45b0-86bc-61a93dbb4d17,10f3edc6-4b03-b82d-8df1-09ddaf031c0c,d0b11ad6-7841-48cf-82cb-55e373063fac,2026-06-08,move_out,Exited
00000000-0000-0000-0000-000000000001,5dda0b14-713b-46d0-a6ce-a7a33a2fb6f9,2fc42a4f-fe5a-ae08-0e4e-2c89ca71db85,f874f74a-642d-0943-eaae-4c54a18982cf,ec54c666-5b64-42fd-9eb8-880606816c1e,d6556653-907a-4dcc-bb18-bb238302159a,2026-06-08,move_in,Cancelled
00000000-0000-0000-0000-000000000001,5dda0b14-713b-46d0-a6ce-a7a33a2fb6f9,79853a4a-cb02-508c-e041-7e23378aec9c,db22043a-4435-6d25-c2e9-01dd93cc79a4,f70ae790-e17b-aca8-a21a-82ddd895450b,53e90bf9-8b82-4fc9-ac46-406163bf802d,2026-06-07,move_in,Exited
00000000-0000-0000-0000-000000000001,5dda0b14-713b-46d0-a6ce-a7a33a2fb6f9,dd96a329-ec95-e96a-1348-69d976f39cd4,5dd54516-df42-d086-0eef-3495660d438f,6d60a9d5-34ce-4336-9c23-231057dffa71,6658b5f8-6798-48ed-9e21-3fe4df3c32c4,2026-06-06,move_in,Staying
00000000-0000-0000-0000-000000000001,5dda0b14-713b-46d0-a6ce-a7a33a2fb6f9,86ad1ceb-8d81-a926-d998-3a2f1cafba06,aa6faaa7-b2dc-3312-7b5d-91d48f1f2711,8e125a87-1a3e-4b52-855b-635c06bafd87,d2cd92f7-dd23-41a8-a665-1d8e656732e6,2026-06-05,move_out,Exited
00000000-0000-0000-0000-000000000001,5dda0b14-713b-46d0-a6ce-a7a33a2fb6f9,9d5d0096-0b78-a663-1142-be871dfa2bda,235bd597-22a1-f0f2-0d40-a0a2f59f41fd,1422ace8-beea-6d1b-73fd-1d30597b40d5,cc479b4c-9ff2-4d88-8eff-9314403f6113,2026-06-04,move_out,Exited
00000000-0000-0000-0000-000000000001,5dda0b14-713b-46d0-a6ce-a7a33a2fb6f9,2fc42a4f-fe5a-ae08-0e4e-2c89ca71db85,f874f74a-642d-0943-eaae-4c54a18982cf,8b018cc7-2387-99c8-5b29-d1ab1f7b635e,c3c93524-0724-471b-8fcc-298a8380c185,2026-06-04,move_out,Exited
00000000-0000-0000-0000-000000000001,5dda0b14-713b-46d0-a6ce-a7a33a2fb6f9,dc4adc21-f501-0573-2e9a-d7bbbc89e5d6,55651f47-6f7b-13b3-1e26-3ca9b9e5e72d,062b56c4-c469-4ef7-b4e6-9615dd770ec9,3a99b199-56c3-415c-bebd-c2d8b28f0972,2026-06-03,move_in,Staying
00000000-0000-0000-0000-000000000001,5dda0b14-713b-46d0-a6ce-a7a33a2fb6f9,0a839c14-2a88-9896-c2f2-8d51fe610405,2225fe89-e491-892a-6af9-3161efe26613,1bc75090-ac1a-44a6-bb22-f211aca7c760,9a5c2a4d-3f8a-401f-b8aa-d0410e196176,2026-06-01,move_in,On-Notice
00000000-0000-0000-0000-000000000001,5dda0b14-713b-46d0-a6ce-a7a33a2fb6f9,2fc42a4f-fe5a-ae08-0e4e-2c89ca71db85,3f71f5af-8bd3-fe23-4d09-0210257ad798,e85daa48-7686-4c0f-afdb-f0bba0670510,b8f099e9-1d89-4458-8631-26b486eea890,2026-06-01,move_in,Cancelled
00000000-0000-0000-0000-000000000001,5dda0b14-713b-46d0-a6ce-a7a33a2fb6f9,fb5cedd6-2992-1c62-7fba-4a7a6b43b2ff,9803c12a-e08e-d213-5575-c44623241381,080eae03-9f65-4515-aec2-8924472923dd,deef0c83-4c8c-46e7-bbae-139905f81a3c,2026-06-01,move_in,Exited
00000000-0000-0000-0000-000000000001,5dda0b14-713b-46d0-a6ce-a7a33a2fb6f9,dd96a329-ec95-e96a-1348-69d976f39cd4,5dd54516-df42-d086-0eef-3495660d438f,080eae03-9f65-4515-aec2-8924472923dd,6b62e693-85c9-473d-a3a5-e0329b7dba62,2026-06-01,move_out,Exited
00000000-0000-0000-0000-000000000001,5dda0b14-713b-46d0-a6ce-a7a33a2fb6f9,fb5cedd6-2992-1c62-7fba-4a7a6b43b2ff,9803c12a-e08e-d213-5575-c44623241381,d178a884-0bd1-601d-4cd1-042bac71c6db,f775eabb-5fcf-4725-8ffa-808159d48485,2026-06-01,move_out,Exited
00000000-0000-0000-0000-000000000001,5dda0b14-713b-46d0-a6ce-a7a33a2fb6f9,10c6863d-07c3-4fc4-94f9-6adc29157ce1,51597632-5648-1987-017c-c65e2ad300f8,d6399dd9-db95-454d-8705-856132cdb66b,d6b9850d-fe17-4c67-b36f-05e0bc58188b,2026-06-01,move_in,Exited
00000000-0000-0000-0000-000000000001,5dda0b14-713b-46d0-a6ce-a7a33a2fb6f9,233cca0e-efcf-e631-d2fc-9997a6ba5706,0b49669f-6579-fa2c-a871-13f7c9f46ae6,11e59c65-004e-4eea-a733-d3a6a7c65fb1,44b14c26-5b84-4a81-912c-9b0e2c7b5ab2,2026-06-01,move_in,Staying
00000000-0000-0000-0000-000000000001,5dda0b14-713b-46d0-a6ce-a7a33a2fb6f9,990e8a3e-a69c-7b31-f606-3eeb21e3d4c6,7aa135ce-55b9-8787-a51c-fa6c42aad3b2,4e39608a-6f55-4cc0-ac26-00c939421464,af516c5e-d805-42d6-b74d-de67dc41d376,2026-05-31,move_in,Exited
00000000-0000-0000-0000-000000000001,5dda0b14-713b-46d0-a6ce-a7a33a2fb6f9,85292340-826d-52c1-65c7-7f2a9eb2c2c4,4692433b-f9b8-9bdd-a2ff-4cd11d36de58,f7b7f5b3-6e63-4ae3-8a79-515d431392fa,56b0ee82-1177-443e-8a50-b939786d1aad,2026-05-31,move_out,Exited
00000000-0000-0000-0000-000000000001,5dda0b14-713b-46d0-a6ce-a7a33a2fb6f9,85292340-826d-52c1-65c7-7f2a9eb2c2c4,8e25f001-fe3b-3a8e-0754-b8a08d432526,6b4a40d5-2eff-4bcc-9de7-8882d77546c0,f312b2ae-7f10-492c-9287-54120aec2b40,2026-05-30,move_out,Exited
00000000-0000-0000-0000-000000000001,5dda0b14-713b-46d0-a6ce-a7a33a2fb6f9,dd96a329-ec95-e96a-1348-69d976f39cd4,058f4fd0-7a5d-544c-9587-0c2f9de4528f,1218c50c-4da4-4f61-baec-5182a25958e3,2acd9f1d-5e5c-475b-b951-24e908d2fd9a,2026-05-30,move_in,Staying
00000000-0000-0000-0000-000000000001,5dda0b14-713b-46d0-a6ce-a7a33a2fb6f9,dd96a329-ec95-e96a-1348-69d976f39cd4,5dd54516-df42-d086-0eef-3495660d438f,080eae03-9f65-4515-aec2-8924472923dd,6b62e693-85c9-473d-a3a5-e0329b7dba62,2026-05-29,move_in,Exited
00000000-0000-0000-0000-000000000001,5dda0b14-713b-46d0-a6ce-a7a33a2fb6f9,233cca0e-efcf-e631-d2fc-9997a6ba5706,0b49669f-6579-fa2c-a871-13f7c9f46ae6,251051cf-e3b5-5d37-918f-bf22b4875790,05a7138b-3291-401c-b2bf-28981d85d111,2026-05-29,move_out,Exited
00000000-0000-0000-0000-000000000001,5dda0b14-713b-46d0-a6ce-a7a33a2fb6f9,1b4d1066-8fe4-199b-7b3b-39e4bded9714,18323ac7-06c3-e126-fb43-8a9b6cbb53ba,19214e19-efc4-4eea-8118-944c998e3ab6,6d956c8b-fb4b-472a-86dc-1822f77d09b6,2026-05-27,move_in,Exited
00000000-0000-0000-0000-000000000001,5dda0b14-713b-46d0-a6ce-a7a33a2fb6f9,1b4d1066-8fe4-199b-7b3b-39e4bded9714,18323ac7-06c3-e126-fb43-8a9b6cbb53ba,e093abe2-fae5-a599-2ee8-ce612d47e63e,1dcbdc90-610b-4530-a9cb-a032f49707e3,2026-05-27,move_out,Exited
00000000-0000-0000-0000-000000000001,5dda0b14-713b-46d0-a6ce-a7a33a2fb6f9,fb5cedd6-2992-1c62-7fba-4a7a6b43b2ff,f9e98282-6ed1-2655-561b-5122ac7d94a1,8971261e-a813-477f-94c0-0a9661dc4c34,4f2cdcfa-282c-461d-84f8-aefe0567d4f0,2026-05-26,move_in,Exited
00000000-0000-0000-0000-000000000001,5dda0b14-713b-46d0-a6ce-a7a33a2fb6f9,49ed1c8e-3653-c89b-ec74-16d8e20bb923,f1cc5c44-ebb5-5f81-9dac-9887fb5bb58e,edee54e5-b970-ea10-551f-b156c26d8f0a,ddc84784-c683-4996-b4e4-d17137b9a82d,2026-05-25,move_in,Exited
00000000-0000-0000-0000-000000000001,5dda0b14-713b-46d0-a6ce-a7a33a2fb6f9,85292340-826d-52c1-65c7-7f2a9eb2c2c4,07cdb453-b699-f209-d609-434a47fca737,706ec709-36e3-4de0-a55a-522efd0b3957,8872ba1f-ebbe-4b26-b0c9-a5b330c229f7,2026-05-25,move_in,Exited
00000000-0000-0000-0000-000000000001,5dda0b14-713b-46d0-a6ce-a7a33a2fb6f9,85292340-826d-52c1-65c7-7f2a9eb2c2c4,4692433b-f9b8-9bdd-a2ff-4cd11d36de58,a267e3ee-ef69-4d54-8414-357c81b2eb3c,4eb2b3b6-d5de-4190-81ab-e563885218a3,2026-05-24,move_in,Exited
00000000-0000-0000-0000-000000000001,5dda0b14-713b-46d0-a6ce-a7a33a2fb6f9,85292340-826d-52c1-65c7-7f2a9eb2c2c4,8e25f001-fe3b-3a8e-0754-b8a08d432526,de481a65-2fb4-4974-b7db-0ec990ea852d,fea05c11-59c1-4026-b397-4565e58eca15,2026-05-24,move_in,Exited
00000000-0000-0000-0000-000000000001,5dda0b14-713b-46d0-a6ce-a7a33a2fb6f9,10c6863d-07c3-4fc4-94f9-6adc29157ce1,51597632-5648-1987-017c-c65e2ad300f8,a267e3ee-ef69-4d54-8414-357c81b2eb3c,20a89758-648a-468f-afde-36d66ffa0044,2026-05-24,move_in,Exited
00000000-0000-0000-0000-000000000001,5dda0b14-713b-46d0-a6ce-a7a33a2fb6f9,bc7f358d-0d6d-f95f-ff80-9089eefdef69,90eedc35-b872-5505-a86d-2824a91e518c,b6263381-5732-4544-952b-edde50fdfc28,7013f2db-d34c-4c31-b3eb-91d6dda154ff,2026-05-24,move_in,Exited
00000000-0000-0000-0000-000000000001,5dda0b14-713b-46d0-a6ce-a7a33a2fb6f9,85292340-826d-52c1-65c7-7f2a9eb2c2c4,07cdb453-b699-f209-d609-434a47fca737,d6268133-5904-3e9a-6956-9493d2f78a1d,0dbd34ff-df20-4e27-a2ad-bcd09666d64a,2026-05-24,move_out,Exited
00000000-0000-0000-0000-000000000001,5dda0b14-713b-46d0-a6ce-a7a33a2fb6f9,2fc42a4f-fe5a-ae08-0e4e-2c89ca71db85,3f71f5af-8bd3-fe23-4d09-0210257ad798,de481a65-2fb4-4974-b7db-0ec990ea852d,dfbde8b3-e621-44a0-905c-e17f85d8c21e,2026-05-24,move_in,Exited
00000000-0000-0000-0000-000000000001,5dda0b14-713b-46d0-a6ce-a7a33a2fb6f9,b0875d50-a469-821b-57c3-03ac62809198,26ce09f1-599b-0d8d-aa06-c08db6a2dcde,41aa512e-b3d6-49bc-9caa-eec244ee63d8,15426bd8-7a9b-4489-a292-8977c3f995bd,2026-05-24,move_out,Exited
00000000-0000-0000-0000-000000000001,5dda0b14-713b-46d0-a6ce-a7a33a2fb6f9,dd96a329-ec95-e96a-1348-69d976f39cd4,d2ad3fde-45b8-0cd9-8e17-31257bcd567e,8996897f-e383-4fca-87f9-654e1b14b3c2,31c9b57f-ed29-48c0-8c4e-e04fee5d8436,2026-05-23,move_in,Staying
00000000-0000-0000-0000-000000000001,5dda0b14-713b-46d0-a6ce-a7a33a2fb6f9,990e8a3e-a69c-7b31-f606-3eeb21e3d4c6,7aa135ce-55b9-8787-a51c-fa6c42aad3b2,79d4d3fe-73c5-a965-030f-c60220ee20cb,ed99994f-80a9-48cc-afab-45db09c246e1,2026-05-23,move_out,Exited
00000000-0000-0000-0000-000000000001,5dda0b14-713b-46d0-a6ce-a7a33a2fb6f9,03edc7c5-4c46-b55e-523d-9fb7be29910b,42541fce-4dd2-805a-5d01-5aa7e5db8726,f91c2854-a88b-4630-b2a6-c48401e4dd14,5d25f43a-c0a9-4111-b201-e334553b2899,2026-05-23,move_in,Exited
00000000-0000-0000-0000-000000000001,5dda0b14-713b-46d0-a6ce-a7a33a2fb6f9,5d204545-2f72-b89b-3190-a826b5ab6512,a607e4b0-3364-b1fb-774e-01d67c4fcdf1,79d4d3fe-73c5-a965-030f-c60220ee20cb,e1603fed-7593-4717-b5a0-f63c1e03483e,2026-05-23,move_in,Staying
00000000-0000-0000-0000-000000000001,5dda0b14-713b-46d0-a6ce-a7a33a2fb6f9,dd96a329-ec95-e96a-1348-69d976f39cd4,5dd54516-df42-d086-0eef-3495660d438f,6162731a-4a9c-e887-e586-1ea574985777,f2f4757e-a36f-4615-8d08-78e18eccf3b7,2026-05-23,move_out,Exited
00000000-0000-0000-0000-000000000001,5dda0b14-713b-46d0-a6ce-a7a33a2fb6f9,d2298bb8-a5e5-735a-c8ca-9b18c7daacd6,3e28154d-1bfe-92b4-2fff-f295a9f54738,982397b8-b96b-4d87-eb8b-62916e148d45,e053e915-af46-443c-ae72-9afc7fde4294,2026-05-23,move_out,Exited
00000000-0000-0000-0000-000000000001,5dda0b14-713b-46d0-a6ce-a7a33a2fb6f9,fb5cedd6-2992-1c62-7fba-4a7a6b43b2ff,f9e98282-6ed1-2655-561b-5122ac7d94a1,227f376b-633a-5615-5670-c29559d0a08b,b98f8c1f-f2b7-4f45-a583-7bb76e52c466,2026-05-19,move_out,Exited
00000000-0000-0000-0000-000000000001,5dda0b14-713b-46d0-a6ce-a7a33a2fb6f9,49ed1c8e-3653-c89b-ec74-16d8e20bb923,f1cc5c44-ebb5-5f81-9dac-9887fb5bb58e,9defe9e8-4059-ba6b-5abd-0d1304e73008,f56bff0c-85b6-4ece-9597-a0712f4e6908,2026-05-18,move_out,Exited
00000000-0000-0000-0000-000000000001,5dda0b14-713b-46d0-a6ce-a7a33a2fb6f9,9d5d0096-0b78-a663-1142-be871dfa2bda,5964e174-4d85-43f8-388d-3f66a1ecbd0e,55e6e452-fae2-a5ac-3c12-21424bffbcac,052eaacd-614f-4cac-8bee-618b1549c36d,2026-05-18,move_in,Exited
00000000-0000-0000-0000-000000000001,5dda0b14-713b-46d0-a6ce-a7a33a2fb6f9,bc7f358d-0d6d-f95f-ff80-9089eefdef69,90eedc35-b872-5505-a86d-2824a91e518c,8709ca2e-a8a6-48a4-b8ce-e813c4796ab9,4c47b9e1-78f5-473f-99e9-31c4da4f0f0d,2026-05-17,move_out,Exited
00000000-0000-0000-0000-000000000001,5dda0b14-713b-46d0-a6ce-a7a33a2fb6f9,c17c5093-48b7-139f-ebfc-1cd33ef5179c,4afa5689-5806-e349-ab1d-a4358f44e1d6,8709ca2e-a8a6-48a4-b8ce-e813c4796ab9,a6efc369-3910-43e4-b870-b5daf647ecd8,2026-05-17,move_in,Staying
00000000-0000-0000-0000-000000000001,5dda0b14-713b-46d0-a6ce-a7a33a2fb6f9,9d5d0096-0b78-a663-1142-be871dfa2bda,41f5e6bc-d64a-b8a7-f9d4-2826bba3d899,94927866-7ca0-4311-b799-972822792cb8,8cd3ef09-94c7-4773-b3fb-823d2cf16c19,2026-05-16,move_in,Exited
00000000-0000-0000-0000-000000000001,5dda0b14-713b-46d0-a6ce-a7a33a2fb6f9,5d204545-2f72-b89b-3190-a826b5ab6512,a607e4b0-3364-b1fb-774e-01d67c4fcdf1,389859df-460c-4966-a71d-eb7bbebae67b,1fa23c51-df27-441b-b6f9-749824d586dc,2026-05-16,move_out,Exited
00000000-0000-0000-0000-000000000001,5dda0b14-713b-46d0-a6ce-a7a33a2fb6f9,9d5d0096-0b78-a663-1142-be871dfa2bda,b67440c5-1089-ccdb-bb31-3211a4ee4d0e,389859df-460c-4966-a71d-eb7bbebae67b,28f1c8a3-249a-4338-a9c2-c9f51b3b5e20,2026-05-16,move_in,Exited
00000000-0000-0000-0000-000000000001,5dda0b14-713b-46d0-a6ce-a7a33a2fb6f9,03edc7c5-4c46-b55e-523d-9fb7be29910b,42541fce-4dd2-805a-5d01-5aa7e5db8726,083cff9b-ad02-40b0-93b8-969ab0460ee6,727d0a1e-834c-434a-aed5-028042d5a102,2026-05-15,move_in,Cancelled
00000000-0000-0000-0000-000000000001,5dda0b14-713b-46d0-a6ce-a7a33a2fb6f9,03edc7c5-4c46-b55e-523d-9fb7be29910b,42541fce-4dd2-805a-5d01-5aa7e5db8726,024cbfa9-4c24-ccad-9d51-c10966293351,2a75ba7a-e5ca-4409-ae0f-8efe8993c4ea,2026-05-15,move_out,Exited
00000000-0000-0000-0000-000000000001,5dda0b14-713b-46d0-a6ce-a7a33a2fb6f9,0a839c14-2a88-9896-c2f2-8d51fe610405,2225fe89-e491-892a-6af9-3161efe26613,6f622055-47c5-9b2c-b332-2d5d01953e51,020b9ca6-f237-414a-a692-e254856c4cef,2026-05-14,move_out,Exited
00000000-0000-0000-0000-000000000001,5dda0b14-713b-46d0-a6ce-a7a33a2fb6f9,9d5d0096-0b78-a663-1142-be871dfa2bda,41f5e6bc-d64a-b8a7-f9d4-2826bba3d899,d69476f4-ff97-e238-b732-85cc4b70703d,6194596e-7834-47cd-88c4-b13082ada4ee,2026-05-13,move_out,Exited
00000000-0000-0000-0000-000000000001,5dda0b14-713b-46d0-a6ce-a7a33a2fb6f9,9d5d0096-0b78-a663-1142-be871dfa2bda,b67440c5-1089-ccdb-bb31-3211a4ee4d0e,55e779dc-a32b-2acb-173b-7de67750927a,5dac2237-5cf3-47ca-a63e-d32f16420f6f,2026-05-13,move_out,Exited
00000000-0000-0000-0000-000000000001,5dda0b14-713b-46d0-a6ce-a7a33a2fb6f9,dd96a329-ec95-e96a-1348-69d976f39cd4,058f4fd0-7a5d-544c-9587-0c2f9de4528f,3b48ac67-d1fa-b227-f284-5da0a25e5ac0,a6ebee32-e984-46da-929f-4e1c0d37ccef,2026-05-12,move_out,Exited
00000000-0000-0000-0000-000000000001,5dda0b14-713b-46d0-a6ce-a7a33a2fb6f9,5d204545-2f72-b89b-3190-a826b5ab6512,a607e4b0-3364-b1fb-774e-01d67c4fcdf1,389859df-460c-4966-a71d-eb7bbebae67b,1fa23c51-df27-441b-b6f9-749824d586dc,2026-05-11,move_in,Exited
00000000-0000-0000-0000-000000000001,5dda0b14-713b-46d0-a6ce-a7a33a2fb6f9,188aee4d-68e0-1ddb-38e6-a946bc75072d,3e81e085-89a3-9615-e293-bf826bf9b08f,44bf5771-a669-438c-a190-88aab999cfae,aabe391a-b8fc-4f8b-9b7c-414468bc4d54,2026-05-06,move_in,Exited
00000000-0000-0000-0000-000000000001,5dda0b14-713b-46d0-a6ce-a7a33a2fb6f9,aa73cade-c28c-dc5b-5980-55801ea0d415,50d7a816-da06-6897-ffe0-cb694a257dec,cebf32f4-3855-47cb-849b-815d2a2b5228,8df6ff2e-27cf-4867-be3a-4049c58f1258,2026-05-06,move_in,Cancelled
00000000-0000-0000-0000-000000000001,5dda0b14-713b-46d0-a6ce-a7a33a2fb6f9,5d204545-2f72-b89b-3190-a826b5ab6512,f21233ef-4976-14c5-b37d-3c30b4a3a97a,2ba81159-3fd3-401a-b806-4cf09e7dce86,369460df-c1aa-43c8-87c0-ff659499481c,2026-05-06,move_in,Cancelled
00000000-0000-0000-0000-000000000001,5dda0b14-713b-46d0-a6ce-a7a33a2fb6f9,5d204545-2f72-b89b-3190-a826b5ab6512,f21233ef-4976-14c5-b37d-3c30b4a3a97a,2ba81159-3fd3-401a-b806-4cf09e7dce86,c6035e5d-f32d-44de-a23b-055e75dcfa6b,2026-05-06,move_in,Staying
00000000-0000-0000-0000-000000000001,5dda0b14-713b-46d0-a6ce-a7a33a2fb6f9,03edc7c5-4c46-b55e-523d-9fb7be29910b,69a06a67-b0da-0493-6495-0620f46df91c,1261d726-9481-43dd-bac5-f1b158c8ab32,e6357f5c-05c6-4829-9508-d39b4be473cf,2026-05-05,move_in,Exited
00000000-0000-0000-0000-000000000001,5dda0b14-713b-46d0-a6ce-a7a33a2fb6f9,bc7f358d-0d6d-f95f-ff80-9089eefdef69,9570bcbc-dd00-294f-7a17-6204b4b0a29b,ba90613b-fe14-4fa4-d646-199878d3f058,9c29f798-675e-422a-b4fa-e91d17f84eb4,2026-05-05,move_out,Exited
00000000-0000-0000-0000-000000000001,5dda0b14-713b-46d0-a6ce-a7a33a2fb6f9,2fc42a4f-fe5a-ae08-0e4e-2c89ca71db85,3f71f5af-8bd3-fe23-4d09-0210257ad798,f8723af2-2adb-2870-b160-e1ad562524be,a710a504-eed4-465a-8668-bc3fbe646e62,2026-05-04,move_out,Exited
00000000-0000-0000-0000-000000000001,5dda0b14-713b-46d0-a6ce-a7a33a2fb6f9,fad74a92-8e64-787e-38c3-8ebdb9db6511,808fbd05-1708-47c3-a3ed-acb300c719aa,257579ca-bef0-99b8-f916-e518891ffdab,66d111c1-cc43-45d5-a2c0-be03b4449aeb,2026-05-04,move_in,Staying
00000000-0000-0000-0000-000000000001,5dda0b14-713b-46d0-a6ce-a7a33a2fb6f9,aa73cade-c28c-dc5b-5980-55801ea0d415,e240e3e5-c69e-eb28-28a3-e88cb6561735,2c05db07-e980-4d52-a524-1b1ee5185554,3359585a-5168-44d0-8c31-fe926dcaa27e,2026-05-03,move_in,Exited
00000000-0000-0000-0000-000000000001,5dda0b14-713b-46d0-a6ce-a7a33a2fb6f9,dd96a329-ec95-e96a-1348-69d976f39cd4,43a9bdbb-3395-d921-f3e4-2c43057aa600,9c88cc60-ea13-4dd1-9930-ca14ff0c6aa0,da786425-8bf1-4da0-b417-6371476a7bfe,2026-05-03,move_in,Exited
00000000-0000-0000-0000-000000000001,5dda0b14-713b-46d0-a6ce-a7a33a2fb6f9,dd96a329-ec95-e96a-1348-69d976f39cd4,b1a13405-1168-9d4a-5a76-9c4953645b2a,cb2574c2-6caf-4598-82dc-12b9569a6451,c5047a0f-6374-4758-87f4-9afa4ef861b8,2026-05-03,move_in,Exited
00000000-0000-0000-0000-000000000001,5dda0b14-713b-46d0-a6ce-a7a33a2fb6f9,85292340-826d-52c1-65c7-7f2a9eb2c2c4,4c38ecbe-c637-8a04-6f67-ffbccbd96317,d8c4b3c5-9b2a-4c6e-b1e8-0a98c9175234,bcffd7fb-53a0-457f-9d14-6d9ef2bbf48b,2026-05-03,move_in,Staying
00000000-0000-0000-0000-000000000001,5dda0b14-713b-46d0-a6ce-a7a33a2fb6f9,86ad1ceb-8d81-a926-d998-3a2f1cafba06,e7028e9f-6d8f-c1b2-9104-a6c79b6f1c44,25ef6338-6197-45a8-82d9-ddd0a846f1b2,7e0d9e6f-f4ea-425d-9869-e4649eabffab,2026-05-02,move_in,Staying
00000000-0000-0000-0000-000000000001,5dda0b14-713b-46d0-a6ce-a7a33a2fb6f9,aa73cade-c28c-dc5b-5980-55801ea0d415,50d7a816-da06-6897-ffe0-cb694a257dec,cebf32f4-3855-47cb-849b-815d2a2b5228,2b92c273-4b4e-466c-9430-ff2378db6372,2026-05-02,move_out,Exited
00000000-0000-0000-0000-000000000001,5dda0b14-713b-46d0-a6ce-a7a33a2fb6f9,aa73cade-c28c-dc5b-5980-55801ea0d415,e240e3e5-c69e-eb28-28a3-e88cb6561735,84c2199c-67b0-4d65-bf33-31f2a6ad244f,0ff1b2b8-e451-49cd-a49e-a90da9e8bb9b,2026-05-02,move_out,Exited
00000000-0000-0000-0000-000000000001,5dda0b14-713b-46d0-a6ce-a7a33a2fb6f9,aa73cade-c28c-dc5b-5980-55801ea0d415,50d7a816-da06-6897-ffe0-cb694a257dec,f295149c-bcb1-4d48-93ce-d2ea593d29c3,fb6ca425-9e5f-4f51-811c-c180458d07ca,2026-05-02,move_in,Exited
00000000-0000-0000-0000-000000000001,5dda0b14-713b-46d0-a6ce-a7a33a2fb6f9,188aee4d-68e0-1ddb-38e6-a946bc75072d,3e81e085-89a3-9615-e293-bf826bf9b08f,15ff5934-5a4f-43fb-8bf6-4d798bd6a28b,9af60a9e-6b26-4092-a74d-63db07835fca,2026-05-01,move_out,Exited
00000000-0000-0000-0000-000000000001,5dda0b14-713b-46d0-a6ce-a7a33a2fb6f9,1b4d1066-8fe4-199b-7b3b-39e4bded9714,5b329584-dbb7-69f7-f834-ca10e997588e,9e188cc2-9f75-4d15-8fa3-9348236cae71,30bf7a47-8033-40e6-9b42-8c799808df57,2026-05-01,move_in,Staying
00000000-0000-0000-0000-000000000001,5dda0b14-713b-46d0-a6ce-a7a33a2fb6f9,bc7f358d-0d6d-f95f-ff80-9089eefdef69,90eedc35-b872-5505-a86d-2824a91e518c,8709ca2e-a8a6-48a4-b8ce-e813c4796ab9,4c47b9e1-78f5-473f-99e9-31c4da4f0f0d,2026-05-01,move_in,Exited
00000000-0000-0000-0000-000000000001,5dda0b14-713b-46d0-a6ce-a7a33a2fb6f9,bc7f358d-0d6d-f95f-ff80-9089eefdef69,d0de95a5-b467-4d9d-9751-65ffd5a68dff,a467df39-5ec5-465e-a471-e2b54be7bc71,b158eb96-519d-492e-9c1c-6a34701ba7e6,2026-05-01,move_in,Staying
00000000-0000-0000-0000-000000000001,5dda0b14-713b-46d0-a6ce-a7a33a2fb6f9,1b4d1066-8fe4-199b-7b3b-39e4bded9714,0c9684aa-8ff5-082e-bdcd-2f3ddeefce53,f38ac232-fe6f-44f8-955c-18c46b4db738,435014fe-a688-4ee7-970a-881f9e941376,2026-05-01,move_in,Exited
00000000-0000-0000-0000-000000000001,5dda0b14-713b-46d0-a6ce-a7a33a2fb6f9,2fc42a4f-fe5a-ae08-0e4e-2c89ca71db85,3f71f5af-8bd3-fe23-4d09-0210257ad798,de481a65-2fb4-4974-b7db-0ec990ea852d,dfbde8b3-e621-44a0-905c-e17f85d8c21e,2026-05-01,move_out,Exited
00000000-0000-0000-0000-000000000001,5dda0b14-713b-46d0-a6ce-a7a33a2fb6f9,10c6863d-07c3-4fc4-94f9-6adc29157ce1,51597632-5648-1987-017c-c65e2ad300f8,a267e3ee-ef69-4d54-8414-357c81b2eb3c,20a89758-648a-468f-afde-36d66ffa0044,2026-05-01,move_out,Exited
00000000-0000-0000-0000-000000000001,5dda0b14-713b-46d0-a6ce-a7a33a2fb6f9,bde00681-ebfc-ef38-4f6e-4906a012de6b,7fd152e9-2f00-0fc6-c8ed-83b426803a4d,53416e34-aaed-471f-937d-0fea74c444b8,4423cb72-755e-42c0-8b73-0855bef4f660,2026-05-01,move_in,Exited
00000000-0000-0000-0000-000000000001,5dda0b14-713b-46d0-a6ce-a7a33a2fb6f9,bc7f358d-0d6d-f95f-ff80-9089eefdef69,a53594cb-07e9-75eb-d239-771b29f1bdab,c49181cd-07c5-4c6a-a996-4146d002c886,d01b8836-44a2-4310-a6f9-2f87d399cc4a,2026-05-01,move_in,Staying
00000000-0000-0000-0000-000000000001,5dda0b14-713b-46d0-a6ce-a7a33a2fb6f9,417c9738-a0f7-5a00-1091-37a9fd083dd6,5810da0c-60c8-5ffd-72cc-d74b1f3425e9,d091c57d-1101-60f2-e6e8-e86eab6c6fe4,a69a2802-98f7-47de-b82d-e16d657cae9c,2026-05-01,move_out,Exited
00000000-0000-0000-0000-000000000001,5dda0b14-713b-46d0-a6ce-a7a33a2fb6f9,1b4d1066-8fe4-199b-7b3b-39e4bded9714,5b329584-dbb7-69f7-f834-ca10e997588e,e2ee0891-8bc9-980a-ba57-b0a11ba15019,b98116fe-247d-44f2-b608-5bb481b84f9a,2026-04-30,move_out,Exited
00000000-0000-0000-0000-000000000001,5dda0b14-713b-46d0-a6ce-a7a33a2fb6f9,1b4d1066-8fe4-199b-7b3b-39e4bded9714,0c9684aa-8ff5-082e-bdcd-2f3ddeefce53,51403227-2816-46f5-cdc7-feaa35b7c061,879a2c88-0d40-4f5c-8c97-44596d6d79b6,2026-04-30,move_out,Exited
00000000-0000-0000-0000-000000000001,5dda0b14-713b-46d0-a6ce-a7a33a2fb6f9,417c9738-a0f7-5a00-1091-37a9fd083dd6,5810da0c-60c8-5ffd-72cc-d74b1f3425e9,791c16c3-5afa-4081-a47c-53439979e5b3,3e77d5cd-7102-4a50-a5a1-f77aced5ebb8,2026-04-28,move_in,Exited
00000000-0000-0000-0000-000000000001,5dda0b14-713b-46d0-a6ce-a7a33a2fb6f9,bde00681-ebfc-ef38-4f6e-4906a012de6b,7fd152e9-2f00-0fc6-c8ed-83b426803a4d,1f48149b-910c-401b-9638-49f13af032f1,21ace771-57b7-46ab-8de4-24ee76957f12,2026-04-28,move_in,Exited
00000000-0000-0000-0000-000000000001,5dda0b14-713b-46d0-a6ce-a7a33a2fb6f9,bde00681-ebfc-ef38-4f6e-4906a012de6b,7fd152e9-2f00-0fc6-c8ed-83b426803a4d,1f48149b-910c-401b-9638-49f13af032f1,21ace771-57b7-46ab-8de4-24ee76957f12,2026-04-28,move_out,Exited
00000000-0000-0000-0000-000000000001,5dda0b14-713b-46d0-a6ce-a7a33a2fb6f9,bde00681-ebfc-ef38-4f6e-4906a012de6b,7fd152e9-2f00-0fc6-c8ed-83b426803a4d,5d4122d1-48a3-607c-cb72-e1956caece73,0ab4614a-82b3-4810-b877-e696de754080,2026-04-26,move_out,Exited
00000000-0000-0000-0000-000000000001,5dda0b14-713b-46d0-a6ce-a7a33a2fb6f9,0a839c14-2a88-9896-c2f2-8d51fe610405,19becc73-ba94-4a59-e2ef-19d1d342aee3,b3002707-86e9-43d5-956d-cf108fb6a23f,0775dc45-b49a-4b77-ac42-878673bade62,2026-04-26,move_in,Staying
00000000-0000-0000-0000-000000000001,5dda0b14-713b-46d0-a6ce-a7a33a2fb6f9,77c3a6fd-4651-d880-29aa-abd19c8324df,1bb2080e-607b-e17c-487b-3fc55b233158,521635f8-15aa-4ce1-ab2f-276095cbbe1a,fafe913c-97b3-41f6-b828-d278cd6b473d,2026-04-21,move_in,Exited
00000000-0000-0000-0000-000000000001,5dda0b14-713b-46d0-a6ce-a7a33a2fb6f9,b0d4d2c8-f6ee-bc16-ffd7-fc33c8db8571,7a6a9299-de4c-2a5d-e8f7-c78170295aec,5527e05d-475b-45ed-a6f4-284340eed262,76f856ea-75bf-4a65-b822-9265eb344968,2026-04-20,move_in,Staying
00000000-0000-0000-0000-000000000001,5dda0b14-713b-46d0-a6ce-a7a33a2fb6f9,dc4adc21-f501-0573-2e9a-d7bbbc89e5d6,1d32450f-df9e-cfb4-05c2-61f3c4efc50e,c7e6aeb2-e9e9-328e-5313-6707fdea4eaa,618077c8-5dec-479f-834c-c71ced52966e,2026-04-16,move_out,Exited
00000000-0000-0000-0000-000000000001,5dda0b14-713b-46d0-a6ce-a7a33a2fb6f9,bde00681-ebfc-ef38-4f6e-4906a012de6b,83a7b624-6ba5-7e9f-53eb-acd6d0ab5bb4,8e39a9bd-3317-b2a6-22a6-16fa4cab9632,14f9659a-5710-47bd-945d-74b61d0ed70a,2026-04-16,move_in,Exited
00000000-0000-0000-0000-000000000001,5dda0b14-713b-46d0-a6ce-a7a33a2fb6f9,0a839c14-2a88-9896-c2f2-8d51fe610405,19becc73-ba94-4a59-e2ef-19d1d342aee3,6ce637bf-a5e4-da07-b2a7-e56253fe17bd,b5312907-0187-43c1-8ccd-8cf7c15fe51c,2026-04-15,move_out,Exited
00000000-0000-0000-0000-000000000001,5dda0b14-713b-46d0-a6ce-a7a33a2fb6f9,b0875d50-a469-821b-57c3-03ac62809198,26ce09f1-599b-0d8d-aa06-c08db6a2dcde,41aa512e-b3d6-49bc-9caa-eec244ee63d8,15426bd8-7a9b-4489-a292-8977c3f995bd,2026-04-15,move_in,Exited
00000000-0000-0000-0000-000000000001,5dda0b14-713b-46d0-a6ce-a7a33a2fb6f9,86ad1ceb-8d81-a926-d998-3a2f1cafba06,aa6faaa7-b2dc-3312-7b5d-91d48f1f2711,8e125a87-1a3e-4b52-855b-635c06bafd87,d2cd92f7-dd23-41a8-a665-1d8e656732e6,2026-04-14,move_in,Exited
00000000-0000-0000-0000-000000000001,5dda0b14-713b-46d0-a6ce-a7a33a2fb6f9,85292340-826d-52c1-65c7-7f2a9eb2c2c4,4692433b-f9b8-9bdd-a2ff-4cd11d36de58,f7b7f5b3-6e63-4ae3-8a79-515d431392fa,56b0ee82-1177-443e-8a50-b939786d1aad,2026-04-12,move_in,Exited
00000000-0000-0000-0000-000000000001,5dda0b14-713b-46d0-a6ce-a7a33a2fb6f9,85292340-826d-52c1-65c7-7f2a9eb2c2c4,8e25f001-fe3b-3a8e-0754-b8a08d432526,6b4a40d5-2eff-4bcc-9de7-8882d77546c0,f312b2ae-7f10-492c-9287-54120aec2b40,2026-04-12,move_in,Exited
00000000-0000-0000-0000-000000000001,5dda0b14-713b-46d0-a6ce-a7a33a2fb6f9,5d204545-2f72-b89b-3190-a826b5ab6512,f21233ef-4976-14c5-b37d-3c30b4a3a97a,5925134f-40a7-6834-930a-b8d6906bd2a4,73f27fac-554e-48b2-b97d-1d42f202ef3e,2026-04-12,move_out,Exited
00000000-0000-0000-0000-000000000001,5dda0b14-713b-46d0-a6ce-a7a33a2fb6f9,85292340-826d-52c1-65c7-7f2a9eb2c2c4,8e25f001-fe3b-3a8e-0754-b8a08d432526,3e99437f-aaa3-5ffe-27bc-cffb9898080d,84ed620a-626e-495a-895b-488a5812e183,2026-04-10,move_out,Exited
00000000-0000-0000-0000-000000000001,5dda0b14-713b-46d0-a6ce-a7a33a2fb6f9,188aee4d-68e0-1ddb-38e6-a946bc75072d,3589b2fd-d842-834a-2660-e15f13fd0de4,d6d6b302-4f36-4d0b-8751-2dceccd295bd,0da14d53-61b8-4b58-b20e-46f13ee71f42,2026-04-06,move_in,Exited
00000000-0000-0000-0000-000000000001,5dda0b14-713b-46d0-a6ce-a7a33a2fb6f9,fb5cedd6-2992-1c62-7fba-4a7a6b43b2ff,39eacd05-ff7e-5541-7fe2-feddf8854c55,51c3d3a9-bfa0-4a8e-a687-3ef46bc022cc,6b4279c2-88e5-42c6-84c1-71f20002952b,2026-04-05,move_in,Staying
00000000-0000-0000-0000-000000000001,5dda0b14-713b-46d0-a6ce-a7a33a2fb6f9,aa73cade-c28c-dc5b-5980-55801ea0d415,e240e3e5-c69e-eb28-28a3-e88cb6561735,84c2199c-67b0-4d65-bf33-31f2a6ad244f,0ff1b2b8-e451-49cd-a49e-a90da9e8bb9b,2026-04-05,move_in,Exited
00000000-0000-0000-0000-000000000001,5dda0b14-713b-46d0-a6ce-a7a33a2fb6f9,aa73cade-c28c-dc5b-5980-55801ea0d415,50d7a816-da06-6897-ffe0-cb694a257dec,cebf32f4-3855-47cb-849b-815d2a2b5228,2b92c273-4b4e-466c-9430-ff2378db6372,2026-04-05,move_in,Exited
00000000-0000-0000-0000-000000000001,5dda0b14-713b-46d0-a6ce-a7a33a2fb6f9,233cca0e-efcf-e631-d2fc-9997a6ba5706,48942e49-dfb3-3eff-732a-2842f615cb8a,f9eb9b23-5f60-4ec4-b990-8313323bb759,ed5ebbd4-719a-47b9-b71a-3f69da2e9369,2026-04-05,move_in,Staying
00000000-0000-0000-0000-000000000001,5dda0b14-713b-46d0-a6ce-a7a33a2fb6f9,49ed1c8e-3653-c89b-ec74-16d8e20bb923,15d608c9-9596-d151-b9c5-21b22647f848,1dc2bdca-ae79-4cd5-9d74-961c02cce282,53f80b16-81c6-48dc-a5b5-3ffad0099564,2026-04-05,move_in,Staying
00000000-0000-0000-0000-000000000001,5dda0b14-713b-46d0-a6ce-a7a33a2fb6f9,aa73cade-c28c-dc5b-5980-55801ea0d415,e240e3e5-c69e-eb28-28a3-e88cb6561735,e51d0052-6144-0814-9748-12b1e6c3b68a,dd53ac44-fa85-4d55-862f-21ef23300b18,2026-04-04,move_out,Exited
00000000-0000-0000-0000-000000000001,5dda0b14-713b-46d0-a6ce-a7a33a2fb6f9,aa73cade-c28c-dc5b-5980-55801ea0d415,50d7a816-da06-6897-ffe0-cb694a257dec,b285539d-6e4c-f6f5-ee68-2dc683541067,8199be90-a807-4cdf-9133-819a6efc1905,2026-04-04,move_out,Exited
00000000-0000-0000-0000-000000000001,5dda0b14-713b-46d0-a6ce-a7a33a2fb6f9,b0d4d2c8-f6ee-bc16-ffd7-fc33c8db8571,7a6a9299-de4c-2a5d-e8f7-c78170295aec,4cf13b7d-67b4-87af-6795-b532998a9b0d,924c2996-22b9-4f75-a760-a40afe04263f,2026-04-04,move_out,Exited
00000000-0000-0000-0000-000000000001,5dda0b14-713b-46d0-a6ce-a7a33a2fb6f9,188aee4d-68e0-1ddb-38e6-a946bc75072d,3e81e085-89a3-9615-e293-bf826bf9b08f,15ff5934-5a4f-43fb-8bf6-4d798bd6a28b,9af60a9e-6b26-4092-a74d-63db07835fca,2026-04-04,move_in,Exited
00000000-0000-0000-0000-000000000001,5dda0b14-713b-46d0-a6ce-a7a33a2fb6f9,a361bd0d-c2c1-2aee-6303-d65de004edd0,4878b203-a8a4-ae51-ee40-ab6717cd55b6,d2449d75-0593-4deb-a6c2-fae99fc83ab0,6d852880-001e-41ee-b447-e94c58384795,2026-04-01,move_in,Exited
00000000-0000-0000-0000-000000000001,5dda0b14-713b-46d0-a6ce-a7a33a2fb6f9,bc7f358d-0d6d-f95f-ff80-9089eefdef69,90eedc35-b872-5505-a86d-2824a91e518c,8709ca2e-a8a6-48a4-b8ce-e813c4796ab9,dd05d372-ad4b-436e-bb5a-19f80425364b,2026-04-01,move_in,Cancelled
00000000-0000-0000-0000-000000000001,5dda0b14-713b-46d0-a6ce-a7a33a2fb6f9,188aee4d-68e0-1ddb-38e6-a946bc75072d,3e81e085-89a3-9615-e293-bf826bf9b08f,ea7863ad-a459-79f5-e28d-4311e51922c1,b73b9bc5-69d7-459f-84dc-2612341f024a,2026-03-31,move_out,Exited
00000000-0000-0000-0000-000000000001,5dda0b14-713b-46d0-a6ce-a7a33a2fb6f9,188aee4d-68e0-1ddb-38e6-a946bc75072d,3589b2fd-d842-834a-2660-e15f13fd0de4,94a44555-23ae-3135-5416-01dc72f3397c,bd4e74fa-afbd-42f9-bf0e-26b018e644af,2026-03-31,move_out,Exited
00000000-0000-0000-0000-000000000001,5dda0b14-713b-46d0-a6ce-a7a33a2fb6f9,85292340-826d-52c1-65c7-7f2a9eb2c2c4,4692433b-f9b8-9bdd-a2ff-4cd11d36de58,128bd731-e1fe-63b6-3451-759840d80453,681226d9-4d33-4f2a-909f-4d0a9fcbf8f8,2026-03-31,move_out,Exited
00000000-0000-0000-0000-000000000001,5dda0b14-713b-46d0-a6ce-a7a33a2fb6f9,c17c5093-48b7-139f-ebfc-1cd33ef5179c,4afa5689-5806-e349-ab1d-a4358f44e1d6,74c6b975-b0ab-c8b3-8acd-2cf53597a72b,ea40fdca-3e27-466c-910c-99fef52b75d6,2026-03-31,move_out,Exited
00000000-0000-0000-0000-000000000001,5dda0b14-713b-46d0-a6ce-a7a33a2fb6f9,bde00681-ebfc-ef38-4f6e-4906a012de6b,83a7b624-6ba5-7e9f-53eb-acd6d0ab5bb4,5fa2b264-379d-b6b2-9929-86237eb38f30,a3dc9118-c86d-4044-9933-2e34438e1e68,2026-03-31,move_out,Exited
00000000-0000-0000-0000-000000000001,5dda0b14-713b-46d0-a6ce-a7a33a2fb6f9,bc7f358d-0d6d-f95f-ff80-9089eefdef69,a53594cb-07e9-75eb-d239-771b29f1bdab,6ce85c3e-5f40-4297-8c38-22ac7432420e,43dd8c38-f19b-4e75-a934-ec4c973686b9,2026-03-30,move_out,Exited
00000000-0000-0000-0000-000000000001,5dda0b14-713b-46d0-a6ce-a7a33a2fb6f9,fb5cedd6-2992-1c62-7fba-4a7a6b43b2ff,9803c12a-e08e-d213-5575-c44623241381,d178a884-0bd1-601d-4cd1-042bac71c6db,f775eabb-5fcf-4725-8ffa-808159d48485,2026-03-29,move_in,Exited
00000000-0000-0000-0000-000000000001,5dda0b14-713b-46d0-a6ce-a7a33a2fb6f9,b0d4d2c8-f6ee-bc16-ffd7-fc33c8db8571,caf1f559-25d7-959b-c416-cb63f4ded6cc,d751c131-c1c9-4f5c-88f8-7e4c6cb710b3,452510c9-42bd-481f-b8df-4cfcdf59bb2f,2026-03-26,move_in,Staying
00000000-0000-0000-0000-000000000001,5dda0b14-713b-46d0-a6ce-a7a33a2fb6f9,233cca0e-efcf-e631-d2fc-9997a6ba5706,48942e49-dfb3-3eff-732a-2842f615cb8a,4bdca5eb-f197-a87d-d26a-c63a9b3298a1,344e766d-803d-41b0-9ead-19b02ad20786,2026-03-22,move_out,Exited
00000000-0000-0000-0000-000000000001,5dda0b14-713b-46d0-a6ce-a7a33a2fb6f9,85292340-826d-52c1-65c7-7f2a9eb2c2c4,4692433b-f9b8-9bdd-a2ff-4cd11d36de58,128bd731-e1fe-63b6-3451-759840d80453,681226d9-4d33-4f2a-909f-4d0a9fcbf8f8,2026-03-16,move_in,Exited
00000000-0000-0000-0000-000000000001,5dda0b14-713b-46d0-a6ce-a7a33a2fb6f9,10c6863d-07c3-4fc4-94f9-6adc29157ce1,84952c96-2043-cf2d-46cc-061e64428c28,b2f85d5d-acf9-7c53-dc5b-0d3b67b462c5,ca99fa52-1a9f-4d9c-809e-b7b9c30d2129,2026-03-13,move_in,Staying
00000000-0000-0000-0000-000000000001,5dda0b14-713b-46d0-a6ce-a7a33a2fb6f9,0a839c14-2a88-9896-c2f2-8d51fe610405,1f70e1f3-db99-3d9f-94a0-610b383d5702,a6037691-771e-8146-3714-f9dedb8acbcc,9b2b3fe5-0f02-4525-a84a-61d6418d0fa4,2026-03-12,move_in,Staying
00000000-0000-0000-0000-000000000001,5dda0b14-713b-46d0-a6ce-a7a33a2fb6f9,10c6863d-07c3-4fc4-94f9-6adc29157ce1,84952c96-2043-cf2d-46cc-061e64428c28,5115834b-41f7-ba99-845c-e46780a8c7da,9ae6a01c-a37b-4aed-858c-91ea566d38ab,2026-03-09,move_out,Exited
00000000-0000-0000-0000-000000000001,5dda0b14-713b-46d0-a6ce-a7a33a2fb6f9,dc4adc21-f501-0573-2e9a-d7bbbc89e5d6,1d32450f-df9e-cfb4-05c2-61f3c4efc50e,c7e6aeb2-e9e9-328e-5313-6707fdea4eaa,618077c8-5dec-479f-834c-c71ced52966e,2026-03-09,move_in,Exited
00000000-0000-0000-0000-000000000001,5dda0b14-713b-46d0-a6ce-a7a33a2fb6f9,990e8a3e-a69c-7b31-f606-3eeb21e3d4c6,28adcae8-d3f2-7d01-473b-45f62020cdc0,a4ef95bf-1c7c-4c4d-0497-ae38085af6cc,22638b59-a59b-46e7-86b9-34c7ea2d2847,2026-03-06,move_in,Staying
00000000-0000-0000-0000-000000000001,5dda0b14-713b-46d0-a6ce-a7a33a2fb6f9,0a839c14-2a88-9896-c2f2-8d51fe610405,1f70e1f3-db99-3d9f-94a0-610b383d5702,a4fda539-b878-9e2f-4784-30335f386517,88123924-7cf3-4c60-b7ea-b90a9b780b9c,2026-03-05,move_out,Exited
00000000-0000-0000-0000-000000000001,5dda0b14-713b-46d0-a6ce-a7a33a2fb6f9,79853a4a-cb02-508c-e041-7e23378aec9c,db22043a-4435-6d25-c2e9-01dd93cc79a4,398396b1-f339-683b-4307-b3441615b82a,298ae27c-7f05-4e4a-b957-6a68d2287c2d,2026-03-05,move_in,Exited
00000000-0000-0000-0000-000000000001,5dda0b14-713b-46d0-a6ce-a7a33a2fb6f9,bde00681-ebfc-ef38-4f6e-4906a012de6b,83a7b624-6ba5-7e9f-53eb-acd6d0ab5bb4,5fa2b264-379d-b6b2-9929-86237eb38f30,a3dc9118-c86d-4044-9933-2e34438e1e68,2026-03-02,move_in,Exited
00000000-0000-0000-0000-000000000001,5dda0b14-713b-46d0-a6ce-a7a33a2fb6f9,79853a4a-cb02-508c-e041-7e23378aec9c,e0a547db-d8f2-1e21-a742-6f7c135bd802,fd1d6483-722f-9ff9-67bd-a98f7e3f42af,43eec801-0423-458f-8e6c-dcadff5fcaf2,2026-03-02,move_out,Exited
00000000-0000-0000-0000-000000000001,5dda0b14-713b-46d0-a6ce-a7a33a2fb6f9,211a2b33-4e94-3da1-7d97-406bc26036f5,80d61428-003e-b59b-42e8-dc7d098d6aca,8334eb99-0bc0-3c80-9ff8-83bea3d7b5ef,cae46a0c-8545-4ee9-ae5e-3f94bfa02442,2026-03-01,move_in,Staying
00000000-0000-0000-0000-000000000001,5dda0b14-713b-46d0-a6ce-a7a33a2fb6f9,1b4d1066-8fe4-199b-7b3b-39e4bded9714,e490e3a6-9e5c-a6b8-a156-bfb492b8b0a4,f16a668c-ea8a-b26d-9dff-4da3c53fccc7,1b2b14f1-f84a-404b-8ef1-fec032dd447f,2026-03-01,move_in,Exited
00000000-0000-0000-0000-000000000001,5dda0b14-713b-46d0-a6ce-a7a33a2fb6f9,990e8a3e-a69c-7b31-f606-3eeb21e3d4c6,28adcae8-d3f2-7d01-473b-45f62020cdc0,9b3925f8-4a9e-4735-7dbc-bf5a8dfff4d6,4c3b1aca-4db5-4dbe-94c8-4acaa07739cc,2026-02-28,move_out,Exited
00000000-0000-0000-0000-000000000001,5dda0b14-713b-46d0-a6ce-a7a33a2fb6f9,1b4d1066-8fe4-199b-7b3b-39e4bded9714,0c9684aa-8ff5-082e-bdcd-2f3ddeefce53,51403227-2816-46f5-cdc7-feaa35b7c061,879a2c88-0d40-4f5c-8c97-44596d6d79b6,2026-02-28,move_in,Exited
00000000-0000-0000-0000-000000000001,5dda0b14-713b-46d0-a6ce-a7a33a2fb6f9,1b4d1066-8fe4-199b-7b3b-39e4bded9714,5b329584-dbb7-69f7-f834-ca10e997588e,e2ee0891-8bc9-980a-ba57-b0a11ba15019,b98116fe-247d-44f2-b608-5bb481b84f9a,2026-02-28,move_in,Exited
00000000-0000-0000-0000-000000000001,5dda0b14-713b-46d0-a6ce-a7a33a2fb6f9,86ad1ceb-8d81-a926-d998-3a2f1cafba06,e7028e9f-6d8f-c1b2-9104-a6c79b6f1c44,53c9ff97-f078-6148-923e-9d1a21b9bb60,91ac3395-115d-464c-b811-f5b619028011,2026-02-28,move_out,Exited
00000000-0000-0000-0000-000000000001,5dda0b14-713b-46d0-a6ce-a7a33a2fb6f9,b0d4d2c8-f6ee-bc16-ffd7-fc33c8db8571,caf1f559-25d7-959b-c416-cb63f4ded6cc,71afee6b-f2ab-0218-c8a3-84b8ca8ed21f,4911da55-b10d-4ff0-811b-eeddb6a48ef5,2026-02-28,move_out,Exited
00000000-0000-0000-0000-000000000001,5dda0b14-713b-46d0-a6ce-a7a33a2fb6f9,bc7f358d-0d6d-f95f-ff80-9089eefdef69,90eedc35-b872-5505-a86d-2824a91e518c,e54f192a-b17b-11b9-0448-1cf4ecbe5f43,11120e44-bcb9-461d-aec6-d77ac6d1ecac,2026-02-27,move_out,Cancelled
00000000-0000-0000-0000-000000000001,5dda0b14-713b-46d0-a6ce-a7a33a2fb6f9,bc7f358d-0d6d-f95f-ff80-9089eefdef69,90eedc35-b872-5505-a86d-2824a91e518c,e54f192a-b17b-11b9-0448-1cf4ecbe5f43,52af2eb2-0f97-484b-aa94-fae6a75d64ab,2026-02-27,move_out,Exited
00000000-0000-0000-0000-000000000001,5dda0b14-713b-46d0-a6ce-a7a33a2fb6f9,bde00681-ebfc-ef38-4f6e-4906a012de6b,83a7b624-6ba5-7e9f-53eb-acd6d0ab5bb4,f6c5c3d2-ceda-6c7f-aa96-359c7dc9ee92,43ba38ca-08a9-4fda-9c38-448a30f1cbe9,2026-02-27,move_out,Exited
00000000-0000-0000-0000-000000000001,5dda0b14-713b-46d0-a6ce-a7a33a2fb6f9,79853a4a-cb02-508c-e041-7e23378aec9c,e0a547db-d8f2-1e21-a742-6f7c135bd802,c0791d4c-9325-bf1b-30af-7af648c26338,c55284ff-f120-4606-8d96-29c8ec1ce454,2026-02-26,move_in,Exited
00000000-0000-0000-0000-000000000001,5dda0b14-713b-46d0-a6ce-a7a33a2fb6f9,211a2b33-4e94-3da1-7d97-406bc26036f5,de80c560-5aa1-225e-9921-7b9695802cc3,f59fa4ad-6dca-c7e7-d459-5326609a6412,22fa5986-8a5e-46e5-8860-bcd0d2050e7e,2026-02-22,move_in,Staying
00000000-0000-0000-0000-000000000001,5dda0b14-713b-46d0-a6ce-a7a33a2fb6f9,9d5d0096-0b78-a663-1142-be871dfa2bda,41f5e6bc-d64a-b8a7-f9d4-2826bba3d899,b111e4dd-be1d-2c79-3945-480547761b5f,1e0bb8aa-b4ea-473a-90f7-c89d96df2323,2026-02-19,move_out,Exited
00000000-0000-0000-0000-000000000001,5dda0b14-713b-46d0-a6ce-a7a33a2fb6f9,10c6863d-07c3-4fc4-94f9-6adc29157ce1,96eb4dcb-a6ae-3881-7690-8a119a4506bc,a80f0ed1-4b00-bbc6-7203-370029c6bb04,780dc984-9bf9-4aa8-bc3c-227a2829f184,2026-02-17,move_out,Exited
00000000-0000-0000-0000-000000000001,5dda0b14-713b-46d0-a6ce-a7a33a2fb6f9,a361bd0d-c2c1-2aee-6303-d65de004edd0,9b9feba7-c6ce-bf0e-4b62-7c7541025927,43774f3c-9ce6-fc78-7857-b8607c3e1966,db615118-b5d5-48fb-aa2b-90a5dc340c0f,2026-02-15,move_in,Staying
00000000-0000-0000-0000-000000000001,5dda0b14-713b-46d0-a6ce-a7a33a2fb6f9,417c9738-a0f7-5a00-1091-37a9fd083dd6,5810da0c-60c8-5ffd-72cc-d74b1f3425e9,d091c57d-1101-60f2-e6e8-e86eab6c6fe4,a69a2802-98f7-47de-b82d-e16d657cae9c,2026-02-15,move_in,Exited
00000000-0000-0000-0000-000000000001,5dda0b14-713b-46d0-a6ce-a7a33a2fb6f9,10c6863d-07c3-4fc4-94f9-6adc29157ce1,96eb4dcb-a6ae-3881-7690-8a119a4506bc,a7dadee2-80e3-eba0-084f-5f1847bb3aa4,a2b0ee31-8c68-4f88-82a0-a97f2818ee85,2026-02-14,move_in,Staying
00000000-0000-0000-0000-000000000001,5dda0b14-713b-46d0-a6ce-a7a33a2fb6f9,211a2b33-4e94-3da1-7d97-406bc26036f5,80d61428-003e-b59b-42e8-dc7d098d6aca,eb7de080-f310-4225-66d6-f15dc51fefcd,024b70d0-29db-40f3-a244-a9a228b5388b,2026-02-13,move_out,Exited
00000000-0000-0000-0000-000000000001,5dda0b14-713b-46d0-a6ce-a7a33a2fb6f9,c17c5093-48b7-139f-ebfc-1cd33ef5179c,d938459f-29e8-72b7-85d9-59b6df6db501,618f174c-7c45-cb54-907b-cacc78483918,19cc5bbe-1012-4cbe-bea4-9ed7f1aa163e,2026-02-12,move_in,Staying
00000000-0000-0000-0000-000000000001,5dda0b14-713b-46d0-a6ce-a7a33a2fb6f9,10c6863d-07c3-4fc4-94f9-6adc29157ce1,84952c96-2043-cf2d-46cc-061e64428c28,5115834b-41f7-ba99-845c-e46780a8c7da,9ae6a01c-a37b-4aed-858c-91ea566d38ab,2026-02-12,move_in,Exited
00000000-0000-0000-0000-000000000001,5dda0b14-713b-46d0-a6ce-a7a33a2fb6f9,9d5d0096-0b78-a663-1142-be871dfa2bda,41f5e6bc-d64a-b8a7-f9d4-2826bba3d899,d69476f4-ff97-e238-b732-85cc4b70703d,6194596e-7834-47cd-88c4-b13082ada4ee,2026-02-11,move_in,Exited
00000000-0000-0000-0000-000000000001,5dda0b14-713b-46d0-a6ce-a7a33a2fb6f9,417c9738-a0f7-5a00-1091-37a9fd083dd6,046c3e92-cd17-a1e9-aa97-733c3127f809,5115834b-41f7-ba99-845c-e46780a8c7da,aad07001-80a0-4f08-982c-ef64795d4775,2026-02-11,move_out,Exited
00000000-0000-0000-0000-000000000001,5dda0b14-713b-46d0-a6ce-a7a33a2fb6f9,9d5d0096-0b78-a663-1142-be871dfa2bda,b67440c5-1089-ccdb-bb31-3211a4ee4d0e,55e779dc-a32b-2acb-173b-7de67750927a,5dac2237-5cf3-47ca-a63e-d32f16420f6f,2026-02-11,move_in,Exited
00000000-0000-0000-0000-000000000001,5dda0b14-713b-46d0-a6ce-a7a33a2fb6f9,417c9738-a0f7-5a00-1091-37a9fd083dd6,046c3e92-cd17-a1e9-aa97-733c3127f809,5115834b-41f7-ba99-845c-e46780a8c7da,aad07001-80a0-4f08-982c-ef64795d4775,2026-02-09,move_in,Exited
00000000-0000-0000-0000-000000000001,5dda0b14-713b-46d0-a6ce-a7a33a2fb6f9,aa73cade-c28c-dc5b-5980-55801ea0d415,fc9765ca-aee5-6f71-e441-e12679f0bb12,87a1e515-e2e0-110f-05d1-04f5a83c066a,a089c1bf-e6c1-4700-b4bd-52304e5c006f,2026-02-09,move_in,Staying
00000000-0000-0000-0000-000000000001,5dda0b14-713b-46d0-a6ce-a7a33a2fb6f9,aa73cade-c28c-dc5b-5980-55801ea0d415,ee1fb02c-fb9a-533e-3afc-8a9125d2a24c,630c8120-bdbc-832c-24ca-aca9e6b49891,cdbd0a31-d685-4189-af7e-25c08d80399b,2026-02-09,move_in,Staying
00000000-0000-0000-0000-000000000001,5dda0b14-713b-46d0-a6ce-a7a33a2fb6f9,ffbd5fe0-d9b3-cb55-cfd7-2d72a3498109,d896c15c-52be-8a4e-6bcf-b598f12b31af,7e2a1e58-e10a-4352-ca15-59fd22f2c07e,0f7ffc2e-0a2e-4aff-92cd-c4f4478f694e,2026-02-08,move_in,Exited
00000000-0000-0000-0000-000000000001,5dda0b14-713b-46d0-a6ce-a7a33a2fb6f9,03edc7c5-4c46-b55e-523d-9fb7be29910b,42541fce-4dd2-805a-5d01-5aa7e5db8726,024cbfa9-4c24-ccad-9d51-c10966293351,2a75ba7a-e5ca-4409-ae0f-8efe8993c4ea,2026-02-07,move_in,Exited
00000000-0000-0000-0000-000000000001,5dda0b14-713b-46d0-a6ce-a7a33a2fb6f9,0a839c14-2a88-9896-c2f2-8d51fe610405,1f70e1f3-db99-3d9f-94a0-610b383d5702,a4fda539-b878-9e2f-4784-30335f386517,88123924-7cf3-4c60-b7ea-b90a9b780b9c,2026-02-05,move_in,Exited
00000000-0000-0000-0000-000000000001,5dda0b14-713b-46d0-a6ce-a7a33a2fb6f9,a361bd0d-c2c1-2aee-6303-d65de004edd0,9b9feba7-c6ce-bf0e-4b62-7c7541025927,0ea0c6d9-a99f-89ea-6b85-9ae409698bd3,9213b9cf-1bcf-41e7-a060-e578f718f991,2026-02-04,move_out,Exited
00000000-0000-0000-0000-000000000001,5dda0b14-713b-46d0-a6ce-a7a33a2fb6f9,9d5d0096-0b78-a663-1142-be871dfa2bda,5964e174-4d85-43f8-388d-3f66a1ecbd0e,55e6e452-fae2-a5ac-3c12-21424bffbcac,16ba7f9b-b61c-4fb6-a957-8fdf8bf58876,2026-02-02,move_out,Exited
00000000-0000-0000-0000-000000000001,5dda0b14-713b-46d0-a6ce-a7a33a2fb6f9,211a2b33-4e94-3da1-7d97-406bc26036f5,ebfa9ad2-0c93-9cd6-f85e-2d7449609b84,38305983-db92-2c3c-7949-96f7ca7833eb,f9922902-5337-46f5-bf1f-7d8982a685af,2026-02-01,move_in,Staying
00000000-0000-0000-0000-000000000001,5dda0b14-713b-46d0-a6ce-a7a33a2fb6f9,bc7f358d-0d6d-f95f-ff80-9089eefdef69,9570bcbc-dd00-294f-7a17-6204b4b0a29b,ba90613b-fe14-4fa4-d646-199878d3f058,9c29f798-675e-422a-b4fa-e91d17f84eb4,2026-02-01,move_in,Exited
00000000-0000-0000-0000-000000000001,5dda0b14-713b-46d0-a6ce-a7a33a2fb6f9,211a2b33-4e94-3da1-7d97-406bc26036f5,ebfa9ad2-0c93-9cd6-f85e-2d7449609b84,a83c1af9-decf-48ef-8576-c97d8b3ca11b,35f09de9-4fca-40ec-9b64-d79630bafd60,2026-02-01,move_out,Exited
00000000-0000-0000-0000-000000000001,5dda0b14-713b-46d0-a6ce-a7a33a2fb6f9,9d5d0096-0b78-a663-1142-be871dfa2bda,235bd597-22a1-f0f2-0d40-a0a2f59f41fd,1422ace8-beea-6d1b-73fd-1d30597b40d5,cc479b4c-9ff2-4d88-8eff-9314403f6113,2026-02-01,move_in,Exited
00000000-0000-0000-0000-000000000001,5dda0b14-713b-46d0-a6ce-a7a33a2fb6f9,c17c5093-48b7-139f-ebfc-1cd33ef5179c,d93f50a4-5a42-703f-d932-e75e0557b43a,aa88d180-8c53-dbe4-70de-ecf38130d3ce,ac2059a9-ac22-4c7c-94a1-cbc4cfbeb93d,2026-02-01,move_in,Staying
00000000-0000-0000-0000-000000000001,5dda0b14-713b-46d0-a6ce-a7a33a2fb6f9,211a2b33-4e94-3da1-7d97-406bc26036f5,03b3c0ac-91a5-8902-3ab2-fc88ff2c5566,89d188b4-94a9-2f97-e068-155ed8ec3f5e,9ddc3b2e-3ea3-44e6-b674-4cc843ee0e0d,2026-02-01,move_in,Staying
00000000-0000-0000-0000-000000000001,5dda0b14-713b-46d0-a6ce-a7a33a2fb6f9,dd96a329-ec95-e96a-1348-69d976f39cd4,421647d1-fa0d-7e8e-af7d-fa5dcd4ebe7b,2ac2da6e-0954-f906-32d7-a1f55477c590,7c23b4a5-63fa-47d1-8211-a565f6ed8ee9,2026-02-01,move_in,Staying
00000000-0000-0000-0000-000000000001,5dda0b14-713b-46d0-a6ce-a7a33a2fb6f9,dd96a329-ec95-e96a-1348-69d976f39cd4,f64ad55d-d5e9-6b9e-9676-efeb66d20201,e99afa10-6249-3f5b-4364-da75f89e34f9,0299869f-22a5-4429-95e8-27424b5d4291,2026-02-01,move_in,Exited
00000000-0000-0000-0000-000000000001,5dda0b14-713b-46d0-a6ce-a7a33a2fb6f9,fb5cedd6-2992-1c62-7fba-4a7a6b43b2ff,9803c12a-e08e-d213-5575-c44623241381,9aab8e6f-97e4-131f-c6cd-a91d11668656,c2b24d33-90f8-4d46-aca8-d99bb1f2c844,2026-01-31,move_out,Exited
00000000-0000-0000-0000-000000000001,5dda0b14-713b-46d0-a6ce-a7a33a2fb6f9,ffbd5fe0-d9b3-cb55-cfd7-2d72a3498109,d896c15c-52be-8a4e-6bcf-b598f12b31af,2ac2da6e-0954-f906-32d7-a1f55477c590,89e38df1-f4a2-4e81-9bff-b1f27d37faeb,2026-01-31,move_out,Exited
00000000-0000-0000-0000-000000000001,5dda0b14-713b-46d0-a6ce-a7a33a2fb6f9,dd96a329-ec95-e96a-1348-69d976f39cd4,421647d1-fa0d-7e8e-af7d-fa5dcd4ebe7b,367ff001-843b-4fab-01ff-1f341b84ef5f,52d2cd7a-2b95-4dce-ad9f-b5f2a7500872,2026-01-31,move_out,Exited
00000000-0000-0000-0000-000000000001,5dda0b14-713b-46d0-a6ce-a7a33a2fb6f9,a361bd0d-c2c1-2aee-6303-d65de004edd0,8aaf14fc-4fb9-d280-3018-d757243c952b,1a171004-7682-1c39-e6a2-758b668c33b0,d700c1e9-4564-4c4d-a800-2b6d68e962f7,2026-01-31,move_in,Staying
00000000-0000-0000-0000-000000000001,5dda0b14-713b-46d0-a6ce-a7a33a2fb6f9,86ad1ceb-8d81-a926-d998-3a2f1cafba06,aa6faaa7-b2dc-3312-7b5d-91d48f1f2711,e99afa10-6249-3f5b-4364-da75f89e34f9,4dd63429-058d-4acd-b326-3620e2c9624b,2026-01-31,move_out,Exited
00000000-0000-0000-0000-000000000001,5dda0b14-713b-46d0-a6ce-a7a33a2fb6f9,a361bd0d-c2c1-2aee-6303-d65de004edd0,4878b203-a8a4-ae51-ee40-ab6717cd55b6,5001bf67-3639-035a-75c2-912e5c878962,90db06be-f710-455c-91a5-b5e863bb2caf,2026-01-26,move_out,Exited
00000000-0000-0000-0000-000000000001,5dda0b14-713b-46d0-a6ce-a7a33a2fb6f9,10c6863d-07c3-4fc4-94f9-6adc29157ce1,32dfa2d6-dbf8-4dd2-90a0-e664e838b0ac,00ff5468-3680-2a12-23e4-82855ab3c697,4b303935-cf4d-4555-a274-6c5947063ef3,2026-01-26,move_in,Exited
00000000-0000-0000-0000-000000000001,5dda0b14-713b-46d0-a6ce-a7a33a2fb6f9,10c6863d-07c3-4fc4-94f9-6adc29157ce1,84952c96-2043-cf2d-46cc-061e64428c28,0ccdcf23-be43-796c-0739-a83013e52962,27061892-86db-42e5-9288-eb82923727ee,2026-01-25,move_in,Exited
00000000-0000-0000-0000-000000000001,5dda0b14-713b-46d0-a6ce-a7a33a2fb6f9,10c6863d-07c3-4fc4-94f9-6adc29157ce1,84952c96-2043-cf2d-46cc-061e64428c28,0ccdcf23-be43-796c-0739-a83013e52962,27061892-86db-42e5-9288-eb82923727ee,2026-01-25,move_out,Exited
00000000-0000-0000-0000-000000000001,5dda0b14-713b-46d0-a6ce-a7a33a2fb6f9,0a839c14-2a88-9896-c2f2-8d51fe610405,2225fe89-e491-892a-6af9-3161efe26613,6f622055-47c5-9b2c-b332-2d5d01953e51,020b9ca6-f237-414a-a692-e254856c4cef,2026-01-18,move_in,Exited
00000000-0000-0000-0000-000000000001,5dda0b14-713b-46d0-a6ce-a7a33a2fb6f9,0a839c14-2a88-9896-c2f2-8d51fe610405,25cdb264-370f-4be0-5004-6aeb735c94aa,83af11b3-a274-7404-3265-ec658f74f8cf,a592d732-fe7f-4bfa-841d-7433e477f43e,2026-01-17,move_in,Exited
00000000-0000-0000-0000-000000000001,5dda0b14-713b-46d0-a6ce-a7a33a2fb6f9,10c6863d-07c3-4fc4-94f9-6adc29157ce1,96eb4dcb-a6ae-3881-7690-8a119a4506bc,a80f0ed1-4b00-bbc6-7203-370029c6bb04,780dc984-9bf9-4aa8-bc3c-227a2829f184,2026-01-17,move_in,Exited
00000000-0000-0000-0000-000000000001,5dda0b14-713b-46d0-a6ce-a7a33a2fb6f9,82b270bf-e567-2deb-5ef3-495baafd7645,b9880845-d37b-c083-ffd7-adcaa279cb30,1fc0c3bb-f35c-8d5d-a4fa-a9c1723cd8ab,daa4363b-15ef-406b-adb8-5451eb652e2d,2026-01-17,move_in,Staying
00000000-0000-0000-0000-000000000001,5dda0b14-713b-46d0-a6ce-a7a33a2fb6f9,b0875d50-a469-821b-57c3-03ac62809198,26ce09f1-599b-0d8d-aa06-c08db6a2dcde,9714e9c1-0eab-8c23-1dd7-2071a458be87,fbdb22d0-94a8-44e6-9c98-b1d8881da9e9,2026-01-17,move_out,Exited
00000000-0000-0000-0000-000000000001,5dda0b14-713b-46d0-a6ce-a7a33a2fb6f9,0a839c14-2a88-9896-c2f2-8d51fe610405,19becc73-ba94-4a59-e2ef-19d1d342aee3,6ce637bf-a5e4-da07-b2a7-e56253fe17bd,b5312907-0187-43c1-8ccd-8cf7c15fe51c,2026-01-17,move_in,Exited
00000000-0000-0000-0000-000000000001,5dda0b14-713b-46d0-a6ce-a7a33a2fb6f9,dd96a329-ec95-e96a-1348-69d976f39cd4,f64ad55d-d5e9-6b9e-9676-efeb66d20201,5a4bd906-07d0-3c04-680d-6ee01f174660,6eda4f36-5ba8-4b93-b2de-022481039f46,2026-01-17,move_out,Exited
00000000-0000-0000-0000-000000000001,5dda0b14-713b-46d0-a6ce-a7a33a2fb6f9,0a839c14-2a88-9896-c2f2-8d51fe610405,19becc73-ba94-4a59-e2ef-19d1d342aee3,f7d24c55-ed4d-270d-81fd-fb50566001d5,443012e2-1bde-493b-9e05-e6d366b5495b,2026-01-15,move_out,Exited
00000000-0000-0000-0000-000000000001,5dda0b14-713b-46d0-a6ce-a7a33a2fb6f9,c17c5093-48b7-139f-ebfc-1cd33ef5179c,d938459f-29e8-72b7-85d9-59b6df6db501,41bc3dd8-29be-a47d-e821-5e112e52cde5,d0d2708b-039b-4380-93ca-a0076ae20eb5,2026-01-15,move_in,Exited
00000000-0000-0000-0000-000000000001,5dda0b14-713b-46d0-a6ce-a7a33a2fb6f9,c17c5093-48b7-139f-ebfc-1cd33ef5179c,d938459f-29e8-72b7-85d9-59b6df6db501,41bc3dd8-29be-a47d-e821-5e112e52cde5,d0d2708b-039b-4380-93ca-a0076ae20eb5,2026-01-15,move_out,Exited
00000000-0000-0000-0000-000000000001,5dda0b14-713b-46d0-a6ce-a7a33a2fb6f9,03edc7c5-4c46-b55e-523d-9fb7be29910b,69a06a67-b0da-0493-6495-0620f46df91c,e10472f5-6434-2a96-6c28-13939f90427f,f51128e3-e243-4a13-9c81-ebeab17cc897,2026-01-15,move_out,Exited
00000000-0000-0000-0000-000000000001,5dda0b14-713b-46d0-a6ce-a7a33a2fb6f9,77c3a6fd-4651-d880-29aa-abd19c8324df,2ac95711-7b8e-8315-eae3-c0ad2ace7ade,9541a16d-d020-eb78-80f1-a4a2d4b7775f,bf9b5cd5-13dc-4229-9b7f-2fd8541f64b3,2026-01-14,move_in,Staying
00000000-0000-0000-0000-000000000001,5dda0b14-713b-46d0-a6ce-a7a33a2fb6f9,211a2b33-4e94-3da1-7d97-406bc26036f5,03b3c0ac-91a5-8902-3ab2-fc88ff2c5566,7282a267-9160-04c3-a636-0268501bdf4e,76907e36-77a4-4a95-a8cb-02e265eb29bf,2026-01-12,move_out,Exited
00000000-0000-0000-0000-000000000001,5dda0b14-713b-46d0-a6ce-a7a33a2fb6f9,211a2b33-4e94-3da1-7d97-406bc26036f5,de80c560-5aa1-225e-9921-7b9695802cc3,79942faa-d9c8-f124-aea4-e4fad7c15535,3a12feb1-bd30-4401-9a16-c09a6e29f6df,2026-01-12,move_out,Exited
00000000-0000-0000-0000-000000000001,5dda0b14-713b-46d0-a6ce-a7a33a2fb6f9,a361bd0d-c2c1-2aee-6303-d65de004edd0,a4def813-d3a1-fa98-de2f-18ad2a9699a7,26b16f30-da65-8aa3-d1ec-4867ac2a8f35,55c869da-c670-452e-aa98-469528be9efa,2026-01-11,move_in,Exited
00000000-0000-0000-0000-000000000001,5dda0b14-713b-46d0-a6ce-a7a33a2fb6f9,ffbd5fe0-d9b3-cb55-cfd7-2d72a3498109,d896c15c-52be-8a4e-6bcf-b598f12b31af,2ac2da6e-0954-f906-32d7-a1f55477c590,89e38df1-f4a2-4e81-9bff-b1f27d37faeb,2026-01-11,move_in,Exited
00000000-0000-0000-0000-000000000001,5dda0b14-713b-46d0-a6ce-a7a33a2fb6f9,86ad1ceb-8d81-a926-d998-3a2f1cafba06,aa6faaa7-b2dc-3312-7b5d-91d48f1f2711,e99afa10-6249-3f5b-4364-da75f89e34f9,4dd63429-058d-4acd-b326-3620e2c9624b,2026-01-11,move_in,Exited
00000000-0000-0000-0000-000000000001,5dda0b14-713b-46d0-a6ce-a7a33a2fb6f9,10c6863d-07c3-4fc4-94f9-6adc29157ce1,96eb4dcb-a6ae-3881-7690-8a119a4506bc,1eb13d75-4e74-34de-0d7a-6936b746e12e,abf6275d-aab5-4614-963d-9dbe3ee0aa87,2026-01-11,move_out,Exited
00000000-0000-0000-0000-000000000001,5dda0b14-713b-46d0-a6ce-a7a33a2fb6f9,a361bd0d-c2c1-2aee-6303-d65de004edd0,ac9af09e-62c0-08f5-e71e-d14dc5f83e6d,c3c77367-5f51-f7a7-e667-0e3480f53751,1d2dab29-e24f-4dd8-adeb-4c7b2bd792e0,2026-01-11,move_in,Staying
00000000-0000-0000-0000-000000000001,5dda0b14-713b-46d0-a6ce-a7a33a2fb6f9,49ed1c8e-3653-c89b-ec74-16d8e20bb923,1171b668-e4d4-65e2-411e-0989dc9a3b6f,d497808b-36e2-ea42-d247-85b4e409078c,959010dc-2b21-4db0-bbcc-902c491be61d,2026-01-10,move_in,Staying
00000000-0000-0000-0000-000000000001,5dda0b14-713b-46d0-a6ce-a7a33a2fb6f9,4d1dd99b-b75a-70b5-406b-f5e869954002,043aa2fe-9dbb-89ff-b375-28efe0935fa5,491b8136-32a1-37c5-5253-b53ff3991d86,78f157e9-bdd7-480f-9648-2b00b519de3c,2026-01-10,move_out,Exited
00000000-0000-0000-0000-000000000001,5dda0b14-713b-46d0-a6ce-a7a33a2fb6f9,49ed1c8e-3653-c89b-ec74-16d8e20bb923,18cdbd64-ea17-6578-2f54-2b5ad8a2c7fe,d77b5c1e-605d-6795-5eee-1e2f9b83e069,ae68c045-42d5-44b9-877b-34c32d98fdbf,2026-01-10,move_in,Staying
00000000-0000-0000-0000-000000000001,5dda0b14-713b-46d0-a6ce-a7a33a2fb6f9,49ed1c8e-3653-c89b-ec74-16d8e20bb923,f1cc5c44-ebb5-5f81-9dac-9887fb5bb58e,9defe9e8-4059-ba6b-5abd-0d1304e73008,f56bff0c-85b6-4ece-9597-a0712f4e6908,2026-01-10,move_in,Exited
00000000-0000-0000-0000-000000000001,5dda0b14-713b-46d0-a6ce-a7a33a2fb6f9,77c3a6fd-4651-d880-29aa-abd19c8324df,77dab2f4-7c09-59d1-5a0a-8473cdf46d8d,491b8136-32a1-37c5-5253-b53ff3991d86,db02e562-aa09-448e-9187-bfa7c3788aca,2026-01-10,move_in,Staying
00000000-0000-0000-0000-000000000001,5dda0b14-713b-46d0-a6ce-a7a33a2fb6f9,4d1dd99b-b75a-70b5-406b-f5e869954002,c1d9a932-7c27-450f-3af9-3a818ace29ad,d77b5c1e-605d-6795-5eee-1e2f9b83e069,f6976df5-ab7b-4cb2-8ce9-e36efe843745,2026-01-09,move_out,Exited
00000000-0000-0000-0000-000000000001,5dda0b14-713b-46d0-a6ce-a7a33a2fb6f9,4d1dd99b-b75a-70b5-406b-f5e869954002,e133f456-e32c-9054-bace-f6d991cd3234,d497808b-36e2-ea42-d247-85b4e409078c,6a566076-355d-47b3-840f-1ddcb740c496,2026-01-09,move_out,Exited
00000000-0000-0000-0000-000000000001,5dda0b14-713b-46d0-a6ce-a7a33a2fb6f9,4d1dd99b-b75a-70b5-406b-f5e869954002,d0016e85-d446-afda-1e0b-51fe21f42f9a,9defe9e8-4059-ba6b-5abd-0d1304e73008,4e78638f-65ec-472b-9991-cea4565d4ea7,2026-01-09,move_out,Exited
00000000-0000-0000-0000-000000000001,5dda0b14-713b-46d0-a6ce-a7a33a2fb6f9,ffbd5fe0-d9b3-cb55-cfd7-2d72a3498109,7fe69b36-41b0-fb38-f990-b56311e3fbad,73715344-908a-b7fa-00cc-34358ffb16f0,3aabe842-7390-4208-9bde-936af6f8b658,2026-01-08,move_in,Exited
00000000-0000-0000-0000-000000000001,5dda0b14-713b-46d0-a6ce-a7a33a2fb6f9,8767525e-d22f-a295-bc29-ba104fdc589a,1de2d676-6b57-57c9-570d-27116c18b3cc,82be44de-b1d6-4e48-e6bb-33ec98b83c7d,6edb4981-c302-4992-b7a8-e24912892b61,2026-01-07,move_in,Staying
00000000-0000-0000-0000-000000000001,5dda0b14-713b-46d0-a6ce-a7a33a2fb6f9,ffbd5fe0-d9b3-cb55-cfd7-2d72a3498109,7fe69b36-41b0-fb38-f990-b56311e3fbad,e04a7b1e-bb22-2ccf-a342-9eea602847ff,d3c75e3f-ebcf-4bd2-ba3f-80eb52ac9ee6,2026-01-07,move_out,Exited
00000000-0000-0000-0000-000000000001,5dda0b14-713b-46d0-a6ce-a7a33a2fb6f9,8767525e-d22f-a295-bc29-ba104fdc589a,1de2d676-6b57-57c9-570d-27116c18b3cc,c0791d4c-9325-bf1b-30af-7af648c26338,86f462a2-856c-4214-90c9-478d801f7838,2026-01-06,move_out,Exited
00000000-0000-0000-0000-000000000001,5dda0b14-713b-46d0-a6ce-a7a33a2fb6f9,77c3a6fd-4651-d880-29aa-abd19c8324df,2564984d-d7f3-5161-99d4-3d648f77f03e,e426d68a-16d2-9097-ff7d-ae2521fb52e5,9c588654-a04c-4dad-9514-9aff226de468,2026-01-05,move_in,Exited
00000000-0000-0000-0000-000000000001,5dda0b14-713b-46d0-a6ce-a7a33a2fb6f9,188aee4d-68e0-1ddb-38e6-a946bc75072d,3e81e085-89a3-9615-e293-bf826bf9b08f,ea7863ad-a459-79f5-e28d-4311e51922c1,b73b9bc5-69d7-459f-84dc-2612341f024a,2026-01-04,move_in,Exited
00000000-0000-0000-0000-000000000001,5dda0b14-713b-46d0-a6ce-a7a33a2fb6f9,188aee4d-68e0-1ddb-38e6-a946bc75072d,3589b2fd-d842-834a-2660-e15f13fd0de4,94a44555-23ae-3135-5416-01dc72f3397c,bd4e74fa-afbd-42f9-bf0e-26b018e644af,2026-01-04,move_in,Exited
00000000-0000-0000-0000-000000000001,5dda0b14-713b-46d0-a6ce-a7a33a2fb6f9,ffbd5fe0-d9b3-cb55-cfd7-2d72a3498109,717b9b58-969a-8452-088a-972edaf5da24,1a3b6c74-26e1-7124-0b5c-7f783d71624d,3aaba622-f423-48be-b5c5-5516fd1498a3,2026-01-03,move_in,Exited
00000000-0000-0000-0000-000000000001,5dda0b14-713b-46d0-a6ce-a7a33a2fb6f9,77c3a6fd-4651-d880-29aa-abd19c8324df,2ac95711-7b8e-8315-eae3-c0ad2ace7ade,e05ca394-0bd7-4177-15e5-369f9309fe8e,daf26ce0-60d0-49e1-ab9d-f4d2f44a1f9b,2026-01-03,move_out,Exited
00000000-0000-0000-0000-000000000001,5dda0b14-713b-46d0-a6ce-a7a33a2fb6f9,77c3a6fd-4651-d880-29aa-abd19c8324df,2ac95711-7b8e-8315-eae3-c0ad2ace7ade,e05ca394-0bd7-4177-15e5-369f9309fe8e,daf26ce0-60d0-49e1-ab9d-f4d2f44a1f9b,2026-01-03,move_in,Exited
00000000-0000-0000-0000-000000000001,5dda0b14-713b-46d0-a6ce-a7a33a2fb6f9,1b4d1066-8fe4-199b-7b3b-39e4bded9714,e490e3a6-9e5c-a6b8-a156-bfb492b8b0a4,128bd731-e1fe-63b6-3451-759840d80453,e763d526-0d47-4584-ae19-809d441191dc,2026-01-01,move_out,Exited
00000000-0000-0000-0000-000000000001,5dda0b14-713b-46d0-a6ce-a7a33a2fb6f9,9d5d0096-0b78-a663-1142-be871dfa2bda,b67440c5-1089-ccdb-bb31-3211a4ee4d0e,22b72d22-cdf8-d918-1731-0c3954f2f732,c4a6e069-7bfb-4ad6-825a-a77999e62a37,2026-01-01,move_out,Exited
00000000-0000-0000-0000-000000000001,5dda0b14-713b-46d0-a6ce-a7a33a2fb6f9,9d5d0096-0b78-a663-1142-be871dfa2bda,b67440c5-1089-ccdb-bb31-3211a4ee4d0e,22b72d22-cdf8-d918-1731-0c3954f2f732,c4a6e069-7bfb-4ad6-825a-a77999e62a37,2026-01-01,move_in,Exited
00000000-0000-0000-0000-000000000001,5dda0b14-713b-46d0-a6ce-a7a33a2fb6f9,9d5d0096-0b78-a663-1142-be871dfa2bda,235bd597-22a1-f0f2-0d40-a0a2f59f41fd,b865619d-9980-0806-c5b5-97fee058322e,296f0113-6916-40f3-8fcc-cd54685de8f3,2025-12-31,move_out,Exited
00000000-0000-0000-0000-000000000001,5dda0b14-713b-46d0-a6ce-a7a33a2fb6f9,c17c5093-48b7-139f-ebfc-1cd33ef5179c,d93f50a4-5a42-703f-d932-e75e0557b43a,b26425b9-c906-379a-5637-426b43a06a27,41399a68-74d6-4f82-8fd2-c3db8290ccfc,2025-12-31,move_out,Exited
00000000-0000-0000-0000-000000000001,5dda0b14-713b-46d0-a6ce-a7a33a2fb6f9,c17c5093-48b7-139f-ebfc-1cd33ef5179c,d93f50a4-5a42-703f-d932-e75e0557b43a,b26425b9-c906-379a-5637-426b43a06a27,41399a68-74d6-4f82-8fd2-c3db8290ccfc,2025-12-31,move_in,Exited
00000000-0000-0000-0000-000000000001,5dda0b14-713b-46d0-a6ce-a7a33a2fb6f9,5d204545-2f72-b89b-3190-a826b5ab6512,f21233ef-4976-14c5-b37d-3c30b4a3a97a,6df42279-282f-e2ae-a821-304ef8c14cfe,47ff34bd-dce4-48e4-91d4-a599695e48f1,2025-12-30,move_out,Exited
00000000-0000-0000-0000-000000000001,5dda0b14-713b-46d0-a6ce-a7a33a2fb6f9,a361bd0d-c2c1-2aee-6303-d65de004edd0,4878b203-a8a4-ae51-ee40-ab6717cd55b6,5001bf67-3639-035a-75c2-912e5c878962,90db06be-f710-455c-91a5-b5e863bb2caf,2025-12-28,move_in,Exited
00000000-0000-0000-0000-000000000001,5dda0b14-713b-46d0-a6ce-a7a33a2fb6f9,bc7f358d-0d6d-f95f-ff80-9089eefdef69,b943869b-b18f-a89f-0396-b63afbee28e9,658ecc07-55bf-045e-6651-ef83f51cb80c,5e06feb5-626b-4ffe-a13c-86bb5e349dfe,2025-12-28,move_out,Exited
00000000-0000-0000-0000-000000000001,5dda0b14-713b-46d0-a6ce-a7a33a2fb6f9,a361bd0d-c2c1-2aee-6303-d65de004edd0,8aaf14fc-4fb9-d280-3018-d757243c952b,af16fe79-211b-993d-45cc-0c97af4a725c,d8e97056-6537-4159-bcea-802e2f37fbff,2025-12-27,move_out,Exited
00000000-0000-0000-0000-000000000001,5dda0b14-713b-46d0-a6ce-a7a33a2fb6f9,49ed1c8e-3653-c89b-ec74-16d8e20bb923,f1cc5c44-ebb5-5f81-9dac-9887fb5bb58e,2cd65886-67b3-a4eb-7aad-7c0a230ba95d,db32d2dc-c76d-4a69-ac88-f42e35d95aac,2025-12-27,move_out,Exited
00000000-0000-0000-0000-000000000001,5dda0b14-713b-46d0-a6ce-a7a33a2fb6f9,dc4adc21-f501-0573-2e9a-d7bbbc89e5d6,55651f47-6f7b-13b3-1e26-3ca9b9e5e72d,4725a45c-cc7a-af5b-e281-9c77ce5af921,3a2ae2ea-17fd-4cdf-9005-74ebeed4c001,2025-12-27,move_out,Exited
00000000-0000-0000-0000-000000000001,5dda0b14-713b-46d0-a6ce-a7a33a2fb6f9,77c3a6fd-4651-d880-29aa-abd19c8324df,2ac95711-7b8e-8315-eae3-c0ad2ace7ade,fdf8832c-e820-f199-63da-f0f8157627db,c8cd24f4-05c2-4614-ad50-13f8e7f0984c,2025-12-26,move_out,Exited
00000000-0000-0000-0000-000000000001,5dda0b14-713b-46d0-a6ce-a7a33a2fb6f9,82b270bf-e567-2deb-5ef3-495baafd7645,b9880845-d37b-c083-ffd7-adcaa279cb30,752aa71f-8b74-a2d8-0b6e-dd06a73bacf2,4f712d5e-a137-4d11-a1e4-eadf54abc093,2025-12-23,move_out,Exited
00000000-0000-0000-0000-000000000001,5dda0b14-713b-46d0-a6ce-a7a33a2fb6f9,188aee4d-68e0-1ddb-38e6-a946bc75072d,e7fa005c-0956-391f-8b8e-2a815718f163,22b0be2d-52c5-1127-642d-4f1083b404ca,073645a4-3ce2-4cc7-96cf-54d0f49f2353,2025-12-22,move_in,Staying
00000000-0000-0000-0000-000000000001,5dda0b14-713b-46d0-a6ce-a7a33a2fb6f9,5d204545-2f72-b89b-3190-a826b5ab6512,a607e4b0-3364-b1fb-774e-01d67c4fcdf1,2d24b7c1-6556-8eb5-73d6-3ed3913e6d40,cfafc812-f1cb-4018-be15-ee702308c132,2025-12-22,move_out,Exited
00000000-0000-0000-0000-000000000001,5dda0b14-713b-46d0-a6ce-a7a33a2fb6f9,82b270bf-e567-2deb-5ef3-495baafd7645,5b45fa77-c694-2c4b-9657-29944633ded5,011b7d1c-5697-5394-c05b-fa0473640657,261c6838-0d2b-4ef8-b7c0-722341418ce5,2025-12-21,move_in,Staying
00000000-0000-0000-0000-000000000001,5dda0b14-713b-46d0-a6ce-a7a33a2fb6f9,b0d4d2c8-f6ee-bc16-ffd7-fc33c8db8571,caf1f559-25d7-959b-c416-cb63f4ded6cc,71afee6b-f2ab-0218-c8a3-84b8ca8ed21f,4911da55-b10d-4ff0-811b-eeddb6a48ef5,2025-12-20,move_in,Exited
00000000-0000-0000-0000-000000000001,5dda0b14-713b-46d0-a6ce-a7a33a2fb6f9,c17c5093-48b7-139f-ebfc-1cd33ef5179c,d93f50a4-5a42-703f-d932-e75e0557b43a,4855a811-b83a-7e07-56f0-ae3a0026d582,1edcc724-251b-4277-9462-f2b9ccb93d6e,2025-12-17,move_out,Exited
00000000-0000-0000-0000-000000000001,5dda0b14-713b-46d0-a6ce-a7a33a2fb6f9,85292340-826d-52c1-65c7-7f2a9eb2c2c4,4c38ecbe-c637-8a04-6f67-ffbccbd96317,a75fdceb-021a-cc46-3632-8d5369c5f2c6,ce388eea-7b90-4c85-a61f-d797e872de2f,2025-12-17,move_out,Exited
00000000-0000-0000-0000-000000000001,5dda0b14-713b-46d0-a6ce-a7a33a2fb6f9,5d204545-2f72-b89b-3190-a826b5ab6512,f21233ef-4976-14c5-b37d-3c30b4a3a97a,5925134f-40a7-6834-930a-b8d6906bd2a4,73f27fac-554e-48b2-b97d-1d42f202ef3e,2025-12-17,move_in,Exited
00000000-0000-0000-0000-000000000001,5dda0b14-713b-46d0-a6ce-a7a33a2fb6f9,77c3a6fd-4651-d880-29aa-abd19c8324df,1bb2080e-607b-e17c-487b-3fc55b233158,cc559ab3-0859-6b34-259e-1f5c43be7139,778655b7-c1e0-4699-9ee7-0e5834799010,2025-12-15,move_out,Exited
00000000-0000-0000-0000-000000000001,5dda0b14-713b-46d0-a6ce-a7a33a2fb6f9,990e8a3e-a69c-7b31-f606-3eeb21e3d4c6,f226894e-3765-1bd7-6cda-03e887bc56b3,a4709d2c-85e2-3d68-7467-1eaf879ba2c9,a38411a4-41ea-4525-b071-7072a55c3975,2025-12-15,move_in,Staying
00000000-0000-0000-0000-000000000001,5dda0b14-713b-46d0-a6ce-a7a33a2fb6f9,c2ff0c11-4d1b-7b9b-b93c-aa37c9b6c40b,f825c883-6815-d3b1-7a49-620004f0a7ae,890b32d9-f754-8150-5a18-8a21fcdf3828,badc4f52-9209-4008-bcff-ed3cf3a3726f,2025-12-14,move_in,Staying
00000000-0000-0000-0000-000000000001,5dda0b14-713b-46d0-a6ce-a7a33a2fb6f9,10c6863d-07c3-4fc4-94f9-6adc29157ce1,32dfa2d6-dbf8-4dd2-90a0-e664e838b0ac,b85e5e22-b8bb-e217-167e-913ce5dc381e,f2d9195b-c864-4a69-a8a5-cacea5959a3b,2025-12-13,move_out,Exited
00000000-0000-0000-0000-000000000001,5dda0b14-713b-46d0-a6ce-a7a33a2fb6f9,bc7f358d-0d6d-f95f-ff80-9089eefdef69,9570bcbc-dd00-294f-7a17-6204b4b0a29b,890b32d9-f754-8150-5a18-8a21fcdf3828,57d1d250-caf0-4e54-afe7-757c96a4a181,2025-12-13,move_out,Exited
00000000-0000-0000-0000-000000000001,5dda0b14-713b-46d0-a6ce-a7a33a2fb6f9,188aee4d-68e0-1ddb-38e6-a946bc75072d,3589b2fd-d842-834a-2660-e15f13fd0de4,bb36c2de-ac80-369b-bef1-b7a9025ad305,8e96a43e-6fd9-4323-8d17-2c4e2317d420,2025-12-10,move_out,Exited
00000000-0000-0000-0000-000000000001,5dda0b14-713b-46d0-a6ce-a7a33a2fb6f9,188aee4d-68e0-1ddb-38e6-a946bc75072d,3e81e085-89a3-9615-e293-bf826bf9b08f,ae55ee92-2de5-2688-0d4d-095d6b247552,2de6ee53-a917-4a9b-962f-37e5d429949a,2025-12-10,move_out,Exited
00000000-0000-0000-0000-000000000001,5dda0b14-713b-46d0-a6ce-a7a33a2fb6f9,ffbd5fe0-d9b3-cb55-cfd7-2d72a3498109,6e45aca0-18fa-334d-4711-4da7cc94e30f,c02eb961-2471-c285-9c28-fb9a12aaf70a,c1c258d3-0750-49fb-8d6a-a5a84de41974,2025-12-09,move_in,Staying
00000000-0000-0000-0000-000000000001,5dda0b14-713b-46d0-a6ce-a7a33a2fb6f9,990e8a3e-a69c-7b31-f606-3eeb21e3d4c6,f226894e-3765-1bd7-6cda-03e887bc56b3,890d247c-e472-92eb-0db7-ca3bc375622c,a3cfd3dc-4afc-4129-8b06-9756a905d971,2025-12-08,move_out,Exited
00000000-0000-0000-0000-000000000001,5dda0b14-713b-46d0-a6ce-a7a33a2fb6f9,ffbd5fe0-d9b3-cb55-cfd7-2d72a3498109,717b9b58-969a-8452-088a-972edaf5da24,c02eb961-2471-c285-9c28-fb9a12aaf70a,f848c7a4-dbda-4fab-8678-376064453b2f,2025-12-08,move_out,Exited
00000000-0000-0000-0000-000000000001,5dda0b14-713b-46d0-a6ce-a7a33a2fb6f9,b0d4d2c8-f6ee-bc16-ffd7-fc33c8db8571,3adf68ca-04d2-f3f2-6459-8418efbb3e0a,21e237d1-286e-324e-0cef-45725d629768,a6e807f3-afdf-44ff-b5cb-81a3f0906217,2025-12-08,move_in,Staying
00000000-0000-0000-0000-000000000001,5dda0b14-713b-46d0-a6ce-a7a33a2fb6f9,77c3a6fd-4651-d880-29aa-abd19c8324df,58b51b21-f4aa-b4ea-0947-8ff74e4562a7,72ac33cc-b9b2-9cc4-47fd-d37096c8f30d,c7f06da4-2365-433f-adc3-9f9169263644,2025-12-06,move_in,Staying
00000000-0000-0000-0000-000000000001,5dda0b14-713b-46d0-a6ce-a7a33a2fb6f9,49ed1c8e-3653-c89b-ec74-16d8e20bb923,1171b668-e4d4-65e2-411e-0989dc9a3b6f,d3bef05d-1db4-2516-4e44-0c1b2d5ab25f,025b834b-6af6-47c5-9e91-8ad4dd4f36c3,2025-12-06,move_out,Exited
00000000-0000-0000-0000-000000000001,5dda0b14-713b-46d0-a6ce-a7a33a2fb6f9,ffbd5fe0-d9b3-cb55-cfd7-2d72a3498109,6e45aca0-18fa-334d-4711-4da7cc94e30f,0a550b32-ac5f-efb6-6d3b-e9975e20a82d,1fbee6f2-3f66-44cf-b956-8e4f4fb8920d,2025-12-05,move_out,Exited
00000000-0000-0000-0000-000000000001,5dda0b14-713b-46d0-a6ce-a7a33a2fb6f9,1b4d1066-8fe4-199b-7b3b-39e4bded9714,5b329584-dbb7-69f7-f834-ca10e997588e,b350bfbd-5bbb-d523-c32f-5c5d2cc7e980,ff8ca2ee-9523-4a03-ba50-e7e02ce9fed6,2025-12-05,move_out,Exited
00000000-0000-0000-0000-000000000001,5dda0b14-713b-46d0-a6ce-a7a33a2fb6f9,dd96a329-ec95-e96a-1348-69d976f39cd4,421647d1-fa0d-7e8e-af7d-fa5dcd4ebe7b,367ff001-843b-4fab-01ff-1f341b84ef5f,52d2cd7a-2b95-4dce-ad9f-b5f2a7500872,2025-12-03,move_in,Exited
00000000-0000-0000-0000-000000000001,5dda0b14-713b-46d0-a6ce-a7a33a2fb6f9,0a839c14-2a88-9896-c2f2-8d51fe610405,19becc73-ba94-4a59-e2ef-19d1d342aee3,f7d24c55-ed4d-270d-81fd-fb50566001d5,443012e2-1bde-493b-9e05-e6d366b5495b,2025-12-02,move_in,Exited
00000000-0000-0000-0000-000000000001,5dda0b14-713b-46d0-a6ce-a7a33a2fb6f9,b0d4d2c8-f6ee-bc16-ffd7-fc33c8db8571,3adf68ca-04d2-f3f2-6459-8418efbb3e0a,f7d24c55-ed4d-270d-81fd-fb50566001d5,63dc5133-4cd0-4c86-a93e-bf9b61b2d1ef,2025-12-01,move_out,Exited
00000000-0000-0000-0000-000000000001,5dda0b14-713b-46d0-a6ce-a7a33a2fb6f9,c2ff0c11-4d1b-7b9b-b93c-aa37c9b6c40b,f825c883-6815-d3b1-7a49-620004f0a7ae,5110bc8b-7229-5952-e9db-5feb33391303,89a2e9a1-acaf-4bfd-996a-8a996e3d3f9a,2025-12-01,move_out,Exited
00000000-0000-0000-0000-000000000001,5dda0b14-713b-46d0-a6ce-a7a33a2fb6f9,82b270bf-e567-2deb-5ef3-495baafd7645,5b45fa77-c694-2c4b-9657-29944633ded5,d93d9661-c38b-55ac-e5ac-93c052d45622,f48bcd4d-b81e-4a57-a0f3-09dfa5e2e00f,2025-11-30,move_out,Exited
00000000-0000-0000-0000-000000000001,5dda0b14-713b-46d0-a6ce-a7a33a2fb6f9,417c9738-a0f7-5a00-1091-37a9fd083dd6,5810da0c-60c8-5ffd-72cc-d74b1f3425e9,d123a096-4929-ff8c-4efa-a8e4543d3da7,08b359b3-caad-4e09-a957-8866ca7dba42,2025-11-30,move_out,Exited
00000000-0000-0000-0000-000000000001,5dda0b14-713b-46d0-a6ce-a7a33a2fb6f9,0a839c14-2a88-9896-c2f2-8d51fe610405,25cdb264-370f-4be0-5004-6aeb735c94aa,c16f5af8-a99c-38c5-d338-56aa819d37ed,396c14f1-4da0-44da-86c8-5b3884103ca5,2025-11-30,move_out,Exited
00000000-0000-0000-0000-000000000001,5dda0b14-713b-46d0-a6ce-a7a33a2fb6f9,0a839c14-2a88-9896-c2f2-8d51fe610405,19becc73-ba94-4a59-e2ef-19d1d342aee3,a64019d6-e321-3cb8-e823-478ced6ff4c2,5efe4230-e081-4932-8bef-c352bd9eb4a7,2025-11-30,move_out,Exited
00000000-0000-0000-0000-000000000001,5dda0b14-713b-46d0-a6ce-a7a33a2fb6f9,c17c5093-48b7-139f-ebfc-1cd33ef5179c,d938459f-29e8-72b7-85d9-59b6df6db501,1b7a8ca2-dcfa-864b-b6f3-f5e53beb8da0,0312e73c-7ac3-4464-8c92-d3771d098413,2025-11-29,move_out,Exited
00000000-0000-0000-0000-000000000001,5dda0b14-713b-46d0-a6ce-a7a33a2fb6f9,188aee4d-68e0-1ddb-38e6-a946bc75072d,e7fa005c-0956-391f-8b8e-2a815718f163,3761a198-73ca-bdb8-338b-d52c21eb8f2e,5008836c-8f0b-4e7c-a0bc-a2df39870ecf,2025-11-29,move_out,Exited
00000000-0000-0000-0000-000000000001,5dda0b14-713b-46d0-a6ce-a7a33a2fb6f9,79853a4a-cb02-508c-e041-7e23378aec9c,db22043a-4435-6d25-c2e9-01dd93cc79a4,29e47ac1-831d-9edd-4744-efc0e2037ff3,954a76d4-6294-4fd9-9c87-30457c524da9,2025-11-29,move_out,Exited
00000000-0000-0000-0000-000000000001,5dda0b14-713b-46d0-a6ce-a7a33a2fb6f9,9d5d0096-0b78-a663-1142-be871dfa2bda,b67440c5-1089-ccdb-bb31-3211a4ee4d0e,d58d1d2f-e65b-7705-8ac2-996da0cf28c4,f009d211-2428-4e63-8c09-22ad8ba10987,2025-11-16,move_out,Exited
00000000-0000-0000-0000-000000000001,5dda0b14-713b-46d0-a6ce-a7a33a2fb6f9,4d1dd99b-b75a-70b5-406b-f5e869954002,da32e9b3-c510-5730-b5d0-f155a9b1a3eb,bca70cc4-b2e4-ba57-6dee-d73dd559f02b,fc73107e-4511-4bb3-af12-aa7c3d874773,2025-11-14,move_out,Exited
00000000-0000-0000-0000-000000000001,5dda0b14-713b-46d0-a6ce-a7a33a2fb6f9,d2298bb8-a5e5-735a-c8ca-9b18c7daacd6,0e28e491-ba1e-8a78-875b-ab861c7f40e6,d225973a-f437-d98e-4e24-0fb32a7bfbe8,0eaaeaef-9e94-4d72-ab6c-6f4fa8a5eb26,2025-11-09,move_in,Staying
00000000-0000-0000-0000-000000000001,5dda0b14-713b-46d0-a6ce-a7a33a2fb6f9,fb5cedd6-2992-1c62-7fba-4a7a6b43b2ff,39eacd05-ff7e-5541-7fe2-feddf8854c55,d97ef4f9-a927-a7e9-03a3-fc84f79e19af,1b15a1a2-9fc0-49b4-813b-74c81725b2a3,2025-11-09,move_out,Exited
00000000-0000-0000-0000-000000000001,5dda0b14-713b-46d0-a6ce-a7a33a2fb6f9,ffbd5fe0-d9b3-cb55-cfd7-2d72a3498109,6e45aca0-18fa-334d-4711-4da7cc94e30f,0a550b32-ac5f-efb6-6d3b-e9975e20a82d,1fbee6f2-3f66-44cf-b956-8e4f4fb8920d,2025-11-08,move_in,Exited
00000000-0000-0000-0000-000000000001,5dda0b14-713b-46d0-a6ce-a7a33a2fb6f9,323c0dff-be56-f6ee-f053-ee37de806dea,46708e4f-0f36-d317-bc46-7cc2bcfc59ea,4f75b0ca-7bed-c37c-cfd4-1e361a1bb6d4,94474160-d37a-495d-a16f-f7280c3b7a29,2025-11-08,move_in,Staying
00000000-0000-0000-0000-000000000001,5dda0b14-713b-46d0-a6ce-a7a33a2fb6f9,a361bd0d-c2c1-2aee-6303-d65de004edd0,a4def813-d3a1-fa98-de2f-18ad2a9699a7,57dbc7f1-ef9c-8f08-5ca3-148c520d5a2b,4c012f66-06db-4f1c-9f52-211cd3540713,2025-11-08,move_out,Exited
00000000-0000-0000-0000-000000000001,5dda0b14-713b-46d0-a6ce-a7a33a2fb6f9,a361bd0d-c2c1-2aee-6303-d65de004edd0,ac9af09e-62c0-08f5-e71e-d14dc5f83e6d,c1b3479a-b415-c370-ba7c-636b4f4c56d9,c26692cf-75b7-4ede-9858-201c269dd988,2025-11-08,move_out,Exited
00000000-0000-0000-0000-000000000001,5dda0b14-713b-46d0-a6ce-a7a33a2fb6f9,ffbd5fe0-d9b3-cb55-cfd7-2d72a3498109,d896c15c-52be-8a4e-6bcf-b598f12b31af,0a550b32-ac5f-efb6-6d3b-e9975e20a82d,95855f3f-2de6-4518-923a-d6bb61e6edd7,2025-11-07,move_out,Exited
00000000-0000-0000-0000-000000000001,5dda0b14-713b-46d0-a6ce-a7a33a2fb6f9,ffbd5fe0-d9b3-cb55-cfd7-2d72a3498109,6e45aca0-18fa-334d-4711-4da7cc94e30f,79ec48b5-f6a4-f3d3-8cdc-3c18458f897c,717f6b75-e390-4bb2-bc21-3eef99f9ac47,2025-11-07,move_out,Exited
00000000-0000-0000-0000-000000000001,5dda0b14-713b-46d0-a6ce-a7a33a2fb6f9,49ed1c8e-3653-c89b-ec74-16d8e20bb923,18cdbd64-ea17-6578-2f54-2b5ad8a2c7fe,1e040078-32fc-f90a-7fd5-42b8161a6605,ce72357c-0720-4252-89f1-98224577f53b,2025-11-06,move_in,Exited
00000000-0000-0000-0000-000000000001,5dda0b14-713b-46d0-a6ce-a7a33a2fb6f9,49ed1c8e-3653-c89b-ec74-16d8e20bb923,18cdbd64-ea17-6578-2f54-2b5ad8a2c7fe,d9a74fa5-6394-f751-240a-2ff642673fc5,d3781754-4ad0-45fb-b64f-9153d1b33e6a,2025-11-06,move_out,Exited
00000000-0000-0000-0000-000000000001,5dda0b14-713b-46d0-a6ce-a7a33a2fb6f9,49ed1c8e-3653-c89b-ec74-16d8e20bb923,18cdbd64-ea17-6578-2f54-2b5ad8a2c7fe,1e040078-32fc-f90a-7fd5-42b8161a6605,ce72357c-0720-4252-89f1-98224577f53b,2025-11-06,move_out,Exited
00000000-0000-0000-0000-000000000001,5dda0b14-713b-46d0-a6ce-a7a33a2fb6f9,8767525e-d22f-a295-bc29-ba104fdc589a,1de2d676-6b57-57c9-570d-27116c18b3cc,c0791d4c-9325-bf1b-30af-7af648c26338,86f462a2-856c-4214-90c9-478d801f7838,2025-11-06,move_in,Exited
00000000-0000-0000-0000-000000000001,5dda0b14-713b-46d0-a6ce-a7a33a2fb6f9,9d5d0096-0b78-a663-1142-be871dfa2bda,54634a96-25c7-022f-0239-fef1800aebd4,8fd367e7-7404-4ef6-530b-a40219a48f1e,de3fc75a-dc8c-4bfb-b959-494a94a5d287,2025-11-02,move_in,Exited
00000000-0000-0000-0000-000000000001,5dda0b14-713b-46d0-a6ce-a7a33a2fb6f9,323c0dff-be56-f6ee-f053-ee37de806dea,cead0c81-cb47-a00d-6583-2032ac0d3b68,c39e5b6a-5497-09b6-25cc-89f1ea8a608c,014f81be-2724-4302-8681-1c89fa734cce,2025-11-02,move_in,Exited
00000000-0000-0000-0000-000000000001,5dda0b14-713b-46d0-a6ce-a7a33a2fb6f9,233cca0e-efcf-e631-d2fc-9997a6ba5706,962dbb92-b657-7b1c-10df-8977244bdef2,25aa2406-e171-b558-8249-7a525d126d8f,a0c56020-2eb8-4b3c-80a2-f837b1555d64,2025-11-01,move_in,Staying
00000000-0000-0000-0000-000000000001,5dda0b14-713b-46d0-a6ce-a7a33a2fb6f9,aa73cade-c28c-dc5b-5980-55801ea0d415,ee1fb02c-fb9a-533e-3afc-8a9125d2a24c,938b7931-4bde-a083-d158-635a65e6da73,eb10394b-98cd-4a92-b37b-51dc1f2b3574,2025-10-31,move_out,Exited
00000000-0000-0000-0000-000000000001,5dda0b14-713b-46d0-a6ce-a7a33a2fb6f9,77c3a6fd-4651-d880-29aa-abd19c8324df,2564984d-d7f3-5161-99d4-3d648f77f03e,d1e7314f-a799-1441-8adc-a48db20e93da,f9231162-ec72-4793-bcfd-ea671ac0d111,2025-10-31,move_out,Exited
00000000-0000-0000-0000-000000000001,5dda0b14-713b-46d0-a6ce-a7a33a2fb6f9,aa73cade-c28c-dc5b-5980-55801ea0d415,fc9765ca-aee5-6f71-e441-e12679f0bb12,190cae44-33ef-8fc1-f07a-fb84a1b78bdf,14a56846-9891-4413-b142-b80acab9e730,2025-10-31,move_out,Exited
00000000-0000-0000-0000-000000000001,5dda0b14-713b-46d0-a6ce-a7a33a2fb6f9,dd96a329-ec95-e96a-1348-69d976f39cd4,421647d1-fa0d-7e8e-af7d-fa5dcd4ebe7b,c1b076a8-104d-57e4-87e1-c00a30c21d29,daf72a75-d234-4c5e-8206-36bd6614babe,2025-10-31,move_out,Exited
00000000-0000-0000-0000-000000000001,5dda0b14-713b-46d0-a6ce-a7a33a2fb6f9,323c0dff-be56-f6ee-f053-ee37de806dea,cead0c81-cb47-a00d-6583-2032ac0d3b68,1f386b6c-673b-b4f5-5a19-10e9869fcb75,1cade627-e515-41a2-8fef-84b24901e0a8,2025-10-28,move_out,Exited
00000000-0000-0000-0000-000000000001,5dda0b14-713b-46d0-a6ce-a7a33a2fb6f9,9d5d0096-0b78-a663-1142-be871dfa2bda,54634a96-25c7-022f-0239-fef1800aebd4,25b63db3-6d1d-cb00-d25c-dfd8b4b17909,323f67cc-5fe8-4e19-89b1-838f908c4f0a,2025-10-27,move_out,Exited
00000000-0000-0000-0000-000000000001,5dda0b14-713b-46d0-a6ce-a7a33a2fb6f9,0a839c14-2a88-9896-c2f2-8d51fe610405,1f70e1f3-db99-3d9f-94a0-610b383d5702,fc3a7af3-d462-ffa0-bf10-348fe7f764f5,8c96bbeb-234f-4c4e-b3f0-dea0ea5a1cac,2025-10-20,move_out,Exited
00000000-0000-0000-0000-000000000001,5dda0b14-713b-46d0-a6ce-a7a33a2fb6f9,dc4adc21-f501-0573-2e9a-d7bbbc89e5d6,1d32450f-df9e-cfb4-05c2-61f3c4efc50e,0340956c-c19a-d700-7d78-cea190ab08b0,33a67359-b1b2-45e4-8dba-a9001a8d659e,2025-10-20,move_out,Exited
00000000-0000-0000-0000-000000000001,5dda0b14-713b-46d0-a6ce-a7a33a2fb6f9,86ad1ceb-8d81-a926-d998-3a2f1cafba06,aa6faaa7-b2dc-3312-7b5d-91d48f1f2711,876bcc88-d210-8a14-5197-f2062208f7a3,cb774f43-617a-4b73-9f13-526077201ee7,2025-10-20,move_out,Exited
00000000-0000-0000-0000-000000000001,5dda0b14-713b-46d0-a6ce-a7a33a2fb6f9,03edc7c5-4c46-b55e-523d-9fb7be29910b,7c369e8a-97c2-59de-b4b9-6f506fb0812f,8123af5e-305b-80f8-20db-4d54b7f628c7,e42d2bdf-7c18-4bd9-982c-de09a231f52f,2025-10-18,move_in,Staying
00000000-0000-0000-0000-000000000001,5dda0b14-713b-46d0-a6ce-a7a33a2fb6f9,a361bd0d-c2c1-2aee-6303-d65de004edd0,4878b203-a8a4-ae51-ee40-ab6717cd55b6,6c0320d8-817b-ea7e-4d60-48afb8d17cba,8d1541fa-8ce0-467b-90c0-527766d7c703,2025-10-16,move_out,Exited
00000000-0000-0000-0000-000000000001,5dda0b14-713b-46d0-a6ce-a7a33a2fb6f9,4d1dd99b-b75a-70b5-406b-f5e869954002,da32e9b3-c510-5730-b5d0-f155a9b1a3eb,bca70cc4-b2e4-ba57-6dee-d73dd559f02b,fc73107e-4511-4bb3-af12-aa7c3d874773,2025-10-15,move_in,Exited
00000000-0000-0000-0000-000000000001,5dda0b14-713b-46d0-a6ce-a7a33a2fb6f9,d2298bb8-a5e5-735a-c8ca-9b18c7daacd6,0e28e491-ba1e-8a78-875b-ab861c7f40e6,871465d8-763d-f593-3677-399c50f5ed41,c029ada8-f2e8-4017-816f-39ed5259c0e1,2025-10-15,move_out,Exited
00000000-0000-0000-0000-000000000001,5dda0b14-713b-46d0-a6ce-a7a33a2fb6f9,2fc42a4f-fe5a-ae08-0e4e-2c89ca71db85,f874f74a-642d-0943-eaae-4c54a18982cf,8b018cc7-2387-99c8-5b29-d1ab1f7b635e,c3c93524-0724-471b-8fcc-298a8380c185,2025-10-14,move_in,Exited
00000000-0000-0000-0000-000000000001,5dda0b14-713b-46d0-a6ce-a7a33a2fb6f9,03edc7c5-4c46-b55e-523d-9fb7be29910b,69a06a67-b0da-0493-6495-0620f46df91c,e10472f5-6434-2a96-6c28-13939f90427f,f51128e3-e243-4a13-9c81-ebeab17cc897,2025-10-14,move_in,Exited
00000000-0000-0000-0000-000000000001,5dda0b14-713b-46d0-a6ce-a7a33a2fb6f9,aa73cade-c28c-dc5b-5980-55801ea0d415,50d7a816-da06-6897-ffe0-cb694a257dec,b285539d-6e4c-f6f5-ee68-2dc683541067,8199be90-a807-4cdf-9133-819a6efc1905,2025-10-14,move_in,Exited
00000000-0000-0000-0000-000000000001,5dda0b14-713b-46d0-a6ce-a7a33a2fb6f9,9d5d0096-0b78-a663-1142-be871dfa2bda,5964e174-4d85-43f8-388d-3f66a1ecbd0e,55e6e452-fae2-a5ac-3c12-21424bffbcac,16ba7f9b-b61c-4fb6-a957-8fdf8bf58876,2025-10-13,move_in,Exited
00000000-0000-0000-0000-000000000001,5dda0b14-713b-46d0-a6ce-a7a33a2fb6f9,aa73cade-c28c-dc5b-5980-55801ea0d415,e240e3e5-c69e-eb28-28a3-e88cb6561735,e51d0052-6144-0814-9748-12b1e6c3b68a,dd53ac44-fa85-4d55-862f-21ef23300b18,2025-10-13,move_in,Exited
00000000-0000-0000-0000-000000000001,5dda0b14-713b-46d0-a6ce-a7a33a2fb6f9,aa73cade-c28c-dc5b-5980-55801ea0d415,50d7a816-da06-6897-ffe0-cb694a257dec,17dd0f21-a84d-a57c-7de4-9d5897c7181b,442202f1-6d3b-40f8-8d01-e139bea86647,2025-10-12,move_out,Exited
00000000-0000-0000-0000-000000000001,5dda0b14-713b-46d0-a6ce-a7a33a2fb6f9,b0d4d2c8-f6ee-bc16-ffd7-fc33c8db8571,caf1f559-25d7-959b-c416-cb63f4ded6cc,72263e8d-e74c-b64e-af0c-e7f293e84d88,8419d24a-5624-4735-bd3c-af55612a12f8,2025-10-09,move_out,Exited
00000000-0000-0000-0000-000000000001,5dda0b14-713b-46d0-a6ce-a7a33a2fb6f9,1b4d1066-8fe4-199b-7b3b-39e4bded9714,e490e3a6-9e5c-a6b8-a156-bfb492b8b0a4,128bd731-e1fe-63b6-3451-759840d80453,e763d526-0d47-4584-ae19-809d441191dc,2025-10-09,move_in,Exited
00000000-0000-0000-0000-000000000001,5dda0b14-713b-46d0-a6ce-a7a33a2fb6f9,4d1dd99b-b75a-70b5-406b-f5e869954002,da32e9b3-c510-5730-b5d0-f155a9b1a3eb,dfe72882-2923-e759-ab37-45a4f6c5f1c7,4fac063c-5430-4b03-984d-ddede60e9cee,2025-10-07,move_out,Exited
00000000-0000-0000-0000-000000000001,5dda0b14-713b-46d0-a6ce-a7a33a2fb6f9,49ed1c8e-3653-c89b-ec74-16d8e20bb923,1171b668-e4d4-65e2-411e-0989dc9a3b6f,d3bef05d-1db4-2516-4e44-0c1b2d5ab25f,025b834b-6af6-47c5-9e91-8ad4dd4f36c3,2025-10-06,move_in,Exited
00000000-0000-0000-0000-000000000001,5dda0b14-713b-46d0-a6ce-a7a33a2fb6f9,03edc7c5-4c46-b55e-523d-9fb7be29910b,42541fce-4dd2-805a-5d01-5aa7e5db8726,5e6b35c4-2b97-ea86-e422-f03c332f74be,8954e026-2f8f-4c54-96d8-8b5519d62928,2025-10-06,move_out,Exited
00000000-0000-0000-0000-000000000001,5dda0b14-713b-46d0-a6ce-a7a33a2fb6f9,ffbd5fe0-d9b3-cb55-cfd7-2d72a3498109,9e254d9d-fe84-3236-eca3-7adff58dafa1,104a66bf-0d87-2acc-ec03-a73d1c1cfd53,4285ffb5-00b5-43ed-8956-07fcaeccb965,2025-10-06,move_in,Exited
00000000-0000-0000-0000-000000000001,5dda0b14-713b-46d0-a6ce-a7a33a2fb6f9,49ed1c8e-3653-c89b-ec74-16d8e20bb923,15d608c9-9596-d151-b9c5-21b22647f848,82ce206e-2925-18f5-f18c-d80631a9964e,349407f1-b9ed-4f70-9e10-33aa675f85e6,2025-10-05,move_out,Exited
00000000-0000-0000-0000-000000000001,5dda0b14-713b-46d0-a6ce-a7a33a2fb6f9,aa73cade-c28c-dc5b-5980-55801ea0d415,e240e3e5-c69e-eb28-28a3-e88cb6561735,b533de62-fd5f-cc73-01ad-82aaf5df2fd1,0ba08a0f-dfc9-4583-9301-a99a7e275d94,2025-10-04,move_out,Exited
00000000-0000-0000-0000-000000000001,5dda0b14-713b-46d0-a6ce-a7a33a2fb6f9,b0d4d2c8-f6ee-bc16-ffd7-fc33c8db8571,3adf68ca-04d2-f3f2-6459-8418efbb3e0a,f7d24c55-ed4d-270d-81fd-fb50566001d5,63dc5133-4cd0-4c86-a93e-bf9b61b2d1ef,2025-10-04,move_in,Exited
00000000-0000-0000-0000-000000000001,5dda0b14-713b-46d0-a6ce-a7a33a2fb6f9,85292340-826d-52c1-65c7-7f2a9eb2c2c4,4692433b-f9b8-9bdd-a2ff-4cd11d36de58,17d13989-4f37-42a8-1eb2-88b2df3a9692,3c6dfb4b-b32b-4155-bcc0-1eab4ccc55ce,2025-10-03,move_out,Exited
00000000-0000-0000-0000-000000000001,5dda0b14-713b-46d0-a6ce-a7a33a2fb6f9,1b4d1066-8fe4-199b-7b3b-39e4bded9714,e490e3a6-9e5c-a6b8-a156-bfb492b8b0a4,72fb39cc-cecf-39cd-a55a-60d36a23f691,d9685ad2-82b8-4590-93fa-fdd4856e2976,2025-10-02,move_out,Exited
00000000-0000-0000-0000-000000000001,5dda0b14-713b-46d0-a6ce-a7a33a2fb6f9,49ed1c8e-3653-c89b-ec74-16d8e20bb923,1171b668-e4d4-65e2-411e-0989dc9a3b6f,1fc0c3bb-f35c-8d5d-a4fa-a9c1723cd8ab,0d1504e1-2884-4dba-97bd-0c3bc37e1669,2025-10-02,move_out,Exited
00000000-0000-0000-0000-000000000001,5dda0b14-713b-46d0-a6ce-a7a33a2fb6f9,8767525e-d22f-a295-bc29-ba104fdc589a,1de2d676-6b57-57c9-570d-27116c18b3cc,c0791d4c-9325-bf1b-30af-7af648c26338,e195680c-5ff9-464e-8228-089b76f4ea72,2025-10-02,move_out,Exited
00000000-0000-0000-0000-000000000001,5dda0b14-713b-46d0-a6ce-a7a33a2fb6f9,ffbd5fe0-d9b3-cb55-cfd7-2d72a3498109,7fe69b36-41b0-fb38-f990-b56311e3fbad,e04a7b1e-bb22-2ccf-a342-9eea602847ff,d3c75e3f-ebcf-4bd2-ba3f-80eb52ac9ee6,2025-10-02,move_in,Exited
00000000-0000-0000-0000-000000000001,5dda0b14-713b-46d0-a6ce-a7a33a2fb6f9,10c6863d-07c3-4fc4-94f9-6adc29157ce1,96eb4dcb-a6ae-3881-7690-8a119a4506bc,716b820e-fef7-dcf3-34be-914835261361,40c41229-cb7b-45da-8818-3433d1c20604,2025-10-01,move_out,Exited
00000000-0000-0000-0000-000000000001,5dda0b14-713b-46d0-a6ce-a7a33a2fb6f9,79853a4a-cb02-508c-e041-7e23378aec9c,0153ccf1-dd56-71dd-4156-d4c3c648531b,3e50af3d-452f-d098-b3bc-3c2a64576d55,288569c1-8892-451c-ae1f-6ccf0c41daa4,2025-10-01,move_in,Staying
00000000-0000-0000-0000-000000000001,5dda0b14-713b-46d0-a6ce-a7a33a2fb6f9,b0d4d2c8-f6ee-bc16-ffd7-fc33c8db8571,3adf68ca-04d2-f3f2-6459-8418efbb3e0a,148cb172-cc40-9c01-ffa5-33aa5d70bad8,a2b40718-04d7-4dbb-9143-65a881e8a092,2025-10-01,move_out,Exited
00000000-0000-0000-0000-000000000001,5dda0b14-713b-46d0-a6ce-a7a33a2fb6f9,0a839c14-2a88-9896-c2f2-8d51fe610405,25cdb264-370f-4be0-5004-6aeb735c94aa,c16f5af8-a99c-38c5-d338-56aa819d37ed,396c14f1-4da0-44da-86c8-5b3884103ca5,2025-10-01,move_in,Exited
00000000-0000-0000-0000-000000000001,5dda0b14-713b-46d0-a6ce-a7a33a2fb6f9,dd96a329-ec95-e96a-1348-69d976f39cd4,d2ad3fde-45b8-0cd9-8e17-31257bcd567e,e04a7b1e-bb22-2ccf-a342-9eea602847ff,ed206b50-b8c2-4587-907e-681f2c148f8e,2025-10-01,move_out,Exited
00000000-0000-0000-0000-000000000001,5dda0b14-713b-46d0-a6ce-a7a33a2fb6f9,323c0dff-be56-f6ee-f053-ee37de806dea,46708e4f-0f36-d317-bc46-7cc2bcfc59ea,81f2f896-343e-d20b-9964-56fe1a515cc4,25ee80b8-cf8c-4ae2-be73-fe7c991751ce,2025-09-30,move_out,Exited
00000000-0000-0000-0000-000000000001,5dda0b14-713b-46d0-a6ce-a7a33a2fb6f9,79853a4a-cb02-508c-e041-7e23378aec9c,db22043a-4435-6d25-c2e9-01dd93cc79a4,720a2f6c-96ce-3f42-8ec4-faec53d5a915,4eaa06fe-be7b-4d8f-8cba-fd92a3d3fb69,2025-09-30,move_out,Exited
00000000-0000-0000-0000-000000000001,5dda0b14-713b-46d0-a6ce-a7a33a2fb6f9,ffbd5fe0-d9b3-cb55-cfd7-2d72a3498109,7fe69b36-41b0-fb38-f990-b56311e3fbad,184aad86-c460-d78c-0f04-fd69a75fdb16,ea4d1416-9a8a-4cfa-a7f0-04dbc74f72bc,2025-09-30,move_out,Exited
00000000-0000-0000-0000-000000000001,5dda0b14-713b-46d0-a6ce-a7a33a2fb6f9,417c9738-a0f7-5a00-1091-37a9fd083dd6,5810da0c-60c8-5ffd-72cc-d74b1f3425e9,2c62dfe0-1a80-ff55-1d8b-51ac0c7da2fe,c95071e6-baac-4c03-9ee4-82e18f461a3c,2025-09-30,move_out,Exited
00000000-0000-0000-0000-000000000001,5dda0b14-713b-46d0-a6ce-a7a33a2fb6f9,79853a4a-cb02-508c-e041-7e23378aec9c,0153ccf1-dd56-71dd-4156-d4c3c648531b,52bfd1fd-5813-000e-3603-19146a2ecd4e,56498d84-884f-40e1-bd91-cfb6c94eb3f8,2025-09-30,move_out,Exited
00000000-0000-0000-0000-000000000001,5dda0b14-713b-46d0-a6ce-a7a33a2fb6f9,10c6863d-07c3-4fc4-94f9-6adc29157ce1,51597632-5648-1987-017c-c65e2ad300f8,93ffab65-d88d-3bbd-9dba-fc0c764f42f4,d3acdb39-30e5-4ffe-8b9c-f4326c93be87,2025-09-30,move_out,Exited
00000000-0000-0000-0000-000000000001,5dda0b14-713b-46d0-a6ce-a7a33a2fb6f9,0a839c14-2a88-9896-c2f2-8d51fe610405,2225fe89-e491-892a-6af9-3161efe26613,3e50af3d-452f-d098-b3bc-3c2a64576d55,6eae3c53-9212-4814-b991-b284ea8da158,2025-09-30,move_out,Exited
00000000-0000-0000-0000-000000000001,5dda0b14-713b-46d0-a6ce-a7a33a2fb6f9,417c9738-a0f7-5a00-1091-37a9fd083dd6,5810da0c-60c8-5ffd-72cc-d74b1f3425e9,d123a096-4929-ff8c-4efa-a8e4543d3da7,08b359b3-caad-4e09-a957-8866ca7dba42,2025-09-29,move_in,Exited
00000000-0000-0000-0000-000000000001,5dda0b14-713b-46d0-a6ce-a7a33a2fb6f9,0a839c14-2a88-9896-c2f2-8d51fe610405,74002291-4d86-7717-21fc-0a504d1080b7,11316c38-dc08-4983-3588-fcadd88bd5d2,597a1580-9401-42ce-a407-c9448d5017f6,2025-09-28,move_in,Staying
00000000-0000-0000-0000-000000000001,5dda0b14-713b-46d0-a6ce-a7a33a2fb6f9,2fc42a4f-fe5a-ae08-0e4e-2c89ca71db85,f874f74a-642d-0943-eaae-4c54a18982cf,5a97c1a1-f33d-ce97-6ee2-069836e0f76b,7a3b9b70-5ab2-46f2-9f96-d40563863bb9,2025-09-28,move_out,Exited
00000000-0000-0000-0000-000000000001,5dda0b14-713b-46d0-a6ce-a7a33a2fb6f9,0a839c14-2a88-9896-c2f2-8d51fe610405,7c40116d-93d8-18b7-496a-5f628dab192d,d6d33436-345a-e39c-9f8d-91c76dca514e,1bb08655-ecc9-4795-8186-bb34f130a593,2025-09-28,move_in,Staying
00000000-0000-0000-0000-000000000001,5dda0b14-713b-46d0-a6ce-a7a33a2fb6f9,03edc7c5-4c46-b55e-523d-9fb7be29910b,7c369e8a-97c2-59de-b4b9-6f506fb0812f,d6d33436-345a-e39c-9f8d-91c76dca514e,d2a1b0e9-a573-4c99-8093-42240dbf6847,2025-09-27,move_out,Exited
00000000-0000-0000-0000-000000000001,5dda0b14-713b-46d0-a6ce-a7a33a2fb6f9,03edc7c5-4c46-b55e-523d-9fb7be29910b,69a06a67-b0da-0493-6495-0620f46df91c,11316c38-dc08-4983-3588-fcadd88bd5d2,1c037a2c-6d79-4707-9be1-b01c51a1c336,2025-09-27,move_out,Exited
00000000-0000-0000-0000-000000000001,5dda0b14-713b-46d0-a6ce-a7a33a2fb6f9,dd96a329-ec95-e96a-1348-69d976f39cd4,43a9bdbb-3395-d921-f3e4-2c43057aa600,25aa0362-c4dd-16cd-169e-1e9f819ec83b,668a42a5-32bc-4a00-af80-c060fecaeb03,2025-09-24,move_out,Exited
00000000-0000-0000-0000-000000000001,5dda0b14-713b-46d0-a6ce-a7a33a2fb6f9,dd96a329-ec95-e96a-1348-69d976f39cd4,b1a13405-1168-9d4a-5a76-9c4953645b2a,ab4b64a7-4f08-89f7-9835-689b479f16bd,442fb7e6-281c-4f92-8dc3-0f6af6cd61fb,2025-09-24,move_out,Exited
00000000-0000-0000-0000-000000000001,5dda0b14-713b-46d0-a6ce-a7a33a2fb6f9,574de174-c7bb-bc11-f282-cff2aa2501c5,53df99b1-1189-e6c5-90a7-2172d38c9035,739d70c1-409d-dba0-0566-781cf953032c,960e9375-979e-48a5-8bf7-1f5e4f821d99,2025-09-20,move_out,Exited
00000000-0000-0000-0000-000000000001,5dda0b14-713b-46d0-a6ce-a7a33a2fb6f9,233cca0e-efcf-e631-d2fc-9997a6ba5706,962dbb92-b657-7b1c-10df-8977244bdef2,46d380ca-fe7a-07d2-4570-5de890c8fdc7,ae96d118-0440-4762-bcd4-9ab8177a9d04,2025-09-19,move_out,Exited
00000000-0000-0000-0000-000000000001,5dda0b14-713b-46d0-a6ce-a7a33a2fb6f9,0a839c14-2a88-9896-c2f2-8d51fe610405,19becc73-ba94-4a59-e2ef-19d1d342aee3,a64019d6-e321-3cb8-e823-478ced6ff4c2,5efe4230-e081-4932-8bef-c352bd9eb4a7,2025-09-19,move_in,Exited
00000000-0000-0000-0000-000000000001,5dda0b14-713b-46d0-a6ce-a7a33a2fb6f9,0a839c14-2a88-9896-c2f2-8d51fe610405,19becc73-ba94-4a59-e2ef-19d1d342aee3,e494eb69-def2-556d-3bb9-7c4124ed109e,39ea3363-7669-4b60-8c30-7d3687b62a0d,2025-09-18,move_out,Exited
00000000-0000-0000-0000-000000000001,5dda0b14-713b-46d0-a6ce-a7a33a2fb6f9,0a839c14-2a88-9896-c2f2-8d51fe610405,25cdb264-370f-4be0-5004-6aeb735c94aa,8506a1fc-82d3-6a5c-c7c5-64702dd9ce92,88d7f91b-4b17-432a-85d0-f0bdcdd44b99,2025-09-18,move_out,Exited