id,organization_id,job_id,delivery_kind,reference_id,tenant_id,label,status,error_message,created_at,sent_at
05c44a1a-61a6-4aa3-9939-d6af96d870f0,00000000-0000-0000-0000-000000000001,0d87c7d3-a534-41ca-bc02-388a28876158,announcement,null,44bf5771-a669-438c-a190-88aab999cfae,Service Upgrade & New Customer Communication Number,sent,null,2026-05-31 12:36:49.879283+00,2026-05-31 12:36:58.576+00
0841f010-d8f1-46d4-8e9b-232e649fa2f6,00000000-0000-0000-0000-000000000001,0d87c7d3-a534-41ca-bc02-388a28876158,announcement,null,4505ca5d-0961-03c9-5943-ffda2a5ae270,Service Upgrade & New Customer Communication Number,sent,null,2026-05-31 12:36:49.879283+00,2026-05-31 12:36:54.46+00
0d495d9d-8ba2-4779-84c4-873fc783cbda,00000000-0000-0000-0000-000000000001,0d87c7d3-a534-41ca-bc02-388a28876158,announcement,null,a267e3ee-ef69-4d54-8414-357c81b2eb3c,Service Upgrade & New Customer Communication Number,sent,null,2026-05-31 12:36:49.879283+00,2026-05-31 12:37:05.435+00
1878de9e-c12a-46d9-ad98-666456bbc9c8,00000000-0000-0000-0000-000000000001,0d87c7d3-a534-41ca-bc02-388a28876158,announcement,null,79d4d3fe-73c5-a965-030f-c60220ee20cb,Service Upgrade & New Customer Communication Number,sent,null,2026-05-31 12:36:49.879283+00,2026-05-31 12:36:54.46+00
1abf07f1-dee1-41af-b76b-2e4cdddf09fe,00000000-0000-0000-0000-000000000001,0d87c7d3-a534-41ca-bc02-388a28876158,announcement,null,18788fe2-f6a2-826e-2199-6cec118c6d00,Service Upgrade & New Customer Communication Number,sent,null,2026-05-31 12:36:49.879283+00,2026-05-31 12:36:54.46+00
1b3ddfde-d8cc-4274-ab13-1b3a583d91e6,00000000-0000-0000-0000-000000000001,0d87c7d3-a534-41ca-bc02-388a28876158,announcement,null,8b018cc7-2387-99c8-5b29-d1ab1f7b635e,Service Upgrade & New Customer Communication Number,sent,null,2026-05-31 12:36:49.879283+00,2026-05-31 12:37:01.771+00
1d87d981-95eb-40af-a15e-63ac2239a317,00000000-0000-0000-0000-000000000001,0d87c7d3-a534-41ca-bc02-388a28876158,announcement,null,3b27dc97-dafa-0480-7b61-5549a3ea7eee,Service Upgrade & New Customer Communication Number,sent,null,2026-05-31 12:36:49.879283+00,2026-05-31 12:36:54.46+00
1db58882-e1ef-4d8b-bcfd-612cb88a495f,00000000-0000-0000-0000-000000000001,0d87c7d3-a534-41ca-bc02-388a28876158,announcement,null,cda37b51-1bbc-af0d-a560-49af88fdc751,Service Upgrade & New Customer Communication Number,sent,null,2026-05-31 12:36:49.879283+00,2026-05-31 12:36:54.46+00
1f88d77d-8561-4919-8f18-d3ffda7cb385,00000000-0000-0000-0000-000000000001,0d87c7d3-a534-41ca-bc02-388a28876158,announcement,null,a7dadee2-80e3-eba0-084f-5f1847bb3aa4,Service Upgrade & New Customer Communication Number,sent,null,2026-05-31 12:36:49.879283+00,2026-05-31 12:36:54.46+00
22d199ae-90fd-42ff-9078-468ed7ba74c6,00000000-0000-0000-0000-000000000001,0d87c7d3-a534-41ca-bc02-388a28876158,announcement,null,417cb75b-9992-4df9-28ae-ad4d2313621f,Service Upgrade & New Customer Communication Number,sent,null,2026-05-31 12:36:49.879283+00,2026-05-31 12:36:58.576+00
260a23a9-1dc9-499f-8a26-d9ec8b6c89e4,00000000-0000-0000-0000-000000000001,0d87c7d3-a534-41ca-bc02-388a28876158,announcement,null,c49181cd-07c5-4c6a-a996-4146d002c886,Service Upgrade & New Customer Communication Number,sent,null,2026-05-31 12:36:49.879283+00,2026-05-31 12:36:54.46+00
30437539-b47e-44ec-84f7-4748561e190b,00000000-0000-0000-0000-000000000001,0d87c7d3-a534-41ca-bc02-388a28876158,announcement,null,93eb3d6a-d35b-ef1f-83b8-7430b6ad1674,Service Upgrade & New Customer Communication Number,sent,null,2026-05-31 12:36:49.879283+00,2026-05-31 12:37:01.771+00
343eeaa3-6677-4e1c-816e-750c51bfdb9d,00000000-0000-0000-0000-000000000001,0d87c7d3-a534-41ca-bc02-388a28876158,announcement,null,706ec709-36e3-4de0-a55a-522efd0b3957,Service Upgrade & New Customer Communication Number,sent,null,2026-05-31 12:36:49.879283+00,2026-05-31 12:37:05.435+00
38d20535-c803-40df-8f65-ed1244d6eab6,00000000-0000-0000-0000-000000000001,0d87c7d3-a534-41ca-bc02-388a28876158,announcement,null,9c88cc60-ea13-4dd1-9930-ca14ff0c6aa0,Service Upgrade & New Customer Communication Number,sent,null,2026-05-31 12:36:49.879283+00,2026-05-31 12:36:58.576+00
38ff18d7-ca46-47a6-a0d3-1b9df90443f0,00000000-0000-0000-0000-000000000001,0d87c7d3-a534-41ca-bc02-388a28876158,announcement,null,1dc2bdca-ae79-4cd5-9d74-961c02cce282,Service Upgrade & New Customer Communication Number,sent,null,2026-05-31 12:36:49.879283+00,2026-05-31 12:36:54.46+00
3afc838d-7abb-477d-9410-c3567e052d9c,00000000-0000-0000-0000-000000000001,0d87c7d3-a534-41ca-bc02-388a28876158,announcement,null,d8c4b3c5-9b2a-4c6e-b1e8-0a98c9175234,Service Upgrade & New Customer Communication Number,sent,null,2026-05-31 12:36:49.879283+00,2026-05-31 12:36:58.576+00
3bf4dd1a-4648-4a11-a11f-86d9bb1d679a,00000000-0000-0000-0000-000000000001,0d87c7d3-a534-41ca-bc02-388a28876158,announcement,null,25ef6338-6197-45a8-82d9-ddd0a846f1b2,Service Upgrade & New Customer Communication Number,sent,null,2026-05-31 12:36:49.879283+00,2026-05-31 12:37:01.771+00
4380c81d-45b6-450a-90f4-aa8666f4cec4,00000000-0000-0000-0000-000000000001,0d87c7d3-a534-41ca-bc02-388a28876158,announcement,null,491b8136-32a1-37c5-5253-b53ff3991d86,Service Upgrade & New Customer Communication Number,sent,null,2026-05-31 12:36:49.879283+00,2026-05-31 12:36:58.576+00
43c19fd6-5fbf-47b6-a50e-a63543e61909,00000000-0000-0000-0000-000000000001,0d87c7d3-a534-41ca-bc02-388a28876158,announcement,null,d257c87f-0e42-048c-8409-362e925d86fc,Service Upgrade & New Customer Communication Number,sent,null,2026-05-31 12:36:49.879283+00,2026-05-31 12:37:01.771+00
46e5203a-e408-47a8-ba23-26959086214f,00000000-0000-0000-0000-000000000001,0d87c7d3-a534-41ca-bc02-388a28876158,announcement,null,d6d6b302-4f36-4d0b-8751-2dceccd295bd,Service Upgrade & New Customer Communication Number,sent,null,2026-05-31 12:36:49.879283+00,2026-05-31 12:37:01.771+00
47b17a91-a25c-4f60-96c0-d78cf495a8fa,00000000-0000-0000-0000-000000000001,0d87c7d3-a534-41ca-bc02-388a28876158,announcement,null,8971261e-a813-477f-94c0-0a9661dc4c34,Service Upgrade & New Customer Communication Number,sent,null,2026-05-31 12:36:49.879283+00,2026-05-31 12:37:01.771+00
4af841c8-588e-4ece-8c80-04dd62c284f4,00000000-0000-0000-0000-000000000001,0d87c7d3-a534-41ca-bc02-388a28876158,announcement,null,4628a4bf-d4c5-9e5d-471c-271b9f3e7d03,Service Upgrade & New Customer Communication Number,sent,null,2026-05-31 12:36:49.879283+00,2026-05-31 12:37:05.435+00
4de61239-3dcd-4a08-8a56-1a831189ac73,00000000-0000-0000-0000-000000000001,0d87c7d3-a534-41ca-bc02-388a28876158,announcement,null,f295149c-bcb1-4d48-93ce-d2ea593d29c3,Service Upgrade & New Customer Communication Number,sent,null,2026-05-31 12:36:49.879283+00,2026-05-31 12:36:58.576+00
5671122d-daa5-4b7d-9db5-f3e6df93358f,00000000-0000-0000-0000-000000000001,0d87c7d3-a534-41ca-bc02-388a28876158,announcement,null,f284b25b-d762-1399-a12e-ba7ffa6b6f97,Service Upgrade & New Customer Communication Number,sent,null,2026-05-31 12:36:49.879283+00,2026-05-31 12:37:01.771+00
5bd4cb5d-9f5e-404c-bb96-1f8adfac6697,00000000-0000-0000-0000-000000000001,0d87c7d3-a534-41ca-bc02-388a28876158,announcement,null,83f51f9d-9d36-eda9-e7fb-5b1badbbd5d9,Service Upgrade & New Customer Communication Number,sent,null,2026-05-31 12:36:49.879283+00,2026-05-31 12:36:54.46+00
6087982f-e8d1-4b0d-b0f2-c48ff8656b07,00000000-0000-0000-0000-000000000001,0d87c7d3-a534-41ca-bc02-388a28876158,announcement,null,1a3b6c74-26e1-7124-0b5c-7f783d71624d,Service Upgrade & New Customer Communication Number,sent,null,2026-05-31 12:36:49.879283+00,2026-05-31 12:36:58.576+00
639c18d2-6438-400e-b7c6-50e09ffa5d21,00000000-0000-0000-0000-000000000001,0d87c7d3-a534-41ca-bc02-388a28876158,announcement,null,55e6e452-fae2-a5ac-3c12-21424bffbcac,Service Upgrade & New Customer Communication Number,sent,null,2026-05-31 12:36:49.879283+00,2026-05-31 12:36:58.576+00
6495c375-71ef-4a70-86bf-be6bf7ace5e8,00000000-0000-0000-0000-000000000001,0d87c7d3-a534-41ca-bc02-388a28876158,announcement,null,791c16c3-5afa-4081-a47c-53439979e5b3,Service Upgrade & New Customer Communication Number,sent,null,2026-05-31 12:36:49.879283+00,2026-05-31 12:36:54.46+00
6771d238-e529-421a-964f-1549fb7b705e,00000000-0000-0000-0000-000000000001,0d87c7d3-a534-41ca-bc02-388a28876158,announcement,null,2c05db07-e980-4d52-a524-1b1ee5185554,Service Upgrade & New Customer Communication Number,sent,null,2026-05-31 12:36:49.879283+00,2026-05-31 12:36:58.576+00
70005310-fe29-4c8e-812d-08a541009e49,00000000-0000-0000-0000-000000000001,0d87c7d3-a534-41ca-bc02-388a28876158,announcement,null,edee54e5-b970-ea10-551f-b156c26d8f0a,Service Upgrade & New Customer Communication Number,sent,null,2026-05-31 12:36:49.879283+00,2026-05-31 12:36:58.576+00
7343f8f3-ea6a-48cf-af5b-f34f929ffd1b,00000000-0000-0000-0000-000000000001,0d87c7d3-a534-41ca-bc02-388a28876158,announcement,null,a4ef95bf-1c7c-4c4d-0497-ae38085af6cc,Service Upgrade & New Customer Communication Number,sent,null,2026-05-31 12:36:49.879283+00,2026-05-31 12:37:05.435+00
76ffd5ff-5cba-4967-acd3-98dd577284ea,00000000-0000-0000-0000-000000000001,0d87c7d3-a534-41ca-bc02-388a28876158,announcement,null,2c1980eb-be51-916e-8f61-1e8fe83afb0c,Service Upgrade & New Customer Communication Number,sent,null,2026-05-31 12:36:49.879283+00,2026-05-31 12:36:54.46+00
774b6daa-d28f-48ca-b107-5d87a43ed045,00000000-0000-0000-0000-000000000001,0d87c7d3-a534-41ca-bc02-388a28876158,announcement,null,d77b5c1e-605d-6795-5eee-1e2f9b83e069,Service Upgrade & New Customer Communication Number,sent,null,2026-05-31 12:36:49.879283+00,2026-05-31 12:37:01.771+00
863e5c42-7d0b-4373-ab20-fc2393a2da03,00000000-0000-0000-0000-000000000001,0d87c7d3-a534-41ca-bc02-388a28876158,announcement,null,d751c131-c1c9-4f5c-88f8-7e4c6cb710b3,Service Upgrade & New Customer Communication Number,sent,null,2026-05-31 12:36:49.879283+00,2026-05-31 12:36:58.576+00
8da7e0d9-a927-4265-9c2f-d2b561db61f2,00000000-0000-0000-0000-000000000001,0d87c7d3-a534-41ca-bc02-388a28876158,announcement,null,f9eb9b23-5f60-4ec4-b990-8313323bb759,Service Upgrade & New Customer Communication Number,sent,null,2026-05-31 12:36:49.879283+00,2026-05-31 12:36:58.576+00
914cb87d-52d1-44b2-bae1-bf4f077ec116,00000000-0000-0000-0000-000000000001,0d87c7d3-a534-41ca-bc02-388a28876158,announcement,null,8b48adf3-c14a-fa6d-9785-b4bcb35f8fbb,Service Upgrade & New Customer Communication Number,sent,null,2026-05-31 12:36:49.879283+00,2026-05-31 12:37:05.435+00
98ecc2b1-886f-4454-bcee-2c61d90947e2,00000000-0000-0000-0000-000000000001,0d87c7d3-a534-41ca-bc02-388a28876158,announcement,null,bb91db20-f031-af83-8e52-9b613ace7567,Service Upgrade & New Customer Communication Number,sent,null,2026-05-31 12:36:49.879283+00,2026-05-31 12:37:01.771+00
9d34c41a-759c-4ae0-bebe-d0ecbac4a322,00000000-0000-0000-0000-000000000001,0d87c7d3-a534-41ca-bc02-388a28876158,announcement,null,f38ac232-fe6f-44f8-955c-18c46b4db738,Service Upgrade & New Customer Communication Number,sent,null,2026-05-31 12:36:49.879283+00,2026-05-31 12:36:58.576+00
9d451cb3-a772-489c-a6cc-184364931c5f,00000000-0000-0000-0000-000000000001,0d87c7d3-a534-41ca-bc02-388a28876158,announcement,null,86cd2239-fa55-0389-437e-e8fd505dc931,Service Upgrade & New Customer Communication Number,sent,null,2026-05-31 12:36:49.879283+00,2026-05-31 12:36:58.576+00
9d696503-fa6c-4fab-98e4-6b97ecca49fe,00000000-0000-0000-0000-000000000001,0d87c7d3-a534-41ca-bc02-388a28876158,announcement,null,53416e34-aaed-471f-937d-0fea74c444b8,Service Upgrade & New Customer Communication Number,sent,null,2026-05-31 12:36:49.879283+00,2026-05-31 12:36:54.46+00
a3abeefe-60e8-46f9-8af0-04b7369fe7f0,00000000-0000-0000-0000-000000000001,0d87c7d3-a534-41ca-bc02-388a28876158,announcement,null,82be44de-b1d6-4e48-e6bb-33ec98b83c7d,Service Upgrade & New Customer Communication Number,sent,null,2026-05-31 12:36:49.879283+00,2026-05-31 12:37:05.435+00
a53db3ca-323e-48bb-be0b-ed44b580cb80,00000000-0000-0000-0000-000000000001,0d87c7d3-a534-41ca-bc02-388a28876158,announcement,null,9e188cc2-9f75-4d15-8fa3-9348236cae71,Service Upgrade & New Customer Communication Number,sent,null,2026-05-31 12:36:49.879283+00,2026-05-31 12:36:54.46+00
a7328c70-bbc8-49a1-944e-f0ef0212738c,00000000-0000-0000-0000-000000000001,0d87c7d3-a534-41ca-bc02-388a28876158,announcement,null,cb2574c2-6caf-4598-82dc-12b9569a6451,Service Upgrade & New Customer Communication Number,sent,null,2026-05-31 12:36:49.879283+00,2026-05-31 12:37:01.771+00
aa5629b5-f6af-44ab-8902-5f7858b5e56c,00000000-0000-0000-0000-000000000001,0d87c7d3-a534-41ca-bc02-388a28876158,announcement,null,8123af5e-305b-80f8-20db-4d54b7f628c7,Service Upgrade & New Customer Communication Number,sent,null,2026-05-31 12:36:49.879283+00,2026-05-31 12:37:01.771+00
aa5d6c4d-9ad2-4b5e-9322-4bd7ff0eb742,00000000-0000-0000-0000-000000000001,0d87c7d3-a534-41ca-bc02-388a28876158,announcement,null,122c395f-56fd-4482-fe33-7fa3c3cd30b5,Service Upgrade & New Customer Communication Number,sent,null,2026-05-31 12:36:49.879283+00,2026-05-31 12:36:58.576+00
aab6a3eb-4e8e-4a83-928c-8eb305a0c7bb,00000000-0000-0000-0000-000000000001,0d87c7d3-a534-41ca-bc02-388a28876158,announcement,null,1a171004-7682-1c39-e6a2-758b668c33b0,Service Upgrade & New Customer Communication Number,sent,null,2026-05-31 12:36:49.879283+00,2026-05-31 12:36:54.46+00
ad21e9f2-dd44-47ce-b803-3d0c9e3e16a3,00000000-0000-0000-0000-000000000001,0d87c7d3-a534-41ca-bc02-388a28876158,announcement,null,94927866-7ca0-4311-b799-972822792cb8,Service Upgrade & New Customer Communication Number,sent,null,2026-05-31 12:36:49.879283+00,2026-05-31 12:37:01.771+00
aeb83591-dce1-4d43-a140-d7c184a40ced,00000000-0000-0000-0000-000000000001,0d87c7d3-a534-41ca-bc02-388a28876158,announcement,null,5527e05d-475b-45ed-a6f4-284340eed262,Service Upgrade & New Customer Communication Number,sent,null,2026-05-31 12:36:49.879283+00,2026-05-31 12:36:54.46+00
b03ba558-e2f5-4291-904b-c8f43a6f4614,00000000-0000-0000-0000-000000000001,0d87c7d3-a534-41ca-bc02-388a28876158,announcement,null,1261d726-9481-43dd-bac5-f1b158c8ab32,Service Upgrade & New Customer Communication Number,sent,null,2026-05-31 12:36:49.879283+00,2026-05-31 12:37:01.771+00
c1aa7372-52cd-454a-a291-10a1588c4861,00000000-0000-0000-0000-000000000001,0d87c7d3-a534-41ca-bc02-388a28876158,announcement,null,51c3d3a9-bfa0-4a8e-a687-3ef46bc022cc,Service Upgrade & New Customer Communication Number,sent,null,2026-05-31 12:36:49.879283+00,2026-05-31 12:36:58.576+00
c4566141-9d17-47fd-aeb7-c88336c326bb,00000000-0000-0000-0000-000000000001,0d87c7d3-a534-41ca-bc02-388a28876158,announcement,null,521635f8-15aa-4ce1-ab2f-276095cbbe1a,Service Upgrade & New Customer Communication Number,sent,null,2026-05-31 12:36:49.879283+00,2026-05-31 12:36:58.576+00
c5b9d156-490b-4a61-be5d-93a11dc3b733,00000000-0000-0000-0000-000000000001,0d87c7d3-a534-41ca-bc02-388a28876158,announcement,null,950dd22f-78fa-d205-48b3-fe5a5cc7438e,Service Upgrade & New Customer Communication Number,sent,null,2026-05-31 12:36:49.879283+00,2026-05-31 12:37:01.771+00
c8654b2a-1fb8-447d-9495-791f697a5159,00000000-0000-0000-0000-000000000001,0d87c7d3-a534-41ca-bc02-388a28876158,announcement,null,04ba1c6f-6c06-819d-9ecc-a0c5f795b922,Service Upgrade & New Customer Communication Number,sent,null,2026-05-31 12:36:49.879283+00,2026-05-31 12:37:01.771+00
c9506f98-0199-48ea-88ec-ffb0549f1bb2,00000000-0000-0000-0000-000000000001,0d87c7d3-a534-41ca-bc02-388a28876158,announcement,null,c3c77367-5f51-f7a7-e667-0e3480f53751,Service Upgrade & New Customer Communication Number,sent,null,2026-05-31 12:36:49.879283+00,2026-05-31 12:36:58.576+00
ca70f346-e03e-44ff-b88b-977b938836f8,00000000-0000-0000-0000-000000000001,0d87c7d3-a534-41ca-bc02-388a28876158,announcement,null,b3002707-86e9-43d5-956d-cf108fb6a23f,Service Upgrade & New Customer Communication Number,sent,null,2026-05-31 12:36:49.879283+00,2026-05-31 12:36:54.46+00
ccffdf0a-45a0-46e4-af80-da5e7e33980a,00000000-0000-0000-0000-000000000001,0d87c7d3-a534-41ca-bc02-388a28876158,announcement,null,389859df-460c-4966-a71d-eb7bbebae67b,Service Upgrade & New Customer Communication Number,sent,null,2026-05-31 12:36:49.879283+00,2026-05-31 12:37:01.771+00
cf360dff-b168-48ec-9e37-218d7a1f9254,00000000-0000-0000-0000-000000000001,0d87c7d3-a534-41ca-bc02-388a28876158,announcement,null,5fee0a79-3970-704a-2332-f7c7598e86c1,Service Upgrade & New Customer Communication Number,sent,null,2026-05-31 12:36:49.879283+00,2026-05-31 12:36:54.46+00
cfaa0f55-e2a1-45fe-b5cb-204e1329b0bc,00000000-0000-0000-0000-000000000001,0d87c7d3-a534-41ca-bc02-388a28876158,announcement,null,be84008a-74d3-3cc1-6fd6-bcef998f7bff,Service Upgrade & New Customer Communication Number,sent,null,2026-05-31 12:36:49.879283+00,2026-05-31 12:36:58.576+00
d20c6826-feae-4619-987d-b87157b96e63,00000000-0000-0000-0000-000000000001,0d87c7d3-a534-41ca-bc02-388a28876158,announcement,null,d2449d75-0593-4deb-a6c2-fae99fc83ab0,Service Upgrade & New Customer Communication Number,sent,null,2026-05-31 12:36:49.879283+00,2026-05-31 12:36:54.46+00
d6e907af-d709-4ae9-a0b9-89acd67e3bf5,00000000-0000-0000-0000-000000000001,0d87c7d3-a534-41ca-bc02-388a28876158,announcement,null,a467df39-5ec5-465e-a471-e2b54be7bc71,Service Upgrade & New Customer Communication Number,sent,null,2026-05-31 12:36:49.879283+00,2026-05-31 12:36:54.46+00
dae6f8c5-8f44-4d41-bee8-f29ac381cab5,00000000-0000-0000-0000-000000000001,0d87c7d3-a534-41ca-bc02-388a28876158,announcement,null,104a66bf-0d87-2acc-ec03-a73d1c1cfd53,Service Upgrade & New Customer Communication Number,sent,null,2026-05-31 12:36:49.879283+00,2026-05-31 12:36:58.576+00
de19b3c3-5fdd-40db-ae47-f72b5b5a58c6,00000000-0000-0000-0000-000000000001,0d87c7d3-a534-41ca-bc02-388a28876158,announcement,null,238b347e-e7e9-b1a3-31a8-a2f8fed99f55,Service Upgrade & New Customer Communication Number,sent,null,2026-05-31 12:36:49.879283+00,2026-05-31 12:37:05.435+00
e161727f-94fd-44d2-a5f0-810473dff26e,00000000-0000-0000-0000-000000000001,0d87c7d3-a534-41ca-bc02-388a28876158,announcement,null,2ac2da6e-0954-f906-32d7-a1f55477c590,Service Upgrade & New Customer Communication Number,sent,null,2026-05-31 12:36:49.879283+00,2026-05-31 12:36:54.46+00
e3eb55e2-1afc-42e2-925f-77f85c385e64,00000000-0000-0000-0000-000000000001,0d87c7d3-a534-41ca-bc02-388a28876158,announcement,null,8709ca2e-a8a6-48a4-b8ce-e813c4796ab9,Service Upgrade & New Customer Communication Number,sent,null,2026-05-31 12:36:49.879283+00,2026-05-31 12:36:54.46+00
e61b5c7b-7048-479f-8f53-d6f2eb9e1393,00000000-0000-0000-0000-000000000001,0d87c7d3-a534-41ca-bc02-388a28876158,announcement,null,8e125a87-1a3e-4b52-855b-635c06bafd87,Service Upgrade & New Customer Communication Number,sent,null,2026-05-31 12:36:49.879283+00,2026-05-31 12:36:54.46+00
e75fbb62-be4a-479e-9743-641180bd7f35,00000000-0000-0000-0000-000000000001,0d87c7d3-a534-41ca-bc02-388a28876158,announcement,null,1bc75090-ac1a-44a6-bb22-f211aca7c760,Service Upgrade & New Customer Communication Number,sent,null,2026-05-31 12:36:49.879283+00,2026-05-31 12:37:01.771+00
e854999f-400c-4ed8-b07a-3bf19f473ca7,00000000-0000-0000-0000-000000000001,0d87c7d3-a534-41ca-bc02-388a28876158,announcement,null,25aa2406-e171-b558-8249-7a525d126d8f,Service Upgrade & New Customer Communication Number,sent,null,2026-05-31 12:36:49.879283+00,2026-05-31 12:36:54.46+00
e88ccd81-70d1-4d52-af87-73884136e68c,00000000-0000-0000-0000-000000000001,0d87c7d3-a534-41ca-bc02-388a28876158,announcement,null,a7798da2-f8ee-1840-a1f3-f29a9e764b97,Service Upgrade & New Customer Communication Number,sent,null,2026-05-31 12:36:49.879283+00,2026-05-31 12:36:58.576+00
e8a8e978-8060-4124-8116-69c452e00235,00000000-0000-0000-0000-000000000001,0d87c7d3-a534-41ca-bc02-388a28876158,announcement,null,bcf8ffc1-fd5c-f6ab-0453-7a73c73786dd,Service Upgrade & New Customer Communication Number,sent,null,2026-05-31 12:36:49.879283+00,2026-05-31 12:37:01.771+00
e8f2f867-ec55-4095-afe9-c6948b392bf1,00000000-0000-0000-0000-000000000001,0d87c7d3-a534-41ca-bc02-388a28876158,announcement,null,4c4ad4c9-59bf-f152-d0ff-6502ec564cc9,Service Upgrade & New Customer Communication Number,sent,null,2026-05-31 12:36:49.879283+00,2026-05-31 12:36:58.576+00
eba37c22-89d9-4909-8b06-d596f724afd0,00000000-0000-0000-0000-000000000001,0d87c7d3-a534-41ca-bc02-388a28876158,announcement,null,fc8a412e-e0d4-35e1-37fa-5f798b7dc7f4,Service Upgrade & New Customer Communication Number,sent,null,2026-05-31 12:36:49.879283+00,2026-05-31 12:37:01.771+00
edd39fcc-2df3-4ccd-b6a0-8fe22f390724,00000000-0000-0000-0000-000000000001,0d87c7d3-a534-41ca-bc02-388a28876158,announcement,null,1218c50c-4da4-4f61-baec-5182a25958e3,Service Upgrade & New Customer Communication Number,sent,null,2026-05-31 12:36:49.879283+00,2026-05-31 12:37:01.771+00
f103c74f-9b1d-41a2-ae8a-9a8e0f74f156,00000000-0000-0000-0000-000000000001,0d87c7d3-a534-41ca-bc02-388a28876158,announcement,null,1932ea80-c6eb-874e-eca8-12410fa7a608,Service Upgrade & New Customer Communication Number,sent,null,2026-05-31 12:36:49.879283+00,2026-05-31 12:36:54.46+00
f8d1773f-42a6-47e8-a396-b5e106e209c6,00000000-0000-0000-0000-000000000001,0d87c7d3-a534-41ca-bc02-388a28876158,announcement,null,c09e703c-d287-38c8-d1c1-239145e17df9,Service Upgrade & New Customer Communication Number,sent,null,2026-05-31 12:36:49.879283+00,2026-05-31 12:37:01.771+00
f906f0e6-90b1-40bb-bbb9-3a7ec5b95bba,00000000-0000-0000-0000-000000000001,0d87c7d3-a534-41ca-bc02-388a28876158,announcement,null,df5ea39c-c069-5211-271d-f0d3831adefa,Service Upgrade & New Customer Communication Number,sent,null,2026-05-31 12:36:49.879283+00,2026-05-31 12:37:05.435+00
fb03aeb8-3e36-4991-9532-e1233b553b15,00000000-0000-0000-0000-000000000001,0d87c7d3-a534-41ca-bc02-388a28876158,announcement,null,77dd12b8-a20b-05c8-2372-79ba1b1624a9,Service Upgrade & New Customer Communication Number,sent,null,2026-05-31 12:36:49.879283+00,2026-05-31 12:37:01.771+00
fb20a29c-1a1f-440d-9187-d74d716d1026,00000000-0000-0000-0000-000000000001,0d87c7d3-a534-41ca-bc02-388a28876158,announcement,null,2ba81159-3fd3-401a-b806-4cf09e7dce86,Service Upgrade & New Customer Communication Number,sent,null,2026-05-31 12:36:49.879283+00,2026-05-31 12:36:58.576+00
fb69e7a6-23a0-4359-b678-4a72a97f4631,00000000-0000-0000-0000-000000000001,0d87c7d3-a534-41ca-bc02-388a28876158,announcement,null,de481a65-2fb4-4974-b7db-0ec990ea852d,Service Upgrade & New Customer Communication Number,sent,null,2026-05-31 12:36:49.879283+00,2026-05-31 12:37:01.771+00
fda8cf48-c5b6-4a9c-809d-15610dbe089d,00000000-0000-0000-0000-000000000001,0d87c7d3-a534-41ca-bc02-388a28876158,announcement,null,9653a402-ff75-bbdf-8cc6-1cb0ca01f233,Service Upgrade & New Customer Communication Number,sent,null,2026-05-31 12:36:49.879283+00,2026-05-31 12:37:01.771+00
fdf7ef92-3f7e-4d4f-ba1b-472fd98c99ff,00000000-0000-0000-0000-000000000001,0d87c7d3-a534-41ca-bc02-388a28876158,announcement,null,a6037691-771e-8146-3714-f9dedb8acbcc,Service Upgrade & New Customer Communication Number,sent,null,2026-05-31 12:36:49.879283+00,2026-05-31 12:36:58.576+00
0275e907-9522-4d68-a326-c82d6d591b17,00000000-0000-0000-0000-000000000001,0d87c7d3-a534-41ca-bc02-388a28876158,announcement,null,19214e19-efc4-4eea-8118-944c998e3ab6,Service Upgrade & New Customer Communication Number,sent,null,2026-05-31 12:36:50.005317+00,2026-05-31 12:37:05.435+00
04618f6b-4074-4aef-9eb8-c73197b755df,00000000-0000-0000-0000-000000000001,0d87c7d3-a534-41ca-bc02-388a28876158,announcement,null,a4709d2c-85e2-3d68-7467-1eaf879ba2c9,Service Upgrade & New Customer Communication Number,sent,null,2026-05-31 12:36:50.005317+00,2026-05-31 12:37:15.194+00
0ac5b668-9744-47a5-9763-2757298ced58,00000000-0000-0000-0000-000000000001,0d87c7d3-a534-41ca-bc02-388a28876158,announcement,null,398396b1-f339-683b-4307-b3441615b82a,Service Upgrade & New Customer Communication Number,sent,null,2026-05-31 12:36:50.005317+00,2026-05-31 12:37:11.718+00
0b5dd80e-e7c5-4a54-8360-5b06e29f9b76,00000000-0000-0000-0000-000000000001,0d87c7d3-a534-41ca-bc02-388a28876158,announcement,null,e99afa10-6249-3f5b-4364-da75f89e34f9,Service Upgrade & New Customer Communication Number,sent,null,2026-05-31 12:36:50.005317+00,2026-05-31 12:37:05.435+00
11a73929-95ce-4e5e-ba46-ada8d534ed5c,00000000-0000-0000-0000-000000000001,0d87c7d3-a534-41ca-bc02-388a28876158,announcement,null,e6dde6a9-4da9-d1a2-802a-faf5db207e8e,Service Upgrade & New Customer Communication Number,sent,null,2026-05-31 12:36:50.005317+00,2026-05-31 12:37:11.718+00
163ca5c8-3052-432f-961c-6ad9aa0c07cb,00000000-0000-0000-0000-000000000001,0d87c7d3-a534-41ca-bc02-388a28876158,announcement,null,af8d560f-407a-4e9b-49e9-88f54d8671f4,Service Upgrade & New Customer Communication Number,sent,null,2026-05-31 12:36:50.005317+00,2026-05-31 12:37:11.718+00
192e11b5-146e-4df4-a1ba-a521c9cf4259,00000000-0000-0000-0000-000000000001,0d87c7d3-a534-41ca-bc02-388a28876158,announcement,null,011b7d1c-5697-5394-c05b-fa0473640657,Service Upgrade & New Customer Communication Number,sent,null,2026-05-31 12:36:50.005317+00,2026-05-31 12:37:15.194+00
1969e75c-e3ec-4b6b-91a3-2dff43f2c8a8,00000000-0000-0000-0000-000000000001,0d87c7d3-a534-41ca-bc02-388a28876158,announcement,null,55ca6f7c-112a-ec33-7c1c-987508bc9e41,Service Upgrade & New Customer Communication Number,sent,null,2026-05-31 12:36:50.005317+00,2026-05-31 12:37:11.718+00
202a7120-8c22-45c6-9e64-fef4294a050c,00000000-0000-0000-0000-000000000001,0d87c7d3-a534-41ca-bc02-388a28876158,announcement,null,890b32d9-f754-8150-5a18-8a21fcdf3828,Service Upgrade & New Customer Communication Number,sent,null,2026-05-31 12:36:50.005317+00,2026-05-31 12:37:05.435+00
261a3bc2-9fd3-423f-b9f1-b6c8cb8c8864,00000000-0000-0000-0000-000000000001,0d87c7d3-a534-41ca-bc02-388a28876158,announcement,null,5b45a840-9d6c-242e-0e2f-2e2c972c2eec,Service Upgrade & New Customer Communication Number,sent,null,2026-05-31 12:36:50.005317+00,2026-05-31 12:37:05.435+00
2706ae6a-8001-4e66-8aef-ed7ea2ad746a,00000000-0000-0000-0000-000000000001,0d87c7d3-a534-41ca-bc02-388a28876158,announcement,null,854c86e3-8b7f-0ca8-f4ac-c6a073699611,Service Upgrade & New Customer Communication Number,sent,null,2026-05-31 12:36:50.005317+00,2026-05-31 12:37:11.718+00
2fd35056-c54d-4524-b892-080724625405,00000000-0000-0000-0000-000000000001,0d87c7d3-a534-41ca-bc02-388a28876158,announcement,null,f2a00e3d-de04-40a3-6f41-a3ebfcab4a3c,Service Upgrade & New Customer Communication Number,sent,null,2026-05-31 12:36:50.005317+00,2026-05-31 12:37:15.194+00
32e63b12-2f66-41c7-b01a-d2a07bd3715e,00000000-0000-0000-0000-000000000001,0d87c7d3-a534-41ca-bc02-388a28876158,announcement,null,66fbcb59-3d06-d8cc-b1d5-53f38a599207,Service Upgrade & New Customer Communication Number,sent,null,2026-05-31 12:36:50.005317+00,2026-05-31 12:37:08.599+00
3a5ee630-aeeb-41d8-b1a1-1065424350a2,00000000-0000-0000-0000-000000000001,0d87c7d3-a534-41ca-bc02-388a28876158,announcement,null,c39e5b6a-5497-09b6-25cc-89f1ea8a608c,Service Upgrade & New Customer Communication Number,sent,null,2026-05-31 12:36:50.005317+00,2026-05-31 12:37:08.599+00
3b3f231e-4608-4917-adce-5c7ca05ce3c0,00000000-0000-0000-0000-000000000001,0d87c7d3-a534-41ca-bc02-388a28876158,announcement,null,e85daa48-7686-4c0f-afdb-f0bba0670510,Service Upgrade & New Customer Communication Number,sent,null,2026-05-31 12:36:50.005317+00,2026-05-31 12:37:08.599+00
412cd367-8d5f-4bc8-8fa0-7e0543d8c37a,00000000-0000-0000-0000-000000000001,0d87c7d3-a534-41ca-bc02-388a28876158,announcement,null,630c8120-bdbc-832c-24ca-aca9e6b49891,Service Upgrade & New Customer Communication Number,sent,null,2026-05-31 12:36:50.005317+00,2026-05-31 12:37:15.194+00
45b6baaf-9b4d-4d04-8c6a-b72d7db68fdc,00000000-0000-0000-0000-000000000001,0d87c7d3-a534-41ca-bc02-388a28876158,announcement,null,d497808b-36e2-ea42-d247-85b4e409078c,Service Upgrade & New Customer Communication Number,sent,null,2026-05-31 12:36:50.005317+00,2026-05-31 12:37:15.194+00
484812f6-88ac-41e1-a2f2-9e0e95633d89,00000000-0000-0000-0000-000000000001,0d87c7d3-a534-41ca-bc02-388a28876158,announcement,null,00ff5468-3680-2a12-23e4-82855ab3c697,Service Upgrade & New Customer Communication Number,sent,null,2026-05-31 12:36:50.005317+00,2026-05-31 12:37:11.718+00
4a3daf56-05ce-4911-9bbb-a41404a4aacb,00000000-0000-0000-0000-000000000001,0d87c7d3-a534-41ca-bc02-388a28876158,announcement,null,c2329858-525d-2f70-5e31-bf9a8358eb3e,Service Upgrade & New Customer Communication Number,sent,null,2026-05-31 12:36:50.005317+00,2026-05-31 12:37:11.718+00
4c287206-d0a6-41c9-bf41-dff4509f8024,00000000-0000-0000-0000-000000000001,0d87c7d3-a534-41ca-bc02-388a28876158,announcement,null,38305983-db92-2c3c-7949-96f7ca7833eb,Service Upgrade & New Customer Communication Number,sent,null,2026-05-31 12:36:50.005317+00,2026-05-31 12:37:08.599+00
4e12808a-e813-42ae-9b50-3a0397af60f3,00000000-0000-0000-0000-000000000001,0d87c7d3-a534-41ca-bc02-388a28876158,announcement,null,8fd367e7-7404-4ef6-530b-a40219a48f1e,Service Upgrade & New Customer Communication Number,sent,null,2026-05-31 12:36:50.005317+00,2026-05-31 12:37:08.599+00
5037efcd-baf6-43ba-bf62-48bddba5abf2,00000000-0000-0000-0000-000000000001,0d87c7d3-a534-41ca-bc02-388a28876158,announcement,null,73715344-908a-b7fa-00cc-34358ffb16f0,Service Upgrade & New Customer Communication Number,sent,null,2026-05-31 12:36:50.005317+00,2026-05-31 12:37:08.599+00
50666055-2c12-4036-8ff6-5810254aecb9,00000000-0000-0000-0000-000000000001,0d87c7d3-a534-41ca-bc02-388a28876158,announcement,null,1422ace8-beea-6d1b-73fd-1d30597b40d5,Service Upgrade & New Customer Communication Number,sent,null,2026-05-31 12:36:50.005317+00,2026-05-31 12:37:11.718+00
53a6f2af-68e8-4869-adba-f9f6c309d5c9,00000000-0000-0000-0000-000000000001,0d87c7d3-a534-41ca-bc02-388a28876158,announcement,null,af12a12c-92bf-088b-3073-292fe4dfc478,Service Upgrade & New Customer Communication Number,sent,null,2026-05-31 12:36:50.005317+00,2026-05-31 12:37:08.599+00
55886974-6337-43a8-a9e7-a302a0e640ed,00000000-0000-0000-0000-000000000001,0d87c7d3-a534-41ca-bc02-388a28876158,announcement,null,9541a16d-d020-eb78-80f1-a4a2d4b7775f,Service Upgrade & New Customer Communication Number,sent,null,2026-05-31 12:36:50.005317+00,2026-05-31 12:37:11.718+00
56b3ce1f-cf28-4731-b00e-2a1ddde76ae4,00000000-0000-0000-0000-000000000001,0d87c7d3-a534-41ca-bc02-388a28876158,announcement,null,11e96dd2-92f4-f793-56db-439d5b3de156,Service Upgrade & New Customer Communication Number,sent,null,2026-05-31 12:36:50.005317+00,2026-05-31 12:37:08.599+00
5a25008e-f080-4ea9-8208-4ace1241341f,00000000-0000-0000-0000-000000000001,0d87c7d3-a534-41ca-bc02-388a28876158,announcement,null,b6263381-5732-4544-952b-edde50fdfc28,Service Upgrade & New Customer Communication Number,sent,null,2026-05-31 12:36:50.005317+00,2026-05-31 12:37:05.435+00
5a30c9d1-54c7-4433-9d7b-6b4757681560,00000000-0000-0000-0000-000000000001,0d87c7d3-a534-41ca-bc02-388a28876158,announcement,null,1287ac56-adee-78b5-6a6b-56b3e8dd7d48,Service Upgrade & New Customer Communication Number,sent,null,2026-05-31 12:36:50.005317+00,2026-05-31 12:37:11.718+00
5c0b7aaf-e17c-41cc-bff9-a27ebefe426f,00000000-0000-0000-0000-000000000001,0d87c7d3-a534-41ca-bc02-388a28876158,announcement,null,be68c44d-d4d2-478a-7b1e-c9c3fefac406,Service Upgrade & New Customer Communication Number,sent,null,2026-05-31 12:36:50.005317+00,2026-05-31 12:37:11.718+00
5d7f8c6b-45d3-43e7-a72b-3f1fc528a9a5,00000000-0000-0000-0000-000000000001,0d87c7d3-a534-41ca-bc02-388a28876158,announcement,null,61031b0a-ef18-26aa-64b7-d412d7b3d276,Service Upgrade & New Customer Communication Number,sent,null,2026-05-31 12:36:50.005317+00,2026-05-31 12:37:15.194+00
5eea5878-6175-4eda-a354-2cf1c2cb7c88,00000000-0000-0000-0000-000000000001,0d87c7d3-a534-41ca-bc02-388a28876158,announcement,null,f91c2854-a88b-4630-b2a6-c48401e4dd14,Service Upgrade & New Customer Communication Number,sent,null,2026-05-31 12:36:50.005317+00,2026-05-31 12:37:05.435+00
64ae9846-1a58-4ef3-a56e-7558682366be,00000000-0000-0000-0000-000000000001,0d87c7d3-a534-41ca-bc02-388a28876158,announcement,null,38069f8b-d44e-0b86-a0d1-dafac5ae1232,Service Upgrade & New Customer Communication Number,sent,null,2026-05-31 12:36:50.005317+00,2026-05-31 12:37:11.718+00
657a6eca-2552-4c7e-a5c4-46de2d16f84b,00000000-0000-0000-0000-000000000001,0d87c7d3-a534-41ca-bc02-388a28876158,announcement,null,073e4bd7-f1f1-49d3-604f-c365b9952a6c,Service Upgrade & New Customer Communication Number,sent,null,2026-05-31 12:36:50.005317+00,2026-05-31 12:37:08.599+00
67b53971-f5c7-47cd-8592-631c90fcc7fa,00000000-0000-0000-0000-000000000001,0d87c7d3-a534-41ca-bc02-388a28876158,announcement,null,2b785f57-1c4f-d4a8-d486-b69e7b2db5bc,Service Upgrade & New Customer Communication Number,sent,null,2026-05-31 12:36:50.005317+00,2026-05-31 12:37:08.599+00
6d7ebef1-b11f-4dd7-b6a5-499534eec37a,00000000-0000-0000-0000-000000000001,0d87c7d3-a534-41ca-bc02-388a28876158,announcement,null,d178a884-0bd1-601d-4cd1-042bac71c6db,Service Upgrade & New Customer Communication Number,sent,null,2026-05-31 12:36:50.005317+00,2026-05-31 12:37:05.435+00
71c82470-af26-42f0-ae2a-d13119ce2ac6,00000000-0000-0000-0000-000000000001,0d87c7d3-a534-41ca-bc02-388a28876158,announcement,null,855f3f6a-72ae-46f4-4cc2-a9a0d5df5b70,Service Upgrade & New Customer Communication Number,sent,null,2026-05-31 12:36:50.005317+00,2026-05-31 12:37:08.599+00
7375315a-1d68-4f81-bd71-30a287cff4fb,00000000-0000-0000-0000-000000000001,0d87c7d3-a534-41ca-bc02-388a28876158,announcement,null,3e50af3d-452f-d098-b3bc-3c2a64576d55,Service Upgrade & New Customer Communication Number,sent,null,2026-05-31 12:36:50.005317+00,2026-05-31 12:37:11.718+00
74b53596-cf87-425d-bc94-13ceafac5301,00000000-0000-0000-0000-000000000001,0d87c7d3-a534-41ca-bc02-388a28876158,announcement,null,aa88d180-8c53-dbe4-70de-ecf38130d3ce,Service Upgrade & New Customer Communication Number,sent,null,2026-05-31 12:36:50.005317+00,2026-05-31 12:37:08.599+00
74be7bb7-0eef-4fba-9a2e-5cacad99c5be,00000000-0000-0000-0000-000000000001,0d87c7d3-a534-41ca-bc02-388a28876158,announcement,null,3b02f95a-b47e-1037-4f8a-f2f31e35c98e,Service Upgrade & New Customer Communication Number,sent,null,2026-05-31 12:36:50.005317+00,2026-05-31 12:37:05.435+00
76c24d98-4485-436b-b2da-fe91819ba079,00000000-0000-0000-0000-000000000001,0d87c7d3-a534-41ca-bc02-388a28876158,announcement,null,c675e97a-0958-0695-90b3-49311eec8fd7,Service Upgrade & New Customer Communication Number,sent,null,2026-05-31 12:36:50.005317+00,2026-05-31 12:37:05.435+00
7d91fa2c-172e-4cfe-ae4b-6f584fe7375e,00000000-0000-0000-0000-000000000001,0d87c7d3-a534-41ca-bc02-388a28876158,announcement,null,0278721a-a690-833b-298a-16a351fb7a3a,Service Upgrade & New Customer Communication Number,sent,null,2026-05-31 12:36:50.005317+00,2026-05-31 12:37:11.718+00
7dd6101c-8045-42c0-be7f-ec931ca4981c,00000000-0000-0000-0000-000000000001,0d87c7d3-a534-41ca-bc02-388a28876158,announcement,null,49355947-7605-ec5f-7d81-a6597f38d76b,Service Upgrade & New Customer Communication Number,sent,null,2026-05-31 12:36:50.005317+00,2026-05-31 12:37:15.194+00
805264da-4a79-462e-813c-ef1d04ce8575,00000000-0000-0000-0000-000000000001,0d87c7d3-a534-41ca-bc02-388a28876158,announcement,null,83af11b3-a274-7404-3265-ec658f74f8cf,Service Upgrade & New Customer Communication Number,sent,null,2026-05-31 12:36:50.005317+00,2026-05-31 12:37:15.194+00
80d97ed9-f447-4a99-a210-a2eb74efed65,00000000-0000-0000-0000-000000000001,0d87c7d3-a534-41ca-bc02-388a28876158,announcement,null,c0791d4c-9325-bf1b-30af-7af648c26338,Service Upgrade & New Customer Communication Number,sent,null,2026-05-31 12:36:50.005317+00,2026-05-31 12:37:05.435+00
851a212a-b8c7-4708-963c-f32b8e409124,00000000-0000-0000-0000-000000000001,0d87c7d3-a534-41ca-bc02-388a28876158,announcement,null,8334eb99-0bc0-3c80-9ff8-83bea3d7b5ef,Service Upgrade & New Customer Communication Number,sent,null,2026-05-31 12:36:50.005317+00,2026-05-31 12:37:11.718+00
976f2066-e952-42f0-af17-c7305555d754,00000000-0000-0000-0000-000000000001,0d87c7d3-a534-41ca-bc02-388a28876158,announcement,null,2631ddfd-660e-8719-1876-82cf88e13a60,Service Upgrade & New Customer Communication Number,sent,null,2026-05-31 12:36:50.005317+00,2026-05-31 12:37:05.435+00
97851b55-174f-4dbd-87c3-38fac1718df2,00000000-0000-0000-0000-000000000001,0d87c7d3-a534-41ca-bc02-388a28876158,announcement,null,f16a668c-ea8a-b26d-9dff-4da3c53fccc7,Service Upgrade & New Customer Communication Number,sent,null,2026-05-31 12:36:50.005317+00,2026-05-31 12:37:11.718+00
98217e4c-4b3a-4f76-ac0f-12b74478a746,00000000-0000-0000-0000-000000000001,0d87c7d3-a534-41ca-bc02-388a28876158,announcement,null,618f174c-7c45-cb54-907b-cacc78483918,Service Upgrade & New Customer Communication Number,sent,null,2026-05-31 12:36:50.005317+00,2026-05-31 12:37:15.194+00
9b140b9c-9be3-4127-a13d-510c05a8f6bf,00000000-0000-0000-0000-000000000001,0d87c7d3-a534-41ca-bc02-388a28876158,announcement,null,2bd67002-1f8f-faff-efc5-5063dbedf10f,Service Upgrade & New Customer Communication Number,sent,null,2026-05-31 12:36:50.005317+00,2026-05-31 12:37:11.718+00
9c090f32-8669-40dd-bed7-687eebd50398,00000000-0000-0000-0000-000000000001,0d87c7d3-a534-41ca-bc02-388a28876158,announcement,null,f59fa4ad-6dca-c7e7-d459-5326609a6412,Service Upgrade & New Customer Communication Number,sent,null,2026-05-31 12:36:50.005317+00,2026-05-31 12:37:11.718+00
9f40eef4-12b8-44a4-a935-be15990fc8ae,00000000-0000-0000-0000-000000000001,0d87c7d3-a534-41ca-bc02-388a28876158,announcement,null,22a9494d-0e02-6fba-4aee-7947f1e6110b,Service Upgrade & New Customer Communication Number,sent,null,2026-05-31 12:36:50.005317+00,2026-05-31 12:37:11.718+00
a0769212-34db-42b6-9560-73a58552693e,00000000-0000-0000-0000-000000000001,0d87c7d3-a534-41ca-bc02-388a28876158,announcement,null,510cd475-6538-7d02-413c-1a0f553ba4e6,Service Upgrade & New Customer Communication Number,sent,null,2026-05-31 12:36:50.005317+00,2026-05-31 12:37:15.194+00
a0dc7b0c-4c9c-4dea-9607-54b0031c4252,00000000-0000-0000-0000-000000000001,0d87c7d3-a534-41ca-bc02-388a28876158,announcement,null,03ce56c0-8798-b95d-7125-311b80363e74,Service Upgrade & New Customer Communication Number,sent,null,2026-05-31 12:36:50.005317+00,2026-05-31 12:37:11.718+00
a3f69a3b-7022-42d2-901b-1b3cf092acf0,00000000-0000-0000-0000-000000000001,0d87c7d3-a534-41ca-bc02-388a28876158,announcement,null,cd2c3f97-4df7-b32f-d0c0-12031beae516,Service Upgrade & New Customer Communication Number,sent,null,2026-05-31 12:36:50.005317+00,2026-05-31 12:37:08.599+00
a5c2626e-b344-48ec-baa8-592de9bec2bd,00000000-0000-0000-0000-000000000001,0d87c7d3-a534-41ca-bc02-388a28876158,announcement,null,5e901269-d116-cf62-7661-df859f5b02dc,Service Upgrade & New Customer Communication Number,sent,null,2026-05-31 12:36:50.005317+00,2026-05-31 12:37:11.718+00
ac20b1a8-0562-4028-b32f-7bb5ec3f0a7c,00000000-0000-0000-0000-000000000001,0d87c7d3-a534-41ca-bc02-388a28876158,announcement,null,8e39a9bd-3317-b2a6-22a6-16fa4cab9632,Service Upgrade & New Customer Communication Number,sent,null,2026-05-31 12:36:50.005317+00,2026-05-31 12:37:08.599+00
aedda70f-1b90-45b4-b1da-06891565cc3d,00000000-0000-0000-0000-000000000001,0d87c7d3-a534-41ca-bc02-388a28876158,announcement,null,1fc0c3bb-f35c-8d5d-a4fa-a9c1723cd8ab,Service Upgrade & New Customer Communication Number,sent,null,2026-05-31 12:36:50.005317+00,2026-05-31 12:37:08.599+00
b387a226-29a6-4e27-9d2e-a1e7fae0868e,00000000-0000-0000-0000-000000000001,0d87c7d3-a534-41ca-bc02-388a28876158,announcement,null,146a8458-f956-54ed-317f-b99f7d16fff8,Service Upgrade & New Customer Communication Number,sent,null,2026-05-31 12:36:50.005317+00,2026-05-31 12:37:05.435+00
b83175c7-c4b2-4057-9995-11a123c06035,00000000-0000-0000-0000-000000000001,0d87c7d3-a534-41ca-bc02-388a28876158,announcement,null,ba8dd5e0-ed0e-8b6a-7098-2732476feb31,Service Upgrade & New Customer Communication Number,sent,null,2026-05-31 12:36:50.005317+00,2026-05-31 12:37:05.435+00
c0fd6d28-196d-4280-9106-a313eac620ee,00000000-0000-0000-0000-000000000001,0d87c7d3-a534-41ca-bc02-388a28876158,announcement,null,c511ac63-cb7e-1453-92d5-ea4ffba1c360,Service Upgrade & New Customer Communication Number,sent,null,2026-05-31 12:36:50.005317+00,2026-05-31 12:37:15.194+00
c4c8a69e-7c83-48d3-8c1a-3374fdc48f67,00000000-0000-0000-0000-000000000001,0d87c7d3-a534-41ca-bc02-388a28876158,announcement,null,6542b72b-196a-4538-a690-2db7cc212936,Service Upgrade & New Customer Communication Number,sent,null,2026-05-31 12:36:50.005317+00,2026-05-31 12:37:08.599+00
caf6043a-d521-40dd-baae-29a0235d1fc0,00000000-0000-0000-0000-000000000001,0d87c7d3-a534-41ca-bc02-388a28876158,announcement,null,257579ca-bef0-99b8-f916-e518891ffdab,Service Upgrade & New Customer Communication Number,sent,null,2026-05-31 12:36:50.005317+00,2026-05-31 12:37:08.599+00
cb7a23eb-f820-4881-ae90-de9c79a06418,00000000-0000-0000-0000-000000000001,0d87c7d3-a534-41ca-bc02-388a28876158,announcement,null,e426d68a-16d2-9097-ff7d-ae2521fb52e5,Service Upgrade & New Customer Communication Number,sent,null,2026-05-31 12:36:50.005317+00,2026-05-31 12:37:15.194+00
ce1f002c-0de7-4283-9652-3e24ef2144dd,00000000-0000-0000-0000-000000000001,0d87c7d3-a534-41ca-bc02-388a28876158,announcement,null,1d4c0119-5151-7a5b-2266-f16e44f67157,Service Upgrade & New Customer Communication Number,sent,null,2026-05-31 12:36:50.005317+00,2026-05-31 12:37:08.599+00
d0b659da-c8cf-48c5-8651-d45536b0285a,00000000-0000-0000-0000-000000000001,0d87c7d3-a534-41ca-bc02-388a28876158,announcement,null,8996897f-e383-4fca-87f9-654e1b14b3c2,Service Upgrade & New Customer Communication Number,sent,null,2026-05-31 12:36:50.005317+00,2026-05-31 12:37:05.435+00
d2c829c4-3a21-47c4-8185-ab6c8cfe581d,00000000-0000-0000-0000-000000000001,0d87c7d3-a534-41ca-bc02-388a28876158,announcement,null,11316c38-dc08-4983-3588-fcadd88bd5d2,Service Upgrade & New Customer Communication Number,sent,null,2026-05-31 12:36:50.005317+00,2026-05-31 12:37:15.194+00
d3487b46-7388-4dd9-892f-3b77cc1abf28,00000000-0000-0000-0000-000000000001,0d87c7d3-a534-41ca-bc02-388a28876158,announcement,null,8aacbc78-5e56-b3c0-f8bc-fcb5490b94f3,Service Upgrade & New Customer Communication Number,sent,null,2026-05-31 12:36:50.005317+00,2026-05-31 12:37:08.599+00
d6cf1e85-c5ff-4851-a6d8-18e63be72cbd,00000000-0000-0000-0000-000000000001,0d87c7d3-a534-41ca-bc02-388a28876158,announcement,null,31f3f7a3-5dc4-21cd-ba54-b41347a7822a,Service Upgrade & New Customer Communication Number,sent,null,2026-05-31 12:36:50.005317+00,2026-05-31 12:37:15.194+00
dd1c5090-71b1-4eca-9302-c42d095f50ae,00000000-0000-0000-0000-000000000001,0d87c7d3-a534-41ca-bc02-388a28876158,announcement,null,d225973a-f437-d98e-4e24-0fb32a7bfbe8,Service Upgrade & New Customer Communication Number,sent,null,2026-05-31 12:36:50.005317+00,2026-05-31 12:37:05.435+00
def32e91-26e4-42c1-a00f-bcf570eeadba,00000000-0000-0000-0000-000000000001,0d87c7d3-a534-41ca-bc02-388a28876158,announcement,null,c02eb961-2471-c285-9c28-fb9a12aaf70a,Service Upgrade & New Customer Communication Number,sent,null,2026-05-31 12:36:50.005317+00,2026-05-31 12:37:11.718+00
e2903203-823b-4f4c-90f5-dc1fe1e13dc2,00000000-0000-0000-0000-000000000001,0d87c7d3-a534-41ca-bc02-388a28876158,announcement,null,89d188b4-94a9-2f97-e068-155ed8ec3f5e,Service Upgrade & New Customer Communication Number,sent,null,2026-05-31 12:36:50.005317+00,2026-05-31 12:37:08.599+00
e345e13c-5933-422f-b751-3989c0681194,00000000-0000-0000-0000-000000000001,0d87c7d3-a534-41ca-bc02-388a28876158,announcement,null,7e2a1e58-e10a-4352-ca15-59fd22f2c07e,Service Upgrade & New Customer Communication Number,sent,null,2026-05-31 12:36:50.005317+00,2026-05-31 12:37:08.599+00
e580e056-160f-4c74-9120-e356d83a8400,00000000-0000-0000-0000-000000000001,0d87c7d3-a534-41ca-bc02-388a28876158,announcement,null,080eae03-9f65-4515-aec2-8924472923dd,Service Upgrade & New Customer Communication Number,sent,null,2026-05-31 12:36:50.005317+00,2026-05-31 12:37:08.599+00
e5a614de-bd86-4fea-a872-b477a423d715,00000000-0000-0000-0000-000000000001,0d87c7d3-a534-41ca-bc02-388a28876158,announcement,null,b19dfc6c-a5d5-734c-3d3d-6389c281b3bb,Service Upgrade & New Customer Communication Number,sent,null,2026-05-31 12:36:50.005317+00,2026-05-31 12:37:08.599+00
e8d074fe-a6aa-4fea-a5ff-ac067e811e4e,00000000-0000-0000-0000-000000000001,0d87c7d3-a534-41ca-bc02-388a28876158,announcement,null,b0a6f0b5-9fd8-112e-2bfa-24fa8a25779b,Service Upgrade & New Customer Communication Number,sent,null,2026-05-31 12:36:50.005317+00,2026-05-31 12:37:11.718+00
f14d14ee-be16-47e6-9e7d-f7e440e3dd06,00000000-0000-0000-0000-000000000001,0d87c7d3-a534-41ca-bc02-388a28876158,announcement,null,b4a50439-db13-dc26-d980-eb079b321460,Service Upgrade & New Customer Communication Number,sent,null,2026-05-31 12:36:50.005317+00,2026-05-31 12:37:15.194+00
f2dca909-c77c-45f0-8e21-17b354523c79,00000000-0000-0000-0000-000000000001,0d87c7d3-a534-41ca-bc02-388a28876158,announcement,null,d6399dd9-db95-454d-8705-856132cdb66b,Service Upgrade & New Customer Communication Number,sent,null,2026-05-31 12:36:50.005317+00,2026-05-31 12:37:08.599+00
f6367a72-0b6d-4d6e-9571-ac2eb741d80e,00000000-0000-0000-0000-000000000001,0d87c7d3-a534-41ca-bc02-388a28876158,announcement,null,79e31f6f-69dc-a40c-27d7-3f076878f83c,Service Upgrade & New Customer Communication Number,sent,null,2026-05-31 12:36:50.005317+00,2026-05-31 12:37:11.718+00
f636e642-9e04-46c0-a537-88cc04a60ad3,00000000-0000-0000-0000-000000000001,0d87c7d3-a534-41ca-bc02-388a28876158,announcement,null,bdcc24e3-6077-3ea9-b25e-2747d0f07be7,Service Upgrade & New Customer Communication Number,sent,null,2026-05-31 12:36:50.005317+00,2026-05-31 12:37:15.194+00
fa7312ee-a02f-4c3c-ab96-5318657ac501,00000000-0000-0000-0000-000000000001,0d87c7d3-a534-41ca-bc02-388a28876158,announcement,null,72ac33cc-b9b2-9cc4-47fd-d37096c8f30d,Service Upgrade & New Customer Communication Number,sent,null,2026-05-31 12:36:50.005317+00,2026-05-31 12:37:05.435+00
011cd723-0050-4e88-931b-d778c9d59fc3,00000000-0000-0000-0000-000000000001,0d87c7d3-a534-41ca-bc02-388a28876158,announcement,null,b0348aa8-ad9f-d0dd-94e8-c71a6627c930,Service Upgrade & New Customer Communication Number,sent,null,2026-05-31 12:36:50.109898+00,2026-05-31 12:37:17.846+00
1a39555b-f5c1-4fa3-8bf3-a28ee40e9729,00000000-0000-0000-0000-000000000001,0d87c7d3-a534-41ca-bc02-388a28876158,announcement,null,26b16f30-da65-8aa3-d1ec-4867ac2a8f35,Service Upgrade & New Customer Communication Number,sent,null,2026-05-31 12:36:50.109898+00,2026-05-31 12:37:17.846+00
20618d99-3d57-4bfb-9a73-af9de3fcd2df,00000000-0000-0000-0000-000000000001,0d87c7d3-a534-41ca-bc02-388a28876158,announcement,null,23f7ef5f-6b26-a104-b616-b438d7e9243c,Service Upgrade & New Customer Communication Number,sent,null,2026-05-31 12:36:50.109898+00,2026-05-31 12:37:17.846+00
20ded608-d538-475b-8d73-ede216aaad65,00000000-0000-0000-0000-000000000001,0d87c7d3-a534-41ca-bc02-388a28876158,announcement,null,18d86801-3cb7-11d4-8b9d-433429296014,Service Upgrade & New Customer Communication Number,sent,null,2026-05-31 12:36:50.109898+00,2026-05-31 12:37:15.194+00
2a9ef882-3638-467b-98c7-6036d5264807,00000000-0000-0000-0000-000000000001,0d87c7d3-a534-41ca-bc02-388a28876158,announcement,null,43774f3c-9ce6-fc78-7857-b8607c3e1966,Service Upgrade & New Customer Communication Number,sent,null,2026-05-31 12:36:50.109898+00,2026-05-31 12:37:17.846+00
41cd9faa-1e6d-466a-8e39-fb00e4dc1a24,00000000-0000-0000-0000-000000000001,0d87c7d3-a534-41ca-bc02-388a28876158,announcement,null,f70ae790-e17b-aca8-a21a-82ddd895450b,Service Upgrade & New Customer Communication Number,sent,null,2026-05-31 12:36:50.109898+00,2026-05-31 12:37:15.194+00
555c7bba-6adb-4184-8351-6e74cea7f419,00000000-0000-0000-0000-000000000001,0d87c7d3-a534-41ca-bc02-388a28876158,announcement,null,ec6bd398-2413-2c67-18db-10bdd92ee4f9,Service Upgrade & New Customer Communication Number,sent,null,2026-05-31 12:36:50.109898+00,2026-05-31 12:37:17.846+00
5bace482-8bc3-465f-84d6-1d72b65bcc39,00000000-0000-0000-0000-000000000001,0d87c7d3-a534-41ca-bc02-388a28876158,announcement,null,4f75b0ca-7bed-c37c-cfd4-1e361a1bb6d4,Service Upgrade & New Customer Communication Number,sent,null,2026-05-31 12:36:50.109898+00,2026-05-31 12:37:17.846+00
6eb5ad54-34c2-4b4c-b891-4e6cff13cf9b,00000000-0000-0000-0000-000000000001,0d87c7d3-a534-41ca-bc02-388a28876158,announcement,null,cf1318a5-0564-4af6-d90e-c3e76de1ef08,Service Upgrade & New Customer Communication Number,sent,null,2026-05-31 12:36:50.109898+00,2026-05-31 12:37:15.194+00
76e0fac4-9934-44b5-855e-0a3649aba65a,00000000-0000-0000-0000-000000000001,0d87c7d3-a534-41ca-bc02-388a28876158,announcement,null,6dd50e39-9843-4442-cc09-3b49fbe97fb9,Service Upgrade & New Customer Communication Number,sent,null,2026-05-31 12:36:50.109898+00,2026-05-31 12:37:15.194+00
8430087b-ceea-4612-90b6-156fec0b7184,00000000-0000-0000-0000-000000000001,0d87c7d3-a534-41ca-bc02-388a28876158,announcement,null,d6d33436-345a-e39c-9f8d-91c76dca514e,Service Upgrade & New Customer Communication Number,sent,null,2026-05-31 12:36:50.109898+00,2026-05-31 12:37:17.846+00
a47febda-6db0-4eb3-845b-115114474a77,00000000-0000-0000-0000-000000000001,0d87c7d3-a534-41ca-bc02-388a28876158,announcement,null,733dd472-3b1e-dd43-76e5-082ddfe66c5b,Service Upgrade & New Customer Communication Number,sent,null,2026-05-31 12:36:50.109898+00,2026-05-31 12:37:15.194+00
ab3311fa-c6f1-4af6-be36-151332ea87a4,00000000-0000-0000-0000-000000000001,0d87c7d3-a534-41ca-bc02-388a28876158,announcement,null,1b003ea3-bdcb-0416-c3c2-8ff60f2f65f5,Service Upgrade & New Customer Communication Number,sent,null,2026-05-31 12:36:50.109898+00,2026-05-31 12:37:17.846+00
bd5a7a5a-85a1-4e9b-924e-e2373cf8804f,00000000-0000-0000-0000-000000000001,0d87c7d3-a534-41ca-bc02-388a28876158,announcement,null,e17238d1-34ce-0cbb-4dc0-f65e60ff52f7,Service Upgrade & New Customer Communication Number,sent,null,2026-05-31 12:36:50.109898+00,2026-05-31 12:37:17.846+00
d1312bd1-0e4a-4f6c-b574-955cfea3f685,00000000-0000-0000-0000-000000000001,0d87c7d3-a534-41ca-bc02-388a28876158,announcement,null,10f3edc6-4b03-b82d-8df1-09ddaf031c0c,Service Upgrade & New Customer Communication Number,sent,null,2026-05-31 12:36:50.109898+00,2026-05-31 12:37:15.194+00
eb0d9f35-dfcd-4119-a122-af7e7f2d949b,00000000-0000-0000-0000-000000000001,0d87c7d3-a534-41ca-bc02-388a28876158,announcement,null,87a1e515-e2e0-110f-05d1-04f5a83c066a,Service Upgrade & New Customer Communication Number,sent,null,2026-05-31 12:36:50.109898+00,2026-05-31 12:37:15.194+00
efd035d5-dc34-4d0d-b491-f2512d9cea4e,00000000-0000-0000-0000-000000000001,0d87c7d3-a534-41ca-bc02-388a28876158,announcement,null,21e237d1-286e-324e-0cef-45725d629768,Service Upgrade & New Customer Communication Number,sent,null,2026-05-31 12:36:50.109898+00,2026-05-31 12:37:15.194+00
f4341b24-15f5-42f0-b337-6f5183d16f93,00000000-0000-0000-0000-000000000001,0d87c7d3-a534-41ca-bc02-388a28876158,announcement,null,2794ccf7-4966-f00d-35d6-34ac17db73ea,Service Upgrade & New Customer Communication Number,sent,null,2026-05-31 12:36:50.109898+00,2026-05-31 12:37:17.846+00
f6e35b5f-f3cc-4c9c-8c8d-a7ad43a8fcd4,00000000-0000-0000-0000-000000000001,0d87c7d3-a534-41ca-bc02-388a28876158,announcement,null,b2f85d5d-acf9-7c53-dc5b-0d3b67b462c5,Service Upgrade & New Customer Communication Number,sent,null,2026-05-31 12:36:50.109898+00,2026-05-31 12:37:17.846+00
f8ce2cc7-750c-4882-b63f-43e48420c40f,00000000-0000-0000-0000-000000000001,0d87c7d3-a534-41ca-bc02-388a28876158,announcement,null,22b0be2d-52c5-1127-642d-4f1083b404ca,Service Upgrade & New Customer Communication Number,sent,null,2026-05-31 12:36:50.109898+00,2026-05-31 12:37:17.846+00
25ec7c3f-38bf-4653-b615-5de3b5aa2658,00000000-0000-0000-0000-000000000001,c06dcc8c-c99e-4a81-8aaf-d9000dfb720a,invoice,20d7e840-ba39-4bb9-a59f-34e4e67ffddf,398396b1-f339-683b-4307-b3441615b82a,Invoice VISTA/26-27/06/00049 · 2026-06,sent,null,2026-05-31 17:39:01.817009+00,2026-05-31 17:39:05.531+00
ecf81c91-6283-4e10-bd76-22402fce5016,00000000-0000-0000-0000-000000000001,3f310352-e007-4356-8aa4-a6335bbefd8a,invoice,4b177a6d-59fd-4066-94c5-ae9da7939b97,11e96dd2-92f4-f793-56db-439d5b3de156,Invoice VISTA/26-27/06/00101 · 2026-06,sent,null,2026-05-31 17:41:24.059074+00,2026-05-31 17:41:27.326+00
046c898e-a082-455d-a228-c9c0d675ff7c,00000000-0000-0000-0000-000000000001,3f310352-e007-4356-8aa4-a6335bbefd8a,invoice,384949bf-2d5e-407d-a871-651a76f67e6c,38305983-db92-2c3c-7949-96f7ca7833eb,Invoice VISTA/26-27/06/00057 · 2026-06,sent,null,2026-05-31 17:41:24.1579+00,2026-05-31 17:41:27.326+00
3fd52f37-a2c0-47a2-9f0e-fb655b527153,00000000-0000-0000-0000-000000000001,3f310352-e007-4356-8aa4-a6335bbefd8a,invoice,1af6205f-dfe7-4728-ba3f-b17f7807d342,f59fa4ad-6dca-c7e7-d459-5326609a6412,Invoice VISTA/26-27/06/00068 · 2026-06,sent,null,2026-05-31 17:41:29.554447+00,2026-05-31 17:41:32.938+00
ac0bf5e0-2b6c-478e-bacd-53c0b3c9adb4,00000000-0000-0000-0000-000000000001,3f310352-e007-4356-8aa4-a6335bbefd8a,invoice,facf7e24-4a01-4507-ac3c-87d1a475290e,22b0be2d-52c5-1127-642d-4f1083b404ca,Invoice VISTA/26-27/06/00088 · 2026-06,sent,null,2026-05-31 17:41:29.836952+00,2026-05-31 17:41:32.938+00
6f059c71-d383-455f-b4a1-8ee52f833eba,00000000-0000-0000-0000-000000000001,3f310352-e007-4356-8aa4-a6335bbefd8a,invoice,d061f6c3-e6d5-4165-96f5-2caea06fb567,89d188b4-94a9-2f97-e068-155ed8ec3f5e,Invoice VISTA/26-27/06/00069 · 2026-06,sent,null,2026-05-31 17:41:29.837082+00,2026-05-31 17:41:32.938+00
4aed9289-f8ce-447b-bdfb-637df62ef388,00000000-0000-0000-0000-000000000001,3f310352-e007-4356-8aa4-a6335bbefd8a,invoice,5e703096-bb76-4706-8d06-c3fee91f1431,8334eb99-0bc0-3c80-9ff8-83bea3d7b5ef,Invoice VISTA/26-27/06/00055 · 2026-06,sent,null,2026-05-31 17:41:29.89612+00,2026-05-31 17:41:32.938+00
5c80009b-9b84-4fb9-a1b6-fbd59d3b5456,00000000-0000-0000-0000-000000000001,3f310352-e007-4356-8aa4-a6335bbefd8a,invoice,6e571587-64e1-460b-836f-85d0bcb8fd51,44bf5771-a669-438c-a190-88aab999cfae,Invoice VISTA/26-27/06/00017 · 2026-06,sent,null,2026-05-31 17:42:06.242545+00,2026-05-31 17:42:09.174+00
de144505-c6f9-4470-978f-334d56920d79,00000000-0000-0000-0000-000000000001,3f310352-e007-4356-8aa4-a6335bbefd8a,invoice,b0d39c84-bf49-4cee-a1fe-9fa020326455,d6d6b302-4f36-4d0b-8751-2dceccd295bd,Invoice VISTA/26-27/06/00038 · 2026-06,sent,null,2026-05-31 17:42:11.803146+00,2026-05-31 17:42:14.914+00
66f741c7-6f0c-4389-80b4-57a054c11c46,00000000-0000-0000-0000-000000000001,3f310352-e007-4356-8aa4-a6335bbefd8a,invoice,cdf4b178-5979-48fe-95a8-ba7e1b94f0a3,3b02f95a-b47e-1037-4f8a-f2f31e35c98e,Invoice VISTA/26-27/06/00097 · 2026-06,sent,null,2026-05-31 17:42:11.94166+00,2026-05-31 17:42:14.914+00
bb479785-4f1b-4722-9936-eb145c35a20c,00000000-0000-0000-0000-000000000001,3f310352-e007-4356-8aa4-a6335bbefd8a,invoice,f5af5018-c06d-49c9-8626-85ca9c126c87,83f51f9d-9d36-eda9-e7fb-5b1badbbd5d9,Invoice VISTA/26-27/06/00111 · 2026-06,sent,null,2026-05-31 17:42:12.017113+00,2026-05-31 17:42:17.676+00
2d13e311-a3fc-444a-944e-0c1d5282fba5,00000000-0000-0000-0000-000000000001,3f310352-e007-4356-8aa4-a6335bbefd8a,invoice,2c168206-6149-4b19-886e-53c485a8365d,f2a00e3d-de04-40a3-6f41-a3ebfcab4a3c,Invoice VISTA/26-27/06/00109 · 2026-06,sent,null,2026-05-31 17:42:12.576783+00,2026-05-31 17:42:17.677+00
2382ebf9-89f3-4ba2-b07d-10228b6afa86,00000000-0000-0000-0000-000000000001,3f310352-e007-4356-8aa4-a6335bbefd8a,invoice,06b36665-76a8-4c92-af85-2d603dd80907,21e237d1-286e-324e-0cef-45725d629768,Invoice VISTA/26-27/06/00094 · 2026-06,sent,null,2026-05-31 17:42:12.57894+00,2026-05-31 17:42:17.677+00
be8130b9-e9f5-4085-94ee-911a93f1f62a,00000000-0000-0000-0000-000000000001,3f310352-e007-4356-8aa4-a6335bbefd8a,invoice,4360fad3-1493-48cc-9f2d-e3101572876b,5527e05d-475b-45ed-a6f4-284340eed262,Invoice VISTA/26-27/06/00034 · 2026-06,sent,null,2026-05-31 17:42:53.137128+00,2026-05-31 17:42:56.852+00
76fc6576-690f-4f54-b75d-2f9cd0224d65,00000000-0000-0000-0000-000000000001,3f310352-e007-4356-8aa4-a6335bbefd8a,invoice,61ebf0c1-e450-46d7-92d4-04bb1dba9ad0,d751c131-c1c9-4f5c-88f8-7e4c6cb710b3,Invoice VISTA/26-27/06/00042 · 2026-06,sent,null,2026-05-31 17:42:53.138664+00,2026-05-31 17:42:56.852+00
ac252726-7592-44ae-afea-f3a705c63309,00000000-0000-0000-0000-000000000001,3f310352-e007-4356-8aa4-a6335bbefd8a,invoice,d167904b-afd2-4a4c-b2c7-8982bb636ded,11316c38-dc08-4983-3588-fcadd88bd5d2,Invoice VISTA/26-27/06/00100 · 2026-06,sent,null,2026-05-31 17:42:53.216999+00,2026-05-31 17:42:56.852+00
7460656a-90d9-4ca4-874d-db6c6651ff0d,00000000-0000-0000-0000-000000000001,3f310352-e007-4356-8aa4-a6335bbefd8a,invoice,1c5d349e-9bef-477d-b62f-f344ecfba530,77dd12b8-a20b-05c8-2372-79ba1b1624a9,Invoice VISTA/26-27/06/00154 · 2026-06,sent,null,2026-05-31 17:42:53.323456+00,2026-05-31 17:43:00.11+00
405197d2-0471-45cd-854a-e2489fcc8503,00000000-0000-0000-0000-000000000001,3f310352-e007-4356-8aa4-a6335bbefd8a,invoice,af1742e5-5350-41c4-b4da-505392e69b75,d6d33436-345a-e39c-9f8d-91c76dca514e,Invoice VISTA/26-27/06/00098 · 2026-06,sent,null,2026-05-31 17:42:53.326479+00,2026-05-31 17:43:00.11+00
571b30d7-6d8f-4897-8a71-15c27752afa2,00000000-0000-0000-0000-000000000001,3f310352-e007-4356-8aa4-a6335bbefd8a,invoice,f564dcac-5cc9-4f33-8e11-85ef336fa05e,a6037691-771e-8146-3714-f9dedb8acbcc,Invoice VISTA/26-27/06/00052 · 2026-06,sent,null,2026-05-31 17:42:53.333453+00,2026-05-31 17:43:00.11+00
e755822a-8344-4afd-80a7-6ad2d22c769d,00000000-0000-0000-0000-000000000001,3f310352-e007-4356-8aa4-a6335bbefd8a,invoice,34e3b517-bf8f-49c3-9b92-939cdc1038df,b3002707-86e9-43d5-956d-cf108fb6a23f,Invoice VISTA/26-27/06/00032 · 2026-06,sent,null,2026-05-31 17:43:27.85697+00,2026-05-31 17:43:31.262+00
06cab0a6-9425-4f08-aaa4-c0f8665c2d48,00000000-0000-0000-0000-000000000001,3f310352-e007-4356-8aa4-a6335bbefd8a,invoice,0bb193c0-88c2-4a69-8ed6-c106f4678ee0,1d4c0119-5151-7a5b-2266-f16e44f67157,Invoice VISTA/26-27/06/00121 · 2026-06,sent,null,2026-05-31 17:43:28.043367+00,2026-05-31 17:43:34.064+00
073c0ba8-4d40-4f3f-9009-3eea24a23234,00000000-0000-0000-0000-000000000001,3f310352-e007-4356-8aa4-a6335bbefd8a,invoice,de3dca5a-d7a8-4688-8959-03118db0cd0e,3e50af3d-452f-d098-b3bc-3c2a64576d55,Invoice VISTA/26-27/06/00085 · 2026-06,sent,null,2026-05-31 17:43:28.116752+00,2026-05-31 17:43:34.064+00
6d71f856-4a1a-4616-8c01-1ba08a728d35,00000000-0000-0000-0000-000000000001,3f310352-e007-4356-8aa4-a6335bbefd8a,invoice,76c6b23e-75d4-4b3a-af19-eec5eb313331,83af11b3-a274-7404-3265-ec658f74f8cf,Invoice VISTA/26-27/06/00056 · 2026-06,sent,null,2026-05-31 17:43:33.556156+00,2026-05-31 17:43:37.065+00
a81c9cba-b3f0-4b52-aac4-ca54845f7250,00000000-0000-0000-0000-000000000001,3f310352-e007-4356-8aa4-a6335bbefd8a,invoice,7913c48a-1d55-410a-802b-6b64b3fc57df,af8d560f-407a-4e9b-49e9-88f54d8671f4,Invoice VISTA/26-27/06/00108 · 2026-06,sent,null,2026-05-31 17:43:33.67935+00,2026-05-31 17:43:37.065+00
b158ae77-3081-476d-8b8e-bc64483b4cd2,00000000-0000-0000-0000-000000000001,3f310352-e007-4356-8aa4-a6335bbefd8a,invoice,20d7e840-ba39-4bb9-a59f-34e4e67ffddf,398396b1-f339-683b-4307-b3441615b82a,Invoice VISTA/26-27/06/00049 · 2026-06,sent,null,2026-05-31 17:43:33.73667+00,2026-05-31 17:43:37.065+00
e080cae1-5dce-4182-b360-6ceacf61e663,00000000-0000-0000-0000-000000000001,3f310352-e007-4356-8aa4-a6335bbefd8a,invoice,ac672ba2-c09e-4272-9b4d-68f7accef501,cda37b51-1bbc-af0d-a560-49af88fdc751,Invoice VISTA/26-27/06/00096 · 2026-06,sent,null,2026-05-31 17:44:10.699236+00,2026-05-31 17:44:14.795+00
34d9b220-e88d-4e47-b7fc-0549883acd88,00000000-0000-0000-0000-000000000001,3f310352-e007-4356-8aa4-a6335bbefd8a,invoice,f73ebdb6-6e89-4b63-9332-6b07b15d4e09,f91c2854-a88b-4630-b2a6-c48401e4dd14,Invoice VISTA/26-27/06/00008 · 2026-06,sent,null,2026-05-31 17:44:10.776799+00,2026-05-31 17:44:14.795+00
0a7b2e39-2b7c-4820-9124-9181751707d2,00000000-0000-0000-0000-000000000001,3f310352-e007-4356-8aa4-a6335bbefd8a,invoice,6057d9fa-5459-4984-a02f-abdeb420d146,c0791d4c-9325-bf1b-30af-7af648c26338,Invoice VISTA/26-27/06/00059 · 2026-06,sent,null,2026-05-31 17:44:10.937367+00,2026-05-31 17:44:14.795+00
27fd0a91-650c-4ac3-a2e1-5964d3f50b7f,00000000-0000-0000-0000-000000000001,3f310352-e007-4356-8aa4-a6335bbefd8a,invoice,bd0bc294-e88b-422e-b8d1-9dfa30940d72,cd2c3f97-4df7-b32f-d0c0-12031beae516,Invoice VISTA/26-27/06/00162 · 2026-06,sent,null,2026-05-31 17:44:10.938459+00,2026-05-31 17:44:14.795+00
63f94462-d90f-4eec-b74d-516335d4f09c,00000000-0000-0000-0000-000000000001,3f310352-e007-4356-8aa4-a6335bbefd8a,invoice,0e79836f-bc38-48d2-b2fb-35560ceca93e,122c395f-56fd-4482-fe33-7fa3c3cd30b5,Invoice VISTA/26-27/06/00127 · 2026-06,sent,null,2026-05-31 17:44:11.016312+00,2026-05-31 17:44:14.795+00
22eb2911-f458-4a07-a9ad-79a02345b364,00000000-0000-0000-0000-000000000001,3f310352-e007-4356-8aa4-a6335bbefd8a,invoice,92d58620-5b1e-4630-819b-3860eae2a5a7,3b27dc97-dafa-0480-7b61-5549a3ea7eee,Invoice VISTA/26-27/06/00118 · 2026-06,sent,null,2026-05-31 17:44:16.36235+00,2026-05-31 17:44:19.395+00
8aefb629-e81b-439e-bb93-7bb26b5d4b61,00000000-0000-0000-0000-000000000001,3f310352-e007-4356-8aa4-a6335bbefd8a,invoice,d49e3853-645f-4c3c-946e-c4f58b2570e9,86cd2239-fa55-0389-437e-e8fd505dc931,Invoice VISTA/26-27/06/00140 · 2026-06,sent,null,2026-05-31 17:44:51.586899+00,2026-05-31 17:44:54.511+00
493769de-86d8-40a8-a520-3ac8073b5e90,00000000-0000-0000-0000-000000000001,3f310352-e007-4356-8aa4-a6335bbefd8a,invoice,e0f6ba74-a34d-4af2-ba8a-db4ab06b6278,5e901269-d116-cf62-7661-df859f5b02dc,Invoice VISTA/26-27/06/00113 · 2026-06,sent,null,2026-05-31 17:44:51.836939+00,2026-05-31 17:44:57.835+00
b1c3f870-763a-4bd4-8847-ace041401aa3,00000000-0000-0000-0000-000000000001,3f310352-e007-4356-8aa4-a6335bbefd8a,invoice,c96d1c54-a71a-4a6e-b714-d4039446e653,2c1980eb-be51-916e-8f61-1e8fe83afb0c,Invoice VISTA/26-27/06/00095 · 2026-06,sent,null,2026-05-31 17:44:51.901649+00,2026-05-31 17:44:57.835+00
7efd474b-1e34-4cbd-95fa-cc2b91a810c4,00000000-0000-0000-0000-000000000001,3f310352-e007-4356-8aa4-a6335bbefd8a,invoice,f78c40b2-5d45-40df-999d-349bf44a6199,1261d726-9481-43dd-bac5-f1b158c8ab32,Invoice VISTA/26-27/06/00023 · 2026-06,sent,null,2026-05-31 17:44:51.940594+00,2026-05-31 17:44:57.835+00
2f4726b4-76d3-407b-8359-862c4dafbb01,00000000-0000-0000-0000-000000000001,3f310352-e007-4356-8aa4-a6335bbefd8a,invoice,85bd615a-ccaa-49aa-b5b9-9aef4e7d4fd8,8123af5e-305b-80f8-20db-4d54b7f628c7,Invoice VISTA/26-27/06/00093 · 2026-06,sent,null,2026-05-31 17:44:51.940596+00,2026-05-31 17:44:57.835+00
890b91fb-f2a5-4726-a0db-5cb0f19652e3,00000000-0000-0000-0000-000000000001,3f310352-e007-4356-8aa4-a6335bbefd8a,invoice,459dacb1-cc46-4b35-af5f-4620bff18ff3,61031b0a-ef18-26aa-64b7-d412d7b3d276,Invoice VISTA/26-27/06/00163 · 2026-06,sent,null,2026-05-31 17:44:51.97324+00,2026-05-31 17:44:57.835+00
c6bfe7c1-c637-4f52-8ee0-9e3c2ef68318,00000000-0000-0000-0000-000000000001,3f310352-e007-4356-8aa4-a6335bbefd8a,invoice,e974da76-40eb-4c6d-bb0e-c202758fc74c,ec6bd398-2413-2c67-18db-10bdd92ee4f9,Invoice VISTA/26-27/06/00116 · 2026-06,sent,null,2026-05-31 17:44:57.184274+00,2026-05-31 17:45:01.036+00
265f378b-1b08-4e1c-b647-591f97bcc6b3,00000000-0000-0000-0000-000000000001,3f310352-e007-4356-8aa4-a6335bbefd8a,invoice,334dc2af-8ebb-41f5-8a12-99069dd77e79,8b018cc7-2387-99c8-5b29-d1ab1f7b635e,Invoice VISTA/26-27/06/00089 · 2026-06,sent,null,2026-05-31 17:44:57.398671+00,2026-05-31 17:45:01.036+00
303a27a2-b135-4b57-bbad-bee5623eda23,00000000-0000-0000-0000-000000000001,3f310352-e007-4356-8aa4-a6335bbefd8a,invoice,e4e3a756-a73d-4468-83f0-fbc5396586fa,cf1318a5-0564-4af6-d90e-c3e76de1ef08,Invoice VISTA/26-27/06/00167 · 2026-06,sent,null,2026-05-31 17:44:57.417243+00,2026-05-31 17:45:01.036+00
7d5fa20f-484a-4718-816f-3e8b9778011b,00000000-0000-0000-0000-000000000001,3f310352-e007-4356-8aa4-a6335bbefd8a,invoice,21a91399-f190-4e9e-a426-d99af5b71b01,6dd50e39-9843-4442-cc09-3b49fbe97fb9,Invoice VISTA/26-27/06/00158 · 2026-06,sent,null,2026-05-31 17:44:57.438908+00,2026-05-31 17:45:01.036+00
51ebab61-abde-4d9e-9fab-fea790150289,00000000-0000-0000-0000-000000000001,3f310352-e007-4356-8aa4-a6335bbefd8a,invoice,842cfc29-7370-4f51-ae55-5be74031a9ea,2ba81159-3fd3-401a-b806-4cf09e7dce86,Invoice VISTA/26-27/06/00025 · 2026-06,sent,null,2026-05-31 17:44:57.560278+00,2026-05-31 17:45:01.036+00
42b95a56-9c61-4a85-b764-70876586d36b,00000000-0000-0000-0000-000000000001,3f310352-e007-4356-8aa4-a6335bbefd8a,invoice,a299cf0e-5e62-4830-972b-3520a54a57c7,18788fe2-f6a2-826e-2199-6cec118c6d00,Invoice VISTA/26-27/06/00155 · 2026-06,sent,null,2026-05-31 17:44:57.577213+00,2026-05-31 17:45:01.036+00
aa0a88a0-be91-4a04-820c-21afa8efa41f,00000000-0000-0000-0000-000000000001,3f310352-e007-4356-8aa4-a6335bbefd8a,invoice,6fb588d1-21fa-403d-a812-55c5d0ce41fc,49355947-7605-ec5f-7d81-a6597f38d76b,Invoice VISTA/26-27/06/00173 · 2026-06,sent,null,2026-05-31 17:45:03.348729+00,2026-05-31 17:45:06.735+00
96bd4e8b-9b29-4056-a19c-29481779bafc,00000000-0000-0000-0000-000000000001,3f310352-e007-4356-8aa4-a6335bbefd8a,invoice,32e019ff-ab6a-4518-a337-57427a9971ac,791c16c3-5afa-4081-a47c-53439979e5b3,Invoice VISTA/26-27/06/00033 · 2026-06,sent,null,2026-05-31 17:45:03.417219+00,2026-05-31 17:45:06.735+00
a43b64b8-4988-4e47-84f0-43092669cf72,00000000-0000-0000-0000-000000000001,3f310352-e007-4356-8aa4-a6335bbefd8a,invoice,b1e34004-5d96-4056-a872-629eaa1d22ff,79d4d3fe-73c5-a965-030f-c60220ee20cb,Invoice VISTA/26-27/06/00011 · 2026-06,sent,null,2026-05-31 17:45:03.54487+00,2026-05-31 17:45:06.735+00
f4255902-4b3e-42a3-ad62-82b774bc10f7,00000000-0000-0000-0000-000000000001,3f310352-e007-4356-8aa4-a6335bbefd8a,invoice,9509d90b-6577-4650-866d-5be2c07c1767,03ce56c0-8798-b95d-7125-311b80363e74,Invoice VISTA/26-27/06/00124 · 2026-06,sent,null,2026-05-31 17:45:03.567587+00,2026-05-31 17:45:10.143+00
0a246d7e-c87d-4466-a1f2-61883395f73f,00000000-0000-0000-0000-000000000001,3f310352-e007-4356-8aa4-a6335bbefd8a,invoice,76fb2320-c5c8-4d67-885f-dd3cd5fb8ebd,22a9494d-0e02-6fba-4aee-7947f1e6110b,Invoice VISTA/26-27/06/00148 · 2026-06,sent,null,2026-05-31 17:45:03.602939+00,2026-05-31 17:45:10.143+00
9fcfbcd5-c2ac-4d70-a618-e93b28724f13,00000000-0000-0000-0000-000000000001,3f310352-e007-4356-8aa4-a6335bbefd8a,invoice,f29e484f-890a-47d2-9ce9-544ce5a3e440,be84008a-74d3-3cc1-6fd6-bcef998f7bff,Invoice VISTA/26-27/06/00152 · 2026-06,sent,null,2026-05-31 17:45:03.838801+00,2026-05-31 17:45:10.143+00
e72b93bc-41c9-46be-90e3-ff15503cac5f,00000000-0000-0000-0000-000000000001,3f310352-e007-4356-8aa4-a6335bbefd8a,invoice,9f82b56d-f25b-4521-8fab-03e39d6f5f63,510cd475-6538-7d02-413c-1a0f553ba4e6,Invoice VISTA/26-27/06/00146 · 2026-06,sent,null,2026-05-31 17:45:11.354934+00,2026-05-31 17:45:15.242+00
83692b60-becc-4fa4-bdc9-4073e412ca8c,00000000-0000-0000-0000-000000000001,3f310352-e007-4356-8aa4-a6335bbefd8a,invoice,2c1245cd-f47a-4c5c-aaf9-ea05f5ed90e7,4628a4bf-d4c5-9e5d-471c-271b9f3e7d03,Invoice VISTA/26-27/06/00175 · 2026-06,sent,null,2026-05-31 17:45:11.375823+00,2026-05-31 17:45:15.242+00
6b570d4a-b420-4153-854e-01dc153ef3e9,00000000-0000-0000-0000-000000000001,3f310352-e007-4356-8aa4-a6335bbefd8a,invoice,2c18e639-d2eb-42fc-90f5-904f95b10c98,1fc0c3bb-f35c-8d5d-a4fa-a9c1723cd8ab,Invoice VISTA/26-27/06/00054 · 2026-06,sent,null,2026-05-31 17:45:11.459403+00,2026-05-31 17:45:15.242+00
c251325c-b981-412d-946a-6a71235cd12d,00000000-0000-0000-0000-000000000001,3f310352-e007-4356-8aa4-a6335bbefd8a,invoice,81f8ef84-d02e-4b2c-916c-5c14207f60c3,011b7d1c-5697-5394-c05b-fa0473640657,Invoice VISTA/26-27/06/00081 · 2026-06,sent,null,2026-05-31 17:45:11.460939+00,2026-05-31 17:45:15.242+00
578ca23f-9a96-47a3-84b0-1b1dacbcbe79,00000000-0000-0000-0000-000000000001,3f310352-e007-4356-8aa4-a6335bbefd8a,invoice,2ef5f0ec-d814-45f3-902e-f9c884f19abf,950dd22f-78fa-d205-48b3-fe5a5cc7438e,Invoice VISTA/26-27/06/00174 · 2026-06,sent,null,2026-05-31 17:45:11.498811+00,2026-05-31 17:45:15.242+00
10c9ddc0-cc1a-41fd-9556-b76c41bb9bfd,00000000-0000-0000-0000-000000000001,3f310352-e007-4356-8aa4-a6335bbefd8a,invoice,e5c9de8d-9b2d-4799-9684-95b35af5b539,1287ac56-adee-78b5-6a6b-56b3e8dd7d48,Invoice VISTA/26-27/06/00133 · 2026-06,sent,null,2026-05-31 17:45:11.558217+00,2026-05-31 17:45:15.242+00
5e9f8689-3599-4512-bc8e-bb486436525f,00000000-0000-0000-0000-000000000001,3f310352-e007-4356-8aa4-a6335bbefd8a,invoice,2c079c1d-4673-4f59-814f-dfa839749a84,c675e97a-0958-0695-90b3-49311eec8fd7,Invoice VISTA/26-27/06/00106 · 2026-06,sent,null,2026-05-31 17:45:18.737193+00,2026-05-31 17:45:22.169+00
0aefc6d2-3ad6-489f-ae20-b00e6276444f,00000000-0000-0000-0000-000000000001,3f310352-e007-4356-8aa4-a6335bbefd8a,invoice,0dcbb0a6-3f09-4a3e-958b-398e2506a326,f284b25b-d762-1399-a12e-ba7ffa6b6f97,Invoice VISTA/26-27/06/00143 · 2026-06,sent,null,2026-05-31 17:45:19.079279+00,2026-05-31 17:45:22.169+00
80e9cff9-e132-4acb-af1f-ee554fecc21b,00000000-0000-0000-0000-000000000001,3f310352-e007-4356-8aa4-a6335bbefd8a,invoice,1bfe86b5-a5ea-4d05-b27d-7d9327257e3c,5fee0a79-3970-704a-2332-f7c7598e86c1,Invoice VISTA/26-27/06/00136 · 2026-06,sent,null,2026-05-31 17:45:19.131201+00,2026-05-31 17:45:25.327+00
54d941ff-72e4-4e5d-aae3-d924a40b756c,00000000-0000-0000-0000-000000000001,3f310352-e007-4356-8aa4-a6335bbefd8a,invoice,bbac482a-02d5-4974-ba85-9c368501dae5,1a171004-7682-1c39-e6a2-758b668c33b0,Invoice VISTA/26-27/06/00065 · 2026-06,sent,null,2026-05-31 17:45:19.215928+00,2026-05-31 17:45:25.327+00
8c201df6-194a-4589-9cd0-29f2a26521d4,00000000-0000-0000-0000-000000000001,3f310352-e007-4356-8aa4-a6335bbefd8a,invoice,e7823f02-eee8-4a4a-8c2f-bb4d0f71417b,2b785f57-1c4f-d4a8-d486-b69e7b2db5bc,Invoice VISTA/26-27/06/00128 · 2026-06,sent,null,2026-05-31 17:45:19.318417+00,2026-05-31 17:45:25.327+00
a99ab48d-552f-4a82-ae38-d0dc44904094,00000000-0000-0000-0000-000000000001,3f310352-e007-4356-8aa4-a6335bbefd8a,invoice,04cb70b9-bc83-4ef6-8593-25648856b7e7,b4a50439-db13-dc26-d980-eb079b321460,Invoice VISTA/26-27/06/00099 · 2026-06,sent,null,2026-05-31 17:45:19.358233+00,2026-05-31 17:45:25.327+00
9b34a76f-9524-491e-b253-cf9e1950426d,00000000-0000-0000-0000-000000000001,3f310352-e007-4356-8aa4-a6335bbefd8a,invoice,5d386fa7-f8db-427a-abcd-eb179cfbd70f,43774f3c-9ce6-fc78-7857-b8607c3e1966,Invoice VISTA/26-27/06/00060 · 2026-06,sent,null,2026-05-31 17:45:26.300181+00,2026-05-31 17:45:30.053+00
9d3e10fa-fed1-4823-a09b-a845e80b5fde,00000000-0000-0000-0000-000000000001,3f310352-e007-4356-8aa4-a6335bbefd8a,invoice,3ea01ac3-a05c-45af-8988-3258247149ca,be68c44d-d4d2-478a-7b1e-c9c3fefac406,Invoice VISTA/26-27/06/00117 · 2026-06,sent,null,2026-05-31 17:45:26.338129+00,2026-05-31 17:45:30.053+00
267bb4ae-496b-41fe-a946-528b5fdaba5b,00000000-0000-0000-0000-000000000001,3f310352-e007-4356-8aa4-a6335bbefd8a,invoice,c772c2a2-ae87-470d-99a2-1998c87717df,d2449d75-0593-4deb-a6c2-fae99fc83ab0,Invoice VISTA/26-27/06/00043 · 2026-06,sent,null,2026-05-31 17:45:26.441295+00,2026-05-31 17:45:30.053+00
e4cf844f-8b80-4493-a152-5d99a82fff8a,00000000-0000-0000-0000-000000000001,3f310352-e007-4356-8aa4-a6335bbefd8a,invoice,a41195bb-4e65-48e1-ae03-ff8697dfc926,b0a6f0b5-9fd8-112e-2bfa-24fa8a25779b,Invoice VISTA/26-27/06/00131 · 2026-06,sent,null,2026-05-31 17:45:26.53688+00,2026-05-31 17:45:30.053+00
11475116-bdac-4191-9e4a-2f7b80aa6fec,00000000-0000-0000-0000-000000000001,3f310352-e007-4356-8aa4-a6335bbefd8a,invoice,76b11326-2207-4085-a534-c74bc9d34107,26b16f30-da65-8aa3-d1ec-4867ac2a8f35,Invoice VISTA/26-27/06/00053 · 2026-06,sent,null,2026-05-31 17:45:26.606976+00,2026-05-31 17:45:30.053+00
8660f550-e3c7-4ed3-b60e-f3bd9a2c3a7a,00000000-0000-0000-0000-000000000001,3f310352-e007-4356-8aa4-a6335bbefd8a,invoice,9a48b076-b047-4d6d-b705-a707d61b1e48,c3c77367-5f51-f7a7-e667-0e3480f53751,Invoice VISTA/26-27/06/00087 · 2026-06,sent,null,2026-05-31 17:45:26.627085+00,2026-05-31 17:45:33.744+00
0bf67cd6-1463-47a1-9a1e-13ec42bddb95,00000000-0000-0000-0000-000000000001,3f310352-e007-4356-8aa4-a6335bbefd8a,invoice,5f983963-2837-4828-b201-605ec79a4842,4f75b0ca-7bed-c37c-cfd4-1e361a1bb6d4,Invoice VISTA/26-27/06/00072 · 2026-06,sent,null,2026-05-31 17:45:33.794057+00,2026-05-31 17:45:36.887+00
7196cc53-e1a4-46ce-8543-af25415dc7e9,00000000-0000-0000-0000-000000000001,3f310352-e007-4356-8aa4-a6335bbefd8a,invoice,15c6194f-93cb-41fd-99e3-d2d468d82292,55ca6f7c-112a-ec33-7c1c-987508bc9e41,Invoice VISTA/26-27/06/00130 · 2026-06,sent,null,2026-05-31 17:45:33.964988+00,2026-05-31 17:45:36.887+00
a21a6024-26c1-4e31-8fb0-c7754bdffcf6,00000000-0000-0000-0000-000000000001,3f310352-e007-4356-8aa4-a6335bbefd8a,invoice,afa1adb1-804e-4723-b7b3-3a1ef2fe0e39,c2329858-525d-2f70-5e31-bf9a8358eb3e,Invoice VISTA/26-27/06/00149 · 2026-06,sent,null,2026-05-31 17:45:33.9813+00,2026-05-31 17:45:36.887+00
1e99c73d-59a8-4418-8312-9e642a0496fc,00000000-0000-0000-0000-000000000001,3f310352-e007-4356-8aa4-a6335bbefd8a,invoice,8167f5f2-208d-4f14-95b6-c335d1d7bef2,82be44de-b1d6-4e48-e6bb-33ec98b83c7d,Invoice VISTA/26-27/06/00079 · 2026-06,sent,null,2026-05-31 17:45:33.986089+00,2026-05-31 17:45:36.887+00
90ecad99-21be-41cc-a630-250402625dec,00000000-0000-0000-0000-000000000001,3f310352-e007-4356-8aa4-a6335bbefd8a,invoice,d06cc4ce-235c-4ba6-bd7e-85caa90d6f8b,b19dfc6c-a5d5-734c-3d3d-6389c281b3bb,Invoice VISTA/26-27/06/00160 · 2026-06,sent,null,2026-05-31 17:45:34.072385+00,2026-05-31 17:45:39.814+00
0421abb6-e760-4919-8c19-44808fc7c2fe,00000000-0000-0000-0000-000000000001,3f310352-e007-4356-8aa4-a6335bbefd8a,invoice,bcbcc705-b0f9-44a4-9f7a-fd1f8704ad1b,417cb75b-9992-4df9-28ae-ad4d2313621f,Invoice VISTA/26-27/06/00126 · 2026-06,sent,null,2026-05-31 17:45:34.181495+00,2026-05-31 17:45:39.814+00
184c84fd-8356-416c-bd3a-cc679657cf6c,00000000-0000-0000-0000-000000000001,3f310352-e007-4356-8aa4-a6335bbefd8a,invoice,221390d5-fdef-4553-b837-f429e4e2e447,e17238d1-34ce-0cbb-4dc0-f65e60ff52f7,Invoice VISTA/26-27/06/00135 · 2026-06,sent,null,2026-05-31 17:45:41.919332+00,2026-05-31 17:45:44.609+00
c731d861-9e22-43c9-b5bc-3685f140378e,00000000-0000-0000-0000-000000000001,3f310352-e007-4356-8aa4-a6335bbefd8a,invoice,105adf3b-0114-4ae2-a558-405fcf0160e4,855f3f6a-72ae-46f4-4cc2-a9a0d5df5b70,Invoice VISTA/26-27/06/00168 · 2026-06,sent,null,2026-05-31 17:45:42.106039+00,2026-05-31 17:45:44.609+00
bd59471c-9a7b-4745-8b10-6e237b7b35ae,00000000-0000-0000-0000-000000000001,3f310352-e007-4356-8aa4-a6335bbefd8a,invoice,401b1c0c-d8a7-4488-be16-f2b336a5b881,630c8120-bdbc-832c-24ca-aca9e6b49891,Invoice VISTA/26-27/06/00046 · 2026-06,sent,null,2026-05-31 17:45:42.186629+00,2026-05-31 17:45:49.526+00
5df982dd-d39f-4766-99ef-e2b2aa821a19,00000000-0000-0000-0000-000000000001,3f310352-e007-4356-8aa4-a6335bbefd8a,invoice,84ae2da5-7a20-426f-9398-6a60a4dba71f,87a1e515-e2e0-110f-05d1-04f5a83c066a,Invoice VISTA/26-27/06/00066 · 2026-06,sent,null,2026-05-31 17:45:42.382473+00,2026-05-31 17:45:49.526+00
5c9a0ab4-9ca8-46a0-992f-903cb6cfb043,00000000-0000-0000-0000-000000000001,3f310352-e007-4356-8aa4-a6335bbefd8a,invoice,742bfb7a-1992-49a0-90d5-28b3f78d1a50,c39e5b6a-5497-09b6-25cc-89f1ea8a608c,Invoice VISTA/26-27/06/00082 · 2026-06,sent,null,2026-05-31 17:45:42.387117+00,2026-05-31 17:45:49.526+00
5402ea22-15d2-44fe-9470-37fe3eb97d8b,00000000-0000-0000-0000-000000000001,3f310352-e007-4356-8aa4-a6335bbefd8a,invoice,f6c0eb96-f85a-4ca6-8e81-1c87ee2f8c1b,f295149c-bcb1-4d48-93ce-d2ea593d29c3,Invoice VISTA/26-27/06/00019 · 2026-06,sent,null,2026-05-31 17:45:42.419411+00,2026-05-31 17:45:49.526+00
00b9cf36-7527-44af-b0d5-d9e933e6d199,00000000-0000-0000-0000-000000000001,3f310352-e007-4356-8aa4-a6335bbefd8a,invoice,d5bc16ab-3cbd-442b-9f1f-f2f0c3dda027,edee54e5-b970-ea10-551f-b156c26d8f0a,Invoice VISTA/26-27/06/00004 · 2026-06,sent,null,2026-05-31 17:45:50.35647+00,2026-05-31 17:45:53.279+00
e19dfaa7-fa1c-4211-a4e4-2c6deb497eb6,00000000-0000-0000-0000-000000000001,3f310352-e007-4356-8aa4-a6335bbefd8a,invoice,f94d68a8-f62b-433f-9196-96a0decfafd2,d77b5c1e-605d-6795-5eee-1e2f9b83e069,Invoice VISTA/26-27/06/00086 · 2026-06,sent,null,2026-05-31 17:45:50.459632+00,2026-05-31 17:45:56.359+00
d13b7304-2a0f-4911-95da-ce700c074983,00000000-0000-0000-0000-000000000001,3f310352-e007-4356-8aa4-a6335bbefd8a,invoice,38583d2b-78db-488c-a6ca-865fe2d6faa3,d497808b-36e2-ea42-d247-85b4e409078c,Invoice VISTA/26-27/06/00076 · 2026-06,sent,null,2026-05-31 17:45:50.496177+00,2026-05-31 17:45:56.359+00
edb0d8c8-1a03-4302-b502-85a3ca071550,00000000-0000-0000-0000-000000000001,3f310352-e007-4356-8aa4-a6335bbefd8a,invoice,1c029563-3a0d-4b3d-8ab3-c989e00682c7,2c05db07-e980-4d52-a524-1b1ee5185554,Invoice VISTA/26-27/06/00018 · 2026-06,sent,null,2026-05-31 17:45:50.543833+00,2026-05-31 17:45:56.359+00
a7a39c5d-c421-42da-887a-208ca095bc3b,00000000-0000-0000-0000-000000000001,3f310352-e007-4356-8aa4-a6335bbefd8a,invoice,a3fd34c7-8dc4-43e6-a749-202980c1d4f2,9653a402-ff75-bbdf-8cc6-1cb0ca01f233,Invoice VISTA/26-27/06/00150 · 2026-06,sent,null,2026-05-31 17:45:50.633736+00,2026-05-31 17:45:56.359+00
9807d63b-ffad-46da-915a-253619da4445,00000000-0000-0000-0000-000000000001,3f310352-e007-4356-8aa4-a6335bbefd8a,invoice,21c35f69-116d-478b-b666-d298211ecbf8,1dc2bdca-ae79-4cd5-9d74-961c02cce282,Invoice VISTA/26-27/06/00037 · 2026-06,sent,null,2026-05-31 17:45:50.782757+00,2026-05-31 17:45:56.359+00
26e15a14-aadb-4f65-9a1a-9f61376dcbde,00000000-0000-0000-0000-000000000001,3f310352-e007-4356-8aa4-a6335bbefd8a,invoice,0e661b29-2042-48c4-9c52-27d4104299a1,af12a12c-92bf-088b-3073-292fe4dfc478,Invoice VISTA/26-27/06/00125 · 2026-06,sent,null,2026-05-31 17:45:58.768397+00,2026-05-31 17:46:02.38+00
775078e0-9fdb-4e2a-bef3-8a2d44acfcb6,00000000-0000-0000-0000-000000000001,3f310352-e007-4356-8aa4-a6335bbefd8a,invoice,92bbbea4-449e-41e2-b076-30ebb1382850,de481a65-2fb4-4974-b7db-0ec990ea852d,Invoice VISTA/26-27/06/00003 · 2026-06,sent,null,2026-05-31 17:45:58.904067+00,2026-05-31 17:46:02.38+00
d6ecfa2f-25e3-49d8-9eac-39439cd34593,00000000-0000-0000-0000-000000000001,3f310352-e007-4356-8aa4-a6335bbefd8a,invoice,a992ca37-36de-4658-a023-2670277318a7,d8c4b3c5-9b2a-4c6e-b1e8-0a98c9175234,Invoice VISTA/26-27/06/00024 · 2026-06,sent,null,2026-05-31 17:45:59.065587+00,2026-05-31 17:46:02.38+00
acf391d0-d584-4609-a335-4f3e2ce87f40,00000000-0000-0000-0000-000000000001,3f310352-e007-4356-8aa4-a6335bbefd8a,invoice,59ac5c9a-976c-40ad-95de-dfb8d9fed6bb,706ec709-36e3-4de0-a55a-522efd0b3957,Invoice VISTA/26-27/06/00007 · 2026-06,sent,null,2026-05-31 17:45:59.095738+00,2026-05-31 17:46:02.38+00
005eca9f-838a-4b8c-8728-049e7815285e,00000000-0000-0000-0000-000000000001,3f310352-e007-4356-8aa4-a6335bbefd8a,invoice,71740e90-ffba-4edf-a801-83676a3fbd10,a267e3ee-ef69-4d54-8414-357c81b2eb3c,Invoice VISTA/26-27/06/00001 · 2026-06,sent,null,2026-05-31 17:45:59.096594+00,2026-05-31 17:46:02.38+00
bea4bb63-da21-439d-873e-0e167ec710ae,00000000-0000-0000-0000-000000000001,3f310352-e007-4356-8aa4-a6335bbefd8a,invoice,ab4fd76b-3ec9-473c-b226-13c9131fbc47,238b347e-e7e9-b1a3-31a8-a2f8fed99f55,Invoice VISTA/26-27/06/00132 · 2026-06,sent,null,2026-05-31 17:45:59.122132+00,2026-05-31 17:46:02.38+00
ff2b3764-e4b2-465f-bb67-8dadd8018c33,00000000-0000-0000-0000-000000000001,3f310352-e007-4356-8aa4-a6335bbefd8a,invoice,b0bcb2c8-816c-488e-89bf-28b79c76d2c3,8e39a9bd-3317-b2a6-22a6-16fa4cab9632,Invoice VISTA/26-27/06/00041 · 2026-06,sent,null,2026-05-31 17:46:07.324222+00,2026-05-31 17:46:10.889+00
0973e8d9-6d26-411e-8a64-12b8482a8479,00000000-0000-0000-0000-000000000001,3f310352-e007-4356-8aa4-a6335bbefd8a,invoice,88c5e93f-350b-4486-8b35-e300f2dc2273,df5ea39c-c069-5211-271d-f0d3831adefa,Invoice VISTA/26-27/06/00176 · 2026-06,sent,null,2026-05-31 17:46:07.758235+00,2026-05-31 17:46:10.889+00
2e2fa7f2-bf32-4ca0-8078-3bf5b59e734d,00000000-0000-0000-0000-000000000001,3f310352-e007-4356-8aa4-a6335bbefd8a,invoice,36e62893-634f-4869-944a-7d042c763eaf,e6dde6a9-4da9-d1a2-802a-faf5db207e8e,Invoice VISTA/26-27/06/00123 · 2026-06,sent,null,2026-05-31 17:46:07.762714+00,2026-05-31 17:46:10.889+00
d0daff67-aef4-49cb-8da8-2e21026bafd3,00000000-0000-0000-0000-000000000001,3f310352-e007-4356-8aa4-a6335bbefd8a,invoice,7cdcce0d-5187-42ce-9f52-e2544fb7b7b2,53416e34-aaed-471f-937d-0fea74c444b8,Invoice VISTA/26-27/06/00020 · 2026-06,sent,null,2026-05-31 17:46:07.766071+00,2026-05-31 17:46:10.889+00
4c13b931-4eb9-45ea-b7d6-59387f49cd34,00000000-0000-0000-0000-000000000001,3f310352-e007-4356-8aa4-a6335bbefd8a,invoice,09d963aa-867d-4c33-a3eb-7f8e80b2bc35,a7798da2-f8ee-1840-a1f3-f29a9e764b97,Invoice VISTA/26-27/06/00164 · 2026-06,sent,null,2026-05-31 17:46:07.939498+00,2026-05-31 17:46:14.617+00
509aeac5-a0e3-4435-a7e2-a8ac4a4efb16,00000000-0000-0000-0000-000000000001,3f310352-e007-4356-8aa4-a6335bbefd8a,invoice,c40bfee7-9fd5-48d0-b42c-00ad44a8e295,c02eb961-2471-c285-9c28-fb9a12aaf70a,Invoice VISTA/26-27/06/00078 · 2026-06,sent,null,2026-05-31 17:46:07.939936+00,2026-05-31 17:46:14.617+00
4edbd3c4-ffb7-47c6-9855-8c5f1fa0738e,00000000-0000-0000-0000-000000000001,3f310352-e007-4356-8aa4-a6335bbefd8a,invoice,66029766-6767-47e3-87d3-a14faa740f27,73715344-908a-b7fa-00cc-34358ffb16f0,Invoice VISTA/26-27/06/00074 · 2026-06,sent,null,2026-05-31 17:46:16.136147+00,2026-05-31 17:46:19.249+00
8d369052-0bb1-4da7-b13b-2502d223a818,00000000-0000-0000-0000-000000000001,3f310352-e007-4356-8aa4-a6335bbefd8a,invoice,7447a5d8-d5ce-418b-a899-45dafef1fa0b,104a66bf-0d87-2acc-ec03-a73d1c1cfd53,Invoice VISTA/26-27/06/00080 · 2026-06,sent,null,2026-05-31 17:46:16.357436+00,2026-05-31 17:46:19.249+00
5efe653d-a57c-4504-a2c6-0ad71aab8cdf,00000000-0000-0000-0000-000000000001,3f310352-e007-4356-8aa4-a6335bbefd8a,invoice,082075d2-3696-4472-8518-a23944d03905,1a3b6c74-26e1-7124-0b5c-7f783d71624d,Invoice VISTA/26-27/06/00083 · 2026-06,sent,null,2026-05-31 17:46:16.41993+00,2026-05-31 17:46:19.249+00
adc0dae6-d124-4c4b-a44f-8dbf0647f26f,00000000-0000-0000-0000-000000000001,3f310352-e007-4356-8aa4-a6335bbefd8a,invoice,627dcd37-5668-4135-a0dd-267b3c063f02,7e2a1e58-e10a-4352-ca15-59fd22f2c07e,Invoice VISTA/26-27/06/00051 · 2026-06,sent,null,2026-05-31 17:46:16.518003+00,2026-05-31 17:46:22.313+00
a74f1843-e92e-4d32-ace7-96807a6c5011,00000000-0000-0000-0000-000000000001,3f310352-e007-4356-8aa4-a6335bbefd8a,invoice,ca15eb7d-f523-410c-a641-d9237f18279c,b6263381-5732-4544-952b-edde50fdfc28,Invoice VISTA/26-27/06/00010 · 2026-06,sent,null,2026-05-31 17:46:16.524518+00,2026-05-31 17:46:22.313+00
56939314-934f-42a8-a82f-79ad9d039f8f,00000000-0000-0000-0000-000000000001,3f310352-e007-4356-8aa4-a6335bbefd8a,invoice,c27ed1c7-76de-4503-918e-7340596b4d8b,c49181cd-07c5-4c6a-a996-4146d002c886,Invoice VISTA/26-27/06/00029 · 2026-06,sent,null,2026-05-31 17:46:16.527968+00,2026-05-31 17:46:22.313+00
098059f8-b556-4d0e-b0e1-8b57007249b4,00000000-0000-0000-0000-000000000001,3f310352-e007-4356-8aa4-a6335bbefd8a,invoice,85d84dd0-37dc-4f6b-a9a5-23a9fe86cb9e,a467df39-5ec5-465e-a471-e2b54be7bc71,Invoice VISTA/26-27/06/00030 · 2026-06,sent,null,2026-05-31 17:46:24.938429+00,2026-05-31 17:46:27.811+00
2efa7d4a-b84d-435b-b07d-5c823b6fb4a2,00000000-0000-0000-0000-000000000001,3f310352-e007-4356-8aa4-a6335bbefd8a,invoice,81693c98-b6db-44aa-aa79-e9c611db15fd,6542b72b-196a-4538-a690-2db7cc212936,Invoice VISTA/26-27/06/00104 · 2026-06,sent,null,2026-05-31 17:46:25.358776+00,2026-05-31 17:46:30.98+00
169f353a-b6af-42bb-b813-dccbf1ec2506,00000000-0000-0000-0000-000000000001,3f310352-e007-4356-8aa4-a6335bbefd8a,invoice,3834592e-8e3a-4d3b-a693-079f6c3cfb21,2bd67002-1f8f-faff-efc5-5063dbedf10f,Invoice VISTA/26-27/06/00112 · 2026-06,sent,null,2026-05-31 17:46:25.359474+00,2026-05-31 17:46:30.98+00
1a705de4-8d5b-4b03-8df8-b600bfc69799,00000000-0000-0000-0000-000000000001,3f310352-e007-4356-8aa4-a6335bbefd8a,invoice,b7d46798-ce9c-44c4-a43d-7864c9f62b1b,fc8a412e-e0d4-35e1-37fa-5f798b7dc7f4,Invoice VISTA/26-27/06/00107 · 2026-06,sent,null,2026-05-31 17:46:25.364229+00,2026-05-31 17:46:30.98+00
f52016c0-7e91-4de2-bf43-f17d5a791864,00000000-0000-0000-0000-000000000001,3f310352-e007-4356-8aa4-a6335bbefd8a,invoice,6ed1a176-4ee5-4c9f-868e-3db5405d6bd0,bdcc24e3-6077-3ea9-b25e-2747d0f07be7,Invoice VISTA/26-27/06/00134 · 2026-06,sent,null,2026-05-31 17:46:25.414791+00,2026-05-31 17:46:30.98+00
2f5b96ee-d4f5-4357-a070-1d5010b09257,00000000-0000-0000-0000-000000000001,3f310352-e007-4356-8aa4-a6335bbefd8a,invoice,86f260a7-0425-413d-9ea8-c5404774ca36,bb91db20-f031-af83-8e52-9b613ace7567,Invoice VISTA/26-27/06/00114 · 2026-06,sent,null,2026-05-31 17:46:25.441398+00,2026-05-31 17:46:30.98+00
147ee947-e894-4690-88da-df4ea2d409ef,00000000-0000-0000-0000-000000000001,3f310352-e007-4356-8aa4-a6335bbefd8a,invoice,76d250e6-ef95-4196-9d89-5520f555dc86,0278721a-a690-833b-298a-16a351fb7a3a,Invoice VISTA/26-27/06/00119 · 2026-06,sent,null,2026-05-31 17:46:34.127038+00,2026-05-31 17:46:37.142+00
288d8b5b-47ed-4196-912f-e8beda5c1613,00000000-0000-0000-0000-000000000001,3f310352-e007-4356-8aa4-a6335bbefd8a,invoice,6bb8bc3b-6238-46fc-8be1-387487cde0b0,8996897f-e383-4fca-87f9-654e1b14b3c2,Invoice VISTA/26-27/06/00006 · 2026-06,sent,null,2026-05-31 17:46:34.222727+00,2026-05-31 17:46:37.142+00
1bd8ef02-347a-4199-8be1-bc35287f99f9,00000000-0000-0000-0000-000000000001,3f310352-e007-4356-8aa4-a6335bbefd8a,invoice,8ee09ecd-0d37-4f03-89bd-77643b867b7c,080eae03-9f65-4515-aec2-8924472923dd,Invoice VISTA/26-27/06/00002 · 2026-06,sent,null,2026-05-31 17:46:34.400589+00,2026-05-31 17:46:40.644+00
42ca658a-8f23-48e4-ae9f-5a663081d19b,00000000-0000-0000-0000-000000000001,3f310352-e007-4356-8aa4-a6335bbefd8a,invoice,28a0b27b-0e72-437c-99af-6c44a369980f,1218c50c-4da4-4f61-baec-5182a25958e3,Invoice VISTA/26-27/06/00016 · 2026-06,sent,null,2026-05-31 17:46:34.418793+00,2026-05-31 17:46:40.644+00
452459e1-ec87-4b65-94f0-23f116fbd0cf,00000000-0000-0000-0000-000000000001,3f310352-e007-4356-8aa4-a6335bbefd8a,invoice,2513a20a-f905-4480-aa9e-acfa165ddb54,e99afa10-6249-3f5b-4364-da75f89e34f9,Invoice VISTA/26-27/06/00045 · 2026-06,sent,null,2026-05-31 17:46:34.443325+00,2026-05-31 17:46:40.644+00
fa3cf5a0-a4f2-4f0d-9e53-0224fa820b5d,00000000-0000-0000-0000-000000000001,3f310352-e007-4356-8aa4-a6335bbefd8a,invoice,cfa9f7e0-2f6e-483d-bef5-0dd5231493fc,2ac2da6e-0954-f906-32d7-a1f55477c590,Invoice VISTA/26-27/06/00064 · 2026-06,sent,null,2026-05-31 17:46:34.618934+00,2026-05-31 17:46:40.644+00
e131ef40-ff1d-41ba-8eed-87e840ce484e,00000000-0000-0000-0000-000000000001,3f310352-e007-4356-8aa4-a6335bbefd8a,invoice,6a05b2a8-2d2d-45af-9d20-ba50a177596d,9c88cc60-ea13-4dd1-9930-ca14ff0c6aa0,Invoice VISTA/26-27/06/00022 · 2026-06,sent,null,2026-05-31 17:46:43.873338+00,2026-05-31 17:46:47.352+00
57c3e763-858a-4922-9f2e-8a074e2a6dfe,00000000-0000-0000-0000-000000000001,3f310352-e007-4356-8aa4-a6335bbefd8a,invoice,d3ae9c54-bc74-4012-9bc8-36fd7124eb93,e426d68a-16d2-9097-ff7d-ae2521fb52e5,Invoice VISTA/26-27/06/00091 · 2026-06,sent,null,2026-05-31 17:46:43.95029+00,2026-05-31 17:46:47.352+00
c165034f-5240-4d4b-a869-b9d14ef6fc25,00000000-0000-0000-0000-000000000001,3f310352-e007-4356-8aa4-a6335bbefd8a,invoice,924f351a-6fe4-4dc4-8016-ea6cd9c56a14,cb2574c2-6caf-4598-82dc-12b9569a6451,Invoice VISTA/26-27/06/00021 · 2026-06,sent,null,2026-05-31 17:46:43.997748+00,2026-05-31 17:46:47.352+00
b3ae8c95-56c0-4083-b8eb-294373a0c511,00000000-0000-0000-0000-000000000001,3f310352-e007-4356-8aa4-a6335bbefd8a,invoice,53e89399-8a99-469e-b877-39bab546775c,521635f8-15aa-4ce1-ab2f-276095cbbe1a,Invoice VISTA/26-27/06/00035 · 2026-06,sent,null,2026-05-31 17:46:44.02505+00,2026-05-31 17:46:50.222+00
f8451d54-dda5-41d8-9c7a-24e4e89cb99b,00000000-0000-0000-0000-000000000001,3f310352-e007-4356-8aa4-a6335bbefd8a,invoice,d31f6db6-16a2-4399-ba8d-add63c5042b2,491b8136-32a1-37c5-5253-b53ff3991d86,Invoice VISTA/26-27/06/00073 · 2026-06,sent,null,2026-05-31 17:46:44.062272+00,2026-05-31 17:46:50.222+00
e79e4a21-5086-4291-8f52-8ad65579a9cb,00000000-0000-0000-0000-000000000001,3f310352-e007-4356-8aa4-a6335bbefd8a,invoice,9bbaf1d2-9556-4e96-a75d-a03d2c32a81d,72ac33cc-b9b2-9cc4-47fd-d37096c8f30d,Invoice VISTA/26-27/06/00075 · 2026-06,sent,null,2026-05-31 17:46:44.260163+00,2026-05-31 17:46:50.222+00
a1a029f3-1a04-45a6-9ff7-ec34b39d3c4a,00000000-0000-0000-0000-000000000001,3f310352-e007-4356-8aa4-a6335bbefd8a,invoice,733e963a-4842-41e8-b04e-c4fee5e52802,2631ddfd-660e-8719-1876-82cf88e13a60,Invoice VISTA/26-27/06/00138 · 2026-06,sent,null,2026-05-31 17:46:53.35348+00,2026-05-31 17:46:56.522+00
011c147e-3a8a-456c-89ed-19d68bf0b02a,00000000-0000-0000-0000-000000000001,3f310352-e007-4356-8aa4-a6335bbefd8a,invoice,6a930926-d66b-4d7c-9093-a436184b20d3,9541a16d-d020-eb78-80f1-a4a2d4b7775f,Invoice VISTA/26-27/06/00061 · 2026-06,sent,null,2026-05-31 17:46:53.405784+00,2026-05-31 17:46:56.522+00
3b0fe01f-1d37-41f8-a775-4458ced589fd,00000000-0000-0000-0000-000000000001,3f310352-e007-4356-8aa4-a6335bbefd8a,invoice,71467e0f-1914-4958-9fa9-969c10246ac9,25ef6338-6197-45a8-82d9-ddd0a846f1b2,Invoice VISTA/26-27/06/00026 · 2026-06,sent,null,2026-05-31 17:46:53.662368+00,2026-05-31 17:46:59.42+00
33e77298-1ed5-40a8-baf9-97132d272beb,00000000-0000-0000-0000-000000000001,3f310352-e007-4356-8aa4-a6335bbefd8a,invoice,596aa38f-d435-43b9-a679-e6c93774dcd0,23f7ef5f-6b26-a104-b616-b438d7e9243c,Invoice VISTA/26-27/06/00137 · 2026-06,sent,null,2026-05-31 17:46:53.699015+00,2026-05-31 17:46:59.42+00
afde384b-6fd6-453b-97f5-26dca93059a6,00000000-0000-0000-0000-000000000001,3f310352-e007-4356-8aa4-a6335bbefd8a,invoice,8f1ab418-e3b4-4ab7-a7a7-2dc712c3713e,8e125a87-1a3e-4b52-855b-635c06bafd87,Invoice VISTA/26-27/06/00036 · 2026-06,sent,null,2026-05-31 17:46:53.817515+00,2026-05-31 17:46:59.42+00
c52b8600-be1a-413c-9295-4c2466aee91a,00000000-0000-0000-0000-000000000001,3f310352-e007-4356-8aa4-a6335bbefd8a,invoice,0adbcd63-dcfe-4d00-8aef-d6c221519fde,38069f8b-d44e-0b86-a0d1-dafac5ae1232,Invoice VISTA/26-27/06/00153 · 2026-06,sent,null,2026-05-31 17:46:53.854471+00,2026-05-31 17:46:59.42+00
c5cae7bb-1a0d-4c15-bcc2-d1afe62c4e3a,00000000-0000-0000-0000-000000000001,3f310352-e007-4356-8aa4-a6335bbefd8a,invoice,ce8367a6-0a43-48c1-90c2-384addca3408,31f3f7a3-5dc4-21cd-ba54-b41347a7822a,Invoice VISTA/26-27/06/00139 · 2026-06,sent,null,2026-05-31 17:47:03.612707+00,2026-05-31 17:47:06.591+00
534fba57-a6ea-4db7-9152-a8f79a53d82c,00000000-0000-0000-0000-000000000001,3f310352-e007-4356-8aa4-a6335bbefd8a,invoice,9157fc38-b7e5-42ca-9e2e-a98913f48e47,c09e703c-d287-38c8-d1c1-239145e17df9,Invoice VISTA/26-27/06/00172 · 2026-06,sent,null,2026-05-31 17:47:03.675817+00,2026-05-31 17:47:06.591+00
1a9b4b8e-20a7-4c9a-9005-8da3ed87bba2,00000000-0000-0000-0000-000000000001,3f310352-e007-4356-8aa4-a6335bbefd8a,invoice,f236deea-7c9c-4ebc-8161-33049185fa90,00ff5468-3680-2a12-23e4-82855ab3c697,Invoice VISTA/26-27/06/00050 · 2026-06,sent,null,2026-05-31 17:47:03.896949+00,2026-05-31 17:47:09.654+00
d82f211c-e21b-43a1-8a23-57b14c9eee02,00000000-0000-0000-0000-000000000001,3f310352-e007-4356-8aa4-a6335bbefd8a,invoice,5b4eb65b-4a0f-43a5-8529-c8f0459131b3,b2f85d5d-acf9-7c53-dc5b-0d3b67b462c5,Invoice VISTA/26-27/06/00047 · 2026-06,sent,null,2026-05-31 17:47:03.941214+00,2026-05-31 17:47:09.654+00
10b8be2b-a3f8-4ffb-ae2a-90033ae93aaa,00000000-0000-0000-0000-000000000001,3f310352-e007-4356-8aa4-a6335bbefd8a,invoice,32a08994-42d7-4203-ae0d-c671bb00185f,a7dadee2-80e3-eba0-084f-5f1847bb3aa4,Invoice VISTA/26-27/06/00070 · 2026-06,sent,null,2026-05-31 17:47:04.102822+00,2026-05-31 17:47:09.654+00
66135dff-ec54-49c0-9efb-4385e91bee26,00000000-0000-0000-0000-000000000001,3f310352-e007-4356-8aa4-a6335bbefd8a,invoice,48c97ac8-5ae2-48d0-a103-bd51a1c7054a,146a8458-f956-54ed-317f-b99f7d16fff8,Invoice VISTA/26-27/06/00157 · 2026-06,sent,null,2026-05-31 17:47:04.10306+00,2026-05-31 17:47:09.654+00
a768a548-26b4-4c55-b870-c36731b91153,00000000-0000-0000-0000-000000000001,3f310352-e007-4356-8aa4-a6335bbefd8a,invoice,4d40725c-ef8f-46c6-b127-f959734f006d,a4ef95bf-1c7c-4c4d-0497-ae38085af6cc,Invoice VISTA/26-27/06/00062 · 2026-06,sent,null,2026-05-31 17:47:14.008055+00,2026-05-31 17:47:17.346+00
d3ec7b76-722d-4746-b251-4df576bc09e6,00000000-0000-0000-0000-000000000001,3f310352-e007-4356-8aa4-a6335bbefd8a,invoice,1b9c0ad8-039d-4a01-bc2c-5b6ec6e6e4a0,a4709d2c-85e2-3d68-7467-1eaf879ba2c9,Invoice VISTA/26-27/06/00071 · 2026-06,sent,null,2026-05-31 17:47:14.174476+00,2026-05-31 17:47:21.246+00
d018c6f4-ca75-4122-a40d-9989964c47c7,00000000-0000-0000-0000-000000000001,3f310352-e007-4356-8aa4-a6335bbefd8a,invoice,6a10c039-6957-4ade-b075-984ad0ba54b1,19214e19-efc4-4eea-8118-944c998e3ab6,Invoice VISTA/26-27/06/00005 · 2026-06,sent,null,2026-05-31 17:47:14.182308+00,2026-05-31 17:47:21.246+00
3b885338-2c1c-467c-babf-4eb32123674a,00000000-0000-0000-0000-000000000001,3f310352-e007-4356-8aa4-a6335bbefd8a,invoice,76b9204a-4c8b-498c-b04f-73ac18a4f19f,93eb3d6a-d35b-ef1f-83b8-7430b6ad1674,Invoice VISTA/26-27/06/00161 · 2026-06,sent,null,2026-05-31 17:47:14.199037+00,2026-05-31 17:47:21.246+00
590ac445-d7b7-44d7-8c83-caae7db35829,00000000-0000-0000-0000-000000000001,3f310352-e007-4356-8aa4-a6335bbefd8a,invoice,10fc89d2-be9c-45f3-bc1b-07d45aa2a8f0,854c86e3-8b7f-0ca8-f4ac-c6a073699611,Invoice VISTA/26-27/06/00151 · 2026-06,sent,null,2026-05-31 17:47:14.280956+00,2026-05-31 17:47:21.246+00
4cd11727-019d-4662-8e04-136a4521d107,00000000-0000-0000-0000-000000000001,3f310352-e007-4356-8aa4-a6335bbefd8a,invoice,0ada0952-1b08-4f40-a0eb-0554164f2ca9,8aacbc78-5e56-b3c0-f8bc-fcb5490b94f3,Invoice VISTA/26-27/06/00169 · 2026-06,sent,null,2026-05-31 17:47:14.44014+00,2026-05-31 17:47:21.246+00
f560fce9-7f8d-45d3-bb28-2d68058b1a56,00000000-0000-0000-0000-000000000001,3f310352-e007-4356-8aa4-a6335bbefd8a,invoice,55c0761a-dc41-4055-940f-2f15cbded99c,f16a668c-ea8a-b26d-9dff-4da3c53fccc7,Invoice VISTA/26-27/06/00058 · 2026-06,sent,null,2026-05-31 17:47:24.496082+00,2026-05-31 18:21:59.315+00
3bec8c32-7ba3-4027-b3b5-307abcff632d,00000000-0000-0000-0000-000000000001,3f310352-e007-4356-8aa4-a6335bbefd8a,invoice,e424ddf7-4d65-4a25-8c6c-01725d21c3c3,389859df-460c-4966-a71d-eb7bbebae67b,Invoice VISTA/26-27/06/00015 · 2026-06,sent,null,2026-05-31 17:47:24.600116+00,2026-05-31 18:21:59.315+00
344b3662-74bb-4bac-a647-87664699c0d6,00000000-0000-0000-0000-000000000001,3f310352-e007-4356-8aa4-a6335bbefd8a,invoice,88dbc566-3129-40b1-828d-485c0464e233,9e188cc2-9f75-4d15-8fa3-9348236cae71,Invoice VISTA/26-27/06/00027 · 2026-06,sent,null,2026-05-31 17:47:24.703077+00,2026-05-31 18:21:59.315+00
752d700d-2583-48b8-946c-c215d7652736,00000000-0000-0000-0000-000000000001,3f310352-e007-4356-8aa4-a6335bbefd8a,invoice,c36fe7e2-0b38-42ad-9b67-35bf71637ca7,1422ace8-beea-6d1b-73fd-1d30597b40d5,Invoice VISTA/26-27/06/00067 · 2026-06,sent,null,2026-05-31 17:47:24.703191+00,2026-05-31 18:21:59.315+00
f5f14899-2f1a-44f1-ae86-940e9da79459,00000000-0000-0000-0000-000000000001,3f310352-e007-4356-8aa4-a6335bbefd8a,invoice,00f44296-6c90-49c7-ad60-6af645ccc393,d257c87f-0e42-048c-8409-362e925d86fc,Invoice VISTA/26-27/06/00159 · 2026-06,sent,null,2026-05-31 17:47:24.738925+00,2026-05-31 18:21:59.315+00
069d5510-439a-4c61-8041-36f2fc54089c,00000000-0000-0000-0000-000000000001,3f310352-e007-4356-8aa4-a6335bbefd8a,invoice,8b6c12c8-52e8-492c-b02b-3d3615130f6b,f38ac232-fe6f-44f8-955c-18c46b4db738,Invoice VISTA/26-27/06/00028 · 2026-06,sent,null,2026-05-31 17:47:24.75237+00,2026-05-31 18:21:59.315+00
52897a03-23a1-44ea-b86a-70559b1a0519,00000000-0000-0000-0000-000000000001,3f310352-e007-4356-8aa4-a6335bbefd8a,invoice,b1dcd897-8ef1-4639-b7dc-c21bc2679649,94927866-7ca0-4311-b799-972822792cb8,Invoice VISTA/26-27/06/00014 · 2026-06,sent,null,2026-05-31 17:47:35.119404+00,2026-05-31 18:21:59.315+00
ee478123-a6d5-4934-8534-28b160bfd561,00000000-0000-0000-0000-000000000001,3f310352-e007-4356-8aa4-a6335bbefd8a,invoice,f55167f8-5818-4e11-9c3e-b566fa1a17e7,d178a884-0bd1-601d-4cd1-042bac71c6db,Invoice VISTA/26-27/06/00044 · 2026-06,sent,null,2026-05-31 17:47:35.24328+00,2026-05-31 18:21:59.315+00
f29d42c0-72b2-4d90-98e1-00b7512a1475,00000000-0000-0000-0000-000000000001,3f310352-e007-4356-8aa4-a6335bbefd8a,invoice,8ec3f689-3478-43c2-a2c3-2ffca249dced,55e6e452-fae2-a5ac-3c12-21424bffbcac,Invoice VISTA/26-27/06/00012 · 2026-06,sent,null,2026-05-31 17:47:35.42361+00,2026-05-31 18:21:59.315+00
ad091ba6-f66f-4d7e-94c7-899ad7f7827a,00000000-0000-0000-0000-000000000001,3f310352-e007-4356-8aa4-a6335bbefd8a,invoice,6168dce2-96d4-46ab-a7d7-b1cca6e4f2b8,8971261e-a813-477f-94c0-0a9661dc4c34,Invoice VISTA/26-27/06/00009 · 2026-06,sent,null,2026-05-31 17:47:35.423901+00,2026-05-31 18:21:59.315+00
b0c626ff-873f-4056-b01a-5486a8db095a,00000000-0000-0000-0000-000000000001,3f310352-e007-4356-8aa4-a6335bbefd8a,invoice,c45749d6-5e5c-4aa9-8ca1-1e686e886cb2,18d86801-3cb7-11d4-8b9d-433429296014,Invoice VISTA/26-27/06/00165 · 2026-06,sent,null,2026-05-31 17:47:35.433589+00,2026-05-31 18:21:59.315+00
de877f9c-d5f7-4c66-98ad-2e14f1863b2d,00000000-0000-0000-0000-000000000001,3f310352-e007-4356-8aa4-a6335bbefd8a,invoice,144059cb-16a7-4c24-8ba1-ed28121fe89c,8fd367e7-7404-4ef6-530b-a40219a48f1e,Invoice VISTA/26-27/06/00077 · 2026-06,sent,null,2026-05-31 17:47:35.448856+00,2026-05-31 18:21:59.315+00
2d67ad6b-99e8-4290-969e-f24034db32d8,00000000-0000-0000-0000-000000000001,3f310352-e007-4356-8aa4-a6335bbefd8a,invoice,92c66d08-fcfe-41e6-8d7b-5a87ba4572bd,51c3d3a9-bfa0-4a8e-a687-3ef46bc022cc,Invoice VISTA/26-27/06/00039 · 2026-06,sent,null,2026-05-31 17:47:45.939047+00,2026-05-31 18:21:59.315+00
de1e63f4-038d-4e13-b13c-063cec1bd82b,00000000-0000-0000-0000-000000000001,3f310352-e007-4356-8aa4-a6335bbefd8a,invoice,1eef1d60-b37c-4f76-a1a1-d39dda75e0f9,25aa2406-e171-b558-8249-7a525d126d8f,Invoice VISTA/26-27/06/00084 · 2026-06,sent,null,2026-05-31 17:47:46.300512+00,2026-05-31 18:21:59.315+00
e0872727-35c8-49a4-9b15-f30be18ad681,00000000-0000-0000-0000-000000000001,3f310352-e007-4356-8aa4-a6335bbefd8a,invoice,25e63110-07c2-4bde-8332-b2071d1be070,1b003ea3-bdcb-0416-c3c2-8ff60f2f65f5,Invoice VISTA/26-27/06/00129 · 2026-06,sent,null,2026-05-31 17:47:46.302756+00,2026-05-31 18:21:59.315+00
bb1f83d2-44b7-4226-aadb-f09f1fd9fb6c,00000000-0000-0000-0000-000000000001,3f310352-e007-4356-8aa4-a6335bbefd8a,invoice,c9edef55-2960-44c4-a721-ef1bb71f4f82,79e31f6f-69dc-a40c-27d7-3f076878f83c,Invoice VISTA/26-27/06/00166 · 2026-06,sent,null,2026-05-31 17:47:46.320012+00,2026-05-31 18:21:59.315+00
e5b3a6d8-0968-4260-9066-4721d9a79af4,00000000-0000-0000-0000-000000000001,3f310352-e007-4356-8aa4-a6335bbefd8a,invoice,ed318fe2-b7fb-415b-b997-b7d3dd31d0de,251051cf-e3b5-5d37-918f-bf22b4875790,Invoice VISTA/26-27/06/00001 · 2026-06,sent,null,2026-05-31 17:47:46.385539+00,2026-05-31 18:21:59.315+00
2e15e663-a1f4-44cb-b50a-8c67ed2e1287,00000000-0000-0000-0000-000000000001,3f310352-e007-4356-8aa4-a6335bbefd8a,invoice,90a2e0c4-c24e-4bdb-bbd1-a37a96290721,c511ac63-cb7e-1453-92d5-ea4ffba1c360,Invoice VISTA/26-27/06/00103 · 2026-06,sent,null,2026-05-31 17:47:46.543631+00,2026-05-31 18:21:59.315+00
03a7cb7c-33e7-4bb7-aadf-9fdf74b44d38,00000000-0000-0000-0000-000000000001,3f310352-e007-4356-8aa4-a6335bbefd8a,invoice,a01658e3-746c-422b-8fdf-3c0b37f5c7f5,f9eb9b23-5f60-4ec4-b990-8313323bb759,Invoice VISTA/26-27/06/00040 · 2026-06,sent,null,2026-05-31 17:47:57.66923+00,2026-05-31 18:21:59.315+00
e25e3547-8168-41f3-952a-61dc397f4835,00000000-0000-0000-0000-000000000001,3f310352-e007-4356-8aa4-a6335bbefd8a,invoice,88a104ce-6141-464b-a7a2-0f06de161952,5b45a840-9d6c-242e-0e2f-2e2c972c2eec,Invoice VISTA/26-27/06/00115 · 2026-06,sent,null,2026-05-31 17:47:57.859414+00,2026-05-31 18:21:59.315+00
688d5f41-6c93-4c15-9e92-279c3dfd3f25,00000000-0000-0000-0000-000000000001,3f310352-e007-4356-8aa4-a6335bbefd8a,invoice,f25b4128-f36e-48e2-8cdf-4f839ef5f896,ba8dd5e0-ed0e-8b6a-7098-2732476feb31,Invoice VISTA/26-27/06/00141 · 2026-06,sent,null,2026-05-31 17:47:58.063609+00,2026-05-31 18:21:59.315+00
e9b2196f-77a8-4d53-a761-463251a5429b,00000000-0000-0000-0000-000000000001,3f310352-e007-4356-8aa4-a6335bbefd8a,invoice,fdd89d2c-d2c2-4fef-a7ea-5067702a8f84,10f3edc6-4b03-b82d-8df1-09ddaf031c0c,Invoice VISTA/26-27/06/00171 · 2026-06,sent,null,2026-05-31 17:47:58.106471+00,2026-05-31 18:21:59.315+00
6afc523c-4ef0-4eb1-bb38-4fc01c207df0,00000000-0000-0000-0000-000000000001,3f310352-e007-4356-8aa4-a6335bbefd8a,invoice,c10582bd-9a77-447d-a93a-cf820985be8d,618f174c-7c45-cb54-907b-cacc78483918,Invoice VISTA/26-27/06/00063 · 2026-06,sent,null,2026-05-31 17:47:58.141103+00,2026-05-31 18:21:59.315+00
b4eb5e09-b969-45cd-8823-b03b3373356b,00000000-0000-0000-0000-000000000001,3f310352-e007-4356-8aa4-a6335bbefd8a,invoice,d9993cb9-4e2d-469a-b2fc-a98330104954,4c4ad4c9-59bf-f152-d0ff-6502ec564cc9,Invoice VISTA/26-27/06/00144 · 2026-06,sent,null,2026-05-31 17:47:58.206578+00,2026-05-31 18:21:59.315+00
71084d30-7283-47e9-a7fc-fe512d63e3cc,00000000-0000-0000-0000-000000000001,3f310352-e007-4356-8aa4-a6335bbefd8a,invoice,065fd4c4-6942-4e83-946d-0cba75b7d622,4505ca5d-0961-03c9-5943-ffda2a5ae270,Invoice VISTA/26-27/06/00102 · 2026-06,sent,null,2026-05-31 17:48:09.299587+00,2026-05-31 18:22:05.324+00
edb77350-f588-4f44-9c48-e37dda1dcd18,00000000-0000-0000-0000-000000000001,3f310352-e007-4356-8aa4-a6335bbefd8a,invoice,54568dd8-1bad-493d-a7a4-56804a056cbe,04ba1c6f-6c06-819d-9ecc-a0c5f795b922,Invoice VISTA/26-27/06/00122 · 2026-06,sent,null,2026-05-31 17:48:09.417514+00,2026-05-31 18:22:05.324+00
5944c171-458f-4c50-b751-c5fdc0d06334,00000000-0000-0000-0000-000000000001,3f310352-e007-4356-8aa4-a6335bbefd8a,invoice,8ad508c0-7d2c-4990-b6b0-dd20da8517a2,257579ca-bef0-99b8-f916-e518891ffdab,Invoice VISTA/26-27/06/00031 · 2026-06,sent,null,2026-05-31 17:48:09.577364+00,2026-05-31 18:22:05.324+00
ee4ed7de-0464-44fe-83d1-e5019a144f92,00000000-0000-0000-0000-000000000001,3f310352-e007-4356-8aa4-a6335bbefd8a,invoice,8f47eaf9-548e-43d7-8e93-5232aeaabb4a,890b32d9-f754-8150-5a18-8a21fcdf3828,Invoice VISTA/26-27/06/00090 · 2026-06,sent,null,2026-05-31 17:48:09.59801+00,2026-05-31 18:22:05.324+00
3075a5da-acfa-43f0-9fe9-ca183ac4131c,00000000-0000-0000-0000-000000000001,3f310352-e007-4356-8aa4-a6335bbefd8a,invoice,730c44cc-1264-49dc-920c-e48dd9ad1db2,aa88d180-8c53-dbe4-70de-ecf38130d3ce,Invoice VISTA/26-27/06/00048 · 2026-06,sent,null,2026-05-31 17:48:09.613019+00,2026-05-31 18:22:05.324+00
70b61c51-b61a-4308-9d11-9da0f5bf9598,00000000-0000-0000-0000-000000000001,3f310352-e007-4356-8aa4-a6335bbefd8a,invoice,f4957456-caad-4172-ab02-ea2a2836a044,8709ca2e-a8a6-48a4-b8ce-e813c4796ab9,Invoice VISTA/26-27/06/00013 · 2026-06,sent,null,2026-05-31 17:48:09.641202+00,2026-05-31 18:22:05.324+00
555db299-e66b-43ef-8067-33c2dc54857d,00000000-0000-0000-0000-000000000001,3f310352-e007-4356-8aa4-a6335bbefd8a,invoice,5653465d-545f-438d-b299-0b891fe29e1d,733dd472-3b1e-dd43-76e5-082ddfe66c5b,Invoice VISTA/26-27/06/00110 · 2026-06,sent,null,2026-05-31 17:48:20.464439+00,2026-05-31 18:22:05.324+00
f94c8201-7ea7-423f-b4dd-e2ed400352df,00000000-0000-0000-0000-000000000001,3f310352-e007-4356-8aa4-a6335bbefd8a,invoice,bcdf1904-5914-43ab-b7fc-10210c4e95f1,b0348aa8-ad9f-d0dd-94e8-c71a6627c930,Invoice VISTA/26-27/06/00145 · 2026-06,sent,null,2026-05-31 17:48:20.55859+00,2026-05-31 18:22:05.324+00
99b5f360-13c9-40a8-a14c-626b96841308,00000000-0000-0000-0000-000000000001,3f310352-e007-4356-8aa4-a6335bbefd8a,invoice,62a7b2d9-f82a-46bf-a427-17641c689788,66fbcb59-3d06-d8cc-b1d5-53f38a599207,Invoice VISTA/26-27/06/00147 · 2026-06,sent,null,2026-05-31 17:48:20.623168+00,2026-05-31 18:22:05.324+00
c38d84a6-6ecf-4c83-86cb-335b27488d39,00000000-0000-0000-0000-000000000001,3f310352-e007-4356-8aa4-a6335bbefd8a,invoice,d3285f5e-1b0e-410a-8ba3-de31ed526e48,bcf8ffc1-fd5c-f6ab-0453-7a73c73786dd,Invoice VISTA/26-27/06/00156 · 2026-06,sent,null,2026-05-31 17:48:20.871534+00,2026-05-31 18:22:05.324+00
7bd7f60d-6352-42ea-b5be-50b912ba1dda,00000000-0000-0000-0000-000000000001,3f310352-e007-4356-8aa4-a6335bbefd8a,invoice,ba740bb9-b4f1-4b08-87cf-8b99f2b4f36f,1932ea80-c6eb-874e-eca8-12410fa7a608,Invoice VISTA/26-27/06/00142 · 2026-06,sent,null,2026-05-31 17:48:20.87723+00,2026-05-31 18:22:05.324+00
6858774e-9b3a-477f-9df9-0ab8a4b2c652,00000000-0000-0000-0000-000000000001,3f310352-e007-4356-8aa4-a6335bbefd8a,invoice,e60f4de5-c531-478c-9e6b-ecab133dece7,2794ccf7-4966-f00d-35d6-34ac17db73ea,Invoice VISTA/26-27/06/00170 · 2026-06,sent,null,2026-05-31 17:48:21.101773+00,2026-05-31 18:22:05.324+00
f01d6c7c-5025-4fb1-9064-891de7d21a46,00000000-0000-0000-0000-000000000001,3f310352-e007-4356-8aa4-a6335bbefd8a,invoice,3c0bcaf2-b2f1-4454-a2fc-35ac52e1d6c8,8b48adf3-c14a-fa6d-9785-b4bcb35f8fbb,Invoice VISTA/26-27/06/00105 · 2026-06,sent,null,2026-05-31 17:48:26.980034+00,2026-05-31 18:22:05.324+00
81db633e-742e-43e8-baaa-33fc1f0f5a65,00000000-0000-0000-0000-000000000001,3f310352-e007-4356-8aa4-a6335bbefd8a,invoice,291c05ad-8fbe-418b-9abb-d5b36f557cd9,073e4bd7-f1f1-49d3-604f-c365b9952a6c,Invoice VISTA/26-27/06/00120 · 2026-06,sent,null,2026-05-31 17:48:27.249679+00,2026-05-31 18:22:05.324+00
f133267d-2c01-46ed-98c2-bfbf0a1b067c,00000000-0000-0000-0000-000000000001,3f310352-e007-4356-8aa4-a6335bbefd8a,invoice,05d91c10-8d03-40d0-90c0-3cf12d331e62,d225973a-f437-d98e-4e24-0fb32a7bfbe8,Invoice VISTA/26-27/06/00092 · 2026-06,sent,null,2026-05-31 17:48:27.255017+00,2026-05-31 18:22:05.324+00
88f58b57-e2ab-4a02-aa87-1ded0f600ded,00000000-0000-0000-0000-000000000001,f7a2f376-1b96-45c4-b021-a354db81cb23,receipt,fc91482d-d991-4798-a267-daf2a192e439,11e59c65-004e-4eea-a733-d3a6a7c65fb1,"Receipt VISTA/26-27/06/00003 · ₹1,000",sent,null,2026-06-01 12:49:00.58021+00,2026-06-01 12:49:06.416+00
f2fcfc24-1852-4c50-9137-b3f9a588ad27,00000000-0000-0000-0000-000000000001,f7a2f376-1b96-45c4-b021-a354db81cb23,receipt,412c7c9d-7695-437a-ae47-2d93fb79704f,4e39608a-6f55-4cc0-ac26-00c939421464,"Receipt VISTA/26-27/06/00002 · ₹1,000",sent,null,2026-06-01 12:49:02.157287+00,2026-06-01 12:49:09.719+00
2c7c7ce5-33fd-4703-a1ef-429d34348e5a,00000000-0000-0000-0000-000000000001,d836086f-916f-4778-bf47-2cb159f37d07,receipt,fc91482d-d991-4798-a267-daf2a192e439,11e59c65-004e-4eea-a733-d3a6a7c65fb1,"Receipt VISTA/26-27/06/00003 · ₹1,000",sent,null,2026-06-02 05:32:00.549643+00,2026-06-02 05:32:08.364+00
00ca1ce1-915f-4ce8-83b4-a1817cb1201c,00000000-0000-0000-0000-000000000001,2105520f-8f1d-45ad-bc77-aeab4e90957b,receipt,412c7c9d-7695-437a-ae47-2d93fb79704f,4e39608a-6f55-4cc0-ac26-00c939421464,"Receipt VISTA/26-27/06/00002 · ₹1,000",sent,null,2026-06-02 05:45:23.363326+00,2026-06-02 05:45:30.965+00
76bbe1e3-5e6f-4ec6-a258-5e7505099c00,00000000-0000-0000-0000-000000000001,fbc72af9-b85b-4594-a76c-210f3091cf96,receipt,fc91482d-d991-4798-a267-daf2a192e439,11e59c65-004e-4eea-a733-d3a6a7c65fb1,"Receipt VISTA/26-27/06/00003 · ₹1,000",sent,null,2026-06-02 05:55:01.203209+00,2026-06-02 05:55:09.755+00
d1a71c78-c704-4475-bc06-7b22b5e9a1d5,00000000-0000-0000-0000-000000000001,aaeb6a37-eea8-40fb-9a8a-95d2827fefd5,receipt,36fe4af5-4c03-4b4d-9fbe-85708f5b9cfb,cda37b51-1bbc-af0d-a560-49af88fdc751,"Receipt VISTA/26-27/06/00001 · ₹16,391",sent,null,2026-06-02 05:56:05.420145+00,2026-06-02 05:56:09.446+00
3b5fd43b-f689-40a1-b070-524518b861e9,00000000-0000-0000-0000-000000000001,dde772fc-4ad8-40fd-a0fc-35bd3b30e094,receipt,afad9d84-8bb4-4f6c-942e-c61ad21a93c9,79e31f6f-69dc-a40c-27d7-3f076878f83c,"Receipt VISTA/26-27/06/00004 · ₹17,538",sent,null,2026-06-02 06:20:01.931526+00,2026-06-02 06:20:05.365+00
501e3b5e-67cb-4651-8298-12cbd582030f,00000000-0000-0000-0000-000000000001,38a690d8-43cf-4ea1-bb40-1e546d87e7e8,receipt,02ae086d-0f74-4a96-99db-3a7be672c374,89d188b4-94a9-2f97-e068-155ed8ec3f5e,"Receipt VISTA/26-27/06/00005 · ₹16,298",sent,null,2026-06-02 06:20:43.753713+00,2026-06-02 06:20:47.814+00
32c7a739-5f3e-4269-ae3c-2d816f53fe99,00000000-0000-0000-0000-000000000001,6eea54ab-2e29-4623-b4c2-679b07783774,receipt,afad9d84-8bb4-4f6c-942e-c61ad21a93c9,79e31f6f-69dc-a40c-27d7-3f076878f83c,"Receipt VISTA/26-27/06/00004 · ₹17,538",sent,null,2026-06-02 06:28:45.233783+00,2026-06-02 06:28:49.928+00
f1b61a8e-6412-4aff-8a87-60392c4ee401,00000000-0000-0000-0000-000000000001,6eea54ab-2e29-4623-b4c2-679b07783774,receipt,02ae086d-0f74-4a96-99db-3a7be672c374,89d188b4-94a9-2f97-e068-155ed8ec3f5e,"Receipt VISTA/26-27/06/00005 · ₹16,298",sent,null,2026-06-02 06:28:45.49399+00,2026-06-02 06:28:49.928+00
8c1d1bbe-9f40-4320-bd98-0679a77ea049,00000000-0000-0000-0000-000000000001,6eea54ab-2e29-4623-b4c2-679b07783774,receipt,36fe4af5-4c03-4b4d-9fbe-85708f5b9cfb,cda37b51-1bbc-af0d-a560-49af88fdc751,"Receipt VISTA/26-27/06/00001 · ₹16,391",sent,null,2026-06-02 06:28:45.816794+00,2026-06-02 06:28:49.928+00
b93cd669-6b76-443e-abb4-51adf0cc5b26,00000000-0000-0000-0000-000000000001,6eea54ab-2e29-4623-b4c2-679b07783774,receipt,fc91482d-d991-4798-a267-daf2a192e439,11e59c65-004e-4eea-a733-d3a6a7c65fb1,"Receipt VISTA/26-27/06/00003 · ₹1,000",sent,null,2026-06-02 06:28:46.222048+00,2026-06-02 06:28:53.892+00
00392a0c-cfc5-4363-9ef0-b7330be45d79,00000000-0000-0000-0000-000000000001,6eea54ab-2e29-4623-b4c2-679b07783774,receipt,c4d8ee2c-3605-4ba5-a6ea-d8004e97dcda,93eb3d6a-d35b-ef1f-83b8-7430b6ad1674,"Receipt VISTA/26-27/06/R00006 · ₹15,895",sent,null,2026-06-02 06:28:48.463166+00,2026-06-02 06:28:53.893+00
6edffa3c-9072-4f6b-8495-60cccd69b49b,00000000-0000-0000-0000-000000000001,6eea54ab-2e29-4623-b4c2-679b07783774,receipt,412c7c9d-7695-437a-ae47-2d93fb79704f,4e39608a-6f55-4cc0-ac26-00c939421464,"Receipt VISTA/26-27/06/00002 · ₹1,000",sent,null,2026-06-02 06:28:48.767274+00,2026-06-02 06:28:53.893+00
f3dc7bf9-1804-4904-b389-f99b0abe7c4e,00000000-0000-0000-0000-000000000001,1d0edbed-2a6b-4bda-9df8-a304be232d05,receipt,d451b193-ba8b-4a08-af63-de05d69a9d31,8334eb99-0bc0-3c80-9ff8-83bea3d7b5ef,"Receipt VISTA/26-27/06/00006 · ₹14,848",sent,null,2026-06-02 06:35:27.971856+00,2026-06-02 06:35:31.529+00
296d96f8-96dd-44d9-be45-e93bf698dce2,00000000-0000-0000-0000-000000000001,ed164fa6-6642-4c85-8a3b-c3fd1177abcf,receipt,5bb70639-1cb4-4011-8518-351c4464e9d4,93eb3d6a-d35b-ef1f-83b8-7430b6ad1674,"Receipt VISTA/26-27/06/00007 · ₹15,895",sent,null,2026-06-02 06:36:39.602552+00,2026-06-02 06:36:43.687+00
e30570f3-5a60-4fab-99ed-5cc327174dc6,00000000-0000-0000-0000-000000000001,bdb49645-afca-4c4d-a47b-315607cfad88,receipt,3b933670-11a9-4205-bbf7-518c8838558c,5e901269-d116-cf62-7661-df859f5b02dc,"Receipt VISTA/26-27/06/R00011 · ₹17,918",sent,null,2026-06-02 07:33:58.966477+00,2026-06-02 07:34:04.063+00
6d59248d-5161-4a38-b0b6-8b80645bcbaf,00000000-0000-0000-0000-000000000001,b2eae18f-dd32-4d36-8db5-10d65db0aade,invoice,de7f679b-bf62-4045-85fe-869ccbc63750,1932ea80-c6eb-874e-eca8-12410fa7a608,Invoice VISTA/26-27/06/00180 · 2026-06,sent,null,2026-06-03 05:20:37.749358+00,2026-06-03 05:20:43.588+00
5194cf04-db1f-4606-935b-bed656a064e3,00000000-0000-0000-0000-000000000001,3e22ef39-ba92-436b-9dac-bd1294b9c651,receipt,bb5ca6ca-c9ae-473a-a786-f1ea17710d2b,82be44de-b1d6-4e48-e6bb-33ec98b83c7d,"Receipt VISTA/26-27/06/00010 · ₹15,996",sent,null,2026-06-03 05:52:55.887563+00,2026-06-03 05:53:00.938+00
76815164-97a3-4107-97b2-14714648cde3,00000000-0000-0000-0000-000000000001,83dfbe4b-0bf2-4fe5-9116-748515ffd8ef,receipt,0489ee62-8b2d-4fb1-a656-d11782a59bfc,a7dadee2-80e3-eba0-084f-5f1847bb3aa4,"Receipt VISTA/26-27/06/00011 · ₹27,112",sent,null,2026-06-03 05:58:02.103511+00,2026-06-03 05:58:05.827+00
b1392018-2f64-4b75-8bb7-38b7287415ea,00000000-0000-0000-0000-000000000001,d41af8eb-bd20-4ac8-8059-3f1961dd79dc,receipt,8bdd5964-b92c-4d5e-8748-3271c1789d70,18d86801-3cb7-11d4-8b9d-433429296014,"Receipt VISTA/26-27/06/00012 · ₹18,538",sent,null,2026-06-03 06:06:49.05778+00,2026-06-03 06:06:53.998+00
c78abc2e-3231-4d8f-b874-ecf2933b775e,00000000-0000-0000-0000-000000000001,132dfb18-a1ea-4be2-af38-58be168d77ad,receipt,655eaef6-502e-492c-8fcc-1f22214b75b3,104a66bf-0d87-2acc-ec03-a73d1c1cfd53,"Receipt VISTA/26-27/06/00013 · ₹13,787",sent,null,2026-06-03 06:09:54.226534+00,2026-06-03 06:09:58.235+00
dd59edaa-ef5f-4aa2-a372-74f3ec216eb3,00000000-0000-0000-0000-000000000001,e0e659c1-f18a-4cd1-8ea7-cd52f0692a6e,receipt,65d1e290-49a2-4c96-a4a7-9b580ae1468e,1dc2bdca-ae79-4cd5-9d74-961c02cce282,"Receipt VISTA/26-27/06/00014 · ₹21,732",sent,null,2026-06-03 06:10:55.00719+00,2026-06-03 06:10:58.585+00
5381d6e6-457c-4c38-ac07-d1214b5d1e08,00000000-0000-0000-0000-000000000001,cd6a9f81-4b2c-4f56-b46d-86274a874f7f,receipt,7fa86a0e-dfab-4fad-8ee4-3054f710a796,4505ca5d-0961-03c9-5943-ffda2a5ae270,"Receipt VISTA/26-27/06/00015 · ₹15,500",sent,null,2026-06-03 06:19:12.621597+00,2026-06-03 06:19:16.628+00
a08d7485-4fd1-4f30-8144-89f1cba80f46,00000000-0000-0000-0000-000000000001,ea0b1283-71a6-48be-abae-c53015123ae6,receipt,1c26b1aa-999e-44ab-bc54-c22ae1d02ba4,b0a6f0b5-9fd8-112e-2bfa-24fa8a25779b,"Receipt VISTA/26-27/06/00017 · ₹16,250",sent,null,2026-06-03 10:39:51.459293+00,2026-06-03 10:39:57.334+00
5a9c6720-8ade-4052-bff2-04b627ce99f3,00000000-0000-0000-0000-000000000001,0fb4ad10-4dbf-465c-978f-81be4b07440c,receipt,1ce800cb-4a43-4c62-85e3-ea7506389427,5b45a840-9d6c-242e-0e2f-2e2c972c2eec,"Receipt VISTA/26-27/06/00018 · ₹28,100",sent,null,2026-06-03 10:40:09.743427+00,2026-06-03 10:40:16.176+00
726e6cf0-ff44-4cc9-94b6-d5432b8c6f18,00000000-0000-0000-0000-000000000001,738e470d-8998-4bd3-82ef-e534d34d9da8,receipt,97f55118-28f8-43c4-8d99-3e494e691b45,062b56c4-c469-4ef7-b4e6-9615dd770ec9,"Receipt VISTA/26-27/06/00008 · ₹1,000",sent,null,2026-06-03 10:41:55.506301+00,2026-06-03 10:41:59.294+00
2bb4e774-4423-4896-a3ec-2611fd69ff63,00000000-0000-0000-0000-000000000001,738e470d-8998-4bd3-82ef-e534d34d9da8,receipt,0414a82f-a4d8-4353-99ae-a6f53c7f22ba,3d18aa61-88d3-4390-b5d3-db4cb2e31e11,"Receipt VISTA/26-27/06/00009 · ₹1,000",sent,null,2026-06-03 10:41:57.746541+00,2026-06-03 10:42:04.34+00
61cd6fc8-f381-4f6b-81b3-87546cd8f6cc,00000000-0000-0000-0000-000000000001,738e470d-8998-4bd3-82ef-e534d34d9da8,receipt,dff78085-479c-4585-a027-8350aab7b052,10f3edc6-4b03-b82d-8df1-09ddaf031c0c,"Receipt VISTA/26-27/06/R00016 · ₹4,439",sent,null,2026-06-03 10:41:58.792336+00,2026-06-03 10:42:04.34+00
81d1956f-ded3-4eb7-9881-4954f0ddfdf6,00000000-0000-0000-0000-000000000001,738e470d-8998-4bd3-82ef-e534d34d9da8,receipt,d4ba73d8-2bb3-4c57-995b-4ca697515cee,1218c50c-4da4-4f61-baec-5182a25958e3,"Receipt VISTA/26-27/06/R00020 · ₹13,634",sent,null,2026-06-03 10:41:59.832407+00,2026-06-03 10:42:08.139+00
e4b482e9-a5db-49a3-9e7f-19d975867926,00000000-0000-0000-0000-000000000001,738e470d-8998-4bd3-82ef-e534d34d9da8,receipt,7c0f2ed5-0522-418f-9eb3-f01e593ea7ac,1bc75090-ac1a-44a6-bb22-f211aca7c760,"Receipt VISTA/26-27/06/00016 · ₹47,500",sent,null,2026-06-03 10:42:01.298374+00,2026-06-03 10:42:08.139+00
52852828-52f4-42d3-b557-4916886d7330,00000000-0000-0000-0000-000000000001,3ad0c221-aa36-42d8-822b-30e704441658,receipt,05a9591b-cb00-4ffe-872f-c32bff1c3794,c0791d4c-9325-bf1b-30af-7af648c26338,"Receipt VISTA/26-27/06/00020 · ₹10,498",sent,null,2026-06-03 11:31:22.774879+00,2026-06-03 11:31:26.143+00
9fb82530-2a6a-4be0-a3eb-09254c63b852,00000000-0000-0000-0000-000000000001,0a3b05be-b098-4ea5-b38c-c0ce0329e0e3,receipt,b20e25b0-a7ac-4d7f-a67b-964a5d95472d,43774f3c-9ce6-fc78-7857-b8607c3e1966,"Receipt VISTA/26-27/06/00021 · ₹15,639",sent,null,2026-06-03 11:33:16.833658+00,2026-06-03 11:33:20.272+00
33f6cf79-eba8-422b-b528-ec38bdc2860e,00000000-0000-0000-0000-000000000001,afea58d8-fb09-47ab-9e50-3130d124219c,receipt,28cc40d5-3bf6-4256-ba38-53bcbefe9af2,b0348aa8-ad9f-d0dd-94e8-c71a6627c930,"Receipt VISTA/26-27/06/00022 · ₹15,329",sent,null,2026-06-03 11:34:13.256099+00,2026-06-03 11:34:16.636+00
ee993c8b-7b5e-48d6-989c-aaaa2842f30b,00000000-0000-0000-0000-000000000001,d9ba9f18-a6a2-4b1f-aa53-0fc47c670907,receipt,b3ed2a4f-5383-4c45-b2b2-5a8e7517107d,491b8136-32a1-37c5-5253-b53ff3991d86,"Receipt VISTA/26-27/06/00023 · ₹15,488",sent,null,2026-06-03 11:35:22.28701+00,2026-06-03 11:35:25.535+00
42adccf6-d2c1-4363-8c39-593fbc163af2,00000000-0000-0000-0000-000000000001,67a86c04-db07-4611-95ab-dc3a67bd3685,receipt,9b864993-b28f-4847-ace9-4f45fadfabf8,79d4d3fe-73c5-a965-030f-c60220ee20cb,"Receipt VISTA/26-27/06/00024 · ₹14,824",sent,null,2026-06-03 11:35:56.794951+00,2026-06-03 11:36:00.39+00
cd0229d0-96d7-40ee-ae22-a7c603dd62c8,00000000-0000-0000-0000-000000000001,a21720f4-210b-406b-897e-32543b970026,receipt,53cd7deb-1d0a-4677-98d4-f593b21b6292,e99afa10-6249-3f5b-4364-da75f89e34f9,"Receipt VISTA/26-27/06/00025 · ₹15,577",sent,null,2026-06-03 11:40:17.714861+00,2026-06-03 11:40:21.392+00
62f1221f-18a2-4252-92bb-38b0881259b7,00000000-0000-0000-0000-000000000001,c0d38bef-b556-446b-8717-ad734841e04b,receipt,afdaf9f4-ef7c-4e2d-974b-211188fd103a,1a171004-7682-1c39-e6a2-758b668c33b0,"Receipt VISTA/26-27/06/00026 · ₹19,932",sent,null,2026-06-03 11:41:35.348679+00,2026-06-03 11:41:39.436+00
d8068267-30c5-4681-a697-84efc3faf1c1,00000000-0000-0000-0000-000000000001,3e20dad1-906a-4b3b-aed9-52de40449748,receipt,4ff5a28e-9b63-4a11-b30a-b2a99332af41,257579ca-bef0-99b8-f916-e518891ffdab,"Receipt VISTA/26-27/06/00027 · ₹33,177",sent,null,2026-06-04 05:08:28.142665+00,2026-06-04 05:08:32.248+00
786396e5-ac28-484b-a212-5d8a5f4fa1b6,00000000-0000-0000-0000-000000000001,642baa59-7e38-4ff2-b616-e7faff89473d,receipt,cceb59af-c236-4f7d-a922-e4552d6f9911,1fc0c3bb-f35c-8d5d-a4fa-a9c1723cd8ab,"Receipt VISTA/26-27/06/00028 · ₹15,708",sent,null,2026-06-04 05:09:03.850092+00,2026-06-04 05:09:08.764+00
65af7476-3260-4a21-b95d-d82f56273a1d,00000000-0000-0000-0000-000000000001,4d6b8651-d129-462f-a279-d15a1bf7000e,receipt,e84c707d-a512-49b5-9b31-b78c02113a82,22b0be2d-52c5-1127-642d-4f1083b404ca,"Receipt VISTA/26-27/06/00029 · ₹21,174",sent,null,2026-06-04 05:09:10.116222+00,2026-06-04 05:09:13.497+00
b318e6c9-42a8-4ac0-a350-d925397a32b5,00000000-0000-0000-0000-000000000001,26e5787f-2ebb-4dcb-b37f-d69a89581bf9,receipt,f13fcda9-e1b9-40de-a1b4-22451d8b2a04,66fbcb59-3d06-d8cc-b1d5-53f38a599207,"Receipt VISTA/26-27/06/00030 · ₹15,329",sent,null,2026-06-04 05:09:30.860223+00,2026-06-04 05:09:34.345+00
8463d6be-ab88-4158-b7d4-47433f15d47c,00000000-0000-0000-0000-000000000001,d9ec20c9-01db-41d3-bd2a-6d369857c535,receipt,488c1c58-dc16-4436-b588-1a76da3daa4e,a4709d2c-85e2-3d68-7467-1eaf879ba2c9,"Receipt VISTA/26-27/06/00031 · ₹16,895",sent,null,2026-06-04 05:57:19.824734+00,2026-06-04 05:57:23.168+00
a3682187-7d9d-426a-9b8d-440bd0b190fb,00000000-0000-0000-0000-000000000001,741f651d-2672-4370-9d8d-b411470e1a98,receipt,0ac54bea-0b8e-45d8-b8ea-6363f05bc65e,8aacbc78-5e56-b3c0-f8bc-fcb5490b94f3,"Receipt VISTA/26-27/06/00032 · ₹16,895",sent,null,2026-06-04 05:57:29.258731+00,2026-06-04 05:57:33.514+00
0d59919e-e19a-43c9-967a-804e5c37f32d,00000000-0000-0000-0000-000000000001,d7ba782e-3c68-4514-967f-4fa8efb43118,receipt,d6f0ffd6-40c6-4d19-9877-4e3489ab58e7,8e39a9bd-3317-b2a6-22a6-16fa4cab9632,"Receipt VISTA/26-27/06/00033 · ₹21,976",sent,null,2026-06-04 05:57:50.701737+00,2026-06-04 05:57:54.753+00
b9ba5b7b-5259-4f8e-b0bc-4801cb41d688,00000000-0000-0000-0000-000000000001,7658f8c5-e3e5-44ac-a462-eb1dfe31b147,invoice,6753d38b-ce31-4c7c-a6ce-412c06f5be21,8b018cc7-2387-99c8-5b29-d1ab1f7b635e,Invoice VISTA/26-27/06/00182 · 2026-06,sent,null,2026-06-04 06:01:10.768706+00,2026-06-04 06:01:15.542+00
58a910d9-45fb-4c3a-8224-32f3726b067a,00000000-0000-0000-0000-000000000001,e2c3189a-5c4b-4a92-b81f-e681ddf43661,invoice,042cd053-5402-4351-9210-64929528e69c,8e125a87-1a3e-4b52-855b-635c06bafd87,Invoice VISTA/26-27/06/00183 · 2026-06,sent,null,2026-06-04 06:45:57.598027+00,2026-06-04 06:46:01.693+00
0ae6cb98-023a-4343-a76b-6eb23cd2f1d2,00000000-0000-0000-0000-000000000001,f8118f3e-2994-4b8d-8f07-29598183ebca,invoice,81c25986-4e3f-4628-ac13-01982282ba04,8e125a87-1a3e-4b52-855b-635c06bafd87,Invoice VISTA/26-27/06/00182 · 2026-06,sent,null,2026-06-04 06:47:22.623911+00,2026-06-04 06:47:25.841+00
9dcaa9a1-de0b-4e3c-bb64-50076730e078,00000000-0000-0000-0000-000000000001,f64f3889-0108-4009-8807-13372c599ae5,receipt,31ef5571-382f-4ebe-af7c-997621ecc9b5,3b02f95a-b47e-1037-4f8a-f2f31e35c98e,"Receipt VISTA/26-27/06/00034 · ₹22,250",sent,null,2026-06-05 07:22:31.037808+00,2026-06-05 07:22:35.452+00
be30d505-0ca2-46cc-8087-f550d12e0dfc,00000000-0000-0000-0000-000000000001,c9370f83-0138-4aa4-b627-30c1064849a0,receipt,ffa27de6-7bca-4627-86e6-1b69dd4436fe,2ba81159-3fd3-401a-b806-4cf09e7dce86,"Receipt VISTA/26-27/06/00035 · ₹20,436",sent,null,2026-06-05 07:27:04.071879+00,2026-06-05 07:27:07.695+00
2496a575-ccfb-48e2-b1c9-16753c048e04,00000000-0000-0000-0000-000000000001,a0049d3e-cd32-4b4a-b7aa-e75926f9875c,receipt,6c12f9c1-da64-4071-95c3-64eeb4abccb7,49355947-7605-ec5f-7d81-a6597f38d76b,"Receipt VISTA/26-27/06/00036 · ₹15,616",sent,null,2026-06-05 07:30:17.970649+00,2026-06-05 07:30:21.432+00
17e4a74c-053c-40de-a0c5-bcb7aebba19c,00000000-0000-0000-0000-000000000001,b2e03b27-ad39-4d06-8fa0-1f79e5eb8b61,receipt,944406e5-3121-4f91-8dcf-bdd0d4d12b3c,073e4bd7-f1f1-49d3-604f-c365b9952a6c,"Receipt VISTA/26-27/06/00037 · ₹15,824",sent,null,2026-06-05 07:31:02.75904+00,2026-06-05 07:31:06.564+00
20df5db6-b053-486a-92a0-be5598e7708a,00000000-0000-0000-0000-000000000001,feb1ebc3-d1c8-4fb1-99ec-c3a168715b55,receipt,820274d2-6318-4015-b93d-21e3c6bf6020,618f174c-7c45-cb54-907b-cacc78483918,"Receipt VISTA/26-27/06/00038 · ₹20,550",sent,null,2026-06-05 07:41:14.724774+00,2026-06-05 07:41:18.896+00
67501202-5aee-46df-8f7a-1a6fb8836337,00000000-0000-0000-0000-000000000001,147bc8fc-da16-41e1-9356-ecf8a0b453b6,receipt,bad71898-d01b-4ce3-b4e7-53bb72bade69,2631ddfd-660e-8719-1876-82cf88e13a60,"Receipt VISTA/26-27/06/00039 · ₹15,988",sent,null,2026-06-05 07:42:11.401909+00,2026-06-05 07:42:14.701+00
96724730-17a1-4224-b951-3046f50cfc11,00000000-0000-0000-0000-000000000001,276597ff-690c-4c38-9062-84af4b96cc66,receipt,f1cb5539-2e92-4b42-be99-62cfc98be1fb,cf1318a5-0564-4af6-d90e-c3e76de1ef08,"Receipt VISTA/26-27/06/00040 · ₹16,616",sent,null,2026-06-05 07:43:05.846069+00,2026-06-05 07:43:10.645+00
d5ead911-39c2-4062-9107-73f99b123ba5,00000000-0000-0000-0000-000000000001,ceff7c4f-dac7-4ab6-b24f-9851c9d4aff3,receipt,83be1bc6-4830-4266-b7b6-e123229a971f,417cb75b-9992-4df9-28ae-ad4d2313621f,"Receipt VISTA/26-27/06/00041 · ₹15,996",sent,null,2026-06-05 11:02:27.062518+00,2026-06-05 11:02:31.959+00
6c253b2c-fcb4-4b2e-82b0-c062ebf7cb1a,00000000-0000-0000-0000-000000000001,c5359223-acda-446e-8b13-d6e84b5b9c70,receipt,b336b0d9-4d19-427b-a7b2-d8623eff7aaa,f2a00e3d-de04-40a3-6f41-a3ebfcab4a3c,"Receipt VISTA/26-27/06/00042 · ₹16,174",sent,null,2026-06-05 11:03:12.183298+00,2026-06-05 11:03:16.103+00
4de494c2-be34-4a66-81c3-8ad7a9099bf0,00000000-0000-0000-0000-000000000001,2bb48ad3-f64a-46c1-9602-992d0c6314fc,receipt,35e0076a-96fe-4b7e-9e9c-07f5a0e42f6b,53416e34-aaed-471f-937d-0fea74c444b8,"Receipt VISTA/26-27/06/00046 · ₹18,476",sent,null,2026-06-06 08:55:33.973718+00,2026-06-06 08:55:36.818+00
100f2389-ab5d-4eee-96da-2ce6daff918d,00000000-0000-0000-0000-000000000001,58f6a0a9-154a-4d08-8e27-fb31db511e5a,receipt,0e0d251c-d468-4ff3-b5c0-687a9d250b53,04ba1c6f-6c06-819d-9ecc-a0c5f795b922,"Receipt VISTA/26-27/06/00047 · ₹17,050",sent,null,2026-06-06 08:56:28.781142+00,2026-06-06 08:56:32.396+00
9bd61c99-71d0-4988-a11f-de383f070400,00000000-0000-0000-0000-000000000001,84ea44f7-3e25-4abf-8213-0ac729a0aabe,receipt,1ed96ebd-eaa2-45ca-aafd-977ef51aabdb,f38ac232-fe6f-44f8-955c-18c46b4db738,"Receipt VISTA/26-27/06/00048 · ₹22,309",sent,null,2026-06-06 08:58:40.97091+00,2026-06-06 08:58:45.085+00
11f116b7-f228-46a9-973d-0495ee3ee3d0,00000000-0000-0000-0000-000000000001,d8b4aa11-626f-4c05-8be3-1ad72912f65e,receipt,142479f4-4242-4b83-9a6a-205745255bba,38305983-db92-2c3c-7949-96f7ca7833eb,"Receipt VISTA/26-27/06/00049 · ₹21,298",sent,null,2026-06-06 09:02:07.51586+00,2026-06-06 09:02:11.772+00
02ff8aa8-b1b4-4645-a5d8-77aade0cf955,00000000-0000-0000-0000-000000000001,1bad85cd-4318-414d-bbdb-03fa0674be53,receipt,361f507c-7fd7-44fb-b770-12cd2bb98f11,9541a16d-d020-eb78-80f1-a4a2d4b7775f,"Receipt VISTA/26-27/06/00050 · ₹26,988",sent,null,2026-06-06 09:03:03.099079+00,2026-06-06 09:03:07.275+00
58fb2a15-24ad-4e19-a692-4fe7803f4236,00000000-0000-0000-0000-000000000001,7e784a89-ad28-464d-b19e-e840b4630a45,receipt,5236be79-34bb-4cfe-a5ba-8471e30b9f9a,72ac33cc-b9b2-9cc4-47fd-d37096c8f30d,"Receipt VISTA/26-27/06/00051 · ₹16,988",sent,null,2026-06-06 09:03:53.953818+00,2026-06-06 09:03:57.498+00
755aa40a-c5ef-4129-9193-b3a0da2bc5d0,00000000-0000-0000-0000-000000000001,4601ad7a-5c56-4bdc-b26b-76bba013f4ab,receipt,bf24a687-d04b-48bb-bdd1-f4dd791e9451,6dd50e39-9843-4442-cc09-3b49fbe97fb9,"Receipt VISTA/26-27/06/00052 · ₹16,825",sent,null,2026-06-06 09:14:27.845326+00,2026-06-06 09:14:32.061+00
35c8360f-5358-479b-b261-815671e90b08,00000000-0000-0000-0000-000000000001,40f9b6ec-5f16-460d-a783-70ee2f88668e,receipt,2bab0022-1850-402b-bdd8-a94f3701b282,77dd12b8-a20b-05c8-2372-79ba1b1624a9,"Receipt VISTA/26-27/06/00053 · ₹17,259",sent,null,2026-06-06 10:51:54.195107+00,2026-06-06 10:51:58.1+00
f7d7f350-0861-4f74-a139-c6149fd19ad0,00000000-0000-0000-0000-000000000001,8a39873a-c7c3-4944-84da-6a17fc166eec,receipt,630148f1-e126-43e5-8a02-092b82245708,23f7ef5f-6b26-a104-b616-b438d7e9243c,"Receipt VISTA/26-27/06/00054 · ₹15,670",sent,null,2026-06-06 10:52:05.879208+00,2026-06-06 10:52:09.617+00
2cd6f553-359d-4cbf-a1fb-12c77a7f6c07,00000000-0000-0000-0000-000000000001,330994ae-af59-4d72-85a8-f52f38d4d950,receipt,fdd21e2c-8c99-41a2-9499-3e09387083b1,8971261e-a813-477f-94c0-0a9661dc4c34,"Receipt VISTA/26-27/06/00055 · ₹16,088",sent,null,2026-06-06 10:52:14.033231+00,2026-06-06 10:52:17.405+00
bb9db41f-66c4-4ca7-936f-9328032f5897,00000000-0000-0000-0000-000000000001,ba38fd44-3e9c-4862-a2ee-eb5c144d048a,receipt,5796b308-cf10-4f57-8f04-e8525ec767e6,238b347e-e7e9-b1a3-31a8-a2f8fed99f55,"Receipt VISTA/26-27/06/00056 · ₹27,856",sent,null,2026-06-06 10:52:26.286652+00,2026-06-06 10:52:29.45+00
b0164aaa-77d8-452e-b9c7-9353bcc807c2,00000000-0000-0000-0000-000000000001,b35ae478-e20b-4df1-99fc-046a7daa5062,receipt,693eef93-d0c0-468a-8d56-ec4419e64bc3,be68c44d-d4d2-478a-7b1e-c9c3fefac406,"Receipt VISTA/26-27/06/00057 · ₹15,639",sent,null,2026-06-06 10:52:48.371317+00,2026-06-06 10:52:51.301+00
83d2d7fa-8d22-4da1-bef4-a27f77fe20bf,00000000-0000-0000-0000-000000000001,9dd9b5be-ed64-4d5d-8c9c-cd3584d7a13e,invoice,9157fc38-b7e5-42ca-9e2e-a98913f48e47,c09e703c-d287-38c8-d1c1-239145e17df9,Invoice VISTA/26-27/06/00172 · 2026-06,sent,null,2026-06-08 06:40:07.791442+00,2026-06-08 06:40:11.518+00
0c436241-5f60-4b4d-84de-c9ffa5c13fa3,00000000-0000-0000-0000-000000000001,a7564f3b-dceb-4e7e-aa2f-5e83f7f54557,invoice,9157fc38-b7e5-42ca-9e2e-a98913f48e47,c09e703c-d287-38c8-d1c1-239145e17df9,Invoice VISTA/26-27/06/00172 · 2026-06,sent,null,2026-06-08 06:40:29.96542+00,2026-06-08 06:40:34.189+00
51b74704-61e8-45fa-a011-8989ca85fd66,00000000-0000-0000-0000-000000000001,be706b0c-8b4f-4d41-8f86-2bd6435350f2,receipt,883e695c-e77e-4a7b-95de-6e7e45121f68,c2329858-525d-2f70-5e31-bf9a8358eb3e,"Receipt VISTA/26-27/06/00060 · ₹15,996",sent,null,2026-06-08 07:06:38.147701+00,2026-06-08 07:06:41.261+00
f913bee2-35ca-4877-b565-af26b166c46f,00000000-0000-0000-0000-000000000001,0e59144f-fbae-4f88-8d69-cceee2dcac38,receipt,a0c2e41a-41e6-4b8a-9cb1-345e5382bb1f,2b785f57-1c4f-d4a8-d486-b69e7b2db5bc,"Receipt VISTA/26-27/06/00061 · ₹20,492",sent,null,2026-06-08 07:08:30.689819+00,2026-06-08 07:08:34.002+00
61f5857e-e0e7-42cb-87e8-9b7955802add,00000000-0000-0000-0000-000000000001,4c916074-5db6-4dba-a5da-fc7d88cc5de1,receipt,b1ee2a63-653e-4312-a22f-e20df42d8903,b4a50439-db13-dc26-d980-eb079b321460,"Receipt VISTA/26-27/06/00062 · ₹16,492",sent,null,2026-06-08 07:09:06.232482+00,2026-06-08 07:09:09.443+00
de7a04e6-17c0-4ce5-b35b-5d1706870c4d,00000000-0000-0000-0000-000000000001,73dc3457-64ad-414f-abfb-2b082b68a7b5,receipt,137691c1-1ead-4b00-a068-f12dea8ae80d,855f3f6a-72ae-46f4-4cc2-a9a0d5df5b70,"Receipt VISTA/26-27/06/00063 · ₹16,825",sent,null,2026-06-08 07:09:34.09859+00,2026-06-08 07:09:38.477+00
21b8b506-13b9-4d17-b888-fdd27c248902,00000000-0000-0000-0000-000000000001,efac5835-58d6-4ba8-86dd-e317c0d35cf1,receipt,00033f74-e227-419b-a351-fee6400c6a0c,94927866-7ca0-4311-b799-972822792cb8,"Receipt VISTA/26-27/06/00064 · ₹16,748",sent,null,2026-06-08 07:10:39.119972+00,2026-06-08 07:10:43.345+00
d9760687-08f2-412f-81fd-401b247160a9,00000000-0000-0000-0000-000000000001,d8d24dbc-164b-45fe-b4b6-12f5ddd1a231,invoice,b7d46798-ce9c-44c4-a43d-7864c9f62b1b,fc8a412e-e0d4-35e1-37fa-5f798b7dc7f4,Invoice VISTA/26-27/06/00107 · 2026-06,sent,null,2026-06-08 08:32:45.890748+00,2026-06-08 08:32:50.063+00
5a1b0a71-ab81-46e2-ac6a-0be6a7d176d1,00000000-0000-0000-0000-000000000001,d8d24dbc-164b-45fe-b4b6-12f5ddd1a231,invoice,81693c98-b6db-44aa-aa79-e9c611db15fd,6542b72b-196a-4538-a690-2db7cc212936,Invoice VISTA/26-27/06/00104 · 2026-06,sent,null,2026-06-08 08:32:48.081568+00,2026-06-08 08:32:54.688+00
f54ca248-3b39-4819-99a7-c3e2a6baae5c,00000000-0000-0000-0000-000000000001,d8d24dbc-164b-45fe-b4b6-12f5ddd1a231,invoice,86f260a7-0425-413d-9ea8-c5404774ca36,bb91db20-f031-af83-8e52-9b613ace7567,Invoice VISTA/26-27/06/00114 · 2026-06,sent,null,2026-06-08 08:32:50.267761+00,2026-06-08 08:32:54.688+00
698b6bf1-0e85-43ad-bb10-cf787d21f263,00000000-0000-0000-0000-000000000001,d8d24dbc-164b-45fe-b4b6-12f5ddd1a231,invoice,3834592e-8e3a-4d3b-a693-079f6c3cfb21,2bd67002-1f8f-faff-efc5-5063dbedf10f,Invoice VISTA/26-27/06/00112 · 2026-06,sent,null,2026-06-08 08:32:51.400592+00,2026-06-08 08:32:58.747+00
526cba09-6b6e-4588-bd8e-2377f88a00f4,00000000-0000-0000-0000-000000000001,eb6c21c3-c5f0-45ee-8d43-1c8258120bdd,receipt,857172cd-c4f7-40e7-adb8-ef18f46a6fea,51c3d3a9-bfa0-4a8e-a687-3ef46bc022cc,"Receipt VISTA/26-27/06/00068 · ₹17,538",sent,null,2026-06-08 08:37:10.966986+00,2026-06-08 08:37:15.324+00
17f1e783-29c4-4518-9a59-8e183b4bc700,00000000-0000-0000-0000-000000000001,d2129f82-ccb8-45f0-932e-621b9a141e39,receipt,91fc25ef-8c3d-49f3-a86b-75d11194bb27,d497808b-36e2-ea42-d247-85b4e409078c,"Receipt VISTA/26-27/06/00069 · ₹17,732",sent,null,2026-06-08 08:38:14.867585+00,2026-06-08 08:38:18.455+00
384cedbb-a182-4d0b-ba44-6d8bc307eea6,00000000-0000-0000-0000-000000000001,2b982357-3376-4beb-bcc9-7f38f1414537,receipt,f44e3447-b991-4b09-a578-3b789b8a8830,5527e05d-475b-45ed-a6f4-284340eed262,"Receipt VISTA/26-27/06/00070 · ₹20,259",sent,null,2026-06-08 08:38:58.106195+00,2026-06-08 08:39:01.628+00
1306dc74-7262-4fa5-958c-884ff11b3701,00000000-0000-0000-0000-000000000001,235ca4d5-1282-4ebb-8acb-be2a362d1614,receipt,3a8f3ac4-16da-4ecb-a91a-ef55fc89087f,1287ac56-adee-78b5-6a6b-56b3e8dd7d48,"Receipt VISTA/26-27/06/00071 · ₹15,709",sent,null,2026-06-08 08:39:37.624641+00,2026-06-08 08:39:43.092+00
965f9c2e-c830-4dc7-8104-8d1ed56006a5,00000000-0000-0000-0000-000000000001,dca75cc9-e984-451a-825e-75ffc284c167,receipt,1b5b9976-de8b-4750-b148-e25f1b81b99a,4628a4bf-d4c5-9e5d-471c-271b9f3e7d03,"Receipt VISTA/26-27/06/00072 · ₹16,709",sent,null,2026-06-08 08:40:34.167124+00,2026-06-08 08:40:37.847+00
b56007a7-281a-403e-a976-253892ca9637,00000000-0000-0000-0000-000000000001,bdcdbc21-b022-42e3-aba2-dffd9c7230ea,receipt,c754eca5-4f04-4f52-b98a-3d44501ed456,d77b5c1e-605d-6795-5eee-1e2f9b83e069,"Receipt VISTA/26-27/06/00073 · ₹17,732",sent,null,2026-06-08 08:41:09.303345+00,2026-06-08 08:41:12.578+00
f28c374f-eb74-4682-88f2-a9ef11b4a2a2,00000000-0000-0000-0000-000000000001,7abdca55-841b-46e2-b733-87bf37c093af,receipt,f81e36be-eb39-4375-b926-c09594fb94f8,86cd2239-fa55-0389-437e-e8fd505dc931,"Receipt VISTA/26-27/06/00074 · ₹27,918",sent,null,2026-06-08 08:41:34.665525+00,2026-06-08 08:41:37.639+00
f5c52356-d057-43a9-972d-bd987a052085,00000000-0000-0000-0000-000000000001,8873487a-a9b3-43d3-91b0-d0caa3fa4f75,receipt,b21124b1-43dc-4ac1-8795-473a7e5864c5,1a3b6c74-26e1-7124-0b5c-7f783d71624d,"Receipt VISTA/26-27/06/00075 · ₹17,639",sent,null,2026-06-08 08:42:49.890507+00,2026-06-08 08:42:53.353+00
312a6446-5801-4666-b5d7-45527f1e03d7,00000000-0000-0000-0000-000000000001,d6cec61f-0419-4f24-8b40-c0990969001d,receipt,28cb57cc-b13d-46fa-a065-021b77746a7c,11e96dd2-92f4-f793-56db-439d5b3de156,"Receipt VISTA/26-27/06/00076 · ₹15,500",sent,null,2026-06-08 08:43:56.680646+00,2026-06-08 08:43:59.661+00
b2d2d5f9-5438-4aed-83a7-da46458f0c4d,00000000-0000-0000-0000-000000000001,2b519126-209a-47d2-9fc0-13fd6d621dce,receipt,9a5f2eb1-3ca8-400f-a0cc-e31207b0274d,f59fa4ad-6dca-c7e7-d459-5326609a6412,"Receipt VISTA/26-27/06/00077 · ₹17,298",sent,null,2026-06-08 08:44:23.223819+00,2026-06-08 08:44:26.994+00
2fda8108-6843-450f-9a98-ca77b26cb804,00000000-0000-0000-0000-000000000001,25fd8607-a16b-419c-a8eb-f8af311a800d,receipt,9bd2d0b2-f3e5-44f1-9d30-0da29fb438ea,61031b0a-ef18-26aa-64b7-d412d7b3d276,"Receipt VISTA/26-27/06/00078 · ₹17,825",sent,null,2026-06-08 08:45:27.075326+00,2026-06-08 08:45:30.713+00
fbd57ad2-eed7-4164-934e-2ade15f85988,00000000-0000-0000-0000-000000000001,6aaaf534-aa0a-4667-b7c9-89b31770a41e,receipt,01c252a6-4cfe-4f13-a996-1a9ed6b7c5c9,1b003ea3-bdcb-0416-c3c2-8ff60f2f65f5,"Receipt VISTA/26-27/06/00079 · ₹17,918",sent,null,2026-06-08 08:46:02.121107+00,2026-06-08 08:46:05.823+00
bbfa6c3d-d67f-4cab-a579-f03df237b81a,00000000-0000-0000-0000-000000000001,2d115903-b127-4bad-8b1a-927c98686da7,invoice,66029766-6767-47e3-87d3-a14faa740f27,73715344-908a-b7fa-00cc-34358ffb16f0,Invoice VISTA/26-27/06/00074 · 2026-06,sent,null,2026-06-08 09:49:36.742287+00,2026-06-08 09:49:43.005+00
33a9698f-005d-4326-b7cf-b802e451455e,00000000-0000-0000-0000-000000000001,5a834678-595d-495c-ba10-df6aabf5a892,receipt,cbf388e3-cfd6-4cca-8e11-c2b1a2929f0e,83f51f9d-9d36-eda9-e7fb-5b1badbbd5d9,"Receipt VISTA/26-27/06/00080 · ₹16,174",sent,null,2026-06-08 09:51:32.741358+00,2026-06-08 09:51:37.099+00
54217874-b446-45ea-9500-922ba58902f8,00000000-0000-0000-0000-000000000001,626affb7-db81-4217-87f6-77ff4f69dde8,receipt,77fa458a-b98e-4ebc-b7b4-78b98917e800,bcf8ffc1-fd5c-f6ab-0453-7a73c73786dd,"Receipt VISTA/26-27/06/00081 · ₹17,329",sent,null,2026-06-08 09:52:02.051587+00,2026-06-08 09:52:05.074+00
809e8a7b-9df0-48f5-a29a-5217f31ea035,00000000-0000-0000-0000-000000000001,ecfb20fe-8c85-4bae-bdef-f9741010e8e9,receipt,a3c37dff-9cb7-43f3-b91c-9f9dc5a23b9e,9c88cc60-ea13-4dd1-9930-ca14ff0c6aa0,"Receipt VISTA/26-27/06/00082 · ₹16,443",sent,null,2026-06-08 09:56:30.247873+00,2026-06-08 09:56:34.657+00
6353ab43-45df-4e1d-99ea-f2231cb8f4da,00000000-0000-0000-0000-000000000001,9e18f72f-bbf2-425b-b9cb-4eb18c28b45b,receipt,1e3380e1-0d95-4add-9402-9d0c9160f950,ec6bd398-2413-2c67-18db-10bdd92ee4f9,"Receipt VISTA/26-27/06/00083 · ₹27,825",sent,null,2026-06-08 09:57:44.848427+00,2026-06-08 09:57:47.767+00
243dc4f2-39f9-48b1-9db1-67441f3ffa91,00000000-0000-0000-0000-000000000001,e82d95f5-d88e-463c-92b9-ea2e2a8d05ff,receipt,8995d4a0-80a1-4c5f-b94b-979923805f7c,38069f8b-d44e-0b86-a0d1-dafac5ae1232,"Receipt VISTA/26-27/06/R00113 · ₹14,500",sent,null,2026-06-08 10:09:46.903114+00,2026-06-08 10:09:50.288+00
4a5bf798-c3d7-47c4-94eb-3e656e9608d0,00000000-0000-0000-0000-000000000001,8aa889a4-4ff1-4e10-876f-07e986557102,receipt,2ab3e830-f52e-44c7-b778-40c656bd65d2,a467df39-5ec5-465e-a471-e2b54be7bc71,"Receipt VISTA/26-27/06/R00114 · ₹16,184",sent,null,2026-06-08 10:31:07.456969+00,2026-06-08 10:31:11.042+00
15c111bc-ef4d-478e-ac60-a83b4276e572,00000000-0000-0000-0000-000000000001,2789d1f7-7d03-4a76-8f89-156f829d02eb,receipt,1180b92a-7e17-4a3d-a9ce-796ff85968a9,44bf5771-a669-438c-a190-88aab999cfae,"Receipt VISTA/26-27/06/R00115 · ₹16,904",sent,null,2026-06-08 10:39:39.547308+00,2026-06-08 10:39:43.069+00
0f8dccaa-639f-41a3-bd52-ffcd0269e8f7,00000000-0000-0000-0000-000000000001,be030331-de69-44b0-93b3-ea26286cc8a8,receipt,03d9937d-f2c1-4a76-b04f-28a1d95507b2,630c8120-bdbc-832c-24ca-aca9e6b49891,"Receipt VISTA/26-27/06/R00116 · ₹17,422",sent,null,2026-06-08 10:44:41.789656+00,2026-06-08 10:44:45.215+00
05e30096-e3b8-4fbe-a17b-912c709a8bdb,00000000-0000-0000-0000-000000000001,2735140f-ae10-4e65-88b0-1c034d7fa0d3,announcement,null,a7798da2-f8ee-1840-a1f3-f29a9e764b97,Payment Reminder – Invoice Due,sent,null,2026-06-08 11:41:14.968024+00,2026-06-08 11:41:19.729+00
075d557a-2899-4047-b717-9b85e2cf666c,00000000-0000-0000-0000-000000000001,2735140f-ae10-4e65-88b0-1c034d7fa0d3,announcement,null,bcf8ffc1-fd5c-f6ab-0453-7a73c73786dd,Payment Reminder – Invoice Due,sent,null,2026-06-08 11:41:14.968024+00,2026-06-08 11:41:21.574+00
07b84117-a9cd-4546-abdd-8a9161972b81,00000000-0000-0000-0000-000000000001,2735140f-ae10-4e65-88b0-1c034d7fa0d3,announcement,null,9653a402-ff75-bbdf-8cc6-1cb0ca01f233,Payment Reminder – Invoice Due,sent,null,2026-06-08 11:41:14.968024+00,2026-06-08 11:41:21.574+00
088a988f-abd4-4a2a-a0d4-1a333a09e6ea,00000000-0000-0000-0000-000000000001,2735140f-ae10-4e65-88b0-1c034d7fa0d3,announcement,null,93eb3d6a-d35b-ef1f-83b8-7430b6ad1674,Payment Reminder – Invoice Due,sent,null,2026-06-08 11:41:14.968024+00,2026-06-08 11:41:21.574+00
11be166e-a8d6-4bc5-92e7-b458bad36bee,00000000-0000-0000-0000-000000000001,2735140f-ae10-4e65-88b0-1c034d7fa0d3,announcement,null,1218c50c-4da4-4f61-baec-5182a25958e3,Payment Reminder – Invoice Due,sent,null,2026-06-08 11:41:14.968024+00,2026-06-08 11:41:21.574+00
13dde4be-8a54-4fed-b99a-2ac0471ee3d3,00000000-0000-0000-0000-000000000001,2735140f-ae10-4e65-88b0-1c034d7fa0d3,announcement,null,417cb75b-9992-4df9-28ae-ad4d2313621f,Payment Reminder – Invoice Due,sent,null,2026-06-08 11:41:14.968024+00,2026-06-08 11:41:19.729+00
179973e3-fdf5-404a-91d4-cad312ebe310,00000000-0000-0000-0000-000000000001,2735140f-ae10-4e65-88b0-1c034d7fa0d3,announcement,null,25ef6338-6197-45a8-82d9-ddd0a846f1b2,Payment Reminder – Invoice Due,sent,null,2026-06-08 11:41:14.968024+00,2026-06-08 11:41:21.574+00
17ef55d7-75f8-4cc6-a655-1f7db9ad3824,00000000-0000-0000-0000-000000000001,2735140f-ae10-4e65-88b0-1c034d7fa0d3,announcement,null,1932ea80-c6eb-874e-eca8-12410fa7a608,Payment Reminder – Invoice Due,sent,null,2026-06-08 11:41:14.968024+00,2026-06-08 11:41:17.513+00
189e5f8e-b461-46d2-9520-66df3a8b48b3,00000000-0000-0000-0000-000000000001,2735140f-ae10-4e65-88b0-1c034d7fa0d3,announcement,null,1bc75090-ac1a-44a6-bb22-f211aca7c760,Payment Reminder – Invoice Due,sent,null,2026-06-08 11:41:14.968024+00,2026-06-08 11:41:21.574+00
190115bb-b3a5-4da3-876a-18fbd1c97c03,00000000-0000-0000-0000-000000000001,2735140f-ae10-4e65-88b0-1c034d7fa0d3,announcement,null,791c16c3-5afa-4081-a47c-53439979e5b3,Payment Reminder – Invoice Due,sent,null,2026-06-08 11:41:14.968024+00,2026-06-08 11:41:17.513+00
1b9030cf-7ea8-41cc-9f6d-367748be167a,00000000-0000-0000-0000-000000000001,2735140f-ae10-4e65-88b0-1c034d7fa0d3,announcement,null,a7dadee2-80e3-eba0-084f-5f1847bb3aa4,Payment Reminder – Invoice Due,sent,null,2026-06-08 11:41:14.968024+00,2026-06-08 11:41:17.513+00
1cb7715d-a4f5-47cf-a3c6-b22b4be6a97e,00000000-0000-0000-0000-000000000001,2735140f-ae10-4e65-88b0-1c034d7fa0d3,announcement,null,ba8dd5e0-ed0e-8b6a-7098-2732476feb31,Payment Reminder – Invoice Due,sent,null,2026-06-08 11:41:14.968024+00,2026-06-08 11:41:17.513+00
21ff7c11-a858-4a46-8c49-ccf953f3333b,00000000-0000-0000-0000-000000000001,2735140f-ae10-4e65-88b0-1c034d7fa0d3,announcement,null,cb2574c2-6caf-4598-82dc-12b9569a6451,Payment Reminder – Invoice Due,sent,null,2026-06-08 11:41:14.968024+00,2026-06-08 11:41:21.574+00
22cb5d9e-131e-4bf0-9534-8a21a4fc9a05,00000000-0000-0000-0000-000000000001,2735140f-ae10-4e65-88b0-1c034d7fa0d3,announcement,null,3b27dc97-dafa-0480-7b61-5549a3ea7eee,Payment Reminder – Invoice Due,sent,null,2026-06-08 11:41:14.968024+00,2026-06-08 11:41:17.513+00
248248ec-d0c3-445e-95c3-1666bce30c2f,00000000-0000-0000-0000-000000000001,2735140f-ae10-4e65-88b0-1c034d7fa0d3,announcement,null,d77b5c1e-605d-6795-5eee-1e2f9b83e069,Payment Reminder – Invoice Due,sent,null,2026-06-08 11:41:14.968024+00,2026-06-08 11:41:21.574+00
24f13eef-458d-4c7a-bba8-30c5fc2dc8c7,00000000-0000-0000-0000-000000000001,2735140f-ae10-4e65-88b0-1c034d7fa0d3,announcement,null,51c3d3a9-bfa0-4a8e-a687-3ef46bc022cc,Payment Reminder – Invoice Due,sent,null,2026-06-08 11:41:14.968024+00,2026-06-08 11:41:19.729+00
27927d0e-47fc-4df1-b06f-db2233dbb4a5,00000000-0000-0000-0000-000000000001,2735140f-ae10-4e65-88b0-1c034d7fa0d3,announcement,null,cda37b51-1bbc-af0d-a560-49af88fdc751,Payment Reminder – Invoice Due,sent,null,2026-06-08 11:41:14.968024+00,2026-06-08 11:41:17.513+00
29490e65-28e5-423f-b73c-8e38a8e51ab3,00000000-0000-0000-0000-000000000001,2735140f-ae10-4e65-88b0-1c034d7fa0d3,announcement,null,d8c4b3c5-9b2a-4c6e-b1e8-0a98c9175234,Payment Reminder – Invoice Due,sent,null,2026-06-08 11:41:14.968024+00,2026-06-08 11:41:19.729+00
29ce233b-b3c1-4d4d-a6fb-9609ddeba2ef,00000000-0000-0000-0000-000000000001,2735140f-ae10-4e65-88b0-1c034d7fa0d3,announcement,null,5527e05d-475b-45ed-a6f4-284340eed262,Payment Reminder – Invoice Due,sent,null,2026-06-08 11:41:14.968024+00,2026-06-08 11:41:19.729+00
2b98b6a4-c40f-47e2-abdf-c8dc67f964e2,00000000-0000-0000-0000-000000000001,2735140f-ae10-4e65-88b0-1c034d7fa0d3,announcement,null,2631ddfd-660e-8719-1876-82cf88e13a60,Payment Reminder – Invoice Due,sent,null,2026-06-08 11:41:14.968024+00,2026-06-08 11:41:17.513+00
2bd083c0-1702-430f-84a0-83a2a7a699ee,00000000-0000-0000-0000-000000000001,2735140f-ae10-4e65-88b0-1c034d7fa0d3,announcement,null,d6d6b302-4f36-4d0b-8751-2dceccd295bd,Payment Reminder – Invoice Due,sent,null,2026-06-08 11:41:14.968024+00,2026-06-08 11:41:21.574+00
2e16d96c-e7f6-46d3-8e53-ae6b8cc2dc83,00000000-0000-0000-0000-000000000001,2735140f-ae10-4e65-88b0-1c034d7fa0d3,announcement,null,1a3b6c74-26e1-7124-0b5c-7f783d71624d,Payment Reminder – Invoice Due,sent,null,2026-06-08 11:41:14.968024+00,2026-06-08 11:41:19.729+00
3222e533-5193-4bbc-ac9e-8c1bc342469e,00000000-0000-0000-0000-000000000001,2735140f-ae10-4e65-88b0-1c034d7fa0d3,announcement,null,86cd2239-fa55-0389-437e-e8fd505dc931,Payment Reminder – Invoice Due,sent,null,2026-06-08 11:41:14.968024+00,2026-06-08 11:41:19.729+00
33258a80-cbe2-463f-8a9f-f911810b9a85,00000000-0000-0000-0000-000000000001,2735140f-ae10-4e65-88b0-1c034d7fa0d3,announcement,null,1a171004-7682-1c39-e6a2-758b668c33b0,Payment Reminder – Invoice Due,sent,null,2026-06-08 11:41:14.968024+00,2026-06-08 11:41:17.513+00
398dcecb-34d7-43ae-b391-fe58d71a7fb6,00000000-0000-0000-0000-000000000001,2735140f-ae10-4e65-88b0-1c034d7fa0d3,announcement,null,5fee0a79-3970-704a-2332-f7c7598e86c1,Payment Reminder – Invoice Due,sent,null,2026-06-08 11:41:14.968024+00,2026-06-08 11:41:17.513+00
3d2b18ba-7c04-4ba8-9e6e-1388bc5cc29d,00000000-0000-0000-0000-000000000001,2735140f-ae10-4e65-88b0-1c034d7fa0d3,announcement,null,df5ea39c-c069-5211-271d-f0d3831adefa,Payment Reminder – Invoice Due,sent,null,2026-06-08 11:41:14.968024+00,2026-06-08 11:41:23.26+00
4bb47045-dccd-4a4f-add3-2ea7f5f98ab4,00000000-0000-0000-0000-000000000001,2735140f-ae10-4e65-88b0-1c034d7fa0d3,announcement,null,83f51f9d-9d36-eda9-e7fb-5b1badbbd5d9,Payment Reminder – Invoice Due,sent,null,2026-06-08 11:41:14.968024+00,2026-06-08 11:41:17.513+00
4cddbe98-5489-485f-8e7f-cb376fc237cc,00000000-0000-0000-0000-000000000001,2735140f-ae10-4e65-88b0-1c034d7fa0d3,announcement,null,1261d726-9481-43dd-bac5-f1b158c8ab32,Payment Reminder – Invoice Due,sent,null,2026-06-08 11:41:14.968024+00,2026-06-08 11:41:21.574+00
517720e8-e7b0-4660-a5c9-7b7f463ccaf0,00000000-0000-0000-0000-000000000001,2735140f-ae10-4e65-88b0-1c034d7fa0d3,announcement,null,491b8136-32a1-37c5-5253-b53ff3991d86,Payment Reminder – Invoice Due,sent,null,2026-06-08 11:41:14.968024+00,2026-06-08 11:41:19.729+00
54b590ea-46a1-4c1f-bd42-aadb3dd3df1d,00000000-0000-0000-0000-000000000001,2735140f-ae10-4e65-88b0-1c034d7fa0d3,announcement,null,edee54e5-b970-ea10-551f-b156c26d8f0a,Payment Reminder – Invoice Due,sent,null,2026-06-08 11:41:14.968024+00,2026-06-08 11:41:19.729+00
62795b2f-6e71-462e-9597-15326b5a6ccb,00000000-0000-0000-0000-000000000001,2735140f-ae10-4e65-88b0-1c034d7fa0d3,announcement,null,a467df39-5ec5-465e-a471-e2b54be7bc71,Payment Reminder – Invoice Due,sent,null,2026-06-08 11:41:14.968024+00,2026-06-08 11:41:17.513+00
6e5a8bd8-0c34-44e4-bbce-bb3203c95e14,00000000-0000-0000-0000-000000000001,2735140f-ae10-4e65-88b0-1c034d7fa0d3,announcement,null,a6037691-771e-8146-3714-f9dedb8acbcc,Payment Reminder – Invoice Due,sent,null,2026-06-08 11:41:14.968024+00,2026-06-08 11:41:19.729+00
759a5f53-9836-4be9-8c28-c60f23084380,00000000-0000-0000-0000-000000000001,2735140f-ae10-4e65-88b0-1c034d7fa0d3,announcement,null,4505ca5d-0961-03c9-5943-ffda2a5ae270,Payment Reminder – Invoice Due,sent,null,2026-06-08 11:41:14.968024+00,2026-06-08 11:41:17.513+00
78d43052-4354-4d76-8fc8-06f8f6b3bf78,00000000-0000-0000-0000-000000000001,2735140f-ae10-4e65-88b0-1c034d7fa0d3,announcement,null,c49181cd-07c5-4c6a-a996-4146d002c886,Payment Reminder – Invoice Due,sent,null,2026-06-08 11:41:14.968024+00,2026-06-08 11:41:17.513+00
7a0e2383-52ee-4739-bbc6-da769a8e8095,00000000-0000-0000-0000-000000000001,2735140f-ae10-4e65-88b0-1c034d7fa0d3,announcement,null,f9eb9b23-5f60-4ec4-b990-8313323bb759,Payment Reminder – Invoice Due,sent,null,2026-06-08 11:41:14.968024+00,2026-06-08 11:41:19.729+00
81b14dbe-6c2d-4c9b-a805-91fae788eed8,00000000-0000-0000-0000-000000000001,2735140f-ae10-4e65-88b0-1c034d7fa0d3,announcement,null,8b48adf3-c14a-fa6d-9785-b4bcb35f8fbb,Payment Reminder – Invoice Due,sent,null,2026-06-08 11:41:14.968024+00,2026-06-08 11:51:57.358+00
8206a098-5f44-4796-aa69-0351ab70fd30,00000000-0000-0000-0000-000000000001,2735140f-ae10-4e65-88b0-1c034d7fa0d3,announcement,null,104a66bf-0d87-2acc-ec03-a73d1c1cfd53,Payment Reminder – Invoice Due,sent,null,2026-06-08 11:41:14.968024+00,2026-06-08 11:41:19.729+00
8ab93cca-d33d-4fbb-8566-263c25ad8873,00000000-0000-0000-0000-000000000001,2735140f-ae10-4e65-88b0-1c034d7fa0d3,announcement,null,f295149c-bcb1-4d48-93ce-d2ea593d29c3,Payment Reminder – Invoice Due,sent,null,2026-06-08 11:41:14.968024+00,2026-06-08 11:41:19.729+00
8d9a3743-a59a-4463-b304-c0800e6ce975,00000000-0000-0000-0000-000000000001,2735140f-ae10-4e65-88b0-1c034d7fa0d3,announcement,null,8709ca2e-a8a6-48a4-b8ce-e813c4796ab9,Payment Reminder – Invoice Due,sent,null,2026-06-08 11:41:14.968024+00,2026-06-08 11:41:17.513+00
8ef32446-b793-4e25-8b92-662cdfc43720,00000000-0000-0000-0000-000000000001,2735140f-ae10-4e65-88b0-1c034d7fa0d3,announcement,null,d257c87f-0e42-048c-8409-362e925d86fc,Payment Reminder – Invoice Due,sent,null,2026-06-08 11:41:14.968024+00,2026-06-08 11:41:21.574+00
8f2f1752-494a-4771-9392-69aec9970b4e,00000000-0000-0000-0000-000000000001,2735140f-ae10-4e65-88b0-1c034d7fa0d3,announcement,null,950dd22f-78fa-d205-48b3-fe5a5cc7438e,Payment Reminder – Invoice Due,sent,null,2026-06-08 11:41:14.968024+00,2026-06-08 11:41:21.574+00
97fde7c1-2739-4a96-85d6-9f0942003b85,00000000-0000-0000-0000-000000000001,2735140f-ae10-4e65-88b0-1c034d7fa0d3,announcement,null,53416e34-aaed-471f-937d-0fea74c444b8,Payment Reminder – Invoice Due,sent,null,2026-06-08 11:41:14.968024+00,2026-06-08 11:41:17.513+00
983b85b4-0def-4b21-ab08-b2286b1bb158,00000000-0000-0000-0000-000000000001,2735140f-ae10-4e65-88b0-1c034d7fa0d3,announcement,null,2c1980eb-be51-916e-8f61-1e8fe83afb0c,Payment Reminder – Invoice Due,sent,null,2026-06-08 11:41:14.968024+00,2026-06-08 11:41:19.729+00
9d11f0fc-9f21-4146-8e70-f4bc3a356633,00000000-0000-0000-0000-000000000001,2735140f-ae10-4e65-88b0-1c034d7fa0d3,announcement,null,2ac2da6e-0954-f906-32d7-a1f55477c590,Payment Reminder – Invoice Due,sent,null,2026-06-08 11:41:14.968024+00,2026-06-08 11:41:17.513+00
a15dc6f3-c598-405f-a171-8c1efde75546,00000000-0000-0000-0000-000000000001,2735140f-ae10-4e65-88b0-1c034d7fa0d3,announcement,null,de481a65-2fb4-4974-b7db-0ec990ea852d,Payment Reminder – Invoice Due,sent,null,2026-06-08 11:41:14.968024+00,2026-06-08 11:41:21.574+00
a279271a-5a92-468f-ae53-272c4148226f,00000000-0000-0000-0000-000000000001,2735140f-ae10-4e65-88b0-1c034d7fa0d3,announcement,null,2ba81159-3fd3-401a-b806-4cf09e7dce86,Payment Reminder – Invoice Due,sent,null,2026-06-08 11:41:14.968024+00,2026-06-08 11:41:19.729+00
a8ffd672-18ec-4c90-8e1f-8659f73e7971,00000000-0000-0000-0000-000000000001,2735140f-ae10-4e65-88b0-1c034d7fa0d3,announcement,null,238b347e-e7e9-b1a3-31a8-a2f8fed99f55,Payment Reminder – Invoice Due,sent,null,2026-06-08 11:41:14.968024+00,2026-06-08 11:41:23.26+00
a97a4955-a470-42cd-9fa6-52e624b11edd,00000000-0000-0000-0000-000000000001,2735140f-ae10-4e65-88b0-1c034d7fa0d3,announcement,null,389859df-460c-4966-a71d-eb7bbebae67b,Payment Reminder – Invoice Due,sent,null,2026-06-08 11:41:14.968024+00,2026-06-08 11:41:21.574+00
aab07dfd-fa56-4096-92ee-30753d6bd774,00000000-0000-0000-0000-000000000001,2735140f-ae10-4e65-88b0-1c034d7fa0d3,announcement,null,706ec709-36e3-4de0-a55a-522efd0b3957,Payment Reminder – Invoice Due,sent,null,2026-06-08 11:41:14.968024+00,2026-06-08 11:41:23.26+00
b0871312-6e63-4edb-a7e4-39205e157851,00000000-0000-0000-0000-000000000001,2735140f-ae10-4e65-88b0-1c034d7fa0d3,announcement,null,94927866-7ca0-4311-b799-972822792cb8,Payment Reminder – Invoice Due,sent,null,2026-06-08 11:41:14.968024+00,2026-06-08 11:41:21.574+00
b1ab66af-0d38-4042-97e2-50193331e4a3,00000000-0000-0000-0000-000000000001,2735140f-ae10-4e65-88b0-1c034d7fa0d3,announcement,null,b3002707-86e9-43d5-956d-cf108fb6a23f,Payment Reminder – Invoice Due,sent,null,2026-06-08 11:41:14.968024+00,2026-06-08 11:41:17.513+00
b2819ab5-d014-4621-8f2d-a19aff0822c3,00000000-0000-0000-0000-000000000001,2735140f-ae10-4e65-88b0-1c034d7fa0d3,announcement,null,c09e703c-d287-38c8-d1c1-239145e17df9,Payment Reminder – Invoice Due,sent,null,2026-06-08 11:41:14.968024+00,2026-06-08 11:41:21.574+00
b5048b2c-1487-4197-bd74-a742449ccd2f,00000000-0000-0000-0000-000000000001,2735140f-ae10-4e65-88b0-1c034d7fa0d3,announcement,null,d751c131-c1c9-4f5c-88f8-7e4c6cb710b3,Payment Reminder – Invoice Due,sent,null,2026-06-08 11:41:14.968024+00,2026-06-08 11:41:19.729+00
bd4cd937-5ce4-484c-82bf-175e4984c4d3,00000000-0000-0000-0000-000000000001,2735140f-ae10-4e65-88b0-1c034d7fa0d3,announcement,null,521635f8-15aa-4ce1-ab2f-276095cbbe1a,Payment Reminder – Invoice Due,sent,null,2026-06-08 11:41:14.968024+00,2026-06-08 11:41:21.574+00
bf18b3ec-e1cf-464a-966e-4955ae67aa4c,00000000-0000-0000-0000-000000000001,2735140f-ae10-4e65-88b0-1c034d7fa0d3,announcement,null,9c88cc60-ea13-4dd1-9930-ca14ff0c6aa0,Payment Reminder – Invoice Due,sent,null,2026-06-08 11:41:14.968024+00,2026-06-08 11:41:19.729+00
c0ce8f2e-babb-4206-8866-3fa289c35b7c,00000000-0000-0000-0000-000000000001,2735140f-ae10-4e65-88b0-1c034d7fa0d3,announcement,null,04ba1c6f-6c06-819d-9ecc-a0c5f795b922,Payment Reminder – Invoice Due,sent,null,2026-06-08 11:41:14.968024+00,2026-06-08 11:41:21.574+00
c6477ae5-48f4-4b30-8a8e-c8c8fe305838,00000000-0000-0000-0000-000000000001,2735140f-ae10-4e65-88b0-1c034d7fa0d3,announcement,null,c3c77367-5f51-f7a7-e667-0e3480f53751,Payment Reminder – Invoice Due,sent,null,2026-06-08 11:41:14.968024+00,2026-06-08 11:41:19.729+00
c9b6dd0a-d092-48da-91da-db84f7101c71,00000000-0000-0000-0000-000000000001,2735140f-ae10-4e65-88b0-1c034d7fa0d3,announcement,null,4c4ad4c9-59bf-f152-d0ff-6502ec564cc9,Payment Reminder – Invoice Due,sent,null,2026-06-08 11:41:14.968024+00,2026-06-08 11:41:19.729+00
d05b0283-77c5-4471-8032-e3fd835216ef,00000000-0000-0000-0000-000000000001,2735140f-ae10-4e65-88b0-1c034d7fa0d3,announcement,null,77dd12b8-a20b-05c8-2372-79ba1b1624a9,Payment Reminder – Invoice Due,sent,null,2026-06-08 11:41:14.968024+00,2026-06-08 11:41:21.574+00
d230b536-4a59-4d62-9b20-6594575ebce1,00000000-0000-0000-0000-000000000001,2735140f-ae10-4e65-88b0-1c034d7fa0d3,announcement,null,55e6e452-fae2-a5ac-3c12-21424bffbcac,Payment Reminder – Invoice Due,sent,null,2026-06-08 11:41:14.968024+00,2026-06-08 11:41:17.513+00
d2c5ca83-f8db-4d2f-870b-e2f38aa753eb,00000000-0000-0000-0000-000000000001,2735140f-ae10-4e65-88b0-1c034d7fa0d3,announcement,null,44bf5771-a669-438c-a190-88aab999cfae,Payment Reminder – Invoice Due,sent,null,2026-06-08 11:41:14.968024+00,2026-06-08 11:41:21.574+00
d7792a55-c42e-4122-8050-4947d860f17b,00000000-0000-0000-0000-000000000001,2735140f-ae10-4e65-88b0-1c034d7fa0d3,announcement,null,4628a4bf-d4c5-9e5d-471c-271b9f3e7d03,Payment Reminder – Invoice Due,sent,null,2026-06-08 11:41:14.968024+00,2026-06-08 11:41:23.26+00
d8b4347d-bd26-48ea-b2e3-086c54e01647,00000000-0000-0000-0000-000000000001,2735140f-ae10-4e65-88b0-1c034d7fa0d3,announcement,null,18788fe2-f6a2-826e-2199-6cec118c6d00,Payment Reminder – Invoice Due,sent,null,2026-06-08 11:41:14.968024+00,2026-06-08 11:41:17.513+00
d925f56c-7958-447e-aadd-c3deb9a468af,00000000-0000-0000-0000-000000000001,2735140f-ae10-4e65-88b0-1c034d7fa0d3,announcement,null,bb91db20-f031-af83-8e52-9b613ace7567,Payment Reminder – Invoice Due,sent,null,2026-06-08 11:41:14.968024+00,2026-06-08 11:41:21.574+00
da77412c-069a-4458-ad3f-484bfe738e43,00000000-0000-0000-0000-000000000001,2735140f-ae10-4e65-88b0-1c034d7fa0d3,announcement,null,8123af5e-305b-80f8-20db-4d54b7f628c7,Payment Reminder – Invoice Due,sent,null,2026-06-08 11:41:14.968024+00,2026-06-08 11:41:23.26+00
e3368765-9054-4cf7-ad29-fa531d22b69a,00000000-0000-0000-0000-000000000001,2735140f-ae10-4e65-88b0-1c034d7fa0d3,announcement,null,f38ac232-fe6f-44f8-955c-18c46b4db738,Payment Reminder – Invoice Due,sent,null,2026-06-08 11:41:14.968024+00,2026-06-08 11:41:17.513+00
e362f51c-8239-4b2d-8102-abb961769f62,00000000-0000-0000-0000-000000000001,2735140f-ae10-4e65-88b0-1c034d7fa0d3,announcement,null,9e188cc2-9f75-4d15-8fa3-9348236cae71,Payment Reminder – Invoice Due,sent,null,2026-06-08 11:41:14.968024+00,2026-06-08 11:41:17.513+00
e37459f9-a486-4e34-9db1-41ced5c669cd,00000000-0000-0000-0000-000000000001,2735140f-ae10-4e65-88b0-1c034d7fa0d3,announcement,null,25aa2406-e171-b558-8249-7a525d126d8f,Payment Reminder – Invoice Due,sent,null,2026-06-08 11:41:14.968024+00,2026-06-08 11:41:17.513+00
e3936d81-135f-43d8-aa89-bc597fbcafb0,00000000-0000-0000-0000-000000000001,2735140f-ae10-4e65-88b0-1c034d7fa0d3,announcement,null,d2449d75-0593-4deb-a6c2-fae99fc83ab0,Payment Reminder – Invoice Due,sent,null,2026-06-08 11:41:14.968024+00,2026-06-08 11:41:17.513+00
e68ff0a3-7614-4062-8672-e355e388887b,00000000-0000-0000-0000-000000000001,2735140f-ae10-4e65-88b0-1c034d7fa0d3,announcement,null,fc8a412e-e0d4-35e1-37fa-5f798b7dc7f4,Payment Reminder – Invoice Due,sent,null,2026-06-08 11:41:14.968024+00,2026-06-08 11:41:21.574+00
e774dbfd-3c39-4812-b0a6-7cfbc5faace0,00000000-0000-0000-0000-000000000001,2735140f-ae10-4e65-88b0-1c034d7fa0d3,announcement,null,8971261e-a813-477f-94c0-0a9661dc4c34,Payment Reminder – Invoice Due,sent,null,2026-06-08 11:41:14.968024+00,2026-06-08 11:41:21.574+00
e8e62a20-0bbe-4523-aee0-cbaacb98adf8,00000000-0000-0000-0000-000000000001,2735140f-ae10-4e65-88b0-1c034d7fa0d3,announcement,null,f284b25b-d762-1399-a12e-ba7ffa6b6f97,Payment Reminder – Invoice Due,sent,null,2026-06-08 11:41:14.968024+00,2026-06-08 11:41:21.574+00
eb47f43d-db5e-483e-a5ba-f433ed01c461,00000000-0000-0000-0000-000000000001,2735140f-ae10-4e65-88b0-1c034d7fa0d3,announcement,null,122c395f-56fd-4482-fe33-7fa3c3cd30b5,Payment Reminder – Invoice Due,sent,null,2026-06-08 11:41:14.968024+00,2026-06-08 11:41:19.729+00
eddce157-af61-4e82-a8cb-2bcb8b56e916,00000000-0000-0000-0000-000000000001,2735140f-ae10-4e65-88b0-1c034d7fa0d3,announcement,null,a267e3ee-ef69-4d54-8414-357c81b2eb3c,Payment Reminder – Invoice Due,sent,null,2026-06-08 11:41:14.968024+00,2026-06-08 11:41:23.26+00
f34d6402-b46d-4473-b5c0-46e309e6e446,00000000-0000-0000-0000-000000000001,2735140f-ae10-4e65-88b0-1c034d7fa0d3,announcement,null,2c05db07-e980-4d52-a524-1b1ee5185554,Payment Reminder – Invoice Due,sent,null,2026-06-08 11:41:14.968024+00,2026-06-08 11:41:19.729+00
f793514e-53a9-45eb-80ef-7dc1c4572549,00000000-0000-0000-0000-000000000001,2735140f-ae10-4e65-88b0-1c034d7fa0d3,announcement,null,1dc2bdca-ae79-4cd5-9d74-961c02cce282,Payment Reminder – Invoice Due,sent,null,2026-06-08 11:41:14.968024+00,2026-06-08 11:41:19.729+00
fade615e-96c3-46a2-a472-34beacbbe888,00000000-0000-0000-0000-000000000001,2735140f-ae10-4e65-88b0-1c034d7fa0d3,announcement,null,be84008a-74d3-3cc1-6fd6-bcef998f7bff,Payment Reminder – Invoice Due,sent,null,2026-06-08 11:41:14.968024+00,2026-06-08 11:41:19.729+00
fc0f29ad-9615-4965-92cf-6e2d9a70b071,00000000-0000-0000-0000-000000000001,2735140f-ae10-4e65-88b0-1c034d7fa0d3,announcement,null,79d4d3fe-73c5-a965-030f-c60220ee20cb,Payment Reminder – Invoice Due,sent,null,2026-06-08 11:41:14.968024+00,2026-06-08 11:41:17.513+00
fe1f4482-7ba4-4da5-ae3d-a18bf0516f6b,00000000-0000-0000-0000-000000000001,2735140f-ae10-4e65-88b0-1c034d7fa0d3,announcement,null,a4ef95bf-1c7c-4c4d-0497-ae38085af6cc,Payment Reminder – Invoice Due,sent,null,2026-06-08 11:41:14.968024+00,2026-06-08 11:41:19.729+00
ff9afc12-21fd-4d4d-9742-897c00df3f1e,00000000-0000-0000-0000-000000000001,2735140f-ae10-4e65-88b0-1c034d7fa0d3,announcement,null,82be44de-b1d6-4e48-e6bb-33ec98b83c7d,Payment Reminder – Invoice Due,sent,null,2026-06-08 11:41:14.968024+00,2026-06-08 11:41:23.26+00
06bbb112-447b-4322-bd83-86b86a4eccf0,00000000-0000-0000-0000-000000000001,2735140f-ae10-4e65-88b0-1c034d7fa0d3,announcement,null,4e39608a-6f55-4cc0-ac26-00c939421464,Payment Reminder – Invoice Due,sent,null,2026-06-08 11:41:15.193796+00,2026-06-08 11:41:26.517+00
0bad34f6-472c-4e1d-bd9d-9095abd49d92,00000000-0000-0000-0000-000000000001,2735140f-ae10-4e65-88b0-1c034d7fa0d3,announcement,null,257579ca-bef0-99b8-f916-e518891ffdab,Payment Reminder – Invoice Due,sent,null,2026-06-08 11:41:15.193796+00,2026-06-08 11:41:26.517+00
13ac0af0-89d6-4ac4-9341-4eb63c830c7a,00000000-0000-0000-0000-000000000001,2735140f-ae10-4e65-88b0-1c034d7fa0d3,announcement,null,6542b72b-196a-4538-a690-2db7cc212936,Payment Reminder – Invoice Due,sent,null,2026-06-08 11:41:15.193796+00,2026-06-08 11:41:26.517+00
17451394-486c-44e2-9215-185ff2435335,00000000-0000-0000-0000-000000000001,2735140f-ae10-4e65-88b0-1c034d7fa0d3,announcement,null,00ff5468-3680-2a12-23e4-82855ab3c697,Payment Reminder – Invoice Due,sent,null,2026-06-08 11:41:15.193796+00,2026-06-08 11:41:27.862+00
18a9c1c0-47a9-408e-8b75-41a285d75787,00000000-0000-0000-0000-000000000001,2735140f-ae10-4e65-88b0-1c034d7fa0d3,announcement,null,b6263381-5732-4544-952b-edde50fdfc28,Payment Reminder – Invoice Due,sent,null,2026-06-08 11:41:15.193796+00,2026-06-08 11:41:24.88+00
1f553083-f083-4669-a4aa-26c1584b6b19,00000000-0000-0000-0000-000000000001,2735140f-ae10-4e65-88b0-1c034d7fa0d3,announcement,null,e6dde6a9-4da9-d1a2-802a-faf5db207e8e,Payment Reminder – Invoice Due,sent,null,2026-06-08 11:41:15.193796+00,2026-06-08 11:41:23.26+00
1fd7cdec-3a05-45ca-be8d-0bb9ccd614a4,00000000-0000-0000-0000-000000000001,2735140f-ae10-4e65-88b0-1c034d7fa0d3,announcement,null,8aacbc78-5e56-b3c0-f8bc-fcb5490b94f3,Payment Reminder – Invoice Due,sent,null,2026-06-08 11:41:15.193796+00,2026-06-08 11:41:24.88+00
21956051-df42-4ae3-bb15-8b47d524bdc1,00000000-0000-0000-0000-000000000001,2735140f-ae10-4e65-88b0-1c034d7fa0d3,announcement,null,854c86e3-8b7f-0ca8-f4ac-c6a073699611,Payment Reminder – Invoice Due,sent,null,2026-06-08 11:41:15.193796+00,2026-06-08 11:41:27.862+00
222daa24-ac1f-45f1-b3c0-0a6e5b630ec6,00000000-0000-0000-0000-000000000001,2735140f-ae10-4e65-88b0-1c034d7fa0d3,announcement,null,f59fa4ad-6dca-c7e7-d459-5326609a6412,Payment Reminder – Invoice Due,sent,null,2026-06-08 11:41:15.193796+00,2026-06-08 11:51:57.053+00
2286c7be-59a1-4cab-b548-437709e2980d,00000000-0000-0000-0000-000000000001,2735140f-ae10-4e65-88b0-1c034d7fa0d3,announcement,null,7e2a1e58-e10a-4352-ca15-59fd22f2c07e,Payment Reminder – Invoice Due,sent,null,2026-06-08 11:41:15.193796+00,2026-06-08 11:41:26.517+00
26af56e0-1991-4bd7-ac21-9bec30a554cf,00000000-0000-0000-0000-000000000001,2735140f-ae10-4e65-88b0-1c034d7fa0d3,announcement,null,073e4bd7-f1f1-49d3-604f-c365b9952a6c,Payment Reminder – Invoice Due,sent,null,2026-06-08 11:41:15.193796+00,2026-06-08 11:41:24.88+00
2885ac55-4568-4f9b-b37f-525be27be401,00000000-0000-0000-0000-000000000001,2735140f-ae10-4e65-88b0-1c034d7fa0d3,announcement,null,618f174c-7c45-cb54-907b-cacc78483918,Payment Reminder – Invoice Due,sent,null,2026-06-08 11:41:15.193796+00,2026-06-08 11:51:57.552+00
29e1ec35-9009-440b-9070-713a1a275aee,00000000-0000-0000-0000-000000000001,2735140f-ae10-4e65-88b0-1c034d7fa0d3,announcement,null,a4709d2c-85e2-3d68-7467-1eaf879ba2c9,Payment Reminder – Invoice Due,sent,null,2026-06-08 11:41:15.193796+00,2026-06-08 11:41:23.26+00
2b5b15e3-b1f4-4203-b932-c74cd8e07215,00000000-0000-0000-0000-000000000001,2735140f-ae10-4e65-88b0-1c034d7fa0d3,announcement,null,f16a668c-ea8a-b26d-9dff-4da3c53fccc7,Payment Reminder – Invoice Due,sent,null,2026-06-08 11:41:15.193796+00,2026-06-08 11:41:23.26+00
2d714a3a-5b3f-4198-a889-f4e93d926c03,00000000-0000-0000-0000-000000000001,2735140f-ae10-4e65-88b0-1c034d7fa0d3,announcement,null,61031b0a-ef18-26aa-64b7-d412d7b3d276,Payment Reminder – Invoice Due,sent,null,2026-06-08 11:41:15.193796+00,2026-06-08 11:41:23.26+00
2fa980ae-5374-4d0b-8b1d-d0aa798177ef,00000000-0000-0000-0000-000000000001,2735140f-ae10-4e65-88b0-1c034d7fa0d3,announcement,null,07734943-434c-4c8b-b1fa-49d7c4e8a7fe,Payment Reminder – Invoice Due,sent,null,2026-06-08 11:41:15.193796+00,2026-06-08 11:41:26.517+00
319ef878-9a80-47c4-99a3-a670705358d7,00000000-0000-0000-0000-000000000001,2735140f-ae10-4e65-88b0-1c034d7fa0d3,announcement,null,6ea3368b-00ab-4626-a86f-7fcacb3e167e,Payment Reminder – Invoice Due,sent,null,2026-06-08 11:41:15.193796+00,2026-06-08 11:41:26.517+00
346fa7f1-6347-44cf-9d99-216935574414,00000000-0000-0000-0000-000000000001,2735140f-ae10-4e65-88b0-1c034d7fa0d3,announcement,null,c675e97a-0958-0695-90b3-49311eec8fd7,Payment Reminder – Invoice Due,sent,null,2026-06-08 11:41:15.193796+00,2026-06-08 11:41:24.88+00
3c406e04-ae4c-4f07-a371-7fc8c83ef828,00000000-0000-0000-0000-000000000001,2735140f-ae10-4e65-88b0-1c034d7fa0d3,announcement,null,0278721a-a690-833b-298a-16a351fb7a3a,Payment Reminder – Invoice Due,sent,null,2026-06-08 11:41:15.193796+00,2026-06-08 11:41:27.862+00
40abd93f-60a9-4050-a1af-a3312d1a343d,00000000-0000-0000-0000-000000000001,2735140f-ae10-4e65-88b0-1c034d7fa0d3,announcement,null,e426d68a-16d2-9097-ff7d-ae2521fb52e5,Payment Reminder – Invoice Due,sent,null,2026-06-08 11:41:15.193796+00,2026-06-08 11:51:56.733+00
45a15ca6-bffc-4239-84e7-56991e21baae,00000000-0000-0000-0000-000000000001,2735140f-ae10-4e65-88b0-1c034d7fa0d3,announcement,null,19214e19-efc4-4eea-8118-944c998e3ab6,Payment Reminder – Invoice Due,sent,null,2026-06-08 11:41:15.193796+00,2026-06-08 11:41:24.88+00
45e1e50a-84f4-4fad-84fd-09078d6cd139,00000000-0000-0000-0000-000000000001,2735140f-ae10-4e65-88b0-1c034d7fa0d3,announcement,null,2b785f57-1c4f-d4a8-d486-b69e7b2db5bc,Payment Reminder – Invoice Due,sent,null,2026-06-08 11:41:15.193796+00,2026-06-08 11:41:26.517+00
464b8167-6fc2-4d25-9b71-e2e3bb264a27,00000000-0000-0000-0000-000000000001,2735140f-ae10-4e65-88b0-1c034d7fa0d3,announcement,null,c2329858-525d-2f70-5e31-bf9a8358eb3e,Payment Reminder – Invoice Due,sent,null,2026-06-08 11:41:15.193796+00,2026-06-08 11:51:57.343+00
46a8a93d-62d6-46f6-8245-419a0ea6003b,00000000-0000-0000-0000-000000000001,2735140f-ae10-4e65-88b0-1c034d7fa0d3,announcement,null,d497808b-36e2-ea42-d247-85b4e409078c,Payment Reminder – Invoice Due,sent,null,2026-06-08 11:41:15.193796+00,2026-06-08 11:41:24.88+00
477678c2-91fa-496a-beba-94e96e03a1ad,00000000-0000-0000-0000-000000000001,2735140f-ae10-4e65-88b0-1c034d7fa0d3,announcement,null,11e59c65-004e-4eea-a733-d3a6a7c65fb1,Payment Reminder – Invoice Due,sent,null,2026-06-08 11:41:15.193796+00,2026-06-08 11:41:26.517+00
48b91558-7f52-4ffb-9001-668ce1e392ed,00000000-0000-0000-0000-000000000001,2735140f-ae10-4e65-88b0-1c034d7fa0d3,announcement,null,cd2c3f97-4df7-b32f-d0c0-12031beae516,Payment Reminder – Invoice Due,sent,null,2026-06-08 11:41:15.193796+00,2026-06-08 11:41:26.517+00
49406c7e-c067-4dba-bc47-bbe544a47008,00000000-0000-0000-0000-000000000001,2735140f-ae10-4e65-88b0-1c034d7fa0d3,announcement,null,66fbcb59-3d06-d8cc-b1d5-53f38a599207,Payment Reminder – Invoice Due,sent,null,2026-06-08 11:41:15.193796+00,2026-06-08 11:41:26.517+00
4a8c6cfb-e98a-4dfe-bb1c-062f37c50f05,00000000-0000-0000-0000-000000000001,2735140f-ae10-4e65-88b0-1c034d7fa0d3,announcement,null,1d4c0119-5151-7a5b-2266-f16e44f67157,Payment Reminder – Invoice Due,sent,null,2026-06-08 11:41:15.193796+00,2026-06-08 11:41:24.88+00
4b6bd831-bdbb-4dba-8950-f0ccc54bb377,00000000-0000-0000-0000-000000000001,2735140f-ae10-4e65-88b0-1c034d7fa0d3,announcement,null,630c8120-bdbc-832c-24ca-aca9e6b49891,Payment Reminder – Invoice Due,sent,null,2026-06-08 11:41:15.193796+00,2026-06-08 11:51:57.079+00
4e5e899a-7229-492e-9a50-270f2b46926b,00000000-0000-0000-0000-000000000001,2735140f-ae10-4e65-88b0-1c034d7fa0d3,announcement,null,3e50af3d-452f-d098-b3bc-3c2a64576d55,Payment Reminder – Invoice Due,sent,null,2026-06-08 11:41:15.193796+00,2026-06-08 11:41:23.26+00
57b4ddfb-e184-4f14-b2b0-39f4d2484297,00000000-0000-0000-0000-000000000001,2735140f-ae10-4e65-88b0-1c034d7fa0d3,announcement,null,c39e5b6a-5497-09b6-25cc-89f1ea8a608c,Payment Reminder – Invoice Due,sent,null,2026-06-08 11:41:15.193796+00,2026-06-08 11:41:27.862+00
582fc691-7c57-4ec6-a4ac-816a9f0fa6f2,00000000-0000-0000-0000-000000000001,2735140f-ae10-4e65-88b0-1c034d7fa0d3,announcement,null,72ac33cc-b9b2-9cc4-47fd-d37096c8f30d,Payment Reminder – Invoice Due,sent,null,2026-06-08 11:41:15.193796+00,2026-06-08 11:41:24.88+00
5a91f318-09f4-443b-aafa-6225220f90da,00000000-0000-0000-0000-000000000001,2735140f-ae10-4e65-88b0-1c034d7fa0d3,announcement,null,73715344-908a-b7fa-00cc-34358ffb16f0,Payment Reminder – Invoice Due,sent,null,2026-06-08 11:41:15.193796+00,2026-06-08 11:41:24.88+00
5b2b7c67-b7bb-4184-b4c7-6f0086a1d098,00000000-0000-0000-0000-000000000001,2735140f-ae10-4e65-88b0-1c034d7fa0d3,announcement,null,146a8458-f956-54ed-317f-b99f7d16fff8,Payment Reminder – Invoice Due,sent,null,2026-06-08 11:41:15.193796+00,2026-06-08 11:41:24.88+00
5b3e5b43-6e01-4b53-9ec0-5d29718fb662,00000000-0000-0000-0000-000000000001,2735140f-ae10-4e65-88b0-1c034d7fa0d3,announcement,null,c02eb961-2471-c285-9c28-fb9a12aaf70a,Payment Reminder – Invoice Due,sent,null,2026-06-08 11:41:15.193796+00,2026-06-08 11:41:23.26+00
5e2b8cb7-dcb7-4b4e-b21e-40d062053145,00000000-0000-0000-0000-000000000001,2735140f-ae10-4e65-88b0-1c034d7fa0d3,announcement,null,2bd67002-1f8f-faff-efc5-5063dbedf10f,Payment Reminder – Invoice Due,sent,null,2026-06-08 11:41:15.193796+00,2026-06-08 11:41:27.862+00
60b81eb3-ff19-4fbb-96f8-9cc74d65746f,00000000-0000-0000-0000-000000000001,2735140f-ae10-4e65-88b0-1c034d7fa0d3,announcement,null,22a9494d-0e02-6fba-4aee-7947f1e6110b,Payment Reminder – Invoice Due,sent,null,2026-06-08 11:41:15.193796+00,2026-06-08 11:41:27.862+00
631974b7-c85e-4eb3-bcde-4eb9c461e8f7,00000000-0000-0000-0000-000000000001,2735140f-ae10-4e65-88b0-1c034d7fa0d3,announcement,null,c511ac63-cb7e-1453-92d5-ea4ffba1c360,Payment Reminder – Invoice Due,sent,null,2026-06-08 11:41:15.193796+00,2026-06-08 11:41:24.88+00
63942b35-5347-4e39-8ba1-5a67bab131f7,00000000-0000-0000-0000-000000000001,2735140f-ae10-4e65-88b0-1c034d7fa0d3,announcement,null,49355947-7605-ec5f-7d81-a6597f38d76b,Payment Reminder – Invoice Due,sent,null,2026-06-08 11:41:15.193796+00,2026-06-08 11:41:24.88+00
64279175-0cd6-4a94-9649-dc5dd0a4501a,00000000-0000-0000-0000-000000000001,2735140f-ae10-4e65-88b0-1c034d7fa0d3,announcement,null,8fd367e7-7404-4ef6-530b-a40219a48f1e,Payment Reminder – Invoice Due,sent,null,2026-06-08 11:41:15.193796+00,2026-06-08 11:41:26.517+00
6af0c01a-7413-4200-9c40-62c297c12c1a,00000000-0000-0000-0000-000000000001,2735140f-ae10-4e65-88b0-1c034d7fa0d3,announcement,null,b19dfc6c-a5d5-734c-3d3d-6389c281b3bb,Payment Reminder – Invoice Due,sent,null,2026-06-08 11:41:15.193796+00,2026-06-08 11:41:26.517+00
6f903b67-7804-4a12-a965-4a7d4babdbaf,00000000-0000-0000-0000-000000000001,2735140f-ae10-4e65-88b0-1c034d7fa0d3,announcement,null,e99afa10-6249-3f5b-4364-da75f89e34f9,Payment Reminder – Invoice Due,sent,null,2026-06-08 11:41:15.193796+00,2026-06-08 11:41:24.88+00
7058059d-025e-4d8f-a192-3cee74208c74,00000000-0000-0000-0000-000000000001,2735140f-ae10-4e65-88b0-1c034d7fa0d3,announcement,null,aa88d180-8c53-dbe4-70de-ecf38130d3ce,Payment Reminder – Invoice Due,sent,null,2026-06-08 11:41:15.193796+00,2026-06-08 11:41:26.517+00
75bc0c01-a0f6-4521-bbd2-64e742bd9e6e,00000000-0000-0000-0000-000000000001,2735140f-ae10-4e65-88b0-1c034d7fa0d3,announcement,null,5b45a840-9d6c-242e-0e2f-2e2c972c2eec,Payment Reminder – Invoice Due,sent,null,2026-06-08 11:41:15.193796+00,2026-06-08 11:41:24.88+00
7e94b879-1a56-43ca-932c-af86b758986f,00000000-0000-0000-0000-000000000001,2735140f-ae10-4e65-88b0-1c034d7fa0d3,announcement,null,890b32d9-f754-8150-5a18-8a21fcdf3828,Payment Reminder – Invoice Due,sent,null,2026-06-08 11:41:15.193796+00,2026-06-08 11:41:24.88+00
8278037f-2405-4a1b-8d20-8b010b3c2ee7,00000000-0000-0000-0000-000000000001,2735140f-ae10-4e65-88b0-1c034d7fa0d3,announcement,null,38069f8b-d44e-0b86-a0d1-dafac5ae1232,Payment Reminder – Invoice Due,sent,null,2026-06-08 11:41:15.193796+00,2026-06-08 11:41:27.862+00
85c77015-e0b0-45c1-a819-91c22695e3ab,00000000-0000-0000-0000-000000000001,2735140f-ae10-4e65-88b0-1c034d7fa0d3,announcement,null,6d60a9d5-34ce-4336-9c23-231057dffa71,Payment Reminder – Invoice Due,sent,null,2026-06-08 11:41:15.193796+00,2026-06-08 11:41:26.517+00
888e11c2-7ba9-4956-8fc6-314225c0cc8c,00000000-0000-0000-0000-000000000001,2735140f-ae10-4e65-88b0-1c034d7fa0d3,announcement,null,38305983-db92-2c3c-7949-96f7ca7833eb,Payment Reminder – Invoice Due,sent,null,2026-06-08 11:41:15.193796+00,2026-06-08 11:41:27.862+00
8a6f8381-2c54-49e3-a00a-d133e434d782,00000000-0000-0000-0000-000000000001,2735140f-ae10-4e65-88b0-1c034d7fa0d3,announcement,null,b4a50439-db13-dc26-d980-eb079b321460,Payment Reminder – Invoice Due,sent,null,2026-06-08 11:41:15.193796+00,2026-06-08 11:41:24.88+00
8a7e765b-3f52-4511-a34e-d2d5fd17d426,00000000-0000-0000-0000-000000000001,2735140f-ae10-4e65-88b0-1c034d7fa0d3,announcement,null,83af11b3-a274-7404-3265-ec658f74f8cf,Payment Reminder – Invoice Due,sent,null,2026-06-08 11:41:15.193796+00,2026-06-08 11:51:57.631+00
8d8393b6-3f58-4a0f-aa84-c84a16ff62ed,00000000-0000-0000-0000-000000000001,2735140f-ae10-4e65-88b0-1c034d7fa0d3,announcement,null,be68c44d-d4d2-478a-7b1e-c9c3fefac406,Payment Reminder – Invoice Due,sent,null,2026-06-08 11:41:15.193796+00,2026-06-08 11:51:57.195+00
9344e42f-b92e-42e6-bfb8-235647dfd3c7,00000000-0000-0000-0000-000000000001,2735140f-ae10-4e65-88b0-1c034d7fa0d3,announcement,null,89d188b4-94a9-2f97-e068-155ed8ec3f5e,Payment Reminder – Invoice Due,sent,null,2026-06-08 11:41:15.193796+00,2026-06-08 11:41:26.517+00
9935af6d-bc2c-4cc1-aa65-5a84ad048e11,00000000-0000-0000-0000-000000000001,2735140f-ae10-4e65-88b0-1c034d7fa0d3,announcement,null,b0a6f0b5-9fd8-112e-2bfa-24fa8a25779b,Payment Reminder – Invoice Due,sent,null,2026-06-08 11:41:15.193796+00,2026-06-08 11:41:23.26+00
a228509a-4f88-4186-8d82-7284a14d4592,00000000-0000-0000-0000-000000000001,2735140f-ae10-4e65-88b0-1c034d7fa0d3,announcement,null,11e96dd2-92f4-f793-56db-439d5b3de156,Payment Reminder – Invoice Due,sent,null,2026-06-08 11:41:15.193796+00,2026-06-08 11:41:26.517+00
a655c501-2d40-4342-96dc-647d6a02f25a,00000000-0000-0000-0000-000000000001,2735140f-ae10-4e65-88b0-1c034d7fa0d3,announcement,null,ec54c666-5b64-42fd-9eb8-880606816c1e,Payment Reminder – Invoice Due,sent,null,2026-06-08 11:41:15.193796+00,2026-06-08 11:41:26.517+00
a8e34bfc-80e5-425b-a336-fe11aac47b59,00000000-0000-0000-0000-000000000001,2735140f-ae10-4e65-88b0-1c034d7fa0d3,announcement,null,9541a16d-d020-eb78-80f1-a4a2d4b7775f,Payment Reminder – Invoice Due,sent,null,2026-06-08 11:41:15.193796+00,2026-06-08 11:41:23.26+00
aa0218c8-397d-41d1-8f99-4e6a5d5236e0,00000000-0000-0000-0000-000000000001,2735140f-ae10-4e65-88b0-1c034d7fa0d3,announcement,null,080eae03-9f65-4515-aec2-8924472923dd,Payment Reminder – Invoice Due,sent,null,2026-06-08 11:41:15.193796+00,2026-06-08 11:41:26.517+00
b40fc032-505d-451f-aed3-3109b9173f59,00000000-0000-0000-0000-000000000001,2735140f-ae10-4e65-88b0-1c034d7fa0d3,announcement,null,79e31f6f-69dc-a40c-27d7-3f076878f83c,Payment Reminder – Invoice Due,sent,null,2026-06-08 11:41:15.193796+00,2026-06-08 11:51:57.744+00
b60040cd-620b-49f8-a321-b219d155da90,00000000-0000-0000-0000-000000000001,2735140f-ae10-4e65-88b0-1c034d7fa0d3,announcement,null,f91c2854-a88b-4630-b2a6-c48401e4dd14,Payment Reminder – Invoice Due,sent,null,2026-06-08 11:41:15.193796+00,2026-06-08 11:41:24.88+00
babe3f80-dae8-4d77-8397-d51c51d04db4,00000000-0000-0000-0000-000000000001,2735140f-ae10-4e65-88b0-1c034d7fa0d3,announcement,null,d6399dd9-db95-454d-8705-856132cdb66b,Payment Reminder – Invoice Due,sent,null,2026-06-08 11:41:15.193796+00,2026-06-08 11:41:26.517+00
bcdc5145-fa85-460b-a7d3-acf41fc67bc5,00000000-0000-0000-0000-000000000001,2735140f-ae10-4e65-88b0-1c034d7fa0d3,announcement,null,062b56c4-c469-4ef7-b4e6-9615dd770ec9,Payment Reminder – Invoice Due,sent,null,2026-06-08 11:41:15.193796+00,2026-06-08 11:41:26.517+00
c12146dd-3ffa-4970-9707-273e34ccdb84,00000000-0000-0000-0000-000000000001,2735140f-ae10-4e65-88b0-1c034d7fa0d3,announcement,null,bdcc24e3-6077-3ea9-b25e-2747d0f07be7,Payment Reminder – Invoice Due,sent,null,2026-06-08 11:41:15.193796+00,2026-06-08 11:41:24.88+00
c27f26b6-88ba-4c8d-abad-017882ec4d06,00000000-0000-0000-0000-000000000001,2735140f-ae10-4e65-88b0-1c034d7fa0d3,announcement,null,af12a12c-92bf-088b-3073-292fe4dfc478,Payment Reminder – Invoice Due,sent,null,2026-06-08 11:41:15.193796+00,2026-06-08 11:41:26.517+00
c4c36ff4-9ed4-4c77-8a00-d24ea1d44b3e,00000000-0000-0000-0000-000000000001,2735140f-ae10-4e65-88b0-1c034d7fa0d3,announcement,null,11316c38-dc08-4983-3588-fcadd88bd5d2,Payment Reminder – Invoice Due,sent,null,2026-06-08 11:41:15.193796+00,2026-06-08 11:41:24.88+00
c84ba72c-afb3-48ab-a96f-779fa492e01a,00000000-0000-0000-0000-000000000001,2735140f-ae10-4e65-88b0-1c034d7fa0d3,announcement,null,3b02f95a-b47e-1037-4f8a-f2f31e35c98e,Payment Reminder – Invoice Due,sent,null,2026-06-08 11:41:15.193796+00,2026-06-08 11:41:24.88+00
cae1c178-ea9e-401f-80f1-2a8531da1d98,00000000-0000-0000-0000-000000000001,2735140f-ae10-4e65-88b0-1c034d7fa0d3,announcement,null,855f3f6a-72ae-46f4-4cc2-a9a0d5df5b70,Payment Reminder – Invoice Due,sent,null,2026-06-08 11:41:15.193796+00,2026-06-08 11:51:56.314+00
cbca743e-e96c-4f4a-808c-ee6e8be40bee,00000000-0000-0000-0000-000000000001,2735140f-ae10-4e65-88b0-1c034d7fa0d3,announcement,null,c0791d4c-9325-bf1b-30af-7af648c26338,Payment Reminder – Invoice Due,sent,null,2026-06-08 11:41:15.193796+00,2026-06-08 11:41:24.88+00
cf69c5e9-2fa9-4d18-8dec-2356e03aef2e,00000000-0000-0000-0000-000000000001,2735140f-ae10-4e65-88b0-1c034d7fa0d3,announcement,null,8334eb99-0bc0-3c80-9ff8-83bea3d7b5ef,Payment Reminder – Invoice Due,sent,null,2026-06-08 11:41:15.193796+00,2026-06-08 11:41:23.26+00
d11b2270-d7c4-472f-9b74-3c1885995fa8,00000000-0000-0000-0000-000000000001,2735140f-ae10-4e65-88b0-1c034d7fa0d3,announcement,null,af8d560f-407a-4e9b-49e9-88f54d8671f4,Payment Reminder – Invoice Due,sent,null,2026-06-08 11:41:15.193796+00,2026-06-08 11:41:23.26+00
d41dc2e3-7613-4179-b618-624492ca98be,00000000-0000-0000-0000-000000000001,2735140f-ae10-4e65-88b0-1c034d7fa0d3,announcement,null,8e39a9bd-3317-b2a6-22a6-16fa4cab9632,Payment Reminder – Invoice Due,sent,null,2026-06-08 11:41:15.193796+00,2026-06-08 11:41:26.517+00
d78258c2-7141-482b-837e-af8b53a7bc6e,00000000-0000-0000-0000-000000000001,2735140f-ae10-4e65-88b0-1c034d7fa0d3,announcement,null,3d18aa61-88d3-4390-b5d3-db4cb2e31e11,Payment Reminder – Invoice Due,sent,null,2026-06-08 11:41:15.193796+00,2026-06-08 11:41:26.517+00
d931ea85-c3bf-44be-a9a9-38d0e1197856,00000000-0000-0000-0000-000000000001,2735140f-ae10-4e65-88b0-1c034d7fa0d3,announcement,null,1fc0c3bb-f35c-8d5d-a4fa-a9c1723cd8ab,Payment Reminder – Invoice Due,sent,null,2026-06-08 11:41:15.193796+00,2026-06-08 11:41:26.517+00
e4437d78-f85c-423d-bba1-4980212d30be,00000000-0000-0000-0000-000000000001,2735140f-ae10-4e65-88b0-1c034d7fa0d3,announcement,null,398396b1-f339-683b-4307-b3441615b82a,Payment Reminder – Invoice Due,sent,null,2026-06-08 11:41:15.193796+00,2026-06-08 11:41:27.862+00
e558dd67-13ec-4ea9-a542-8058f40dc60d,00000000-0000-0000-0000-000000000001,2735140f-ae10-4e65-88b0-1c034d7fa0d3,announcement,null,5e901269-d116-cf62-7661-df859f5b02dc,Payment Reminder – Invoice Due,sent,null,2026-06-08 11:41:15.193796+00,2026-06-08 11:41:27.862+00
e64ccb43-da97-4143-a67f-396b9acf6a96,00000000-0000-0000-0000-000000000001,2735140f-ae10-4e65-88b0-1c034d7fa0d3,announcement,null,d225973a-f437-d98e-4e24-0fb32a7bfbe8,Payment Reminder – Invoice Due,sent,null,2026-06-08 11:41:15.193796+00,2026-06-08 11:41:24.88+00
f3317967-d583-4bb9-9141-c836741ff4c5,00000000-0000-0000-0000-000000000001,2735140f-ae10-4e65-88b0-1c034d7fa0d3,announcement,null,1287ac56-adee-78b5-6a6b-56b3e8dd7d48,Payment Reminder – Invoice Due,sent,null,2026-06-08 11:41:15.193796+00,2026-06-08 11:41:27.862+00
f38e99dd-2a4e-405d-8d64-1cf754453dc9,00000000-0000-0000-0000-000000000001,2735140f-ae10-4e65-88b0-1c034d7fa0d3,announcement,null,f2a00e3d-de04-40a3-6f41-a3ebfcab4a3c,Payment Reminder – Invoice Due,sent,null,2026-06-08 11:41:15.193796+00,2026-06-08 11:41:24.88+00
f3b81847-be62-44e7-b661-d46fdd7fe4ff,00000000-0000-0000-0000-000000000001,2735140f-ae10-4e65-88b0-1c034d7fa0d3,announcement,null,55ca6f7c-112a-ec33-7c1c-987508bc9e41,Payment Reminder – Invoice Due,sent,null,2026-06-08 11:41:15.193796+00,2026-06-08 11:41:27.862+00
f70a7dd0-8bb3-423b-b841-1d3220d5eb77,00000000-0000-0000-0000-000000000001,2735140f-ae10-4e65-88b0-1c034d7fa0d3,announcement,null,03ce56c0-8798-b95d-7125-311b80363e74,Payment Reminder – Invoice Due,sent,null,2026-06-08 11:41:15.193796+00,2026-06-08 11:51:56.873+00
ffd1a85a-bd30-4e38-8310-5bfdb7fafbce,00000000-0000-0000-0000-000000000001,2735140f-ae10-4e65-88b0-1c034d7fa0d3,announcement,null,8996897f-e383-4fca-87f9-654e1b14b3c2,Payment Reminder – Invoice Due,sent,null,2026-06-08 11:41:15.193796+00,2026-06-08 11:41:24.88+00
0c974032-d3ee-4302-a40a-c955aa3639f3,00000000-0000-0000-0000-000000000001,2735140f-ae10-4e65-88b0-1c034d7fa0d3,announcement,null,2794ccf7-4966-f00d-35d6-34ac17db73ea,Payment Reminder – Invoice Due,sent,null,2026-06-08 11:41:15.368891+00,2026-06-08 11:41:29.122+00
1c99b5b4-0ecc-4c21-bb5a-0f25bf7df048,00000000-0000-0000-0000-000000000001,2735140f-ae10-4e65-88b0-1c034d7fa0d3,announcement,null,d6d33436-345a-e39c-9f8d-91c76dca514e,Payment Reminder – Invoice Due,sent,null,2026-06-08 11:41:15.368891+00,2026-06-08 11:41:27.862+00
20cfc4b8-5a22-4cc8-9f02-e5c71acf293f,00000000-0000-0000-0000-000000000001,2735140f-ae10-4e65-88b0-1c034d7fa0d3,announcement,null,31f3f7a3-5dc4-21cd-ba54-b41347a7822a,Payment Reminder – Invoice Due,sent,null,2026-06-08 11:41:15.368891+00,2026-06-08 11:41:29.122+00
27145f49-9d02-4872-8d09-0c8c1c37676e,00000000-0000-0000-0000-000000000001,2735140f-ae10-4e65-88b0-1c034d7fa0d3,announcement,null,b2f85d5d-acf9-7c53-dc5b-0d3b67b462c5,Payment Reminder – Invoice Due,sent,null,2026-06-08 11:41:15.368891+00,2026-06-08 11:41:29.122+00
2d5867e0-ebce-4871-b0d8-27b8a00c49db,00000000-0000-0000-0000-000000000001,2735140f-ae10-4e65-88b0-1c034d7fa0d3,announcement,null,43774f3c-9ce6-fc78-7857-b8607c3e1966,Payment Reminder – Invoice Due,sent,null,2026-06-08 11:41:15.368891+00,2026-06-08 11:41:29.122+00
38edec47-4ee1-47f0-8844-428c70904cbf,00000000-0000-0000-0000-000000000001,2735140f-ae10-4e65-88b0-1c034d7fa0d3,announcement,null,011b7d1c-5697-5394-c05b-fa0473640657,Payment Reminder – Invoice Due,sent,null,2026-06-08 11:41:15.368891+00,2026-06-08 11:41:29.122+00
3e06aff8-146a-4753-af1c-4cf9ffaa1d76,00000000-0000-0000-0000-000000000001,2735140f-ae10-4e65-88b0-1c034d7fa0d3,announcement,null,f70ae790-e17b-aca8-a21a-82ddd895450b,Payment Reminder – Invoice Due,sent,null,2026-06-08 11:41:15.368891+00,2026-06-08 11:41:27.862+00
4c78e06a-37d5-4ef1-83ac-b7c84097f062,00000000-0000-0000-0000-000000000001,2735140f-ae10-4e65-88b0-1c034d7fa0d3,announcement,null,21e237d1-286e-324e-0cef-45725d629768,Payment Reminder – Invoice Due,sent,null,2026-06-08 11:41:15.368891+00,2026-06-08 11:41:27.862+00
4d628926-a4fd-47d8-961c-9fee82714050,00000000-0000-0000-0000-000000000001,2735140f-ae10-4e65-88b0-1c034d7fa0d3,announcement,null,23f7ef5f-6b26-a104-b616-b438d7e9243c,Payment Reminder – Invoice Due,sent,null,2026-06-08 11:41:15.368891+00,2026-06-08 11:41:29.122+00
52483f2d-9209-4ae8-bc9d-1fe71c2b1a3a,00000000-0000-0000-0000-000000000001,2735140f-ae10-4e65-88b0-1c034d7fa0d3,announcement,null,e17238d1-34ce-0cbb-4dc0-f65e60ff52f7,Payment Reminder – Invoice Due,sent,null,2026-06-08 11:41:15.368891+00,2026-06-08 11:41:27.862+00
5f878411-8c5f-449f-838c-823489d081f4,00000000-0000-0000-0000-000000000001,2735140f-ae10-4e65-88b0-1c034d7fa0d3,announcement,null,22b0be2d-52c5-1127-642d-4f1083b404ca,Payment Reminder – Invoice Due,sent,null,2026-06-08 11:41:15.368891+00,2026-06-08 11:41:29.122+00
696c9fed-5cbc-4bbf-a09a-50fae2eeb492,00000000-0000-0000-0000-000000000001,2735140f-ae10-4e65-88b0-1c034d7fa0d3,announcement,null,733dd472-3b1e-dd43-76e5-082ddfe66c5b,Payment Reminder – Invoice Due,sent,null,2026-06-08 11:41:15.368891+00,2026-06-08 11:51:57.302+00
7617750a-ee11-47b0-864f-67673d7d4683,00000000-0000-0000-0000-000000000001,2735140f-ae10-4e65-88b0-1c034d7fa0d3,announcement,null,6dd50e39-9843-4442-cc09-3b49fbe97fb9,Payment Reminder – Invoice Due,sent,null,2026-06-08 11:41:15.368891+00,2026-06-08 11:41:27.862+00
914d8255-8f4e-4427-9ba7-c71e16f6976e,00000000-0000-0000-0000-000000000001,2735140f-ae10-4e65-88b0-1c034d7fa0d3,announcement,null,4f75b0ca-7bed-c37c-cfd4-1e361a1bb6d4,Payment Reminder – Invoice Due,sent,null,2026-06-08 11:41:15.368891+00,2026-06-08 11:41:29.122+00
98dca578-fb41-4c3e-b83b-851738146e36,00000000-0000-0000-0000-000000000001,2735140f-ae10-4e65-88b0-1c034d7fa0d3,announcement,null,18d86801-3cb7-11d4-8b9d-433429296014,Payment Reminder – Invoice Due,sent,null,2026-06-08 11:41:15.368891+00,2026-06-08 11:41:27.862+00
a2cb0669-9a6b-44c0-9311-79d8c1978cbd,00000000-0000-0000-0000-000000000001,2735140f-ae10-4e65-88b0-1c034d7fa0d3,announcement,null,87a1e515-e2e0-110f-05d1-04f5a83c066a,Payment Reminder – Invoice Due,sent,null,2026-06-08 11:41:15.368891+00,2026-06-08 11:41:29.122+00
cbe16a08-a2bc-489c-a12d-a93d09ee1b91,00000000-0000-0000-0000-000000000001,2735140f-ae10-4e65-88b0-1c034d7fa0d3,announcement,null,510cd475-6538-7d02-413c-1a0f553ba4e6,Payment Reminder – Invoice Due,sent,null,2026-06-08 11:41:15.368891+00,2026-06-08 11:41:29.122+00
cecaf239-719a-478c-9431-cc2988858a65,00000000-0000-0000-0000-000000000001,2735140f-ae10-4e65-88b0-1c034d7fa0d3,announcement,null,1b003ea3-bdcb-0416-c3c2-8ff60f2f65f5,Payment Reminder – Invoice Due,sent,null,2026-06-08 11:41:15.368891+00,2026-06-08 11:41:29.122+00
d3bd874b-2881-4cb4-8e24-d1ea2ff996f4,00000000-0000-0000-0000-000000000001,2735140f-ae10-4e65-88b0-1c034d7fa0d3,announcement,null,b0348aa8-ad9f-d0dd-94e8-c71a6627c930,Payment Reminder – Invoice Due,sent,null,2026-06-08 11:41:15.368891+00,2026-06-08 11:41:29.122+00
e84b958f-d684-45de-b85c-51b29f7c4c62,00000000-0000-0000-0000-000000000001,2735140f-ae10-4e65-88b0-1c034d7fa0d3,announcement,null,cf1318a5-0564-4af6-d90e-c3e76de1ef08,Payment Reminder – Invoice Due,sent,null,2026-06-08 11:41:15.368891+00,2026-06-08 11:41:29.122+00
eb2e2f77-d257-450c-b753-c43180dca366,00000000-0000-0000-0000-000000000001,2735140f-ae10-4e65-88b0-1c034d7fa0d3,announcement,null,ec6bd398-2413-2c67-18db-10bdd92ee4f9,Payment Reminder – Invoice Due,sent,null,2026-06-08 11:41:15.368891+00,2026-06-08 11:41:29.122+00
f254517c-327d-480b-b673-5ca68ef4f91d,00000000-0000-0000-0000-000000000001,2735140f-ae10-4e65-88b0-1c034d7fa0d3,announcement,null,26b16f30-da65-8aa3-d1ec-4867ac2a8f35,Payment Reminder – Invoice Due,sent,null,2026-06-08 11:41:15.368891+00,2026-06-08 11:41:27.862+00
007b2cc0-32f8-459e-bdf0-21edf12c65a2,00000000-0000-0000-0000-000000000001,a831ae3f-6bcb-41aa-8e9f-400ae641cd02,announcement,null,9c88cc60-ea13-4dd1-9930-ca14ff0c6aa0,Formal remaider,sent,null,2026-06-08 11:50:23.409284+00,2026-06-08 11:50:28.208+00
04439ea5-a17f-475f-b991-9e04a531e692,00000000-0000-0000-0000-000000000001,a831ae3f-6bcb-41aa-8e9f-400ae641cd02,announcement,null,9e188cc2-9f75-4d15-8fa3-9348236cae71,Formal remaider,sent,null,2026-06-08 11:50:23.409284+00,2026-06-08 11:50:26.016+00
055e0f9a-47c0-4062-b9bc-f4e3844d04f5,00000000-0000-0000-0000-000000000001,a831ae3f-6bcb-41aa-8e9f-400ae641cd02,announcement,null,491b8136-32a1-37c5-5253-b53ff3991d86,Formal remaider,sent,null,2026-06-08 11:50:23.409284+00,2026-06-08 11:50:28.208+00
057ab088-6b99-48d6-8554-c1a9a0baa699,00000000-0000-0000-0000-000000000001,a831ae3f-6bcb-41aa-8e9f-400ae641cd02,announcement,null,04ba1c6f-6c06-819d-9ecc-a0c5f795b922,Formal remaider,sent,null,2026-06-08 11:50:23.409284+00,2026-06-08 11:50:29.605+00
0600a946-4e4f-41f1-a72b-10ea85cf3f10,00000000-0000-0000-0000-000000000001,a831ae3f-6bcb-41aa-8e9f-400ae641cd02,announcement,null,55e6e452-fae2-a5ac-3c12-21424bffbcac,Formal remaider,sent,null,2026-06-08 11:50:23.409284+00,2026-06-08 11:50:26.016+00
080750c5-f04d-4684-bbfb-b4dc94679018,00000000-0000-0000-0000-000000000001,a831ae3f-6bcb-41aa-8e9f-400ae641cd02,announcement,null,950dd22f-78fa-d205-48b3-fe5a5cc7438e,Formal remaider,sent,null,2026-06-08 11:50:23.409284+00,2026-06-08 11:50:29.605+00
0a35886b-1dba-4f8c-8cbb-3afca4f16717,00000000-0000-0000-0000-000000000001,a831ae3f-6bcb-41aa-8e9f-400ae641cd02,announcement,null,53416e34-aaed-471f-937d-0fea74c444b8,Formal remaider,sent,null,2026-06-08 11:50:23.409284+00,2026-06-08 11:50:26.016+00
0b917917-3e3e-473e-b0c8-e6937b6392d7,00000000-0000-0000-0000-000000000001,a831ae3f-6bcb-41aa-8e9f-400ae641cd02,announcement,null,8b48adf3-c14a-fa6d-9785-b4bcb35f8fbb,Formal remaider,sent,null,2026-06-08 11:50:23.409284+00,2026-06-08 11:50:31.614+00
12cf2f15-d7e0-4302-9fa9-b8f7b3b6e13f,00000000-0000-0000-0000-000000000001,a831ae3f-6bcb-41aa-8e9f-400ae641cd02,announcement,null,f9eb9b23-5f60-4ec4-b990-8313323bb759,Formal remaider,sent,null,2026-06-08 11:50:23.409284+00,2026-06-08 11:50:28.208+00
13a1ade4-570c-40fc-8339-816b2f411058,00000000-0000-0000-0000-000000000001,a831ae3f-6bcb-41aa-8e9f-400ae641cd02,announcement,null,77dd12b8-a20b-05c8-2372-79ba1b1624a9,Formal remaider,sent,null,2026-06-08 11:50:23.409284+00,2026-06-08 11:50:29.605+00
145e03ed-4bb9-4337-b497-cc8db919fe66,00000000-0000-0000-0000-000000000001,a831ae3f-6bcb-41aa-8e9f-400ae641cd02,announcement,null,2631ddfd-660e-8719-1876-82cf88e13a60,Formal remaider,sent,null,2026-06-08 11:50:23.409284+00,2026-06-08 11:50:31.614+00
146a8266-407e-495c-a7ef-3793e1d40725,00000000-0000-0000-0000-000000000001,a831ae3f-6bcb-41aa-8e9f-400ae641cd02,announcement,null,a267e3ee-ef69-4d54-8414-357c81b2eb3c,Formal remaider,sent,null,2026-06-08 11:50:23.409284+00,2026-06-08 11:50:31.614+00
16a70654-aa36-42bd-868e-a5151f142211,00000000-0000-0000-0000-000000000001,a831ae3f-6bcb-41aa-8e9f-400ae641cd02,announcement,null,2c05db07-e980-4d52-a524-1b1ee5185554,Formal remaider,sent,null,2026-06-08 11:50:23.409284+00,2026-06-08 11:50:28.208+00
181389a3-22f7-4ffb-93a5-940bd6f49c94,00000000-0000-0000-0000-000000000001,a831ae3f-6bcb-41aa-8e9f-400ae641cd02,announcement,null,cda37b51-1bbc-af0d-a560-49af88fdc751,Formal remaider,sent,null,2026-06-08 11:50:23.409284+00,2026-06-08 11:50:26.016+00
18eefd7a-3e60-4847-bc02-3d6190af3ff9,00000000-0000-0000-0000-000000000001,a831ae3f-6bcb-41aa-8e9f-400ae641cd02,announcement,null,9653a402-ff75-bbdf-8cc6-1cb0ca01f233,Formal remaider,sent,null,2026-06-08 11:50:23.409284+00,2026-06-08 11:50:29.605+00
1cf45983-5152-4e9e-bdc6-2419a7595da5,00000000-0000-0000-0000-000000000001,a831ae3f-6bcb-41aa-8e9f-400ae641cd02,announcement,null,2ba81159-3fd3-401a-b806-4cf09e7dce86,Formal remaider,sent,null,2026-06-08 11:50:23.409284+00,2026-06-08 11:53:32.562+00
209d3675-0c0a-4125-8a2a-40ae40c9b8b1,00000000-0000-0000-0000-000000000001,a831ae3f-6bcb-41aa-8e9f-400ae641cd02,announcement,null,389859df-460c-4966-a71d-eb7bbebae67b,Formal remaider,sent,null,2026-06-08 11:50:23.409284+00,2026-06-08 11:50:29.605+00
23bf8846-5c3f-4ce9-9b8d-88c93e0c7073,00000000-0000-0000-0000-000000000001,a831ae3f-6bcb-41aa-8e9f-400ae641cd02,announcement,null,3b27dc97-dafa-0480-7b61-5549a3ea7eee,Formal remaider,sent,null,2026-06-08 11:50:23.409284+00,2026-06-08 11:50:26.016+00
25d41620-2e4f-4d55-b913-7bc965a7da80,00000000-0000-0000-0000-000000000001,a831ae3f-6bcb-41aa-8e9f-400ae641cd02,announcement,null,d2449d75-0593-4deb-a6c2-fae99fc83ab0,Formal remaider,sent,null,2026-06-08 11:50:23.409284+00,2026-06-08 11:50:26.016+00
288b226c-ef5a-41ba-9089-bb01bc505def,00000000-0000-0000-0000-000000000001,a831ae3f-6bcb-41aa-8e9f-400ae641cd02,announcement,null,1932ea80-c6eb-874e-eca8-12410fa7a608,Formal remaider,sent,null,2026-06-08 11:50:23.409284+00,2026-06-08 11:50:26.016+00
4385a867-5ab9-4c85-a267-8454ca5177a0,00000000-0000-0000-0000-000000000001,a831ae3f-6bcb-41aa-8e9f-400ae641cd02,announcement,null,791c16c3-5afa-4081-a47c-53439979e5b3,Formal remaider,sent,null,2026-06-08 11:50:23.409284+00,2026-06-08 11:50:26.016+00
445f02c6-aba1-4fdf-917a-da63cee26665,00000000-0000-0000-0000-000000000001,a831ae3f-6bcb-41aa-8e9f-400ae641cd02,announcement,null,d257c87f-0e42-048c-8409-362e925d86fc,Formal remaider,sent,null,2026-06-08 11:50:23.409284+00,2026-06-08 11:50:29.605+00
47fb0bda-2d41-4dc6-bed9-d5abbcd9387b,00000000-0000-0000-0000-000000000001,a831ae3f-6bcb-41aa-8e9f-400ae641cd02,announcement,null,c49181cd-07c5-4c6a-a996-4146d002c886,Formal remaider,sent,null,2026-06-08 11:50:23.409284+00,2026-06-08 11:50:26.016+00
4a06827f-cadb-4dd0-8dc7-5014557e2a63,00000000-0000-0000-0000-000000000001,a831ae3f-6bcb-41aa-8e9f-400ae641cd02,announcement,null,ba8dd5e0-ed0e-8b6a-7098-2732476feb31,Formal remaider,sent,null,2026-06-08 11:50:23.409284+00,2026-06-08 11:50:31.614+00
4de79968-bac4-45dd-a7c3-5ff13bae0e12,00000000-0000-0000-0000-000000000001,a831ae3f-6bcb-41aa-8e9f-400ae641cd02,announcement,null,cb2574c2-6caf-4598-82dc-12b9569a6451,Formal remaider,sent,null,2026-06-08 11:50:23.409284+00,2026-06-08 11:50:29.605+00
502d5705-fc0c-412d-b402-fef2cddb79bf,00000000-0000-0000-0000-000000000001,a831ae3f-6bcb-41aa-8e9f-400ae641cd02,announcement,null,25ef6338-6197-45a8-82d9-ddd0a846f1b2,Formal remaider,sent,null,2026-06-08 11:50:23.409284+00,2026-06-08 11:50:29.605+00
53a71cd6-7c72-46d8-a5d1-780c1c38cc13,00000000-0000-0000-0000-000000000001,a831ae3f-6bcb-41aa-8e9f-400ae641cd02,announcement,null,4628a4bf-d4c5-9e5d-471c-271b9f3e7d03,Formal remaider,sent,null,2026-06-08 11:50:23.409284+00,2026-06-08 11:50:29.605+00
54685463-80ab-43a3-a566-69ae72e3921b,00000000-0000-0000-0000-000000000001,a831ae3f-6bcb-41aa-8e9f-400ae641cd02,announcement,null,d8c4b3c5-9b2a-4c6e-b1e8-0a98c9175234,Formal remaider,sent,null,2026-06-08 11:50:23.409284+00,2026-06-08 11:50:28.208+00
5e13457a-031d-495c-86f4-713f2a7c2450,00000000-0000-0000-0000-000000000001,a831ae3f-6bcb-41aa-8e9f-400ae641cd02,announcement,null,94927866-7ca0-4311-b799-972822792cb8,Formal remaider,sent,null,2026-06-08 11:50:23.409284+00,2026-06-08 11:50:29.605+00
61a4af72-77ef-4337-b62e-219a738299b8,00000000-0000-0000-0000-000000000001,a831ae3f-6bcb-41aa-8e9f-400ae641cd02,announcement,null,8709ca2e-a8a6-48a4-b8ce-e813c4796ab9,Formal remaider,sent,null,2026-06-08 11:50:23.409284+00,2026-06-08 11:50:26.016+00
68032ad6-d03c-4c35-be66-abcd0d320007,00000000-0000-0000-0000-000000000001,a831ae3f-6bcb-41aa-8e9f-400ae641cd02,announcement,null,8123af5e-305b-80f8-20db-4d54b7f628c7,Formal remaider,sent,null,2026-06-08 11:50:23.409284+00,2026-06-08 11:50:29.605+00
6b40d938-2e3f-4c84-ada0-1eb57f4ece94,00000000-0000-0000-0000-000000000001,a831ae3f-6bcb-41aa-8e9f-400ae641cd02,announcement,null,2ac2da6e-0954-f906-32d7-a1f55477c590,Formal remaider,sent,null,2026-06-08 11:50:23.409284+00,2026-06-08 11:50:26.016+00
6c1924c2-382b-433b-9c9b-b1ba7b4f9eba,00000000-0000-0000-0000-000000000001,a831ae3f-6bcb-41aa-8e9f-400ae641cd02,announcement,null,83f51f9d-9d36-eda9-e7fb-5b1badbbd5d9,Formal remaider,sent,null,2026-06-08 11:50:23.409284+00,2026-06-08 11:50:26.016+00
6df195fb-3c86-4ba4-b55d-e0eec263a584,00000000-0000-0000-0000-000000000001,a831ae3f-6bcb-41aa-8e9f-400ae641cd02,announcement,null,521635f8-15aa-4ce1-ab2f-276095cbbe1a,Formal remaider,sent,null,2026-06-08 11:50:23.409284+00,2026-06-08 11:50:28.208+00
70b7c988-74e4-4544-b50a-f6a4f74b3b1a,00000000-0000-0000-0000-000000000001,a831ae3f-6bcb-41aa-8e9f-400ae641cd02,announcement,null,f38ac232-fe6f-44f8-955c-18c46b4db738,Formal remaider,sent,null,2026-06-08 11:50:23.409284+00,2026-06-08 11:50:28.208+00
7755d820-c786-4537-a873-180146e69769,00000000-0000-0000-0000-000000000001,a831ae3f-6bcb-41aa-8e9f-400ae641cd02,announcement,null,104a66bf-0d87-2acc-ec03-a73d1c1cfd53,Formal remaider,sent,null,2026-06-08 11:50:23.409284+00,2026-06-08 11:53:32.369+00
7858bd8a-b6a9-4647-a993-57c614ee8319,00000000-0000-0000-0000-000000000001,a831ae3f-6bcb-41aa-8e9f-400ae641cd02,announcement,null,417cb75b-9992-4df9-28ae-ad4d2313621f,Formal remaider,sent,null,2026-06-08 11:50:23.409284+00,2026-06-08 11:53:32.364+00
80e3fb7b-ee52-48f9-9378-ebe5c917a470,00000000-0000-0000-0000-000000000001,a831ae3f-6bcb-41aa-8e9f-400ae641cd02,announcement,null,706ec709-36e3-4de0-a55a-522efd0b3957,Formal remaider,sent,null,2026-06-08 11:50:23.409284+00,2026-06-08 11:50:31.614+00
8346898f-c2d7-4124-a7a5-150d98d98d22,00000000-0000-0000-0000-000000000001,a831ae3f-6bcb-41aa-8e9f-400ae641cd02,announcement,null,1bc75090-ac1a-44a6-bb22-f211aca7c760,Formal remaider,sent,null,2026-06-08 11:50:23.409284+00,2026-06-08 11:50:29.605+00
87c980fe-c6d4-441a-b812-31a661ad2ed1,00000000-0000-0000-0000-000000000001,a831ae3f-6bcb-41aa-8e9f-400ae641cd02,announcement,null,86cd2239-fa55-0389-437e-e8fd505dc931,Formal remaider,sent,null,2026-06-08 11:50:23.409284+00,2026-06-08 11:50:28.208+00
8b171098-594e-4eaf-b429-80fb3aee200b,00000000-0000-0000-0000-000000000001,a831ae3f-6bcb-41aa-8e9f-400ae641cd02,announcement,null,4505ca5d-0961-03c9-5943-ffda2a5ae270,Formal remaider,sent,null,2026-06-08 11:50:23.409284+00,2026-06-08 11:50:26.016+00
8c2f22fa-0b98-4590-a6fb-1723b11b4b7f,00000000-0000-0000-0000-000000000001,a831ae3f-6bcb-41aa-8e9f-400ae641cd02,announcement,null,93eb3d6a-d35b-ef1f-83b8-7430b6ad1674,Formal remaider,sent,null,2026-06-08 11:50:23.409284+00,2026-06-08 11:50:29.605+00
8def8b54-de33-42e1-816a-08a5f32c4097,00000000-0000-0000-0000-000000000001,a831ae3f-6bcb-41aa-8e9f-400ae641cd02,announcement,null,d6d6b302-4f36-4d0b-8751-2dceccd295bd,Formal remaider,sent,null,2026-06-08 11:50:23.409284+00,2026-06-08 11:50:28.208+00
96ddd7d0-387f-443c-808e-bbef62a284fd,00000000-0000-0000-0000-000000000001,a831ae3f-6bcb-41aa-8e9f-400ae641cd02,announcement,null,be84008a-74d3-3cc1-6fd6-bcef998f7bff,Formal remaider,sent,null,2026-06-08 11:50:23.409284+00,2026-06-08 11:50:28.208+00
9a5745fe-95fc-462c-b143-edc9a046d604,00000000-0000-0000-0000-000000000001,a831ae3f-6bcb-41aa-8e9f-400ae641cd02,announcement,null,bb91db20-f031-af83-8e52-9b613ace7567,Formal remaider,sent,null,2026-06-08 11:50:23.409284+00,2026-06-08 11:50:29.605+00
9df4b974-5e00-4f08-abd6-d06c36126fbb,00000000-0000-0000-0000-000000000001,a831ae3f-6bcb-41aa-8e9f-400ae641cd02,announcement,null,c09e703c-d287-38c8-d1c1-239145e17df9,Formal remaider,sent,null,2026-06-08 11:50:23.409284+00,2026-06-08 11:50:29.605+00
9f7bc006-4438-4260-8a0f-317a95eec362,00000000-0000-0000-0000-000000000001,a831ae3f-6bcb-41aa-8e9f-400ae641cd02,announcement,null,b3002707-86e9-43d5-956d-cf108fb6a23f,Formal remaider,sent,null,2026-06-08 11:50:23.409284+00,2026-06-08 11:50:26.016+00
a22f51f7-2e4b-47af-b55e-c8d931883128,00000000-0000-0000-0000-000000000001,a831ae3f-6bcb-41aa-8e9f-400ae641cd02,announcement,null,8971261e-a813-477f-94c0-0a9661dc4c34,Formal remaider,sent,null,2026-06-08 11:50:23.409284+00,2026-06-08 11:50:29.605+00
a262b35d-fb91-48aa-9ad6-48a220f57c39,00000000-0000-0000-0000-000000000001,a831ae3f-6bcb-41aa-8e9f-400ae641cd02,announcement,null,238b347e-e7e9-b1a3-31a8-a2f8fed99f55,Formal remaider,sent,null,2026-06-08 11:50:23.409284+00,2026-06-08 11:50:31.614+00
a8212f88-d20e-42e0-b8d0-9adfaff05f2e,00000000-0000-0000-0000-000000000001,a831ae3f-6bcb-41aa-8e9f-400ae641cd02,announcement,null,a4ef95bf-1c7c-4c4d-0497-ae38085af6cc,Formal remaider,sent,null,2026-06-08 11:50:23.409284+00,2026-06-08 11:50:31.614+00
a87678f6-b1cb-4185-ab2b-b4f306ebc98b,00000000-0000-0000-0000-000000000001,a831ae3f-6bcb-41aa-8e9f-400ae641cd02,announcement,null,de481a65-2fb4-4974-b7db-0ec990ea852d,Formal remaider,sent,null,2026-06-08 11:50:23.409284+00,2026-06-08 11:50:29.605+00
ab16a06d-f9d5-413e-aa0a-cff851da39b3,00000000-0000-0000-0000-000000000001,a831ae3f-6bcb-41aa-8e9f-400ae641cd02,announcement,null,44bf5771-a669-438c-a190-88aab999cfae,Formal remaider,sent,null,2026-06-08 11:50:23.409284+00,2026-06-08 11:50:28.208+00
af6d8f87-f245-485c-84d3-0c184ae41ed2,00000000-0000-0000-0000-000000000001,a831ae3f-6bcb-41aa-8e9f-400ae641cd02,announcement,null,c3c77367-5f51-f7a7-e667-0e3480f53751,Formal remaider,sent,null,2026-06-08 11:50:23.409284+00,2026-06-08 11:50:28.208+00
afece15a-ed92-4526-b778-1a35355c1486,00000000-0000-0000-0000-000000000001,a831ae3f-6bcb-41aa-8e9f-400ae641cd02,announcement,null,4c4ad4c9-59bf-f152-d0ff-6502ec564cc9,Formal remaider,sent,null,2026-06-08 11:50:23.409284+00,2026-06-08 11:53:32.262+00
b2ebbbf4-2e2b-4ad6-b72d-87a7b310a04f,00000000-0000-0000-0000-000000000001,a831ae3f-6bcb-41aa-8e9f-400ae641cd02,announcement,null,1218c50c-4da4-4f61-baec-5182a25958e3,Formal remaider,sent,null,2026-06-08 11:50:23.409284+00,2026-06-08 11:50:29.605+00
b54206fe-df64-4948-ad66-5c5a66568638,00000000-0000-0000-0000-000000000001,a831ae3f-6bcb-41aa-8e9f-400ae641cd02,announcement,null,d751c131-c1c9-4f5c-88f8-7e4c6cb710b3,Formal remaider,sent,null,2026-06-08 11:50:23.409284+00,2026-06-08 11:50:28.208+00
b6229d09-1993-4913-8106-8b3e1e2e4e94,00000000-0000-0000-0000-000000000001,a831ae3f-6bcb-41aa-8e9f-400ae641cd02,announcement,null,fc8a412e-e0d4-35e1-37fa-5f798b7dc7f4,Formal remaider,sent,null,2026-06-08 11:50:23.409284+00,2026-06-08 11:50:29.605+00
ba25cddc-b7f5-400a-9c41-18495466872c,00000000-0000-0000-0000-000000000001,a831ae3f-6bcb-41aa-8e9f-400ae641cd02,announcement,null,18788fe2-f6a2-826e-2199-6cec118c6d00,Formal remaider,sent,null,2026-06-08 11:50:23.409284+00,2026-06-08 11:50:26.016+00
c08b65f8-19ec-41c6-b03e-d3b1764b9b7e,00000000-0000-0000-0000-000000000001,a831ae3f-6bcb-41aa-8e9f-400ae641cd02,announcement,null,1a171004-7682-1c39-e6a2-758b668c33b0,Formal remaider,sent,null,2026-06-08 11:50:23.409284+00,2026-06-08 11:50:26.016+00
c355edb6-3da8-4116-ae48-5132d1f98ac1,00000000-0000-0000-0000-000000000001,a831ae3f-6bcb-41aa-8e9f-400ae641cd02,announcement,null,5fee0a79-3970-704a-2332-f7c7598e86c1,Formal remaider,sent,null,2026-06-08 11:50:23.409284+00,2026-06-08 11:50:26.016+00
c3db5cf1-4c58-4e37-8906-3f2da9b30906,00000000-0000-0000-0000-000000000001,a831ae3f-6bcb-41aa-8e9f-400ae641cd02,announcement,null,a6037691-771e-8146-3714-f9dedb8acbcc,Formal remaider,sent,null,2026-06-08 11:50:23.409284+00,2026-06-08 11:50:28.208+00
c61f8a01-f72d-4513-8a9e-4f6e63c007ee,00000000-0000-0000-0000-000000000001,a831ae3f-6bcb-41aa-8e9f-400ae641cd02,announcement,null,a7798da2-f8ee-1840-a1f3-f29a9e764b97,Formal remaider,sent,null,2026-06-08 11:50:23.409284+00,2026-06-08 11:53:32.664+00
c97eb155-708f-4078-b687-400337b59ee1,00000000-0000-0000-0000-000000000001,a831ae3f-6bcb-41aa-8e9f-400ae641cd02,announcement,null,a7dadee2-80e3-eba0-084f-5f1847bb3aa4,Formal remaider,sent,null,2026-06-08 11:50:23.409284+00,2026-06-08 11:50:26.016+00
cb882778-56d6-46f1-af7f-04684c71bfbf,00000000-0000-0000-0000-000000000001,a831ae3f-6bcb-41aa-8e9f-400ae641cd02,announcement,null,1261d726-9481-43dd-bac5-f1b158c8ab32,Formal remaider,sent,null,2026-06-08 11:50:23.409284+00,2026-06-08 11:50:29.605+00
ccbb3431-c0b6-4ea9-8676-925505aa97df,00000000-0000-0000-0000-000000000001,a831ae3f-6bcb-41aa-8e9f-400ae641cd02,announcement,null,a467df39-5ec5-465e-a471-e2b54be7bc71,Formal remaider,sent,null,2026-06-08 11:50:23.409284+00,2026-06-08 11:50:26.016+00
d219adf0-ea28-4315-ba83-5a35033bd0ed,00000000-0000-0000-0000-000000000001,a831ae3f-6bcb-41aa-8e9f-400ae641cd02,announcement,null,bcf8ffc1-fd5c-f6ab-0453-7a73c73786dd,Formal remaider,sent,null,2026-06-08 11:50:23.409284+00,2026-06-08 11:50:29.605+00
d76f0e37-9027-4e71-b71a-afd96fd709f5,00000000-0000-0000-0000-000000000001,a831ae3f-6bcb-41aa-8e9f-400ae641cd02,announcement,null,2c1980eb-be51-916e-8f61-1e8fe83afb0c,Formal remaider,sent,null,2026-06-08 11:50:23.409284+00,2026-06-08 11:50:26.016+00
d80840dd-566e-4788-aab7-cdeb129416f2,00000000-0000-0000-0000-000000000001,a831ae3f-6bcb-41aa-8e9f-400ae641cd02,announcement,null,79d4d3fe-73c5-a965-030f-c60220ee20cb,Formal remaider,sent,null,2026-06-08 11:50:23.409284+00,2026-06-08 11:50:26.016+00
db03b039-bb5f-476d-979e-3b24afc0b071,00000000-0000-0000-0000-000000000001,a831ae3f-6bcb-41aa-8e9f-400ae641cd02,announcement,null,1a3b6c74-26e1-7124-0b5c-7f783d71624d,Formal remaider,sent,null,2026-06-08 11:50:23.409284+00,2026-06-08 11:50:28.208+00
dbc84b37-6440-4894-a239-4282dcbc08b2,00000000-0000-0000-0000-000000000001,a831ae3f-6bcb-41aa-8e9f-400ae641cd02,announcement,null,25aa2406-e171-b558-8249-7a525d126d8f,Formal remaider,sent,null,2026-06-08 11:50:23.409284+00,2026-06-08 11:50:26.016+00
dca6712a-abdd-422d-8d0e-23b4b746d5da,00000000-0000-0000-0000-000000000001,a831ae3f-6bcb-41aa-8e9f-400ae641cd02,announcement,null,82be44de-b1d6-4e48-e6bb-33ec98b83c7d,Formal remaider,sent,null,2026-06-08 11:50:23.409284+00,2026-06-08 11:50:29.605+00
e17ad3b3-6ae4-49f4-bf17-15ac835dcbc8,00000000-0000-0000-0000-000000000001,a831ae3f-6bcb-41aa-8e9f-400ae641cd02,announcement,null,df5ea39c-c069-5211-271d-f0d3831adefa,Formal remaider,sent,null,2026-06-08 11:50:23.409284+00,2026-06-08 11:50:31.614+00
e4fbb329-fef1-45ab-816d-aed23d2f0607,00000000-0000-0000-0000-000000000001,a831ae3f-6bcb-41aa-8e9f-400ae641cd02,announcement,null,1dc2bdca-ae79-4cd5-9d74-961c02cce282,Formal remaider,sent,null,2026-06-08 11:50:23.409284+00,2026-06-08 11:50:26.016+00
e89f55de-94ea-4701-92ce-df3e8fd935fc,00000000-0000-0000-0000-000000000001,a831ae3f-6bcb-41aa-8e9f-400ae641cd02,announcement,null,f284b25b-d762-1399-a12e-ba7ffa6b6f97,Formal remaider,sent,null,2026-06-08 11:50:23.409284+00,2026-06-08 11:50:29.605+00
e8db8696-d08f-41a5-bd98-6e8bf7ef6b51,00000000-0000-0000-0000-000000000001,a831ae3f-6bcb-41aa-8e9f-400ae641cd02,announcement,null,51c3d3a9-bfa0-4a8e-a687-3ef46bc022cc,Formal remaider,sent,null,2026-06-08 11:50:23.409284+00,2026-06-08 11:53:32.719+00
ecc5655d-c360-45ed-8d09-fb046ec266b0,00000000-0000-0000-0000-000000000001,a831ae3f-6bcb-41aa-8e9f-400ae641cd02,announcement,null,f295149c-bcb1-4d48-93ce-d2ea593d29c3,Formal remaider,sent,null,2026-06-08 11:50:23.409284+00,2026-06-08 11:50:28.208+00
eddd7174-b41b-4aaa-9872-30a3adfdd840,00000000-0000-0000-0000-000000000001,a831ae3f-6bcb-41aa-8e9f-400ae641cd02,announcement,null,122c395f-56fd-4482-fe33-7fa3c3cd30b5,Formal remaider,sent,null,2026-06-08 11:50:23.409284+00,2026-06-08 11:50:28.208+00
f1c8f6fb-b82f-4d88-99a7-f860b84ce9fd,00000000-0000-0000-0000-000000000001,a831ae3f-6bcb-41aa-8e9f-400ae641cd02,announcement,null,d77b5c1e-605d-6795-5eee-1e2f9b83e069,Formal remaider,sent,null,2026-06-08 11:50:23.409284+00,2026-06-08 11:50:29.605+00
f97e5a56-e4d8-49e4-874e-c6ef8074eb3a,00000000-0000-0000-0000-000000000001,a831ae3f-6bcb-41aa-8e9f-400ae641cd02,announcement,null,5527e05d-475b-45ed-a6f4-284340eed262,Formal remaider,sent,null,2026-06-08 11:50:23.409284+00,2026-06-08 11:50:26.016+00
fd316df3-11ba-40ab-8a99-a632f18eea4f,00000000-0000-0000-0000-000000000001,a831ae3f-6bcb-41aa-8e9f-400ae641cd02,announcement,null,edee54e5-b970-ea10-551f-b156c26d8f0a,Formal remaider,sent,null,2026-06-08 11:50:23.409284+00,2026-06-08 11:50:28.208+00
010c9a5e-28aa-46d2-8636-9739b414632a,00000000-0000-0000-0000-000000000001,a831ae3f-6bcb-41aa-8e9f-400ae641cd02,announcement,null,3e50af3d-452f-d098-b3bc-3c2a64576d55,Formal remaider,sent,null,2026-06-08 11:50:23.603346+00,2026-06-08 11:50:36.676+00
0304148d-6ccd-4e52-abcb-d612165cdf3a,00000000-0000-0000-0000-000000000001,a831ae3f-6bcb-41aa-8e9f-400ae641cd02,announcement,null,6d60a9d5-34ce-4336-9c23-231057dffa71,Formal remaider,sent,null,2026-06-08 11:50:23.603346+00,2026-06-08 11:50:33.395+00
0c109fe3-7f42-431e-bffa-ae82ab7d3fe0,00000000-0000-0000-0000-000000000001,a831ae3f-6bcb-41aa-8e9f-400ae641cd02,announcement,null,4e39608a-6f55-4cc0-ac26-00c939421464,Formal remaider,sent,null,2026-06-08 11:50:23.603346+00,2026-06-08 11:53:32.331+00
0c885d8a-1b84-41c3-a7fe-87a6179ec1bf,00000000-0000-0000-0000-000000000001,a831ae3f-6bcb-41aa-8e9f-400ae641cd02,announcement,null,07734943-434c-4c8b-b1fa-49d7c4e8a7fe,Formal remaider,sent,null,2026-06-08 11:50:23.603346+00,2026-06-08 11:50:33.395+00
1299460b-4ff1-4b0d-9432-d6065c8a3598,00000000-0000-0000-0000-000000000001,a831ae3f-6bcb-41aa-8e9f-400ae641cd02,announcement,null,c02eb961-2471-c285-9c28-fb9a12aaf70a,Formal remaider,sent,null,2026-06-08 11:50:23.603346+00,2026-06-08 11:50:34.907+00
143f2047-9c43-4225-b7f3-2d494d4af0e7,00000000-0000-0000-0000-000000000001,a831ae3f-6bcb-41aa-8e9f-400ae641cd02,announcement,null,aa88d180-8c53-dbe4-70de-ecf38130d3ce,Formal remaider,sent,null,2026-06-08 11:50:23.603346+00,2026-06-08 11:50:33.395+00
16a2e92e-2e8d-48e9-8237-8a360ae348fd,00000000-0000-0000-0000-000000000001,a831ae3f-6bcb-41aa-8e9f-400ae641cd02,announcement,null,5e901269-d116-cf62-7661-df859f5b02dc,Formal remaider,sent,null,2026-06-08 11:50:23.603346+00,2026-06-08 11:50:34.907+00
195fa4cc-f40c-4726-96c0-7e8543823d23,00000000-0000-0000-0000-000000000001,a831ae3f-6bcb-41aa-8e9f-400ae641cd02,announcement,null,19214e19-efc4-4eea-8118-944c998e3ab6,Formal remaider,sent,null,2026-06-08 11:50:23.603346+00,2026-06-08 11:50:31.614+00
1a0e6dd4-8395-4a6e-932f-6f5ec6981940,00000000-0000-0000-0000-000000000001,a831ae3f-6bcb-41aa-8e9f-400ae641cd02,announcement,null,b0a6f0b5-9fd8-112e-2bfa-24fa8a25779b,Formal remaider,sent,null,2026-06-08 11:50:23.603346+00,2026-06-08 11:50:34.907+00
1cf7d70d-04d1-4224-a120-71714b148d6a,00000000-0000-0000-0000-000000000001,a831ae3f-6bcb-41aa-8e9f-400ae641cd02,announcement,null,073e4bd7-f1f1-49d3-604f-c365b9952a6c,Formal remaider,sent,null,2026-06-08 11:50:23.603346+00,2026-06-08 11:50:33.395+00
1d3c5ba5-26f6-4952-bf84-d99b7fdbc771,00000000-0000-0000-0000-000000000001,a831ae3f-6bcb-41aa-8e9f-400ae641cd02,announcement,null,854c86e3-8b7f-0ca8-f4ac-c6a073699611,Formal remaider,sent,null,2026-06-08 11:50:23.603346+00,2026-06-08 11:50:34.907+00
212b8089-6afe-4339-b4cd-95d8d63ce0b1,00000000-0000-0000-0000-000000000001,a831ae3f-6bcb-41aa-8e9f-400ae641cd02,announcement,null,3d18aa61-88d3-4390-b5d3-db4cb2e31e11,Formal remaider,sent,null,2026-06-08 11:50:23.603346+00,2026-06-08 11:50:33.395+00
29660bb5-185b-44e1-ab0b-eef68f950bb4,00000000-0000-0000-0000-000000000001,a831ae3f-6bcb-41aa-8e9f-400ae641cd02,announcement,null,8996897f-e383-4fca-87f9-654e1b14b3c2,Formal remaider,sent,null,2026-06-08 11:50:23.603346+00,2026-06-08 11:50:31.614+00
2d9229c7-56cf-4a79-8b71-daaadc8c7809,00000000-0000-0000-0000-000000000001,a831ae3f-6bcb-41aa-8e9f-400ae641cd02,announcement,null,8334eb99-0bc0-3c80-9ff8-83bea3d7b5ef,Formal remaider,sent,null,2026-06-08 11:50:23.603346+00,2026-06-08 11:50:36.676+00
2e4eee17-4c06-43ff-9857-0565670e79c3,00000000-0000-0000-0000-000000000001,a831ae3f-6bcb-41aa-8e9f-400ae641cd02,announcement,null,cd2c3f97-4df7-b32f-d0c0-12031beae516,Formal remaider,sent,null,2026-06-08 11:50:23.603346+00,2026-06-08 11:53:32.547+00
37296e30-a3eb-4029-9e3a-6636a44f0aa8,00000000-0000-0000-0000-000000000001,a831ae3f-6bcb-41aa-8e9f-400ae641cd02,announcement,null,11316c38-dc08-4983-3588-fcadd88bd5d2,Formal remaider,sent,null,2026-06-08 11:50:23.603346+00,2026-06-08 11:50:36.676+00
3c578378-3283-466a-a5e8-c30781aa31cf,00000000-0000-0000-0000-000000000001,a831ae3f-6bcb-41aa-8e9f-400ae641cd02,announcement,null,630c8120-bdbc-832c-24ca-aca9e6b49891,Formal remaider,sent,null,2026-06-08 11:50:23.603346+00,2026-06-08 11:50:36.676+00
3e3a45af-312a-4bc1-9d15-cb381617f0e4,00000000-0000-0000-0000-000000000001,a831ae3f-6bcb-41aa-8e9f-400ae641cd02,announcement,null,6542b72b-196a-4538-a690-2db7cc212936,Formal remaider,sent,null,2026-06-08 11:50:23.603346+00,2026-06-08 11:50:33.395+00
4059bf9a-3564-4306-87fb-42b36ec42bfe,00000000-0000-0000-0000-000000000001,a831ae3f-6bcb-41aa-8e9f-400ae641cd02,announcement,null,890b32d9-f754-8150-5a18-8a21fcdf3828,Formal remaider,sent,null,2026-06-08 11:50:23.603346+00,2026-06-08 11:50:31.614+00
41550118-1a33-45dc-8303-f8f0f99f6e6c,00000000-0000-0000-0000-000000000001,a831ae3f-6bcb-41aa-8e9f-400ae641cd02,announcement,null,be68c44d-d4d2-478a-7b1e-c9c3fefac406,Formal remaider,sent,null,2026-06-08 11:50:23.603346+00,2026-06-08 11:50:34.907+00
41bb5705-e947-4cf3-951c-633822409196,00000000-0000-0000-0000-000000000001,a831ae3f-6bcb-41aa-8e9f-400ae641cd02,announcement,null,c511ac63-cb7e-1453-92d5-ea4ffba1c360,Formal remaider,sent,null,2026-06-08 11:50:23.603346+00,2026-06-08 11:50:36.676+00
442fa49c-4afc-4a9e-b31a-c65c44cde5b3,00000000-0000-0000-0000-000000000001,a831ae3f-6bcb-41aa-8e9f-400ae641cd02,announcement,null,89d188b4-94a9-2f97-e068-155ed8ec3f5e,Formal remaider,sent,null,2026-06-08 11:50:23.603346+00,2026-06-08 11:50:34.907+00
46590514-297d-473e-b329-651d64bd8bc7,00000000-0000-0000-0000-000000000001,a831ae3f-6bcb-41aa-8e9f-400ae641cd02,announcement,null,55ca6f7c-112a-ec33-7c1c-987508bc9e41,Formal remaider,sent,null,2026-06-08 11:50:23.603346+00,2026-06-08 11:50:34.907+00
4683005c-1076-4a08-88cc-046df19d1994,00000000-0000-0000-0000-000000000001,a831ae3f-6bcb-41aa-8e9f-400ae641cd02,announcement,null,f91c2854-a88b-4630-b2a6-c48401e4dd14,Formal remaider,sent,null,2026-06-08 11:50:23.603346+00,2026-06-08 11:50:31.614+00
4ce740d6-2a7b-4738-9453-6101951bc1d8,00000000-0000-0000-0000-000000000001,a831ae3f-6bcb-41aa-8e9f-400ae641cd02,announcement,null,8e39a9bd-3317-b2a6-22a6-16fa4cab9632,Formal remaider,sent,null,2026-06-08 11:50:23.603346+00,2026-06-08 11:53:32.673+00
4d10d223-a49c-4d68-9792-9df8908141d1,00000000-0000-0000-0000-000000000001,a831ae3f-6bcb-41aa-8e9f-400ae641cd02,announcement,null,e99afa10-6249-3f5b-4364-da75f89e34f9,Formal remaider,sent,null,2026-06-08 11:50:23.603346+00,2026-06-08 11:50:31.614+00
4d3e4afb-3210-4b7a-a0a8-224f08074960,00000000-0000-0000-0000-000000000001,a831ae3f-6bcb-41aa-8e9f-400ae641cd02,announcement,null,c0791d4c-9325-bf1b-30af-7af648c26338,Formal remaider,sent,null,2026-06-08 11:50:23.603346+00,2026-06-08 11:50:31.614+00
513df23a-0d0b-496b-8b50-7a3ef712840d,00000000-0000-0000-0000-000000000001,a831ae3f-6bcb-41aa-8e9f-400ae641cd02,announcement,null,af8d560f-407a-4e9b-49e9-88f54d8671f4,Formal remaider,sent,null,2026-06-08 11:50:23.603346+00,2026-06-08 11:50:36.676+00
538ab7ec-52a2-46dd-b8ab-4dd2ead691ec,00000000-0000-0000-0000-000000000001,a831ae3f-6bcb-41aa-8e9f-400ae641cd02,announcement,null,0278721a-a690-833b-298a-16a351fb7a3a,Formal remaider,sent,null,2026-06-08 11:50:23.603346+00,2026-06-08 11:50:34.907+00
5b65d57a-9825-45ad-80a6-156acb3233fe,00000000-0000-0000-0000-000000000001,a831ae3f-6bcb-41aa-8e9f-400ae641cd02,announcement,null,11e96dd2-92f4-f793-56db-439d5b3de156,Formal remaider,sent,null,2026-06-08 11:50:23.603346+00,2026-06-08 11:50:33.395+00
5bb09276-1236-4b03-af91-6d91e996c907,00000000-0000-0000-0000-000000000001,a831ae3f-6bcb-41aa-8e9f-400ae641cd02,announcement,null,c675e97a-0958-0695-90b3-49311eec8fd7,Formal remaider,sent,null,2026-06-08 11:50:23.603346+00,2026-06-08 11:50:31.614+00
60f02719-a88a-4a0b-9bea-b3efc2bbce22,00000000-0000-0000-0000-000000000001,a831ae3f-6bcb-41aa-8e9f-400ae641cd02,announcement,null,b4a50439-db13-dc26-d980-eb079b321460,Formal remaider,sent,null,2026-06-08 11:50:23.603346+00,2026-06-08 11:50:36.676+00
638e2a1c-da7e-48f6-8ba2-4520de6e77a4,00000000-0000-0000-0000-000000000001,a831ae3f-6bcb-41aa-8e9f-400ae641cd02,announcement,null,d6399dd9-db95-454d-8705-856132cdb66b,Formal remaider,sent,null,2026-06-08 11:50:23.603346+00,2026-06-08 11:50:33.395+00
6922b07c-942a-449d-ad6f-0f26211a2c8b,00000000-0000-0000-0000-000000000001,a831ae3f-6bcb-41aa-8e9f-400ae641cd02,announcement,null,11e59c65-004e-4eea-a733-d3a6a7c65fb1,Formal remaider,sent,null,2026-06-08 11:50:23.603346+00,2026-06-08 11:50:33.395+00
71220502-ba9a-4d6f-a10f-00617fc35124,00000000-0000-0000-0000-000000000001,a831ae3f-6bcb-41aa-8e9f-400ae641cd02,announcement,null,61031b0a-ef18-26aa-64b7-d412d7b3d276,Formal remaider,sent,null,2026-06-08 11:50:23.603346+00,2026-06-08 11:50:36.676+00
71b02408-113d-41ea-bd83-6d6d679eb85b,00000000-0000-0000-0000-000000000001,a831ae3f-6bcb-41aa-8e9f-400ae641cd02,announcement,null,f2a00e3d-de04-40a3-6f41-a3ebfcab4a3c,Formal remaider,sent,null,2026-06-08 11:50:23.603346+00,2026-06-08 11:50:36.676+00
790899ad-407f-42cd-a86e-606572f0fcc8,00000000-0000-0000-0000-000000000001,a831ae3f-6bcb-41aa-8e9f-400ae641cd02,announcement,null,e6dde6a9-4da9-d1a2-802a-faf5db207e8e,Formal remaider,sent,null,2026-06-08 11:50:23.603346+00,2026-06-08 11:50:34.907+00
79c843f7-50a0-4c4e-80ec-ab81adf8c924,00000000-0000-0000-0000-000000000001,a831ae3f-6bcb-41aa-8e9f-400ae641cd02,announcement,null,9541a16d-d020-eb78-80f1-a4a2d4b7775f,Formal remaider,sent,null,2026-06-08 11:50:23.603346+00,2026-06-08 11:50:34.907+00
7a32f5a7-3edf-4598-9db3-aee9c5d42736,00000000-0000-0000-0000-000000000001,a831ae3f-6bcb-41aa-8e9f-400ae641cd02,announcement,null,2b785f57-1c4f-d4a8-d486-b69e7b2db5bc,Formal remaider,sent,null,2026-06-08 11:50:23.603346+00,2026-06-08 11:50:33.395+00
7a9f9c41-bde8-4914-b3b4-31d3cc90c297,00000000-0000-0000-0000-000000000001,a831ae3f-6bcb-41aa-8e9f-400ae641cd02,announcement,null,00ff5468-3680-2a12-23e4-82855ab3c697,Formal remaider,sent,null,2026-06-08 11:50:23.603346+00,2026-06-08 11:50:34.907+00
7c3c350d-3293-44b3-8c6d-d2e7550eadba,00000000-0000-0000-0000-000000000001,a831ae3f-6bcb-41aa-8e9f-400ae641cd02,announcement,null,f16a668c-ea8a-b26d-9dff-4da3c53fccc7,Formal remaider,sent,null,2026-06-08 11:50:23.603346+00,2026-06-08 11:50:34.907+00
7dfbb6b5-68a4-4760-bac7-76523c4ebd0d,00000000-0000-0000-0000-000000000001,a831ae3f-6bcb-41aa-8e9f-400ae641cd02,announcement,null,080eae03-9f65-4515-aec2-8924472923dd,Formal remaider,sent,null,2026-06-08 11:50:23.603346+00,2026-06-08 11:50:33.395+00
80d4217a-f26f-4e2e-bd0b-9d78b232a517,00000000-0000-0000-0000-000000000001,a831ae3f-6bcb-41aa-8e9f-400ae641cd02,announcement,null,b6263381-5732-4544-952b-edde50fdfc28,Formal remaider,sent,null,2026-06-08 11:50:23.603346+00,2026-06-08 11:50:31.614+00
80df7002-6844-454f-a316-f4e6e86f8b13,00000000-0000-0000-0000-000000000001,a831ae3f-6bcb-41aa-8e9f-400ae641cd02,announcement,null,618f174c-7c45-cb54-907b-cacc78483918,Formal remaider,sent,null,2026-06-08 11:50:23.603346+00,2026-06-08 11:50:36.676+00
8307fd49-5008-49ef-8f44-95a011098221,00000000-0000-0000-0000-000000000001,a831ae3f-6bcb-41aa-8e9f-400ae641cd02,announcement,null,6ea3368b-00ab-4626-a86f-7fcacb3e167e,Formal remaider,sent,null,2026-06-08 11:50:23.603346+00,2026-06-08 11:50:33.395+00
832b06c1-0ec7-46c1-bf1e-056072ca9cfa,00000000-0000-0000-0000-000000000001,a831ae3f-6bcb-41aa-8e9f-400ae641cd02,announcement,null,79e31f6f-69dc-a40c-27d7-3f076878f83c,Formal remaider,sent,null,2026-06-08 11:50:23.603346+00,2026-06-08 11:50:34.907+00
83470483-b83e-48e5-9706-6e940943704a,00000000-0000-0000-0000-000000000001,a831ae3f-6bcb-41aa-8e9f-400ae641cd02,announcement,null,03ce56c0-8798-b95d-7125-311b80363e74,Formal remaider,sent,null,2026-06-08 11:50:23.603346+00,2026-06-08 11:50:34.907+00
88bf331c-95b7-4c5d-9043-539cf8037e1b,00000000-0000-0000-0000-000000000001,a831ae3f-6bcb-41aa-8e9f-400ae641cd02,announcement,null,bdcc24e3-6077-3ea9-b25e-2747d0f07be7,Formal remaider,sent,null,2026-06-08 11:50:23.603346+00,2026-06-08 11:50:36.676+00
8f1a03ec-da8d-4388-b234-30a76c56aa5e,00000000-0000-0000-0000-000000000001,a831ae3f-6bcb-41aa-8e9f-400ae641cd02,announcement,null,1287ac56-adee-78b5-6a6b-56b3e8dd7d48,Formal remaider,sent,null,2026-06-08 11:50:23.603346+00,2026-06-08 11:50:34.907+00
91d6e6a9-ca7f-48f4-a58b-3e32f49527a7,00000000-0000-0000-0000-000000000001,a831ae3f-6bcb-41aa-8e9f-400ae641cd02,announcement,null,1fc0c3bb-f35c-8d5d-a4fa-a9c1723cd8ab,Formal remaider,sent,null,2026-06-08 11:50:23.603346+00,2026-06-08 11:50:33.395+00
9208c269-a3e0-4a0c-b1e8-dd94f3158408,00000000-0000-0000-0000-000000000001,a831ae3f-6bcb-41aa-8e9f-400ae641cd02,announcement,null,1d4c0119-5151-7a5b-2266-f16e44f67157,Formal remaider,sent,null,2026-06-08 11:50:23.603346+00,2026-06-08 11:50:31.614+00
973d5a08-c2fa-4669-8ae8-ed53e4e31f66,00000000-0000-0000-0000-000000000001,a831ae3f-6bcb-41aa-8e9f-400ae641cd02,announcement,null,66fbcb59-3d06-d8cc-b1d5-53f38a599207,Formal remaider,sent,null,2026-06-08 11:50:23.603346+00,2026-06-08 11:53:32.349+00
9884da4c-155f-4d5b-a110-cf903b0d2f1f,00000000-0000-0000-0000-000000000001,a831ae3f-6bcb-41aa-8e9f-400ae641cd02,announcement,null,83af11b3-a274-7404-3265-ec658f74f8cf,Formal remaider,sent,null,2026-06-08 11:50:23.603346+00,2026-06-08 11:50:36.676+00
98ee81ce-83b7-440d-9cb8-29c8d144ae0c,00000000-0000-0000-0000-000000000001,a831ae3f-6bcb-41aa-8e9f-400ae641cd02,announcement,null,af12a12c-92bf-088b-3073-292fe4dfc478,Formal remaider,sent,null,2026-06-08 11:50:23.603346+00,2026-06-08 11:50:33.395+00
9ceff77f-80de-4b47-a81d-8e025ae85ec0,00000000-0000-0000-0000-000000000001,a831ae3f-6bcb-41aa-8e9f-400ae641cd02,announcement,null,5b45a840-9d6c-242e-0e2f-2e2c972c2eec,Formal remaider,sent,null,2026-06-08 11:50:23.603346+00,2026-06-08 11:50:31.614+00
9f64a821-c04d-4451-b298-11fba8aec4b6,00000000-0000-0000-0000-000000000001,a831ae3f-6bcb-41aa-8e9f-400ae641cd02,announcement,null,22a9494d-0e02-6fba-4aee-7947f1e6110b,Formal remaider,sent,null,2026-06-08 11:50:23.603346+00,2026-06-08 11:50:34.907+00
a0193c04-e5fa-4fde-ae9e-1c0c033e8506,00000000-0000-0000-0000-000000000001,a831ae3f-6bcb-41aa-8e9f-400ae641cd02,announcement,null,c39e5b6a-5497-09b6-25cc-89f1ea8a608c,Formal remaider,sent,null,2026-06-08 11:50:23.603346+00,2026-06-08 11:50:34.907+00
a302dad1-ea24-4f36-b2a6-b4b74ffaf7f6,00000000-0000-0000-0000-000000000001,a831ae3f-6bcb-41aa-8e9f-400ae641cd02,announcement,null,7e2a1e58-e10a-4352-ca15-59fd22f2c07e,Formal remaider,sent,null,2026-06-08 11:50:23.603346+00,2026-06-08 11:53:32.517+00
a3ab9bdd-5a31-4d96-8106-c07f59722e8d,00000000-0000-0000-0000-000000000001,a831ae3f-6bcb-41aa-8e9f-400ae641cd02,announcement,null,ec54c666-5b64-42fd-9eb8-880606816c1e,Formal remaider,sent,null,2026-06-08 11:50:23.603346+00,2026-06-08 11:53:32.737+00
a67ef2f8-5e39-4c63-9758-3b61ed96ffc1,00000000-0000-0000-0000-000000000001,a831ae3f-6bcb-41aa-8e9f-400ae641cd02,announcement,null,e426d68a-16d2-9097-ff7d-ae2521fb52e5,Formal remaider,sent,null,2026-06-08 11:50:23.603346+00,2026-06-08 11:50:36.676+00
aeb83dd0-c735-49e1-bc6a-734da8e257a0,00000000-0000-0000-0000-000000000001,a831ae3f-6bcb-41aa-8e9f-400ae641cd02,announcement,null,c2329858-525d-2f70-5e31-bf9a8358eb3e,Formal remaider,sent,null,2026-06-08 11:50:23.603346+00,2026-06-08 11:50:34.907+00
b358bbe4-0990-4e55-94fb-0bb164a43276,00000000-0000-0000-0000-000000000001,a831ae3f-6bcb-41aa-8e9f-400ae641cd02,announcement,null,73715344-908a-b7fa-00cc-34358ffb16f0,Formal remaider,sent,null,2026-06-08 11:50:23.603346+00,2026-06-08 11:50:31.614+00
b391d7fe-accc-4a23-a06f-44dba3d54ba0,00000000-0000-0000-0000-000000000001,a831ae3f-6bcb-41aa-8e9f-400ae641cd02,announcement,null,2bd67002-1f8f-faff-efc5-5063dbedf10f,Formal remaider,sent,null,2026-06-08 11:50:23.603346+00,2026-06-08 11:50:34.907+00
b6e4f3ef-2c33-4af9-9b89-9e3ed1b40c97,00000000-0000-0000-0000-000000000001,a831ae3f-6bcb-41aa-8e9f-400ae641cd02,announcement,null,d225973a-f437-d98e-4e24-0fb32a7bfbe8,Formal remaider,sent,null,2026-06-08 11:50:23.603346+00,2026-06-08 11:50:31.614+00
b7d84cb0-68d9-4a8e-8cd3-18aabda163c5,00000000-0000-0000-0000-000000000001,a831ae3f-6bcb-41aa-8e9f-400ae641cd02,announcement,null,49355947-7605-ec5f-7d81-a6597f38d76b,Formal remaider,sent,null,2026-06-08 11:50:23.603346+00,2026-06-08 11:50:36.676+00
bbb8a7e8-81e9-45da-bf9f-e6ce24436008,00000000-0000-0000-0000-000000000001,a831ae3f-6bcb-41aa-8e9f-400ae641cd02,announcement,null,b19dfc6c-a5d5-734c-3d3d-6389c281b3bb,Formal remaider,sent,null,2026-06-08 11:50:23.603346+00,2026-06-08 11:50:33.395+00
bce01026-1c53-4719-b503-83fd2349877d,00000000-0000-0000-0000-000000000001,a831ae3f-6bcb-41aa-8e9f-400ae641cd02,announcement,null,146a8458-f956-54ed-317f-b99f7d16fff8,Formal remaider,sent,null,2026-06-08 11:50:23.603346+00,2026-06-08 11:50:31.614+00
c6457765-074b-4b05-9e9c-ca9cc457c9e2,00000000-0000-0000-0000-000000000001,a831ae3f-6bcb-41aa-8e9f-400ae641cd02,announcement,null,398396b1-f339-683b-4307-b3441615b82a,Formal remaider,sent,null,2026-06-08 11:50:23.603346+00,2026-06-08 11:50:34.907+00
c899f55c-778e-4ed7-9f80-736e8f21460e,00000000-0000-0000-0000-000000000001,a831ae3f-6bcb-41aa-8e9f-400ae641cd02,announcement,null,d497808b-36e2-ea42-d247-85b4e409078c,Formal remaider,sent,null,2026-06-08 11:50:23.603346+00,2026-06-08 11:50:36.676+00
d183c204-c353-44a5-8ec2-a0fb969a8ae0,00000000-0000-0000-0000-000000000001,a831ae3f-6bcb-41aa-8e9f-400ae641cd02,announcement,null,72ac33cc-b9b2-9cc4-47fd-d37096c8f30d,Formal remaider,sent,null,2026-06-08 11:50:23.603346+00,2026-06-08 11:50:31.614+00
d679b155-0e72-4d04-bc46-392cb4988354,00000000-0000-0000-0000-000000000001,a831ae3f-6bcb-41aa-8e9f-400ae641cd02,announcement,null,257579ca-bef0-99b8-f916-e518891ffdab,Formal remaider,sent,null,2026-06-08 11:50:23.603346+00,2026-06-08 11:53:32.475+00
dad5e3ad-6cce-4987-9cf6-b83ea02b0be2,00000000-0000-0000-0000-000000000001,a831ae3f-6bcb-41aa-8e9f-400ae641cd02,announcement,null,8aacbc78-5e56-b3c0-f8bc-fcb5490b94f3,Formal remaider,sent,null,2026-06-08 11:50:23.603346+00,2026-06-08 11:50:31.614+00
e43b0e38-34cc-4e15-bfb6-91d27c4b0b9d,00000000-0000-0000-0000-000000000001,a831ae3f-6bcb-41aa-8e9f-400ae641cd02,announcement,null,062b56c4-c469-4ef7-b4e6-9615dd770ec9,Formal remaider,sent,null,2026-06-08 11:50:23.603346+00,2026-06-08 11:50:33.395+00
e44f601d-e73b-44f9-82ef-c5b8f5ca0015,00000000-0000-0000-0000-000000000001,a831ae3f-6bcb-41aa-8e9f-400ae641cd02,announcement,null,f59fa4ad-6dca-c7e7-d459-5326609a6412,Formal remaider,sent,null,2026-06-08 11:50:23.603346+00,2026-06-08 11:50:34.907+00
eedb6f9c-3105-4bc1-80c0-36a4d7b3e5de,00000000-0000-0000-0000-000000000001,a831ae3f-6bcb-41aa-8e9f-400ae641cd02,announcement,null,a4709d2c-85e2-3d68-7467-1eaf879ba2c9,Formal remaider,sent,null,2026-06-08 11:50:23.603346+00,2026-06-08 11:50:36.676+00
f23e2d89-91fb-4079-abee-5980b0b3e631,00000000-0000-0000-0000-000000000001,a831ae3f-6bcb-41aa-8e9f-400ae641cd02,announcement,null,855f3f6a-72ae-46f4-4cc2-a9a0d5df5b70,Formal remaider,sent,null,2026-06-08 11:50:23.603346+00,2026-06-08 11:50:34.907+00
fb423c5d-42d7-4961-b9fa-e72e21fe7b33,00000000-0000-0000-0000-000000000001,a831ae3f-6bcb-41aa-8e9f-400ae641cd02,announcement,null,38069f8b-d44e-0b86-a0d1-dafac5ae1232,Formal remaider,sent,null,2026-06-08 11:50:23.603346+00,2026-06-08 11:50:34.907+00
fb8d87f6-7ad0-413d-8652-e8e221ab0e17,00000000-0000-0000-0000-000000000001,a831ae3f-6bcb-41aa-8e9f-400ae641cd02,announcement,null,8fd367e7-7404-4ef6-530b-a40219a48f1e,Formal remaider,sent,null,2026-06-08 11:50:23.603346+00,2026-06-08 11:53:32.22+00
fcf5c8d2-a932-4378-a4c8-7376fab7cd4c,00000000-0000-0000-0000-000000000001,a831ae3f-6bcb-41aa-8e9f-400ae641cd02,announcement,null,3b02f95a-b47e-1037-4f8a-f2f31e35c98e,Formal remaider,sent,null,2026-06-08 11:50:23.603346+00,2026-06-08 11:50:31.614+00
fda3d725-5024-4efa-a020-79b126363373,00000000-0000-0000-0000-000000000001,a831ae3f-6bcb-41aa-8e9f-400ae641cd02,announcement,null,38305983-db92-2c3c-7949-96f7ca7833eb,Formal remaider,sent,null,2026-06-08 11:50:23.603346+00,2026-06-08 11:50:34.907+00
127e6728-4ff7-41df-b557-cbe2c40e7973,00000000-0000-0000-0000-000000000001,a831ae3f-6bcb-41aa-8e9f-400ae641cd02,announcement,null,18d86801-3cb7-11d4-8b9d-433429296014,Formal remaider,sent,null,2026-06-08 11:50:23.771625+00,2026-06-08 11:53:32.243+00
16a3ba0c-af40-4709-a360-869a159fd10d,00000000-0000-0000-0000-000000000001,a831ae3f-6bcb-41aa-8e9f-400ae641cd02,announcement,null,6dd50e39-9843-4442-cc09-3b49fbe97fb9,Formal remaider,sent,null,2026-06-08 11:50:23.771625+00,2026-06-08 11:50:36.676+00
181c335d-13f7-4163-b061-116b31524d26,00000000-0000-0000-0000-000000000001,a831ae3f-6bcb-41aa-8e9f-400ae641cd02,announcement,null,ec6bd398-2413-2c67-18db-10bdd92ee4f9,Formal remaider,sent,null,2026-06-08 11:50:23.771625+00,2026-06-08 11:50:38.121+00
2964a0ea-7fdc-40f8-a688-93530ffac4dc,00000000-0000-0000-0000-000000000001,a831ae3f-6bcb-41aa-8e9f-400ae641cd02,announcement,null,1b003ea3-bdcb-0416-c3c2-8ff60f2f65f5,Formal remaider,sent,null,2026-06-08 11:50:23.771625+00,2026-06-08 11:50:38.121+00
2bdd649e-02a5-4f89-8f04-60f04cb2058d,00000000-0000-0000-0000-000000000001,a831ae3f-6bcb-41aa-8e9f-400ae641cd02,announcement,null,cf1318a5-0564-4af6-d90e-c3e76de1ef08,Formal remaider,sent,null,2026-06-08 11:50:23.771625+00,2026-06-08 11:50:36.676+00
401e5f5e-e086-4037-aaa9-c30b3615fac1,00000000-0000-0000-0000-000000000001,a831ae3f-6bcb-41aa-8e9f-400ae641cd02,announcement,null,b0348aa8-ad9f-d0dd-94e8-c71a6627c930,Formal remaider,sent,null,2026-06-08 11:50:23.771625+00,2026-06-08 11:50:38.121+00
42c2e482-7e47-491d-aa44-9ac53c644f55,00000000-0000-0000-0000-000000000001,a831ae3f-6bcb-41aa-8e9f-400ae641cd02,announcement,null,22b0be2d-52c5-1127-642d-4f1083b404ca,Formal remaider,sent,null,2026-06-08 11:50:23.771625+00,2026-06-08 11:50:38.121+00
46ae41cf-8ba1-43a4-85ef-0dbc374300bb,00000000-0000-0000-0000-000000000001,a831ae3f-6bcb-41aa-8e9f-400ae641cd02,announcement,null,733dd472-3b1e-dd43-76e5-082ddfe66c5b,Formal remaider,sent,null,2026-06-08 11:50:23.771625+00,2026-06-08 11:50:36.676+00
4813dd51-f74b-486b-894a-6acd55c72cdf,00000000-0000-0000-0000-000000000001,a831ae3f-6bcb-41aa-8e9f-400ae641cd02,announcement,null,510cd475-6538-7d02-413c-1a0f553ba4e6,Formal remaider,sent,null,2026-06-08 11:50:23.771625+00,2026-06-08 11:50:36.676+00
4b224ac3-073d-46e1-8324-822712493a16,00000000-0000-0000-0000-000000000001,a831ae3f-6bcb-41aa-8e9f-400ae641cd02,announcement,null,f70ae790-e17b-aca8-a21a-82ddd895450b,Formal remaider,sent,null,2026-06-08 11:50:23.771625+00,2026-06-08 11:50:38.121+00
4d2661fc-d99c-4575-83a3-3affcf453f8c,00000000-0000-0000-0000-000000000001,a831ae3f-6bcb-41aa-8e9f-400ae641cd02,announcement,null,26b16f30-da65-8aa3-d1ec-4867ac2a8f35,Formal remaider,sent,null,2026-06-08 11:50:23.771625+00,2026-06-08 11:53:32.413+00
5b99b513-75c9-47c9-b1d5-652d4643d6a4,00000000-0000-0000-0000-000000000001,a831ae3f-6bcb-41aa-8e9f-400ae641cd02,announcement,null,011b7d1c-5697-5394-c05b-fa0473640657,Formal remaider,sent,null,2026-06-08 11:50:23.771625+00,2026-06-08 11:50:36.676+00
5d592d3d-1df6-4fd1-9c7d-c194e5e75849,00000000-0000-0000-0000-000000000001,a831ae3f-6bcb-41aa-8e9f-400ae641cd02,announcement,null,b2f85d5d-acf9-7c53-dc5b-0d3b67b462c5,Formal remaider,sent,null,2026-06-08 11:50:23.771625+00,2026-06-08 11:50:38.121+00
6040e4d9-895a-4492-9813-85d9715f49e8,00000000-0000-0000-0000-000000000001,a831ae3f-6bcb-41aa-8e9f-400ae641cd02,announcement,null,21e237d1-286e-324e-0cef-45725d629768,Formal remaider,sent,null,2026-06-08 11:50:23.771625+00,2026-06-08 11:50:36.676+00
7212adc4-f650-4ece-bf9e-8c89b7e67f1e,00000000-0000-0000-0000-000000000001,a831ae3f-6bcb-41aa-8e9f-400ae641cd02,announcement,null,23f7ef5f-6b26-a104-b616-b438d7e9243c,Formal remaider,sent,null,2026-06-08 11:50:23.771625+00,2026-06-08 11:53:32.598+00
8fa2330a-7135-4821-b9a2-3f9dfcea0927,00000000-0000-0000-0000-000000000001,a831ae3f-6bcb-41aa-8e9f-400ae641cd02,announcement,null,d6d33436-345a-e39c-9f8d-91c76dca514e,Formal remaider,sent,null,2026-06-08 11:50:23.771625+00,2026-06-08 11:53:32.357+00
a79b967f-eea0-44ff-a6b9-fc9781302ff9,00000000-0000-0000-0000-000000000001,a831ae3f-6bcb-41aa-8e9f-400ae641cd02,announcement,null,4f75b0ca-7bed-c37c-cfd4-1e361a1bb6d4,Formal remaider,sent,null,2026-06-08 11:50:23.771625+00,2026-06-08 11:53:32.456+00
a8210a64-605c-4976-b6b2-cdb374708286,00000000-0000-0000-0000-000000000001,a831ae3f-6bcb-41aa-8e9f-400ae641cd02,announcement,null,e17238d1-34ce-0cbb-4dc0-f65e60ff52f7,Formal remaider,sent,null,2026-06-08 11:50:23.771625+00,2026-06-08 11:50:38.121+00
b5d19fc4-51df-48a8-aef9-d17d48663680,00000000-0000-0000-0000-000000000001,a831ae3f-6bcb-41aa-8e9f-400ae641cd02,announcement,null,87a1e515-e2e0-110f-05d1-04f5a83c066a,Formal remaider,sent,null,2026-06-08 11:50:23.771625+00,2026-06-08 11:50:36.676+00
d3b64702-2abf-4693-95a7-6d1dcd757931,00000000-0000-0000-0000-000000000001,a831ae3f-6bcb-41aa-8e9f-400ae641cd02,announcement,null,43774f3c-9ce6-fc78-7857-b8607c3e1966,Formal remaider,sent,null,2026-06-08 11:50:23.771625+00,2026-06-08 11:50:38.121+00
db3fbd13-d5b3-4200-91f5-87778921f4e3,00000000-0000-0000-0000-000000000001,a831ae3f-6bcb-41aa-8e9f-400ae641cd02,announcement,null,2794ccf7-4966-f00d-35d6-34ac17db73ea,Formal remaider,sent,null,2026-06-08 11:50:23.771625+00,2026-06-08 11:53:32.431+00
f6d99ec2-a336-4d4a-9757-bd3114bae9fb,00000000-0000-0000-0000-000000000001,a831ae3f-6bcb-41aa-8e9f-400ae641cd02,announcement,null,31f3f7a3-5dc4-21cd-ba54-b41347a7822a,Formal remaider,sent,null,2026-06-08 11:50:23.771625+00,2026-06-08 11:50:36.676+00
0b686795-4af3-4ed9-abc8-ee852da68e8f,00000000-0000-0000-0000-000000000001,a423b334-6dd9-4e4c-8d2f-ce2b8b74aaec,announcement,null,53416e34-aaed-471f-937d-0fea74c444b8,Formal remaider,sent,null,2026-06-08 12:00:13.50098+00,2026-06-08 12:00:16.223+00
0f87cf86-636c-453b-9294-360f6e90e398,00000000-0000-0000-0000-000000000001,a423b334-6dd9-4e4c-8d2f-ce2b8b74aaec,announcement,null,f38ac232-fe6f-44f8-955c-18c46b4db738,Formal remaider,failed,Rate limit hit,2026-06-08 12:00:13.50098+00,null
1047eb28-048e-480b-a7fb-b409bce6f751,00000000-0000-0000-0000-000000000001,a423b334-6dd9-4e4c-8d2f-ce2b8b74aaec,announcement,null,389859df-460c-4966-a71d-eb7bbebae67b,Formal remaider,failed,Rate limit hit,2026-06-08 12:00:13.50098+00,null
136c2c57-5802-4171-8ead-ed8aa6a0aa8a,00000000-0000-0000-0000-000000000001,a423b334-6dd9-4e4c-8d2f-ce2b8b74aaec,announcement,null,b3002707-86e9-43d5-956d-cf108fb6a23f,Formal remaider,sent,null,2026-06-08 12:00:13.50098+00,2026-06-08 12:00:16.223+00
141815f0-c666-4689-9a4a-823ae66d502e,00000000-0000-0000-0000-000000000001,a423b334-6dd9-4e4c-8d2f-ce2b8b74aaec,announcement,null,9c88cc60-ea13-4dd1-9930-ca14ff0c6aa0,Formal remaider,sent,null,2026-06-08 12:00:13.50098+00,2026-06-08 12:00:18.188+00
18bd2dda-be40-44c8-8fa2-cdf6f00b7730,00000000-0000-0000-0000-000000000001,a423b334-6dd9-4e4c-8d2f-ce2b8b74aaec,announcement,null,8b48adf3-c14a-fa6d-9785-b4bcb35f8fbb,Formal remaider,sent,null,2026-06-08 12:00:13.50098+00,2026-06-08 12:00:21.825+00
1a2396ff-658d-498e-90b8-b37fbbb951c8,00000000-0000-0000-0000-000000000001,a423b334-6dd9-4e4c-8d2f-ce2b8b74aaec,announcement,null,04ba1c6f-6c06-819d-9ecc-a0c5f795b922,Formal remaider,failed,Rate limit hit,2026-06-08 12:00:13.50098+00,null
1ab42da0-86dd-4ff9-8f80-cbf7914f736c,00000000-0000-0000-0000-000000000001,a423b334-6dd9-4e4c-8d2f-ce2b8b74aaec,announcement,null,83f51f9d-9d36-eda9-e7fb-5b1badbbd5d9,Formal remaider,sent,null,2026-06-08 12:00:13.50098+00,2026-06-08 12:00:16.223+00
2532d600-aab6-4e7d-8a6b-2eb4a5f9f1ad,00000000-0000-0000-0000-000000000001,a423b334-6dd9-4e4c-8d2f-ce2b8b74aaec,announcement,null,df5ea39c-c069-5211-271d-f0d3831adefa,Formal remaider,sent,null,2026-06-08 12:00:13.50098+00,2026-06-08 12:00:21.825+00
2c8a8a75-c7fe-4648-bf85-868b2130a482,00000000-0000-0000-0000-000000000001,a423b334-6dd9-4e4c-8d2f-ce2b8b74aaec,announcement,null,104a66bf-0d87-2acc-ec03-a73d1c1cfd53,Formal remaider,sent,null,2026-06-08 12:00:13.50098+00,2026-06-08 12:00:18.188+00
2e09f52d-786a-4569-9822-4138bedc01a5,00000000-0000-0000-0000-000000000001,a423b334-6dd9-4e4c-8d2f-ce2b8b74aaec,announcement,null,be84008a-74d3-3cc1-6fd6-bcef998f7bff,Formal remaider,sent,null,2026-06-08 12:00:13.50098+00,2026-06-08 12:00:18.188+00
2e4699ac-1d6e-487b-977a-2d97a6ee56f3,00000000-0000-0000-0000-000000000001,a423b334-6dd9-4e4c-8d2f-ce2b8b74aaec,announcement,null,ba8dd5e0-ed0e-8b6a-7098-2732476feb31,Formal remaider,sent,null,2026-06-08 12:00:13.50098+00,2026-06-08 12:00:21.825+00
30887a87-9cb4-47dc-bbb2-9aaad22f5d5e,00000000-0000-0000-0000-000000000001,a423b334-6dd9-4e4c-8d2f-ce2b8b74aaec,announcement,null,a7798da2-f8ee-1840-a1f3-f29a9e764b97,Formal remaider,sent,null,2026-06-08 12:00:13.50098+00,2026-06-08 12:00:18.188+00
31944e94-a54e-42a9-a155-b4a3d2755125,00000000-0000-0000-0000-000000000001,a423b334-6dd9-4e4c-8d2f-ce2b8b74aaec,announcement,null,d8c4b3c5-9b2a-4c6e-b1e8-0a98c9175234,Formal remaider,sent,null,2026-06-08 12:00:13.50098+00,2026-06-08 12:00:18.188+00
32fa15d1-66e6-43d0-9b62-d8be4382c405,00000000-0000-0000-0000-000000000001,a423b334-6dd9-4e4c-8d2f-ce2b8b74aaec,announcement,null,25aa2406-e171-b558-8249-7a525d126d8f,Formal remaider,sent,null,2026-06-08 12:00:13.50098+00,2026-06-08 12:00:16.223+00
370170c5-3aeb-473c-9b7b-5cb9d3669c5e,00000000-0000-0000-0000-000000000001,a423b334-6dd9-4e4c-8d2f-ce2b8b74aaec,announcement,null,1a171004-7682-1c39-e6a2-758b668c33b0,Formal remaider,sent,null,2026-06-08 12:00:13.50098+00,2026-06-08 12:00:16.223+00
3b6b0a62-1d31-484d-bfa7-ae937b2f28da,00000000-0000-0000-0000-000000000001,a423b334-6dd9-4e4c-8d2f-ce2b8b74aaec,announcement,null,8123af5e-305b-80f8-20db-4d54b7f628c7,Formal remaider,sent,null,2026-06-08 12:00:13.50098+00,2026-06-08 12:00:20.066+00
3d48db14-7daf-4d3b-a907-e4bce21c76b0,00000000-0000-0000-0000-000000000001,a423b334-6dd9-4e4c-8d2f-ce2b8b74aaec,announcement,null,8709ca2e-a8a6-48a4-b8ce-e813c4796ab9,Formal remaider,sent,null,2026-06-08 12:00:13.50098+00,2026-06-08 12:00:16.223+00
3f51d150-9a5a-4039-94be-4035931938fb,00000000-0000-0000-0000-000000000001,a423b334-6dd9-4e4c-8d2f-ce2b8b74aaec,announcement,null,d6d6b302-4f36-4d0b-8751-2dceccd295bd,Formal remaider,sent,null,2026-06-08 12:00:13.50098+00,2026-06-08 12:00:18.188+00
41e8aee6-0744-4dca-9384-6080162e8241,00000000-0000-0000-0000-000000000001,a423b334-6dd9-4e4c-8d2f-ce2b8b74aaec,announcement,null,2c1980eb-be51-916e-8f61-1e8fe83afb0c,Formal remaider,sent,null,2026-06-08 12:00:13.50098+00,2026-06-08 12:00:16.223+00
44941629-1176-4598-bcbe-091a374a881a,00000000-0000-0000-0000-000000000001,a423b334-6dd9-4e4c-8d2f-ce2b8b74aaec,announcement,null,25ef6338-6197-45a8-82d9-ddd0a846f1b2,Formal remaider,sent,null,2026-06-08 12:00:13.50098+00,2026-06-08 12:00:20.066+00
4a649187-4023-45cb-9e34-97ca8493ebfe,00000000-0000-0000-0000-000000000001,a423b334-6dd9-4e4c-8d2f-ce2b8b74aaec,announcement,null,d257c87f-0e42-048c-8409-362e925d86fc,Formal remaider,failed,Rate limit hit,2026-06-08 12:00:13.50098+00,null
503b2b6f-18d0-4bcb-99e5-71605f658081,00000000-0000-0000-0000-000000000001,a423b334-6dd9-4e4c-8d2f-ce2b8b74aaec,announcement,null,1dc2bdca-ae79-4cd5-9d74-961c02cce282,Formal remaider,sent,null,2026-06-08 12:00:13.50098+00,2026-06-08 12:00:16.223+00
5a6b0c83-7ed0-4a7e-98d9-877e08643c28,00000000-0000-0000-0000-000000000001,a423b334-6dd9-4e4c-8d2f-ce2b8b74aaec,announcement,null,cb2574c2-6caf-4598-82dc-12b9569a6451,Formal remaider,sent,null,2026-06-08 12:00:13.50098+00,2026-06-08 12:00:20.066+00
5c8fb93d-35ce-4ee5-a319-d3f033fb1f2e,00000000-0000-0000-0000-000000000001,a423b334-6dd9-4e4c-8d2f-ce2b8b74aaec,announcement,null,3b27dc97-dafa-0480-7b61-5549a3ea7eee,Formal remaider,sent,null,2026-06-08 12:00:13.50098+00,2026-06-08 12:00:16.223+00
615cdb5b-fb71-4258-8814-b6ed9838bc22,00000000-0000-0000-0000-000000000001,a423b334-6dd9-4e4c-8d2f-ce2b8b74aaec,announcement,null,9653a402-ff75-bbdf-8cc6-1cb0ca01f233,Formal remaider,sent,null,2026-06-08 12:00:13.50098+00,2026-06-08 12:00:20.066+00
6391fbd3-bc59-4e91-a1e5-77e35a0e33fd,00000000-0000-0000-0000-000000000001,a423b334-6dd9-4e4c-8d2f-ce2b8b74aaec,announcement,null,cda37b51-1bbc-af0d-a560-49af88fdc751,Formal remaider,sent,null,2026-06-08 12:00:13.50098+00,2026-06-08 12:00:16.223+00
645ba9e0-a659-4bda-beb5-b7997a03983d,00000000-0000-0000-0000-000000000001,a423b334-6dd9-4e4c-8d2f-ce2b8b74aaec,announcement,null,706ec709-36e3-4de0-a55a-522efd0b3957,Formal remaider,sent,null,2026-06-08 12:00:13.50098+00,2026-06-08 12:00:21.825+00
67791f7e-ae5c-4c72-8ea7-8879e28dafbb,00000000-0000-0000-0000-000000000001,a423b334-6dd9-4e4c-8d2f-ce2b8b74aaec,announcement,null,f295149c-bcb1-4d48-93ce-d2ea593d29c3,Formal remaider,sent,null,2026-06-08 12:00:13.50098+00,2026-06-08 12:00:18.188+00
68ef5169-2861-4b92-a342-a2bc41a09166,00000000-0000-0000-0000-000000000001,a423b334-6dd9-4e4c-8d2f-ce2b8b74aaec,announcement,null,f9eb9b23-5f60-4ec4-b990-8313323bb759,Formal remaider,sent,null,2026-06-08 12:00:13.50098+00,2026-06-08 12:00:18.188+00
69ffb19a-54c3-48d0-985b-65e61dba808f,00000000-0000-0000-0000-000000000001,a423b334-6dd9-4e4c-8d2f-ce2b8b74aaec,announcement,null,1261d726-9481-43dd-bac5-f1b158c8ab32,Formal remaider,sent,null,2026-06-08 12:00:13.50098+00,2026-06-08 12:00:20.066+00
6ac2f53f-fe19-4a9f-a3d4-409195de48f7,00000000-0000-0000-0000-000000000001,a423b334-6dd9-4e4c-8d2f-ce2b8b74aaec,announcement,null,44bf5771-a669-438c-a190-88aab999cfae,Formal remaider,sent,null,2026-06-08 12:00:13.50098+00,2026-06-08 12:00:18.188+00
6b22816d-b265-4249-bdc8-58a1d9992335,00000000-0000-0000-0000-000000000001,a423b334-6dd9-4e4c-8d2f-ce2b8b74aaec,announcement,null,122c395f-56fd-4482-fe33-7fa3c3cd30b5,Formal remaider,sent,null,2026-06-08 12:00:13.50098+00,2026-06-08 12:00:18.188+00
7460641d-4f53-4f62-b4db-b78329560117,00000000-0000-0000-0000-000000000001,a423b334-6dd9-4e4c-8d2f-ce2b8b74aaec,announcement,null,c09e703c-d287-38c8-d1c1-239145e17df9,Formal remaider,failed,Rate limit hit,2026-06-08 12:00:13.50098+00,null
7536c996-c43a-4532-8153-b8063edfe078,00000000-0000-0000-0000-000000000001,a423b334-6dd9-4e4c-8d2f-ce2b8b74aaec,announcement,null,fc8a412e-e0d4-35e1-37fa-5f798b7dc7f4,Formal remaider,failed,Rate limit hit,2026-06-08 12:00:13.50098+00,null
759c594a-6fd3-4507-8976-8ce0179e6f79,00000000-0000-0000-0000-000000000001,a423b334-6dd9-4e4c-8d2f-ce2b8b74aaec,announcement,null,521635f8-15aa-4ce1-ab2f-276095cbbe1a,Formal remaider,sent,null,2026-06-08 12:00:13.50098+00,2026-06-08 12:00:18.188+00
7b1d6734-63dd-4a59-9503-0b2ab514ae94,00000000-0000-0000-0000-000000000001,a423b334-6dd9-4e4c-8d2f-ce2b8b74aaec,announcement,null,de481a65-2fb4-4974-b7db-0ec990ea852d,Formal remaider,sent,null,2026-06-08 12:00:13.50098+00,2026-06-08 12:00:20.066+00
7b90d69e-5ab3-4b78-99b8-e9f9918b7802,00000000-0000-0000-0000-000000000001,a423b334-6dd9-4e4c-8d2f-ce2b8b74aaec,announcement,null,9e188cc2-9f75-4d15-8fa3-9348236cae71,Formal remaider,sent,null,2026-06-08 12:00:13.50098+00,2026-06-08 12:00:16.223+00
7c179517-bc06-4148-8912-7a8279a8409d,00000000-0000-0000-0000-000000000001,a423b334-6dd9-4e4c-8d2f-ce2b8b74aaec,announcement,null,f284b25b-d762-1399-a12e-ba7ffa6b6f97,Formal remaider,sent,null,2026-06-08 12:00:13.50098+00,2026-06-08 12:00:20.066+00
81aea8f1-595b-4b16-ba1a-7abf7a8b9f93,00000000-0000-0000-0000-000000000001,a423b334-6dd9-4e4c-8d2f-ce2b8b74aaec,announcement,null,4c4ad4c9-59bf-f152-d0ff-6502ec564cc9,Formal remaider,sent,null,2026-06-08 12:00:13.50098+00,2026-06-08 12:00:18.188+00
87024b22-c30d-4dbe-afa9-593a73481e0b,00000000-0000-0000-0000-000000000001,a423b334-6dd9-4e4c-8d2f-ce2b8b74aaec,announcement,null,51c3d3a9-bfa0-4a8e-a687-3ef46bc022cc,Formal remaider,sent,null,2026-06-08 12:00:13.50098+00,2026-06-08 12:00:18.188+00
8b23089c-5f3c-42bb-94fe-d0ba7cd00529,00000000-0000-0000-0000-000000000001,a423b334-6dd9-4e4c-8d2f-ce2b8b74aaec,announcement,null,94927866-7ca0-4311-b799-972822792cb8,Formal remaider,failed,Rate limit hit,2026-06-08 12:00:13.50098+00,null
8eb89cfe-be9d-4b62-9bb5-e44543135563,00000000-0000-0000-0000-000000000001,a423b334-6dd9-4e4c-8d2f-ce2b8b74aaec,announcement,null,86cd2239-fa55-0389-437e-e8fd505dc931,Formal remaider,sent,null,2026-06-08 12:00:13.50098+00,2026-06-08 12:00:18.188+00
90970b5f-007e-4a52-9106-a515b106f694,00000000-0000-0000-0000-000000000001,a423b334-6dd9-4e4c-8d2f-ce2b8b74aaec,announcement,null,a4ef95bf-1c7c-4c4d-0497-ae38085af6cc,Formal remaider,sent,null,2026-06-08 12:00:13.50098+00,2026-06-08 12:00:21.825+00
90d7102e-96f3-4b3b-9065-45b993bda77c,00000000-0000-0000-0000-000000000001,a423b334-6dd9-4e4c-8d2f-ce2b8b74aaec,announcement,null,d2449d75-0593-4deb-a6c2-fae99fc83ab0,Formal remaider,sent,null,2026-06-08 12:00:13.50098+00,2026-06-08 12:00:16.223+00
9113e28b-4edc-4349-afba-ada87ba0bc98,00000000-0000-0000-0000-000000000001,a423b334-6dd9-4e4c-8d2f-ce2b8b74aaec,announcement,null,edee54e5-b970-ea10-551f-b156c26d8f0a,Formal remaider,failed,Rate limit hit,2026-06-08 12:00:13.50098+00,null
923e5472-75ae-4276-a8a4-fad4d8c05881,00000000-0000-0000-0000-000000000001,a423b334-6dd9-4e4c-8d2f-ce2b8b74aaec,announcement,null,2c05db07-e980-4d52-a524-1b1ee5185554,Formal remaider,sent,null,2026-06-08 12:00:13.50098+00,2026-06-08 12:00:18.188+00
98e433e4-ea58-4f1c-a24b-105efceea0ba,00000000-0000-0000-0000-000000000001,a423b334-6dd9-4e4c-8d2f-ce2b8b74aaec,announcement,null,1932ea80-c6eb-874e-eca8-12410fa7a608,Formal remaider,sent,null,2026-06-08 12:00:13.50098+00,2026-06-08 12:00:16.223+00
9ded1dd8-a7ad-4d96-8b67-0f1f79d63207,00000000-0000-0000-0000-000000000001,a423b334-6dd9-4e4c-8d2f-ce2b8b74aaec,announcement,null,c49181cd-07c5-4c6a-a996-4146d002c886,Formal remaider,sent,null,2026-06-08 12:00:13.50098+00,2026-06-08 12:00:16.223+00
a2a997bd-a289-46e6-a2ee-4f7ea2dfbfa6,00000000-0000-0000-0000-000000000001,a423b334-6dd9-4e4c-8d2f-ce2b8b74aaec,announcement,null,77dd12b8-a20b-05c8-2372-79ba1b1624a9,Formal remaider,failed,Rate limit hit,2026-06-08 12:00:13.50098+00,null
a7bfb15a-fe39-4ede-a6eb-a8c62c31f6ba,00000000-0000-0000-0000-000000000001,a423b334-6dd9-4e4c-8d2f-ce2b8b74aaec,announcement,null,417cb75b-9992-4df9-28ae-ad4d2313621f,Formal remaider,sent,null,2026-06-08 12:00:13.50098+00,2026-06-08 12:00:18.188+00
ad6abb77-489c-4628-9ce8-9f3beb012adb,00000000-0000-0000-0000-000000000001,a423b334-6dd9-4e4c-8d2f-ce2b8b74aaec,announcement,null,55e6e452-fae2-a5ac-3c12-21424bffbcac,Formal remaider,sent,null,2026-06-08 12:00:13.50098+00,2026-06-08 12:00:16.223+00
af80cf7b-2fc4-4958-b4c0-e514f53a5412,00000000-0000-0000-0000-000000000001,a423b334-6dd9-4e4c-8d2f-ce2b8b74aaec,announcement,null,4628a4bf-d4c5-9e5d-471c-271b9f3e7d03,Formal remaider,failed,Rate limit hit,2026-06-08 12:00:13.50098+00,null
b47ed1e5-626f-4eb5-ac35-e9f758807dee,00000000-0000-0000-0000-000000000001,a423b334-6dd9-4e4c-8d2f-ce2b8b74aaec,announcement,null,791c16c3-5afa-4081-a47c-53439979e5b3,Formal remaider,sent,null,2026-06-08 12:00:13.50098+00,2026-06-08 12:00:16.223+00
b617c239-e378-4750-b035-b28e451e1569,00000000-0000-0000-0000-000000000001,a423b334-6dd9-4e4c-8d2f-ce2b8b74aaec,announcement,null,2ba81159-3fd3-401a-b806-4cf09e7dce86,Formal remaider,sent,null,2026-06-08 12:00:13.50098+00,2026-06-08 12:00:18.188+00
ba11d983-8012-40da-915b-5edf2fb67bbd,00000000-0000-0000-0000-000000000001,a423b334-6dd9-4e4c-8d2f-ce2b8b74aaec,announcement,null,a6037691-771e-8146-3714-f9dedb8acbcc,Formal remaider,sent,null,2026-06-08 12:00:13.50098+00,2026-06-08 12:00:18.188+00
bab5002c-ac3d-49a3-ac80-a8ca77e73448,00000000-0000-0000-0000-000000000001,a423b334-6dd9-4e4c-8d2f-ce2b8b74aaec,announcement,null,a267e3ee-ef69-4d54-8414-357c81b2eb3c,Formal remaider,sent,null,2026-06-08 12:00:13.50098+00,2026-06-08 12:00:21.825+00
bf90a277-47d5-4786-8921-a5ff003729b4,00000000-0000-0000-0000-000000000001,a423b334-6dd9-4e4c-8d2f-ce2b8b74aaec,announcement,null,4505ca5d-0961-03c9-5943-ffda2a5ae270,Formal remaider,sent,null,2026-06-08 12:00:13.50098+00,2026-06-08 12:00:16.223+00
c03f0b76-774f-4952-b4e9-71304cd2e436,00000000-0000-0000-0000-000000000001,a423b334-6dd9-4e4c-8d2f-ce2b8b74aaec,announcement,null,d77b5c1e-605d-6795-5eee-1e2f9b83e069,Formal remaider,sent,null,2026-06-08 12:00:13.50098+00,2026-06-08 12:00:20.066+00
c15b759c-ca60-4e1e-8fd3-a9a50836c0d7,00000000-0000-0000-0000-000000000001,a423b334-6dd9-4e4c-8d2f-ce2b8b74aaec,announcement,null,a7dadee2-80e3-eba0-084f-5f1847bb3aa4,Formal remaider,sent,null,2026-06-08 12:00:13.50098+00,2026-06-08 12:00:16.223+00
c2e10156-6aba-4962-b98d-5c31e4bb90f7,00000000-0000-0000-0000-000000000001,a423b334-6dd9-4e4c-8d2f-ce2b8b74aaec,announcement,null,950dd22f-78fa-d205-48b3-fe5a5cc7438e,Formal remaider,sent,null,2026-06-08 12:00:13.50098+00,2026-06-08 12:00:20.066+00
c7900b6f-36de-4143-bdb3-5ea2088ef197,00000000-0000-0000-0000-000000000001,a423b334-6dd9-4e4c-8d2f-ce2b8b74aaec,announcement,null,491b8136-32a1-37c5-5253-b53ff3991d86,Formal remaider,sent,null,2026-06-08 12:00:13.50098+00,2026-06-08 12:00:18.188+00
c7e3d906-ee2a-4977-938d-1a34c4a83e88,00000000-0000-0000-0000-000000000001,a423b334-6dd9-4e4c-8d2f-ce2b8b74aaec,announcement,null,1218c50c-4da4-4f61-baec-5182a25958e3,Formal remaider,sent,null,2026-06-08 12:00:13.50098+00,2026-06-08 12:00:20.066+00
d0be188b-5c18-4e9c-8d62-aa7229e2d8db,00000000-0000-0000-0000-000000000001,a423b334-6dd9-4e4c-8d2f-ce2b8b74aaec,announcement,null,8971261e-a813-477f-94c0-0a9661dc4c34,Formal remaider,sent,null,2026-06-08 12:00:13.50098+00,2026-06-08 12:00:20.066+00
d3ed9b72-4094-4519-ad33-35eb57ac3907,00000000-0000-0000-0000-000000000001,a423b334-6dd9-4e4c-8d2f-ce2b8b74aaec,announcement,null,79d4d3fe-73c5-a965-030f-c60220ee20cb,Formal remaider,sent,null,2026-06-08 12:00:13.50098+00,2026-06-08 12:00:16.223+00
d5627e61-7c89-430f-b69a-4de409f39e40,00000000-0000-0000-0000-000000000001,a423b334-6dd9-4e4c-8d2f-ce2b8b74aaec,announcement,null,2ac2da6e-0954-f906-32d7-a1f55477c590,Formal remaider,sent,null,2026-06-08 12:00:13.50098+00,2026-06-08 12:00:16.223+00
d6f748ed-93a2-4ac8-95ea-50221b7c66c5,00000000-0000-0000-0000-000000000001,a423b334-6dd9-4e4c-8d2f-ce2b8b74aaec,announcement,null,c3c77367-5f51-f7a7-e667-0e3480f53751,Formal remaider,failed,Rate limit hit,2026-06-08 12:00:13.50098+00,null
d8147f59-394b-4c90-aef8-bf9fa86e62ce,00000000-0000-0000-0000-000000000001,a423b334-6dd9-4e4c-8d2f-ce2b8b74aaec,announcement,null,82be44de-b1d6-4e48-e6bb-33ec98b83c7d,Formal remaider,sent,null,2026-06-08 12:00:13.50098+00,2026-06-08 12:00:20.066+00
d883c615-d276-4fb3-a5e1-d46c584f950f,00000000-0000-0000-0000-000000000001,a423b334-6dd9-4e4c-8d2f-ce2b8b74aaec,announcement,null,5527e05d-475b-45ed-a6f4-284340eed262,Formal remaider,sent,null,2026-06-08 12:00:13.50098+00,2026-06-08 12:00:16.223+00
dd315c60-5de5-4f27-bdb3-898d7977c8fd,00000000-0000-0000-0000-000000000001,a423b334-6dd9-4e4c-8d2f-ce2b8b74aaec,announcement,null,238b347e-e7e9-b1a3-31a8-a2f8fed99f55,Formal remaider,sent,null,2026-06-08 12:00:13.50098+00,2026-06-08 12:00:21.825+00
ddc52493-0ba8-4d5b-a82d-e69919c5581a,00000000-0000-0000-0000-000000000001,a423b334-6dd9-4e4c-8d2f-ce2b8b74aaec,announcement,null,bcf8ffc1-fd5c-f6ab-0453-7a73c73786dd,Formal remaider,failed,Rate limit hit,2026-06-08 12:00:13.50098+00,null
dde566e6-b1db-4231-ad7e-6d6e5b5386b4,00000000-0000-0000-0000-000000000001,a423b334-6dd9-4e4c-8d2f-ce2b8b74aaec,announcement,null,bb91db20-f031-af83-8e52-9b613ace7567,Formal remaider,failed,Rate limit hit,2026-06-08 12:00:13.50098+00,null
df93d9af-ae3c-4064-89fd-683bbe1d7331,00000000-0000-0000-0000-000000000001,a423b334-6dd9-4e4c-8d2f-ce2b8b74aaec,announcement,null,18788fe2-f6a2-826e-2199-6cec118c6d00,Formal remaider,sent,null,2026-06-08 12:00:13.50098+00,2026-06-08 12:00:16.223+00
e166b039-76fe-4ad4-912a-69a223e8ffdc,00000000-0000-0000-0000-000000000001,a423b334-6dd9-4e4c-8d2f-ce2b8b74aaec,announcement,null,d751c131-c1c9-4f5c-88f8-7e4c6cb710b3,Formal remaider,sent,null,2026-06-08 12:00:13.50098+00,2026-06-08 12:00:18.188+00
e175da0f-c6f7-4684-93a1-e36f445d74c3,00000000-0000-0000-0000-000000000001,a423b334-6dd9-4e4c-8d2f-ce2b8b74aaec,announcement,null,a467df39-5ec5-465e-a471-e2b54be7bc71,Formal remaider,sent,null,2026-06-08 12:00:13.50098+00,2026-06-08 12:00:16.223+00
e4115a7c-0532-49cb-99b2-44b1e951f1d9,00000000-0000-0000-0000-000000000001,a423b334-6dd9-4e4c-8d2f-ce2b8b74aaec,announcement,null,2631ddfd-660e-8719-1876-82cf88e13a60,Formal remaider,sent,null,2026-06-08 12:00:13.50098+00,2026-06-08 12:00:21.825+00
e9cf5924-1b75-4688-895f-ead4d73f5f8b,00000000-0000-0000-0000-000000000001,a423b334-6dd9-4e4c-8d2f-ce2b8b74aaec,announcement,null,5fee0a79-3970-704a-2332-f7c7598e86c1,Formal remaider,sent,null,2026-06-08 12:00:13.50098+00,2026-06-08 12:00:16.223+00
ea145d9d-2092-44fc-88f9-370fa63ac11f,00000000-0000-0000-0000-000000000001,a423b334-6dd9-4e4c-8d2f-ce2b8b74aaec,announcement,null,93eb3d6a-d35b-ef1f-83b8-7430b6ad1674,Formal remaider,sent,null,2026-06-08 12:00:13.50098+00,2026-06-08 12:00:20.066+00
ee72e548-60e6-4358-9349-827c331d42ce,00000000-0000-0000-0000-000000000001,a423b334-6dd9-4e4c-8d2f-ce2b8b74aaec,announcement,null,1a3b6c74-26e1-7124-0b5c-7f783d71624d,Formal remaider,sent,null,2026-06-08 12:00:13.50098+00,2026-06-08 12:00:18.188+00
ffea644a-323a-4ba3-9357-f02584f4dd25,00000000-0000-0000-0000-000000000001,a423b334-6dd9-4e4c-8d2f-ce2b8b74aaec,announcement,null,1bc75090-ac1a-44a6-bb22-f211aca7c760,Formal remaider,failed,Rate limit hit,2026-06-08 12:00:13.50098+00,null
00fdf180-557a-4336-aec7-49a3074065ed,00000000-0000-0000-0000-000000000001,a423b334-6dd9-4e4c-8d2f-ce2b8b74aaec,announcement,null,c0791d4c-9325-bf1b-30af-7af648c26338,Formal remaider,sent,null,2026-06-08 12:00:13.686906+00,2026-06-08 12:00:21.825+00
019d27ca-7654-46e6-b16e-8e4db860d079,00000000-0000-0000-0000-000000000001,a423b334-6dd9-4e4c-8d2f-ce2b8b74aaec,announcement,null,f59fa4ad-6dca-c7e7-d459-5326609a6412,Formal remaider,sent,null,2026-06-08 12:00:13.686906+00,2026-06-08 12:00:25.427+00
033a1a21-71d3-410c-a881-4a39bea21248,00000000-0000-0000-0000-000000000001,a423b334-6dd9-4e4c-8d2f-ce2b8b74aaec,announcement,null,d6399dd9-db95-454d-8705-856132cdb66b,Formal remaider,sent,null,2026-06-08 12:00:13.686906+00,2026-06-08 12:00:23.564+00
076c42c9-bfbc-4d25-8d22-269bf0808c97,00000000-0000-0000-0000-000000000001,a423b334-6dd9-4e4c-8d2f-ce2b8b74aaec,announcement,null,af12a12c-92bf-088b-3073-292fe4dfc478,Formal remaider,sent,null,2026-06-08 12:00:13.686906+00,2026-06-08 12:00:23.564+00
076d8f16-2a81-4ab2-a748-66112e04709a,00000000-0000-0000-0000-000000000001,a423b334-6dd9-4e4c-8d2f-ce2b8b74aaec,announcement,null,73715344-908a-b7fa-00cc-34358ffb16f0,Formal remaider,sent,null,2026-06-08 12:00:13.686906+00,2026-06-08 12:00:21.825+00
0a53a10d-2b33-4f31-aeef-63b1b07c251c,00000000-0000-0000-0000-000000000001,a423b334-6dd9-4e4c-8d2f-ce2b8b74aaec,announcement,null,66fbcb59-3d06-d8cc-b1d5-53f38a599207,Formal remaider,sent,null,2026-06-08 12:00:13.686906+00,2026-06-08 12:00:23.564+00
0c0208db-5e7b-4b35-b8a3-1edfe9894c75,00000000-0000-0000-0000-000000000001,a423b334-6dd9-4e4c-8d2f-ce2b8b74aaec,announcement,null,6ea3368b-00ab-4626-a86f-7fcacb3e167e,Formal remaider,sent,null,2026-06-08 12:00:13.686906+00,2026-06-08 12:00:23.564+00
0ca270b8-87b6-475e-8dd3-726da507dbaa,00000000-0000-0000-0000-000000000001,a423b334-6dd9-4e4c-8d2f-ce2b8b74aaec,announcement,null,9541a16d-d020-eb78-80f1-a4a2d4b7775f,Formal remaider,sent,null,2026-06-08 12:00:13.686906+00,2026-06-08 12:00:25.427+00
0ea171f6-ac6e-44ce-89f3-9854e0b0ffa7,00000000-0000-0000-0000-000000000001,a423b334-6dd9-4e4c-8d2f-ce2b8b74aaec,announcement,null,af8d560f-407a-4e9b-49e9-88f54d8671f4,Formal remaider,failed,Rate limit hit,2026-06-08 12:00:13.686906+00,null
0fef62f2-910d-4560-9a33-f92f8b25ad81,00000000-0000-0000-0000-000000000001,a423b334-6dd9-4e4c-8d2f-ce2b8b74aaec,announcement,null,1d4c0119-5151-7a5b-2266-f16e44f67157,Formal remaider,sent,null,2026-06-08 12:00:13.686906+00,2026-06-08 12:00:21.825+00
108ad363-c337-4f69-86f9-4312a44d1303,00000000-0000-0000-0000-000000000001,a423b334-6dd9-4e4c-8d2f-ce2b8b74aaec,announcement,null,00ff5468-3680-2a12-23e4-82855ab3c697,Formal remaider,sent,null,2026-06-08 12:00:13.686906+00,2026-06-08 12:00:25.427+00
11209366-0fbf-43c2-a572-953ff121cc6b,00000000-0000-0000-0000-000000000001,a423b334-6dd9-4e4c-8d2f-ce2b8b74aaec,announcement,null,b19dfc6c-a5d5-734c-3d3d-6389c281b3bb,Formal remaider,sent,null,2026-06-08 12:00:13.686906+00,2026-06-08 12:00:23.564+00
17364e45-8655-4b19-ab0a-05d500216e12,00000000-0000-0000-0000-000000000001,a423b334-6dd9-4e4c-8d2f-ce2b8b74aaec,announcement,null,ec54c666-5b64-42fd-9eb8-880606816c1e,Formal remaider,sent,null,2026-06-08 12:00:13.686906+00,2026-06-08 12:00:23.564+00
1873e56a-374b-4678-835e-f98274ade0bd,00000000-0000-0000-0000-000000000001,a423b334-6dd9-4e4c-8d2f-ce2b8b74aaec,announcement,null,f16a668c-ea8a-b26d-9dff-4da3c53fccc7,Formal remaider,sent,null,2026-06-08 12:00:13.686906+00,2026-06-08 12:00:25.427+00
19b6ad8d-4c63-499e-9bb7-52fc004dc8fe,00000000-0000-0000-0000-000000000001,a423b334-6dd9-4e4c-8d2f-ce2b8b74aaec,announcement,null,080eae03-9f65-4515-aec2-8924472923dd,Formal remaider,sent,null,2026-06-08 12:00:13.686906+00,2026-06-08 12:00:23.564+00
1a709f23-ef6f-4951-b5b5-56965ec169a4,00000000-0000-0000-0000-000000000001,a423b334-6dd9-4e4c-8d2f-ce2b8b74aaec,announcement,null,398396b1-f339-683b-4307-b3441615b82a,Formal remaider,sent,null,2026-06-08 12:00:13.686906+00,2026-06-08 12:00:25.427+00
25a008ca-3aa5-4da0-af67-5f4dfd8ab8d4,00000000-0000-0000-0000-000000000001,a423b334-6dd9-4e4c-8d2f-ce2b8b74aaec,announcement,null,630c8120-bdbc-832c-24ca-aca9e6b49891,Formal remaider,failed,Rate limit hit,2026-06-08 12:00:13.686906+00,null
269848c8-0c97-41a9-9282-c2a3af95ff75,00000000-0000-0000-0000-000000000001,a423b334-6dd9-4e4c-8d2f-ce2b8b74aaec,announcement,null,55ca6f7c-112a-ec33-7c1c-987508bc9e41,Formal remaider,sent,null,2026-06-08 12:00:13.686906+00,2026-06-08 12:00:25.427+00
2a4e741c-cf25-41c1-8d12-9a36cdcd21ec,00000000-0000-0000-0000-000000000001,a423b334-6dd9-4e4c-8d2f-ce2b8b74aaec,announcement,null,89d188b4-94a9-2f97-e068-155ed8ec3f5e,Formal remaider,sent,null,2026-06-08 12:00:13.686906+00,2026-06-08 12:00:25.427+00
2e1cf548-07b9-4acc-9fd9-a02c7e2173c1,00000000-0000-0000-0000-000000000001,a423b334-6dd9-4e4c-8d2f-ce2b8b74aaec,announcement,null,8fd367e7-7404-4ef6-530b-a40219a48f1e,Formal remaider,sent,null,2026-06-08 12:00:13.686906+00,2026-06-08 12:00:23.564+00
2f316b53-018a-408c-b213-5437e35fc9da,00000000-0000-0000-0000-000000000001,a423b334-6dd9-4e4c-8d2f-ce2b8b74aaec,announcement,null,f91c2854-a88b-4630-b2a6-c48401e4dd14,Formal remaider,sent,null,2026-06-08 12:00:13.686906+00,2026-06-08 12:00:21.825+00
3ab37a18-8116-4944-9e7b-62b27ae14792,00000000-0000-0000-0000-000000000001,a423b334-6dd9-4e4c-8d2f-ce2b8b74aaec,announcement,null,8334eb99-0bc0-3c80-9ff8-83bea3d7b5ef,Formal remaider,failed,Rate limit hit,2026-06-08 12:00:13.686906+00,null
4757202a-e229-4f2f-b55d-2d8638218b90,00000000-0000-0000-0000-000000000001,a423b334-6dd9-4e4c-8d2f-ce2b8b74aaec,announcement,null,3d18aa61-88d3-4390-b5d3-db4cb2e31e11,Formal remaider,sent,null,2026-06-08 12:00:13.686906+00,2026-06-08 12:00:23.564+00
47c33d9f-78a9-457d-9881-ba7e21ec8ac6,00000000-0000-0000-0000-000000000001,a423b334-6dd9-4e4c-8d2f-ce2b8b74aaec,announcement,null,38305983-db92-2c3c-7949-96f7ca7833eb,Formal remaider,sent,null,2026-06-08 12:00:13.686906+00,2026-06-08 12:00:25.427+00
48049e03-b45f-42b3-a8c5-0a0a46915117,00000000-0000-0000-0000-000000000001,a423b334-6dd9-4e4c-8d2f-ce2b8b74aaec,announcement,null,07734943-434c-4c8b-b1fa-49d7c4e8a7fe,Formal remaider,sent,null,2026-06-08 12:00:13.686906+00,2026-06-08 12:00:23.564+00
484c07ae-2c8c-4c68-94bf-154027eb9416,00000000-0000-0000-0000-000000000001,a423b334-6dd9-4e4c-8d2f-ce2b8b74aaec,announcement,null,aa88d180-8c53-dbe4-70de-ecf38130d3ce,Formal remaider,sent,null,2026-06-08 12:00:13.686906+00,2026-06-08 12:00:23.564+00
51e224bf-7c94-4d97-9f14-01fad33f4553,00000000-0000-0000-0000-000000000001,a423b334-6dd9-4e4c-8d2f-ce2b8b74aaec,announcement,null,cd2c3f97-4df7-b32f-d0c0-12031beae516,Formal remaider,sent,null,2026-06-08 12:00:13.686906+00,2026-06-08 12:00:23.564+00
52edcb34-2d13-419f-975f-1c06796b4688,00000000-0000-0000-0000-000000000001,a423b334-6dd9-4e4c-8d2f-ce2b8b74aaec,announcement,null,bdcc24e3-6077-3ea9-b25e-2747d0f07be7,Formal remaider,failed,Rate limit hit,2026-06-08 12:00:13.686906+00,null
53135951-5d39-4740-b665-c86547a6d1ae,00000000-0000-0000-0000-000000000001,a423b334-6dd9-4e4c-8d2f-ce2b8b74aaec,announcement,null,854c86e3-8b7f-0ca8-f4ac-c6a073699611,Formal remaider,sent,null,2026-06-08 12:00:13.686906+00,2026-06-08 12:00:25.427+00
546d003b-38e5-4d63-bab3-f602b65dccb8,00000000-0000-0000-0000-000000000001,a423b334-6dd9-4e4c-8d2f-ce2b8b74aaec,announcement,null,c02eb961-2471-c285-9c28-fb9a12aaf70a,Formal remaider,sent,null,2026-06-08 12:00:13.686906+00,2026-06-08 12:00:25.427+00
567eb682-9f2a-4406-a169-dcc739c83973,00000000-0000-0000-0000-000000000001,a423b334-6dd9-4e4c-8d2f-ce2b8b74aaec,announcement,null,b4a50439-db13-dc26-d980-eb079b321460,Formal remaider,sent,null,2026-06-08 12:00:13.686906+00,2026-06-08 12:00:27.43+00
5a83c5f0-4df5-468d-8095-671d44704584,00000000-0000-0000-0000-000000000001,a423b334-6dd9-4e4c-8d2f-ce2b8b74aaec,announcement,null,5b45a840-9d6c-242e-0e2f-2e2c972c2eec,Formal remaider,sent,null,2026-06-08 12:00:13.686906+00,2026-06-08 12:00:21.825+00
5c471423-0899-43a2-a7ce-0c8d3f504e35,00000000-0000-0000-0000-000000000001,a423b334-6dd9-4e4c-8d2f-ce2b8b74aaec,announcement,null,c2329858-525d-2f70-5e31-bf9a8358eb3e,Formal remaider,sent,null,2026-06-08 12:00:13.686906+00,2026-06-08 12:00:25.427+00
5cc466d8-5cbd-42e2-baab-b99776719384,00000000-0000-0000-0000-000000000001,a423b334-6dd9-4e4c-8d2f-ce2b8b74aaec,announcement,null,b6263381-5732-4544-952b-edde50fdfc28,Formal remaider,sent,null,2026-06-08 12:00:13.686906+00,2026-06-08 12:00:21.825+00
5e20f6b2-0485-42d6-8e68-e67306616d3b,00000000-0000-0000-0000-000000000001,a423b334-6dd9-4e4c-8d2f-ce2b8b74aaec,announcement,null,11e96dd2-92f4-f793-56db-439d5b3de156,Formal remaider,sent,null,2026-06-08 12:00:13.686906+00,2026-06-08 12:00:23.564+00
5f53167d-670f-4b08-bd59-bfdd7d65388c,00000000-0000-0000-0000-000000000001,a423b334-6dd9-4e4c-8d2f-ce2b8b74aaec,announcement,null,72ac33cc-b9b2-9cc4-47fd-d37096c8f30d,Formal remaider,sent,null,2026-06-08 12:00:13.686906+00,2026-06-08 12:00:21.825+00
6357b695-f9be-4661-aee3-168bdc79c4d6,00000000-0000-0000-0000-000000000001,a423b334-6dd9-4e4c-8d2f-ce2b8b74aaec,announcement,null,f2a00e3d-de04-40a3-6f41-a3ebfcab4a3c,Formal remaider,sent,null,2026-06-08 12:00:13.686906+00,2026-06-08 12:00:27.43+00
6456d6ef-129b-43cb-9092-590b42eacefa,00000000-0000-0000-0000-000000000001,a423b334-6dd9-4e4c-8d2f-ce2b8b74aaec,announcement,null,61031b0a-ef18-26aa-64b7-d412d7b3d276,Formal remaider,failed,Rate limit hit,2026-06-08 12:00:13.686906+00,null
681368b9-ca04-4532-82c4-329a9114221a,00000000-0000-0000-0000-000000000001,a423b334-6dd9-4e4c-8d2f-ce2b8b74aaec,announcement,null,c39e5b6a-5497-09b6-25cc-89f1ea8a608c,Formal remaider,sent,null,2026-06-08 12:00:13.686906+00,2026-06-08 12:00:25.427+00
6bb901bc-e742-4e3b-bec0-b4c671e47474,00000000-0000-0000-0000-000000000001,a423b334-6dd9-4e4c-8d2f-ce2b8b74aaec,announcement,null,3e50af3d-452f-d098-b3bc-3c2a64576d55,Formal remaider,sent,null,2026-06-08 12:00:13.686906+00,2026-06-08 12:00:27.43+00
6f01f02b-7dbf-460a-b5bc-96c44a644a44,00000000-0000-0000-0000-000000000001,a423b334-6dd9-4e4c-8d2f-ce2b8b74aaec,announcement,null,5e901269-d116-cf62-7661-df859f5b02dc,Formal remaider,sent,null,2026-06-08 12:00:13.686906+00,2026-06-08 12:00:25.427+00
6fad3527-ab71-4bb2-8743-4a8ba0d34c52,00000000-0000-0000-0000-000000000001,a423b334-6dd9-4e4c-8d2f-ce2b8b74aaec,announcement,null,e426d68a-16d2-9097-ff7d-ae2521fb52e5,Formal remaider,sent,null,2026-06-08 12:00:13.686906+00,2026-06-08 12:00:27.43+00
71f93da4-7661-4f1a-85eb-1c30607cbb41,00000000-0000-0000-0000-000000000001,a423b334-6dd9-4e4c-8d2f-ce2b8b74aaec,announcement,null,2b785f57-1c4f-d4a8-d486-b69e7b2db5bc,Formal remaider,sent,null,2026-06-08 12:00:13.686906+00,2026-06-08 12:00:23.564+00
7fcbc38a-19cb-4f09-87fd-416f1cfdafa4,00000000-0000-0000-0000-000000000001,a423b334-6dd9-4e4c-8d2f-ce2b8b74aaec,announcement,null,c511ac63-cb7e-1453-92d5-ea4ffba1c360,Formal remaider,sent,null,2026-06-08 12:00:13.686906+00,2026-06-08 12:00:27.43+00
814e933b-fca8-4685-b9c6-aa0f6bcfa60c,00000000-0000-0000-0000-000000000001,a423b334-6dd9-4e4c-8d2f-ce2b8b74aaec,announcement,null,1fc0c3bb-f35c-8d5d-a4fa-a9c1723cd8ab,Formal remaider,sent,null,2026-06-08 12:00:13.686906+00,2026-06-08 12:00:23.564+00
8161154f-cc57-4482-9977-cbd19060a2ff,00000000-0000-0000-0000-000000000001,a423b334-6dd9-4e4c-8d2f-ce2b8b74aaec,announcement,null,b0a6f0b5-9fd8-112e-2bfa-24fa8a25779b,Formal remaider,sent,null,2026-06-08 12:00:13.686906+00,2026-06-08 12:00:25.427+00
82af4cf0-1f2b-4f44-b197-66a4117004ad,00000000-0000-0000-0000-000000000001,a423b334-6dd9-4e4c-8d2f-ce2b8b74aaec,announcement,null,4e39608a-6f55-4cc0-ac26-00c939421464,Formal remaider,sent,null,2026-06-08 12:00:13.686906+00,2026-06-08 12:00:23.564+00
8328e085-80fc-48bc-b7ed-e8bde9237af5,00000000-0000-0000-0000-000000000001,a423b334-6dd9-4e4c-8d2f-ce2b8b74aaec,announcement,null,11316c38-dc08-4983-3588-fcadd88bd5d2,Formal remaider,sent,null,2026-06-08 12:00:13.686906+00,2026-06-08 12:00:27.43+00
835ab6e4-f475-4ad6-ba2b-0c47585b37d9,00000000-0000-0000-0000-000000000001,a423b334-6dd9-4e4c-8d2f-ce2b8b74aaec,announcement,null,e6dde6a9-4da9-d1a2-802a-faf5db207e8e,Formal remaider,sent,null,2026-06-08 12:00:13.686906+00,2026-06-08 12:00:25.427+00
851118c8-3deb-4534-85e5-76262b2607bc,00000000-0000-0000-0000-000000000001,a423b334-6dd9-4e4c-8d2f-ce2b8b74aaec,announcement,null,e99afa10-6249-3f5b-4364-da75f89e34f9,Formal remaider,sent,null,2026-06-08 12:00:13.686906+00,2026-06-08 12:00:21.825+00
87bbec33-dd6f-4177-b011-4b73b38245ba,00000000-0000-0000-0000-000000000001,a423b334-6dd9-4e4c-8d2f-ce2b8b74aaec,announcement,null,257579ca-bef0-99b8-f916-e518891ffdab,Formal remaider,sent,null,2026-06-08 12:00:13.686906+00,2026-06-08 12:00:23.564+00
89406ba0-978c-4b02-ac2b-f2eec82547b8,00000000-0000-0000-0000-000000000001,a423b334-6dd9-4e4c-8d2f-ce2b8b74aaec,announcement,null,2bd67002-1f8f-faff-efc5-5063dbedf10f,Formal remaider,sent,null,2026-06-08 12:00:13.686906+00,2026-06-08 12:00:25.427+00
8ce6f3f0-433a-43f4-a594-63dc7046e54d,00000000-0000-0000-0000-000000000001,a423b334-6dd9-4e4c-8d2f-ce2b8b74aaec,announcement,null,49355947-7605-ec5f-7d81-a6597f38d76b,Formal remaider,failed,Rate limit hit,2026-06-08 12:00:13.686906+00,null
903a8185-6730-475b-9a54-9fa526a9c357,00000000-0000-0000-0000-000000000001,a423b334-6dd9-4e4c-8d2f-ce2b8b74aaec,announcement,null,062b56c4-c469-4ef7-b4e6-9615dd770ec9,Formal remaider,sent,null,2026-06-08 12:00:13.686906+00,2026-06-08 12:00:23.564+00
9102bb12-1c05-4051-b6f1-6709c9faf66f,00000000-0000-0000-0000-000000000001,a423b334-6dd9-4e4c-8d2f-ce2b8b74aaec,announcement,null,0278721a-a690-833b-298a-16a351fb7a3a,Formal remaider,sent,null,2026-06-08 12:00:13.686906+00,2026-06-08 12:00:25.427+00
9693374d-5105-48d2-b29f-667756e36119,00000000-0000-0000-0000-000000000001,a423b334-6dd9-4e4c-8d2f-ce2b8b74aaec,announcement,null,6542b72b-196a-4538-a690-2db7cc212936,Formal remaider,sent,null,2026-06-08 12:00:13.686906+00,2026-06-08 12:00:23.564+00
999172bb-cbae-45bf-8dcf-99b314f6630e,00000000-0000-0000-0000-000000000001,a423b334-6dd9-4e4c-8d2f-ce2b8b74aaec,announcement,null,83af11b3-a274-7404-3265-ec658f74f8cf,Formal remaider,failed,Rate limit hit,2026-06-08 12:00:13.686906+00,null
9c13af26-da66-4704-91f3-c9ec4b5da7bb,00000000-0000-0000-0000-000000000001,a423b334-6dd9-4e4c-8d2f-ce2b8b74aaec,announcement,null,7e2a1e58-e10a-4352-ca15-59fd22f2c07e,Formal remaider,sent,null,2026-06-08 12:00:13.686906+00,2026-06-08 12:00:23.564+00
9ecbe6a5-1272-44c3-acbc-51f650fee8ef,00000000-0000-0000-0000-000000000001,a423b334-6dd9-4e4c-8d2f-ce2b8b74aaec,announcement,null,38069f8b-d44e-0b86-a0d1-dafac5ae1232,Formal remaider,sent,null,2026-06-08 12:00:13.686906+00,2026-06-08 12:00:25.427+00
a38c88b4-3994-42a1-9aa3-d7b507294979,00000000-0000-0000-0000-000000000001,a423b334-6dd9-4e4c-8d2f-ce2b8b74aaec,announcement,null,855f3f6a-72ae-46f4-4cc2-a9a0d5df5b70,Formal remaider,sent,null,2026-06-08 12:00:13.686906+00,2026-06-08 12:00:25.427+00
abdb07bf-26e1-4e84-b239-fe2a7d8864b9,00000000-0000-0000-0000-000000000001,a423b334-6dd9-4e4c-8d2f-ce2b8b74aaec,announcement,null,d497808b-36e2-ea42-d247-85b4e409078c,Formal remaider,failed,Rate limit hit,2026-06-08 12:00:13.686906+00,null
ad0570ff-176d-48d4-bfdd-44bdc349c652,00000000-0000-0000-0000-000000000001,a423b334-6dd9-4e4c-8d2f-ce2b8b74aaec,announcement,null,6d60a9d5-34ce-4336-9c23-231057dffa71,Formal remaider,sent,null,2026-06-08 12:00:13.686906+00,2026-06-08 12:00:23.564+00
adc0fdcd-e1fe-4c67-827f-5aa14b85de37,00000000-0000-0000-0000-000000000001,a423b334-6dd9-4e4c-8d2f-ce2b8b74aaec,announcement,null,1287ac56-adee-78b5-6a6b-56b3e8dd7d48,Formal remaider,sent,null,2026-06-08 12:00:13.686906+00,2026-06-08 12:00:25.427+00
b1cae0e0-672a-4c4b-baac-86eaac1bd544,00000000-0000-0000-0000-000000000001,a423b334-6dd9-4e4c-8d2f-ce2b8b74aaec,announcement,null,a4709d2c-85e2-3d68-7467-1eaf879ba2c9,Formal remaider,failed,Rate limit hit,2026-06-08 12:00:13.686906+00,null
b7d11b92-e638-4344-8095-9e2a51843c76,00000000-0000-0000-0000-000000000001,a423b334-6dd9-4e4c-8d2f-ce2b8b74aaec,announcement,null,8e39a9bd-3317-b2a6-22a6-16fa4cab9632,Formal remaider,sent,null,2026-06-08 12:00:13.686906+00,2026-06-08 12:00:23.564+00
b8a48ab8-392b-4ba8-99de-c00e92fad09b,00000000-0000-0000-0000-000000000001,a423b334-6dd9-4e4c-8d2f-ce2b8b74aaec,announcement,null,03ce56c0-8798-b95d-7125-311b80363e74,Formal remaider,sent,null,2026-06-08 12:00:13.686906+00,2026-06-08 12:00:25.427+00
b8df13a0-9023-47fc-a0a9-e5f92a4a3489,00000000-0000-0000-0000-000000000001,a423b334-6dd9-4e4c-8d2f-ce2b8b74aaec,announcement,null,11e59c65-004e-4eea-a733-d3a6a7c65fb1,Formal remaider,sent,null,2026-06-08 12:00:13.686906+00,2026-06-08 12:00:23.564+00
b9eb7293-af3b-49d5-8422-dc20c9669b28,00000000-0000-0000-0000-000000000001,a423b334-6dd9-4e4c-8d2f-ce2b8b74aaec,announcement,null,890b32d9-f754-8150-5a18-8a21fcdf3828,Formal remaider,sent,null,2026-06-08 12:00:13.686906+00,2026-06-08 12:00:21.825+00
c1f96735-0f2d-4fa1-92e0-7b9462fe2457,00000000-0000-0000-0000-000000000001,a423b334-6dd9-4e4c-8d2f-ce2b8b74aaec,announcement,null,19214e19-efc4-4eea-8118-944c998e3ab6,Formal remaider,sent,null,2026-06-08 12:00:13.686906+00,2026-06-08 12:00:21.825+00
ce5f9652-4e3c-426c-b266-6fa2ddfdd42e,00000000-0000-0000-0000-000000000001,a423b334-6dd9-4e4c-8d2f-ce2b8b74aaec,announcement,null,79e31f6f-69dc-a40c-27d7-3f076878f83c,Formal remaider,sent,null,2026-06-08 12:00:13.686906+00,2026-06-08 12:00:25.427+00
cf645c61-d42a-430f-9359-adad5b5fa0f6,00000000-0000-0000-0000-000000000001,a423b334-6dd9-4e4c-8d2f-ce2b8b74aaec,announcement,null,c675e97a-0958-0695-90b3-49311eec8fd7,Formal remaider,sent,null,2026-06-08 12:00:13.686906+00,2026-06-08 12:00:21.825+00
d42a6752-cf39-43d2-bfd1-85fbea40b46f,00000000-0000-0000-0000-000000000001,a423b334-6dd9-4e4c-8d2f-ce2b8b74aaec,announcement,null,be68c44d-d4d2-478a-7b1e-c9c3fefac406,Formal remaider,sent,null,2026-06-08 12:00:13.686906+00,2026-06-08 12:00:25.427+00
d6db6366-7c64-4777-a34b-ff43285d60d6,00000000-0000-0000-0000-000000000001,a423b334-6dd9-4e4c-8d2f-ce2b8b74aaec,announcement,null,073e4bd7-f1f1-49d3-604f-c365b9952a6c,Formal remaider,sent,null,2026-06-08 12:00:13.686906+00,2026-06-08 12:00:23.564+00
d83fd95e-1cf1-43c0-b07b-06f7716871fb,00000000-0000-0000-0000-000000000001,a423b334-6dd9-4e4c-8d2f-ce2b8b74aaec,announcement,null,d225973a-f437-d98e-4e24-0fb32a7bfbe8,Formal remaider,sent,null,2026-06-08 12:00:13.686906+00,2026-06-08 12:00:21.825+00
db53c4b2-d175-42cd-95b1-feef31e8543d,00000000-0000-0000-0000-000000000001,a423b334-6dd9-4e4c-8d2f-ce2b8b74aaec,announcement,null,146a8458-f956-54ed-317f-b99f7d16fff8,Formal remaider,sent,null,2026-06-08 12:00:13.686906+00,2026-06-08 12:00:21.825+00
dd401cb4-cbdb-44b3-8c08-a6f1d55b47c7,00000000-0000-0000-0000-000000000001,a423b334-6dd9-4e4c-8d2f-ce2b8b74aaec,announcement,null,8aacbc78-5e56-b3c0-f8bc-fcb5490b94f3,Formal remaider,sent,null,2026-06-08 12:00:13.686906+00,2026-06-08 12:00:21.825+00
e3698bd3-72ec-4274-8dc6-4b798750acfe,00000000-0000-0000-0000-000000000001,a423b334-6dd9-4e4c-8d2f-ce2b8b74aaec,announcement,null,8996897f-e383-4fca-87f9-654e1b14b3c2,Formal remaider,sent,null,2026-06-08 12:00:13.686906+00,2026-06-08 12:00:21.825+00
ed51de2a-80df-4f34-addd-5167efb9afd7,00000000-0000-0000-0000-000000000001,a423b334-6dd9-4e4c-8d2f-ce2b8b74aaec,announcement,null,618f174c-7c45-cb54-907b-cacc78483918,Formal remaider,sent,null,2026-06-08 12:00:13.686906+00,2026-06-08 12:00:27.43+00
f4127ef3-eaec-4914-8f9c-c99d2b6eb160,00000000-0000-0000-0000-000000000001,a423b334-6dd9-4e4c-8d2f-ce2b8b74aaec,announcement,null,22a9494d-0e02-6fba-4aee-7947f1e6110b,Formal remaider,sent,null,2026-06-08 12:00:13.686906+00,2026-06-08 12:00:25.427+00
ff83e0ee-b795-4025-8b39-d7b00c62828c,00000000-0000-0000-0000-000000000001,a423b334-6dd9-4e4c-8d2f-ce2b8b74aaec,announcement,null,3b02f95a-b47e-1037-4f8a-f2f31e35c98e,Formal remaider,sent,null,2026-06-08 12:00:13.686906+00,2026-06-08 12:00:21.825+00
0dd95e80-ad85-4379-9129-44640a33c5a5,00000000-0000-0000-0000-000000000001,a423b334-6dd9-4e4c-8d2f-ce2b8b74aaec,announcement,null,b2f85d5d-acf9-7c53-dc5b-0d3b67b462c5,Formal remaider,sent,null,2026-06-08 12:00:13.851891+00,2026-06-08 12:00:29.072+00
0fa76e05-6782-4cd2-9f9b-12d3a3c26321,00000000-0000-0000-0000-000000000001,a423b334-6dd9-4e4c-8d2f-ce2b8b74aaec,announcement,null,6dd50e39-9843-4442-cc09-3b49fbe97fb9,Formal remaider,sent,null,2026-06-08 12:00:13.851891+00,2026-06-08 12:00:27.43+00
1aeb9f6b-0498-4b94-8851-a3ab4a6feb53,00000000-0000-0000-0000-000000000001,a423b334-6dd9-4e4c-8d2f-ce2b8b74aaec,announcement,null,510cd475-6538-7d02-413c-1a0f553ba4e6,Formal remaider,sent,null,2026-06-08 12:00:13.851891+00,2026-06-08 12:00:27.43+00
2baf073f-2cfd-4457-9ba3-f3e49d23c25f,00000000-0000-0000-0000-000000000001,a423b334-6dd9-4e4c-8d2f-ce2b8b74aaec,announcement,null,1b003ea3-bdcb-0416-c3c2-8ff60f2f65f5,Formal remaider,sent,null,2026-06-08 12:00:13.851891+00,2026-06-08 12:00:29.072+00
37962e82-eea5-41c8-9ddf-ad295aa4a79b,00000000-0000-0000-0000-000000000001,a423b334-6dd9-4e4c-8d2f-ce2b8b74aaec,announcement,null,18d86801-3cb7-11d4-8b9d-433429296014,Formal remaider,sent,null,2026-06-08 12:00:13.851891+00,2026-06-08 12:00:29.072+00
52d3d427-4638-455e-8a0d-7cdc2af90d04,00000000-0000-0000-0000-000000000001,a423b334-6dd9-4e4c-8d2f-ce2b8b74aaec,announcement,null,87a1e515-e2e0-110f-05d1-04f5a83c066a,Formal remaider,sent,null,2026-06-08 12:00:13.851891+00,2026-06-08 12:00:27.43+00
569d48c8-2b17-408e-bcf8-4926e3043e7b,00000000-0000-0000-0000-000000000001,a423b334-6dd9-4e4c-8d2f-ce2b8b74aaec,announcement,null,4f75b0ca-7bed-c37c-cfd4-1e361a1bb6d4,Formal remaider,sent,null,2026-06-08 12:00:13.851891+00,2026-06-08 12:00:29.072+00
7a044710-4726-41e2-a327-698275d7082d,00000000-0000-0000-0000-000000000001,a423b334-6dd9-4e4c-8d2f-ce2b8b74aaec,announcement,null,21e237d1-286e-324e-0cef-45725d629768,Formal remaider,sent,null,2026-06-08 12:00:13.851891+00,2026-06-08 12:00:27.43+00
8b5be070-38f2-41a2-9fab-01c27fdc5545,00000000-0000-0000-0000-000000000001,a423b334-6dd9-4e4c-8d2f-ce2b8b74aaec,announcement,null,26b16f30-da65-8aa3-d1ec-4867ac2a8f35,Formal remaider,sent,null,2026-06-08 12:00:13.851891+00,2026-06-08 12:00:29.072+00
8c82fa87-8ef8-4c91-9de7-fe3467ccf07d,00000000-0000-0000-0000-000000000001,a423b334-6dd9-4e4c-8d2f-ce2b8b74aaec,announcement,null,cf1318a5-0564-4af6-d90e-c3e76de1ef08,Formal remaider,sent,null,2026-06-08 12:00:13.851891+00,2026-06-08 12:00:27.43+00
8de7bdea-4e2e-471d-ae06-b745e908de26,00000000-0000-0000-0000-000000000001,a423b334-6dd9-4e4c-8d2f-ce2b8b74aaec,announcement,null,e17238d1-34ce-0cbb-4dc0-f65e60ff52f7,Formal remaider,sent,null,2026-06-08 12:00:13.851891+00,2026-06-08 12:00:29.072+00
9b4466a5-c29c-4fb2-811f-7875f06c4e8e,00000000-0000-0000-0000-000000000001,a423b334-6dd9-4e4c-8d2f-ce2b8b74aaec,announcement,null,22b0be2d-52c5-1127-642d-4f1083b404ca,Formal remaider,sent,null,2026-06-08 12:00:13.851891+00,2026-06-08 12:00:29.072+00
a3e16991-3840-4a07-b349-c5ce39d6e6cc,00000000-0000-0000-0000-000000000001,a423b334-6dd9-4e4c-8d2f-ce2b8b74aaec,announcement,null,23f7ef5f-6b26-a104-b616-b438d7e9243c,Formal remaider,sent,null,2026-06-08 12:00:13.851891+00,2026-06-08 12:00:29.072+00
b9c9efe8-0e5b-4e41-9886-ef6bf07ae7dc,00000000-0000-0000-0000-000000000001,a423b334-6dd9-4e4c-8d2f-ce2b8b74aaec,announcement,null,2794ccf7-4966-f00d-35d6-34ac17db73ea,Formal remaider,sent,null,2026-06-08 12:00:13.851891+00,2026-06-08 12:00:29.072+00
bd0cfd0a-dded-4533-9dd8-1bef6f9e8cf4,00000000-0000-0000-0000-000000000001,a423b334-6dd9-4e4c-8d2f-ce2b8b74aaec,announcement,null,b0348aa8-ad9f-d0dd-94e8-c71a6627c930,Formal remaider,sent,null,2026-06-08 12:00:13.851891+00,2026-06-08 12:00:29.072+00
bf4ee13a-ce1a-4d61-9cc5-32ed8d563ecb,00000000-0000-0000-0000-000000000001,a423b334-6dd9-4e4c-8d2f-ce2b8b74aaec,announcement,null,011b7d1c-5697-5394-c05b-fa0473640657,Formal remaider,sent,null,2026-06-08 12:00:13.851891+00,2026-06-08 12:00:27.43+00
c325f94b-561a-457a-8653-c1d9ea6bd51d,00000000-0000-0000-0000-000000000001,a423b334-6dd9-4e4c-8d2f-ce2b8b74aaec,announcement,null,31f3f7a3-5dc4-21cd-ba54-b41347a7822a,Formal remaider,sent,null,2026-06-08 12:00:13.851891+00,2026-06-08 12:00:27.43+00
c9a8b372-a95e-454d-b32d-db5a814f431b,00000000-0000-0000-0000-000000000001,a423b334-6dd9-4e4c-8d2f-ce2b8b74aaec,announcement,null,ec6bd398-2413-2c67-18db-10bdd92ee4f9,Formal remaider,sent,null,2026-06-08 12:00:13.851891+00,2026-06-08 12:00:29.072+00
d29f22cf-c092-4fc7-bfd5-005ba17a83e0,00000000-0000-0000-0000-000000000001,a423b334-6dd9-4e4c-8d2f-ce2b8b74aaec,announcement,null,43774f3c-9ce6-fc78-7857-b8607c3e1966,Formal remaider,sent,null,2026-06-08 12:00:13.851891+00,2026-06-08 12:00:29.072+00
d388f992-64ab-4faf-b78b-b6ad379238dd,00000000-0000-0000-0000-000000000001,a423b334-6dd9-4e4c-8d2f-ce2b8b74aaec,announcement,null,733dd472-3b1e-dd43-76e5-082ddfe66c5b,Formal remaider,failed,Rate limit hit,2026-06-08 12:00:13.851891+00,null
f01cd6f1-221b-4236-a26a-085d5273b3ae,00000000-0000-0000-0000-000000000001,a423b334-6dd9-4e4c-8d2f-ce2b8b74aaec,announcement,null,d6d33436-345a-e39c-9f8d-91c76dca514e,Formal remaider,sent,null,2026-06-08 12:00:13.851891+00,2026-06-08 12:00:29.072+00
f129be14-d635-4a1c-8a18-edf44fd5c353,00000000-0000-0000-0000-000000000001,a423b334-6dd9-4e4c-8d2f-ce2b8b74aaec,announcement,null,f70ae790-e17b-aca8-a21a-82ddd895450b,Formal remaider,sent,null,2026-06-08 12:00:13.851891+00,2026-06-08 12:00:29.072+00
a7b96c2f-80ad-47ae-bb5c-9a2e8c87f508,00000000-0000-0000-0000-000000000001,12954470-42ba-4555-8b53-1d44f5258e8a,receipt,ef99daeb-88b7-480e-8cb9-4e8a4e800764,c02eb961-2471-c285-9c28-fb9a12aaf70a,"Receipt VISTA/26-27/06/00085 · ₹21,639",sent,null,2026-06-09 08:23:33.728382+00,2026-06-09 08:23:37.441+00
ce71688c-a3aa-47f3-b064-b44fc814fd40,00000000-0000-0000-0000-000000000001,ff26a554-08d0-414d-8f61-9debcbc728ae,receipt,5b50f5ae-92ae-4bb4-9043-d9667795e2ab,25aa2406-e171-b558-8249-7a525d126d8f,"Receipt VISTA/26-27/06/00086 · ₹20,918",sent,null,2026-06-09 08:24:30.027224+00,2026-06-09 08:24:33.785+00
97cf71f8-2164-45b0-a575-53ef097239ac,00000000-0000-0000-0000-000000000001,6f613a5b-bdec-43ff-84bc-ab31cac19cab,receipt,f30cf6d3-fc8c-4e91-a910-7c5eeb8342ac,df5ea39c-c069-5211-271d-f0d3831adefa,"Receipt VISTA/26-27/06/00087 · ₹17,476",sent,null,2026-06-09 08:26:55.33107+00,2026-06-09 08:26:58.561+00
9353253b-0fae-4678-a305-e2c033a679d4,00000000-0000-0000-0000-000000000001,823e7382-2f89-420a-8c80-b2678dcc1db7,receipt,68959203-a906-434b-a13d-80891b94c172,18788fe2-f6a2-826e-2199-6cec118c6d00,"Receipt VISTA/26-27/06/00088 · ₹16,616",sent,null,2026-06-09 08:28:23.498465+00,2026-06-09 08:28:27.309+00
f3c0acf4-523b-4319-8b27-ed435cea83db,00000000-0000-0000-0000-000000000001,3f8a38b6-4346-4a2b-a098-9a1b62b09137,receipt,585dec5f-0c7d-477c-9b5b-c02e3aa08d94,c675e97a-0958-0695-90b3-49311eec8fd7,"Receipt VISTA/26-27/06/00089 · ₹15,492",sent,null,2026-06-09 09:33:04.283067+00,2026-06-09 09:33:08.598+00
38f0ea68-dfe9-4ed5-9611-5bc0b502a24f,00000000-0000-0000-0000-000000000001,35f46a67-c659-4ef9-b623-d9b572668f34,receipt,d7ea9a0c-6c6c-4c1b-b5e1-b9ec3121ae48,83af11b3-a274-7404-3265-ec658f74f8cf,"Receipt VISTA/26-27/06/00090 · ₹16,763",sent,null,2026-06-09 09:34:25.936038+00,2026-06-09 09:34:29.963+00
ef847fb5-a77c-491e-a39c-d4cc611109c4,00000000-0000-0000-0000-000000000001,c35a8e43-2148-44b5-831f-d40ee2f40e9c,receipt,6de24525-e0d2-43a6-98c6-899d7aec615d,9653a402-ff75-bbdf-8cc6-1cb0ca01f233,"Receipt VISTA/26-27/06/00091 · ₹16,732",sent,null,2026-06-09 09:36:13.957601+00,2026-06-09 09:36:17.967+00
7269e4d8-c244-4cab-8dff-35497cc1ac81,00000000-0000-0000-0000-000000000001,04449add-efd8-496c-9f51-de99fe2f294a,receipt,90aebef5-9521-4f50-a0ec-ade697f6d9f8,8b48adf3-c14a-fa6d-9785-b4bcb35f8fbb,"Receipt VISTA/26-27/06/00092 · ₹17,011",sent,null,2026-06-09 09:36:58.17984+00,2026-06-09 09:37:02.795+00
cfb75142-0a8c-4e0b-8ed0-3d20d5a8bddb,00000000-0000-0000-0000-000000000001,a54f075d-0212-476d-831d-7c18f3ac52dc,receipt,ce9a1c47-23a7-4f29-a375-0d98897fcadd,1932ea80-c6eb-874e-eca8-12410fa7a608,"Receipt VISTA/26-27/06/00093 · ₹15,329",sent,null,2026-06-09 09:38:01.415268+00,2026-06-09 09:38:05.304+00
a36646c0-15d3-4879-bbb6-21f100a8bdfb,00000000-0000-0000-0000-000000000001,bcf5d48f-3ef2-4508-aa7a-6db4ea47bc58,receipt,ea4ae4d4-746b-4059-abb1-ee6b86f497ac,79d4d3fe-73c5-a965-030f-c60220ee20cb,Receipt VISTA/26-27/06/00094 · ₹792,sent,null,2026-06-09 10:04:07.148832+00,2026-06-09 10:04:11.287+00
43ba2058-f266-46c3-b546-c22051661930,00000000-0000-0000-0000-000000000001,1d05e3b4-0310-4299-a38d-f29cb40fe1e2,receipt,454803d9-ddcd-4dc3-b879-1fc677ae97fa,b6263381-5732-4544-952b-edde50fdfc28,"Receipt VISTA/26-27/06/00095 · ₹14,476",sent,null,2026-06-09 10:08:08.514998+00,2026-06-09 10:08:12.474+00
7176db14-c0aa-4017-842e-5acd5ba352cd,00000000-0000-0000-0000-000000000001,524e6b45-a62e-471c-9dd8-248f2e0610e6,receipt,517c676c-2bea-4b8b-a156-9d5ffe6188b0,73715344-908a-b7fa-00cc-34358ffb16f0,"Receipt VISTA/26-27/06/00096 · ₹17,639",sent,null,2026-06-09 10:10:11.081322+00,2026-06-09 10:10:14.561+00
883a6a2a-025b-4c96-992e-e83e8a7ac73d,00000000-0000-0000-0000-000000000001,41f768db-5f49-4d2a-afcb-01cf95d0df06,receipt,1f8630ad-5d82-4444-981d-6ad19a771c6a,bdcc24e3-6077-3ea9-b25e-2747d0f07be7,"Receipt VISTA/26-27/06/00097 · ₹18,282",sent,null,2026-06-09 10:10:32.110955+00,2026-06-09 10:10:35.911+00
190e5032-1533-46ae-a450-bb79c7f50296,00000000-0000-0000-0000-000000000001,01e0c22e-0395-4518-9bf9-39a0581a6c24,receipt,fef40f54-5f56-4b68-a8b2-298b70276064,f284b25b-d762-1399-a12e-ba7ffa6b6f97,"Receipt VISTA/26-27/06/00098 · ₹16,492",sent,null,2026-06-09 10:18:09.927233+00,2026-06-09 10:18:14.153+00
8c77530d-682a-4468-82a4-f20b408db621,00000000-0000-0000-0000-000000000001,4c2af3e3-8deb-41c1-8d70-ac5c5b0ff73a,receipt,1517abb6-c1ee-40bf-b124-ecd1ad172d99,11316c38-dc08-4983-3588-fcadd88bd5d2,"Receipt VISTA/26-27/06/00099 · ₹15,763",sent,null,2026-06-09 10:19:10.269587+00,2026-06-09 10:19:14.062+00
93e0a7b9-a97e-4dfa-84c2-c6b167e04c2c,00000000-0000-0000-0000-000000000001,428edcf8-1932-4149-ab57-5a72d210334e,receipt,56975666-1be9-4738-8a5e-cceb35392a73,122c395f-56fd-4482-fe33-7fa3c3cd30b5,"Receipt VISTA/26-27/06/00100 · ₹16,391",sent,null,2026-06-09 10:19:43.148453+00,2026-06-09 10:19:50.453+00
fbcd8ba9-bf7c-4d6e-aa2b-4bded8e0e546,00000000-0000-0000-0000-000000000001,5e0c2b35-5114-4a04-a7b5-bac29d934969,receipt,53883a63-cfaf-4c7c-b97b-9745e2cd7d3b,3e50af3d-452f-d098-b3bc-3c2a64576d55,"Receipt VISTA/26-27/06/00101 · ₹16,891",sent,null,2026-06-09 10:20:35.313036+00,2026-06-09 10:20:38.882+00
0476176e-cb92-40e4-87fe-11c0f2c6aff5,00000000-0000-0000-0000-000000000001,64e874bd-b024-4633-9790-9e63038dedda,receipt,daf6f53e-d1e0-41fd-bc00-21e863189b9f,c09e703c-d287-38c8-d1c1-239145e17df9,"Receipt VISTA/26-27/06/00102 · ₹17,112",sent,null,2026-06-09 10:21:42.210821+00,2026-06-09 10:21:46.826+00
2c54b81a-677c-4d6b-9790-7108e7ba030a,00000000-0000-0000-0000-000000000001,cd9b3d51-aade-45d0-a442-21afaf14c40b,receipt,57d95207-d49a-45f6-a6ad-6890820a9e2f,55ca6f7c-112a-ec33-7c1c-987508bc9e41,"Receipt VISTA/26-27/06/00103 · ₹17,825",sent,null,2026-06-09 10:21:54.137031+00,2026-06-09 10:21:58.054+00
d6d5668f-6e60-4ad3-bea8-77c985f6ad72,00000000-0000-0000-0000-000000000001,1887d961-dfa6-449b-abaa-77d33efb3912,receipt,c4d45c04-073b-4e5d-822f-0d2b86249b8d,011b7d1c-5697-5394-c05b-fa0473640657,"Receipt VISTA/26-27/06/00104 · ₹20,209",sent,null,2026-06-09 10:22:34.598241+00,2026-06-09 10:22:37.675+00
85d04a2f-378f-42d8-85b5-d76de3d3ba9b,00000000-0000-0000-0000-000000000001,b0d25047-2ebb-4037-bad2-1ee5ad304abf,receipt,3a632a0e-1b20-41a9-b159-d38f3461f3a8,31f3f7a3-5dc4-21cd-ba54-b41347a7822a,"Receipt VISTA/26-27/06/00105 · ₹16,670",sent,null,2026-06-09 10:24:04.161518+00,2026-06-09 10:24:07.575+00
89ceed49-faa5-4af3-b344-dee2edf0b979,00000000-0000-0000-0000-000000000001,378c38ec-9571-4ae9-b487-49abe6b42626,receipt,6376a60c-4b84-45ed-8974-3d072ccfc60c,146a8458-f956-54ed-317f-b99f7d16fff8,"Receipt VISTA/26-27/06/00106 · ₹17,112",sent,null,2026-06-09 10:24:17.230324+00,2026-06-09 10:24:20.183+00
7b03ac23-e02a-4a47-8541-341c7f4c4ede,00000000-0000-0000-0000-000000000001,899af9ab-9141-4f8e-bfb2-213ae9f0d3ec,receipt,ec2e6821-e167-445d-8ac3-66b90900e884,87a1e515-e2e0-110f-05d1-04f5a83c066a,"Receipt VISTA/26-27/06/00107 · ₹17,422",sent,null,2026-06-09 10:24:49.081195+00,2026-06-09 10:24:53.549+00
43fa4882-a808-4eb5-a76e-04bc8daeb22d,00000000-0000-0000-0000-000000000001,3f8d1304-e315-4ae4-bcf7-51fee8c542d9,receipt,6140310f-1709-4c25-bed7-078265a77dd5,950dd22f-78fa-d205-48b3-fe5a5cc7438e,"Receipt VISTA/26-27/06/00108 · ₹16,709",sent,null,2026-06-09 10:25:19.273736+00,2026-06-09 10:25:22.775+00
1d026b5c-1e1c-426e-b274-e2fc7b07d6ab,00000000-0000-0000-0000-000000000001,4a4b0c85-5fd2-4b55-9f4e-73c9c995b694,receipt,1eafc949-ef49-4849-8ad7-9ebdbfd2683e,1d4c0119-5151-7a5b-2266-f16e44f67157,"Receipt VISTA/26-27/06/00109 · ₹15,391",sent,null,2026-06-09 10:25:34.272409+00,2026-06-09 10:25:37.892+00
0faefd19-b4a1-4a93-b22a-d3ffe8e801bd,00000000-0000-0000-0000-000000000001,f1c3a6ee-9e5d-4702-b716-33615f1b9574,receipt,7298089d-dd09-4c77-9364-672d417573ac,b2f85d5d-acf9-7c53-dc5b-0d3b67b462c5,"Receipt VISTA/26-27/06/00110 · ₹21,112",sent,null,2026-06-09 10:26:49.758056+00,2026-06-09 10:26:52.57+00
2bb58202-b69c-4f1e-9280-73ca4f916740,00000000-0000-0000-0000-000000000001,c68ecc18-a825-495d-93ae-b11472439e31,receipt,558137ff-b8af-4f1a-a810-36e03fbb7f96,8fd367e7-7404-4ef6-530b-a40219a48f1e,"Receipt VISTA/26-27/06/00111 · ₹16,918",sent,null,2026-06-09 10:27:51.21423+00,2026-06-09 10:27:55.005+00
41a9cc02-22dd-4565-abf4-7f8c0925e2d2,00000000-0000-0000-0000-000000000001,5f6d2883-de6e-4725-8d3e-c3ba95931e6d,receipt,affe754d-1527-4fd0-a328-d6ba3a717881,1932ea80-c6eb-874e-eca8-12410fa7a608,"Receipt VISTA/26-27/06/00112 · ₹14,580",sent,null,2026-06-09 10:42:31.258803+00,2026-06-09 10:42:35.021+00
e7c8fcfc-00f4-4597-9b59-ef9e4d62d089,00000000-0000-0000-0000-000000000001,4a0ad5cd-c1fe-4cc2-9129-404c99bd7a62,receipt,8ce90c83-e557-4dac-9041-8a5dca6957fd,2bd67002-1f8f-faff-efc5-5063dbedf10f,"Receipt VISTA/26-27/06/00113 · ₹19,850",sent,null,2026-06-09 11:08:22.675184+00,2026-06-09 11:08:27.051+00
c8e3fd65-c36d-42e9-b87c-0717fb66e8b3,00000000-0000-0000-0000-000000000001,76786890-0584-4071-9fff-1a5a264aa169,receipt,f1ed61ed-3112-4d27-b680-b0b1b22e1ae9,be84008a-74d3-3cc1-6fd6-bcef998f7bff,"Receipt VISTA/26-27/06/00114 · ₹21,515",sent,null,2026-06-09 11:09:10.486047+00,2026-06-09 11:09:13.984+00
d2dcf707-6518-4d10-a8bd-a5b5fe8fb5e7,00000000-0000-0000-0000-000000000001,6ee67f13-1ae7-4bc2-b1b2-c1745c75aa1d,receipt,bb712098-cd0e-4ae3-979c-773e6878557b,a467df39-5ec5-465e-a471-e2b54be7bc71,"Receipt VISTA/26-27/06/00115 · ₹16,184",sent,null,2026-06-09 11:32:10.403559+00,2026-06-09 11:32:14.457+00
8cdf7fc7-d5eb-4269-a0d8-4867f42c581c,00000000-0000-0000-0000-000000000001,fc76ed99-18eb-4aff-890f-da2333cbde98,receipt,c3faee42-3376-4d76-9176-d738a3783178,25ef6338-6197-45a8-82d9-ddd0a846f1b2,"Receipt VISTA/26-27/06/00116 · ₹15,600",sent,null,2026-06-09 11:44:07.612252+00,2026-06-09 11:44:11.603+00
64f6e2d9-c9c2-44da-aef9-d85861a14fde,00000000-0000-0000-0000-000000000001,4c27c384-a8c0-46c6-8db9-42b02bf510b0,receipt,670eae79-d90e-476c-a1e2-a362f7dd66d6,9e188cc2-9f75-4d15-8fa3-9348236cae71,"Receipt VISTA/26-27/06/00117 · ₹17,321",sent,null,2026-06-09 11:45:15.651608+00,2026-06-09 11:45:19.377+00
b044d75d-040c-4957-8114-8ddca235c018,00000000-0000-0000-0000-000000000001,1d428772-8673-4b7e-bbfc-625c80b5080d,receipt,b2085046-6447-4173-9cdb-60a611c6bb40,0278721a-a690-833b-298a-16a351fb7a3a,"Receipt VISTA/26-27/06/00118 · ₹21,577",sent,null,2026-06-09 11:46:11.109734+00,2026-06-09 11:46:15.282+00
aee10f3d-059e-4341-86a7-d14270ac2755,00000000-0000-0000-0000-000000000001,1f785a8b-97bf-4aff-85f7-0825817de469,receipt,a67c6427-38ba-4c64-bf87-e0bc4c1c82f4,3b27dc97-dafa-0480-7b61-5549a3ea7eee,"Receipt VISTA/26-27/06/00120 · ₹17,918",sent,null,2026-06-10 05:56:38.988559+00,2026-06-10 05:56:45.961+00
102a914d-20fb-4f28-b592-f33ca3f4c2a9,00000000-0000-0000-0000-000000000001,74085aaa-59ad-4db6-a7f9-5922c1c89474,receipt,7f987e07-e8bd-4939-a636-ff839d8f9319,733dd472-3b1e-dd43-76e5-082ddfe66c5b,"Receipt VISTA/26-27/06/00121 · ₹17,329",sent,null,2026-06-10 05:59:52.765861+00,2026-06-10 05:59:57.355+00
d5fce547-0c3a-4f9e-ac6e-e63eae1dd75c,00000000-0000-0000-0000-000000000001,37567f02-f200-4c56-80af-ce403cc55588,receipt,4300e68e-1eae-49da-8bd7-a1ac4d45657e,a6037691-771e-8146-3714-f9dedb8acbcc,"Receipt VISTA/26-27/06/00122 · ₹16,763",sent,null,2026-06-10 06:02:27.586322+00,2026-06-10 06:02:32.337+00
bcd01ee5-4b59-4a29-b54a-0ac6dcbe6bcf,00000000-0000-0000-0000-000000000001,aa08aede-793f-45da-a77e-596de60f394d,receipt,6884b186-5835-4479-a960-7cabc4e37532,cb2574c2-6caf-4598-82dc-12b9569a6451,"Receipt VISTA/26-27/06/00123 · ₹16,443",sent,null,2026-06-10 06:10:16.726742+00,2026-06-10 06:10:20.789+00
22c2bddd-98cc-4749-b067-004499b59082,00000000-0000-0000-0000-000000000001,69f3b66a-9dc9-4cc2-8bd9-b6432f798ea6,receipt,dfd3d2f3-9e55-40e6-a943-41ef79df6385,c3c77367-5f51-f7a7-e667-0e3480f53751,"Receipt VISTA/26-27/06/00124 · ₹16,639",sent,null,2026-06-10 07:12:45.577966+00,2026-06-10 07:12:49.353+00
9d2a010b-a0ce-489a-94ef-6c62d468f3c2,00000000-0000-0000-0000-000000000001,71d53d22-0b67-48c4-a9b2-3ad494332b54,receipt,1f33beec-cb4c-4f94-8dd2-fed1549c578a,45a6242e-1317-4dfb-8a4d-ff0a57aff0b8,"Receipt VISTA/26-27/06/00125 · ₹1,000",sent,null,2026-06-10 10:39:12.41598+00,2026-06-10 10:39:16.937+00
fb0fb838-2e98-4ae4-a9da-79fde2e1e114,00000000-0000-0000-0000-000000000001,efbb8664-5d35-4d4f-b9dd-293212d1a1b5,receipt,1f33beec-cb4c-4f94-8dd2-fed1549c578a,45a6242e-1317-4dfb-8a4d-ff0a57aff0b8,"Receipt VISTA/26-27/06/00125 · ₹1,000",sent,null,2026-06-10 10:42:02.685112+00,2026-06-10 10:42:08.534+00
43b36a12-b8c2-4bf2-a61e-667ab22d8223,00000000-0000-0000-0000-000000000001,efbb8664-5d35-4d4f-b9dd-293212d1a1b5,receipt,0059a3ab-82e8-4297-a4aa-e7814c51bd23,6ea3368b-00ab-4626-a86f-7fcacb3e167e,"Receipt VISTA/26-27/06/00119 · ₹34,617",sent,null,2026-06-10 10:42:08.807274+00,2026-06-10 10:42:11.826+00
dbfcb16a-1649-4d7b-9d4f-1ae377a24165,00000000-0000-0000-0000-000000000001,efbb8664-5d35-4d4f-b9dd-293212d1a1b5,receipt,31fd9a0b-7931-4f5a-835d-23e66319f347,3d18aa61-88d3-4390-b5d3-db4cb2e31e11,"Receipt VISTA/26-27/06/00084 · ₹32,384",sent,null,2026-06-10 10:42:14.055266+00,2026-06-10 10:42:17.359+00
aec979ef-e066-4317-87f7-e2f31c61e2ff,00000000-0000-0000-0000-000000000001,efbb8664-5d35-4d4f-b9dd-293212d1a1b5,receipt,cfee0174-1983-468c-a5a3-b6ab88d688d6,3d18aa61-88d3-4390-b5d3-db4cb2e31e11,Receipt VISTA/26-27/06/R00172 · ₹800,sent,null,2026-06-10 10:42:19.158148+00,2026-06-10 10:42:23.049+00
b67c50ea-47f7-43cd-8381-44999087d93e,00000000-0000-0000-0000-000000000001,efbb8664-5d35-4d4f-b9dd-293212d1a1b5,receipt,a535d58b-a479-4801-9051-3424d068bc64,7e2a1e58-e10a-4352-ca15-59fd22f2c07e,"Receipt VISTA/26-27/06/R00164 · ₹11,023",sent,null,2026-06-10 10:42:25.096177+00,2026-06-10 10:42:28.576+00
c8b44b90-2f29-4db4-b4ac-de1ecced663f,00000000-0000-0000-0000-000000000001,efbb8664-5d35-4d4f-b9dd-293212d1a1b5,receipt,9acfffd4-cacf-437f-8d24-3d5547286eb1,f91c2854-a88b-4630-b2a6-c48401e4dd14,"Receipt VISTA/26-27/06/R00163 · ₹20,202",sent,null,2026-06-10 10:42:30.300066+00,2026-06-10 10:42:33.383+00
2fc03575-fd5a-46b8-b705-f6ef6b2aacc5,00000000-0000-0000-0000-000000000001,efbb8664-5d35-4d4f-b9dd-293212d1a1b5,receipt,0f292397-117f-4228-a133-7b2000bb82a5,6ea3368b-00ab-4626-a86f-7fcacb3e167e,"Receipt VISTA/26-27/06/00065 · ₹1,000",sent,null,2026-06-10 10:42:35.646646+00,2026-06-10 10:42:38.771+00
0619564c-6946-4f89-8b80-aec813f9c04e,00000000-0000-0000-0000-000000000001,efbb8664-5d35-4d4f-b9dd-293212d1a1b5,receipt,175b23e3-e821-4763-96bd-cbf9a24e1315,07734943-434c-4c8b-b1fa-49d7c4e8a7fe,"Receipt VISTA/26-27/06/00066 · ₹1,000",sent,null,2026-06-10 10:42:41.396494+00,2026-06-10 10:42:44.622+00
cdb1d06a-3a38-4cee-a629-5bafb090a352,00000000-0000-0000-0000-000000000001,efbb8664-5d35-4d4f-b9dd-293212d1a1b5,receipt,91a6ad2e-51c0-46a6-93c3-dfc0e498c1fa,07734943-434c-4c8b-b1fa-49d7c4e8a7fe,"Receipt VISTA/26-27/06/00067 · ₹32,867",sent,null,2026-06-10 10:42:47.084248+00,2026-06-10 10:42:49.719+00
ca582e02-f656-4ed8-9827-c571a3a05daa,00000000-0000-0000-0000-000000000001,efbb8664-5d35-4d4f-b9dd-293212d1a1b5,receipt,79fa4088-a7c0-4ac4-a1db-280a2dff5a04,1932ea80-c6eb-874e-eca8-12410fa7a608,"Receipt VISTA/26-27/06/R00160 · ₹15,329",sent,null,2026-06-10 10:42:52.503836+00,2026-06-10 10:42:55.528+00
b086dec9-6000-4843-ac2b-efccd7215eab,00000000-0000-0000-0000-000000000001,efbb8664-5d35-4d4f-b9dd-293212d1a1b5,receipt,9b99c1ef-a5f7-46e6-a97e-45ea98aa7a14,6542b72b-196a-4538-a690-2db7cc212936,"Receipt VISTA/26-27/06/R00173 · ₹20,850",sent,null,2026-06-10 10:42:57.898228+00,2026-06-10 10:43:01.166+00
2cb975ae-2c25-4933-af80-7efbce462046,00000000-0000-0000-0000-000000000001,efbb8664-5d35-4d4f-b9dd-293212d1a1b5,receipt,b3555540-7139-4b65-a9a8-4c3db607fa39,a6037691-771e-8146-3714-f9dedb8acbcc,"Receipt VISTA/26-27/06/R00135 · ₹16,763",sent,null,2026-06-10 10:43:03.128873+00,2026-06-10 10:43:06.893+00
99733359-5754-4d38-b8f7-d52e4a87ab7e,00000000-0000-0000-0000-000000000001,efbb8664-5d35-4d4f-b9dd-293212d1a1b5,receipt,2655f0d0-2e23-4333-9dbd-66fa73a5eaf7,854c86e3-8b7f-0ca8-f4ac-c6a073699611,"Receipt VISTA/26-27/06/R00132 · ₹22,321",sent,null,2026-06-10 10:43:08.374981+00,2026-06-10 10:43:11.471+00
eef5fdbf-eb67-436f-9b25-172614098176,00000000-0000-0000-0000-000000000001,efbb8664-5d35-4d4f-b9dd-293212d1a1b5,receipt,2a193df1-a97c-45cf-b480-d1c5e8526b92,e426d68a-16d2-9097-ff7d-ae2521fb52e5,"Receipt VISTA/26-27/06/R00129 · ₹20,988",sent,null,2026-06-10 10:43:13.597522+00,2026-06-10 10:43:16.55+00
49e17ca7-e082-4550-bcb4-54b9cf8a820f,00000000-0000-0000-0000-000000000001,efbb8664-5d35-4d4f-b9dd-293212d1a1b5,receipt,761e0c04-a4ea-4d8b-b1cb-3deb145c54bf,4c4ad4c9-59bf-f152-d0ff-6502ec564cc9,"Receipt VISTA/26-27/06/R00139 · ₹13,500",sent,null,2026-06-10 10:43:18.795726+00,2026-06-10 10:43:23.109+00
48c76502-7c12-45d8-8bf9-9366488f9633,00000000-0000-0000-0000-000000000001,efbb8664-5d35-4d4f-b9dd-293212d1a1b5,receipt,ec87bc61-c82e-4149-a5f3-67f57acb129a,2c05db07-e980-4d52-a524-1b1ee5185554,"Receipt VISTA/26-27/06/R00175 · ₹16,298",sent,null,2026-06-10 10:43:24.492023+00,2026-06-10 10:43:28.036+00
4586f3ba-8396-46d3-ab97-366a35fb5f46,00000000-0000-0000-0000-000000000001,efbb8664-5d35-4d4f-b9dd-293212d1a1b5,receipt,5447b54e-322c-43cd-b223-c55236bad324,03ce56c0-8798-b95d-7125-311b80363e74,"Receipt VISTA/26-27/06/R00171 · ₹16,585",sent,null,2026-06-10 10:43:29.558751+00,2026-06-10 10:43:32.617+00
5d54737c-7bb5-45b9-b87a-dfe2df438e53,00000000-0000-0000-0000-000000000001,efbb8664-5d35-4d4f-b9dd-293212d1a1b5,receipt,898d17ba-7501-48f9-88cf-8185ac14e236,706ec709-36e3-4de0-a55a-522efd0b3957,"Receipt VISTA/26-27/06/R00130 · ₹15,032",sent,null,2026-06-10 10:43:34.608158+00,2026-06-10 10:43:38.217+00
473e6d42-008f-4031-aff6-3e883786c42a,00000000-0000-0000-0000-000000000001,efbb8664-5d35-4d4f-b9dd-293212d1a1b5,receipt,c7ee2369-482e-41c4-8bad-20721d63c17e,2ac2da6e-0954-f906-32d7-a1f55477c590,"Receipt VISTA/26-27/06/R00128 · ₹15,577",sent,null,2026-06-10 10:43:39.886283+00,2026-06-10 10:43:43.022+00
0364b4fe-d6f4-4635-a7e3-7e69a30f95ef,00000000-0000-0000-0000-000000000001,efbb8664-5d35-4d4f-b9dd-293212d1a1b5,receipt,54ac3398-fb3d-4cae-8d0d-1f78ce3ed1c6,26b16f30-da65-8aa3-d1ec-4867ac2a8f35,"Receipt VISTA/26-27/06/R00138 · ₹16,639",sent,null,2026-06-10 10:43:45.195086+00,2026-06-10 10:43:48.667+00
5dfda869-44cf-4e50-bb5d-4dcae0dbf0cf,00000000-0000-0000-0000-000000000001,efbb8664-5d35-4d4f-b9dd-293212d1a1b5,receipt,06e99821-5f70-410c-96de-f33892bbecaa,af12a12c-92bf-088b-3073-292fe4dfc478,"Receipt VISTA/26-27/06/R00127 · ₹21,856",sent,null,2026-06-10 10:43:50.440123+00,2026-06-10 10:43:53.299+00
0add7ee1-d2de-4f13-b274-ae5c4fb57c85,00000000-0000-0000-0000-000000000001,efbb8664-5d35-4d4f-b9dd-293212d1a1b5,receipt,b6be22fb-d298-4123-acbe-30a0b8f622dc,b19dfc6c-a5d5-734c-3d3d-6389c281b3bb,"Receipt VISTA/26-27/06/R00133 · ₹17,825",sent,null,2026-06-10 10:43:56.774729+00,2026-06-10 10:44:00.196+00
86e96f3b-1b45-4ae7-bc8e-4a8320dd6786,00000000-0000-0000-0000-000000000001,efbb8664-5d35-4d4f-b9dd-293212d1a1b5,receipt,e920df7d-99dc-4972-8598-e20962927df0,c49181cd-07c5-4c6a-a996-4146d002c886,"Receipt VISTA/26-27/06/R00119 · ₹16,184",sent,null,2026-06-10 10:44:02.235727+00,2026-06-10 10:44:06.033+00
57ba2925-e9ff-4a2d-8a1d-66223f801f91,00000000-0000-0000-0000-000000000001,efbb8664-5d35-4d4f-b9dd-293212d1a1b5,receipt,986087c5-e14b-4a0a-971a-3595edd1c9d3,19214e19-efc4-4eea-8118-944c998e3ab6,"Receipt VISTA/26-27/06/R00121 · ₹15,955",sent,null,2026-06-10 10:44:07.415008+00,2026-06-10 10:44:10.854+00
7ff97ece-f69c-4aea-848f-c5753a893fe3,00000000-0000-0000-0000-000000000001,efbb8664-5d35-4d4f-b9dd-293212d1a1b5,receipt,33cef7c7-abb1-421a-a424-aed83c40d7a9,389859df-460c-4966-a71d-eb7bbebae67b,"Receipt VISTA/26-27/06/R00122 · ₹16,748",sent,null,2026-06-10 10:44:12.664277+00,2026-06-10 10:44:15.721+00
95792eb0-9812-4702-abbd-8ea6795fcdd8,00000000-0000-0000-0000-000000000001,efbb8664-5d35-4d4f-b9dd-293212d1a1b5,receipt,2638828a-bbd9-484e-989a-97d035ab7221,011b7d1c-5697-5394-c05b-fa0473640657,"Receipt VISTA/26-27/06/R00126 · ₹20,209",sent,null,2026-06-10 10:44:17.819349+00,2026-06-10 10:44:21.141+00
56eac883-0900-4acb-a37a-83ea35d7d0fd,00000000-0000-0000-0000-000000000001,efbb8664-5d35-4d4f-b9dd-293212d1a1b5,receipt,5d1cf578-9ef3-4f83-887f-7739cbbafb7b,55e6e452-fae2-a5ac-3c12-21424bffbcac,"Receipt VISTA/26-27/06/R00124 · ₹9,792",sent,null,2026-06-10 10:44:22.956704+00,2026-06-10 10:44:26.285+00
f7028e0c-a1c2-45a7-bd9a-e613b13c44c0,00000000-0000-0000-0000-000000000001,efbb8664-5d35-4d4f-b9dd-293212d1a1b5,receipt,a272442f-3be1-4fdd-8bf6-b85f39be2288,4f75b0ca-7bed-c37c-cfd4-1e361a1bb6d4,"Receipt VISTA/26-27/06/R00125 · ₹21,825",sent,null,2026-06-10 10:44:28.785729+00,2026-06-10 10:44:31.64+00
59859451-5b52-4a8b-95d0-93e4a11ba90d,00000000-0000-0000-0000-000000000001,efbb8664-5d35-4d4f-b9dd-293212d1a1b5,receipt,a38c8626-b11f-49bf-8213-ee4a8d32ce77,6d60a9d5-34ce-4336-9c23-231057dffa71,"Receipt VISTA/26-27/06/00044 · ₹1,000",sent,null,2026-06-10 10:44:34.21381+00,2026-06-10 10:44:37.394+00
05c1fe6c-ea84-4ae6-81d2-5473cbf934f1,00000000-0000-0000-0000-000000000001,efbb8664-5d35-4d4f-b9dd-293212d1a1b5,receipt,ad3aea38-94c7-4565-940e-a1b91c092d12,6d60a9d5-34ce-4336-9c23-231057dffa71,"Receipt VISTA/26-27/06/00045 · ₹36,167",sent,null,2026-06-10 10:44:39.323157+00,2026-06-10 10:44:42.469+00
b0523d2b-45ff-4247-a8ca-dd388ff64b38,00000000-0000-0000-0000-000000000001,efbb8664-5d35-4d4f-b9dd-293212d1a1b5,receipt,124c91b3-9954-4286-9353-0272ab8229fe,cd2c3f97-4df7-b32f-d0c0-12031beae516,"Receipt VISTA/26-27/06/R00118 · ₹17,391",sent,null,2026-06-10 10:44:44.565395+00,2026-06-10 10:44:47.81+00
1fef6162-ec2d-4b52-9380-8701f4652459,00000000-0000-0000-0000-000000000001,efbb8664-5d35-4d4f-b9dd-293212d1a1b5,receipt,1a3f2e3d-309d-41ab-8c63-31e938da27ee,1261d726-9481-43dd-bac5-f1b158c8ab32,"Receipt VISTA/26-27/06/R00078 · ₹16,606",sent,null,2026-06-10 10:44:49.710015+00,2026-06-10 10:44:52.942+00
d1e42e6b-4c24-4c61-b56a-daabc123ba14,00000000-0000-0000-0000-000000000001,efbb8664-5d35-4d4f-b9dd-293212d1a1b5,receipt,a5e01fd5-1611-4a88-8f04-2d3bbf532915,521635f8-15aa-4ce1-ab2f-276095cbbe1a,"Receipt VISTA/26-27/06/R00080 · ₹16,988",sent,null,2026-06-10 10:44:54.874012+00,2026-06-10 10:44:58.084+00
776bff92-117b-4668-b38d-2fc4e112c2e0,00000000-0000-0000-0000-000000000001,efbb8664-5d35-4d4f-b9dd-293212d1a1b5,receipt,eb4b46e8-1439-4381-b6ef-a782ed7495dd,10f3edc6-4b03-b82d-8df1-09ddaf031c0c,Receipt VISTA/26-27/06/R00088 · ₹594,sent,null,2026-06-10 10:45:00.945334+00,2026-06-10 10:45:04.614+00
e03db62d-0275-4cef-ac09-ebff1e70a655,00000000-0000-0000-0000-000000000001,efbb8664-5d35-4d4f-b9dd-293212d1a1b5,receipt,73216fd4-08c7-440f-aee5-a9e4a75c78f8,510cd475-6538-7d02-413c-1a0f553ba4e6,"Receipt VISTA/26-27/06/R00058 · ₹16,515",sent,null,2026-06-10 10:45:06.442035+00,2026-06-10 10:45:09.761+00
4b0e4afe-c256-470c-b7f9-b61f9e7a7faf,00000000-0000-0000-0000-000000000001,efbb8664-5d35-4d4f-b9dd-293212d1a1b5,receipt,677764f3-12f3-4364-90a5-b9a3b0191326,d6d33436-345a-e39c-9f8d-91c76dca514e,"Receipt VISTA/26-27/06/R00057 · ₹15,763",sent,null,2026-06-10 10:45:11.5619+00,2026-06-10 10:45:14.64+00
2aa3172a-24d9-4ad2-893e-1ee72e2f8f39,00000000-0000-0000-0000-000000000001,efbb8664-5d35-4d4f-b9dd-293212d1a1b5,receipt,fe1d1212-5079-4865-8e59-660bad2bd9ff,aa88d180-8c53-dbe4-70de-ecf38130d3ce,"Receipt VISTA/26-27/06/R00059 · ₹16,050",sent,null,2026-06-10 10:45:16.714324+00,2026-06-10 10:45:19.722+00
611d6d18-c5e0-4197-9220-adbb32b6c043,00000000-0000-0000-0000-000000000001,efbb8664-5d35-4d4f-b9dd-293212d1a1b5,receipt,96c9be6b-8cbd-49ba-8ab9-148836ef9af3,b3002707-86e9-43d5-956d-cf108fb6a23f,"Receipt VISTA/26-27/06/R00075 · ₹16,763",sent,null,2026-06-10 10:45:22.08974+00,2026-06-10 10:45:25.899+00
6aa66c5c-9654-40a9-9885-ebd27d6652e7,00000000-0000-0000-0000-000000000001,efbb8664-5d35-4d4f-b9dd-293212d1a1b5,receipt,5582807c-bad8-423e-999d-bce5e7f6f81c,de481a65-2fb4-4974-b7db-0ec990ea852d,"Receipt VISTA/26-27/06/R00076 · ₹15,500",sent,null,2026-06-10 10:45:27.551835+00,2026-06-10 10:45:30.827+00
278a3149-5c4e-4d56-9c13-8233cd858d80,00000000-0000-0000-0000-000000000001,efbb8664-5d35-4d4f-b9dd-293212d1a1b5,receipt,6aa496e3-6c19-401e-a896-92df122b4aef,f295149c-bcb1-4d48-93ce-d2ea593d29c3,"Receipt VISTA/26-27/06/R00055 · ₹16,360",sent,null,2026-06-10 10:45:33.468985+00,2026-06-10 10:45:36.749+00
0d7d7109-5127-46ff-9cb5-ca3ab6636fc2,00000000-0000-0000-0000-000000000001,efbb8664-5d35-4d4f-b9dd-293212d1a1b5,receipt,e3edc0e4-d5c2-4835-8b24-1ca297c869ee,d8c4b3c5-9b2a-4c6e-b1e8-0a98c9175234,"Receipt VISTA/26-27/06/R00052 · ₹2,204",sent,null,2026-06-10 10:45:41.217923+00,2026-06-10 10:45:43.956+00
52b0547b-9f3c-4f9c-8ec3-13c6df5a5a8f,00000000-0000-0000-0000-000000000001,efbb8664-5d35-4d4f-b9dd-293212d1a1b5,receipt,a1ca11b2-fa42-489d-bb23-b2d4adba10af,1422ace8-beea-6d1b-73fd-1d30597b40d5,"Receipt VISTA/26-27/06/R00067 · ₹21,918",sent,null,2026-06-10 10:45:49.862743+00,2026-06-10 10:45:54.059+00
abbba36e-e656-415d-ade2-8e439092c4ab,00000000-0000-0000-0000-000000000001,efbb8664-5d35-4d4f-b9dd-293212d1a1b5,receipt,8b8624c1-2d14-464a-8173-f296be80667a,8123af5e-305b-80f8-20db-4d54b7f628c7,"Receipt VISTA/26-27/06/R00054 · ₹16,918",sent,null,2026-06-10 10:45:57.979203+00,2026-06-10 10:46:01.271+00
bcf68ee9-311a-433b-abe7-67c90f2f55ba,00000000-0000-0000-0000-000000000001,efbb8664-5d35-4d4f-b9dd-293212d1a1b5,receipt,9dcacf28-27fa-462e-9687-18ade2aa69ec,b0a6f0b5-9fd8-112e-2bfa-24fa8a25779b,"Receipt VISTA/26-27/06/R00055 · ₹15,996",sent,null,2026-06-10 10:46:05.466395+00,2026-06-10 10:46:08.492+00
2aeac471-b4b6-4291-b97b-5604a8540d39,00000000-0000-0000-0000-000000000001,efbb8664-5d35-4d4f-b9dd-293212d1a1b5,receipt,6fc53696-d80b-49f6-b644-f8c1fc7d65ca,062b56c4-c469-4ef7-b4e6-9615dd770ec9,"Receipt VISTA/26-27/06/00019 · ₹37,717",sent,null,2026-06-10 10:46:15.512886+00,2026-06-10 10:46:18.48+00
8b76cfdd-daba-423a-a874-d348f94ee5e3,00000000-0000-0000-0000-000000000001,efbb8664-5d35-4d4f-b9dd-293212d1a1b5,receipt,c54b5b80-bccf-4c41-a03d-5160cf431e4e,f9eb9b23-5f60-4ec4-b990-8313323bb759,"Receipt VISTA/26-27/06/R00056 · ₹16,981",sent,null,2026-06-10 10:46:24.421631+00,2026-06-10 10:46:28.156+00
1b9cd521-189f-4033-809c-68bb4d1382b4,00000000-0000-0000-0000-000000000001,efbb8664-5d35-4d4f-b9dd-293212d1a1b5,receipt,924b729a-215a-4d5a-aeba-8d03e64e1646,66fbcb59-3d06-d8cc-b1d5-53f38a599207,"Receipt VISTA/26-27/06/R00047 · ₹15,329",sent,null,2026-06-10 10:46:33.625966+00,2026-06-10 10:46:36.718+00
9fd7b7c6-1a61-4e38-bfe5-942f2c719a3a,00000000-0000-0000-0000-000000000001,efbb8664-5d35-4d4f-b9dd-293212d1a1b5,receipt,bb0cabca-25df-41fe-9755-523d21237143,d8c4b3c5-9b2a-4c6e-b1e8-0a98c9175234,"Receipt VISTA/26-27/06/R00051 · ₹14,500",sent,null,2026-06-10 10:46:42.471572+00,2026-06-10 10:46:45+00
087f7fdb-de6c-46bf-8c0e-7fa6edf3ee16,00000000-0000-0000-0000-000000000001,efbb8664-5d35-4d4f-b9dd-293212d1a1b5,receipt,fcdaf366-7dca-4673-aadc-346c6d9fab5b,f16a668c-ea8a-b26d-9dff-4da3c53fccc7,"Receipt VISTA/26-27/06/R00049 · ₹18,321",sent,null,2026-06-10 10:46:52.476371+00,2026-06-10 10:46:55.671+00
6fe2ef62-ac96-489e-9794-117aecd3571a,00000000-0000-0000-0000-000000000001,efbb8664-5d35-4d4f-b9dd-293212d1a1b5,receipt,3092bd0d-b37d-4d2e-a82f-c246751c9b9a,d6399dd9-db95-454d-8705-856132cdb66b,"Receipt VISTA/26-27/06/00058 · ₹21,750",sent,null,2026-06-10 10:47:34.674563+00,2026-06-10 10:47:37.847+00
5b3c514b-3990-49b2-a419-5f4401f6f4bb,00000000-0000-0000-0000-000000000001,efbb8664-5d35-4d4f-b9dd-293212d1a1b5,receipt,3b206a00-acdf-4436-bd3e-60952da50719,11e59c65-004e-4eea-a733-d3a6a7c65fb1,"Receipt VISTA/26-27/06/00043 · ₹38,750",sent,null,2026-06-10 10:48:17.810902+00,2026-06-10 10:48:21.052+00
bcf276a3-3eb4-4c1c-91f3-46fae7488dda,00000000-0000-0000-0000-000000000001,efbb8664-5d35-4d4f-b9dd-293212d1a1b5,receipt,d0aaca9c-9c5a-4468-8b4f-b02abb9d65c2,8709ca2e-a8a6-48a4-b8ce-e813c4796ab9,"Receipt VISTA/26-27/06/R00086 · ₹18,187",sent,null,2026-06-10 10:48:57.476131+00,2026-06-10 10:52:34.754+00
14edda30-b459-4c7e-ba6e-019397bc5e2b,00000000-0000-0000-0000-000000000001,efbb8664-5d35-4d4f-b9dd-293212d1a1b5,receipt,4e73a025-4b82-46a8-9d2e-1f842b4f6560,5fee0a79-3970-704a-2332-f7c7598e86c1,"Receipt VISTA/26-27/06/R00062 · ₹15,492",sent,null,2026-06-10 10:49:39.996956+00,2026-06-10 10:52:34.754+00
9d9c72e4-3a36-41b0-9ba3-c61c9ab1c986,00000000-0000-0000-0000-000000000001,efbb8664-5d35-4d4f-b9dd-293212d1a1b5,receipt,258018db-b1f1-4fab-b6d9-d919149cccf4,e17238d1-34ce-0cbb-4dc0-f65e60ff52f7,"Receipt VISTA/26-27/06/R00047 · ₹21,422",sent,null,2026-06-10 10:50:19.875743+00,2026-06-10 10:52:34.754+00
33dbac43-868f-4718-9586-42e023e0397c,00000000-0000-0000-0000-000000000001,543ec2e7-033e-44c6-835d-5fb1ee5d0578,invoice,90a2e0c4-c24e-4bdb-bbd1-a37a96290721,c511ac63-cb7e-1453-92d5-ea4ffba1c360,Invoice VISTA/26-27/06/00103 · 2026-06,sent,null,2026-06-10 11:16:52.176764+00,2026-06-10 11:16:55.956+00
4c8db3f8-4400-47e2-89a2-c54aad29a25e,00000000-0000-0000-0000-000000000001,ab359461-20cd-474e-a30e-e66d48555a47,invoice,1b6e0e63-e17c-4614-965d-c319f64c514c,080eae03-9f65-4515-aec2-8924472923dd,Invoice 1b6e0e63-e17c-4614-965d-c319f64c514c · 2026-06,sent,null,2026-06-10 11:17:39.702055+00,2026-06-10 11:17:43.198+00
ea2c65c4-07e4-4d5e-8340-36e418aae179,00000000-0000-0000-0000-000000000001,64e1fc20-8cd1-4b9d-93f9-8bce4be74d8a,invoice,57074ee5-32e8-49aa-a76e-0bb7faccd877,080eae03-9f65-4515-aec2-8924472923dd,Invoice 57074ee5-32e8-49aa-a76e-0bb7faccd877 · 2026-06,sent,null,2026-06-10 11:19:51.457146+00,2026-06-10 11:19:55.407+00
a67ac654-cc5e-4ea6-bf97-ad9e2cf9aae0,00000000-0000-0000-0000-000000000001,c0c5dedc-9d58-431b-ac76-271396a3da7d,invoice,c772c2a2-ae87-470d-99a2-1998c87717df,d2449d75-0593-4deb-a6c2-fae99fc83ab0,Invoice VISTA/26-27/06/00043 · 2026-06,sent,null,2026-06-11 10:15:32.018468+00,2026-06-11 10:15:36.304+00
1dd6f079-8e96-4855-8490-077d9fbaebc6,00000000-0000-0000-0000-000000000001,f0b12cd0-0188-4f08-8542-b7ed80f89e1f,invoice,90a2e0c4-c24e-4bdb-bbd1-a37a96290721,c511ac63-cb7e-1453-92d5-ea4ffba1c360,Invoice VISTA/26-27/06/00103 · 2026-06,sent,null,2026-06-11 10:21:44.504557+00,2026-06-11 10:21:48.453+00
843ed9f7-07cd-466d-bcc0-f7c7ecaa13cc,00000000-0000-0000-0000-000000000001,86ebfef9-68fa-40e1-a607-693f6012fda6,invoice,b0d39c84-bf49-4cee-a1fe-9fa020326455,d6d6b302-4f36-4d0b-8751-2dceccd295bd,Invoice VISTA/26-27/06/00038 · 2026-06,sent,null,2026-06-11 10:23:08.01424+00,2026-06-11 10:23:11.958+00
bf9c793d-19c2-4c92-9101-da0c7777da96,00000000-0000-0000-0000-000000000001,583fd8db-00e1-4f2f-a530-c1916fb975e8,invoice,8f47eaf9-548e-43d7-8e93-5232aeaabb4a,890b32d9-f754-8150-5a18-8a21fcdf3828,Invoice VISTA/26-27/06/00090 · 2026-06,sent,null,2026-06-11 10:23:16.547833+00,2026-06-11 10:23:20.206+00
138636b5-7639-44db-9b02-81287cbe2618,00000000-0000-0000-0000-000000000001,eddb223c-b7ea-4148-a490-0fa97a16b250,invoice,f25b4128-f36e-48e2-8cdf-4f839ef5f896,ba8dd5e0-ed0e-8b6a-7098-2732476feb31,Invoice VISTA/26-27/06/00141 · 2026-06,sent,null,2026-06-11 10:31:07.699858+00,2026-06-11 10:31:51.155+00
846bc661-679f-48ab-a589-c46393ccb9fa,00000000-0000-0000-0000-000000000001,d3205da3-492c-4fea-aad0-9da7cf417029,invoice,984a330e-27e5-4536-a350-8e83302052af,ba8dd5e0-ed0e-8b6a-7098-2732476feb31,Invoice VISTA/26-27/05/00159 · 2026-05,sent,null,2026-06-11 10:31:18.875969+00,2026-06-11 10:31:24.165+00
c06204be-51e9-43ea-9a2c-d8dab5e57e37,00000000-0000-0000-0000-000000000001,4f0f3cd8-affe-4783-a036-da1701990de9,invoice,e60f4de5-c531-478c-9e6b-ecab133dece7,2794ccf7-4966-f00d-35d6-34ac17db73ea,Invoice VISTA/26-27/06/00170 · 2026-06,sent,null,2026-06-11 10:31:49.365016+00,2026-06-11 10:31:53.704+00
89841ef1-d045-4360-b7bc-058145e5ea5c,00000000-0000-0000-0000-000000000001,29f3e70a-9dc8-4d13-84cf-876e77ced88e,invoice,b7d46798-ce9c-44c4-a43d-7864c9f62b1b,fc8a412e-e0d4-35e1-37fa-5f798b7dc7f4,Invoice VISTA/26-27/06/00107 · 2026-06,sent,null,2026-06-11 10:32:17.052165+00,2026-06-11 10:32:20.875+00
f9e00222-ce93-4e9a-8e48-2cb87d7c7893,00000000-0000-0000-0000-000000000001,96a033ca-b813-415d-9faa-a02fa9488370,invoice,4d40725c-ef8f-46c6-b127-f959734f006d,a4ef95bf-1c7c-4c4d-0497-ae38085af6cc,Invoice VISTA/26-27/06/00062 · 2026-06,sent,null,2026-06-11 10:32:51.415745+00,2026-06-11 10:32:54.576+00
6baa95e0-a92b-48ec-b071-4cbc5d0afc88,00000000-0000-0000-0000-000000000001,36ebec98-3a52-4104-a8fe-fc894d0fc495,invoice,c96d1c54-a71a-4a6e-b714-d4039446e653,2c1980eb-be51-916e-8f61-1e8fe83afb0c,Invoice VISTA/26-27/06/00095 · 2026-06,sent,null,2026-06-11 10:33:03.115357+00,2026-06-11 10:33:06.774+00
5284e3fe-74eb-496a-861d-449c3517680d,00000000-0000-0000-0000-000000000001,536020b6-5bfc-4a4d-b4fd-804ad19edff7,invoice,8f47eaf9-548e-43d7-8e93-5232aeaabb4a,890b32d9-f754-8150-5a18-8a21fcdf3828,Invoice VISTA/26-27/06/00090 · 2026-06,sent,null,2026-06-11 10:33:11.49123+00,2026-06-11 10:33:14.769+00
8db75f62-dab3-4a91-8b3a-7735b7ee6ecc,00000000-0000-0000-0000-000000000001,16647aab-d430-45c1-be94-ddd4194c36f0,invoice,20d7e840-ba39-4bb9-a59f-34e4e67ffddf,398396b1-f339-683b-4307-b3441615b82a,Invoice VISTA/26-27/06/00049 · 2026-06,sent,null,2026-06-11 10:34:43.983492+00,2026-06-11 10:34:47.28+00
82917489-2c40-4b34-8beb-096ea8837e29,00000000-0000-0000-0000-000000000001,34ca1e43-7a9b-48cb-a174-b0218fe14f36,invoice,20d7e840-ba39-4bb9-a59f-34e4e67ffddf,398396b1-f339-683b-4307-b3441615b82a,Invoice VISTA/26-27/06/00049 · 2026-06,sent,null,2026-06-11 10:34:51.026733+00,2026-06-11 10:34:54.199+00
78607ce4-7611-469b-92fc-f6c6d5cf8453,00000000-0000-0000-0000-000000000001,db7f41c0-4623-46f4-9773-e9cfa21bdf45,receipt,435489d9-02d0-47d2-baea-689be8430161,11e96dd2-92f4-f793-56db-439d5b3de156,"Receipt VISTA/26-27/06/00132 · ₹1,798",sent,null,2026-06-12 04:54:45.95258+00,2026-06-12 04:54:50.404+00
89454d5a-e531-4720-b9a9-c10395344cca,00000000-0000-0000-0000-000000000001,88c87c23-e03b-4a7d-a99d-bf8d889710ef,receipt,bac5a24a-881b-4ddc-95cc-b10d878f7c4d,ba8dd5e0-ed0e-8b6a-7098-2732476feb31,"Receipt VISTA/26-27/06/00134 · ₹13,500",sent,null,2026-06-13 06:32:04.21979+00,2026-06-13 06:32:08.537+00
1504da1b-f568-4be4-b2d4-cef88893f40b,00000000-0000-0000-0000-000000000001,42de7778-5473-45da-be6e-a8a34f1a6c64,invoice,f25b4128-f36e-48e2-8cdf-4f839ef5f896,ba8dd5e0-ed0e-8b6a-7098-2732476feb31,Invoice VISTA/26-27/06/00141 · 2026-06,sent,null,2026-06-13 08:28:44.005469+00,2026-06-13 08:28:48.414+00
8f9bf97b-ed25-4993-b61e-931d36ebeadf,00000000-0000-0000-0000-000000000001,90c6c986-138f-4f4e-8231-17ec9f6924c9,invoice,984a330e-27e5-4536-a350-8e83302052af,ba8dd5e0-ed0e-8b6a-7098-2732476feb31,Invoice VISTA/26-27/05/00159 · 2026-05,sent,null,2026-06-13 08:28:59.301808+00,2026-06-13 08:29:02.701+00
3ac8ab47-9fbf-4bf6-86e1-614deab0d9dc,00000000-0000-0000-0000-000000000001,8686c8bb-6d50-4068-ae9c-12ff3c758950,receipt,27264e62-7007-4cd3-be77-50342567abae,d2449d75-0593-4deb-a6c2-fae99fc83ab0,"Receipt VISTA/26-27/06/00141 · ₹15,639",sent,null,2026-06-15 06:04:14.962732+00,2026-06-15 06:04:19.625+00
4ff8a51d-692f-471a-8a76-cca355624bbf,00000000-0000-0000-0000-000000000001,b16a8b2f-d972-4395-94d8-8e0a1de85541,receipt,b8f9c338-e6ef-44a3-9d8b-cd661fad2239,d225973a-f437-d98e-4e24-0fb32a7bfbe8,"Receipt VISTA/26-27/06/00142 · ₹18,011",sent,null,2026-06-15 07:43:09.407761+00,2026-06-15 07:43:15.918+00
48e9885a-62d5-4388-837d-737ea6ade11c,00000000-0000-0000-0000-000000000001,9740ee9c-a39c-4ee2-9324-8ee152e2c5a7,invoice,c89c0a45-ad31-40ec-8ce3-f9be02d8cb70,23f7ef5f-6b26-a104-b616-b438d7e9243c,Invoice VISTA/26-27/05/00148 · 2026-05,sent,null,2026-06-15 07:44:46.896415+00,2026-06-15 07:44:50.094+00
c3573eac-ea8b-47fb-a351-681ae2126573,00000000-0000-0000-0000-000000000001,7e1aa257-12a7-4a29-ac6f-30a590c6e900,invoice,0adbcd63-dcfe-4d00-8aef-d6c221519fde,38069f8b-d44e-0b86-a0d1-dafac5ae1232,Invoice VISTA/26-27/06/00153 · 2026-06,sent,null,2026-06-15 07:46:10.972442+00,2026-06-15 07:46:14.547+00
f047abf2-b519-4df0-b236-6bd12712a6c9,00000000-0000-0000-0000-000000000001,d03c8d15-b3bb-47ec-951f-c300bdaa272e,invoice,ac19ccb2-0634-4210-9241-f9c5ecd354eb,4e39608a-6f55-4cc0-ac26-00c939421464,Invoice VISTA/26-27/06/00197 · 2026-06,sent,null,2026-06-15 08:11:32.34121+00,2026-06-15 08:11:36.186+00
1b74b4fa-7931-48a5-86bd-20957faa9cc0,00000000-0000-0000-0000-000000000001,226c03f2-062b-4efe-8d14-00e6a29a3689,invoice,ac19ccb2-0634-4210-9241-f9c5ecd354eb,4e39608a-6f55-4cc0-ac26-00c939421464,Invoice VISTA/26-27/06/00197 · 2026-06,sent,null,2026-06-15 08:12:29.017724+00,2026-06-15 08:12:32.447+00
e43e9bc9-e876-4a15-afdc-864c2a9e1c18,00000000-0000-0000-0000-000000000001,d13f08c0-63c5-499e-a6aa-25b4acb9c726,receipt,eea41b1b-ef4c-44b7-b2c4-39103077d21f,080eae03-9f65-4515-aec2-8924472923dd,"Receipt VISTA/26-27/06/00143 · ₹19,702",sent,null,2026-06-17 06:23:25.465504+00,2026-06-17 06:23:30.335+00
60b03aff-547b-4baa-8b35-331dc822831c,00000000-0000-0000-0000-000000000001,a9d4c16b-57b0-459b-a190-e5c2a07d48ce,receipt,2def00fe-273b-487f-a6e0-acdbd9d230e6,38069f8b-d44e-0b86-a0d1-dafac5ae1232,"Receipt VISTA/26-27/06/00144 · ₹2,170",sent,null,2026-06-18 10:43:31.239728+00,2026-06-18 10:43:36.358+00
78937493-5739-4f5a-8cba-d0865e88d84d,00000000-0000-0000-0000-000000000001,d61915ba-6efe-4d2f-a309-7d05e294ee63,receipt,348ed84b-7269-4319-b393-a6f8a23d3e24,71a9340d-9832-4609-a110-d9b5aaffc020,"Receipt VISTA/26-27/06/00161 · ₹30,217",failed,"Unsupported post request. Object with ID '1063194113550174' does not exist, cannot be loaded due to missing permissions, or does not support this operation. Please read the Graph API documentation at https://developers.facebook.com/docs/graph-api",2026-06-29 05:29:26.885608+00,null
857d5a28-6760-4f64-a24a-ecdb530ceeb9,00000000-0000-0000-0000-000000000001,cf9543f1-9165-4f99-8627-fa167159b417,receipt,348ed84b-7269-4319-b393-a6f8a23d3e24,71a9340d-9832-4609-a110-d9b5aaffc020,"Receipt VISTA/26-27/06/00161 · ₹30,217",failed,"Unsupported post request. Object with ID '1063194113550174' does not exist, cannot be loaded due to missing permissions, or does not support this operation. Please read the Graph API documentation at https://developers.facebook.com/docs/graph-api",2026-06-29 05:29:30.118099+00,null
9cfea5db-5b3b-4afb-a999-c4bdb1cb957a,00000000-0000-0000-0000-000000000001,6ba888e9-6d3c-4332-a49d-f7fb53c106ec,receipt,348ed84b-7269-4319-b393-a6f8a23d3e24,71a9340d-9832-4609-a110-d9b5aaffc020,"Receipt VISTA/26-27/06/00161 · ₹30,217",failed,"Unsupported post request. Object with ID '1063194113550174' does not exist, cannot be loaded due to missing permissions, or does not support this operation. Please read the Graph API documentation at https://developers.facebook.com/docs/graph-api",2026-06-29 05:50:44.590095+00,null
41052e4d-3ee7-4868-8474-7d8eb7face24,00000000-0000-0000-0000-000000000001,a5d3f109-c5fd-4779-855b-15a952e9e33d,receipt,348ed84b-7269-4319-b393-a6f8a23d3e24,71a9340d-9832-4609-a110-d9b5aaffc020,"Receipt VISTA/26-27/06/00161 · ₹30,217",failed,"Unsupported post request. Object with ID '1063194113550174' does not exist, cannot be loaded due to missing permissions, or does not support this operation. Please read the Graph API documentation at https://developers.facebook.com/docs/graph-api",2026-06-29 05:50:44.616558+00,null
f4f2e8e5-400f-4cac-abe0-38b926fa2717,00000000-0000-0000-0000-000000000001,a5d3f109-c5fd-4779-855b-15a952e9e33d,receipt,8eab5461-16f3-4248-8674-c2bd95502924,2a00764b-10fd-4f2c-84a8-b611cf9b893a,"Receipt VISTA/26-27/06/00160 · ₹23,200",failed,"Unsupported post request. Object with ID '1063194113550174' does not exist, cannot be loaded due to missing permissions, or does not support this operation. Please read the Graph API documentation at https://developers.facebook.com/docs/graph-api",2026-06-29 05:50:58.649614+00,null
cfb994f0-1492-45dd-82f7-a1f41fd805b3,00000000-0000-0000-0000-000000000001,6ba888e9-6d3c-4332-a49d-f7fb53c106ec,receipt,8eab5461-16f3-4248-8674-c2bd95502924,2a00764b-10fd-4f2c-84a8-b611cf9b893a,"Receipt VISTA/26-27/06/00160 · ₹23,200",failed,"Unsupported post request. Object with ID '1063194113550174' does not exist, cannot be loaded due to missing permissions, or does not support this operation. Please read the Graph API documentation at https://developers.facebook.com/docs/graph-api",2026-06-29 05:50:58.772557+00,null
591b5e6a-9824-4d6c-8f17-88bbb4836ad8,00000000-0000-0000-0000-000000000001,a5d3f109-c5fd-4779-855b-15a952e9e33d,receipt,4d80f588-89c8-4d9b-a601-d1342bbfe56f,61492721-611b-479f-9815-e09e0d7c95fd,"Receipt VISTA/26-27/06/00159 · ₹1,000",failed,"Unsupported post request. Object with ID '1063194113550174' does not exist, cannot be loaded due to missing permissions, or does not support this operation. Please read the Graph API documentation at https://developers.facebook.com/docs/graph-api",2026-06-29 05:51:13.071482+00,null
774d8fea-c03b-40d8-a0e0-f2f59efac389,00000000-0000-0000-0000-000000000001,6ba888e9-6d3c-4332-a49d-f7fb53c106ec,receipt,4d80f588-89c8-4d9b-a601-d1342bbfe56f,61492721-611b-479f-9815-e09e0d7c95fd,"Receipt VISTA/26-27/06/00159 · ₹1,000",failed,"Unsupported post request. Object with ID '1063194113550174' does not exist, cannot be loaded due to missing permissions, or does not support this operation. Please read the Graph API documentation at https://developers.facebook.com/docs/graph-api",2026-06-29 05:51:13.29025+00,null
2332e7f1-8b71-4773-ab5a-cd7c3d17aef0,00000000-0000-0000-0000-000000000001,a5d3f109-c5fd-4779-855b-15a952e9e33d,receipt,c329258a-901f-404f-8822-6cb17a8a5edc,41a311d7-b970-4e78-a30e-a633fc4e5f2f,"Receipt VISTA/26-27/06/00158 · ₹1,000",failed,"Unsupported post request. Object with ID '1063194113550174' does not exist, cannot be loaded due to missing permissions, or does not support this operation. Please read the Graph API documentation at https://developers.facebook.com/docs/graph-api",2026-06-29 05:51:24.792974+00,null
4c327990-0d1f-4bd0-b6e7-4cf003ae17a7,00000000-0000-0000-0000-000000000001,6ba888e9-6d3c-4332-a49d-f7fb53c106ec,receipt,c329258a-901f-404f-8822-6cb17a8a5edc,41a311d7-b970-4e78-a30e-a633fc4e5f2f,"Receipt VISTA/26-27/06/00158 · ₹1,000",failed,"Unsupported post request. Object with ID '1063194113550174' does not exist, cannot be loaded due to missing permissions, or does not support this operation. Please read the Graph API documentation at https://developers.facebook.com/docs/graph-api",2026-06-29 05:51:24.937134+00,null
d7b3f484-b27e-407d-a6df-50da0ec4e06b,00000000-0000-0000-0000-000000000001,a5d3f109-c5fd-4779-855b-15a952e9e33d,receipt,eaa4fcdc-8c91-4eea-a56b-098ace728b0e,30f37c32-22c8-495f-9468-246790e56559,"Receipt VISTA/26-27/06/00157 · ₹1,000",failed,"Unsupported post request. Object with ID '1063194113550174' does not exist, cannot be loaded due to missing permissions, or does not support this operation. Please read the Graph API documentation at https://developers.facebook.com/docs/graph-api",2026-06-29 05:51:37.329056+00,null
f39f57c5-9fb5-4690-a491-c268e53fd243,00000000-0000-0000-0000-000000000001,6ba888e9-6d3c-4332-a49d-f7fb53c106ec,receipt,eaa4fcdc-8c91-4eea-a56b-098ace728b0e,30f37c32-22c8-495f-9468-246790e56559,"Receipt VISTA/26-27/06/00157 · ₹1,000",failed,"Unsupported post request. Object with ID '1063194113550174' does not exist, cannot be loaded due to missing permissions, or does not support this operation. Please read the Graph API documentation at https://developers.facebook.com/docs/graph-api",2026-06-29 05:51:37.408012+00,null
466672c3-8572-4b79-a226-d8593cb105c1,00000000-0000-0000-0000-000000000001,a5d3f109-c5fd-4779-855b-15a952e9e33d,receipt,bd28940d-2976-4bfd-9e13-43a24230611f,961c950e-debe-4dd2-8e5f-08bf92bda977,"Receipt VISTA/26-27/06/00155 · ₹1,000",failed,"Unsupported post request. Object with ID '1063194113550174' does not exist, cannot be loaded due to missing permissions, or does not support this operation. Please read the Graph API documentation at https://developers.facebook.com/docs/graph-api",2026-06-29 05:51:49.545673+00,null
4f52750b-2c7e-4d70-87bc-07f5259a4986,00000000-0000-0000-0000-000000000001,6ba888e9-6d3c-4332-a49d-f7fb53c106ec,receipt,bd28940d-2976-4bfd-9e13-43a24230611f,961c950e-debe-4dd2-8e5f-08bf92bda977,"Receipt VISTA/26-27/06/00155 · ₹1,000",failed,"Unsupported post request. Object with ID '1063194113550174' does not exist, cannot be loaded due to missing permissions, or does not support this operation. Please read the Graph API documentation at https://developers.facebook.com/docs/graph-api",2026-06-29 05:51:49.552827+00,null
acec7915-c952-497a-835b-1ae7b2778668,00000000-0000-0000-0000-000000000001,6ba888e9-6d3c-4332-a49d-f7fb53c106ec,receipt,8669b5ab-f39a-449c-8b99-2e55cc25329c,e5e7cb26-5b8b-4848-9703-1c34eb249447,"Receipt VISTA/26-27/06/00156 · ₹1,000",failed,"Unsupported post request. Object with ID '1063194113550174' does not exist, cannot be loaded due to missing permissions, or does not support this operation. Please read the Graph API documentation at https://developers.facebook.com/docs/graph-api",2026-06-29 05:52:01.352487+00,null
8dcd00bb-7b25-42f3-ad88-03c13f37a59d,00000000-0000-0000-0000-000000000001,a5d3f109-c5fd-4779-855b-15a952e9e33d,receipt,8669b5ab-f39a-449c-8b99-2e55cc25329c,e5e7cb26-5b8b-4848-9703-1c34eb249447,"Receipt VISTA/26-27/06/00156 · ₹1,000",failed,"Unsupported post request. Object with ID '1063194113550174' does not exist, cannot be loaded due to missing permissions, or does not support this operation. Please read the Graph API documentation at https://developers.facebook.com/docs/graph-api",2026-06-29 05:52:01.406165+00,null
416f7512-137a-46a5-94a7-23f39a2bb339,00000000-0000-0000-0000-000000000001,a5d3f109-c5fd-4779-855b-15a952e9e33d,receipt,f33ba78e-eb6a-42d1-b466-4ea0feb84906,1604768e-85d5-4c44-882a-b748eddc1f37,"Receipt VISTA/26-27/06/00153 · ₹1,000",failed,"Unsupported post request. Object with ID '1063194113550174' does not exist, cannot be loaded due to missing permissions, or does not support this operation. Please read the Graph API documentation at https://developers.facebook.com/docs/graph-api",2026-06-29 05:52:14.128081+00,null
72ada332-bb9b-429d-895c-00119bc4af46,00000000-0000-0000-0000-000000000001,6ba888e9-6d3c-4332-a49d-f7fb53c106ec,receipt,f33ba78e-eb6a-42d1-b466-4ea0feb84906,1604768e-85d5-4c44-882a-b748eddc1f37,"Receipt VISTA/26-27/06/00153 · ₹1,000",failed,"Unsupported post request. Object with ID '1063194113550174' does not exist, cannot be loaded due to missing permissions, or does not support this operation. Please read the Graph API documentation at https://developers.facebook.com/docs/graph-api",2026-06-29 05:52:14.161411+00,null
e5d339f7-b9cf-45b6-8860-c8c5d910c47a,00000000-0000-0000-0000-000000000001,a5d3f109-c5fd-4779-855b-15a952e9e33d,receipt,f4992d1b-4e6d-4624-9bc4-cac181f2cddf,71a9340d-9832-4609-a110-d9b5aaffc020,"Receipt VISTA/26-27/06/00154 · ₹1,000",failed,"Unsupported post request. Object with ID '1063194113550174' does not exist, cannot be loaded due to missing permissions, or does not support this operation. Please read the Graph API documentation at https://developers.facebook.com/docs/graph-api",2026-06-29 05:52:25.985374+00,null
a4a204cd-19e5-44ed-9324-d9b932643eab,00000000-0000-0000-0000-000000000001,6ba888e9-6d3c-4332-a49d-f7fb53c106ec,receipt,f4992d1b-4e6d-4624-9bc4-cac181f2cddf,71a9340d-9832-4609-a110-d9b5aaffc020,"Receipt VISTA/26-27/06/00154 · ₹1,000",failed,"Unsupported post request. Object with ID '1063194113550174' does not exist, cannot be loaded due to missing permissions, or does not support this operation. Please read the Graph API documentation at https://developers.facebook.com/docs/graph-api",2026-06-29 05:52:25.98976+00,null
922497d2-f16a-408e-bbd3-ec1f31308f65,00000000-0000-0000-0000-000000000001,6ba888e9-6d3c-4332-a49d-f7fb53c106ec,receipt,b7387fb1-ac9d-42b5-af76-8d331608ca27,2a00764b-10fd-4f2c-84a8-b611cf9b893a,"Receipt VISTA/26-27/06/00152 · ₹1,000",failed,"Unsupported post request. Object with ID '1063194113550174' does not exist, cannot be loaded due to missing permissions, or does not support this operation. Please read the Graph API documentation at https://developers.facebook.com/docs/graph-api",2026-06-29 05:52:37.565916+00,null
7ba85848-213c-4fd5-b831-8557fa6e6b9f,00000000-0000-0000-0000-000000000001,a5d3f109-c5fd-4779-855b-15a952e9e33d,receipt,b7387fb1-ac9d-42b5-af76-8d331608ca27,2a00764b-10fd-4f2c-84a8-b611cf9b893a,"Receipt VISTA/26-27/06/00152 · ₹1,000",failed,"Unsupported post request. Object with ID '1063194113550174' does not exist, cannot be loaded due to missing permissions, or does not support this operation. Please read the Graph API documentation at https://developers.facebook.com/docs/graph-api",2026-06-29 05:52:37.59247+00,null
636e50bf-2714-42ff-a4af-69bc1b25c161,00000000-0000-0000-0000-000000000001,6ba888e9-6d3c-4332-a49d-f7fb53c106ec,receipt,876467d0-00e6-4c87-856e-36b85e742883,5eb9cf08-d888-4c7c-b6da-0b773bb39bba,"Receipt VISTA/26-27/06/00151 · ₹1,000",failed,"Unsupported post request. Object with ID '1063194113550174' does not exist, cannot be loaded due to missing permissions, or does not support this operation. Please read the Graph API documentation at https://developers.facebook.com/docs/graph-api",2026-06-29 05:52:49.386821+00,null
31e0d29a-5fcf-4941-b6ba-967cbfc26a05,00000000-0000-0000-0000-000000000001,a5d3f109-c5fd-4779-855b-15a952e9e33d,receipt,876467d0-00e6-4c87-856e-36b85e742883,5eb9cf08-d888-4c7c-b6da-0b773bb39bba,"Receipt VISTA/26-27/06/00151 · ₹1,000",failed,"Unsupported post request. Object with ID '1063194113550174' does not exist, cannot be loaded due to missing permissions, or does not support this operation. Please read the Graph API documentation at https://developers.facebook.com/docs/graph-api",2026-06-29 05:52:49.581641+00,null
ad4d1103-1310-45c1-81d1-253d44d45bfc,00000000-0000-0000-0000-000000000001,6ba888e9-6d3c-4332-a49d-f7fb53c106ec,receipt,4a74a42f-438f-4cfa-ab85-63ccb903736e,c2f58086-b0e6-4083-b634-acc444ebc69f,"Receipt VISTA/26-27/06/00149 · ₹1,000",failed,"Unsupported post request. Object with ID '1063194113550174' does not exist, cannot be loaded due to missing permissions, or does not support this operation. Please read the Graph API documentation at https://developers.facebook.com/docs/graph-api",2026-06-29 05:53:02.1603+00,null
bcfdc5e4-af44-40ef-8676-6d3d597d17f4,00000000-0000-0000-0000-000000000001,a5d3f109-c5fd-4779-855b-15a952e9e33d,receipt,4a74a42f-438f-4cfa-ab85-63ccb903736e,c2f58086-b0e6-4083-b634-acc444ebc69f,"Receipt VISTA/26-27/06/00149 · ₹1,000",failed,"Unsupported post request. Object with ID '1063194113550174' does not exist, cannot be loaded due to missing permissions, or does not support this operation. Please read the Graph API documentation at https://developers.facebook.com/docs/graph-api",2026-06-29 05:53:02.522231+00,null
07143932-f6c0-4a1a-816e-9caaf729fb27,00000000-0000-0000-0000-000000000001,6ba888e9-6d3c-4332-a49d-f7fb53c106ec,receipt,cc4b532e-2cf5-4389-a566-1ca90a234358,9eb73523-a830-4796-9317-1a3f4e9e7254,"Receipt VISTA/26-27/06/00150 · ₹1,000",failed,"Unsupported post request. Object with ID '1063194113550174' does not exist, cannot be loaded due to missing permissions, or does not support this operation. Please read the Graph API documentation at https://developers.facebook.com/docs/graph-api",2026-06-29 05:53:14.150086+00,null
4a5bbb2b-d7d7-4756-aeb7-efdd23ed45b0,00000000-0000-0000-0000-000000000001,a5d3f109-c5fd-4779-855b-15a952e9e33d,receipt,cc4b532e-2cf5-4389-a566-1ca90a234358,9eb73523-a830-4796-9317-1a3f4e9e7254,"Receipt VISTA/26-27/06/00150 · ₹1,000",failed,"Unsupported post request. Object with ID '1063194113550174' does not exist, cannot be loaded due to missing permissions, or does not support this operation. Please read the Graph API documentation at https://developers.facebook.com/docs/graph-api",2026-06-29 05:53:14.239592+00,null
ef85c91a-7861-4c96-8d87-3cda4f967e87,00000000-0000-0000-0000-000000000001,a5d3f109-c5fd-4779-855b-15a952e9e33d,receipt,97aba0d4-d1ad-44e3-8594-4cc8fc06cc21,2d700a6b-44c4-438b-841f-febe1b2c47a7,"Receipt VISTA/26-27/06/00148 · ₹28,567",failed,"Unsupported post request. Object with ID '1063194113550174' does not exist, cannot be loaded due to missing permissions, or does not support this operation. Please read the Graph API documentation at https://developers.facebook.com/docs/graph-api",2026-06-29 05:53:27.549172+00,null
cbd7cff7-28dd-4fd7-942e-92a72f5985fb,00000000-0000-0000-0000-000000000001,6ba888e9-6d3c-4332-a49d-f7fb53c106ec,receipt,97aba0d4-d1ad-44e3-8594-4cc8fc06cc21,2d700a6b-44c4-438b-841f-febe1b2c47a7,"Receipt VISTA/26-27/06/00148 · ₹28,567",failed,"Unsupported post request. Object with ID '1063194113550174' does not exist, cannot be loaded due to missing permissions, or does not support this operation. Please read the Graph API documentation at https://developers.facebook.com/docs/graph-api",2026-06-29 05:53:27.559906+00,null
3e85669d-187c-4413-b3ba-78e490307156,00000000-0000-0000-0000-000000000001,a5d3f109-c5fd-4779-855b-15a952e9e33d,receipt,bffb5df8-d856-4208-b04c-0a2c76762aa5,2d700a6b-44c4-438b-841f-febe1b2c47a7,"Receipt VISTA/26-27/06/00147 · ₹1,000",failed,"Unsupported post request. Object with ID '1063194113550174' does not exist, cannot be loaded due to missing permissions, or does not support this operation. Please read the Graph API documentation at https://developers.facebook.com/docs/graph-api",2026-06-29 05:53:39.15938+00,null
e8afa854-db59-407d-91b9-35ec3a59cfd7,00000000-0000-0000-0000-000000000001,6ba888e9-6d3c-4332-a49d-f7fb53c106ec,receipt,bffb5df8-d856-4208-b04c-0a2c76762aa5,2d700a6b-44c4-438b-841f-febe1b2c47a7,"Receipt VISTA/26-27/06/00147 · ₹1,000",failed,"Unsupported post request. Object with ID '1063194113550174' does not exist, cannot be loaded due to missing permissions, or does not support this operation. Please read the Graph API documentation at https://developers.facebook.com/docs/graph-api",2026-06-29 05:53:39.168048+00,null
0f637168-4363-4738-b159-b9952f26b5a0,00000000-0000-0000-0000-000000000001,6ba888e9-6d3c-4332-a49d-f7fb53c106ec,receipt,68612486-f547-4a7c-8a86-7e02dcdea475,06061874-ce68-4008-82f6-50ace2ba4bf4,"Receipt VISTA/26-27/06/00145 · ₹1,000",failed,"Unsupported post request. Object with ID '1063194113550174' does not exist, cannot be loaded due to missing permissions, or does not support this operation. Please read the Graph API documentation at https://developers.facebook.com/docs/graph-api",2026-06-29 05:53:52.201534+00,null
0d93bb28-18c9-4cc5-a184-93bd3a308838,00000000-0000-0000-0000-000000000001,a5d3f109-c5fd-4779-855b-15a952e9e33d,receipt,68612486-f547-4a7c-8a86-7e02dcdea475,06061874-ce68-4008-82f6-50ace2ba4bf4,"Receipt VISTA/26-27/06/00145 · ₹1,000",failed,"Unsupported post request. Object with ID '1063194113550174' does not exist, cannot be loaded due to missing permissions, or does not support this operation. Please read the Graph API documentation at https://developers.facebook.com/docs/graph-api",2026-06-29 05:53:52.221173+00,null
75770857-a13b-48ff-b669-2d7b936bf1dd,00000000-0000-0000-0000-000000000001,6e63417c-3400-4669-ba3a-0ff2d860fe1b,receipt,348ed84b-7269-4319-b393-a6f8a23d3e24,71a9340d-9832-4609-a110-d9b5aaffc020,"Receipt VISTA/26-27/06/00161 · ₹30,217",failed,"Unsupported post request. Object with ID '1063194113550174' does not exist, cannot be loaded due to missing permissions, or does not support this operation. Please read the Graph API documentation at https://developers.facebook.com/docs/graph-api",2026-06-29 05:54:14.583176+00,null
cea4de39-e239-42f6-a683-4e636c3d6778,00000000-0000-0000-0000-000000000001,c97fd01d-6bee-4fe7-ba38-556de93c4eed,receipt,348ed84b-7269-4319-b393-a6f8a23d3e24,71a9340d-9832-4609-a110-d9b5aaffc020,"Receipt VISTA/26-27/06/00161 · ₹30,217",failed,"Unsupported post request. Object with ID '1063194113550174' does not exist, cannot be loaded due to missing permissions, or does not support this operation. Please read the Graph API documentation at https://developers.facebook.com/docs/graph-api",2026-06-29 05:56:49.844882+00,null
b811bf95-88fa-44c3-bce0-141a4eb48663,00000000-0000-0000-0000-000000000001,8f3a74c9-8079-4722-aaa1-14219c854536,receipt,8eab5461-16f3-4248-8674-c2bd95502924,2a00764b-10fd-4f2c-84a8-b611cf9b893a,"Receipt VISTA/26-27/06/00160 · ₹23,200",failed,"Unsupported post request. Object with ID '1063194113550174' does not exist, cannot be loaded due to missing permissions, or does not support this operation. Please read the Graph API documentation at https://developers.facebook.com/docs/graph-api",2026-06-29 05:57:07.602371+00,null
be059070-2a37-4728-bfbe-d7e908b8e31d,00000000-0000-0000-0000-000000000001,4c10de83-dfee-4a21-862d-44e257416edc,receipt,da182805-9f32-46ea-a870-819f86048525,1604768e-85d5-4c44-882a-b748eddc1f37,"Receipt VISTA/26-27/06/00162 · ₹23,200",failed,"Unsupported post request. Object with ID '1063194113550174' does not exist, cannot be loaded due to missing permissions, or does not support this operation. Please read the Graph API documentation at https://developers.facebook.com/docs/graph-api",2026-06-29 11:24:10.427371+00,null
780db899-4653-4946-ad80-88422ba2ed74,00000000-0000-0000-0000-000000000001,7be361c9-3fd8-483e-9412-98b2b68dc72c,receipt,da182805-9f32-46ea-a870-819f86048525,1604768e-85d5-4c44-882a-b748eddc1f37,"Receipt VISTA/26-27/06/00162 · ₹23,200",failed,"Unsupported post request. Object with ID '1063194113550174' does not exist, cannot be loaded due to missing permissions, or does not support this operation. Please read the Graph API documentation at https://developers.facebook.com/docs/graph-api",2026-06-29 11:24:10.504429+00,null
0aee5c97-7f82-4bf0-a79c-39ca15f7608b,00000000-0000-0000-0000-000000000001,4c10de83-dfee-4a21-862d-44e257416edc,receipt,f33ba78e-eb6a-42d1-b466-4ea0feb84906,1604768e-85d5-4c44-882a-b748eddc1f37,"Receipt VISTA/26-27/06/00153 · ₹1,000",failed,"Unsupported post request. Object with ID '1063194113550174' does not exist, cannot be loaded due to missing permissions, or does not support this operation. Please read the Graph API documentation at https://developers.facebook.com/docs/graph-api",2026-06-29 11:24:10.705701+00,null
f6eb19f9-9686-4909-add8-3c5440ebfbbd,00000000-0000-0000-0000-000000000001,7be361c9-3fd8-483e-9412-98b2b68dc72c,receipt,f33ba78e-eb6a-42d1-b466-4ea0feb84906,1604768e-85d5-4c44-882a-b748eddc1f37,"Receipt VISTA/26-27/06/00153 · ₹1,000",failed,"Unsupported post request. Object with ID '1063194113550174' does not exist, cannot be loaded due to missing permissions, or does not support this operation. Please read the Graph API documentation at https://developers.facebook.com/docs/graph-api",2026-06-29 11:24:10.800129+00,null
4dc151f0-034e-4a94-8252-5e42d09646ad,00000000-0000-0000-0000-000000000001,cb14d380-c8f3-470b-a91f-229c357ea229,receipt,da182805-9f32-46ea-a870-819f86048525,1604768e-85d5-4c44-882a-b748eddc1f37,"Receipt VISTA/26-27/06/00162 · ₹23,200",failed,"Unsupported post request. Object with ID '1063194113550174' does not exist, cannot be loaded due to missing permissions, or does not support this operation. Please read the Graph API documentation at https://developers.facebook.com/docs/graph-api",2026-06-29 11:24:31.137887+00,null
79aabc9e-66b0-4d56-9efb-3fcd02ac65da,00000000-0000-0000-0000-000000000001,cb14d380-c8f3-470b-a91f-229c357ea229,receipt,f33ba78e-eb6a-42d1-b466-4ea0feb84906,1604768e-85d5-4c44-882a-b748eddc1f37,"Receipt VISTA/26-27/06/00153 · ₹1,000",failed,"Unsupported post request. Object with ID '1063194113550174' does not exist, cannot be loaded due to missing permissions, or does not support this operation. Please read the Graph API documentation at https://developers.facebook.com/docs/graph-api",2026-06-29 11:24:31.428743+00,null
c1d6b951-e3f1-4f2a-b0e7-5d1ad58083ba,00000000-0000-0000-0000-000000000001,a0bf1521-fa24-4c1f-be62-393372a97230,receipt,da182805-9f32-46ea-a870-819f86048525,1604768e-85d5-4c44-882a-b748eddc1f37,"Receipt VISTA/26-27/06/00162 · ₹23,200",failed,"Unsupported post request. Object with ID '1063194113550174' does not exist, cannot be loaded due to missing permissions, or does not support this operation. Please read the Graph API documentation at https://developers.facebook.com/docs/graph-api",2026-06-29 11:25:13.601106+00,null
03152e61-a152-43d8-883c-a7a5a21417e3,00000000-0000-0000-0000-000000000001,a0bf1521-fa24-4c1f-be62-393372a97230,receipt,f33ba78e-eb6a-42d1-b466-4ea0feb84906,1604768e-85d5-4c44-882a-b748eddc1f37,"Receipt VISTA/26-27/06/00153 · ₹1,000",failed,"Unsupported post request. Object with ID '1063194113550174' does not exist, cannot be loaded due to missing permissions, or does not support this operation. Please read the Graph API documentation at https://developers.facebook.com/docs/graph-api",2026-06-29 11:25:13.806678+00,null
851c3b02-ecc3-43cb-a914-b7b001f296bf,00000000-0000-0000-0000-000000000001,66c6f3a1-a062-4d6e-aa41-bb6da5a132c5,receipt,a6b644c9-fe3e-4eb6-b1c8-66369a3b9701,398396b1-f339-683b-4307-b3441615b82a,"Receipt  · ₹17,431",failed,"Unsupported post request. Object with ID '1063194113550174' does not exist, cannot be loaded due to missing permissions, or does not support this operation. Please read the Graph API documentation at https://developers.facebook.com/docs/graph-api",2026-06-29 11:26:22.966126+00,null
f374ea46-6814-4577-a75c-72df210616a6,00000000-0000-0000-0000-000000000001,2350b5f5-4140-4f62-a09d-182afbaa75a4,receipt,a6b644c9-fe3e-4eb6-b1c8-66369a3b9701,398396b1-f339-683b-4307-b3441615b82a,"Receipt  · ₹17,431",failed,"Unsupported post request. Object with ID '1063194113550174' does not exist, cannot be loaded due to missing permissions, or does not support this operation. Please read the Graph API documentation at https://developers.facebook.com/docs/graph-api",2026-06-29 11:32:32.831951+00,null
e1fa7b72-6cb7-4095-b545-13d05bbee333,00000000-0000-0000-0000-000000000001,aac8cdc0-dff5-4747-9c6e-ee8b8680743d,receipt,a6b644c9-fe3e-4eb6-b1c8-66369a3b9701,398396b1-f339-683b-4307-b3441615b82a,"Receipt  · ₹17,431",failed,"Unsupported post request. Object with ID '1063194113550174' does not exist, cannot be loaded due to missing permissions, or does not support this operation. Please read the Graph API documentation at https://developers.facebook.com/docs/graph-api",2026-06-29 11:35:05.565798+00,null
79f4f512-931b-4a50-abc9-9c45c7ddb6ba,00000000-0000-0000-0000-000000000001,515c2d76-0ac7-4ae4-bd32-3b048ba93edb,invoice,1054e61f-7c35-4654-a8b4-887ef3bf770a,38305983-db92-2c3c-7949-96f7ca7833eb,Invoice VISTA/26-27/07/00068 · 2026-07,sent,null,2026-06-30 10:40:51.842394+00,2026-06-30 10:40:56.123+00
1e52e231-885b-4733-b8f6-dae116d6e7cc,00000000-0000-0000-0000-000000000001,515c2d76-0ac7-4ae4-bd32-3b048ba93edb,invoice,402dd917-4900-447a-9102-25f7cec50589,11e96dd2-92f4-f793-56db-439d5b3de156,Invoice VISTA/26-27/07/00100 · 2026-07,sent,null,2026-06-30 10:40:57.002156+00,2026-06-30 10:41:01.433+00
a20f8e81-f2c5-4fc7-b04b-1d8f9c11afd1,00000000-0000-0000-0000-000000000001,515c2d76-0ac7-4ae4-bd32-3b048ba93edb,invoice,eb14811e-8ca3-4f83-b140-8c5759489240,f59fa4ad-6dca-c7e7-d459-5326609a6412,Invoice VISTA/26-27/07/00058 · 2026-07,sent,null,2026-06-30 10:41:02.080962+00,2026-06-30 10:41:05.668+00
8f0d83bf-8fed-48e8-946f-81d9081d86e5,00000000-0000-0000-0000-000000000001,515c2d76-0ac7-4ae4-bd32-3b048ba93edb,invoice,d1885b40-2eff-4be2-9e67-ab60212e06b1,89d188b4-94a9-2f97-e068-155ed8ec3f5e,Invoice VISTA/26-27/07/00059 · 2026-07,sent,null,2026-06-30 10:41:07.274254+00,2026-06-30 10:41:10.957+00
4feb83cb-64a3-415f-9db1-b20c9a645f38,00000000-0000-0000-0000-000000000001,515c2d76-0ac7-4ae4-bd32-3b048ba93edb,invoice,eb213a28-1822-4cf8-aeb3-47ea619cfcfa,8334eb99-0bc0-3c80-9ff8-83bea3d7b5ef,Invoice VISTA/26-27/07/00070 · 2026-07,sent,null,2026-06-30 10:41:12.498843+00,2026-06-30 10:41:17.176+00
8e84a513-be1c-4ef4-b515-adff68f395e2,00000000-0000-0000-0000-000000000001,515c2d76-0ac7-4ae4-bd32-3b048ba93edb,invoice,cf933365-c52c-4f3c-88e1-ffc62b4f9bd6,22b0be2d-52c5-1127-642d-4f1083b404ca,Invoice VISTA/26-27/07/00089 · 2026-07,sent,null,2026-06-30 10:41:18.250891+00,2026-06-30 10:41:23.634+00
11e36bb3-9085-42f8-b0df-e61e03d444eb,00000000-0000-0000-0000-000000000001,515c2d76-0ac7-4ae4-bd32-3b048ba93edb,invoice,bd475b86-c462-4e94-b677-8caebb7752d0,44bf5771-a669-438c-a190-88aab999cfae,Invoice VISTA/26-27/07/00033 · 2026-07,sent,null,2026-06-30 10:41:23.534422+00,2026-06-30 10:41:26.955+00
346c0875-de1c-4eb3-a994-86a666b70d88,00000000-0000-0000-0000-000000000001,515c2d76-0ac7-4ae4-bd32-3b048ba93edb,invoice,9e2b581f-84bd-4449-ba3e-4be4f243fdd0,83f51f9d-9d36-eda9-e7fb-5b1badbbd5d9,Invoice VISTA/26-27/07/00112 · 2026-07,sent,null,2026-06-30 10:41:27.86049+00,2026-06-30 10:41:31.599+00
538c26cc-53ce-46c7-a9b2-089dc0ab5894,00000000-0000-0000-0000-000000000001,515c2d76-0ac7-4ae4-bd32-3b048ba93edb,invoice,fb35f43a-054f-4c8c-b5b5-88e5f4ead4fd,f2a00e3d-de04-40a3-6f41-a3ebfcab4a3c,Invoice VISTA/26-27/07/00109 · 2026-07,sent,null,2026-06-30 10:41:37.06707+00,2026-06-30 10:41:40.223+00
fe23a089-c6cc-4014-87f3-370377c34e5b,00000000-0000-0000-0000-000000000001,04217744-5b51-4624-baa8-9ea876a330dd,invoice,1054e61f-7c35-4654-a8b4-887ef3bf770a,38305983-db92-2c3c-7949-96f7ca7833eb,Invoice VISTA/26-27/07/00068 · 2026-07,sent,null,2026-06-30 10:41:41.610274+00,2026-06-30 10:41:45.148+00
0ce14b11-c34f-404f-97b0-c6fe344f8b34,00000000-0000-0000-0000-000000000001,515c2d76-0ac7-4ae4-bd32-3b048ba93edb,invoice,a929eb7a-8d83-4376-a556-b7b540ddf009,3b02f95a-b47e-1037-4f8a-f2f31e35c98e,Invoice VISTA/26-27/07/00105 · 2026-07,sent,null,2026-06-30 10:41:47.430483+00,2026-06-30 10:41:50.583+00
b3a2e191-a644-4c74-8613-729f9c0fb32e,00000000-0000-0000-0000-000000000001,04217744-5b51-4624-baa8-9ea876a330dd,invoice,402dd917-4900-447a-9102-25f7cec50589,11e96dd2-92f4-f793-56db-439d5b3de156,Invoice VISTA/26-27/07/00100 · 2026-07,sent,null,2026-06-30 10:41:54.957877+00,2026-06-30 10:41:57.389+00
c6b9b948-dda3-4bc0-8635-7c500102eba5,00000000-0000-0000-0000-000000000001,515c2d76-0ac7-4ae4-bd32-3b048ba93edb,invoice,11334e0e-3a8a-48c0-8cfc-a051309a7f64,21e237d1-286e-324e-0cef-45725d629768,Invoice VISTA/26-27/07/00079 · 2026-07,sent,null,2026-06-30 10:42:01.49591+00,2026-06-30 10:42:05.252+00
9d2fbbc7-f09b-4a2a-ac46-87411c5b41a5,00000000-0000-0000-0000-000000000001,04217744-5b51-4624-baa8-9ea876a330dd,invoice,eb14811e-8ca3-4f83-b140-8c5759489240,f59fa4ad-6dca-c7e7-d459-5326609a6412,Invoice VISTA/26-27/07/00058 · 2026-07,sent,null,2026-06-30 10:42:08.796679+00,2026-06-30 10:42:12.587+00
27d392c4-1f15-4fc6-900e-764f377e0477,00000000-0000-0000-0000-000000000001,515c2d76-0ac7-4ae4-bd32-3b048ba93edb,invoice,0004220d-3a6a-40eb-9b75-83a26f5f2eb5,5527e05d-475b-45ed-a6f4-284340eed262,Invoice VISTA/26-27/07/00048 · 2026-07,sent,null,2026-06-30 10:42:14.38879+00,2026-06-30 10:42:18.024+00
7a4c3d87-2201-4fa9-b44f-d0861ca104b0,00000000-0000-0000-0000-000000000001,04217744-5b51-4624-baa8-9ea876a330dd,invoice,d1885b40-2eff-4be2-9e67-ab60212e06b1,89d188b4-94a9-2f97-e068-155ed8ec3f5e,Invoice VISTA/26-27/07/00059 · 2026-07,sent,null,2026-06-30 10:42:21.798474+00,2026-06-30 10:42:25.157+00
88d917cc-e979-43a5-8722-2221514f67f4,00000000-0000-0000-0000-000000000001,515c2d76-0ac7-4ae4-bd32-3b048ba93edb,invoice,8559730f-18d6-4366-99b5-73771fd98c90,d751c131-c1c9-4f5c-88f8-7e4c6cb710b3,Invoice VISTA/26-27/07/00054 · 2026-07,sent,null,2026-06-30 10:42:27.718206+00,2026-06-30 10:42:31.242+00
132e31af-d867-4d12-955b-a9c7810dd709,00000000-0000-0000-0000-000000000001,04217744-5b51-4624-baa8-9ea876a330dd,invoice,eb213a28-1822-4cf8-aeb3-47ea619cfcfa,8334eb99-0bc0-3c80-9ff8-83bea3d7b5ef,Invoice VISTA/26-27/07/00070 · 2026-07,sent,null,2026-06-30 10:42:35.509321+00,2026-06-30 10:42:38.878+00
20b9632d-ee17-4b51-be99-e07889fd4851,00000000-0000-0000-0000-000000000001,515c2d76-0ac7-4ae4-bd32-3b048ba93edb,invoice,fef5feb0-8261-4f13-b004-3eb33e148d39,77dd12b8-a20b-05c8-2372-79ba1b1624a9,Invoice VISTA/26-27/07/00154 · 2026-07,sent,null,2026-06-30 10:42:42.077147+00,2026-06-30 10:42:45.244+00
e773aa7a-a30a-4077-8a11-c681bc43b9d9,00000000-0000-0000-0000-000000000001,04217744-5b51-4624-baa8-9ea876a330dd,invoice,cf933365-c52c-4f3c-88e1-ffc62b4f9bd6,22b0be2d-52c5-1127-642d-4f1083b404ca,Invoice VISTA/26-27/07/00089 · 2026-07,sent,null,2026-06-30 10:42:48.362104+00,2026-06-30 10:42:51.626+00
fade8709-5f49-4e8b-a36c-8023dd3ef8a2,00000000-0000-0000-0000-000000000001,515c2d76-0ac7-4ae4-bd32-3b048ba93edb,invoice,fc8daa11-ba97-4f62-9bd4-c10961808f33,1bc75090-ac1a-44a6-bb22-f211aca7c760,Invoice VISTA/26-27/07/00032 · 2026-07,sent,null,2026-06-30 10:42:55.808089+00,2026-06-30 10:42:59.183+00
6025cc2c-68cb-40a2-950d-ac3d539f87d9,00000000-0000-0000-0000-000000000001,04217744-5b51-4624-baa8-9ea876a330dd,invoice,bd475b86-c462-4e94-b677-8caebb7752d0,44bf5771-a669-438c-a190-88aab999cfae,Invoice VISTA/26-27/07/00033 · 2026-07,sent,null,2026-06-30 10:43:01.814043+00,2026-06-30 10:43:05.159+00
3d877c4a-bdb5-46a1-bc2d-24df406889ce,00000000-0000-0000-0000-000000000001,515c2d76-0ac7-4ae4-bd32-3b048ba93edb,invoice,dc80e992-bb4f-4c5c-9e82-379072713119,a6037691-771e-8146-3714-f9dedb8acbcc,Invoice VISTA/26-27/07/00073 · 2026-07,sent,null,2026-06-30 10:43:20.113113+00,2026-06-30 10:43:23.854+00
248591f5-d942-4740-af9b-d06b24f005e1,00000000-0000-0000-0000-000000000001,04217744-5b51-4624-baa8-9ea876a330dd,invoice,9e2b581f-84bd-4449-ba3e-4be4f243fdd0,83f51f9d-9d36-eda9-e7fb-5b1badbbd5d9,Invoice VISTA/26-27/07/00112 · 2026-07,sent,null,2026-06-30 10:44:00.780734+00,2026-06-30 10:44:03.782+00
d737eced-015e-42ed-be36-17ee9458c8ae,00000000-0000-0000-0000-000000000001,515c2d76-0ac7-4ae4-bd32-3b048ba93edb,invoice,ca93778b-4719-4ea1-a302-ee04e64df637,d6d33436-345a-e39c-9f8d-91c76dca514e,Invoice VISTA/26-27/07/00104 · 2026-07,sent,null,2026-06-30 10:44:36.159728+00,2026-06-30 10:44:39.482+00
20f65a0f-f7fa-4591-a142-bd87c4985ee2,00000000-0000-0000-0000-000000000001,04217744-5b51-4624-baa8-9ea876a330dd,invoice,fb35f43a-054f-4c8c-b5b5-88e5f4ead4fd,f2a00e3d-de04-40a3-6f41-a3ebfcab4a3c,Invoice VISTA/26-27/07/00109 · 2026-07,sent,null,2026-06-30 10:45:10.46528+00,2026-06-30 10:45:13.856+00
40e2eab0-6310-43a8-95ea-5bdef4af9ed3,00000000-0000-0000-0000-000000000001,515c2d76-0ac7-4ae4-bd32-3b048ba93edb,invoice,14102a99-b8ae-462a-b93f-80156274bd8d,11316c38-dc08-4983-3588-fcadd88bd5d2,Invoice VISTA/26-27/07/00098 · 2026-07,sent,null,2026-06-30 10:45:46.294277+00,2026-06-30 10:45:49.383+00
a86b6535-ffc2-4adf-a69d-941ed33e6845,00000000-0000-0000-0000-000000000001,04217744-5b51-4624-baa8-9ea876a330dd,invoice,a929eb7a-8d83-4376-a556-b7b540ddf009,3b02f95a-b47e-1037-4f8a-f2f31e35c98e,Invoice VISTA/26-27/07/00105 · 2026-07,sent,null,2026-06-30 10:46:19.934648+00,2026-06-30 10:46:24.844+00
de701212-39eb-4e22-bd3b-c6a9ed947e59,00000000-0000-0000-0000-000000000001,515c2d76-0ac7-4ae4-bd32-3b048ba93edb,invoice,83bcc104-0343-4d81-a667-6b31c90f5a00,b3002707-86e9-43d5-956d-cf108fb6a23f,Invoice VISTA/26-27/07/00046 · 2026-07,sent,null,2026-06-30 10:46:55.215293+00,2026-06-30 10:46:59.866+00
afb39426-f6a5-4fd5-8fac-a200f66c7b3c,00000000-0000-0000-0000-000000000001,04217744-5b51-4624-baa8-9ea876a330dd,invoice,11334e0e-3a8a-48c0-8cfc-a051309a7f64,21e237d1-286e-324e-0cef-45725d629768,Invoice VISTA/26-27/07/00079 · 2026-07,sent,null,2026-06-30 10:47:28.971966+00,2026-06-30 10:47:32.203+00
ec93a06c-a473-4bdd-a7f5-44bb66f11bad,00000000-0000-0000-0000-000000000001,515c2d76-0ac7-4ae4-bd32-3b048ba93edb,invoice,2c31a8b4-3662-4c4a-b5a7-c4b36b43a8d5,83af11b3-a274-7404-3265-ec658f74f8cf,Invoice VISTA/26-27/07/00069 · 2026-07,sent,null,2026-06-30 10:48:05.361316+00,2026-06-30 10:55:39.452+00
c351d713-cc4c-4b03-b5eb-bb77e52d6621,00000000-0000-0000-0000-000000000001,515c2d76-0ac7-4ae4-bd32-3b048ba93edb,invoice,22da353d-1375-45d6-b4a9-0835e39b2685,f70ae790-e17b-aca8-a21a-82ddd895450b,Invoice VISTA/26-27/07/00016 · 2026-07,sent,null,2026-06-30 10:48:29.406947+00,2026-06-30 10:55:39.452+00
a7e3ee0d-a8d5-4d63-be1b-7aed71ed313d,00000000-0000-0000-0000-000000000001,04217744-5b51-4624-baa8-9ea876a330dd,invoice,0004220d-3a6a-40eb-9b75-83a26f5f2eb5,5527e05d-475b-45ed-a6f4-284340eed262,Invoice VISTA/26-27/07/00048 · 2026-07,sent,null,2026-06-30 10:48:34.999098+00,2026-06-30 11:00:25.641+00
6d30df61-db3b-4c96-9f2c-f04c9fd506c8,00000000-0000-0000-0000-000000000001,515c2d76-0ac7-4ae4-bd32-3b048ba93edb,invoice,480f7184-bdde-47d6-bd14-7207a4266bc3,3e50af3d-452f-d098-b3bc-3c2a64576d55,Invoice VISTA/26-27/07/00090 · 2026-07,sent,null,2026-06-30 10:48:35.750075+00,2026-06-30 10:55:39.452+00
4c0b04f7-8f67-4172-a92b-9ad8586d618e,00000000-0000-0000-0000-000000000001,515c2d76-0ac7-4ae4-bd32-3b048ba93edb,invoice,a9a3ee42-864c-4ccc-b462-654cee5ebebc,1d4c0119-5151-7a5b-2266-f16e44f67157,Invoice VISTA/26-27/07/00118 · 2026-07,sent,null,2026-06-30 10:48:37.058678+00,2026-06-30 10:55:39.452+00
a851fb49-74cd-417e-a9e3-a177a9da2b44,00000000-0000-0000-0000-000000000001,04217744-5b51-4624-baa8-9ea876a330dd,invoice,8559730f-18d6-4366-99b5-73771fd98c90,d751c131-c1c9-4f5c-88f8-7e4c6cb710b3,Invoice VISTA/26-27/07/00054 · 2026-07,sent,null,2026-06-30 10:48:37.658916+00,2026-06-30 11:00:25.641+00
96a02401-d9e9-49eb-82de-c6dab1d301a0,00000000-0000-0000-0000-000000000001,04217744-5b51-4624-baa8-9ea876a330dd,invoice,fef5feb0-8261-4f13-b004-3eb33e148d39,77dd12b8-a20b-05c8-2372-79ba1b1624a9,Invoice VISTA/26-27/07/00154 · 2026-07,sent,null,2026-06-30 10:48:38.8034+00,2026-06-30 11:00:25.641+00
b87bf61f-c6f8-4744-8555-7e8c1c80e751,00000000-0000-0000-0000-000000000001,515c2d76-0ac7-4ae4-bd32-3b048ba93edb,invoice,2d537f17-1600-4343-894d-55e52a0b7a2a,cda37b51-1bbc-af0d-a560-49af88fdc751,Invoice VISTA/26-27/07/00101 · 2026-07,sent,null,2026-06-30 10:48:38.833036+00,2026-06-30 10:55:39.452+00
270b5b80-90f9-4b3e-a073-6caead75d3ec,00000000-0000-0000-0000-000000000001,04217744-5b51-4624-baa8-9ea876a330dd,invoice,fc8daa11-ba97-4f62-9bd4-c10961808f33,1bc75090-ac1a-44a6-bb22-f211aca7c760,Invoice VISTA/26-27/07/00032 · 2026-07,sent,null,2026-06-30 10:48:40.708982+00,2026-06-30 11:00:25.641+00
b290ee58-71b0-48bf-a8a0-d75c1691458f,00000000-0000-0000-0000-000000000001,515c2d76-0ac7-4ae4-bd32-3b048ba93edb,invoice,14703d78-7701-485e-9eb4-c0357d4e92b6,122c395f-56fd-4482-fe33-7fa3c3cd30b5,Invoice VISTA/26-27/07/00125 · 2026-07,sent,null,2026-06-30 10:48:40.757387+00,2026-06-30 10:55:39.452+00
dc0439cf-af28-442e-aa6a-9b91138c0869,00000000-0000-0000-0000-000000000001,04217744-5b51-4624-baa8-9ea876a330dd,invoice,dc80e992-bb4f-4c5c-9e82-379072713119,a6037691-771e-8146-3714-f9dedb8acbcc,Invoice VISTA/26-27/07/00073 · 2026-07,sent,null,2026-06-30 10:48:42.173386+00,2026-06-30 11:00:25.641+00
7cd5df75-e512-4fe8-8754-1f1431a0b226,00000000-0000-0000-0000-000000000001,515c2d76-0ac7-4ae4-bd32-3b048ba93edb,invoice,5431286a-b4a8-457c-bc9f-61cd6b05103f,cd2c3f97-4df7-b32f-d0c0-12031beae516,Invoice VISTA/26-27/07/00161 · 2026-07,sent,null,2026-06-30 10:48:42.211027+00,2026-06-30 10:55:39.452+00
e81fb35e-acca-4cb0-a6e6-525f240c2323,00000000-0000-0000-0000-000000000001,515c2d76-0ac7-4ae4-bd32-3b048ba93edb,invoice,e68f6f41-f93f-4191-80f8-b15dd36f0d4c,e0174322-3fb7-483f-91a0-61b903ae3e49,Invoice VISTA/26-27/07/00006 · 2026-07,sent,null,2026-06-30 10:48:43.713814+00,2026-06-30 10:55:39.452+00
5a459e06-c5a7-4435-bb5b-f1327b8516e8,00000000-0000-0000-0000-000000000001,04217744-5b51-4624-baa8-9ea876a330dd,invoice,ca93778b-4719-4ea1-a302-ee04e64df637,d6d33436-345a-e39c-9f8d-91c76dca514e,Invoice VISTA/26-27/07/00104 · 2026-07,sent,null,2026-06-30 10:48:43.740787+00,2026-06-30 11:00:25.641+00
3909dfda-853d-4a09-a90b-cc275a0b08cc,00000000-0000-0000-0000-000000000001,515c2d76-0ac7-4ae4-bd32-3b048ba93edb,invoice,162758ad-a556-4dcc-9a78-cc1f3ba105be,f91c2854-a88b-4630-b2a6-c48401e4dd14,Invoice VISTA/26-27/07/00023 · 2026-07,sent,null,2026-06-30 10:48:46.273282+00,2026-06-30 10:55:39.452+00
de5a1912-3ea6-46ca-a7ac-d505b4bd169f,00000000-0000-0000-0000-000000000001,04217744-5b51-4624-baa8-9ea876a330dd,invoice,14102a99-b8ae-462a-b93f-80156274bd8d,11316c38-dc08-4983-3588-fcadd88bd5d2,Invoice VISTA/26-27/07/00098 · 2026-07,sent,null,2026-06-30 10:48:46.974905+00,2026-06-30 11:00:25.641+00
bf42033d-79e2-42ce-9ef2-ece565f67d54,00000000-0000-0000-0000-000000000001,515c2d76-0ac7-4ae4-bd32-3b048ba93edb,invoice,4ae4414e-d014-4a9b-8df9-6c3f732758d9,3b27dc97-dafa-0480-7b61-5549a3ea7eee,Invoice VISTA/26-27/07/00116 · 2026-07,sent,null,2026-06-30 10:48:48.382883+00,2026-06-30 10:55:39.452+00
85f6ba18-c10f-4cbd-b933-f8b648e938bb,00000000-0000-0000-0000-000000000001,04217744-5b51-4624-baa8-9ea876a330dd,invoice,83bcc104-0343-4d81-a667-6b31c90f5a00,b3002707-86e9-43d5-956d-cf108fb6a23f,Invoice VISTA/26-27/07/00046 · 2026-07,sent,null,2026-06-30 10:48:49.405238+00,2026-06-30 11:00:25.641+00
2c7c0b71-22e2-4c5c-8e8c-b5cb76596516,00000000-0000-0000-0000-000000000001,04217744-5b51-4624-baa8-9ea876a330dd,invoice,2c31a8b4-3662-4c4a-b5a7-c4b36b43a8d5,83af11b3-a274-7404-3265-ec658f74f8cf,Invoice VISTA/26-27/07/00069 · 2026-07,sent,null,2026-06-30 10:48:51.4815+00,2026-06-30 11:00:25.641+00
837302fb-c471-4467-921c-a7d9dabcd770,00000000-0000-0000-0000-000000000001,515c2d76-0ac7-4ae4-bd32-3b048ba93edb,invoice,6c5834ad-4561-40e0-b838-bf62f461285e,5e901269-d116-cf62-7661-df859f5b02dc,Invoice VISTA/26-27/07/00110 · 2026-07,sent,null,2026-06-30 10:48:52.316028+00,2026-06-30 10:55:39.452+00
91807a1c-2ad2-4e92-89d5-6753b3d30047,00000000-0000-0000-0000-000000000001,515c2d76-0ac7-4ae4-bd32-3b048ba93edb,invoice,74ddb608-947c-4258-82c5-f7b5ca8b89a0,8123af5e-305b-80f8-20db-4d54b7f628c7,Invoice VISTA/26-27/07/00087 · 2026-07,sent,null,2026-06-30 10:48:53.544059+00,2026-06-30 10:55:39.452+00
4ddbf40e-3ea3-4cd3-9f64-8bc23cf1fc81,00000000-0000-0000-0000-000000000001,04217744-5b51-4624-baa8-9ea876a330dd,invoice,22da353d-1375-45d6-b4a9-0835e39b2685,f70ae790-e17b-aca8-a21a-82ddd895450b,Invoice VISTA/26-27/07/00016 · 2026-07,sent,null,2026-06-30 10:48:54.280956+00,2026-06-30 11:00:25.641+00
412d76e6-1522-4d8c-90d0-f7dce6f13656,00000000-0000-0000-0000-000000000001,515c2d76-0ac7-4ae4-bd32-3b048ba93edb,invoice,126e9cf2-126e-448e-b837-18b0ad5ef21c,1261d726-9481-43dd-bac5-f1b158c8ab32,Invoice VISTA/26-27/07/00038 · 2026-07,sent,null,2026-06-30 10:48:55.649614+00,2026-06-30 10:55:39.452+00
3897d01e-2a1a-4254-bc9d-d19edef30db7,00000000-0000-0000-0000-000000000001,04217744-5b51-4624-baa8-9ea876a330dd,invoice,480f7184-bdde-47d6-bd14-7207a4266bc3,3e50af3d-452f-d098-b3bc-3c2a64576d55,Invoice VISTA/26-27/07/00090 · 2026-07,sent,null,2026-06-30 10:48:56.910064+00,2026-06-30 11:00:25.641+00
3b14af64-df99-4a1b-9f55-205ecaae4f95,00000000-0000-0000-0000-000000000001,515c2d76-0ac7-4ae4-bd32-3b048ba93edb,invoice,d9bdde32-41d8-426d-b9fa-ca5d8d6f0772,86cd2239-fa55-0389-437e-e8fd505dc931,Invoice VISTA/26-27/07/00133 · 2026-07,sent,null,2026-06-30 10:48:58.237707+00,2026-06-30 10:55:39.452+00
5ae26514-8951-4d29-bbc8-69d8c706b07b,00000000-0000-0000-0000-000000000001,04217744-5b51-4624-baa8-9ea876a330dd,invoice,a9a3ee42-864c-4ccc-b462-654cee5ebebc,1d4c0119-5151-7a5b-2266-f16e44f67157,Invoice VISTA/26-27/07/00118 · 2026-07,sent,null,2026-06-30 10:48:59.041585+00,2026-06-30 11:00:25.641+00
48540dda-571e-49df-9b08-a40b734dd8ba,00000000-0000-0000-0000-000000000001,04217744-5b51-4624-baa8-9ea876a330dd,invoice,2d537f17-1600-4343-894d-55e52a0b7a2a,cda37b51-1bbc-af0d-a560-49af88fdc751,Invoice VISTA/26-27/07/00101 · 2026-07,sent,null,2026-06-30 10:49:00.498962+00,2026-06-30 11:00:25.641+00
ad9825b0-9a8d-4058-8125-64e131e92652,00000000-0000-0000-0000-000000000001,515c2d76-0ac7-4ae4-bd32-3b048ba93edb,invoice,0d30c337-1686-4d57-81d3-f3afe3879e8e,2c1980eb-be51-916e-8f61-1e8fe83afb0c,Invoice VISTA/26-27/07/00103 · 2026-07,sent,null,2026-06-30 10:49:00.516774+00,2026-06-30 10:55:39.452+00
3564a83a-4b47-463e-af4a-002213c6f878,00000000-0000-0000-0000-000000000001,04217744-5b51-4624-baa8-9ea876a330dd,invoice,14703d78-7701-485e-9eb4-c0357d4e92b6,122c395f-56fd-4482-fe33-7fa3c3cd30b5,Invoice VISTA/26-27/07/00125 · 2026-07,sent,null,2026-06-30 10:49:02.442135+00,2026-06-30 11:00:25.641+00
89f26e2d-9c63-4921-aa37-e8b132d065db,00000000-0000-0000-0000-000000000001,515c2d76-0ac7-4ae4-bd32-3b048ba93edb,invoice,696fd58e-3afa-49f6-b476-f8bc04adb138,61031b0a-ef18-26aa-64b7-d412d7b3d276,Invoice VISTA/26-27/07/00159 · 2026-07,sent,null,2026-06-30 10:49:02.515452+00,2026-06-30 10:55:39.452+00
7e9aeb79-ccee-4904-a60d-13afb1d9948b,00000000-0000-0000-0000-000000000001,04217744-5b51-4624-baa8-9ea876a330dd,invoice,5431286a-b4a8-457c-bc9f-61cd6b05103f,cd2c3f97-4df7-b32f-d0c0-12031beae516,Invoice VISTA/26-27/07/00161 · 2026-07,sent,null,2026-06-30 10:49:04.414372+00,2026-06-30 11:00:25.641+00
73a36898-dfa3-49df-938a-733066b6f75f,00000000-0000-0000-0000-000000000001,515c2d76-0ac7-4ae4-bd32-3b048ba93edb,invoice,432f067a-4fd0-4d0b-a2b3-584f1734a302,284ce00f-b05a-4366-9117-bf73f7449a76,Invoice VISTA/26-27/07/00008 · 2026-07,sent,null,2026-06-30 10:49:04.426029+00,2026-06-30 10:55:39.452+00
faf99a06-5276-4a15-a7f7-d85d9a1aaec9,00000000-0000-0000-0000-000000000001,04217744-5b51-4624-baa8-9ea876a330dd,invoice,e68f6f41-f93f-4191-80f8-b15dd36f0d4c,e0174322-3fb7-483f-91a0-61b903ae3e49,Invoice VISTA/26-27/07/00006 · 2026-07,sent,null,2026-06-30 10:49:36.13732+00,2026-06-30 11:00:25.641+00
af4b4011-fb02-41da-81cc-f9170a03964f,00000000-0000-0000-0000-000000000001,515c2d76-0ac7-4ae4-bd32-3b048ba93edb,invoice,bb738ef6-7a22-45f5-b6a0-f0827209d874,2d700a6b-44c4-438b-841f-febe1b2c47a7,Invoice VISTA/26-27/07/00004 · 2026-07,sent,null,2026-06-30 10:49:36.371348+00,2026-06-30 10:55:39.452+00
be9efbb2-7489-42ac-8178-e4248d619105,00000000-0000-0000-0000-000000000001,04217744-5b51-4624-baa8-9ea876a330dd,invoice,162758ad-a556-4dcc-9a78-cc1f3ba105be,f91c2854-a88b-4630-b2a6-c48401e4dd14,Invoice VISTA/26-27/07/00023 · 2026-07,sent,null,2026-06-30 10:49:38.162214+00,2026-06-30 11:00:25.641+00
8dacba2f-c8b3-4dac-a981-4c8681894100,00000000-0000-0000-0000-000000000001,515c2d76-0ac7-4ae4-bd32-3b048ba93edb,invoice,bd9bd10b-358f-4091-abeb-093d9c000172,6dd50e39-9843-4442-cc09-3b49fbe97fb9,Invoice VISTA/26-27/07/00157 · 2026-07,sent,null,2026-06-30 10:49:38.676883+00,2026-06-30 10:55:39.452+00
c5e9ef26-8ef2-434d-a5cc-6f13734164e5,00000000-0000-0000-0000-000000000001,515c2d76-0ac7-4ae4-bd32-3b048ba93edb,invoice,3182fe56-55ad-4e91-8525-03a673f0f7c6,ec6bd398-2413-2c67-18db-10bdd92ee4f9,Invoice VISTA/26-27/07/00114 · 2026-07,sent,null,2026-06-30 10:49:39.690558+00,2026-06-30 10:55:39.452+00
b3f40b9d-f4f1-4248-aee0-a9a3c929368c,00000000-0000-0000-0000-000000000001,04217744-5b51-4624-baa8-9ea876a330dd,invoice,4ae4414e-d014-4a9b-8df9-6c3f732758d9,3b27dc97-dafa-0480-7b61-5549a3ea7eee,Invoice VISTA/26-27/07/00116 · 2026-07,sent,null,2026-06-30 10:49:39.729149+00,2026-06-30 11:00:25.641+00
06bf548e-d26d-4d19-8243-48cf0577e1bf,00000000-0000-0000-0000-000000000001,04217744-5b51-4624-baa8-9ea876a330dd,invoice,6c5834ad-4561-40e0-b838-bf62f461285e,5e901269-d116-cf62-7661-df859f5b02dc,Invoice VISTA/26-27/07/00110 · 2026-07,sent,null,2026-06-30 10:49:41.248754+00,2026-06-30 11:00:25.641+00
ab48f6ea-e084-435a-ba51-f6cd45ee92cc,00000000-0000-0000-0000-000000000001,515c2d76-0ac7-4ae4-bd32-3b048ba93edb,invoice,e681a022-f32c-4968-9f77-f517bc90bd41,2ba81159-3fd3-401a-b806-4cf09e7dce86,Invoice VISTA/26-27/07/00040 · 2026-07,sent,null,2026-06-30 10:49:41.934075+00,2026-06-30 10:55:39.452+00
ec38bdbf-3e41-42c1-b361-bd2ec422f3b4,00000000-0000-0000-0000-000000000001,515c2d76-0ac7-4ae4-bd32-3b048ba93edb,invoice,add1d48c-26a9-4f22-bba6-6e40e76d0776,cf1318a5-0564-4af6-d90e-c3e76de1ef08,Invoice VISTA/26-27/07/00166 · 2026-07,sent,null,2026-06-30 10:49:43.159229+00,2026-06-30 10:55:39.452+00
01204920-0380-4345-81a6-1d120bf71782,00000000-0000-0000-0000-000000000001,04217744-5b51-4624-baa8-9ea876a330dd,invoice,74ddb608-947c-4258-82c5-f7b5ca8b89a0,8123af5e-305b-80f8-20db-4d54b7f628c7,Invoice VISTA/26-27/07/00087 · 2026-07,sent,null,2026-06-30 10:49:43.846857+00,2026-06-30 11:00:25.641+00
c8775f76-580e-4da3-b06c-d4d6a10f2d4e,00000000-0000-0000-0000-000000000001,515c2d76-0ac7-4ae4-bd32-3b048ba93edb,invoice,e761a138-487c-48c2-a6b4-9d95eb133b1f,18788fe2-f6a2-826e-2199-6cec118c6d00,Invoice VISTA/26-27/07/00155 · 2026-07,sent,null,2026-06-30 10:49:45.385416+00,2026-06-30 10:55:39.452+00
642c9efb-8821-4164-b3e1-28ae4859ee6f,00000000-0000-0000-0000-000000000001,04217744-5b51-4624-baa8-9ea876a330dd,invoice,126e9cf2-126e-448e-b837-18b0ad5ef21c,1261d726-9481-43dd-bac5-f1b158c8ab32,Invoice VISTA/26-27/07/00038 · 2026-07,sent,null,2026-06-30 10:49:46.779342+00,2026-06-30 11:00:25.641+00
a0acbc65-9dac-49f5-b52e-e01630967b69,00000000-0000-0000-0000-000000000001,515c2d76-0ac7-4ae4-bd32-3b048ba93edb,invoice,c151428f-57d7-40e4-8a43-27fade29d96c,49355947-7605-ec5f-7d81-a6597f38d76b,Invoice VISTA/26-27/07/00168 · 2026-07,sent,null,2026-06-30 10:49:46.828418+00,2026-06-30 10:55:39.452+00
e4582b5a-44e4-4afc-811c-1093b83c3878,00000000-0000-0000-0000-000000000001,04217744-5b51-4624-baa8-9ea876a330dd,invoice,d9bdde32-41d8-426d-b9fa-ca5d8d6f0772,86cd2239-fa55-0389-437e-e8fd505dc931,Invoice VISTA/26-27/07/00133 · 2026-07,sent,null,2026-06-30 10:49:48.594474+00,2026-06-30 11:00:25.641+00
88d80394-7574-49c9-a085-1bb473fd2333,00000000-0000-0000-0000-000000000001,515c2d76-0ac7-4ae4-bd32-3b048ba93edb,invoice,a4ebd39e-aaca-4a07-be4e-9af1d70da082,79d4d3fe-73c5-a965-030f-c60220ee20cb,Invoice VISTA/26-27/07/00026 · 2026-07,sent,null,2026-06-30 10:49:48.650352+00,2026-06-30 10:55:46.033+00
9012aefb-69ef-4f4b-9966-85ac753dac1b,00000000-0000-0000-0000-000000000001,515c2d76-0ac7-4ae4-bd32-3b048ba93edb,invoice,e817d9bc-ab36-4b4c-aae7-aec80e67a7fd,be84008a-74d3-3cc1-6fd6-bcef998f7bff,Invoice VISTA/26-27/07/00150 · 2026-07,sent,null,2026-06-30 10:49:50.472355+00,2026-06-30 10:55:46.033+00
6e767eea-05da-45b9-98ff-82b198c423cb,00000000-0000-0000-0000-000000000001,04217744-5b51-4624-baa8-9ea876a330dd,invoice,0d30c337-1686-4d57-81d3-f3afe3879e8e,2c1980eb-be51-916e-8f61-1e8fe83afb0c,Invoice VISTA/26-27/07/00103 · 2026-07,sent,null,2026-06-30 10:49:50.474871+00,2026-06-30 11:00:25.641+00
fa07e9fb-ca07-4872-be82-bde0dfe2fd44,00000000-0000-0000-0000-000000000001,04217744-5b51-4624-baa8-9ea876a330dd,invoice,696fd58e-3afa-49f6-b476-f8bc04adb138,61031b0a-ef18-26aa-64b7-d412d7b3d276,Invoice VISTA/26-27/07/00159 · 2026-07,sent,null,2026-06-30 10:49:52.3785+00,2026-06-30 11:00:25.641+00
0aabff7f-d0a6-4b29-8502-3bf6c5ac8b99,00000000-0000-0000-0000-000000000001,515c2d76-0ac7-4ae4-bd32-3b048ba93edb,invoice,c08221a0-7659-4ea7-9fca-ddf7593d4bf0,22a9494d-0e02-6fba-4aee-7947f1e6110b,Invoice VISTA/26-27/07/00148 · 2026-07,sent,null,2026-06-30 10:49:52.395112+00,2026-06-30 10:55:46.033+00
251909d4-da75-4ba1-a32b-afb05e3f2cef,00000000-0000-0000-0000-000000000001,04217744-5b51-4624-baa8-9ea876a330dd,invoice,432f067a-4fd0-4d0b-a2b3-584f1734a302,284ce00f-b05a-4366-9117-bf73f7449a76,Invoice VISTA/26-27/07/00008 · 2026-07,sent,null,2026-06-30 10:49:54.556166+00,2026-06-30 11:00:29.634+00
07c1b018-6b43-4b80-9617-01a78341470f,00000000-0000-0000-0000-000000000001,515c2d76-0ac7-4ae4-bd32-3b048ba93edb,invoice,14ba8cc2-8ec2-4728-8024-b94bffa93d41,791c16c3-5afa-4081-a47c-53439979e5b3,Invoice VISTA/26-27/07/00047 · 2026-07,sent,null,2026-06-30 10:49:54.579526+00,2026-06-30 10:55:46.033+00
1608090b-c289-4856-803c-f17caf7e09a6,00000000-0000-0000-0000-000000000001,515c2d76-0ac7-4ae4-bd32-3b048ba93edb,invoice,eec6ec9b-716a-4885-bcdf-3107ec930418,03ce56c0-8798-b95d-7125-311b80363e74,Invoice VISTA/26-27/07/00127 · 2026-07,sent,null,2026-06-30 10:49:57.527525+00,2026-06-30 10:55:46.033+00
93c1fd38-8428-44e0-ad5b-2c0e36846c78,00000000-0000-0000-0000-000000000001,04217744-5b51-4624-baa8-9ea876a330dd,invoice,bb738ef6-7a22-45f5-b6a0-f0827209d874,2d700a6b-44c4-438b-841f-febe1b2c47a7,Invoice VISTA/26-27/07/00004 · 2026-07,sent,null,2026-06-30 10:49:57.527875+00,2026-06-30 11:00:29.634+00
8ac6717f-f263-4b08-82bc-7ed93e221ba2,00000000-0000-0000-0000-000000000001,515c2d76-0ac7-4ae4-bd32-3b048ba93edb,invoice,327a3759-faae-402d-ae5b-636537bfe44c,510cd475-6538-7d02-413c-1a0f553ba4e6,Invoice VISTA/26-27/07/00145 · 2026-07,sent,null,2026-06-30 10:50:00.456792+00,2026-06-30 10:55:46.033+00
590efbc4-62e9-41e9-9672-b6c49b833511,00000000-0000-0000-0000-000000000001,04217744-5b51-4624-baa8-9ea876a330dd,invoice,bd9bd10b-358f-4091-abeb-093d9c000172,6dd50e39-9843-4442-cc09-3b49fbe97fb9,Invoice VISTA/26-27/07/00157 · 2026-07,sent,null,2026-06-30 10:50:01.283451+00,2026-06-30 11:00:29.634+00
6ef03d7f-c49b-4700-845e-e3079e9e6acb,00000000-0000-0000-0000-000000000001,515c2d76-0ac7-4ae4-bd32-3b048ba93edb,invoice,83946230-9e45-42e7-ae72-6abb6465a64b,011b7d1c-5697-5394-c05b-fa0473640657,Invoice VISTA/26-27/07/00096 · 2026-07,sent,null,2026-06-30 10:50:03.582079+00,2026-06-30 10:55:46.033+00
fcef6bfb-2a58-44f1-b930-67afdc66520f,00000000-0000-0000-0000-000000000001,04217744-5b51-4624-baa8-9ea876a330dd,invoice,3182fe56-55ad-4e91-8525-03a673f0f7c6,ec6bd398-2413-2c67-18db-10bdd92ee4f9,Invoice VISTA/26-27/07/00114 · 2026-07,sent,null,2026-06-30 10:50:12.916822+00,2026-06-30 11:00:29.634+00
1d56bb3d-6e14-4510-9ccd-3d99a9d6438f,00000000-0000-0000-0000-000000000001,515c2d76-0ac7-4ae4-bd32-3b048ba93edb,invoice,b3a62fdc-9b38-4076-8c3b-3d27e3241ffb,950dd22f-78fa-d205-48b3-fe5a5cc7438e,Invoice VISTA/26-27/07/00172 · 2026-07,sent,null,2026-06-30 10:50:12.918+00,2026-06-30 10:55:46.033+00
432ff3b2-d1cd-4ac9-bc34-e921e0779760,00000000-0000-0000-0000-000000000001,04217744-5b51-4624-baa8-9ea876a330dd,invoice,e681a022-f32c-4968-9f77-f517bc90bd41,2ba81159-3fd3-401a-b806-4cf09e7dce86,Invoice VISTA/26-27/07/00040 · 2026-07,sent,null,2026-06-30 10:50:15.844295+00,2026-06-30 11:00:29.634+00
e54ed44e-d910-4483-8a09-9750f754de40,00000000-0000-0000-0000-000000000001,515c2d76-0ac7-4ae4-bd32-3b048ba93edb,invoice,0cb659ed-dbfd-40f5-a9fd-54f9e2ca9b8e,4628a4bf-d4c5-9e5d-471c-271b9f3e7d03,Invoice VISTA/26-27/07/00171 · 2026-07,sent,null,2026-06-30 10:50:17.410048+00,2026-06-30 10:55:46.033+00
91ab75f7-e85c-4d5e-91f0-fc0833499d34,00000000-0000-0000-0000-000000000001,04217744-5b51-4624-baa8-9ea876a330dd,invoice,add1d48c-26a9-4f22-bba6-6e40e76d0776,cf1318a5-0564-4af6-d90e-c3e76de1ef08,Invoice VISTA/26-27/07/00166 · 2026-07,sent,null,2026-06-30 10:50:18.220656+00,2026-06-30 11:00:29.634+00
a8352e58-3143-422d-89aa-78b077fa373e,00000000-0000-0000-0000-000000000001,515c2d76-0ac7-4ae4-bd32-3b048ba93edb,invoice,745156ec-252b-4948-9c87-4f7b5b0ad514,1287ac56-adee-78b5-6a6b-56b3e8dd7d48,Invoice VISTA/26-27/07/00135 · 2026-07,sent,null,2026-06-30 10:50:19.745604+00,2026-06-30 10:55:46.033+00
5105d414-9cb6-4a96-a391-36d9474fa440,00000000-0000-0000-0000-000000000001,04217744-5b51-4624-baa8-9ea876a330dd,invoice,e761a138-487c-48c2-a6b4-9d95eb133b1f,18788fe2-f6a2-826e-2199-6cec118c6d00,Invoice VISTA/26-27/07/00155 · 2026-07,sent,null,2026-06-30 10:50:21.035491+00,2026-06-30 11:00:29.634+00
019efac2-c7c5-4c7b-95f4-61c8ae710d35,00000000-0000-0000-0000-000000000001,515c2d76-0ac7-4ae4-bd32-3b048ba93edb,invoice,0f0bf387-a2cd-4f2f-91b0-8e8645621db2,1fc0c3bb-f35c-8d5d-a4fa-a9c1723cd8ab,Invoice VISTA/26-27/07/00071 · 2026-07,sent,null,2026-06-30 10:50:22.290574+00,2026-06-30 10:55:46.033+00
77af3e4b-98c8-4b56-bf53-715f7f62fc2f,00000000-0000-0000-0000-000000000001,04217744-5b51-4624-baa8-9ea876a330dd,invoice,c151428f-57d7-40e4-8a43-27fade29d96c,49355947-7605-ec5f-7d81-a6597f38d76b,Invoice VISTA/26-27/07/00168 · 2026-07,sent,null,2026-06-30 10:50:23.089644+00,2026-06-30 11:00:29.634+00
adac5052-fcf1-4186-a93e-3dcddf7de237,00000000-0000-0000-0000-000000000001,515c2d76-0ac7-4ae4-bd32-3b048ba93edb,invoice,f0342d57-2d7a-4f46-9899-b5da852ed01b,2b785f57-1c4f-d4a8-d486-b69e7b2db5bc,Invoice VISTA/26-27/07/00121 · 2026-07,sent,null,2026-06-30 10:50:24.504334+00,2026-06-30 10:55:46.033+00
99669f9c-045a-4cc3-a1f5-fb14c5d4717f,00000000-0000-0000-0000-000000000001,04217744-5b51-4624-baa8-9ea876a330dd,invoice,a4ebd39e-aaca-4a07-be4e-9af1d70da082,79d4d3fe-73c5-a965-030f-c60220ee20cb,Invoice VISTA/26-27/07/00026 · 2026-07,sent,null,2026-06-30 10:50:24.530045+00,2026-06-30 11:00:29.634+00
5f47f220-d2f6-42cb-b9a7-dde733f1d338,00000000-0000-0000-0000-000000000001,515c2d76-0ac7-4ae4-bd32-3b048ba93edb,invoice,d003c2f2-97cf-405f-a1dc-2c2040627739,f284b25b-d762-1399-a12e-ba7ffa6b6f97,Invoice VISTA/26-27/07/00141 · 2026-07,sent,null,2026-06-30 10:51:01.486824+00,2026-06-30 10:55:46.033+00
f4efd06d-fa94-4052-8bf2-d6c80c568b3b,00000000-0000-0000-0000-000000000001,04217744-5b51-4624-baa8-9ea876a330dd,invoice,e817d9bc-ab36-4b4c-aae7-aec80e67a7fd,be84008a-74d3-3cc1-6fd6-bcef998f7bff,Invoice VISTA/26-27/07/00150 · 2026-07,sent,null,2026-06-30 10:51:04.383716+00,2026-06-30 11:00:29.634+00
476fa73c-b70c-4015-a30b-cdcff36ae7a6,00000000-0000-0000-0000-000000000001,515c2d76-0ac7-4ae4-bd32-3b048ba93edb,invoice,189448e8-4b4b-4dd4-9df8-3b06e52406a0,b4a50439-db13-dc26-d980-eb079b321460,Invoice VISTA/26-27/07/00106 · 2026-07,sent,null,2026-06-30 10:51:07.455462+00,2026-06-30 10:55:46.033+00
37d567f7-6d60-42c7-841f-af4782887346,00000000-0000-0000-0000-000000000001,04217744-5b51-4624-baa8-9ea876a330dd,invoice,c08221a0-7659-4ea7-9fca-ddf7593d4bf0,22a9494d-0e02-6fba-4aee-7947f1e6110b,Invoice VISTA/26-27/07/00148 · 2026-07,sent,null,2026-06-30 10:51:09.771081+00,2026-06-30 11:00:29.634+00
291d5dd8-34c2-4d7f-b8b0-a1f48765cab5,00000000-0000-0000-0000-000000000001,515c2d76-0ac7-4ae4-bd32-3b048ba93edb,invoice,e315ce7d-3931-4303-8e27-b185656728d4,5fee0a79-3970-704a-2332-f7c7598e86c1,Invoice VISTA/26-27/07/00132 · 2026-07,sent,null,2026-06-30 10:51:13.572475+00,2026-06-30 10:55:46.033+00
fc1aa588-de25-4bbc-aa32-13bbacdad61e,00000000-0000-0000-0000-000000000001,04217744-5b51-4624-baa8-9ea876a330dd,invoice,14ba8cc2-8ec2-4728-8024-b94bffa93d41,791c16c3-5afa-4081-a47c-53439979e5b3,Invoice VISTA/26-27/07/00047 · 2026-07,sent,null,2026-06-30 10:51:17.655666+00,2026-06-30 11:00:29.634+00
141c05af-2687-4b11-81a1-45099d5ff633,00000000-0000-0000-0000-000000000001,515c2d76-0ac7-4ae4-bd32-3b048ba93edb,invoice,059fd274-5fb8-4eea-abb8-9606977f5c0a,c675e97a-0958-0695-90b3-49311eec8fd7,Invoice VISTA/26-27/07/00113 · 2026-07,sent,null,2026-06-30 10:51:22.426904+00,2026-06-30 10:55:46.033+00
d3c20a44-2042-4bbc-bec4-d2a3a37e485a,00000000-0000-0000-0000-000000000001,04217744-5b51-4624-baa8-9ea876a330dd,invoice,eec6ec9b-716a-4885-bcdf-3107ec930418,03ce56c0-8798-b95d-7125-311b80363e74,Invoice VISTA/26-27/07/00127 · 2026-07,sent,null,2026-06-30 10:51:25.418925+00,2026-06-30 11:00:29.634+00
1554a2f2-e3b4-427f-8b8e-569bec47149b,00000000-0000-0000-0000-000000000001,515c2d76-0ac7-4ae4-bd32-3b048ba93edb,invoice,32f00025-0af1-45cc-9194-923f4c38dc9f,1a171004-7682-1c39-e6a2-758b668c33b0,Invoice VISTA/26-27/07/00062 · 2026-07,sent,null,2026-06-30 10:51:29.664146+00,2026-06-30 10:55:46.033+00
709d41c7-26f0-4b1c-8ebb-10af49831c90,00000000-0000-0000-0000-000000000001,04217744-5b51-4624-baa8-9ea876a330dd,invoice,327a3759-faae-402d-ae5b-636537bfe44c,510cd475-6538-7d02-413c-1a0f553ba4e6,Invoice VISTA/26-27/07/00145 · 2026-07,sent,null,2026-06-30 10:51:32.953527+00,2026-06-30 11:00:29.634+00
37cb02bb-0132-4706-a7a2-2beb9276c375,00000000-0000-0000-0000-000000000001,515c2d76-0ac7-4ae4-bd32-3b048ba93edb,invoice,454187b9-2c17-4ece-8eeb-02b8353df2f6,43774f3c-9ce6-fc78-7857-b8607c3e1966,Invoice VISTA/26-27/07/00067 · 2026-07,sent,null,2026-06-30 10:51:36.198623+00,2026-06-30 10:55:46.033+00
9c6259d8-84de-4000-8863-b4932eaf2154,00000000-0000-0000-0000-000000000001,04217744-5b51-4624-baa8-9ea876a330dd,invoice,83946230-9e45-42e7-ae72-6abb6465a64b,011b7d1c-5697-5394-c05b-fa0473640657,Invoice VISTA/26-27/07/00096 · 2026-07,sent,null,2026-06-30 10:51:39.999205+00,2026-06-30 11:00:29.634+00
02001f64-cfa7-4dec-be2f-22f76fe78c25,00000000-0000-0000-0000-000000000001,515c2d76-0ac7-4ae4-bd32-3b048ba93edb,invoice,a2e31bfc-e9ec-4eb1-87ce-ec88606d608d,d2449d75-0593-4deb-a6c2-fae99fc83ab0,Invoice VISTA/26-27/07/00055 · 2026-07,sent,null,2026-06-30 10:51:43.644357+00,2026-06-30 10:55:46.033+00
93b2908a-25a7-4b23-a643-c5387a37a2fd,00000000-0000-0000-0000-000000000001,04217744-5b51-4624-baa8-9ea876a330dd,invoice,b3a62fdc-9b38-4076-8c3b-3d27e3241ffb,950dd22f-78fa-d205-48b3-fe5a5cc7438e,Invoice VISTA/26-27/07/00172 · 2026-07,sent,null,2026-06-30 10:51:47.030337+00,2026-06-30 11:00:29.634+00
d06d8774-d191-4b41-a26c-c93cfa58eac8,00000000-0000-0000-0000-000000000001,515c2d76-0ac7-4ae4-bd32-3b048ba93edb,invoice,34b61bad-d90d-4b16-b05c-be1105dbb12b,be68c44d-d4d2-478a-7b1e-c9c3fefac406,Invoice VISTA/26-27/07/00119 · 2026-07,sent,null,2026-06-30 10:51:50.651794+00,2026-06-30 10:55:46.033+00
d15dc830-6c98-4836-acff-e23ba6c83cfe,00000000-0000-0000-0000-000000000001,04217744-5b51-4624-baa8-9ea876a330dd,invoice,0cb659ed-dbfd-40f5-a9fd-54f9e2ca9b8e,4628a4bf-d4c5-9e5d-471c-271b9f3e7d03,Invoice VISTA/26-27/07/00171 · 2026-07,sent,null,2026-06-30 10:51:53.459319+00,2026-06-30 11:00:29.634+00
046ca247-8028-460f-b4a4-2784a3deb940,00000000-0000-0000-0000-000000000001,515c2d76-0ac7-4ae4-bd32-3b048ba93edb,invoice,412ab910-8074-4c52-83fc-5ec66cc845b1,c3c77367-5f51-f7a7-e667-0e3480f53751,Invoice VISTA/26-27/07/00094 · 2026-07,sent,null,2026-06-30 10:51:56.567232+00,2026-06-30 10:55:46.033+00
0ed271ca-6bce-4d0a-ab98-244e9ddc8921,00000000-0000-0000-0000-000000000001,04217744-5b51-4624-baa8-9ea876a330dd,invoice,745156ec-252b-4948-9c87-4f7b5b0ad514,1287ac56-adee-78b5-6a6b-56b3e8dd7d48,Invoice VISTA/26-27/07/00135 · 2026-07,sent,null,2026-06-30 10:51:58.932617+00,2026-06-30 11:00:29.634+00
2f255ce9-7ff1-4d4f-8b87-bfbc2968ae71,00000000-0000-0000-0000-000000000001,515c2d76-0ac7-4ae4-bd32-3b048ba93edb,invoice,b5b00661-8214-40d1-ada2-59bde8932f31,26b16f30-da65-8aa3-d1ec-4867ac2a8f35,Invoice VISTA/26-27/07/00072 · 2026-07,sent,null,2026-06-30 10:52:02.420939+00,2026-06-30 10:55:46.033+00
d4190428-cfd1-448a-a8e6-4e96d172bb36,00000000-0000-0000-0000-000000000001,04217744-5b51-4624-baa8-9ea876a330dd,invoice,0f0bf387-a2cd-4f2f-91b0-8e8645621db2,1fc0c3bb-f35c-8d5d-a4fa-a9c1723cd8ab,Invoice VISTA/26-27/07/00071 · 2026-07,sent,null,2026-06-30 10:52:06.659222+00,2026-06-30 11:00:29.634+00
21602654-b085-4cdf-8b31-0065a74c24b0,00000000-0000-0000-0000-000000000001,515c2d76-0ac7-4ae4-bd32-3b048ba93edb,invoice,8d0f08d4-4487-4702-b557-bdcb0e442107,b0a6f0b5-9fd8-112e-2bfa-24fa8a25779b,Invoice VISTA/26-27/07/00129 · 2026-07,sent,null,2026-06-30 10:52:10.049358+00,2026-06-30 10:55:46.033+00
807fe6ad-8155-4ed9-9c4f-a4d44382ddd1,00000000-0000-0000-0000-000000000001,04217744-5b51-4624-baa8-9ea876a330dd,invoice,f0342d57-2d7a-4f46-9899-b5da852ed01b,2b785f57-1c4f-d4a8-d486-b69e7b2db5bc,Invoice VISTA/26-27/07/00121 · 2026-07,sent,null,2026-06-30 10:52:15.683812+00,2026-06-30 11:00:29.634+00
a4738bde-e876-4ce7-8762-c4e33aa8b473,00000000-0000-0000-0000-000000000001,515c2d76-0ac7-4ae4-bd32-3b048ba93edb,invoice,802462bc-c768-4a9e-a6a0-506141feaf2b,c2329858-525d-2f70-5e31-bf9a8358eb3e,Invoice VISTA/26-27/07/00147 · 2026-07,sent,null,2026-06-30 10:52:18.770694+00,2026-06-30 10:55:46.033+00
ba855664-cfd4-4d82-be27-78a3b27a1fcd,00000000-0000-0000-0000-000000000001,04217744-5b51-4624-baa8-9ea876a330dd,invoice,d003c2f2-97cf-405f-a1dc-2c2040627739,f284b25b-d762-1399-a12e-ba7ffa6b6f97,Invoice VISTA/26-27/07/00141 · 2026-07,sent,null,2026-06-30 10:52:22.779176+00,2026-06-30 11:00:29.634+00
344cf3e8-fd16-4fb5-84f0-b6cb2f37ff78,00000000-0000-0000-0000-000000000001,515c2d76-0ac7-4ae4-bd32-3b048ba93edb,invoice,faf6ebf8-7d81-413a-a907-7b44902a23b8,417cb75b-9992-4df9-28ae-ad4d2313621f,Invoice VISTA/26-27/07/00120 · 2026-07,sent,null,2026-06-30 10:52:26.604137+00,2026-06-30 10:55:50.295+00
25637a7a-90c5-438e-bff4-607c7f3c2933,00000000-0000-0000-0000-000000000001,04217744-5b51-4624-baa8-9ea876a330dd,invoice,189448e8-4b4b-4dd4-9df8-3b06e52406a0,b4a50439-db13-dc26-d980-eb079b321460,Invoice VISTA/26-27/07/00106 · 2026-07,sent,null,2026-06-30 10:52:31.461203+00,2026-06-30 11:00:29.634+00
22d5ef40-9f93-4d9d-8d31-a9cbd79a4c86,00000000-0000-0000-0000-000000000001,515c2d76-0ac7-4ae4-bd32-3b048ba93edb,invoice,335c758a-a82e-48b9-9c9c-f5b9b1f953f5,82be44de-b1d6-4e48-e6bb-33ec98b83c7d,Invoice VISTA/26-27/07/00082 · 2026-07,sent,null,2026-06-30 10:52:37.443417+00,2026-06-30 10:55:50.295+00
4164772a-6ea9-460b-b6bc-c8e870dd8338,00000000-0000-0000-0000-000000000001,04217744-5b51-4624-baa8-9ea876a330dd,invoice,e315ce7d-3931-4303-8e27-b185656728d4,5fee0a79-3970-704a-2332-f7c7598e86c1,Invoice VISTA/26-27/07/00132 · 2026-07,sent,null,2026-06-30 10:52:40.396912+00,2026-06-30 11:00:29.634+00
6d20cf81-6583-4b59-ba3e-a18522cfe093,00000000-0000-0000-0000-000000000001,515c2d76-0ac7-4ae4-bd32-3b048ba93edb,invoice,eed77448-ce76-4445-aacf-23c504a78770,4f75b0ca-7bed-c37c-cfd4-1e361a1bb6d4,Invoice VISTA/26-27/07/00077 · 2026-07,sent,null,2026-06-30 10:52:43.398415+00,2026-06-30 10:55:50.295+00
00835496-1a12-46fa-8166-01d81d022f5a,00000000-0000-0000-0000-000000000001,04217744-5b51-4624-baa8-9ea876a330dd,invoice,059fd274-5fb8-4eea-abb8-9606977f5c0a,c675e97a-0958-0695-90b3-49311eec8fd7,Invoice VISTA/26-27/07/00113 · 2026-07,sent,null,2026-06-30 10:52:46.129738+00,2026-06-30 11:00:29.634+00
a9bb34c1-b699-43e3-8453-522d41027f0d,00000000-0000-0000-0000-000000000001,515c2d76-0ac7-4ae4-bd32-3b048ba93edb,invoice,3f16046f-d0f0-49b2-80e8-a5dd6cd71b56,55ca6f7c-112a-ec33-7c1c-987508bc9e41,Invoice VISTA/26-27/07/00123 · 2026-07,sent,null,2026-06-30 10:52:46.181476+00,2026-06-30 10:55:50.295+00
2b2ebc3c-4109-4686-ba5e-ec566352ec14,00000000-0000-0000-0000-000000000001,04217744-5b51-4624-baa8-9ea876a330dd,invoice,32f00025-0af1-45cc-9194-923f4c38dc9f,1a171004-7682-1c39-e6a2-758b668c33b0,Invoice VISTA/26-27/07/00062 · 2026-07,sent,null,2026-06-30 10:52:48.23934+00,2026-06-30 11:00:34.823+00
b8c9bc17-b5b4-4d59-9cb5-9613110bd114,00000000-0000-0000-0000-000000000001,515c2d76-0ac7-4ae4-bd32-3b048ba93edb,invoice,8222baed-94ea-4715-886b-bbbd58847c75,b19dfc6c-a5d5-734c-3d3d-6389c281b3bb,Invoice VISTA/26-27/07/00158 · 2026-07,sent,null,2026-06-30 10:52:48.310929+00,2026-06-30 10:55:50.295+00
a7a68f96-8030-4301-bc1c-da8c9ff6c3db,00000000-0000-0000-0000-000000000001,04217744-5b51-4624-baa8-9ea876a330dd,invoice,454187b9-2c17-4ece-8eeb-02b8353df2f6,43774f3c-9ce6-fc78-7857-b8607c3e1966,Invoice VISTA/26-27/07/00067 · 2026-07,sent,null,2026-06-30 10:52:50.170149+00,2026-06-30 11:00:34.823+00
1982a02f-9555-41cc-a2ca-a396cb41106e,00000000-0000-0000-0000-000000000001,515c2d76-0ac7-4ae4-bd32-3b048ba93edb,invoice,3dad052b-6262-42a7-a5bf-01271baa684a,855f3f6a-72ae-46f4-4cc2-a9a0d5df5b70,Invoice VISTA/26-27/07/00164 · 2026-07,sent,null,2026-06-30 10:52:50.19622+00,2026-06-30 10:55:50.295+00
3874b167-46cd-4704-83a3-a075e22c4512,00000000-0000-0000-0000-000000000001,515c2d76-0ac7-4ae4-bd32-3b048ba93edb,invoice,fe05c569-fd27-4731-94f4-c0bc540f9b38,c39e5b6a-5497-09b6-25cc-89f1ea8a608c,Invoice VISTA/26-27/07/00088 · 2026-07,sent,null,2026-06-30 10:52:52.089977+00,2026-06-30 10:55:50.295+00
fcdb87f0-5627-458c-9957-131b63c1791c,00000000-0000-0000-0000-000000000001,04217744-5b51-4624-baa8-9ea876a330dd,invoice,a2e31bfc-e9ec-4eb1-87ce-ec88606d608d,d2449d75-0593-4deb-a6c2-fae99fc83ab0,Invoice VISTA/26-27/07/00055 · 2026-07,sent,null,2026-06-30 10:52:53.563883+00,2026-06-30 11:00:34.823+00
463ef9e7-3135-49e1-8f34-50bc421cdc1d,00000000-0000-0000-0000-000000000001,515c2d76-0ac7-4ae4-bd32-3b048ba93edb,invoice,055c0af8-b9f9-452b-ab66-b89b7f6c8706,e17238d1-34ce-0cbb-4dc0-f65e60ff52f7,Invoice VISTA/26-27/07/00138 · 2026-07,sent,null,2026-06-30 10:52:53.832743+00,2026-06-30 10:55:50.295+00
ad9375ca-54ba-400b-83f6-9f316995d1b2,00000000-0000-0000-0000-000000000001,04217744-5b51-4624-baa8-9ea876a330dd,invoice,34b61bad-d90d-4b16-b05c-be1105dbb12b,be68c44d-d4d2-478a-7b1e-c9c3fefac406,Invoice VISTA/26-27/07/00119 · 2026-07,sent,null,2026-06-30 10:53:01.599404+00,2026-06-30 11:00:34.823+00
161a8052-5694-4df6-a385-891099a85ad4,00000000-0000-0000-0000-000000000001,515c2d76-0ac7-4ae4-bd32-3b048ba93edb,invoice,56906135-a62d-4d42-a1e7-ad65d307a83f,87a1e515-e2e0-110f-05d1-04f5a83c066a,Invoice VISTA/26-27/07/00061 · 2026-07,sent,null,2026-06-30 10:53:01.678418+00,2026-06-30 10:55:50.295+00
976b6144-9ace-4abc-8b20-87ee18322a77,00000000-0000-0000-0000-000000000001,04217744-5b51-4624-baa8-9ea876a330dd,invoice,412ab910-8074-4c52-83fc-5ec66cc845b1,c3c77367-5f51-f7a7-e667-0e3480f53751,Invoice VISTA/26-27/07/00094 · 2026-07,sent,null,2026-06-30 10:53:10.147502+00,2026-06-30 11:00:34.823+00
0763ae94-786c-4806-88b8-2af282e4bfd4,00000000-0000-0000-0000-000000000001,515c2d76-0ac7-4ae4-bd32-3b048ba93edb,invoice,d3ff5ae7-b384-4c33-a871-b80bf1cb3e58,630c8120-bdbc-832c-24ca-aca9e6b49891,Invoice VISTA/26-27/07/00075 · 2026-07,sent,null,2026-06-30 10:53:14.415896+00,2026-06-30 10:55:50.295+00
2b443e84-c43f-474c-8c83-0fda7fd5c834,00000000-0000-0000-0000-000000000001,04217744-5b51-4624-baa8-9ea876a330dd,invoice,b5b00661-8214-40d1-ada2-59bde8932f31,26b16f30-da65-8aa3-d1ec-4867ac2a8f35,Invoice VISTA/26-27/07/00072 · 2026-07,sent,null,2026-06-30 10:53:19.337549+00,2026-06-30 11:00:34.823+00
0d1264e7-1cd2-4af1-9af7-4bff7f2efe5d,00000000-0000-0000-0000-000000000001,515c2d76-0ac7-4ae4-bd32-3b048ba93edb,invoice,7c290a13-6669-452f-afe6-2270f106cc0d,f295149c-bcb1-4d48-93ce-d2ea593d29c3,Invoice VISTA/26-27/07/00035 · 2026-07,sent,null,2026-06-30 10:53:24.371865+00,2026-06-30 10:55:50.295+00
8086299e-cd42-4ff9-b79a-c6fb1644e6c8,00000000-0000-0000-0000-000000000001,04217744-5b51-4624-baa8-9ea876a330dd,invoice,8d0f08d4-4487-4702-b557-bdcb0e442107,b0a6f0b5-9fd8-112e-2bfa-24fa8a25779b,Invoice VISTA/26-27/07/00129 · 2026-07,sent,null,2026-06-30 10:53:24.499596+00,2026-06-30 11:00:34.823+00
783007c2-328a-43f9-aef2-30359b648bc5,00000000-0000-0000-0000-000000000001,515c2d76-0ac7-4ae4-bd32-3b048ba93edb,invoice,d4bae020-64de-44b8-bc91-6eba14b0b2c0,2c05db07-e980-4d52-a524-1b1ee5185554,Invoice VISTA/26-27/07/00034 · 2026-07,sent,null,2026-06-30 10:53:36.59555+00,2026-06-30 10:55:50.295+00
0e5a0b78-d13f-4f3b-8451-668091740cd7,00000000-0000-0000-0000-000000000001,04217744-5b51-4624-baa8-9ea876a330dd,invoice,802462bc-c768-4a9e-a6a0-506141feaf2b,c2329858-525d-2f70-5e31-bf9a8358eb3e,Invoice VISTA/26-27/07/00147 · 2026-07,sent,null,2026-06-30 10:53:42.62251+00,2026-06-30 11:00:34.823+00
1634c315-1394-4c68-93ec-ded9fa43812f,00000000-0000-0000-0000-000000000001,515c2d76-0ac7-4ae4-bd32-3b048ba93edb,invoice,6919c9e3-f589-42a2-ba7e-65a8a58622c6,1dc2bdca-ae79-4cd5-9d74-961c02cce282,Invoice VISTA/26-27/07/00050 · 2026-07,sent,null,2026-06-30 10:53:50.272051+00,2026-06-30 10:55:50.295+00
a00b1e02-782e-4300-bc56-2227183c6841,00000000-0000-0000-0000-000000000001,04217744-5b51-4624-baa8-9ea876a330dd,invoice,faf6ebf8-7d81-413a-a907-7b44902a23b8,417cb75b-9992-4df9-28ae-ad4d2313621f,Invoice VISTA/26-27/07/00120 · 2026-07,sent,null,2026-06-30 10:53:50.276611+00,2026-06-30 11:00:34.823+00
aaedaef9-f764-4dcf-adb9-7bd7b1ff24ce,00000000-0000-0000-0000-000000000001,04217744-5b51-4624-baa8-9ea876a330dd,invoice,335c758a-a82e-48b9-9c9c-f5b9b1f953f5,82be44de-b1d6-4e48-e6bb-33ec98b83c7d,Invoice VISTA/26-27/07/00082 · 2026-07,sent,null,2026-06-30 10:53:59.448897+00,2026-06-30 11:00:34.823+00
e82479a0-a821-49fb-8714-3a253d073fa1,00000000-0000-0000-0000-000000000001,515c2d76-0ac7-4ae4-bd32-3b048ba93edb,invoice,b65d5536-03b2-4018-b3cd-0b5dd7ba19e7,d77b5c1e-605d-6795-5eee-1e2f9b83e069,Invoice VISTA/26-27/07/00081 · 2026-07,sent,null,2026-06-30 10:53:59.450002+00,2026-06-30 10:55:50.296+00
b1a44886-cb00-4f61-a1a6-96e40bb45743,00000000-0000-0000-0000-000000000001,04217744-5b51-4624-baa8-9ea876a330dd,invoice,eed77448-ce76-4445-aacf-23c504a78770,4f75b0ca-7bed-c37c-cfd4-1e361a1bb6d4,Invoice VISTA/26-27/07/00077 · 2026-07,sent,null,2026-06-30 10:54:10.530743+00,2026-06-30 11:00:34.823+00
16e839d2-bd8a-4541-a56d-75bd3c67b32a,00000000-0000-0000-0000-000000000001,515c2d76-0ac7-4ae4-bd32-3b048ba93edb,invoice,9cb076b7-87dd-48f7-b9fc-7a9b618e0612,d497808b-36e2-ea42-d247-85b4e409078c,Invoice VISTA/26-27/07/00086 · 2026-07,sent,null,2026-06-30 10:54:16.371765+00,2026-06-30 10:55:50.296+00
7139f1d6-6d69-498e-9b7c-7c42ba69f07a,00000000-0000-0000-0000-000000000001,04217744-5b51-4624-baa8-9ea876a330dd,invoice,3f16046f-d0f0-49b2-80e8-a5dd6cd71b56,55ca6f7c-112a-ec33-7c1c-987508bc9e41,Invoice VISTA/26-27/07/00123 · 2026-07,sent,null,2026-06-30 10:54:25.779639+00,2026-06-30 11:00:34.823+00
7134e7cf-269a-4830-9b05-4f06abb52abd,00000000-0000-0000-0000-000000000001,515c2d76-0ac7-4ae4-bd32-3b048ba93edb,invoice,ea869205-6218-4ec4-87b3-2e8f6b5d3122,edee54e5-b970-ea10-551f-b156c26d8f0a,Invoice VISTA/26-27/07/00019 · 2026-07,sent,null,2026-06-30 10:54:30.247364+00,2026-06-30 10:55:50.296+00
c1dc65ae-628c-49d5-bafb-eb976e211b5c,00000000-0000-0000-0000-000000000001,04217744-5b51-4624-baa8-9ea876a330dd,invoice,8222baed-94ea-4715-886b-bbbd58847c75,b19dfc6c-a5d5-734c-3d3d-6389c281b3bb,Invoice VISTA/26-27/07/00158 · 2026-07,sent,null,2026-06-30 10:54:34.905451+00,2026-06-30 11:00:34.823+00
9423e47b-1b50-41dc-9ec7-d83077666709,00000000-0000-0000-0000-000000000001,515c2d76-0ac7-4ae4-bd32-3b048ba93edb,invoice,e8734846-e5fd-4446-aab6-6cdf61712176,9653a402-ff75-bbdf-8cc6-1cb0ca01f233,Invoice VISTA/26-27/07/00149 · 2026-07,sent,null,2026-06-30 10:54:41.322774+00,2026-06-30 10:55:50.296+00
9a4f33f3-6b12-4e84-963d-f644d6649262,00000000-0000-0000-0000-000000000001,04217744-5b51-4624-baa8-9ea876a330dd,invoice,3dad052b-6262-42a7-a5bf-01271baa684a,855f3f6a-72ae-46f4-4cc2-a9a0d5df5b70,Invoice VISTA/26-27/07/00164 · 2026-07,sent,null,2026-06-30 10:54:48.124923+00,2026-06-30 11:00:34.823+00
ab6b0c83-18bd-4546-8d8d-a073ae922f71,00000000-0000-0000-0000-000000000001,515c2d76-0ac7-4ae4-bd32-3b048ba93edb,invoice,df089a8c-4777-446b-a107-25d47067496d,af12a12c-92bf-088b-3073-292fe4dfc478,Invoice VISTA/26-27/07/00126 · 2026-07,sent,null,2026-06-30 10:54:48.381632+00,2026-06-30 10:55:50.296+00
024ba2eb-53e4-41b4-bd09-19d1d2265014,00000000-0000-0000-0000-000000000001,04217744-5b51-4624-baa8-9ea876a330dd,invoice,fe05c569-fd27-4731-94f4-c0bc540f9b38,c39e5b6a-5497-09b6-25cc-89f1ea8a608c,Invoice VISTA/26-27/07/00088 · 2026-07,sent,null,2026-06-30 10:54:57.841932+00,2026-06-30 11:00:34.823+00
d0f95a57-e8f0-4895-bc84-b17d38eb8218,00000000-0000-0000-0000-000000000001,515c2d76-0ac7-4ae4-bd32-3b048ba93edb,invoice,419275a9-a44c-4377-a341-65de39ccbcfb,de481a65-2fb4-4974-b7db-0ec990ea852d,Invoice VISTA/26-27/07/00018 · 2026-07,sent,null,2026-06-30 10:54:57.880888+00,2026-06-30 10:55:50.296+00
88a79309-8117-4e04-ab7b-475849f37fa7,00000000-0000-0000-0000-000000000001,515c2d76-0ac7-4ae4-bd32-3b048ba93edb,invoice,fc2e2aaf-beef-42cd-b3b7-d49ef5b03957,a267e3ee-ef69-4d54-8414-357c81b2eb3c,Invoice VISTA/26-27/07/00017 · 2026-07,sent,null,2026-06-30 10:55:07.219608+00,2026-06-30 10:55:50.296+00
b8b02538-fd87-47cb-90c7-d8e90d3cd640,00000000-0000-0000-0000-000000000001,04217744-5b51-4624-baa8-9ea876a330dd,invoice,055c0af8-b9f9-452b-ab66-b89b7f6c8706,e17238d1-34ce-0cbb-4dc0-f65e60ff52f7,Invoice VISTA/26-27/07/00138 · 2026-07,sent,null,2026-06-30 10:55:12.366269+00,2026-06-30 11:00:34.823+00
1347eb45-0f69-43b1-a367-c331b34d52e8,00000000-0000-0000-0000-000000000001,04217744-5b51-4624-baa8-9ea876a330dd,invoice,56906135-a62d-4d42-a1e7-ad65d307a83f,87a1e515-e2e0-110f-05d1-04f5a83c066a,Invoice VISTA/26-27/07/00061 · 2026-07,sent,null,2026-06-30 10:55:27.522269+00,2026-06-30 11:00:34.823+00
45d76efc-56d9-4062-a535-a7f8effd72d3,00000000-0000-0000-0000-000000000001,515c2d76-0ac7-4ae4-bd32-3b048ba93edb,invoice,c99b0eab-ebdb-4125-a278-f9e4617db90b,706ec709-36e3-4de0-a55a-522efd0b3957,Invoice VISTA/26-27/07/00022 · 2026-07,sent,null,2026-06-30 10:55:27.540454+00,2026-06-30 10:55:50.296+00
2ada7e69-8f1c-431f-86f9-d699d9ae5360,00000000-0000-0000-0000-000000000001,04217744-5b51-4624-baa8-9ea876a330dd,invoice,d3ff5ae7-b384-4c33-a871-b80bf1cb3e58,630c8120-bdbc-832c-24ca-aca9e6b49891,Invoice VISTA/26-27/07/00075 · 2026-07,sent,null,2026-06-30 10:55:58.140997+00,2026-06-30 11:00:34.823+00
0607cc8b-132b-4fe5-add8-4f20bbd2e519,00000000-0000-0000-0000-000000000001,515c2d76-0ac7-4ae4-bd32-3b048ba93edb,invoice,788883e4-2b9f-457a-a732-7061cc073cf3,d8c4b3c5-9b2a-4c6e-b1e8-0a98c9175234,Invoice VISTA/26-27/07/00039 · 2026-07,sent,null,2026-06-30 10:56:35.519521+00,2026-06-30 10:56:39.567+00
3d5a2e8a-27b0-4988-ba6e-2c03591b106b,00000000-0000-0000-0000-000000000001,515c2d76-0ac7-4ae4-bd32-3b048ba93edb,invoice,42834448-a916-4952-a258-511ae5ae7bfc,238b347e-e7e9-b1a3-31a8-a2f8fed99f55,Invoice VISTA/26-27/07/00134 · 2026-07,sent,null,2026-06-30 10:56:51.079997+00,2026-06-30 10:56:53.99+00
ad5c0d84-b28f-4813-8474-4aea894324e2,00000000-0000-0000-0000-000000000001,04217744-5b51-4624-baa8-9ea876a330dd,invoice,7c290a13-6669-452f-afe6-2270f106cc0d,f295149c-bcb1-4d48-93ce-d2ea593d29c3,Invoice VISTA/26-27/07/00035 · 2026-07,sent,null,2026-06-30 10:56:55.263667+00,2026-06-30 11:00:34.823+00
0091f0f5-d545-4ade-b3d4-1116f66dcf6d,00000000-0000-0000-0000-000000000001,515c2d76-0ac7-4ae4-bd32-3b048ba93edb,invoice,ac00279b-99d6-4b81-ad6b-ce01b2cdddf5,8e39a9bd-3317-b2a6-22a6-16fa4cab9632,Invoice VISTA/26-27/07/00053 · 2026-07,sent,null,2026-06-30 10:57:00.3755+00,2026-06-30 10:57:05.106+00
8473465d-8873-4552-8c36-dc74c3640d53,00000000-0000-0000-0000-000000000001,04217744-5b51-4624-baa8-9ea876a330dd,invoice,d4bae020-64de-44b8-bc91-6eba14b0b2c0,2c05db07-e980-4d52-a524-1b1ee5185554,Invoice VISTA/26-27/07/00034 · 2026-07,sent,null,2026-06-30 10:57:04.896031+00,2026-06-30 11:00:34.823+00
4af4362a-65f6-44b0-85fc-63e5278fc301,00000000-0000-0000-0000-000000000001,515c2d76-0ac7-4ae4-bd32-3b048ba93edb,invoice,230268ae-232b-479b-8590-d8ab6c46c605,06061874-ce68-4008-82f6-50ace2ba4bf4,Invoice VISTA/26-27/07/00005 · 2026-07,sent,null,2026-06-30 10:57:09.47743+00,2026-06-30 10:57:12.468+00
e65f52ee-1ab3-4b15-82d2-7b53e882f401,00000000-0000-0000-0000-000000000001,04217744-5b51-4624-baa8-9ea876a330dd,invoice,6919c9e3-f589-42a2-ba7e-65a8a58622c6,1dc2bdca-ae79-4cd5-9d74-961c02cce282,Invoice VISTA/26-27/07/00050 · 2026-07,sent,null,2026-06-30 10:57:14.206341+00,2026-06-30 11:00:34.823+00
1b23f1a7-44f8-4d5d-8616-e615254b425f,00000000-0000-0000-0000-000000000001,515c2d76-0ac7-4ae4-bd32-3b048ba93edb,invoice,f16853a2-ef8d-407d-a050-991dffac7b8b,e6dde6a9-4da9-d1a2-802a-faf5db207e8e,Invoice VISTA/26-27/07/00128 · 2026-07,sent,null,2026-06-30 10:57:18.463835+00,2026-06-30 10:57:22.873+00
2d6775ed-1d72-4fb7-b039-1b04ea208270,00000000-0000-0000-0000-000000000001,04217744-5b51-4624-baa8-9ea876a330dd,invoice,b65d5536-03b2-4018-b3cd-0b5dd7ba19e7,d77b5c1e-605d-6795-5eee-1e2f9b83e069,Invoice VISTA/26-27/07/00081 · 2026-07,sent,null,2026-06-30 10:57:24.429164+00,2026-06-30 11:00:34.823+00
05e9ba5b-a6db-4181-b328-f20648539e74,00000000-0000-0000-0000-000000000001,515c2d76-0ac7-4ae4-bd32-3b048ba93edb,invoice,f055c25e-8172-4aca-af41-31d58925c66c,df5ea39c-c069-5211-271d-f0d3831adefa,Invoice VISTA/26-27/07/00170 · 2026-07,sent,null,2026-06-30 10:58:00.422427+00,2026-06-30 10:58:03.712+00
12b45265-c925-4e9e-b5b9-5127be44b3ce,00000000-0000-0000-0000-000000000001,04217744-5b51-4624-baa8-9ea876a330dd,invoice,9cb076b7-87dd-48f7-b9fc-7a9b618e0612,d497808b-36e2-ea42-d247-85b4e409078c,Invoice VISTA/26-27/07/00086 · 2026-07,sent,null,2026-06-30 10:58:20.463998+00,2026-06-30 11:00:34.823+00
56c3d2ee-2659-4315-af62-1b57b33cf65e,00000000-0000-0000-0000-000000000001,515c2d76-0ac7-4ae4-bd32-3b048ba93edb,invoice,34bb8bfa-04a3-4c6c-862d-802d6007abe5,c02eb961-2471-c285-9c28-fb9a12aaf70a,Invoice VISTA/26-27/07/00093 · 2026-07,sent,null,2026-06-30 10:58:20.481163+00,2026-06-30 10:58:23.852+00
3d715925-bb17-42aa-bfab-477b3d393b5f,00000000-0000-0000-0000-000000000001,04217744-5b51-4624-baa8-9ea876a330dd,invoice,ea869205-6218-4ec4-87b3-2e8f6b5d3122,edee54e5-b970-ea10-551f-b156c26d8f0a,Invoice VISTA/26-27/07/00019 · 2026-07,sent,null,2026-06-30 10:58:30.198228+00,2026-06-30 11:00:34.823+00
ff0154f7-b96e-4077-afbc-c864319002f3,00000000-0000-0000-0000-000000000001,515c2d76-0ac7-4ae4-bd32-3b048ba93edb,invoice,816c48dc-337d-43bf-b888-1f3d7c8cc02a,73715344-908a-b7fa-00cc-34358ffb16f0,Invoice VISTA/26-27/07/00097 · 2026-07,sent,null,2026-06-30 10:58:35.243902+00,2026-06-30 10:58:38.65+00
fd2cdf0e-1191-4524-9a46-ad4e74657b79,00000000-0000-0000-0000-000000000001,04217744-5b51-4624-baa8-9ea876a330dd,invoice,e8734846-e5fd-4446-aab6-6cdf61712176,9653a402-ff75-bbdf-8cc6-1cb0ca01f233,Invoice VISTA/26-27/07/00149 · 2026-07,sent,null,2026-06-30 10:58:39.975143+00,2026-06-30 11:00:37.87+00
e59af5bd-93f1-4d80-899c-0fa39c87aa5f,00000000-0000-0000-0000-000000000001,515c2d76-0ac7-4ae4-bd32-3b048ba93edb,invoice,8285171f-22c5-447f-9c7c-4b00267c1159,1a3b6c74-26e1-7124-0b5c-7f783d71624d,Invoice VISTA/26-27/07/00092 · 2026-07,sent,null,2026-06-30 10:58:46.519971+00,2026-06-30 10:58:49.317+00
acbeb1c4-6e4d-49b2-bbbb-31ee32907e23,00000000-0000-0000-0000-000000000001,04217744-5b51-4624-baa8-9ea876a330dd,invoice,df089a8c-4777-446b-a107-25d47067496d,af12a12c-92bf-088b-3073-292fe4dfc478,Invoice VISTA/26-27/07/00126 · 2026-07,sent,null,2026-06-30 10:59:17.214368+00,2026-06-30 11:00:37.87+00
8a3702be-d147-4d42-b658-8f43dcecd9fc,00000000-0000-0000-0000-000000000001,04217744-5b51-4624-baa8-9ea876a330dd,invoice,419275a9-a44c-4377-a341-65de39ccbcfb,de481a65-2fb4-4974-b7db-0ec990ea852d,Invoice VISTA/26-27/07/00018 · 2026-07,sent,null,2026-06-30 10:59:46.811715+00,2026-06-30 11:00:37.87+00
6e7fc822-7bc2-4ced-ab28-9a6618b7a74d,00000000-0000-0000-0000-000000000001,515c2d76-0ac7-4ae4-bd32-3b048ba93edb,invoice,ede71c47-8321-49b7-93ca-b0c4c7687848,2a00764b-10fd-4f2c-84a8-b611cf9b893a,Invoice VISTA/26-27/07/00003 · 2026-07,sent,null,2026-06-30 10:59:46.903984+00,2026-06-30 10:59:50.243+00
f3957e78-013f-459c-a896-c1f8beec5dfd,00000000-0000-0000-0000-000000000001,04217744-5b51-4624-baa8-9ea876a330dd,invoice,fc2e2aaf-beef-42cd-b3b7-d49ef5b03957,a267e3ee-ef69-4d54-8414-357c81b2eb3c,Invoice VISTA/26-27/07/00017 · 2026-07,sent,null,2026-06-30 10:59:57.128982+00,2026-06-30 11:00:37.87+00
c2dc3ab3-fc1b-4939-8b98-f23cb34548de,00000000-0000-0000-0000-000000000001,515c2d76-0ac7-4ae4-bd32-3b048ba93edb,invoice,2b95eb32-436b-461d-8dff-4ce7d45f69ed,1604768e-85d5-4c44-882a-b748eddc1f37,Invoice VISTA/26-27/07/00002 · 2026-07,sent,null,2026-06-30 10:59:57.15932+00,2026-06-30 11:00:00.893+00
861372f8-6981-4ac2-8524-1a82bfff4c9a,00000000-0000-0000-0000-000000000001,04217744-5b51-4624-baa8-9ea876a330dd,invoice,c99b0eab-ebdb-4125-a278-f9e4617db90b,706ec709-36e3-4de0-a55a-522efd0b3957,Invoice VISTA/26-27/07/00022 · 2026-07,sent,null,2026-06-30 11:00:06.553352+00,2026-06-30 11:00:37.87+00
cf1bfb29-b169-479b-8f6c-2d5d1f29a91e,00000000-0000-0000-0000-000000000001,515c2d76-0ac7-4ae4-bd32-3b048ba93edb,invoice,6557c3ff-a05b-4069-9b65-d7e44ffb9f19,696a4512-7d08-4e23-a774-91ee1afc42d1,Invoice VISTA/26-27/07/00007 · 2026-07,sent,null,2026-06-30 11:00:06.639511+00,2026-06-30 11:00:09.832+00
0810f946-a288-4ba0-98d6-82961dce7d13,00000000-0000-0000-0000-000000000001,04217744-5b51-4624-baa8-9ea876a330dd,invoice,788883e4-2b9f-457a-a732-7061cc073cf3,d8c4b3c5-9b2a-4c6e-b1e8-0a98c9175234,Invoice VISTA/26-27/07/00039 · 2026-07,sent,null,2026-06-30 11:00:15.419508+00,2026-06-30 11:00:37.87+00
0fadfcf1-e66b-48f6-9262-d90a65b00872,00000000-0000-0000-0000-000000000001,515c2d76-0ac7-4ae4-bd32-3b048ba93edb,invoice,3c2947f9-9dee-4285-8aa8-6011ca8a8677,b6263381-5732-4544-952b-edde50fdfc28,Invoice VISTA/26-27/07/00025 · 2026-07,sent,null,2026-06-30 11:00:19.891206+00,2026-06-30 11:00:24.178+00
6739c0ff-662e-4d89-b0b9-fb4c76ca77ee,00000000-0000-0000-0000-000000000001,04217744-5b51-4624-baa8-9ea876a330dd,invoice,42834448-a916-4952-a258-511ae5ae7bfc,238b347e-e7e9-b1a3-31a8-a2f8fed99f55,Invoice VISTA/26-27/07/00134 · 2026-07,sent,null,2026-06-30 11:00:24.230208+00,2026-06-30 11:00:43.362+00
9914f5db-c58b-4967-aa94-fccf08b30a65,00000000-0000-0000-0000-000000000001,515c2d76-0ac7-4ae4-bd32-3b048ba93edb,invoice,00972509-04c3-42a4-a0dd-c5b339e98169,c49181cd-07c5-4c6a-a996-4146d002c886,Invoice VISTA/26-27/07/00043 · 2026-07,sent,null,2026-06-30 11:00:28.258238+00,2026-06-30 11:00:31.476+00
7dbd60db-76cc-48bb-8c42-d6b0e25fe55c,00000000-0000-0000-0000-000000000001,04217744-5b51-4624-baa8-9ea876a330dd,invoice,ac00279b-99d6-4b81-ad6b-ce01b2cdddf5,8e39a9bd-3317-b2a6-22a6-16fa4cab9632,Invoice VISTA/26-27/07/00053 · 2026-07,sent,null,2026-06-30 11:00:32.337414+00,2026-06-30 11:00:43.362+00
5be2b0e3-4231-4517-b41f-24dcfab3af49,00000000-0000-0000-0000-000000000001,515c2d76-0ac7-4ae4-bd32-3b048ba93edb,invoice,d004bf74-817d-48da-8716-b2bf041a043c,a467df39-5ec5-465e-a471-e2b54be7bc71,Invoice VISTA/26-27/07/00044 · 2026-07,sent,null,2026-06-30 11:00:36.93274+00,2026-06-30 11:00:40.195+00
6274e8b6-7fbb-49d8-befc-00c63a0f777a,00000000-0000-0000-0000-000000000001,04217744-5b51-4624-baa8-9ea876a330dd,invoice,230268ae-232b-479b-8590-d8ab6c46c605,06061874-ce68-4008-82f6-50ace2ba4bf4,Invoice VISTA/26-27/07/00005 · 2026-07,sent,null,2026-06-30 11:00:41.851318+00,2026-06-30 11:00:46.581+00
863ddadb-8804-4a25-b7c0-fd357e08ce48,00000000-0000-0000-0000-000000000001,515c2d76-0ac7-4ae4-bd32-3b048ba93edb,invoice,2bfcbb33-afdb-40ef-9145-938e1cdf7caa,bdcc24e3-6077-3ea9-b25e-2747d0f07be7,Invoice VISTA/26-27/07/00137 · 2026-07,sent,null,2026-06-30 11:00:46.729802+00,2026-06-30 11:00:49.766+00
dba440a5-c3a0-4a24-b28d-b5f81c68d293,00000000-0000-0000-0000-000000000001,04217744-5b51-4624-baa8-9ea876a330dd,invoice,f16853a2-ef8d-407d-a050-991dffac7b8b,e6dde6a9-4da9-d1a2-802a-faf5db207e8e,Invoice VISTA/26-27/07/00128 · 2026-07,sent,null,2026-06-30 11:00:50.98503+00,2026-06-30 11:00:54.318+00
983d189f-b52b-4fd6-8e43-4280e6a1949a,00000000-0000-0000-0000-000000000001,515c2d76-0ac7-4ae4-bd32-3b048ba93edb,invoice,59b2afe8-99aa-4d67-8318-51c91e118bcf,71a9340d-9832-4609-a110-d9b5aaffc020,Invoice VISTA/26-27/07/00001 · 2026-07,sent,null,2026-06-30 11:00:55.329749+00,2026-06-30 11:00:58.61+00
54eff5ad-113d-4fb2-a481-33792a80671e,00000000-0000-0000-0000-000000000001,04217744-5b51-4624-baa8-9ea876a330dd,invoice,f055c25e-8172-4aca-af41-31d58925c66c,df5ea39c-c069-5211-271d-f0d3831adefa,Invoice VISTA/26-27/07/00170 · 2026-07,sent,null,2026-06-30 11:00:59.651717+00,2026-06-30 11:01:02.76+00
a6e90a9c-3055-4d16-8b0c-cb80a90d1613,00000000-0000-0000-0000-000000000001,515c2d76-0ac7-4ae4-bd32-3b048ba93edb,invoice,238cd159-11e9-49e3-a226-89c6e78239dd,3d18aa61-88d3-4390-b5d3-db4cb2e31e11,Invoice VISTA/26-27/07/00002 · 2026-07,sent,null,2026-06-30 11:00:59.775322+00,2026-06-30 11:01:04.136+00
78e461c5-20a0-4384-8b6b-a1259e754420,00000000-0000-0000-0000-000000000001,515c2d76-0ac7-4ae4-bd32-3b048ba93edb,invoice,601c8d51-5697-4706-a4b6-75c701fdfa95,0278721a-a690-833b-298a-16a351fb7a3a,Invoice VISTA/26-27/07/00115 · 2026-07,sent,null,2026-06-30 11:01:09.349644+00,2026-06-30 11:01:12.817+00
1b7a951c-245d-47a5-b2d4-558ef87e1560,00000000-0000-0000-0000-000000000001,04217744-5b51-4624-baa8-9ea876a330dd,invoice,34bb8bfa-04a3-4c6c-862d-802d6007abe5,c02eb961-2471-c285-9c28-fb9a12aaf70a,Invoice VISTA/26-27/07/00093 · 2026-07,sent,null,2026-06-30 11:01:09.374459+00,2026-06-30 11:01:12.209+00
c58c66a9-6bc0-41e9-be96-7220372aa7ca,00000000-0000-0000-0000-000000000001,515c2d76-0ac7-4ae4-bd32-3b048ba93edb,invoice,5c7fa873-7b1f-48d0-9298-8115015fc2e7,8996897f-e383-4fca-87f9-654e1b14b3c2,Invoice VISTA/26-27/07/00021 · 2026-07,sent,null,2026-06-30 11:01:18.732508+00,2026-06-30 11:01:22.071+00
cd36051a-09a5-47a7-9283-b404637d786f,00000000-0000-0000-0000-000000000001,04217744-5b51-4624-baa8-9ea876a330dd,invoice,816c48dc-337d-43bf-b888-1f3d7c8cc02a,73715344-908a-b7fa-00cc-34358ffb16f0,Invoice VISTA/26-27/07/00097 · 2026-07,sent,null,2026-06-30 11:01:18.736976+00,2026-06-30 11:01:24.432+00
c7319c83-ce2c-4dca-b975-65b3f81cba8d,00000000-0000-0000-0000-000000000001,515c2d76-0ac7-4ae4-bd32-3b048ba93edb,invoice,b78c13ee-71d9-45ce-b5dd-6dff51e62cc6,6d60a9d5-34ce-4336-9c23-231057dffa71,Invoice VISTA/26-27/07/00012 · 2026-07,sent,null,2026-06-30 11:01:27.916187+00,2026-06-30 11:01:31.747+00
e69845a7-d257-4d0d-b9ef-c1fb8ff3ada4,00000000-0000-0000-0000-000000000001,04217744-5b51-4624-baa8-9ea876a330dd,invoice,8285171f-22c5-447f-9c7c-4b00267c1159,1a3b6c74-26e1-7124-0b5c-7f783d71624d,Invoice VISTA/26-27/07/00092 · 2026-07,sent,null,2026-06-30 11:01:28.043638+00,2026-06-30 11:01:30.903+00
d0c47f74-2a95-4bf1-9de1-8b5519d8fd52,00000000-0000-0000-0000-000000000001,515c2d76-0ac7-4ae4-bd32-3b048ba93edb,invoice,c31bc39b-65c7-41c6-a78b-0ff96670e2a5,2ac2da6e-0954-f906-32d7-a1f55477c590,Invoice VISTA/26-27/07/00063 · 2026-07,sent,null,2026-06-30 11:01:37.189425+00,2026-06-30 11:01:40.222+00
409d1c2b-ad88-41ba-badf-1e89881d481d,00000000-0000-0000-0000-000000000001,04217744-5b51-4624-baa8-9ea876a330dd,invoice,ede71c47-8321-49b7-93ca-b0c4c7687848,2a00764b-10fd-4f2c-84a8-b611cf9b893a,Invoice VISTA/26-27/07/00003 · 2026-07,sent,null,2026-06-30 11:01:41.429855+00,2026-06-30 11:01:45.315+00
3e431008-69bc-4407-8fee-436f0885c409,00000000-0000-0000-0000-000000000001,515c2d76-0ac7-4ae4-bd32-3b048ba93edb,invoice,4a094588-ca5f-4e23-85e2-be50ffe62755,1218c50c-4da4-4f61-baec-5182a25958e3,Invoice VISTA/26-27/07/00031 · 2026-07,sent,null,2026-06-30 11:01:45.613969+00,2026-06-30 11:01:49.026+00
a0e12c15-00b0-49b6-817a-6577c6309888,00000000-0000-0000-0000-000000000001,04217744-5b51-4624-baa8-9ea876a330dd,invoice,2b95eb32-436b-461d-8dff-4ce7d45f69ed,1604768e-85d5-4c44-882a-b748eddc1f37,Invoice VISTA/26-27/07/00002 · 2026-07,sent,null,2026-06-30 11:01:49.793862+00,2026-06-30 11:01:53.595+00
eae06510-42a4-4f6d-a03b-a4e41597b75b,00000000-0000-0000-0000-000000000001,515c2d76-0ac7-4ae4-bd32-3b048ba93edb,invoice,c3ebdcbf-8211-470b-baba-c82c51a3d89b,9c88cc60-ea13-4dd1-9930-ca14ff0c6aa0,Invoice VISTA/26-27/07/00037 · 2026-07,sent,null,2026-06-30 11:01:49.910502+00,2026-06-30 11:01:52.843+00
207d63c4-e54f-4250-b9f3-994c7ef7cd5b,00000000-0000-0000-0000-000000000001,04217744-5b51-4624-baa8-9ea876a330dd,invoice,6557c3ff-a05b-4069-9b65-d7e44ffb9f19,696a4512-7d08-4e23-a774-91ee1afc42d1,Invoice VISTA/26-27/07/00007 · 2026-07,sent,null,2026-06-30 11:01:58.041134+00,2026-06-30 11:02:01.449+00
1d717908-f1e3-4490-a23f-176b572e92ad,00000000-0000-0000-0000-000000000001,515c2d76-0ac7-4ae4-bd32-3b048ba93edb,invoice,a8b7587a-847b-4295-9f47-3aafe14fffe2,cb2574c2-6caf-4598-82dc-12b9569a6451,Invoice VISTA/26-27/07/00036 · 2026-07,sent,null,2026-06-30 11:01:58.065739+00,2026-06-30 11:02:01.08+00
5f5db95f-5ca9-43f3-91d4-e32eb39f5fc2,00000000-0000-0000-0000-000000000001,04217744-5b51-4624-baa8-9ea876a330dd,invoice,3c2947f9-9dee-4285-8aa8-6011ca8a8677,b6263381-5732-4544-952b-edde50fdfc28,Invoice VISTA/26-27/07/00025 · 2026-07,sent,null,2026-06-30 11:02:09.856214+00,2026-06-30 11:02:12.995+00
bee15c8f-be20-4986-ad59-7e75e98eb1fe,00000000-0000-0000-0000-000000000001,515c2d76-0ac7-4ae4-bd32-3b048ba93edb,invoice,380f2aec-7072-48a5-8b6b-ec98b35be06c,e426d68a-16d2-9097-ff7d-ae2521fb52e5,Invoice VISTA/26-27/07/00080 · 2026-07,sent,null,2026-06-30 11:02:17.903903+00,2026-06-30 11:02:20.972+00
d41539d9-15b8-40b7-afab-ebdda6c3baf8,00000000-0000-0000-0000-000000000001,04217744-5b51-4624-baa8-9ea876a330dd,invoice,00972509-04c3-42a4-a0dd-c5b339e98169,c49181cd-07c5-4c6a-a996-4146d002c886,Invoice VISTA/26-27/07/00043 · 2026-07,sent,null,2026-06-30 11:02:24.800855+00,2026-06-30 11:02:27.853+00
51c81617-9742-421b-b244-996b3da5f5c8,00000000-0000-0000-0000-000000000001,515c2d76-0ac7-4ae4-bd32-3b048ba93edb,invoice,382c72d0-0c44-41e8-9ddd-e7ff5bd1c00e,72ac33cc-b9b2-9cc4-47fd-d37096c8f30d,Invoice VISTA/26-27/07/00076 · 2026-07,sent,null,2026-06-30 11:02:56.311965+00,2026-06-30 11:02:59.562+00
bf4314aa-49be-4261-b925-40d2688260d7,00000000-0000-0000-0000-000000000001,04217744-5b51-4624-baa8-9ea876a330dd,invoice,d004bf74-817d-48da-8716-b2bf041a043c,a467df39-5ec5-465e-a471-e2b54be7bc71,Invoice VISTA/26-27/07/00044 · 2026-07,sent,null,2026-06-30 11:03:03.98141+00,2026-06-30 11:03:07.515+00
69d6837a-c374-4920-acfb-b414300c26dc,00000000-0000-0000-0000-000000000001,515c2d76-0ac7-4ae4-bd32-3b048ba93edb,invoice,ba5ef25b-a1e2-4704-b359-99cee682b97c,521635f8-15aa-4ce1-ab2f-276095cbbe1a,Invoice VISTA/26-27/07/00049 · 2026-07,sent,null,2026-06-30 11:03:10.274927+00,2026-06-30 11:03:13.974+00
e1430869-2c12-497a-a9f0-6719bd018752,00000000-0000-0000-0000-000000000001,04217744-5b51-4624-baa8-9ea876a330dd,invoice,2bfcbb33-afdb-40ef-9145-938e1cdf7caa,bdcc24e3-6077-3ea9-b25e-2747d0f07be7,Invoice VISTA/26-27/07/00137 · 2026-07,sent,null,2026-06-30 11:03:46.777612+00,2026-06-30 11:03:50.404+00
82c7bd97-d22b-4562-b1dc-87fcc98fd003,00000000-0000-0000-0000-000000000001,515c2d76-0ac7-4ae4-bd32-3b048ba93edb,invoice,a79bb0c1-d838-4d40-b298-f63301222b10,491b8136-32a1-37c5-5253-b53ff3991d86,Invoice VISTA/26-27/07/00078 · 2026-07,sent,null,2026-06-30 11:04:22.70194+00,2026-06-30 11:04:26.586+00
731f4e0a-1a90-4fd3-8bff-3acebe23468f,00000000-0000-0000-0000-000000000001,04217744-5b51-4624-baa8-9ea876a330dd,invoice,59b2afe8-99aa-4d67-8318-51c91e118bcf,71a9340d-9832-4609-a110-d9b5aaffc020,Invoice VISTA/26-27/07/00001 · 2026-07,sent,null,2026-06-30 11:04:22.727661+00,2026-06-30 11:04:26.11+00
c07445e1-5262-40dc-a34d-ec9c94832dcc,00000000-0000-0000-0000-000000000001,515c2d76-0ac7-4ae4-bd32-3b048ba93edb,invoice,e392bde4-937f-499e-b70d-fca5b37f0c15,2631ddfd-660e-8719-1876-82cf88e13a60,Invoice VISTA/26-27/07/00130 · 2026-07,sent,null,2026-06-30 11:04:36.730624+00,2026-06-30 11:04:40.242+00
322e4430-7238-4adc-b549-36c3c1a2d3cd,00000000-0000-0000-0000-000000000001,04217744-5b51-4624-baa8-9ea876a330dd,invoice,238cd159-11e9-49e3-a226-89c6e78239dd,3d18aa61-88d3-4390-b5d3-db4cb2e31e11,Invoice VISTA/26-27/07/00002 · 2026-07,sent,null,2026-06-30 11:04:36.730753+00,2026-06-30 11:04:39.759+00
37053644-7940-40c0-a597-c852499b1432,00000000-0000-0000-0000-000000000001,04217744-5b51-4624-baa8-9ea876a330dd,invoice,601c8d51-5697-4706-a4b6-75c701fdfa95,0278721a-a690-833b-298a-16a351fb7a3a,Invoice VISTA/26-27/07/00115 · 2026-07,sent,null,2026-06-30 11:04:45.582747+00,2026-06-30 11:04:48.574+00
073791ef-b304-420f-aa2e-4f9c5f885342,00000000-0000-0000-0000-000000000001,515c2d76-0ac7-4ae4-bd32-3b048ba93edb,invoice,7a29db7a-8a5c-4b02-a0ae-27e02ef123fe,9541a16d-d020-eb78-80f1-a4a2d4b7775f,Invoice VISTA/26-27/07/00056 · 2026-07,sent,null,2026-06-30 11:04:45.730754+00,2026-06-30 11:04:48.812+00
4ce0d747-2dbc-4b4d-8fb5-59de0fea20ab,00000000-0000-0000-0000-000000000001,04217744-5b51-4624-baa8-9ea876a330dd,invoice,5c7fa873-7b1f-48d0-9298-8115015fc2e7,8996897f-e383-4fca-87f9-654e1b14b3c2,Invoice VISTA/26-27/07/00021 · 2026-07,sent,null,2026-06-30 11:04:55.669353+00,2026-06-30 11:04:58.625+00
c7563ffc-0bef-4478-9e54-b3aac4b35f5a,00000000-0000-0000-0000-000000000001,515c2d76-0ac7-4ae4-bd32-3b048ba93edb,invoice,00d6cfa5-9e1a-4ca9-b6e1-30591e8e7ee0,25ef6338-6197-45a8-82d9-ddd0a846f1b2,Invoice VISTA/26-27/07/00041 · 2026-07,sent,null,2026-06-30 11:05:00.296653+00,2026-06-30 11:05:04.459+00
12565db0-fff3-4973-b9c1-18eb1ad2241b,00000000-0000-0000-0000-000000000001,04217744-5b51-4624-baa8-9ea876a330dd,invoice,b78c13ee-71d9-45ce-b5dd-6dff51e62cc6,6d60a9d5-34ce-4336-9c23-231057dffa71,Invoice VISTA/26-27/07/00012 · 2026-07,sent,null,2026-06-30 11:05:00.365871+00,2026-06-30 11:05:04.085+00
01ef14a0-6acc-483b-ae4d-76ed0aae99e2,00000000-0000-0000-0000-000000000001,04217744-5b51-4624-baa8-9ea876a330dd,invoice,c31bc39b-65c7-41c6-a78b-0ff96670e2a5,2ac2da6e-0954-f906-32d7-a1f55477c590,Invoice VISTA/26-27/07/00063 · 2026-07,sent,null,2026-06-30 11:05:08.723867+00,2026-06-30 11:05:11.931+00
08067548-c3de-411c-a947-7ad726e296d7,00000000-0000-0000-0000-000000000001,515c2d76-0ac7-4ae4-bd32-3b048ba93edb,invoice,dee55b8e-92dc-45fa-8761-73964a3d1290,23f7ef5f-6b26-a104-b616-b438d7e9243c,Invoice VISTA/26-27/07/00136 · 2026-07,sent,null,2026-06-30 11:05:08.767391+00,2026-06-30 11:05:12.528+00
bef93506-356a-402f-afc7-de807ac451ee,00000000-0000-0000-0000-000000000001,04217744-5b51-4624-baa8-9ea876a330dd,invoice,4a094588-ca5f-4e23-85e2-be50ffe62755,1218c50c-4da4-4f61-baec-5182a25958e3,Invoice VISTA/26-27/07/00031 · 2026-07,sent,null,2026-06-30 11:05:17.676269+00,2026-06-30 11:05:20.789+00
d828f0de-1795-4060-8bb6-8ab1692ba3c8,00000000-0000-0000-0000-000000000001,515c2d76-0ac7-4ae4-bd32-3b048ba93edb,invoice,edf0fe35-98e7-4eee-82c5-9897d735e7b0,38069f8b-d44e-0b86-a0d1-dafac5ae1232,Invoice VISTA/26-27/07/00151 · 2026-07,sent,null,2026-06-30 11:05:17.717226+00,2026-06-30 11:05:20.863+00
306d4948-f17b-467a-8741-fe32c71249fc,00000000-0000-0000-0000-000000000001,515c2d76-0ac7-4ae4-bd32-3b048ba93edb,invoice,e061f83d-1e91-4c4a-95a6-247934cb9e01,31f3f7a3-5dc4-21cd-ba54-b41347a7822a,Invoice VISTA/26-27/07/00131 · 2026-07,sent,null,2026-06-30 11:05:28.433974+00,2026-06-30 11:05:32.213+00
76f3ffd1-42cd-408b-98b6-c21084e60cdf,00000000-0000-0000-0000-000000000001,04217744-5b51-4624-baa8-9ea876a330dd,invoice,c3ebdcbf-8211-470b-baba-c82c51a3d89b,9c88cc60-ea13-4dd1-9930-ca14ff0c6aa0,Invoice VISTA/26-27/07/00037 · 2026-07,sent,null,2026-06-30 11:05:29.344018+00,2026-06-30 11:05:33.465+00
d2e7f115-e6b5-4da5-8dcb-a820708f42cf,00000000-0000-0000-0000-000000000001,515c2d76-0ac7-4ae4-bd32-3b048ba93edb,invoice,431ff227-f2dc-40d1-9d6f-805121b9353a,b2f85d5d-acf9-7c53-dc5b-0d3b67b462c5,Invoice VISTA/26-27/07/00066 · 2026-07,sent,null,2026-06-30 11:05:30.15303+00,2026-06-30 11:05:35.682+00
14a460b2-4dac-426c-ab23-ecf40dc868d4,00000000-0000-0000-0000-000000000001,04217744-5b51-4624-baa8-9ea876a330dd,invoice,a8b7587a-847b-4295-9f47-3aafe14fffe2,cb2574c2-6caf-4598-82dc-12b9569a6451,Invoice VISTA/26-27/07/00036 · 2026-07,sent,null,2026-06-30 11:05:30.936858+00,2026-06-30 11:05:37.081+00
7c166445-8013-48f1-b050-40b963ddadd6,00000000-0000-0000-0000-000000000001,515c2d76-0ac7-4ae4-bd32-3b048ba93edb,invoice,fc6e6155-fdab-460a-a6b1-c4db781754d1,c09e703c-d287-38c8-d1c1-239145e17df9,Invoice VISTA/26-27/07/00169 · 2026-07,sent,null,2026-06-30 11:05:31.724153+00,2026-06-30 11:05:35.682+00
7a06ad6f-f15d-4573-84e5-0d85171a32e8,00000000-0000-0000-0000-000000000001,04217744-5b51-4624-baa8-9ea876a330dd,invoice,380f2aec-7072-48a5-8b6b-ec98b35be06c,e426d68a-16d2-9097-ff7d-ae2521fb52e5,Invoice VISTA/26-27/07/00080 · 2026-07,sent,null,2026-06-30 11:05:32.705585+00,2026-06-30 11:05:37.081+00
c4a2ebe9-d284-4a99-8706-fba886e201f5,00000000-0000-0000-0000-000000000001,515c2d76-0ac7-4ae4-bd32-3b048ba93edb,invoice,bd910d60-5506-4fe3-a2c3-ef36128938fa,146a8458-f956-54ed-317f-b99f7d16fff8,Invoice VISTA/26-27/07/00153 · 2026-07,sent,null,2026-06-30 11:05:33.511482+00,2026-06-30 11:05:39.104+00
4202ad1b-7b1c-4664-a888-c27624bbf87e,00000000-0000-0000-0000-000000000001,04217744-5b51-4624-baa8-9ea876a330dd,invoice,382c72d0-0c44-41e8-9ddd-e7ff5bd1c00e,72ac33cc-b9b2-9cc4-47fd-d37096c8f30d,Invoice VISTA/26-27/07/00076 · 2026-07,sent,null,2026-06-30 11:05:34.287318+00,2026-06-30 11:05:40.507+00
e380530d-a9aa-420d-9f34-096517739419,00000000-0000-0000-0000-000000000001,515c2d76-0ac7-4ae4-bd32-3b048ba93edb,invoice,7225bfdd-2a7f-43d1-90a3-ed1234bb54d9,a7dadee2-80e3-eba0-084f-5f1847bb3aa4,Invoice VISTA/26-27/07/00060 · 2026-07,sent,null,2026-06-30 11:05:35.323748+00,2026-06-30 11:05:39.104+00
1924a725-dbf4-484f-98ed-47349a2bea8e,00000000-0000-0000-0000-000000000001,04217744-5b51-4624-baa8-9ea876a330dd,invoice,ba5ef25b-a1e2-4704-b359-99cee682b97c,521635f8-15aa-4ce1-ab2f-276095cbbe1a,Invoice VISTA/26-27/07/00049 · 2026-07,sent,null,2026-06-30 11:05:36.378047+00,2026-06-30 11:05:40.507+00
aa437b84-3c0b-4272-b22c-040409c968be,00000000-0000-0000-0000-000000000001,515c2d76-0ac7-4ae4-bd32-3b048ba93edb,invoice,c0850206-9cd5-4f91-ac16-c12a799fb1e1,a4ef95bf-1c7c-4c4d-0497-ae38085af6cc,Invoice VISTA/26-27/07/00065 · 2026-07,sent,null,2026-06-30 11:05:37.389445+00,2026-06-30 11:05:42.56+00
a9d2a7e4-6412-46f2-8643-dbdd0e5a009e,00000000-0000-0000-0000-000000000001,04217744-5b51-4624-baa8-9ea876a330dd,invoice,a79bb0c1-d838-4d40-b298-f63301222b10,491b8136-32a1-37c5-5253-b53ff3991d86,Invoice VISTA/26-27/07/00078 · 2026-07,sent,null,2026-06-30 11:05:38.663803+00,2026-06-30 11:05:43.876+00
f288cb43-56f4-462c-895f-8ae0f1649686,00000000-0000-0000-0000-000000000001,515c2d76-0ac7-4ae4-bd32-3b048ba93edb,invoice,f181ed01-c904-4f95-b725-31a7dc51f568,8aacbc78-5e56-b3c0-f8bc-fcb5490b94f3,Invoice VISTA/26-27/07/00165 · 2026-07,sent,null,2026-06-30 11:05:39.62642+00,2026-06-30 11:05:45.393+00
b12a91c2-eb00-4533-82ff-a1f01a596600,00000000-0000-0000-0000-000000000001,04217744-5b51-4624-baa8-9ea876a330dd,invoice,e392bde4-937f-499e-b70d-fca5b37f0c15,2631ddfd-660e-8719-1876-82cf88e13a60,Invoice VISTA/26-27/07/00130 · 2026-07,sent,null,2026-06-30 11:05:40.607891+00,2026-06-30 11:05:43.876+00
3a4eca23-9b7e-4d73-9f2e-b094e3af3312,00000000-0000-0000-0000-000000000001,04217744-5b51-4624-baa8-9ea876a330dd,invoice,7a29db7a-8a5c-4b02-a0ae-27e02ef123fe,9541a16d-d020-eb78-80f1-a4a2d4b7775f,Invoice VISTA/26-27/07/00056 · 2026-07,sent,null,2026-06-30 11:05:47.472477+00,2026-06-30 11:05:51.793+00
9af2ef4d-348e-45d8-99ba-a29b35146e87,00000000-0000-0000-0000-000000000001,515c2d76-0ac7-4ae4-bd32-3b048ba93edb,invoice,b630cb6e-027d-41e9-85bf-9ec754f36954,a4709d2c-85e2-3d68-7467-1eaf879ba2c9,Invoice VISTA/26-27/07/00085 · 2026-07,sent,null,2026-06-30 11:05:48.28344+00,2026-06-30 11:05:51.594+00
3f0390fd-04e7-4ff2-923c-5bb1abfa4c03,00000000-0000-0000-0000-000000000001,04217744-5b51-4624-baa8-9ea876a330dd,invoice,00d6cfa5-9e1a-4ca9-b6e1-30591e8e7ee0,25ef6338-6197-45a8-82d9-ddd0a846f1b2,Invoice VISTA/26-27/07/00041 · 2026-07,sent,null,2026-06-30 11:05:49.630709+00,2026-06-30 11:05:55.213+00
36566978-6739-4567-8095-fb43120da92d,00000000-0000-0000-0000-000000000001,515c2d76-0ac7-4ae4-bd32-3b048ba93edb,invoice,3319a544-a8a0-49f6-b8da-70876f3b271a,93eb3d6a-d35b-ef1f-83b8-7430b6ad1674,Invoice VISTA/26-27/07/00160 · 2026-07,sent,null,2026-06-30 11:05:49.635151+00,2026-06-30 11:05:55.174+00
4438b2c3-995e-4577-b2c7-aaba40601857,00000000-0000-0000-0000-000000000001,04217744-5b51-4624-baa8-9ea876a330dd,invoice,dee55b8e-92dc-45fa-8761-73964a3d1290,23f7ef5f-6b26-a104-b616-b438d7e9243c,Invoice VISTA/26-27/07/00136 · 2026-07,sent,null,2026-06-30 11:05:52.317886+00,2026-06-30 11:05:55.213+00
3f963d60-5ff6-40d9-8e21-70fb7232e3c3,00000000-0000-0000-0000-000000000001,515c2d76-0ac7-4ae4-bd32-3b048ba93edb,invoice,d3885d06-fc43-4bd0-afb0-85f5724f067c,854c86e3-8b7f-0ca8-f4ac-c6a073699611,Invoice VISTA/26-27/07/00146 · 2026-07,sent,null,2026-06-30 11:05:52.345887+00,2026-06-30 11:05:58.588+00
041957d5-d715-47de-b16f-34fbb07d0fdb,00000000-0000-0000-0000-000000000001,04217744-5b51-4624-baa8-9ea876a330dd,invoice,edf0fe35-98e7-4eee-82c5-9897d735e7b0,38069f8b-d44e-0b86-a0d1-dafac5ae1232,Invoice VISTA/26-27/07/00151 · 2026-07,sent,null,2026-06-30 11:05:54.97974+00,2026-06-30 11:05:58.384+00
1c6d4c9f-fd41-44d4-b5ef-cabe3758aec7,00000000-0000-0000-0000-000000000001,515c2d76-0ac7-4ae4-bd32-3b048ba93edb,invoice,4ab4df80-87c8-4497-aece-9b3306c9315d,19214e19-efc4-4eea-8118-944c998e3ab6,Invoice VISTA/26-27/07/00020 · 2026-07,sent,null,2026-06-30 11:05:55.976217+00,2026-06-30 11:06:02.277+00
8cd19771-0b3b-41a5-b1ac-b27950e9886e,00000000-0000-0000-0000-000000000001,04217744-5b51-4624-baa8-9ea876a330dd,invoice,e061f83d-1e91-4c4a-95a6-247934cb9e01,31f3f7a3-5dc4-21cd-ba54-b41347a7822a,Invoice VISTA/26-27/07/00131 · 2026-07,sent,null,2026-06-30 11:05:57.080118+00,2026-06-30 11:06:02.842+00
47be9548-b84a-46aa-8835-bbcf1161c22c,00000000-0000-0000-0000-000000000001,515c2d76-0ac7-4ae4-bd32-3b048ba93edb,invoice,9897872c-ef28-4174-a368-c56257a0f24c,f16a668c-ea8a-b26d-9dff-4da3c53fccc7,Invoice VISTA/26-27/07/00057 · 2026-07,sent,null,2026-06-30 11:05:58.103988+00,2026-06-30 11:06:02.277+00
205a37b9-5235-4c1c-8ef9-79646f71bfc7,00000000-0000-0000-0000-000000000001,04217744-5b51-4624-baa8-9ea876a330dd,invoice,431ff227-f2dc-40d1-9d6f-805121b9353a,b2f85d5d-acf9-7c53-dc5b-0d3b67b462c5,Invoice VISTA/26-27/07/00066 · 2026-07,sent,null,2026-06-30 11:05:59.101704+00,2026-06-30 11:06:07.175+00
21f93879-032a-4afa-b4f9-8fd8801db96e,00000000-0000-0000-0000-000000000001,515c2d76-0ac7-4ae4-bd32-3b048ba93edb,invoice,fe4e12fe-1dd3-41e1-a426-9c08669e3cfd,9e188cc2-9f75-4d15-8fa3-9348236cae71,Invoice VISTA/26-27/07/00042 · 2026-07,sent,null,2026-06-30 11:06:00.134285+00,2026-06-30 11:06:05.767+00
f53a72f1-1756-4407-80ac-6d182480ed80,00000000-0000-0000-0000-000000000001,04217744-5b51-4624-baa8-9ea876a330dd,invoice,fc6e6155-fdab-460a-a6b1-c4db781754d1,c09e703c-d287-38c8-d1c1-239145e17df9,Invoice VISTA/26-27/07/00169 · 2026-07,sent,null,2026-06-30 11:06:01.492634+00,2026-06-30 11:06:07.175+00
3bd234e1-8e01-4a72-a4ef-c0131fb3aee3,00000000-0000-0000-0000-000000000001,515c2d76-0ac7-4ae4-bd32-3b048ba93edb,invoice,e818a3c4-8e5b-4092-bc5c-2ace5a895e19,d257c87f-0e42-048c-8409-362e925d86fc,Invoice VISTA/26-27/07/00156 · 2026-07,sent,null,2026-06-30 11:06:02.51494+00,2026-06-30 11:06:05.767+00
3a16de34-e26c-4d7a-ad38-6f41ba316109,00000000-0000-0000-0000-000000000001,04217744-5b51-4624-baa8-9ea876a330dd,invoice,bd910d60-5506-4fe3-a2c3-ef36128938fa,146a8458-f956-54ed-317f-b99f7d16fff8,Invoice VISTA/26-27/07/00153 · 2026-07,sent,null,2026-06-30 11:06:03.591954+00,2026-06-30 11:06:10.587+00
5c9ea04e-9333-452f-ac3e-392603cff516,00000000-0000-0000-0000-000000000001,515c2d76-0ac7-4ae4-bd32-3b048ba93edb,invoice,cebbcf06-6913-4515-b500-828e8620ee9f,6770176e-5bc2-4e8a-aeaf-6a7249e266d6,Invoice VISTA/26-27/07/00009 · 2026-07,sent,null,2026-06-30 11:06:04.947887+00,2026-06-30 11:06:09.013+00
2208fbf2-d5cb-4d03-8db6-89a21dabf734,00000000-0000-0000-0000-000000000001,04217744-5b51-4624-baa8-9ea876a330dd,invoice,7225bfdd-2a7f-43d1-90a3-ed1234bb54d9,a7dadee2-80e3-eba0-084f-5f1847bb3aa4,Invoice VISTA/26-27/07/00060 · 2026-07,sent,null,2026-06-30 11:06:05.949661+00,2026-06-30 11:06:10.588+00
7db08935-6261-41ca-bede-0c129ed51bf4,00000000-0000-0000-0000-000000000001,515c2d76-0ac7-4ae4-bd32-3b048ba93edb,invoice,128bcb60-130f-4e5f-a609-c93d6f5625e9,389859df-460c-4966-a71d-eb7bbebae67b,Invoice VISTA/26-27/07/00030 · 2026-07,sent,null,2026-06-30 11:06:06.984472+00,2026-06-30 11:06:12.22+00
8fa2bd7a-5af9-414a-980a-be83397f3c4d,00000000-0000-0000-0000-000000000001,04217744-5b51-4624-baa8-9ea876a330dd,invoice,c0850206-9cd5-4f91-ac16-c12a799fb1e1,a4ef95bf-1c7c-4c4d-0497-ae38085af6cc,Invoice VISTA/26-27/07/00065 · 2026-07,sent,null,2026-06-30 11:06:08.102065+00,2026-06-30 11:06:13.852+00
586a8cee-069d-42d8-a8df-a645e945dcc1,00000000-0000-0000-0000-000000000001,04217744-5b51-4624-baa8-9ea876a330dd,invoice,f181ed01-c904-4f95-b725-31a7dc51f568,8aacbc78-5e56-b3c0-f8bc-fcb5490b94f3,Invoice VISTA/26-27/07/00165 · 2026-07,sent,null,2026-06-30 11:06:10.243588+00,2026-06-30 11:06:13.852+00
7d52399b-1f8c-4bc2-90f1-12f54696d467,00000000-0000-0000-0000-000000000001,515c2d76-0ac7-4ae4-bd32-3b048ba93edb,invoice,35a3fef1-a6da-4183-a385-29d69812c22c,94927866-7ca0-4311-b799-972822792cb8,Invoice VISTA/26-27/07/00029 · 2026-07,sent,null,2026-06-30 11:06:10.257216+00,2026-06-30 11:06:15.517+00
804caf75-b388-4c33-be36-157ebd5a0beb,00000000-0000-0000-0000-000000000001,515c2d76-0ac7-4ae4-bd32-3b048ba93edb,invoice,61ac2af7-4382-4463-b35b-ad8634fd1619,8fd367e7-7404-4ef6-530b-a40219a48f1e,Invoice VISTA/26-27/07/00083 · 2026-07,sent,null,2026-06-30 11:06:16.9815+00,2026-06-30 11:06:20.116+00
621e06d9-0527-4e11-ab25-c905b7905245,00000000-0000-0000-0000-000000000001,04217744-5b51-4624-baa8-9ea876a330dd,invoice,b630cb6e-027d-41e9-85bf-9ec754f36954,a4709d2c-85e2-3d68-7467-1eaf879ba2c9,Invoice VISTA/26-27/07/00085 · 2026-07,sent,null,2026-06-30 11:06:17.067157+00,2026-06-30 11:06:19.758+00
c09e860e-a653-42b8-9711-cf4492b3cdb7,00000000-0000-0000-0000-000000000001,04217744-5b51-4624-baa8-9ea876a330dd,invoice,3319a544-a8a0-49f6-b8da-70876f3b271a,93eb3d6a-d35b-ef1f-83b8-7430b6ad1674,Invoice VISTA/26-27/07/00160 · 2026-07,sent,null,2026-06-30 11:06:19.207969+00,2026-06-30 11:06:23.243+00
076ce95e-5284-46ed-b68e-8c2ee83034b0,00000000-0000-0000-0000-000000000001,515c2d76-0ac7-4ae4-bd32-3b048ba93edb,invoice,f7beb16b-7933-4344-9baa-677167327859,55e6e452-fae2-a5ac-3c12-21424bffbcac,Invoice VISTA/26-27/07/00027 · 2026-07,sent,null,2026-06-30 11:06:19.248708+00,2026-06-30 11:06:23.717+00
3d511d46-f5b2-48cc-bda8-be0543b61e66,00000000-0000-0000-0000-000000000001,515c2d76-0ac7-4ae4-bd32-3b048ba93edb,invoice,59d6ee22-3d09-4d51-b5f2-39d409d36379,080eae03-9f65-4515-aec2-8924472923dd,Invoice VISTA/26-27/07/00015 · 2026-07,sent,null,2026-06-30 11:06:20.989873+00,2026-06-30 11:06:27.453+00
d08bbbee-c167-4698-8feb-42bde6c360b2,00000000-0000-0000-0000-000000000001,04217744-5b51-4624-baa8-9ea876a330dd,invoice,d3885d06-fc43-4bd0-afb0-85f5724f067c,854c86e3-8b7f-0ca8-f4ac-c6a073699611,Invoice VISTA/26-27/07/00146 · 2026-07,sent,null,2026-06-30 11:06:21.838719+00,2026-06-30 11:06:27.561+00
a84013de-943b-4923-89fb-af402db9930d,00000000-0000-0000-0000-000000000001,04217744-5b51-4624-baa8-9ea876a330dd,invoice,4ab4df80-87c8-4497-aece-9b3306c9315d,19214e19-efc4-4eea-8118-944c998e3ab6,Invoice VISTA/26-27/07/00020 · 2026-07,sent,null,2026-06-30 11:06:23.490445+00,2026-06-30 11:06:27.561+00
a51bcdd2-936b-43b2-913a-270d0c12a4bc,00000000-0000-0000-0000-000000000001,515c2d76-0ac7-4ae4-bd32-3b048ba93edb,invoice,adec2cf2-d06c-44ab-9c93-f7f5fe621627,18d86801-3cb7-11d4-8b9d-433429296014,Invoice VISTA/26-27/07/00163 · 2026-07,sent,null,2026-06-30 11:06:23.492343+00,2026-06-30 11:06:27.453+00
203d882b-7f5b-48a1-ac98-c727935bde22,00000000-0000-0000-0000-000000000001,04217744-5b51-4624-baa8-9ea876a330dd,invoice,9897872c-ef28-4174-a368-c56257a0f24c,f16a668c-ea8a-b26d-9dff-4da3c53fccc7,Invoice VISTA/26-27/07/00057 · 2026-07,sent,null,2026-06-30 11:06:25.121383+00,2026-06-30 11:06:30.643+00
ec4e5f21-22a1-4afb-a1ee-2be734035186,00000000-0000-0000-0000-000000000001,515c2d76-0ac7-4ae4-bd32-3b048ba93edb,invoice,365734db-4a35-41ab-b3e0-1feaca9b41b7,8971261e-a813-477f-94c0-0a9661dc4c34,Invoice VISTA/26-27/07/00024 · 2026-07,sent,null,2026-06-30 11:06:25.282231+00,2026-06-30 11:06:31.071+00
f0ff6702-51fa-4d35-b900-985faf024343,00000000-0000-0000-0000-000000000001,04217744-5b51-4624-baa8-9ea876a330dd,invoice,fe4e12fe-1dd3-41e1-a426-9c08669e3cfd,9e188cc2-9f75-4d15-8fa3-9348236cae71,Invoice VISTA/26-27/07/00042 · 2026-07,sent,null,2026-06-30 11:06:27.192816+00,2026-06-30 11:06:30.643+00
971b2b4d-a5b7-4713-a67b-3dd72eb6784f,00000000-0000-0000-0000-000000000001,515c2d76-0ac7-4ae4-bd32-3b048ba93edb,invoice,465c6588-5810-424a-96f5-ee45d6e4e914,51c3d3a9-bfa0-4a8e-a687-3ef46bc022cc,Invoice VISTA/26-27/07/00051 · 2026-07,sent,null,2026-06-30 11:06:27.201289+00,2026-06-30 11:06:31.071+00
6f17e771-7279-4178-b42a-5a27523911c9,00000000-0000-0000-0000-000000000001,04217744-5b51-4624-baa8-9ea876a330dd,invoice,e818a3c4-8e5b-4092-bc5c-2ace5a895e19,d257c87f-0e42-048c-8409-362e925d86fc,Invoice VISTA/26-27/07/00156 · 2026-07,sent,null,2026-06-30 11:06:28.270825+00,2026-06-30 11:06:33.999+00
6fd771ac-ee7d-4a97-a573-162c6af41b54,00000000-0000-0000-0000-000000000001,515c2d76-0ac7-4ae4-bd32-3b048ba93edb,invoice,342ec4d7-0887-4410-bb28-72eef2dded2a,79e31f6f-69dc-a40c-27d7-3f076878f83c,Invoice VISTA/26-27/07/00162 · 2026-07,sent,null,2026-06-30 11:06:28.729033+00,2026-06-30 11:06:35.156+00
16ea3071-b7a1-46b0-914d-3714a3f683bf,00000000-0000-0000-0000-000000000001,515c2d76-0ac7-4ae4-bd32-3b048ba93edb,invoice,dbba8021-562e-46d6-acd1-ea34bd8481fd,25aa2406-e171-b558-8249-7a525d126d8f,Invoice VISTA/26-27/07/00091 · 2026-07,sent,null,2026-06-30 11:06:29.490985+00,2026-06-30 11:06:35.156+00
2587216c-946c-43c8-9dd4-510ad7657848,00000000-0000-0000-0000-000000000001,04217744-5b51-4624-baa8-9ea876a330dd,invoice,cebbcf06-6913-4515-b500-828e8620ee9f,6770176e-5bc2-4e8a-aeaf-6a7249e266d6,Invoice VISTA/26-27/07/00009 · 2026-07,sent,null,2026-06-30 11:06:29.938165+00,2026-06-30 11:06:33.999+00
a6507c66-234c-496e-8931-b22cd92b7e48,00000000-0000-0000-0000-000000000001,515c2d76-0ac7-4ae4-bd32-3b048ba93edb,invoice,eee31e5d-c04a-41ce-a7a2-5bca3f183dbf,11e59c65-004e-4eea-a733-d3a6a7c65fb1,Invoice VISTA/26-27/07/00014 · 2026-07,sent,null,2026-06-30 11:06:31.618996+00,2026-06-30 11:06:39.608+00
ced55947-fc84-44ff-9ae1-2fb885a4614e,00000000-0000-0000-0000-000000000001,04217744-5b51-4624-baa8-9ea876a330dd,invoice,128bcb60-130f-4e5f-a609-c93d6f5625e9,389859df-460c-4966-a71d-eb7bbebae67b,Invoice VISTA/26-27/07/00030 · 2026-07,sent,null,2026-06-30 11:06:32.641013+00,2026-06-30 11:06:37.283+00
988a549f-140c-4386-8e93-7a4965cc04c4,00000000-0000-0000-0000-000000000001,515c2d76-0ac7-4ae4-bd32-3b048ba93edb,invoice,ed0c6dc3-6e4d-4ba1-9c9a-b34f358e490c,1b003ea3-bdcb-0416-c3c2-8ff60f2f65f5,Invoice VISTA/26-27/07/00124 · 2026-07,sent,null,2026-06-30 11:06:32.716426+00,2026-06-30 11:06:39.608+00
360cb711-3191-40da-8578-6df3d786b6d8,00000000-0000-0000-0000-000000000001,515c2d76-0ac7-4ae4-bd32-3b048ba93edb,invoice,ea54e067-e361-4a5c-b0ba-1911bd911d3f,c511ac63-cb7e-1453-92d5-ea4ffba1c360,Invoice VISTA/26-27/07/00099 · 2026-07,sent,null,2026-06-30 11:06:34.474984+00,2026-06-30 11:06:39.608+00
fc3a8fd1-1d75-4287-a45b-c61d21316a11,00000000-0000-0000-0000-000000000001,04217744-5b51-4624-baa8-9ea876a330dd,invoice,35a3fef1-a6da-4183-a385-29d69812c22c,94927866-7ca0-4311-b799-972822792cb8,Invoice VISTA/26-27/07/00029 · 2026-07,sent,null,2026-06-30 11:06:34.507243+00,2026-06-30 11:06:37.283+00
900a7b9b-17a0-4c28-b803-e98d40f6076b,00000000-0000-0000-0000-000000000001,515c2d76-0ac7-4ae4-bd32-3b048ba93edb,invoice,ea87fd56-9363-426a-8696-78c611273720,f9eb9b23-5f60-4ec4-b990-8313323bb759,Invoice VISTA/26-27/07/00052 · 2026-07,sent,null,2026-06-30 11:06:37.258315+00,2026-06-30 11:06:43.498+00
928c4935-b564-4e52-9d15-189d60d15a0e,00000000-0000-0000-0000-000000000001,04217744-5b51-4624-baa8-9ea876a330dd,invoice,61ac2af7-4382-4463-b35b-ad8634fd1619,8fd367e7-7404-4ef6-530b-a40219a48f1e,Invoice VISTA/26-27/07/00083 · 2026-07,sent,null,2026-06-30 11:06:37.370398+00,2026-06-30 11:06:40.571+00
b0b3deed-52aa-4f10-af91-d2a819740c51,00000000-0000-0000-0000-000000000001,515c2d76-0ac7-4ae4-bd32-3b048ba93edb,invoice,1c89281f-fe72-4d24-9377-c7352a74a479,5b45a840-9d6c-242e-0e2f-2e2c972c2eec,Invoice VISTA/26-27/07/00107 · 2026-07,sent,null,2026-06-30 11:06:38.983516+00,2026-06-30 11:06:43.498+00
4124b338-c424-4d70-837a-2fffa6c7ea45,00000000-0000-0000-0000-000000000001,04217744-5b51-4624-baa8-9ea876a330dd,invoice,f7beb16b-7933-4344-9baa-677167327859,55e6e452-fae2-a5ac-3c12-21424bffbcac,Invoice VISTA/26-27/07/00027 · 2026-07,sent,null,2026-06-30 11:06:39.065229+00,2026-06-30 11:06:43.77+00
913ee443-f3c6-47f5-b93a-6358e82f99a1,00000000-0000-0000-0000-000000000001,515c2d76-0ac7-4ae4-bd32-3b048ba93edb,invoice,7ee95a4a-65b4-4887-a6da-dab3a4de1106,6ea3368b-00ab-4626-a86f-7fcacb3e167e,Invoice VISTA/26-27/07/00011 · 2026-07,sent,null,2026-06-30 11:06:41.120239+00,2026-06-30 11:06:46.962+00
3e98dbf4-0c2c-419e-87d4-824e6b0647fe,00000000-0000-0000-0000-000000000001,04217744-5b51-4624-baa8-9ea876a330dd,invoice,59d6ee22-3d09-4d51-b5f2-39d409d36379,080eae03-9f65-4515-aec2-8924472923dd,Invoice VISTA/26-27/07/00015 · 2026-07,sent,null,2026-06-30 11:06:41.145622+00,2026-06-30 11:06:48.01+00
40c36cea-a425-465b-a673-dd2cfdc8317b,00000000-0000-0000-0000-000000000001,515c2d76-0ac7-4ae4-bd32-3b048ba93edb,invoice,fd95f6c5-75c1-44f6-80b4-4a8f916112ae,062b56c4-c469-4ef7-b4e6-9615dd770ec9,Invoice VISTA/26-27/07/00013 · 2026-07,sent,null,2026-06-30 11:06:42.890774+00,2026-06-30 11:06:46.962+00
92ad1f7e-3656-4aeb-8266-349a4d32f5d3,00000000-0000-0000-0000-000000000001,04217744-5b51-4624-baa8-9ea876a330dd,invoice,adec2cf2-d06c-44ab-9c93-f7f5fe621627,18d86801-3cb7-11d4-8b9d-433429296014,Invoice VISTA/26-27/07/00163 · 2026-07,sent,null,2026-06-30 11:06:42.940136+00,2026-06-30 11:06:48.01+00
5e7c5212-571a-4087-8d03-0f108926ea1a,00000000-0000-0000-0000-000000000001,515c2d76-0ac7-4ae4-bd32-3b048ba93edb,invoice,c94633eb-ee77-41a9-94c8-277dfc5e6d32,ba8dd5e0-ed0e-8b6a-7098-2732476feb31,Invoice VISTA/26-27/07/00140 · 2026-07,sent,null,2026-06-30 11:06:44.668939+00,2026-06-30 11:06:50.403+00
d02c9a14-888c-4fa3-a375-2fa5e2eb7c79,00000000-0000-0000-0000-000000000001,04217744-5b51-4624-baa8-9ea876a330dd,invoice,365734db-4a35-41ab-b3e0-1feaca9b41b7,8971261e-a813-477f-94c0-0a9661dc4c34,Invoice VISTA/26-27/07/00024 · 2026-07,sent,null,2026-06-30 11:06:44.722238+00,2026-06-30 11:06:51.392+00
3396bf02-6fb5-4780-8517-a778c88b8a32,00000000-0000-0000-0000-000000000001,515c2d76-0ac7-4ae4-bd32-3b048ba93edb,invoice,5b271316-d14f-4851-adf0-10fc2d08a908,4c4ad4c9-59bf-f152-d0ff-6502ec564cc9,Invoice VISTA/26-27/07/00143 · 2026-07,sent,null,2026-06-30 11:06:46.412024+00,2026-06-30 11:06:50.404+00
cad0bfbf-4d9e-4ad6-95c8-a75eef4be592,00000000-0000-0000-0000-000000000001,04217744-5b51-4624-baa8-9ea876a330dd,invoice,465c6588-5810-424a-96f5-ee45d6e4e914,51c3d3a9-bfa0-4a8e-a687-3ef46bc022cc,Invoice VISTA/26-27/07/00051 · 2026-07,sent,null,2026-06-30 11:06:46.713082+00,2026-06-30 11:06:51.392+00
6ab9d6b9-2d1e-4ba2-a054-a52f1db5d135,00000000-0000-0000-0000-000000000001,515c2d76-0ac7-4ae4-bd32-3b048ba93edb,invoice,83390700-5061-4783-b0ae-400d3df8658d,618f174c-7c45-cb54-907b-cacc78483918,Invoice VISTA/26-27/07/00064 · 2026-07,sent,null,2026-06-30 11:06:48.508303+00,2026-06-30 11:48:45.672+00
18a0d34b-330c-4e5f-9a18-0de4a52701d4,00000000-0000-0000-0000-000000000001,04217744-5b51-4624-baa8-9ea876a330dd,invoice,342ec4d7-0887-4410-bb28-72eef2dded2a,79e31f6f-69dc-a40c-27d7-3f076878f83c,Invoice VISTA/26-27/07/00162 · 2026-07,sent,null,2026-06-30 11:06:59.780114+00,2026-06-30 11:11:21.183+00
6200a35c-4379-435a-8508-694d4c5050f4,00000000-0000-0000-0000-000000000001,515c2d76-0ac7-4ae4-bd32-3b048ba93edb,invoice,e86ad0d4-c8d9-4c93-ab65-49a6da0dfd27,4505ca5d-0961-03c9-5943-ffda2a5ae270,Invoice VISTA/26-27/07/00102 · 2026-07,sent,null,2026-06-30 11:07:01.295152+00,2026-06-30 11:48:45.673+00
8dc77fb4-160a-48d2-8a36-d5607198d7eb,00000000-0000-0000-0000-000000000001,04217744-5b51-4624-baa8-9ea876a330dd,invoice,dbba8021-562e-46d6-acd1-ea34bd8481fd,25aa2406-e171-b558-8249-7a525d126d8f,Invoice VISTA/26-27/07/00091 · 2026-07,sent,null,2026-06-30 11:07:03.585467+00,2026-06-30 11:11:21.183+00
d6d9d19a-5ce7-406a-be9e-f6e3fa8c9418,00000000-0000-0000-0000-000000000001,515c2d76-0ac7-4ae4-bd32-3b048ba93edb,invoice,09ac49f2-0a26-4246-873d-f469c76be3a0,04ba1c6f-6c06-819d-9ecc-a0c5f795b922,Invoice VISTA/26-27/07/00122 · 2026-07,sent,null,2026-06-30 11:07:04.867674+00,2026-06-30 11:48:45.673+00
fdced976-8419-4e3e-b617-e225ca5c2618,00000000-0000-0000-0000-000000000001,515c2d76-0ac7-4ae4-bd32-3b048ba93edb,invoice,d909fe8f-b444-400d-b521-06e2a936f4a4,8709ca2e-a8a6-48a4-b8ce-e813c4796ab9,Invoice VISTA/26-27/07/00028 · 2026-07,sent,null,2026-06-30 11:07:08.915745+00,2026-06-30 11:48:45.673+00
c24d9c22-8d71-493a-ad23-dc269001d18f,00000000-0000-0000-0000-000000000001,04217744-5b51-4624-baa8-9ea876a330dd,invoice,eee31e5d-c04a-41ce-a7a2-5bca3f183dbf,11e59c65-004e-4eea-a733-d3a6a7c65fb1,Invoice VISTA/26-27/07/00014 · 2026-07,sent,null,2026-06-30 11:07:13.250602+00,2026-06-30 11:11:21.183+00
9ca41720-a92c-4d43-a2f2-5c50d5a59d61,00000000-0000-0000-0000-000000000001,515c2d76-0ac7-4ae4-bd32-3b048ba93edb,invoice,45157ffd-6e9a-4603-8b7f-0aee19dd6596,aa88d180-8c53-dbe4-70de-ecf38130d3ce,Invoice VISTA/26-27/07/00074 · 2026-07,sent,null,2026-06-30 11:07:16.640011+00,2026-06-30 11:48:45.673+00
1ff5b57e-a5c5-455f-a935-263a53296425,00000000-0000-0000-0000-000000000001,04217744-5b51-4624-baa8-9ea876a330dd,invoice,ed0c6dc3-6e4d-4ba1-9c9a-b34f358e490c,1b003ea3-bdcb-0416-c3c2-8ff60f2f65f5,Invoice VISTA/26-27/07/00124 · 2026-07,sent,null,2026-06-30 11:07:22.594271+00,2026-06-30 11:11:21.183+00
9794bb9c-7338-4fbb-801c-40dc90b39c6f,00000000-0000-0000-0000-000000000001,515c2d76-0ac7-4ae4-bd32-3b048ba93edb,invoice,4e07c437-c4d9-4e62-bce4-8a7c23a92ac1,257579ca-bef0-99b8-f916-e518891ffdab,Invoice VISTA/26-27/07/00045 · 2026-07,sent,null,2026-06-30 11:07:25.95726+00,2026-06-30 11:48:45.673+00
7e2520a2-0c40-4206-a004-1732d6f54b34,00000000-0000-0000-0000-000000000001,04217744-5b51-4624-baa8-9ea876a330dd,invoice,ea54e067-e361-4a5c-b0ba-1911bd911d3f,c511ac63-cb7e-1453-92d5-ea4ffba1c360,Invoice VISTA/26-27/07/00099 · 2026-07,sent,null,2026-06-30 11:07:29.136553+00,2026-06-30 11:11:21.183+00
f87a0d03-fb3b-4690-8ba0-1f1887b4eee9,00000000-0000-0000-0000-000000000001,515c2d76-0ac7-4ae4-bd32-3b048ba93edb,invoice,3fa6f134-7bf0-4c45-ae60-31e218a290c2,890b32d9-f754-8150-5a18-8a21fcdf3828,Invoice VISTA/26-27/07/00095 · 2026-07,sent,null,2026-06-30 11:07:32.339953+00,2026-06-30 11:48:45.673+00
4950b9ad-9ff3-48d1-be7d-be103aecd66d,00000000-0000-0000-0000-000000000001,515c2d76-0ac7-4ae4-bd32-3b048ba93edb,invoice,b0267afb-5d62-4b05-869d-a5f2d96c55c3,733dd472-3b1e-dd43-76e5-082ddfe66c5b,Invoice VISTA/26-27/07/00108 · 2026-07,sent,null,2026-06-30 11:07:36.468472+00,2026-06-30 11:48:45.673+00
56e86645-b069-4417-a5cf-983d7dad1954,00000000-0000-0000-0000-000000000001,04217744-5b51-4624-baa8-9ea876a330dd,invoice,ea87fd56-9363-426a-8696-78c611273720,f9eb9b23-5f60-4ec4-b990-8313323bb759,Invoice VISTA/26-27/07/00052 · 2026-07,sent,null,2026-06-30 11:07:40.095952+00,2026-06-30 11:11:21.183+00
4e592c87-b9b8-496d-a550-77586e778f3a,00000000-0000-0000-0000-000000000001,515c2d76-0ac7-4ae4-bd32-3b048ba93edb,invoice,f1d1da75-0fc2-4506-9262-48dcfea0a391,bcf8ffc1-fd5c-f6ab-0453-7a73c73786dd,Invoice VISTA/26-27/07/00152 · 2026-07,sent,null,2026-06-30 11:07:44.258858+00,2026-06-30 11:48:45.673+00
b6ca81dc-09ff-4572-94af-d9f890f0cabc,00000000-0000-0000-0000-000000000001,04217744-5b51-4624-baa8-9ea876a330dd,invoice,1c89281f-fe72-4d24-9377-c7352a74a479,5b45a840-9d6c-242e-0e2f-2e2c972c2eec,Invoice VISTA/26-27/07/00107 · 2026-07,sent,null,2026-06-30 11:07:44.336364+00,2026-06-30 11:11:21.183+00
ba9b76e2-44d7-492d-a2a6-bf459630bf98,00000000-0000-0000-0000-000000000001,515c2d76-0ac7-4ae4-bd32-3b048ba93edb,invoice,f59896f9-4995-4125-896d-c4fea0c5b3d8,66fbcb59-3d06-d8cc-b1d5-53f38a599207,Invoice VISTA/26-27/07/00142 · 2026-07,sent,null,2026-06-30 11:07:54.200737+00,2026-06-30 11:48:45.673+00
ca968e55-4a6b-4ca3-8039-21de2983ed72,00000000-0000-0000-0000-000000000001,04217744-5b51-4624-baa8-9ea876a330dd,invoice,7ee95a4a-65b4-4887-a6da-dab3a4de1106,6ea3368b-00ab-4626-a86f-7fcacb3e167e,Invoice VISTA/26-27/07/00011 · 2026-07,sent,null,2026-06-30 11:07:58.307387+00,2026-06-30 11:11:21.183+00
ea13b129-5a77-4148-9e96-af3c8aa9caee,00000000-0000-0000-0000-000000000001,515c2d76-0ac7-4ae4-bd32-3b048ba93edb,invoice,60e4ba8d-40ad-467f-b7e0-f0107c57ce04,b0348aa8-ad9f-d0dd-94e8-c71a6627c930,Invoice VISTA/26-27/07/00139 · 2026-07,sent,null,2026-06-30 11:08:03.891131+00,2026-06-30 11:48:45.673+00
b1c66d4d-3a23-4c11-8aa7-0aa9d0a0ea63,00000000-0000-0000-0000-000000000001,04217744-5b51-4624-baa8-9ea876a330dd,invoice,fd95f6c5-75c1-44f6-80b4-4a8f916112ae,062b56c4-c469-4ef7-b4e6-9615dd770ec9,Invoice VISTA/26-27/07/00013 · 2026-07,sent,null,2026-06-30 11:08:07.565024+00,2026-06-30 11:11:21.183+00
76cd3479-43f3-420d-8cf1-aeeb6246691b,00000000-0000-0000-0000-000000000001,515c2d76-0ac7-4ae4-bd32-3b048ba93edb,invoice,e01e5c53-4892-4c72-9f12-45d57a7ba7eb,1932ea80-c6eb-874e-eca8-12410fa7a608,Invoice VISTA/26-27/07/00144 · 2026-07,sent,null,2026-06-30 11:08:11.109196+00,2026-06-30 11:48:45.673+00
e40b60bf-dab7-4f10-97ba-8dd63bed762f,00000000-0000-0000-0000-000000000001,04217744-5b51-4624-baa8-9ea876a330dd,invoice,c94633eb-ee77-41a9-94c8-277dfc5e6d32,ba8dd5e0-ed0e-8b6a-7098-2732476feb31,Invoice VISTA/26-27/07/00140 · 2026-07,sent,null,2026-06-30 11:08:14.384803+00,2026-06-30 11:11:21.183+00
6a67079f-6c78-425b-a573-86a13b50505b,00000000-0000-0000-0000-000000000001,515c2d76-0ac7-4ae4-bd32-3b048ba93edb,invoice,5cd58db2-70b2-4f36-a497-54f1660a2fc4,2794ccf7-4966-f00d-35d6-34ac17db73ea,Invoice VISTA/26-27/07/00167 · 2026-07,sent,null,2026-06-30 11:08:17.590507+00,2026-06-30 11:48:45.673+00
82fa09b2-8f1b-4be5-a5e6-134a639b6c46,00000000-0000-0000-0000-000000000001,04217744-5b51-4624-baa8-9ea876a330dd,invoice,5b271316-d14f-4851-adf0-10fc2d08a908,4c4ad4c9-59bf-f152-d0ff-6502ec564cc9,Invoice VISTA/26-27/07/00143 · 2026-07,sent,null,2026-06-30 11:08:20.769914+00,2026-06-30 11:11:21.183+00
31a4034f-8bbb-4955-bf6e-bf306eba400b,00000000-0000-0000-0000-000000000001,515c2d76-0ac7-4ae4-bd32-3b048ba93edb,invoice,866d0c3b-595e-49ef-a626-7504828bc840,d225973a-f437-d98e-4e24-0fb32a7bfbe8,Invoice VISTA/26-27/07/00084 · 2026-07,sent,null,2026-06-30 11:08:23.917726+00,2026-06-30 11:48:45.673+00
9da75106-fa58-41ed-8c84-a5855d9c33c5,00000000-0000-0000-0000-000000000001,04217744-5b51-4624-baa8-9ea876a330dd,invoice,83390700-5061-4783-b0ae-400d3df8658d,618f174c-7c45-cb54-907b-cacc78483918,Invoice VISTA/26-27/07/00064 · 2026-07,sent,null,2026-06-30 11:08:27.205785+00,2026-06-30 11:11:21.183+00
962cdc01-8169-49f6-93c0-b470d6d080bf,00000000-0000-0000-0000-000000000001,515c2d76-0ac7-4ae4-bd32-3b048ba93edb,invoice,1de198b0-173e-4429-8621-443c64e7b7ba,073e4bd7-f1f1-49d3-604f-c365b9952a6c,Invoice VISTA/26-27/07/00117 · 2026-07,sent,null,2026-06-30 11:08:30.610115+00,2026-06-30 11:48:45.673+00
916b4e07-9ecb-49ec-8403-8d4ac914ebbf,00000000-0000-0000-0000-000000000001,04217744-5b51-4624-baa8-9ea876a330dd,invoice,e86ad0d4-c8d9-4c93-ab65-49a6da0dfd27,4505ca5d-0961-03c9-5943-ffda2a5ae270,Invoice VISTA/26-27/07/00102 · 2026-07,sent,null,2026-06-30 11:08:34.801991+00,2026-06-30 11:11:21.183+00
ce650aec-5dc8-4735-8d69-20da5fc91ad9,00000000-0000-0000-0000-000000000001,515c2d76-0ac7-4ae4-bd32-3b048ba93edb,invoice,b5bf01bb-c669-451c-96ab-8a176ec29c19,07734943-434c-4c8b-b1fa-49d7c4e8a7fe,Invoice VISTA/26-27/07/00010 · 2026-07,sent,null,2026-06-30 11:08:37.923895+00,2026-06-30 11:48:45.673+00
a1b63479-8a54-451c-9b93-bfc473898cfd,00000000-0000-0000-0000-000000000001,04217744-5b51-4624-baa8-9ea876a330dd,invoice,09ac49f2-0a26-4246-873d-f469c76be3a0,04ba1c6f-6c06-819d-9ecc-a0c5f795b922,Invoice VISTA/26-27/07/00122 · 2026-07,sent,null,2026-06-30 11:08:41.2338+00,2026-06-30 11:11:21.183+00
355e4169-c6a3-41fb-8212-75bedeaa7421,00000000-0000-0000-0000-000000000001,515c2d76-0ac7-4ae4-bd32-3b048ba93edb,invoice,8476d5b0-e23c-4ca6-9d9b-7aa4657e42f8,8b48adf3-c14a-fa6d-9785-b4bcb35f8fbb,Invoice VISTA/26-27/07/00111 · 2026-07,sent,null,2026-06-30 11:08:44.769776+00,2026-06-30 11:48:45.673+00
566cb25e-8028-4be3-9378-604fddf8ad80,00000000-0000-0000-0000-000000000001,04217744-5b51-4624-baa8-9ea876a330dd,invoice,d909fe8f-b444-400d-b521-06e2a936f4a4,8709ca2e-a8a6-48a4-b8ce-e813c4796ab9,Invoice VISTA/26-27/07/00028 · 2026-07,sent,null,2026-06-30 11:08:45.325739+00,2026-06-30 11:11:21.183+00
19bffdf1-819a-44a8-bcb5-1cb2a909b016,00000000-0000-0000-0000-000000000001,04217744-5b51-4624-baa8-9ea876a330dd,invoice,45157ffd-6e9a-4603-8b7f-0aee19dd6596,aa88d180-8c53-dbe4-70de-ecf38130d3ce,Invoice VISTA/26-27/07/00074 · 2026-07,sent,null,2026-06-30 11:08:49.688492+00,2026-06-30 11:11:21.183+00
19f6b43d-8b53-44d0-8539-9a0f1c53de43,00000000-0000-0000-0000-000000000001,04217744-5b51-4624-baa8-9ea876a330dd,invoice,4e07c437-c4d9-4e62-bce4-8a7c23a92ac1,257579ca-bef0-99b8-f916-e518891ffdab,Invoice VISTA/26-27/07/00045 · 2026-07,sent,null,2026-06-30 11:08:53.297535+00,2026-06-30 11:11:21.183+00
edbc1541-498f-49b4-856d-668a3a3fec36,00000000-0000-0000-0000-000000000001,04217744-5b51-4624-baa8-9ea876a330dd,invoice,3fa6f134-7bf0-4c45-ae60-31e218a290c2,890b32d9-f754-8150-5a18-8a21fcdf3828,Invoice VISTA/26-27/07/00095 · 2026-07,sent,null,2026-06-30 11:08:57.186087+00,2026-06-30 11:11:21.183+00
e1d88cb5-c9e9-42a6-bd24-6e97f5cb5cdb,00000000-0000-0000-0000-000000000001,04217744-5b51-4624-baa8-9ea876a330dd,invoice,b0267afb-5d62-4b05-869d-a5f2d96c55c3,733dd472-3b1e-dd43-76e5-082ddfe66c5b,Invoice VISTA/26-27/07/00108 · 2026-07,sent,null,2026-06-30 11:09:01.771707+00,2026-06-30 11:11:21.183+00
a49d8e88-064f-4752-8695-8e6191a201bb,00000000-0000-0000-0000-000000000001,04217744-5b51-4624-baa8-9ea876a330dd,invoice,f1d1da75-0fc2-4506-9262-48dcfea0a391,bcf8ffc1-fd5c-f6ab-0453-7a73c73786dd,Invoice VISTA/26-27/07/00152 · 2026-07,sent,null,2026-06-30 11:09:05.4828+00,2026-06-30 11:11:21.183+00
35b75d1e-4549-4439-9c98-f446a999d3de,00000000-0000-0000-0000-000000000001,04217744-5b51-4624-baa8-9ea876a330dd,invoice,f59896f9-4995-4125-896d-c4fea0c5b3d8,66fbcb59-3d06-d8cc-b1d5-53f38a599207,Invoice VISTA/26-27/07/00142 · 2026-07,sent,null,2026-06-30 11:09:09.270008+00,2026-06-30 11:11:21.183+00
460d5bc4-6319-4249-8a84-08a4c7b17684,00000000-0000-0000-0000-000000000001,04217744-5b51-4624-baa8-9ea876a330dd,invoice,60e4ba8d-40ad-467f-b7e0-f0107c57ce04,b0348aa8-ad9f-d0dd-94e8-c71a6627c930,Invoice VISTA/26-27/07/00139 · 2026-07,sent,null,2026-06-30 11:09:12.873087+00,2026-06-30 11:11:21.183+00
30324012-4e4f-4439-b553-22d37c941661,00000000-0000-0000-0000-000000000001,04217744-5b51-4624-baa8-9ea876a330dd,invoice,e01e5c53-4892-4c72-9f12-45d57a7ba7eb,1932ea80-c6eb-874e-eca8-12410fa7a608,Invoice VISTA/26-27/07/00144 · 2026-07,sent,null,2026-06-30 11:09:17.507988+00,2026-06-30 11:11:21.183+00
9b222c84-5281-4724-8a7c-70338c8af2d6,00000000-0000-0000-0000-000000000001,04217744-5b51-4624-baa8-9ea876a330dd,invoice,5cd58db2-70b2-4f36-a497-54f1660a2fc4,2794ccf7-4966-f00d-35d6-34ac17db73ea,Invoice VISTA/26-27/07/00167 · 2026-07,sent,null,2026-06-30 11:09:21.998192+00,2026-06-30 11:11:21.183+00
450448b1-8007-4652-83f1-2e6eb7ca9849,00000000-0000-0000-0000-000000000001,04217744-5b51-4624-baa8-9ea876a330dd,invoice,866d0c3b-595e-49ef-a626-7504828bc840,d225973a-f437-d98e-4e24-0fb32a7bfbe8,Invoice VISTA/26-27/07/00084 · 2026-07,sent,null,2026-06-30 11:09:25.771465+00,2026-06-30 11:11:25.714+00
43abbce7-f8f3-458e-b132-a0d74591d1f4,00000000-0000-0000-0000-000000000001,04217744-5b51-4624-baa8-9ea876a330dd,invoice,1de198b0-173e-4429-8621-443c64e7b7ba,073e4bd7-f1f1-49d3-604f-c365b9952a6c,Invoice VISTA/26-27/07/00117 · 2026-07,sent,null,2026-06-30 11:09:30.349026+00,2026-06-30 11:11:25.714+00
f3314582-69eb-4d6b-8d7a-f18e2f27dd41,00000000-0000-0000-0000-000000000001,04217744-5b51-4624-baa8-9ea876a330dd,invoice,b5bf01bb-c669-451c-96ab-8a176ec29c19,07734943-434c-4c8b-b1fa-49d7c4e8a7fe,Invoice VISTA/26-27/07/00010 · 2026-07,sent,null,2026-06-30 11:09:34.041919+00,2026-06-30 11:11:25.714+00
12607e4e-bc18-4e1b-87b0-ef3c1cbe83a7,00000000-0000-0000-0000-000000000001,04217744-5b51-4624-baa8-9ea876a330dd,invoice,8476d5b0-e23c-4ca6-9d9b-7aa4657e42f8,8b48adf3-c14a-fa6d-9785-b4bcb35f8fbb,Invoice VISTA/26-27/07/00111 · 2026-07,sent,null,2026-06-30 11:09:38.787116+00,2026-06-30 11:11:25.714+00
7e06129b-2d1b-4d87-8624-29814a24816f,00000000-0000-0000-0000-000000000001,7dbe6c2c-2dbf-44b5-bb98-57bdc4bee988,invoice,7ff5ed0a-5db2-4037-9b6b-32faad4891bd,38305983-db92-2c3c-7949-96f7ca7833eb,Invoice VISTA/26-27/07/00171 · 2026-07,sent,null,2026-06-30 11:15:54.206931+00,2026-06-30 11:15:56.899+00
8e44aa07-ba94-4e31-82a7-9f790d16ff2f,00000000-0000-0000-0000-000000000001,7dbe6c2c-2dbf-44b5-bb98-57bdc4bee988,invoice,22b5c76d-308b-4fef-83aa-7e6bfca612c1,11e96dd2-92f4-f793-56db-439d5b3de156,Invoice VISTA/26-27/07/00173 · 2026-07,sent,null,2026-06-30 11:16:00.547852+00,2026-06-30 11:16:04.108+00
eafdf293-5ef2-4aca-a23b-ddc56302e4b1,00000000-0000-0000-0000-000000000001,7dbe6c2c-2dbf-44b5-bb98-57bdc4bee988,invoice,1a2e4cfc-8517-4346-8168-b1f61823eac8,f59fa4ad-6dca-c7e7-d459-5326609a6412,Invoice VISTA/26-27/07/00169 · 2026-07,sent,null,2026-06-30 11:16:05.868512+00,2026-06-30 11:16:08.965+00
1d0db241-2e90-424d-9001-b860035e0069,00000000-0000-0000-0000-000000000001,7dbe6c2c-2dbf-44b5-bb98-57bdc4bee988,invoice,d6ebadee-ca10-4d96-850a-fec0d54c6e66,89d188b4-94a9-2f97-e068-155ed8ec3f5e,Invoice VISTA/26-27/07/00170 · 2026-07,sent,null,2026-06-30 11:16:10.430773+00,2026-06-30 11:16:14.134+00
5c83b09d-0d97-4099-9ce5-b453c529916c,00000000-0000-0000-0000-000000000001,7dbe6c2c-2dbf-44b5-bb98-57bdc4bee988,invoice,943c602c-3e5b-4f63-a327-88335320a4cc,8334eb99-0bc0-3c80-9ff8-83bea3d7b5ef,Invoice VISTA/26-27/07/00172 · 2026-07,sent,null,2026-06-30 11:16:16.093759+00,2026-06-30 11:16:22.707+00
cc6c4388-f4d9-4f43-8d4e-575f4d9ea66c,00000000-0000-0000-0000-000000000001,b80b7e00-e820-40d8-935f-cf549e17f9fc,invoice,d6ebadee-ca10-4d96-850a-fec0d54c6e66,89d188b4-94a9-2f97-e068-155ed8ec3f5e,Invoice VISTA/26-27/07/00170 · 2026-07,sent,null,2026-06-30 11:19:12.403478+00,2026-06-30 11:19:16.507+00
b0756c05-04d8-4483-97f1-11b246d456f9,00000000-0000-0000-0000-000000000001,6c2c2495-926e-42b4-b0d9-3e4145f85f0d,invoice,e350da71-d30a-430d-963c-df9455611345,2794ccf7-4966-f00d-35d6-34ac17db73ea,Invoice VISTA/26-27/07/00173 · 2026-07,sent,null,2026-06-30 11:41:21.782534+00,2026-06-30 11:41:25.208+00
420d1ce6-b679-432f-80a3-81f9011088d0,00000000-0000-0000-0000-000000000001,6c2c2495-926e-42b4-b0d9-3e4145f85f0d,invoice,068da225-2fa2-43bb-b02a-ecbcee03ce01,d225973a-f437-d98e-4e24-0fb32a7bfbe8,Invoice VISTA/26-27/07/00170 · 2026-07,sent,null,2026-06-30 11:41:27.767362+00,2026-06-30 11:41:31.14+00
cf6a4899-09fc-4092-9531-b1ca24660f27,00000000-0000-0000-0000-000000000001,6c2c2495-926e-42b4-b0d9-3e4145f85f0d,invoice,c8aa7c85-777f-4308-9df3-ed937c8a90e8,073e4bd7-f1f1-49d3-604f-c365b9952a6c,Invoice VISTA/26-27/07/00172 · 2026-07,sent,null,2026-06-30 11:41:36.654735+00,2026-06-30 11:41:39.512+00
f01bb0cb-1aa0-4142-83c3-7dc0c5b69bf8,00000000-0000-0000-0000-000000000001,6c2c2495-926e-42b4-b0d9-3e4145f85f0d,invoice,233d16b2-2a6e-42d2-be1d-c59ce5c48769,07734943-434c-4c8b-b1fa-49d7c4e8a7fe,Invoice VISTA/26-27/07/00169 · 2026-07,sent,null,2026-06-30 11:41:45.732934+00,2026-06-30 11:41:48.929+00
abac36b6-bf1f-4902-846f-34975db33712,00000000-0000-0000-0000-000000000001,6c2c2495-926e-42b4-b0d9-3e4145f85f0d,invoice,b7b49070-ba19-4b7a-9d06-34b13aa8c2ef,8b48adf3-c14a-fa6d-9785-b4bcb35f8fbb,Invoice VISTA/26-27/07/00171 · 2026-07,sent,null,2026-06-30 11:41:53.755076+00,2026-06-30 11:41:56.689+00
e5f01a51-de14-4727-8883-29193c17fe69,00000000-0000-0000-0000-000000000001,fa128bf5-5ea8-4000-82ce-8b3e119e2825,invoice,dfbbdbc1-f608-470b-b7c8-7c815a7920c3,71a9340d-9832-4609-a110-d9b5aaffc020,Invoice dfbbdbc1-f608-470b-b7c8-7c815a7920c3 · 2026-07,sent,null,2026-07-01 08:05:01.530952+00,2026-07-01 08:05:06.108+00
9f8317de-8d83-42d6-bbb9-1e5b03531845,00000000-0000-0000-0000-000000000001,8765df44-c0b1-483d-afeb-c55268ce4a7f,invoice,acb26317-17c8-4413-8fa2-932b4cfc9779,2d700a6b-44c4-438b-841f-febe1b2c47a7,Invoice VISTA/26-27/07/00179 · 2026-07,sent,null,2026-07-01 10:16:45.184566+00,2026-07-01 10:16:49.798+00
d70b848f-b1d7-442c-804e-91fec71b2f1a,00000000-0000-0000-0000-000000000001,8765df44-c0b1-483d-afeb-c55268ce4a7f,invoice,187922ed-896d-4d02-a92f-8aca7fa38007,2d700a6b-44c4-438b-841f-febe1b2c47a7,Invoice VISTA/26-27/07/00180 · 2026-07,sent,null,2026-07-01 10:16:46.423276+00,2026-07-01 10:16:52.679+00
ac4e6ada-0bb7-49d0-ba1c-c497394d8533,00000000-0000-0000-0000-000000000001,0f278f60-4598-4b2f-8c9a-30529a84303d,invoice,c749a0a4-afdf-4b0a-b463-9e16909be734,5eb9cf08-d888-4c7c-b6da-0b773bb39bba,Invoice VISTA/26-27/07/00182 · 2026-07,sent,null,2026-07-01 10:31:32.21203+00,2026-07-01 10:31:35.682+00
d5a9605a-9426-4f5e-b6b8-82cbf929f853,00000000-0000-0000-0000-000000000001,70899d40-9a73-47f0-9dd9-4c189473c08c,invoice,8285171f-22c5-447f-9c7c-4b00267c1159,1a3b6c74-26e1-7124-0b5c-7f783d71624d,Invoice VISTA/26-27/07/00092 · 2026-07,sent,null,2026-07-01 10:34:14.931342+00,2026-07-01 10:34:17.808+00
342df448-e16b-42a3-9bc0-28da448c3f9d,00000000-0000-0000-0000-000000000001,70899d40-9a73-47f0-9dd9-4c189473c08c,invoice,dda8a845-8a76-423b-96b2-d30f381355ba,1a3b6c74-26e1-7124-0b5c-7f783d71624d,Invoice VISTA/26-27/07/00183 · 2026-07,sent,null,2026-07-01 10:34:16.21371+00,2026-07-01 10:34:21.106+00
65938cd4-711d-4c1b-9d88-6101ca8651b0,00000000-0000-0000-0000-000000000001,05ce5d4f-1c56-465d-95ca-69849bec5bcc,invoice,e1ceff0d-1122-482c-be93-4a91e080d86f,61492721-611b-479f-9815-e09e0d7c95fd,Invoice VISTA/26-27/07/00178 · 2026-07,sent,null,2026-07-01 10:36:28.151939+00,2026-07-01 10:36:31.891+00
d277f132-05cc-4561-9a29-548587b15e6e,00000000-0000-0000-0000-000000000001,d5c701a6-6c8f-47c2-b40f-b005a06fda2d,invoice,e1ceff0d-1122-482c-be93-4a91e080d86f,61492721-611b-479f-9815-e09e0d7c95fd,Invoice VISTA/26-27/07/00178 · 2026-07,sent,null,2026-07-01 10:36:52.189967+00,2026-07-01 10:36:55.813+00
8c9c1b43-5a24-4295-b9f4-26c94e3c2bc3,00000000-0000-0000-0000-000000000001,41ace5c3-6a4e-402e-82dd-9defc2d4ca9b,invoice,432f067a-4fd0-4d0b-a2b3-584f1734a302,284ce00f-b05a-4366-9117-bf73f7449a76,Invoice VISTA/26-27/07/00008 · 2026-07,failed,"BotBee template HTTP 401: {""message"":""Unauthenticated.""}",2026-07-02 10:12:26.318798+00,null
01fea4be-2bdb-43e4-ad33-f424d9951988,00000000-0000-0000-0000-000000000001,656aa853-ba12-44d0-b977-8f6636eae40e,invoice,419275a9-a44c-4377-a341-65de39ccbcfb,de481a65-2fb4-4974-b7db-0ec990ea852d,Invoice VISTA/26-27/07/00018 · 2026-07,sent,null,2026-07-02 10:16:18.155214+00,2026-08-07 05:48:07.83+00
9733380e-93b2-41ac-a4bb-c9e37ddf8f08,00000000-0000-0000-0000-000000000001,656aa853-ba12-44d0-b977-8f6636eae40e,invoice,fc2e2aaf-beef-42cd-b3b7-d49ef5b03957,a267e3ee-ef69-4d54-8414-357c81b2eb3c,Invoice VISTA/26-27/07/00017 · 2026-07,sent,null,2026-07-02 10:16:19.425346+00,2026-08-07 05:48:07.816+00
c908cf2b-42aa-46b1-8737-545a139e81b7,00000000-0000-0000-0000-000000000001,e5bb5d58-96b0-491b-8f51-34de7ec4aaf0,receipt,b6b67c35-30ea-4177-8061-b74bc2b57699,bdcc24e3-6077-3ea9-b25e-2747d0f07be7,"Receipt VISTA/26-27/06/00166 · ₹19,360",failed,"BotBee template HTTP 401: {""message"":""Unauthenticated.""}",2026-07-02 10:19:54.65647+00,null
70453388-16a0-460b-be82-f9419988423c,00000000-0000-0000-0000-000000000001,7c8a6ed0-a01c-4268-b6da-87c3c4b59288,receipt,1eabe238-4fc3-43bc-aa02-056b948be2b4,b4a50439-db13-dc26-d980-eb079b321460,"Receipt VISTA/26-27/06/00167 · ₹16,550",failed,"BotBee template HTTP 401: {""message"":""Unauthenticated.""}",2026-07-02 10:20:58.34485+00,null
b8c44a84-2811-42be-a2b5-0fae77e03eb6,00000000-0000-0000-0000-000000000001,749f6201-154e-4c39-b252-f58030cf77d3,receipt,9710808f-aa2e-4eeb-bc72-9577adb350ee,79e31f6f-69dc-a40c-27d7-3f076878f83c,"Receipt VISTA/26-27/06/00168 · ₹16,720",failed,"BotBee template HTTP 401: {""message"":""Unauthenticated.""}",2026-07-02 10:22:23.395125+00,null
86c415b9-2862-4c01-97c1-badc67c5706b,00000000-0000-0000-0000-000000000001,a50a71c1-841f-4405-aa77-5abc2fe9548c,receipt,6dfb9737-5b2f-445e-92e4-bcd627844db4,b0348aa8-ad9f-d0dd-94e8-c71a6627c930,"Receipt VISTA/26-27/06/00169 · ₹15,330",failed,"BotBee template HTTP 401: {""message"":""Unauthenticated.""}",2026-07-02 10:23:40.176912+00,null
6bb29ad2-652d-47a6-bc17-51f32a05c12b,00000000-0000-0000-0000-000000000001,84764e3a-a302-4acf-bc29-36ac28e9e64a,receipt,805ea35a-54f8-4dd5-8900-dcc228f068a0,1b003ea3-bdcb-0416-c3c2-8ff60f2f65f5,"Receipt VISTA/26-27/06/00170 · ₹17,810",failed,"BotBee template HTTP 401: {""message"":""Unauthenticated.""}",2026-07-02 10:24:26.174999+00,null
4095f2d6-707a-4e28-a508-102b33d3b731,00000000-0000-0000-0000-000000000001,40416563-b518-447c-9ba7-d4fccb5f6e18,receipt,e132920a-c7f1-4e0c-9b3e-4632df0e7e93,cda37b51-1bbc-af0d-a560-49af88fdc751,"Receipt VISTA/26-27/06/00171 · ₹16,390",failed,"BotBee template HTTP 401: {""message"":""Unauthenticated.""}",2026-07-02 10:26:38.184572+00,null
328b8ccd-9ac0-45d7-bc7a-56883093fbe1,00000000-0000-0000-0000-000000000001,0958f276-69c2-4234-acac-0c1496835e51,receipt,0b1d2037-4a2c-4422-b032-1f0f66c74cf0,8e39a9bd-3317-b2a6-22a6-16fa4cab9632,"Receipt VISTA/26-27/06/00172 · ₹22,390",failed,"BotBee template HTTP 401: {""message"":""Unauthenticated.""}",2026-07-02 10:27:10.593608+00,null
3d112096-f1e7-4ad1-9bee-ed1fb3e71b8c,00000000-0000-0000-0000-000000000001,6baa28f9-9ae4-4c25-ad6c-e3852175ef6e,receipt,2f0cfc3e-3399-43c2-82f7-676e1c7834b5,5b45a840-9d6c-242e-0e2f-2e2c972c2eec,"Receipt VISTA/26-27/07/00014 · ₹27,160",failed,"BotBee template HTTP 401: {""message"":""Unauthenticated.""}",2026-07-02 10:27:54.428954+00,null
d2b3b6e9-4711-4b91-99ec-14e490f9a752,00000000-0000-0000-0000-000000000001,f7aa4cbf-e4eb-4090-b8e7-edaa1e2cbfef,receipt,b47361d2-c505-4e88-87c6-8ff69703a8d5,1dc2bdca-ae79-4cd5-9d74-961c02cce282,"Receipt VISTA/24-25/07/00001 · ₹21,450",failed,"BotBee template HTTP 401: {""message"":""Unauthenticated.""}",2026-07-02 10:28:23.185404+00,null
fa9af3de-5337-4f0c-a29e-9fe99558f677,00000000-0000-0000-0000-000000000001,bd619861-093e-4a44-b903-d84b10c3ebdd,receipt,9a76705f-eb59-4e1b-a0f7-8539ec414b39,18d86801-3cb7-11d4-8b9d-433429296014,"Receipt VISTA/26-27/07/00015 · ₹17,720",failed,"BotBee template HTTP 401: {""message"":""Unauthenticated.""}",2026-07-02 10:29:16.23433+00,null
af3d1b92-ab8b-425a-b782-a102c87af0b6,00000000-0000-0000-0000-000000000001,b887784a-bfbd-45c1-9ee1-54681b29e883,receipt,6bb165df-ae6f-4358-9770-3fa7d4f5bd02,a7dadee2-80e3-eba0-084f-5f1847bb3aa4,"Receipt VISTA/26-27/07/00016 · ₹27,150",failed,"BotBee template HTTP 401: {""message"":""Unauthenticated.""}",2026-07-02 10:29:54.265422+00,null
14d8292d-b17f-4407-98b5-aa7b12a49cb1,00000000-0000-0000-0000-000000000001,1717292e-d52f-4111-a6f6-fad56fd4a207,receipt,c4ff0dee-e4ce-451b-8842-5466eef15ffe,79d4d3fe-73c5-a965-030f-c60220ee20cb,"Receipt VISTA/26-27/07/00017 · ₹15,790",failed,"BotBee template HTTP 401: {""message"":""Unauthenticated.""}",2026-07-02 10:55:58.358603+00,null
9f0a681b-12e4-4111-85a3-db546de2b435,00000000-0000-0000-0000-000000000001,1e5c8b91-e02b-4d9c-b629-aea14528bde7,receipt,a0becffd-438f-453e-a51f-bcd37da18b03,f91c2854-a88b-4630-b2a6-c48401e4dd14,"Receipt VISTA/26-27/07/00018 · ₹22,410",failed,"BotBee template HTTP 401: {""message"":""Unauthenticated.""}",2026-07-02 10:59:24.133173+00,null
16e78a12-67fa-47d5-9789-ffff4d1651de,00000000-0000-0000-0000-000000000001,4cc9711f-cf5c-4eba-9738-2e8eae3a03f1,receipt,ce500b0c-956f-4435-98ea-b92eedd8d718,1a171004-7682-1c39-e6a2-758b668c33b0,"Receipt VISTA/26-27/07/00019 · ₹20,130",failed,"BotBee template HTTP 401: {""message"":""Unauthenticated.""}",2026-07-02 11:06:36.192365+00,null
199d9b7e-cc4c-487f-b558-e25cacd8374d,00000000-0000-0000-0000-000000000001,6467de1a-7dd1-47d6-b917-a3b31ff6bb99,receipt,e8bbbd37-89fe-4abf-bbee-082e0c3abdc8,89d188b4-94a9-2f97-e068-155ed8ec3f5e,"Receipt VISTA/26-27/07/00020 · ₹14,740",failed,"BotBee template HTTP 401: {""message"":""Unauthenticated.""}",2026-07-02 11:07:24.266868+00,null
8b2f45cb-a1da-4a9b-b975-66d2ef1fd4b0,00000000-0000-0000-0000-000000000001,3e7ad151-c13a-42a3-b8c3-6d43255c7fda,receipt,7236fd42-b6ea-48a9-806a-999a880cf10f,49355947-7605-ec5f-7d81-a6597f38d76b,"Receipt VISTA/26-27/07/00021 · ₹15,790",failed,"BotBee template HTTP 401: {""message"":""Unauthenticated.""}",2026-07-02 11:08:07.020134+00,null
dc537bf5-0b0c-46ae-81bf-461b1a6893bf,00000000-0000-0000-0000-000000000001,762ab46e-af5d-4284-ad6f-c3dd99ef9e44,receipt,4a630f64-c80d-412e-b005-7915be0d324a,e17238d1-34ce-0cbb-4dc0-f65e60ff52f7,"Receipt VISTA/26-27/07/00022 · ₹21,630",failed,"BotBee template HTTP 401: {""message"":""Unauthenticated.""}",2026-07-02 11:08:34.012631+00,null
86f6f428-2dbb-4b95-bb4a-abe8d82fc168,00000000-0000-0000-0000-000000000001,c1e9f61f-6604-499a-93fe-c9fa9bcadf33,receipt,d406e783-86de-4805-aef4-84653997fd31,4505ca5d-0961-03c9-5943-ffda2a5ae270,"Receipt VISTA/23-24/07/00001 · ₹17,120",failed,"BotBee template HTTP 401: {""message"":""Unauthenticated.""}",2026-07-03 06:08:02.029017+00,null
fb1ad31b-72dc-4063-b2b1-b2fa1b138863,00000000-0000-0000-0000-000000000001,761bf058-65ed-4dc4-bd29-a3cc2414a591,receipt,2deca826-dfe6-4a8a-b7b5-3ce2183e787b,618f174c-7c45-cb54-907b-cacc78483918,"Receipt VISTA/26-27/07/00023 · ₹20,620",failed,"BotBee template HTTP 401: {""message"":""Unauthenticated.""}",2026-07-03 06:08:40.677604+00,null
96ac7fd4-2da6-41b8-8ff0-7433a305cd8b,00000000-0000-0000-0000-000000000001,d421ca9e-cbca-426a-89f3-a71d7d8876d0,receipt,d5ae3355-40cb-4d91-a529-13ecbfee9247,a4ef95bf-1c7c-4c4d-0497-ae38085af6cc,"Receipt VISTA/26-27/07/00024 · ₹21,060",failed,"BotBee template HTTP 401: {""message"":""Unauthenticated.""}",2026-07-03 06:09:07.810086+00,null
a2ec8489-193a-4065-8434-0533a76d1826,00000000-0000-0000-0000-000000000001,ef8f6bc5-fbb9-4f4d-b13a-2687d07c8523,receipt,9297fbad-bc6b-4f86-abce-ab092cd953e6,d497808b-36e2-ea42-d247-85b4e409078c,"Receipt VISTA/26-27/07/00025 · ₹17,450",failed,"BotBee template HTTP 401: {""message"":""Unauthenticated.""}",2026-07-03 06:10:23.799657+00,null
f7581ac3-4420-4f27-a2d3-46000bf8b66d,00000000-0000-0000-0000-000000000001,e37518c8-40bb-4dfb-b66a-bb6004ccc6d4,receipt,152a8889-c10e-4fa6-9de2-58bc4c1e3c20,8971261e-a813-477f-94c0-0a9661dc4c34,"Receipt VISTA/26-27/07/00026 · ₹17,720",failed,"BotBee template HTTP 401: {""message"":""Unauthenticated.""}",2026-07-03 06:11:05.764926+00,null
dc71ed7a-2f1d-4e4a-ae92-bb8bc48de21f,00000000-0000-0000-0000-000000000001,05e9a7a3-e3a4-4e98-8935-4326eb5cb19a,receipt,84e9187d-3a91-4051-8473-3403080aef65,491b8136-32a1-37c5-5253-b53ff3991d86,"Receipt VISTA/26-27/07/00027 · ₹15,530",failed,"BotBee template HTTP 401: {""message"":""Unauthenticated.""}",2026-07-03 06:11:36.636614+00,null
7ef8d65e-41a6-4023-a10e-75518e2e1034,00000000-0000-0000-0000-000000000001,b2e3ffd8-e4db-4f35-8036-b2a4d2876a0f,receipt,8d5c7d83-53ad-4d9a-acd9-0c65cbae3fad,38305983-db92-2c3c-7949-96f7ca7833eb,"Receipt VISTA/26-27/07/00028 · ₹21,300",failed,"BotBee template HTTP 401: {""message"":""Unauthenticated.""}",2026-07-03 06:12:09.473916+00,null
21dd8d2e-8189-4dd2-8e28-c889438e9e65,00000000-0000-0000-0000-000000000001,b2521e3c-5cae-4eb5-be4d-9897187ef8f4,receipt,b20e2075-e14a-4c9b-85d1-024d6f8fee2f,8aacbc78-5e56-b3c0-f8bc-fcb5490b94f3,"Receipt VISTA/26-27/06/00173 · ₹17,060",failed,"BotBee template HTTP 401: {""message"":""Unauthenticated.""}",2026-07-03 06:13:06.312981+00,null
5a74e419-cc3b-4439-b948-19a1c682a967,00000000-0000-0000-0000-000000000001,e85e8b45-e82b-404a-a232-5620b488275f,receipt,1d4e09b7-20ee-4afe-83f2-70a8068f2180,93eb3d6a-d35b-ef1f-83b8-7430b6ad1674,"Receipt VISTA/26-27/06/00174 · ₹16,060",failed,"BotBee template HTTP 401: {""message"":""Unauthenticated.""}",2026-07-03 06:18:40.708452+00,null
dd89f46a-6f7c-4e9e-8e98-46f8e8b73c2a,00000000-0000-0000-0000-000000000001,e95cc3d7-2ff5-43fb-95c8-db99f387830e,receipt,eca00352-a732-4712-b04a-df7a52f4bc41,3b02f95a-b47e-1037-4f8a-f2f31e35c98e,"Receipt VISTA/26-27/07/00029 · ₹13,179",failed,"BotBee template HTTP 401: {""message"":""Unauthenticated.""}",2026-07-03 06:19:33.315553+00,null
71f31f2d-df60-4ee1-879f-e697b6af2e5f,00000000-0000-0000-0000-000000000001,6eb4c973-d503-40f0-a743-41f82edd6810,receipt,b4b1ab37-ce9c-447a-adb1-6d1f574d5b32,ba8dd5e0-ed0e-8b6a-7098-2732476feb31,"Receipt VISTA/26-27/07/00030 · ₹15,640",pending,null,2026-07-03 06:20:30.893486+00,null
6eb802d7-df50-4afd-b859-bb61b38d9dfe,00000000-0000-0000-0000-000000000001,882b2238-a1dc-4546-a961-daf524a82b6f,receipt,8b13fd3d-7e28-4d55-acdd-ff3e5f4e5806,93eb3d6a-d35b-ef1f-83b8-7430b6ad1674,"Receipt VISTA/26-27/07/00031 · ₹16,060",pending,null,2026-07-03 06:20:48.257019+00,null
1ce66a46-66d1-4374-bc94-2226f3cf4361,00000000-0000-0000-0000-000000000001,791e8179-58af-4996-abd0-bacc97474404,receipt,605a9b9f-fa05-4525-98ae-728db9c910c1,0278721a-a690-833b-298a-16a351fb7a3a,"Receipt VISTA/26-27/06/00175 · ₹21,330",pending,null,2026-07-03 06:21:46.965548+00,null
4fd2248b-61ac-4bd9-8d50-23be9c0bbc19,00000000-0000-0000-0000-000000000001,516b0f61-3352-4aba-b378-e3d481f0e06c,receipt,eeacadff-873b-41f2-9b3b-139850d614a0,2c1980eb-be51-916e-8f61-1e8fe83afb0c,"Receipt VISTA/26-27/07/R00013 · ₹21,825",pending,null,2026-07-03 06:22:18.640813+00,null
e95523ab-ebec-4aae-94d2-e5b086fb5122,00000000-0000-0000-0000-000000000001,516b0f61-3352-4aba-b378-e3d481f0e06c,receipt,6b917d7a-3142-4d48-a1c6-0a27b397724b,71a9340d-9832-4609-a110-d9b5aaffc020,"Receipt VISTA/26-27/07/00006 · ₹30,217",pending,null,2026-07-03 06:22:20.704214+00,null
37438a63-1487-45f9-8eed-2676898b6de6,00000000-0000-0000-0000-000000000001,516b0f61-3352-4aba-b378-e3d481f0e06c,receipt,8b13fd3d-7e28-4d55-acdd-ff3e5f4e5806,93eb3d6a-d35b-ef1f-83b8-7430b6ad1674,"Receipt VISTA/26-27/07/00031 · ₹16,060",pending,null,2026-07-03 06:22:20.960999+00,null
453225b8-4923-43e3-a0c4-6f9caf74604e,00000000-0000-0000-0000-000000000001,516b0f61-3352-4aba-b378-e3d481f0e06c,receipt,84e9187d-3a91-4051-8473-3403080aef65,491b8136-32a1-37c5-5253-b53ff3991d86,"Receipt VISTA/26-27/07/00027 · ₹15,530",pending,null,2026-07-03 06:22:21.205079+00,null
663a3709-3381-4cbd-b4af-bad0d817d18f,00000000-0000-0000-0000-000000000001,516b0f61-3352-4aba-b378-e3d481f0e06c,receipt,152a8889-c10e-4fa6-9de2-58bc4c1e3c20,8971261e-a813-477f-94c0-0a9661dc4c34,"Receipt VISTA/26-27/07/00026 · ₹17,720",pending,null,2026-07-03 06:22:21.436138+00,null
f00af54f-3e0a-4840-af09-9f6ac4e8c321,00000000-0000-0000-0000-000000000001,516b0f61-3352-4aba-b378-e3d481f0e06c,receipt,2deca826-dfe6-4a8a-b7b5-3ce2183e787b,618f174c-7c45-cb54-907b-cacc78483918,"Receipt VISTA/26-27/07/00023 · ₹20,620",pending,null,2026-07-03 06:22:21.657897+00,null
fdea2a81-42fb-48ab-b528-145f290e3362,00000000-0000-0000-0000-000000000001,516b0f61-3352-4aba-b378-e3d481f0e06c,receipt,8d5c7d83-53ad-4d9a-acd9-0c65cbae3fad,38305983-db92-2c3c-7949-96f7ca7833eb,"Receipt VISTA/26-27/07/00028 · ₹21,300",pending,null,2026-07-03 06:22:21.928156+00,null
e6f6452f-2475-4adf-b981-391d6900217a,00000000-0000-0000-0000-000000000001,516b0f61-3352-4aba-b378-e3d481f0e06c,receipt,d5ae3355-40cb-4d91-a529-13ecbfee9247,a4ef95bf-1c7c-4c4d-0497-ae38085af6cc,"Receipt VISTA/26-27/07/00024 · ₹21,060",pending,null,2026-07-03 06:22:22.158599+00,null
204a2102-042c-40d5-ac01-8afba7923374,00000000-0000-0000-0000-000000000001,516b0f61-3352-4aba-b378-e3d481f0e06c,receipt,4a630f64-c80d-412e-b005-7915be0d324a,e17238d1-34ce-0cbb-4dc0-f65e60ff52f7,"Receipt VISTA/26-27/07/00022 · ₹21,630",pending,null,2026-07-03 06:22:22.384356+00,null
e464a00c-f085-4808-b0f9-fcd0eb6946e6,00000000-0000-0000-0000-000000000001,516b0f61-3352-4aba-b378-e3d481f0e06c,receipt,9297fbad-bc6b-4f86-abce-ab092cd953e6,d497808b-36e2-ea42-d247-85b4e409078c,"Receipt VISTA/26-27/07/00025 · ₹17,450",pending,null,2026-07-03 06:22:22.636395+00,null
a208b647-d927-4fe1-af59-b94c70fd27a9,00000000-0000-0000-0000-000000000001,516b0f61-3352-4aba-b378-e3d481f0e06c,receipt,eca00352-a732-4712-b04a-df7a52f4bc41,3b02f95a-b47e-1037-4f8a-f2f31e35c98e,"Receipt VISTA/26-27/07/00029 · ₹13,179",pending,null,2026-07-03 06:22:22.873532+00,null
2eb35164-ce35-4a93-bbe4-6c97a047c3fe,00000000-0000-0000-0000-000000000001,516b0f61-3352-4aba-b378-e3d481f0e06c,receipt,c4ff0dee-e4ce-451b-8842-5466eef15ffe,79d4d3fe-73c5-a965-030f-c60220ee20cb,"Receipt VISTA/26-27/07/00017 · ₹15,790",pending,null,2026-07-03 06:22:23.202953+00,null
90022c77-a302-4a5f-baa5-afc15b407f2b,00000000-0000-0000-0000-000000000001,516b0f61-3352-4aba-b378-e3d481f0e06c,receipt,6bb165df-ae6f-4358-9770-3fa7d4f5bd02,a7dadee2-80e3-eba0-084f-5f1847bb3aa4,"Receipt VISTA/26-27/07/00016 · ₹27,150",pending,null,2026-07-03 06:22:23.424094+00,null
fe49d4ec-bca1-459d-a852-775e1a9f3389,00000000-0000-0000-0000-000000000001,516b0f61-3352-4aba-b378-e3d481f0e06c,receipt,ce500b0c-956f-4435-98ea-b92eedd8d718,1a171004-7682-1c39-e6a2-758b668c33b0,"Receipt VISTA/26-27/07/00019 · ₹20,130",pending,null,2026-07-03 06:22:23.6728+00,null
1456d70a-f388-4542-a78a-6473658d10a0,00000000-0000-0000-0000-000000000001,516b0f61-3352-4aba-b378-e3d481f0e06c,receipt,25ffb8d0-74e9-4173-897a-5c40f155a2fd,c2f58086-b0e6-4083-b634-acc444ebc69f,"Receipt VISTA/26-27/07/00001 · ₹37,976",pending,null,2026-07-03 06:22:25.757622+00,null
bdff3328-1fcc-4d90-a010-76cdfa06e574,00000000-0000-0000-0000-000000000001,516b0f61-3352-4aba-b378-e3d481f0e06c,receipt,55db6695-3f9a-4b4e-a803-0cbea067dd51,01af6f97-6cb1-4799-9476-493b8af42437,"Receipt VISTA/26-27/07/00012 · ₹33,750",pending,null,2026-07-03 06:22:27.8219+00,null
029f83c6-e180-4609-b357-a8b34fd511f5,00000000-0000-0000-0000-000000000001,516b0f61-3352-4aba-b378-e3d481f0e06c,receipt,312d321a-9faa-4312-94e9-ae1d2b4226a2,d2de48e8-0097-4d6d-8e3d-62ee7c8f2fcd,"Receipt VISTA/26-27/07/00009 · ₹1,000",pending,null,2026-07-03 06:22:29.807227+00,null
b03de8e8-95b1-47cd-aae7-f65b0085a1b1,00000000-0000-0000-0000-000000000001,516b0f61-3352-4aba-b378-e3d481f0e06c,receipt,b939da19-3869-4fdc-8c24-6746d06182d3,d2de48e8-0097-4d6d-8e3d-62ee7c8f2fcd,"Receipt VISTA/26-27/07/00013 · ₹21,750",pending,null,2026-07-03 06:22:31.81399+00,null
eb51cae5-b704-4cc9-b359-6b3d6904da40,00000000-0000-0000-0000-000000000001,516b0f61-3352-4aba-b378-e3d481f0e06c,receipt,2a4533e7-b3ae-4043-aa4a-8277982549b6,d4890451-59e6-45f4-a75f-b2199aa5a3a7,"Receipt VISTA/26-27/07/00003 · ₹1,000",pending,null,2026-07-03 06:22:33.703908+00,null
03005ef9-3b42-4184-8cc7-198b5d1dadce,00000000-0000-0000-0000-000000000001,516b0f61-3352-4aba-b378-e3d481f0e06c,receipt,bb26e0ad-f90d-4b6d-89b4-5150395c68e4,d4890451-59e6-45f4-a75f-b2199aa5a3a7,"Receipt VISTA/26-27/07/00004 · ₹29,250",pending,null,2026-07-03 06:22:35.85879+00,null
cda18ae7-1c97-4ae6-be00-fb3b1cac139c,00000000-0000-0000-0000-000000000001,516b0f61-3352-4aba-b378-e3d481f0e06c,receipt,7236fd42-b6ea-48a9-806a-999a880cf10f,49355947-7605-ec5f-7d81-a6597f38d76b,"Receipt VISTA/26-27/07/00021 · ₹15,790",pending,null,2026-07-03 06:22:36.091+00,null
0630659f-620c-4095-9f86-9c690de3f820,00000000-0000-0000-0000-000000000001,516b0f61-3352-4aba-b378-e3d481f0e06c,receipt,3758111f-9378-4478-9f3e-471e12cf9c63,41a311d7-b970-4e78-a30e-a633fc4e5f2f,"Receipt VISTA/26-27/07/00008 · ₹23,250",pending,null,2026-07-03 06:22:38.016073+00,null
bd5a2128-ad6f-49ae-9765-c80f28ce266b,00000000-0000-0000-0000-000000000001,516b0f61-3352-4aba-b378-e3d481f0e06c,receipt,c0329746-46b6-4631-9c41-f14fd1e1fdf3,1b1e4294-4ed3-42e4-b820-7c443e8ddfcf,"Receipt VISTA/26-27/07/00011 · ₹38,750",pending,null,2026-07-03 06:22:40.235346+00,null
6bec5a70-82b2-471d-9e4b-955ddc92c47c,00000000-0000-0000-0000-000000000001,516b0f61-3352-4aba-b378-e3d481f0e06c,receipt,9a76705f-eb59-4e1b-a0f7-8539ec414b39,18d86801-3cb7-11d4-8b9d-433429296014,"Receipt VISTA/26-27/07/00015 · ₹17,720",pending,null,2026-07-03 06:22:40.465991+00,null
5ce771ee-111d-439b-adac-3d58cc62fd80,00000000-0000-0000-0000-000000000001,516b0f61-3352-4aba-b378-e3d481f0e06c,receipt,84466056-0413-43f2-b752-798c4bbd446e,9eb73523-a830-4796-9317-1a3f4e9e7254,"Receipt VISTA/26-27/07/00002 · ₹37,976",pending,null,2026-07-03 06:22:42.649017+00,null
732ad86f-9702-40dc-924a-84384749b978,00000000-0000-0000-0000-000000000001,516b0f61-3352-4aba-b378-e3d481f0e06c,receipt,54c549dd-9bec-459a-ba8d-006cc5d90bd7,30f37c32-22c8-495f-9468-246790e56559,"Receipt VISTA/26-27/07/00010 · ₹23,250",pending,null,2026-07-03 06:22:44.632312+00,null
6a7c2828-67da-49ac-8884-f92cf88adf94,00000000-0000-0000-0000-000000000001,516b0f61-3352-4aba-b378-e3d481f0e06c,receipt,b4b1ab37-ce9c-447a-adb1-6d1f574d5b32,ba8dd5e0-ed0e-8b6a-7098-2732476feb31,"Receipt VISTA/26-27/07/00030 · ₹15,640",pending,null,2026-07-03 06:22:44.856053+00,null
297c978a-f6e6-4aff-877b-6e13ee51694c,00000000-0000-0000-0000-000000000001,516b0f61-3352-4aba-b378-e3d481f0e06c,receipt,2f0cfc3e-3399-43c2-82f7-676e1c7834b5,5b45a840-9d6c-242e-0e2f-2e2c972c2eec,"Receipt VISTA/26-27/07/00014 · ₹27,160",pending,null,2026-07-03 06:22:45.115904+00,null
6c275ba9-e66b-473b-9faf-19c49e3f1135,00000000-0000-0000-0000-000000000001,516b0f61-3352-4aba-b378-e3d481f0e06c,receipt,fd479b35-1114-4d50-87d0-5a3f29741f1f,71a9340d-9832-4609-a110-d9b5aaffc020,"Receipt VISTA/26-27/07/00005 · ₹1,000",pending,null,2026-07-03 06:22:47.265584+00,null
4aaf3340-e57b-4d31-9643-546dbeb01b09,00000000-0000-0000-0000-000000000001,516b0f61-3352-4aba-b378-e3d481f0e06c,receipt,a0becffd-438f-453e-a51f-bcd37da18b03,f91c2854-a88b-4630-b2a6-c48401e4dd14,"Receipt VISTA/26-27/07/00018 · ₹22,410",pending,null,2026-07-03 06:22:47.486934+00,null
2c3edbce-6a1c-4cbb-a92f-cb8dcead9903,00000000-0000-0000-0000-000000000001,516b0f61-3352-4aba-b378-e3d481f0e06c,receipt,6b535f5a-f4be-45f6-b2a5-bbf4f88fc124,6770176e-5bc2-4e8a-aeaf-6a7249e266d6,"Receipt VISTA/26-27/07/R00003 · ₹9,613",pending,null,2026-07-03 06:22:49.551996+00,null
2d582568-2230-42f4-9ecb-a4fb6774b674,00000000-0000-0000-0000-000000000001,516b0f61-3352-4aba-b378-e3d481f0e06c,receipt,e8bbbd37-89fe-4abf-bbee-082e0c3abdc8,89d188b4-94a9-2f97-e068-155ed8ec3f5e,"Receipt VISTA/26-27/07/00020 · ₹14,740",pending,null,2026-07-03 06:22:49.777561+00,null
04e1972e-90ba-4150-bf0f-7666cb96cc78,00000000-0000-0000-0000-000000000001,5a4e2f2d-b7c8-4150-af77-0932dbe80ae6,receipt,eeacadff-873b-41f2-9b3b-139850d614a0,2c1980eb-be51-916e-8f61-1e8fe83afb0c,"Receipt VISTA/26-27/07/R00013 · ₹21,825",pending,null,2026-07-03 06:32:22.452612+00,null
b53c2f56-07f0-4586-85cd-c61664762024,00000000-0000-0000-0000-000000000001,5a4e2f2d-b7c8-4150-af77-0932dbe80ae6,receipt,6b917d7a-3142-4d48-a1c6-0a27b397724b,71a9340d-9832-4609-a110-d9b5aaffc020,"Receipt VISTA/26-27/07/00006 · ₹30,217",pending,null,2026-07-03 06:32:22.728929+00,null
b8d0e6d1-a8c6-4438-8072-33b9bf136cd6,00000000-0000-0000-0000-000000000001,5a4e2f2d-b7c8-4150-af77-0932dbe80ae6,receipt,8b13fd3d-7e28-4d55-acdd-ff3e5f4e5806,93eb3d6a-d35b-ef1f-83b8-7430b6ad1674,"Receipt VISTA/26-27/07/00031 · ₹16,060",pending,null,2026-07-03 06:32:22.994877+00,null
d3489338-109b-4a74-a556-7beb65d71ac3,00000000-0000-0000-0000-000000000001,5a4e2f2d-b7c8-4150-af77-0932dbe80ae6,receipt,84e9187d-3a91-4051-8473-3403080aef65,491b8136-32a1-37c5-5253-b53ff3991d86,"Receipt VISTA/26-27/07/00027 · ₹15,530",pending,null,2026-07-03 06:32:23.251288+00,null
97db58da-4df4-4da6-b561-176e4d76cc05,00000000-0000-0000-0000-000000000001,5a4e2f2d-b7c8-4150-af77-0932dbe80ae6,receipt,152a8889-c10e-4fa6-9de2-58bc4c1e3c20,8971261e-a813-477f-94c0-0a9661dc4c34,"Receipt VISTA/26-27/07/00026 · ₹17,720",pending,null,2026-07-03 06:32:23.505158+00,null
4aa2ae76-2dad-45d9-b812-c7b46e236a99,00000000-0000-0000-0000-000000000001,5a4e2f2d-b7c8-4150-af77-0932dbe80ae6,receipt,2deca826-dfe6-4a8a-b7b5-3ce2183e787b,618f174c-7c45-cb54-907b-cacc78483918,"Receipt VISTA/26-27/07/00023 · ₹20,620",pending,null,2026-07-03 06:32:23.778538+00,null
83fc71ac-9bdb-44a4-8629-089e6f41193f,00000000-0000-0000-0000-000000000001,5a4e2f2d-b7c8-4150-af77-0932dbe80ae6,receipt,8d5c7d83-53ad-4d9a-acd9-0c65cbae3fad,38305983-db92-2c3c-7949-96f7ca7833eb,"Receipt VISTA/26-27/07/00028 · ₹21,300",pending,null,2026-07-03 06:32:24.011541+00,null
2571580c-3035-4adc-a41b-b1e33e7645ed,00000000-0000-0000-0000-000000000001,5a4e2f2d-b7c8-4150-af77-0932dbe80ae6,receipt,d5ae3355-40cb-4d91-a529-13ecbfee9247,a4ef95bf-1c7c-4c4d-0497-ae38085af6cc,"Receipt VISTA/26-27/07/00024 · ₹21,060",pending,null,2026-07-03 06:32:24.298302+00,null
9435c980-ce25-4b6e-ac6b-50830f81ec73,00000000-0000-0000-0000-000000000001,5a4e2f2d-b7c8-4150-af77-0932dbe80ae6,receipt,4a630f64-c80d-412e-b005-7915be0d324a,e17238d1-34ce-0cbb-4dc0-f65e60ff52f7,"Receipt VISTA/26-27/07/00022 · ₹21,630",pending,null,2026-07-03 06:32:24.552855+00,null
941b610e-60e0-4b37-9eb0-0aed1bc3c44d,00000000-0000-0000-0000-000000000001,5a4e2f2d-b7c8-4150-af77-0932dbe80ae6,receipt,9297fbad-bc6b-4f86-abce-ab092cd953e6,d497808b-36e2-ea42-d247-85b4e409078c,"Receipt VISTA/26-27/07/00025 · ₹17,450",pending,null,2026-07-03 06:32:24.792021+00,null
ffcc5d03-3e60-4108-8288-039d4c55009b,00000000-0000-0000-0000-000000000001,5a4e2f2d-b7c8-4150-af77-0932dbe80ae6,receipt,eca00352-a732-4712-b04a-df7a52f4bc41,3b02f95a-b47e-1037-4f8a-f2f31e35c98e,"Receipt VISTA/26-27/07/00029 · ₹13,179",pending,null,2026-07-03 06:32:25.030474+00,null
ce1eb1e6-c22b-47c2-ad74-34f381f7ba16,00000000-0000-0000-0000-000000000001,5a4e2f2d-b7c8-4150-af77-0932dbe80ae6,receipt,c4ff0dee-e4ce-451b-8842-5466eef15ffe,79d4d3fe-73c5-a965-030f-c60220ee20cb,"Receipt VISTA/26-27/07/00017 · ₹15,790",pending,null,2026-07-03 06:32:25.272902+00,null
127de306-ce67-49aa-bffc-4d1877598a23,00000000-0000-0000-0000-000000000001,5a4e2f2d-b7c8-4150-af77-0932dbe80ae6,receipt,6bb165df-ae6f-4358-9770-3fa7d4f5bd02,a7dadee2-80e3-eba0-084f-5f1847bb3aa4,"Receipt VISTA/26-27/07/00016 · ₹27,150",pending,null,2026-07-03 06:32:25.547115+00,null
61cbe6a7-87c0-419c-b3e7-705ed7997e2c,00000000-0000-0000-0000-000000000001,5a4e2f2d-b7c8-4150-af77-0932dbe80ae6,receipt,ce500b0c-956f-4435-98ea-b92eedd8d718,1a171004-7682-1c39-e6a2-758b668c33b0,"Receipt VISTA/26-27/07/00019 · ₹20,130",pending,null,2026-07-03 06:32:25.817296+00,null
2c9c7d56-5abe-4830-9c14-c91d7a882ae9,00000000-0000-0000-0000-000000000001,5a4e2f2d-b7c8-4150-af77-0932dbe80ae6,receipt,25ffb8d0-74e9-4173-897a-5c40f155a2fd,c2f58086-b0e6-4083-b634-acc444ebc69f,"Receipt VISTA/26-27/07/00001 · ₹37,976",pending,null,2026-07-03 06:32:26.723901+00,null
e66cfa8b-8392-4551-959f-5c9292a8039b,00000000-0000-0000-0000-000000000001,5a4e2f2d-b7c8-4150-af77-0932dbe80ae6,receipt,55db6695-3f9a-4b4e-a803-0cbea067dd51,01af6f97-6cb1-4799-9476-493b8af42437,"Receipt VISTA/26-27/07/00012 · ₹33,750",pending,null,2026-07-03 06:32:26.987263+00,null
d720d5a4-f291-451c-a159-accfd1d26b66,00000000-0000-0000-0000-000000000001,5a4e2f2d-b7c8-4150-af77-0932dbe80ae6,receipt,312d321a-9faa-4312-94e9-ae1d2b4226a2,d2de48e8-0097-4d6d-8e3d-62ee7c8f2fcd,"Receipt VISTA/26-27/07/00009 · ₹1,000",pending,null,2026-07-03 06:32:27.268713+00,null
d69bb57d-0313-4cc6-801a-aef60f64b436,00000000-0000-0000-0000-000000000001,5a4e2f2d-b7c8-4150-af77-0932dbe80ae6,receipt,b939da19-3869-4fdc-8c24-6746d06182d3,d2de48e8-0097-4d6d-8e3d-62ee7c8f2fcd,"Receipt VISTA/26-27/07/00013 · ₹21,750",pending,null,2026-07-03 06:32:27.531289+00,null
86552f5f-b6bf-41aa-bb53-37fbdb6abe79,00000000-0000-0000-0000-000000000001,5a4e2f2d-b7c8-4150-af77-0932dbe80ae6,receipt,2a4533e7-b3ae-4043-aa4a-8277982549b6,d4890451-59e6-45f4-a75f-b2199aa5a3a7,"Receipt VISTA/26-27/07/00003 · ₹1,000",pending,null,2026-07-03 06:32:27.773342+00,null
b7806d61-59bd-4b5b-97c7-ffd178a079bb,00000000-0000-0000-0000-000000000001,5a4e2f2d-b7c8-4150-af77-0932dbe80ae6,receipt,bb26e0ad-f90d-4b6d-89b4-5150395c68e4,d4890451-59e6-45f4-a75f-b2199aa5a3a7,"Receipt VISTA/26-27/07/00004 · ₹29,250",pending,null,2026-07-03 06:32:28.114068+00,null
bf3e47ff-f995-4760-9e63-8bf9239aa1e7,00000000-0000-0000-0000-000000000001,5a4e2f2d-b7c8-4150-af77-0932dbe80ae6,receipt,7236fd42-b6ea-48a9-806a-999a880cf10f,49355947-7605-ec5f-7d81-a6597f38d76b,"Receipt VISTA/26-27/07/00021 · ₹15,790",pending,null,2026-07-03 06:32:28.362389+00,null
242f5b63-05c9-4a6d-8882-55f59fbd1476,00000000-0000-0000-0000-000000000001,5a4e2f2d-b7c8-4150-af77-0932dbe80ae6,receipt,3758111f-9378-4478-9f3e-471e12cf9c63,41a311d7-b970-4e78-a30e-a633fc4e5f2f,"Receipt VISTA/26-27/07/00008 · ₹23,250",pending,null,2026-07-03 06:32:28.835644+00,null
73bbd819-fab5-4d7e-b0fb-b4ac75ed9b92,00000000-0000-0000-0000-000000000001,5a4e2f2d-b7c8-4150-af77-0932dbe80ae6,receipt,c0329746-46b6-4631-9c41-f14fd1e1fdf3,1b1e4294-4ed3-42e4-b820-7c443e8ddfcf,"Receipt VISTA/26-27/07/00011 · ₹38,750",pending,null,2026-07-03 06:32:29.062232+00,null
4b269f2c-8095-45ac-8692-8ed0731c0ec5,00000000-0000-0000-0000-000000000001,5a4e2f2d-b7c8-4150-af77-0932dbe80ae6,receipt,9a76705f-eb59-4e1b-a0f7-8539ec414b39,18d86801-3cb7-11d4-8b9d-433429296014,"Receipt VISTA/26-27/07/00015 · ₹17,720",pending,null,2026-07-03 06:32:29.283143+00,null
80a2e8e6-07e1-4afe-9a6c-0e308c1830dd,00000000-0000-0000-0000-000000000001,5a4e2f2d-b7c8-4150-af77-0932dbe80ae6,receipt,84466056-0413-43f2-b752-798c4bbd446e,9eb73523-a830-4796-9317-1a3f4e9e7254,"Receipt VISTA/26-27/07/00002 · ₹37,976",pending,null,2026-07-03 06:32:29.503728+00,null
07e2c398-529b-4e34-ba76-5fb541c7c738,00000000-0000-0000-0000-000000000001,5a4e2f2d-b7c8-4150-af77-0932dbe80ae6,receipt,54c549dd-9bec-459a-ba8d-006cc5d90bd7,30f37c32-22c8-495f-9468-246790e56559,"Receipt VISTA/26-27/07/00010 · ₹23,250",pending,null,2026-07-03 06:32:29.73464+00,null
7d45ad8c-6812-4bf3-bcbe-f0c459999369,00000000-0000-0000-0000-000000000001,5a4e2f2d-b7c8-4150-af77-0932dbe80ae6,receipt,b4b1ab37-ce9c-447a-adb1-6d1f574d5b32,ba8dd5e0-ed0e-8b6a-7098-2732476feb31,"Receipt VISTA/26-27/07/00030 · ₹15,640",pending,null,2026-07-03 06:32:29.986489+00,null
426df93b-2b42-416b-8264-6b7a29b722b7,00000000-0000-0000-0000-000000000001,5a4e2f2d-b7c8-4150-af77-0932dbe80ae6,receipt,2f0cfc3e-3399-43c2-82f7-676e1c7834b5,5b45a840-9d6c-242e-0e2f-2e2c972c2eec,"Receipt VISTA/26-27/07/00014 · ₹27,160",pending,null,2026-07-03 06:32:30.214278+00,null
32f8c920-68a2-4c03-ad36-555553055bf8,00000000-0000-0000-0000-000000000001,5a4e2f2d-b7c8-4150-af77-0932dbe80ae6,receipt,fd479b35-1114-4d50-87d0-5a3f29741f1f,71a9340d-9832-4609-a110-d9b5aaffc020,"Receipt VISTA/26-27/07/00005 · ₹1,000",pending,null,2026-07-03 06:32:30.455247+00,null
c985e06f-7c2a-480c-86d5-f66dd2b193ba,00000000-0000-0000-0000-000000000001,5a4e2f2d-b7c8-4150-af77-0932dbe80ae6,receipt,a0becffd-438f-453e-a51f-bcd37da18b03,f91c2854-a88b-4630-b2a6-c48401e4dd14,"Receipt VISTA/26-27/07/00018 · ₹22,410",pending,null,2026-07-03 06:32:30.679259+00,null
779ba511-9f24-4f4c-b3da-d19ca54c1900,00000000-0000-0000-0000-000000000001,5a4e2f2d-b7c8-4150-af77-0932dbe80ae6,receipt,6b535f5a-f4be-45f6-b2a5-bbf4f88fc124,6770176e-5bc2-4e8a-aeaf-6a7249e266d6,"Receipt VISTA/26-27/07/R00003 · ₹9,613",pending,null,2026-07-03 06:32:30.908215+00,null
add194f1-3a97-49c9-9e1d-ac4194265490,00000000-0000-0000-0000-000000000001,5a4e2f2d-b7c8-4150-af77-0932dbe80ae6,receipt,e8bbbd37-89fe-4abf-bbee-082e0c3abdc8,89d188b4-94a9-2f97-e068-155ed8ec3f5e,"Receipt VISTA/26-27/07/00020 · ₹14,740",pending,null,2026-07-03 06:32:31.137822+00,null
839b305d-a16b-417c-a180-c0d6cdb8b607,00000000-0000-0000-0000-000000000001,44ad0554-4d40-4335-8df0-873af0e35ba8,invoice,432f067a-4fd0-4d0b-a2b3-584f1734a302,284ce00f-b05a-4366-9117-bf73f7449a76,Invoice VISTA/26-27/07/00008 · 2026-07,sent,null,2026-07-03 07:50:56.860668+00,2026-07-03 07:51:03.489+00
bf5bd76a-c478-4ce6-97a6-49bd3d9a4c7f,00000000-0000-0000-0000-000000000001,1fd9a165-7854-48b5-81fd-9bf3f1f419b4,invoice,5c7fa873-7b1f-48d0-9298-8115015fc2e7,8996897f-e383-4fca-87f9-654e1b14b3c2,Invoice VISTA/26-27/07/00021 · 2026-07,sent,null,2026-07-06 08:13:43.766649+00,2026-07-06 08:13:48.969+00
2183fa47-0f10-4d11-8773-9cfe07545725,00000000-0000-0000-0000-000000000001,00afe82f-30dd-41c6-ab45-de0f34eeaac9,invoice,3c2947f9-9dee-4285-8aa8-6011ca8a8677,b6263381-5732-4544-952b-edde50fdfc28,Invoice VISTA/26-27/07/00025 · 2026-07,sent,null,2026-07-06 08:14:39.982077+00,2026-07-06 08:14:44.341+00
f7c7b1b6-39a2-4021-b221-69bd37bcb055,00000000-0000-0000-0000-000000000001,696ad5ff-0a68-4ab8-83c2-ee2da4e79674,invoice,431ff227-f2dc-40d1-9d6f-805121b9353a,b2f85d5d-acf9-7c53-dc5b-0d3b67b462c5,Invoice VISTA/26-27/07/00066 · 2026-07,sent,null,2026-07-07 07:02:49.33111+00,2026-07-07 07:02:56.558+00
21ca7578-6bb6-4669-85c7-81167c7080be,00000000-0000-0000-0000-000000000001,a969cc40-abf2-49a3-9529-ba5b92b41c15,invoice,230268ae-232b-479b-8590-d8ab6c46c605,06061874-ce68-4008-82f6-50ace2ba4bf4,Invoice VISTA/26-27/07/00005 · 2026-07,sent,null,2026-07-07 07:04:05.112893+00,2026-07-07 07:04:10.714+00
ad87800d-0ae8-4404-a79d-98ec43099b7e,00000000-0000-0000-0000-000000000001,2c060e5f-70d2-4920-920c-56549cd42bd0,invoice,3fa6f134-7bf0-4c45-ae60-31e218a290c2,890b32d9-f754-8150-5a18-8a21fcdf3828,Invoice VISTA/26-27/07/00095 · 2026-07,sent,null,2026-07-07 07:13:56.083503+00,2026-07-07 07:14:00.555+00
27f59fbe-8460-41f5-8a21-0c2cd35cf3ed,00000000-0000-0000-0000-000000000001,1c4c5163-5353-4f13-8a2c-cee315bf5b08,receipt,eeacadff-873b-41f2-9b3b-139850d614a0,2c1980eb-be51-916e-8f61-1e8fe83afb0c,"Receipt VISTA/26-27/07/R00013 · ₹21,825",sent,null,2026-07-07 13:08:11.469619+00,2026-07-07 13:08:16.383+00
cb6a9938-553a-4275-9e30-bee6043092f1,00000000-0000-0000-0000-000000000001,697df00a-da2d-4338-8f0b-5eee62c628fc,receipt,8a30e606-4d11-429a-af9f-387d913135ed,062b56c4-c469-4ef7-b4e6-9615dd770ec9,"Receipt VISTA/26-27/07/00039 · ₹17,516",sent,null,2026-07-08 10:32:31.220346+00,2026-07-08 10:32:35.939+00
7c636ccd-4f40-4e2f-b14c-908f51c3f586,00000000-0000-0000-0000-000000000001,5d2f44c7-19b5-4ca2-8250-742691525b4a,receipt,bfb74bfc-c80e-4ea2-9a98-d73fe1bb362e,d77b5c1e-605d-6795-5eee-1e2f9b83e069,"Receipt VISTA/26-27/07/00040 · ₹17,450",sent,null,2026-07-08 10:33:06.406282+00,2026-07-08 10:33:11.292+00
deae1456-10c7-4169-bc78-6e6127c8bacd,00000000-0000-0000-0000-000000000001,d25088e0-1a8d-4a02-bbf2-49242393071f,receipt,fd84fc24-973e-414a-ba1f-4ba60b0f34f9,a467df39-5ec5-465e-a471-e2b54be7bc71,"Receipt VISTA/26-27/07/00041 · ₹13,500",sent,null,2026-07-08 10:33:37.975207+00,2026-07-08 10:33:41.464+00
402c9726-994f-447d-a5b4-8c97ffde6e32,00000000-0000-0000-0000-000000000001,370ecef1-5926-433d-a853-fd7d5e57bd45,receipt,6f8d18fa-3718-4f45-8625-db1c923b94d9,890b32d9-f754-8150-5a18-8a21fcdf3828,"Receipt VISTA/26-27/07/00042 · ₹26,830",sent,null,2026-07-08 10:34:13.156238+00,2026-07-08 10:34:16.928+00
ab3b2d7f-bf0b-4e66-815c-21a227562dc3,00000000-0000-0000-0000-000000000001,114122fb-3c41-4d27-b48a-b40b92275305,receipt,f5d17baa-7951-4f8f-abd4-d8147b586317,146a8458-f956-54ed-317f-b99f7d16fff8,"Receipt VISTA/26-27/07/00043 · ₹17,150",sent,null,2026-07-08 10:34:55.163706+00,2026-07-08 10:34:59.266+00
56adc7e8-6d84-4e3b-bda1-462ab6705069,00000000-0000-0000-0000-000000000001,0d933db2-fcbc-4617-9f68-b156db1d05fc,receipt,9b6b04ef-95a0-4358-bc87-f00e97a2da22,c511ac63-cb7e-1453-92d5-ea4ffba1c360,"Receipt VISTA/26-27/07/00044 · ₹1,231",sent,null,2026-07-08 10:35:22.26845+00,2026-07-08 10:35:27.749+00
69c90820-77b1-4635-af2b-0ca38bb1ab38,00000000-0000-0000-0000-000000000001,8eb7c9bc-bcdc-421a-a396-ae169135add3,receipt,6ff111e7-e703-4f27-9945-5b33610531be,122c395f-56fd-4482-fe33-7fa3c3cd30b5,"Receipt VISTA/26-27/07/00045 · ₹11,453",sent,null,2026-07-08 10:36:10.008462+00,2026-07-08 10:36:14.391+00
680a6df7-d3d7-45d5-a434-abffc66bfebe,00000000-0000-0000-0000-000000000001,4d479bbe-8bea-4b4f-9742-93ada2a5e94c,receipt,a2f668b0-ee29-41df-8b3b-b43d6d3a2187,51c3d3a9-bfa0-4a8e-a687-3ef46bc022cc,"Receipt VISTA/26-27/07/00046 · ₹16,720",sent,null,2026-07-08 10:36:44.824914+00,2026-07-08 10:36:50.685+00
2cf37665-acd7-479f-af51-9fda6a735152,00000000-0000-0000-0000-000000000001,1cdf95e4-9cfd-45e3-9663-0f7baafc18ac,receipt,fce2846d-fc4d-4e56-9775-6da57777d7dd,854c86e3-8b7f-0ca8-f4ac-c6a073699611,"Receipt VISTA/26-27/07/00047 · ₹22,290",sent,null,2026-07-08 10:37:38.990319+00,2026-07-08 10:37:42.904+00
8cb1ecd9-c282-4a2a-8a5e-fbf6f29592ca,00000000-0000-0000-0000-000000000001,e456e101-45d6-483a-95ed-43943e6af715,receipt,4eef166d-9db6-4acc-8801-74046c5abada,733dd472-3b1e-dd43-76e5-082ddfe66c5b,"Receipt VISTA/26-27/07/00048 · ₹17,330",sent,null,2026-07-08 10:39:19.371337+00,2026-07-08 10:39:23.833+00
0895c327-62a3-469c-9e0c-3b78ea408397,00000000-0000-0000-0000-000000000001,555f4461-a64b-4d5a-851f-1e2edd1971a8,receipt,33b9c88f-c37e-4d3b-a425-6cbee125f623,9e188cc2-9f75-4d15-8fa3-9348236cae71,"Receipt VISTA/26-27/07/00049 · ₹17,290",sent,null,2026-07-08 10:39:49.102927+00,2026-07-08 10:39:53.17+00
9b5d05f0-96ec-4568-a441-dadd88b55d94,00000000-0000-0000-0000-000000000001,f8c9a050-3685-4718-9651-9c0bb7f04ead,receipt,640ec9bf-2172-4ce6-b2d1-2ca37065a1fb,a6037691-771e-8146-3714-f9dedb8acbcc,"Receipt VISTA/26-27/07/00052 · ₹16,690",sent,null,2026-07-09 06:43:48.610644+00,2026-07-09 06:43:54.543+00
d7eddbb0-65dd-4fd2-9950-c7f59ab58dc7,00000000-0000-0000-0000-000000000001,0d0da44f-aa86-49af-8138-b0e098aac191,receipt,91441c27-c271-4a7b-af0a-0a6621fd3f8c,d751c131-c1c9-4f5c-88f8-7e4c6cb710b3,"Receipt VISTA/26-27/07/00053 · ₹16,990",sent,null,2026-07-10 06:34:10.367118+00,2026-07-10 06:34:16.671+00
7b231285-4503-4526-b199-f3234cf1c8b1,00000000-0000-0000-0000-000000000001,42af8d1f-b372-4971-90b0-7f59054bcdfa,receipt,332a4a7b-6bd0-41d4-80cb-f6ea2891e1b7,9541a16d-d020-eb78-80f1-a4a2d4b7775f,"Receipt VISTA/26-27/07/00055 · ₹27,030",sent,null,2026-07-10 11:57:48.128333+00,2026-07-10 11:57:53.824+00
4f1289fb-5f8f-4b13-96fe-541dcc9792a5,00000000-0000-0000-0000-000000000001,0518c4ee-775a-4d0f-ad8b-e1e7ca569f85,receipt,daba29b5-1f1a-4b13-b511-dbf859ee5286,19214e19-efc4-4eea-8118-944c998e3ab6,"Receipt VISTA/26-27/07/00056 · ₹21,043",sent,null,2026-07-10 11:58:39.399258+00,2026-07-10 11:58:44.54+00
839b1eb4-d580-4e72-ae1b-c8d25e395ba7,00000000-0000-0000-0000-000000000001,fd34f37f-151a-4670-bdc7-f9e986153e37,receipt,5bc7798a-8ada-4959-a5f0-ed66eb7bcdae,f9eb9b23-5f60-4ec4-b990-8313323bb759,"Receipt VISTA/26-27/07/00057 · ₹16,810",sent,null,2026-07-10 11:58:51.408213+00,2026-07-10 11:58:55.209+00
dc0dc8a4-8d8d-49f5-b04b-8b56d0538e02,00000000-0000-0000-0000-000000000001,ba4dab36-128c-4528-bc15-5c5562556a70,receipt,7d37175f-94be-4d96-9429-6a4a4d5e4d8d,c02eb961-2471-c285-9c28-fb9a12aaf70a,"Receipt VISTA/26-27/07/00058 · ₹21,360",sent,null,2026-07-10 11:59:01.248057+00,2026-07-10 11:59:05.279+00
6a859b65-4054-4a08-bc18-f2f2299d240c,00000000-0000-0000-0000-000000000001,174624e2-ad87-49b9-980b-9a0e9eb58811,receipt,5bc7fb01-9a01-4dea-90ef-62155885cc73,c09e703c-d287-38c8-d1c1-239145e17df9,"Receipt VISTA/26-27/07/00059 · ₹17,150",sent,null,2026-07-10 11:59:13.948002+00,2026-07-10 11:59:17.586+00
9be24641-e195-4657-b3fc-eaece48deaf0,00000000-0000-0000-0000-000000000001,0f597abf-af84-422b-aa81-58589fc20d3b,receipt,bea82f38-a1b2-44a8-a088-6dee183e6dcc,284ce00f-b05a-4366-9117-bf73f7449a76,"Receipt VISTA/26-27/07/00060 · ₹13,828",sent,null,2026-07-10 11:59:31.861801+00,2026-07-10 11:59:37.604+00
83b14d30-4fdf-4ae3-b01b-4026c9100bdd,00000000-0000-0000-0000-000000000001,60dd2520-a454-44c0-95a7-9a226a3d91d1,receipt,5ee0d3d6-c75f-43bb-a223-7010eaab05ad,bcf8ffc1-fd5c-f6ab-0453-7a73c73786dd,"Receipt VISTA/26-27/07/00061 · ₹17,330",sent,null,2026-07-10 11:59:48.975321+00,2026-07-10 11:59:53.214+00
e73a66a4-f686-4951-a9ec-2bee9b5e20a1,00000000-0000-0000-0000-000000000001,5281b9d9-c455-4ebb-aa60-8fa1549f21c9,receipt,796b740b-81b0-409e-94c5-266ee6cc19dd,b19dfc6c-a5d5-734c-3d3d-6389c281b3bb,"Receipt VISTA/26-27/07/00062 · ₹17,780",sent,null,2026-07-10 12:00:00.969833+00,2026-07-10 12:00:07.301+00
ed45327f-b2fa-46a5-8129-c67114f644b6,00000000-0000-0000-0000-000000000001,9135a13c-457e-4895-b383-1006acd03913,receipt,a437bd3b-c5a4-4b2e-8b32-057a0b8d8b07,f59fa4ad-6dca-c7e7-d459-5326609a6412,"Receipt VISTA/26-27/07/00063 · ₹17,300",sent,null,2026-07-10 12:00:16.527256+00,2026-07-10 12:00:21.492+00
316aa21b-34af-4aa4-a663-fba689de24ce,00000000-0000-0000-0000-000000000001,6a2ce091-4240-4fee-8bfc-9a0c9ae027a0,receipt,5fafbb0f-4769-4270-b69f-c9b5755ee93a,21e237d1-286e-324e-0cef-45725d629768,"Receipt VISTA/26-27/07/00064 · ₹17,990",sent,null,2026-07-10 12:00:51.016671+00,2026-07-10 12:00:57.588+00
43b330e3-2aa9-4663-bf36-7b7d604d9f99,00000000-0000-0000-0000-000000000001,73334847-fca6-4c8f-b980-1c10ddd834b2,receipt,878246b6-4003-489f-8bf7-0053441f6fef,9653a402-ff75-bbdf-8cc6-1cb0ca01f233,"Receipt VISTA/26-27/07/00065 · ₹16,450",sent,null,2026-07-11 05:55:51.458913+00,2026-07-11 05:55:56.976+00
b3958574-5299-4c47-997e-697de198b4a2,00000000-0000-0000-0000-000000000001,a544cd35-48f2-4c48-a6fe-18efb937f1c7,receipt,bf65d6e7-337f-4fa3-bae1-a7d3317af36e,1287ac56-adee-78b5-6a6b-56b3e8dd7d48,"Receipt VISTA/26-27/07/00066 · ₹15,910",sent,null,2026-07-11 05:57:52.053212+00,2026-07-11 05:57:55.768+00
271b5543-b25e-488f-9bc1-c3bfc89d6cb5,00000000-0000-0000-0000-000000000001,aba41c9e-624f-4909-9deb-f615f7e81c57,receipt,f18c687a-6abe-4026-9b46-bc47d666a143,83af11b3-a274-7404-3265-ec658f74f8cf,"Receipt VISTA/26-27/07/00067 · ₹16,690",sent,null,2026-07-11 05:59:34.691656+00,2026-07-11 05:59:39.562+00
84c5c46e-3e99-4e66-bda2-3613e80b256d,00000000-0000-0000-0000-000000000001,63a62cb8-a72f-4230-bf2c-373affc04a39,receipt,1ceadfe7-34c7-4822-90f6-24ab70a24677,3b27dc97-dafa-0480-7b61-5549a3ea7eee,"Receipt VISTA/26-27/07/00068 · ₹11,866",sent,null,2026-07-11 06:26:16.094709+00,2026-07-11 06:26:22.847+00
64508f04-0cea-4bcd-9fa6-dfc64d0064a0,00000000-0000-0000-0000-000000000001,76b6b9b4-c900-4763-9791-6217043e1f9e,receipt,c9512d03-2a8d-433c-a55d-cc8b77c22fc4,c511ac63-cb7e-1453-92d5-ea4ffba1c360,"Receipt VISTA/26-27/07/00069 · ₹30,187",sent,null,2026-07-11 08:08:02.741123+00,2026-07-11 08:08:07.993+00
3254dc8f-6be5-4c9d-b344-eedf98c048f6,00000000-0000-0000-0000-000000000001,22edbf12-dc3d-4003-9ee4-06b5b3cbcd04,invoice,c749a0a4-afdf-4b0a-b463-9e16909be734,5eb9cf08-d888-4c7c-b6da-0b773bb39bba,Invoice VISTA/26-27/07/00182 · 2026-07,sent,null,2026-07-11 11:43:46.606636+00,2026-07-11 11:43:52.055+00
3d6b93b7-8ff7-4f2c-8b3d-2e7848e116a2,00000000-0000-0000-0000-000000000001,87f69b38-7c53-4918-b129-5f51260ce270,invoice,cb30312a-7f8b-49ec-8dce-48f4e34bb8ad,61492721-611b-479f-9815-e09e0d7c95fd,Invoice VISTA/26-27/07/00187 · 2026-07,sent,null,2026-07-11 11:44:29.416675+00,2026-07-11 11:44:35.432+00
5ac170c9-22c9-4caa-95ab-ad2974e63c12,00000000-0000-0000-0000-000000000001,5777881f-c4ed-4365-9f2b-b5d8b9b4187c,invoice,2b95eb32-436b-461d-8dff-4ce7d45f69ed,1604768e-85d5-4c44-882a-b748eddc1f37,Invoice VISTA/26-27/07/00002 · 2026-07,sent,null,2026-07-13 05:40:25.483044+00,2026-07-13 05:40:32.062+00
f88d5ac6-da8c-4bad-a2de-1c58a718776d,00000000-0000-0000-0000-000000000001,4fc2562b-71e7-48b7-9abf-86a27376d2f1,invoice,ede71c47-8321-49b7-93ca-b0c4c7687848,2a00764b-10fd-4f2c-84a8-b611cf9b893a,Invoice VISTA/26-27/07/00003 · 2026-07,sent,null,2026-07-13 05:44:26.941721+00,2026-07-13 05:44:32.201+00
f8f55239-241a-4fbf-9c71-505929166985,00000000-0000-0000-0000-000000000001,fdf89f53-e0be-4118-a883-2cbce670aec8,invoice,0f0bf387-a2cd-4f2f-91b0-8e8645621db2,1fc0c3bb-f35c-8d5d-a4fa-a9c1723cd8ab,Invoice VISTA/26-27/07/00071 · 2026-07,sent,null,2026-07-13 05:44:40.805078+00,2026-07-13 05:44:45.23+00
735a3c66-8841-4a13-bca5-6359560a3399,00000000-0000-0000-0000-000000000001,a84d8ede-d247-446d-803d-5a36392486aa,invoice,068da225-2fa2-43bb-b02a-ecbcee03ce01,d225973a-f437-d98e-4e24-0fb32a7bfbe8,Invoice VISTA/26-27/07/00170 · 2026-07,sent,null,2026-07-13 06:03:03.424723+00,2026-07-13 06:03:08.217+00
bd31cc11-f6b9-4fed-8fd9-922bc60f6461,00000000-0000-0000-0000-000000000001,4f99e714-9386-417d-9902-17e428a65b01,invoice,e350da71-d30a-430d-963c-df9455611345,2794ccf7-4966-f00d-35d6-34ac17db73ea,Invoice VISTA/26-27/07/00173 · 2026-07,sent,null,2026-07-13 06:03:05.754542+00,2026-07-13 06:03:11.161+00
bdac1f6e-f7de-4a10-ba34-e78e70e78056,00000000-0000-0000-0000-000000000001,4f99e714-9386-417d-9902-17e428a65b01,invoice,068da225-2fa2-43bb-b02a-ecbcee03ce01,d225973a-f437-d98e-4e24-0fb32a7bfbe8,Invoice VISTA/26-27/07/00170 · 2026-07,sent,null,2026-07-13 06:03:06.956545+00,2026-07-13 06:03:15.505+00
f763bd5a-811d-40d6-aa85-e5647d78e2d4,00000000-0000-0000-0000-000000000001,5cbf2e5f-ec27-4d18-8bf6-959970ece8f4,invoice,0d30c337-1686-4d57-81d3-f3afe3879e8e,2c1980eb-be51-916e-8f61-1e8fe83afb0c,Invoice VISTA/26-27/07/00103 · 2026-07,sent,null,2026-07-13 06:03:51.869661+00,2026-07-13 06:03:55.024+00
53f2fb48-9f4d-4366-be8c-67ae7c283821,00000000-0000-0000-0000-000000000001,fe979d57-c553-4353-be18-0e7b404df7cf,invoice,0d30c337-1686-4d57-81d3-f3afe3879e8e,2c1980eb-be51-916e-8f61-1e8fe83afb0c,Invoice VISTA/26-27/07/00103 · 2026-07,sent,null,2026-07-13 06:04:19.87241+00,2026-07-13 06:04:24.613+00
e9f48eec-1bda-4077-a7e5-202c794c6fa2,00000000-0000-0000-0000-000000000001,f57aa4c8-e791-4930-9dfa-467aefba7256,invoice,acb26317-17c8-4413-8fa2-932b4cfc9779,2d700a6b-44c4-438b-841f-febe1b2c47a7,Invoice VISTA/26-27/07/00179 · 2026-07,sent,null,2026-07-13 06:04:25.437642+00,2026-07-13 06:04:31.05+00
e0069d77-3670-43e0-a62d-70a4435bfa1c,00000000-0000-0000-0000-000000000001,e92f81c2-c0d8-4c4e-abbe-768657c588a9,receipt,b69f85a6-a04a-41ca-8cf1-7caccd54799c,71a9340d-9832-4609-a110-d9b5aaffc020,Receipt VISTA/26-27/07/00071 · ₹100,sent,null,2026-07-13 07:18:49.49761+00,2026-07-13 07:18:54.688+00
70ae22a1-6ba6-4c60-b355-1c541c3eca15,00000000-0000-0000-0000-000000000001,df4a5da1-16f2-48ec-a420-a56b10eec731,receipt,77de339a-5975-401b-8980-6ec75c448ef7,71a9340d-9832-4609-a110-d9b5aaffc020,"Receipt VISTA/26-27/07/00072 · ₹19,500",sent,null,2026-07-13 07:18:54.356376+00,2026-07-13 07:18:59.042+00
93494390-3d1e-4c14-8691-26842dd3a83c,00000000-0000-0000-0000-000000000001,df6f0597-0c68-45c4-9939-5daddfa8fbd9,receipt,f72b4d80-0e41-40d8-bb0b-7335e44c42fd,1fc0c3bb-f35c-8d5d-a4fa-a9c1723cd8ab,"Receipt VISTA/26-27/07/00073 · ₹15,910",sent,null,2026-07-13 07:20:46.319577+00,2026-07-13 07:20:51.043+00
d9b97d0b-349d-4237-ae73-309749e1f407,00000000-0000-0000-0000-000000000001,d03e6c3b-5376-48c1-9fd4-ab94c5c97828,invoice,cb30312a-7f8b-49ec-8dce-48f4e34bb8ad,61492721-611b-479f-9815-e09e0d7c95fd,Invoice VISTA/26-27/07/00187 · 2026-07,sent,null,2026-07-13 08:25:36.86798+00,2026-07-13 08:25:43.286+00
9dc84f8c-5d76-4ae4-8665-b365547bf41d,00000000-0000-0000-0000-000000000001,6b65afa9-b971-4b16-baf9-449a0dcf41f9,receipt,70d669f3-0d2d-4149-83ff-98c4d2158923,1604768e-85d5-4c44-882a-b748eddc1f37,"Receipt VISTA/26-27/07/00075 · ₹14,686",sent,null,2026-07-14 07:33:43.110208+00,2026-07-14 07:33:52.384+00
626cdfe8-0505-4f80-85a6-1ceaeb9ce6dc,00000000-0000-0000-0000-000000000001,aad42602-e11f-4110-9506-84462051a833,receipt,b2cad534-28d3-4c1b-b8a1-ec0ce1c85b12,3b27dc97-dafa-0480-7b61-5549a3ea7eee,"Receipt VISTA/26-27/07/00076 · ₹5,372",sent,null,2026-07-14 07:34:20.184467+00,2026-07-14 07:34:26.084+00
d0b1fda1-62ec-493f-baf5-9de39d69dfb4,00000000-0000-0000-0000-000000000001,d8537369-a4de-477f-afa9-59ff0eb4b686,receipt,c94ab01d-c5ab-4d16-b641-4f793826cf5f,73715344-908a-b7fa-00cc-34358ffb16f0,"Receipt VISTA/26-27/07/00077 · ₹17,360",sent,null,2026-07-14 07:35:04.282747+00,2026-07-14 07:35:08.885+00
0d2b5cbf-c42b-4b8e-a008-192e411cdf19,00000000-0000-0000-0000-000000000001,792e7b32-ac30-413e-867e-7908de2d6d2a,receipt,ca137d8c-cf21-4534-ae89-88992a46ed5c,080eae03-9f65-4515-aec2-8924472923dd,"Receipt VISTA/26-27/07/00078 · ₹21,720",sent,null,2026-07-14 07:35:31.100438+00,2026-07-14 07:35:35.811+00
acc6c7bd-6c1e-454b-a827-ee130439ffaf,00000000-0000-0000-0000-000000000001,ceb19f8a-5dbc-4271-b3d3-e62c65045f78,receipt,f40a74f6-59ea-4ec9-b3a2-17b81c0f6253,82be44de-b1d6-4e48-e6bb-33ec98b83c7d,"Receipt VISTA/26-27/07/00079 · ₹16,070",sent,null,2026-07-14 07:36:21.356512+00,2026-07-14 07:36:28.265+00
3e72c032-f9cd-4576-99df-fdc01024182f,00000000-0000-0000-0000-000000000001,2e43d47f-d6dd-4531-a6bc-2803938b96d0,invoice,10f6f14a-f89e-4624-bdba-d3adf2211beb,d2de48e8-0097-4d6d-8e3d-62ee7c8f2fcd,Invoice VISTA/26-27/07/00186 · 2026-07,sent,null,2026-07-14 11:00:31.445079+00,2026-07-14 11:00:37.166+00
24d1e634-aaf9-4630-bf6d-b8cfa90f1d24,00000000-0000-0000-0000-000000000001,b56ddb73-8335-4c01-92fa-e87d5a4ad558,invoice,cb30312a-7f8b-49ec-8dce-48f4e34bb8ad,61492721-611b-479f-9815-e09e0d7c95fd,Invoice VISTA/26-27/07/00187 · 2026-07,sent,null,2026-07-14 11:17:44.972658+00,2026-07-14 11:17:50.738+00
7bbabb97-071b-40d9-9a83-90a19d87e35d,00000000-0000-0000-0000-000000000001,65355804-8268-4843-b974-1df794df3a1e,receipt,3ec5ecd3-ac29-45c2-b3b8-f8f98a325bb1,edee54e5-b970-ea10-551f-b156c26d8f0a,"Receipt VISTA/26-27/07/00082 · ₹16,450",sent,null,2026-07-15 06:26:33.235482+00,2026-07-15 06:26:39.202+00
6fa051d9-f522-40b5-8029-777f9f205107,00000000-0000-0000-0000-000000000001,ba18c46a-a789-489c-8f8e-19dc5071f2f4,receipt,348a272c-d381-4e8f-8aa3-7bd52d3c7eee,5fee0a79-3970-704a-2332-f7c7598e86c1,"Receipt VISTA/26-27/07/00083 · ₹15,550",sent,null,2026-07-16 06:06:11.38629+00,2026-07-16 06:06:16.449+00
5978a211-fb1e-412f-8185-16e1cc351846,00000000-0000-0000-0000-000000000001,c8e96af0-99bb-4c45-96d2-f1c19d0bb41a,receipt,8fad9446-7bf1-45c5-9a3c-f01fec72643a,61492721-611b-479f-9815-e09e0d7c95fd,"Receipt VISTA/26-27/07/00084 · ₹15,836",sent,null,2026-07-16 06:09:09.1987+00,2026-07-16 06:09:21.368+00
69b12a0d-0e0d-475b-be09-585c1f69f419,00000000-0000-0000-0000-000000000001,b4132204-a009-481c-9a26-92d6c7d2be99,receipt,37802a2a-b4de-4f79-9939-edb379d77d88,7949646a-1455-41bc-9b8a-d19f84772bbb,"Receipt VISTA/26-27/07/00081 · ₹1,000",sent,null,2026-07-16 06:12:52.375647+00,2026-07-16 06:12:57.108+00
d57a3440-63cb-4420-bf50-ade63c390a8e,00000000-0000-0000-0000-000000000001,b4132204-a009-481c-9a26-92d6c7d2be99,receipt,2b698a0e-1e71-4dcb-8d06-2d3d51bbf3ec,961c950e-debe-4dd2-8e5f-08bf92bda977,"Receipt VISTA/26-27/07/00080 · ₹30,169",sent,null,2026-07-16 06:12:58.14946+00,2026-07-16 06:13:02.388+00
6f2e5f9b-8000-45bf-a347-51a2516da1e7,00000000-0000-0000-0000-000000000001,b4132204-a009-481c-9a26-92d6c7d2be99,receipt,68b850e8-5f18-455d-89d7-08c5dca36947,d225973a-f437-d98e-4e24-0fb32a7bfbe8,"Receipt VISTA/26-27/07/R00189 · ₹18,230",sent,null,2026-07-16 06:13:04.114055+00,2026-07-16 06:13:08.401+00
512f2db4-3bcd-4851-869b-94a11ab891da,00000000-0000-0000-0000-000000000001,b4132204-a009-481c-9a26-92d6c7d2be99,receipt,99c039d7-48c3-4118-9f71-e1ccb69d6ef9,71492154-2bd6-41d1-b8b8-3acec9cedd1f,"Receipt VISTA/26-27/07/00070 · ₹30,637",sent,null,2026-07-16 06:13:09.915177+00,2026-07-16 06:13:14.422+00
d8edc00e-b72d-42ee-81e6-ee17b9f04929,00000000-0000-0000-0000-000000000001,b4132204-a009-481c-9a26-92d6c7d2be99,receipt,d414d9e2-029c-4f27-9583-e4c3dbc89e91,e6dde6a9-4da9-d1a2-802a-faf5db207e8e,"Receipt VISTA/26-27/07/R00184 · ₹16,986",sent,null,2026-07-16 06:13:15.705716+00,2026-07-16 06:13:19.781+00
493388b8-2976-40de-8097-bb1bac9c9122,00000000-0000-0000-0000-000000000001,094e990d-bec6-41c8-b966-10a911e3345e,receipt,fbc34ecb-95ba-4392-91da-796e23493e8a,5eb9cf08-d888-4c7c-b6da-0b773bb39bba,"Receipt VISTA/26-27/07/R00175 · ₹13,500",sent,null,2026-07-16 06:17:20.338122+00,2026-07-16 06:17:25.831+00
960fef6e-9ca8-4a0b-adf1-d7cc5295a52e,00000000-0000-0000-0000-000000000001,094e990d-bec6-41c8-b966-10a911e3345e,receipt,f18c687a-6abe-4026-9b46-bc47d666a143,83af11b3-a274-7404-3265-ec658f74f8cf,"Receipt VISTA/26-27/07/00067 · ₹16,690",sent,null,2026-07-16 06:17:20.548101+00,2026-07-16 06:17:25.831+00
7e647229-4ae4-4056-be4d-c6a59b22f11f,00000000-0000-0000-0000-000000000001,094e990d-bec6-41c8-b966-10a911e3345e,receipt,2d76e4ff-b046-421f-a171-5b1febfdb76a,8b48adf3-c14a-fa6d-9785-b4bcb35f8fbb,Receipt VISTA/26-27/07/R00162 · ₹90,sent,null,2026-07-16 06:17:26.954898+00,2026-07-16 06:17:31.255+00
920e5cbb-c90c-4352-bb73-1c84c44a85f5,00000000-0000-0000-0000-000000000001,094e990d-bec6-41c8-b966-10a911e3345e,receipt,a461c077-ea09-43ec-b469-4ef81c4558a5,86cd2239-fa55-0389-437e-e8fd505dc931,"Receipt VISTA/26-27/07/R00144 · ₹28,410",sent,null,2026-07-16 06:17:32.811227+00,2026-07-16 06:17:37.093+00
ea5e4cff-a82f-4920-91b1-f73004b23080,00000000-0000-0000-0000-000000000001,094e990d-bec6-41c8-b966-10a911e3345e,receipt,3ad4543d-d9ea-4619-b6df-4274b1bff853,c2329858-525d-2f70-5e31-bf9a8358eb3e,"Receipt VISTA/26-27/07/R00143 · ₹16,070",sent,null,2026-07-16 06:17:38.52724+00,2026-07-16 06:17:42.574+00
46d9223a-83bf-4a49-828b-32514b1e00ec,00000000-0000-0000-0000-000000000001,094e990d-bec6-41c8-b966-10a911e3345e,receipt,9ce90ba3-038f-40b0-a427-23c6a529bb46,22b0be2d-52c5-1127-642d-4f1083b404ca,"Receipt VISTA/26-27/07/R00097 · ₹21,090",sent,null,2026-07-16 06:17:44.724448+00,2026-07-16 06:17:48.966+00
0971c8a1-fbb1-49e9-ad21-74b1e33f9e18,00000000-0000-0000-0000-000000000001,094e990d-bec6-41c8-b966-10a911e3345e,receipt,630a646e-758d-4af0-b5b3-bf0e40657d04,d926094a-e5b5-4bc7-af79-7f822211d3f3,"Receipt VISTA/26-27/07/00054 · ₹42,589",sent,null,2026-07-16 06:17:50.365455+00,2026-07-16 06:17:54.563+00
ab9dd098-666a-4209-af9c-1f5d0950101f,00000000-0000-0000-0000-000000000001,094e990d-bec6-41c8-b966-10a911e3345e,receipt,774b0fb6-eafa-404a-a26e-96a6eff171e7,d926094a-e5b5-4bc7-af79-7f822211d3f3,"Receipt VISTA/26-27/07/00051 · ₹1,000",sent,null,2026-07-16 06:17:56.659973+00,2026-07-16 06:18:00.215+00
635d9001-fc70-4235-8e60-35e6555c33c5,00000000-0000-0000-0000-000000000001,094e990d-bec6-41c8-b966-10a911e3345e,receipt,52d1f501-0b37-47ce-8506-fdba3eeb7adb,31f3f7a3-5dc4-21cd-ba54-b41347a7822a,"Receipt VISTA/26-27/07/R00160 · ₹17,260",sent,null,2026-07-16 06:18:02.424626+00,2026-07-16 06:18:05.884+00
c5397f36-28b6-427e-b146-632cabb3b901,00000000-0000-0000-0000-000000000001,094e990d-bec6-41c8-b966-10a911e3345e,receipt,24ad208c-5821-4dbb-8caa-b08f02e2e626,d257c87f-0e42-048c-8409-362e925d86fc,"Receipt VISTA/26-27/07/R00166 · ₹27,374",sent,null,2026-07-16 06:18:08.879951+00,2026-07-16 06:18:12.543+00
cd24a796-8c51-4393-8453-14bde38851c4,00000000-0000-0000-0000-000000000001,094e990d-bec6-41c8-b966-10a911e3345e,receipt,80ea2b98-0589-4e02-a719-c9e9d990b018,72ac33cc-b9b2-9cc4-47fd-d37096c8f30d,"Receipt VISTA/26-27/07/R00111 · ₹17,030",sent,null,2026-07-16 06:18:14.630645+00,2026-07-16 06:18:17.862+00
6ba9fcca-2ab2-413e-83fb-93fd5395f276,00000000-0000-0000-0000-000000000001,094e990d-bec6-41c8-b966-10a911e3345e,receipt,b98a5e38-d70c-4c23-b7ac-e91638a0a08e,af12a12c-92bf-088b-3073-292fe4dfc478,"Receipt VISTA/26-27/07/R00102 · ₹21,900",sent,null,2026-07-16 06:18:20.435996+00,2026-07-16 06:18:24.739+00
a37811ed-9720-4738-83b9-a87bb46e0c53,00000000-0000-0000-0000-000000000001,094e990d-bec6-41c8-b966-10a911e3345e,receipt,709102a8-63be-4a7a-a9bd-ae7dbd8bbdf6,71492154-2bd6-41d1-b8b8-3acec9cedd1f,"Receipt VISTA/26-27/07/00037 · ₹1,000",sent,null,2026-07-16 06:18:26.835904+00,2026-07-16 06:18:31.209+00
2961fd57-18eb-4e83-b6f7-0af0437f55cc,00000000-0000-0000-0000-000000000001,094e990d-bec6-41c8-b966-10a911e3345e,receipt,1a58858d-e927-4c64-b5ef-4b232ed2db81,4c4ad4c9-59bf-f152-d0ff-6502ec564cc9,"Receipt VISTA/26-27/07/R00152 · ₹15,660",sent,null,2026-07-16 06:18:32.814863+00,2026-07-16 06:18:35.979+00
53752b86-e062-4ff1-9687-ed485b1a3ee9,00000000-0000-0000-0000-000000000001,094e990d-bec6-41c8-b966-10a911e3345e,receipt,2e3a6225-60e0-4ae1-9963-ab051be0e5e5,12062e7c-25cc-4c45-8869-abf33c8a981c,"Receipt VISTA/26-27/07/00036 · ₹42,540",sent,null,2026-07-16 06:18:40.571016+00,2026-07-16 06:18:43.968+00
1679a349-9b44-43f4-92b4-7b327c4c7cfb,00000000-0000-0000-0000-000000000001,094e990d-bec6-41c8-b966-10a911e3345e,receipt,5c37e662-d9d4-4cd2-930c-984489c4d058,12062e7c-25cc-4c45-8869-abf33c8a981c,"Receipt VISTA/26-27/07/00035 · ₹1,000",sent,null,2026-07-16 06:18:47.100748+00,2026-07-16 06:18:50.368+00
efedfab7-3f46-46b1-9a37-dfd817bce807,00000000-0000-0000-0000-000000000001,094e990d-bec6-41c8-b966-10a911e3345e,receipt,b1478e15-7298-46d6-8efe-db88dcaac406,61031b0a-ef18-26aa-64b7-d412d7b3d276,"Receipt VISTA/26-27/07/R00155 · ₹17,800",sent,null,2026-07-16 06:18:53.827833+00,2026-07-16 06:18:58.177+00
0a7de247-5d25-4304-8f7d-803bf20bfca0,00000000-0000-0000-0000-000000000001,094e990d-bec6-41c8-b966-10a911e3345e,receipt,d03efb37-389b-41f8-9b23-c0e83e5f65e0,5ce46f7c-d9f9-426d-be11-5e3b6a2bedb0,"Receipt VISTA/26-27/07/00033 · ₹1,000",sent,null,2026-07-16 06:18:59.939526+00,2026-07-16 06:19:03.335+00
2e41bd81-d719-49ad-80e6-75e35b5816bd,00000000-0000-0000-0000-000000000001,094e990d-bec6-41c8-b966-10a911e3345e,receipt,cc840c88-9bfd-4f7b-a12c-bb01a9b66ced,77dd12b8-a20b-05c8-2372-79ba1b1624a9,"Receipt VISTA/26-27/07/R00153 · ₹16,990",sent,null,2026-07-16 06:19:06.091343+00,2026-07-16 06:19:09.812+00
42578afc-e99f-4b6c-a888-0d3a985a7b36,00000000-0000-0000-0000-000000000001,094e990d-bec6-41c8-b966-10a911e3345e,receipt,8a71de1b-25df-4344-a98d-9cecd5fe1bd8,18788fe2-f6a2-826e-2199-6cec118c6d00,"Receipt VISTA/26-27/07/R00191 · ₹6,175",sent,null,2026-07-16 06:19:11.857643+00,2026-07-16 06:19:16.001+00
cfb3fa61-88b5-4c69-b6fe-5f7b7d0936f1,00000000-0000-0000-0000-000000000001,094e990d-bec6-41c8-b966-10a911e3345e,receipt,c0667b5d-9b49-4b65-ae01-d3b004877dc6,4628a4bf-d4c5-9e5d-471c-271b9f3e7d03,"Receipt VISTA/26-27/07/R00156 · ₹16,910",sent,null,2026-07-16 06:19:18.130958+00,2026-07-16 06:19:22.395+00
7347e295-ff80-4b8b-9b9a-e4ab4e89fd51,00000000-0000-0000-0000-000000000001,094e990d-bec6-41c8-b966-10a911e3345e,receipt,845b92f5-a2ce-4d26-ac5d-cfd6bd13a5b5,1932ea80-c6eb-874e-eca8-12410fa7a608,"Receipt VISTA/26-27/07/R00157 · ₹15,330",sent,null,2026-07-16 06:19:24.024771+00,2026-07-16 06:19:28.157+00
934b42ce-589c-4794-9b99-86a82b4bf2db,00000000-0000-0000-0000-000000000001,094e990d-bec6-41c8-b966-10a911e3345e,receipt,5c472522-e9c9-4f84-9ab4-85cf7e9a0f08,c675e97a-0958-0695-90b3-49311eec8fd7,"Receipt VISTA/26-27/07/R00158 · ₹15,550",sent,null,2026-07-16 06:19:30.305536+00,2026-07-16 06:19:33.99+00
a9b0782f-fd36-4f89-8ac4-f4031726ec8f,00000000-0000-0000-0000-000000000001,094e990d-bec6-41c8-b966-10a911e3345e,receipt,41d69824-6672-4004-9ba4-2899462127df,7976ec26-6b18-471f-96d3-aa39a03abac8,"Receipt VISTA/26-27/07/00034 · ₹1,000",sent,null,2026-07-16 06:19:36.655058+00,2026-07-16 06:19:39.582+00
19885d2e-6f81-41f9-bb8d-b4d24bea75b0,00000000-0000-0000-0000-000000000001,094e990d-bec6-41c8-b966-10a911e3345e,receipt,394801a9-4fab-47b3-90ad-cf9c31f727b3,b2f85d5d-acf9-7c53-dc5b-0d3b67b462c5,"Receipt VISTA/26-27/07/R00169 · ₹21,750",sent,null,2026-07-16 06:19:42.443029+00,2026-07-16 06:19:47.097+00
107adfbe-68fd-4a0e-96c5-115a3764fb9c,00000000-0000-0000-0000-000000000001,094e990d-bec6-41c8-b966-10a911e3345e,receipt,0d0d5336-c151-4c12-b7d9-d79df32ecd35,2b785f57-1c4f-d4a8-d486-b69e7b2db5bc,"Receipt VISTA/26-27/07/R00151 · ₹20,550",sent,null,2026-07-16 06:19:48.270762+00,2026-07-16 06:19:51.548+00
a3b6c875-1109-4422-928c-c5bfc536651a,00000000-0000-0000-0000-000000000001,094e990d-bec6-41c8-b966-10a911e3345e,receipt,31ed285e-0410-4ce2-bae4-f38baa594fad,c49181cd-07c5-4c6a-a996-4146d002c886,"Receipt VISTA/26-27/07/R00139 · ₹13,500",sent,null,2026-07-16 06:19:54.295776+00,2026-07-16 06:19:57.711+00
9b5580cb-92f2-4a55-b83f-8a2ac9517bfa,00000000-0000-0000-0000-000000000001,094e990d-bec6-41c8-b966-10a911e3345e,receipt,59c0c07e-982b-42e5-9e2f-78c123567f68,2d700a6b-44c4-438b-841f-febe1b2c47a7,"Receipt VISTA/26-27/07/R00135 · ₹16,391",sent,null,2026-07-16 06:20:01.441291+00,2026-07-16 06:20:05.628+00
f4b81907-deed-4614-8de5-b7c3d1ca8453,00000000-0000-0000-0000-000000000001,094e990d-bec6-41c8-b966-10a911e3345e,receipt,60c005b2-7156-4e8b-b73a-02a945b1a66c,8b48adf3-c14a-fa6d-9785-b4bcb35f8fbb,"Receipt VISTA/26-27/07/R00142 · ₹17,140",sent,null,2026-07-16 06:20:11.723319+00,2026-07-16 06:20:16.022+00
3d895096-978c-418e-b600-b1e4c6bb0ea4,00000000-0000-0000-0000-000000000001,094e990d-bec6-41c8-b966-10a911e3345e,receipt,5e4c6b24-783e-406a-ae4a-5c7b52b3592e,630c8120-bdbc-832c-24ca-aca9e6b49891,"Receipt VISTA/26-27/07/R00149 · ₹17,630",sent,null,2026-07-16 06:20:23.262979+00,2026-07-16 06:20:29.706+00
9fcad6ce-5a3a-4a19-ac9d-0533ac08f0b7,00000000-0000-0000-0000-000000000001,094e990d-bec6-41c8-b966-10a911e3345e,receipt,77a27ad7-2366-44c6-b987-40ed9ab1badd,3e50af3d-452f-d098-b3bc-3c2a64576d55,"Receipt VISTA/26-27/07/R00141 · ₹16,890",sent,null,2026-07-16 06:20:26.216169+00,2026-07-16 06:20:33.826+00
948859ce-656a-43c7-bdb7-082dca72770c,00000000-0000-0000-0000-000000000001,094e990d-bec6-41c8-b966-10a911e3345e,receipt,475b9444-328f-46f3-995b-6eef3538f032,c511ac63-cb7e-1453-92d5-ea4ffba1c360,"Receipt VISTA/26-27/07/R00147 · ₹2,310",sent,null,2026-07-16 06:20:27.682983+00,2026-07-16 06:20:33.826+00
59aa3405-ac0f-4dc9-8e18-8df666039e21,00000000-0000-0000-0000-000000000001,094e990d-bec6-41c8-b966-10a911e3345e,receipt,e30d78f1-2b70-43f1-abdf-2da506155bbd,25ef6338-6197-45a8-82d9-ddd0a846f1b2,"Receipt VISTA/26-27/07/R00140 · ₹16,260",sent,null,2026-07-16 06:20:29.098248+00,2026-07-16 06:20:33.826+00
cf27df23-cc46-4836-97c6-eda51b504db6,00000000-0000-0000-0000-000000000001,094e990d-bec6-41c8-b966-10a911e3345e,receipt,58721bd1-8293-49a2-bdff-023a3766f886,d4890451-59e6-45f4-a75f-b2199aa5a3a7,"Receipt VISTA/26-27/07/R00134 · ₹19,500",sent,null,2026-07-16 06:20:30.097313+00,2026-07-16 06:20:37.703+00
0b20177c-4422-4beb-a425-ca4761056a9f,00000000-0000-0000-0000-000000000001,094e990d-bec6-41c8-b966-10a911e3345e,receipt,31c7e081-99e0-454e-967a-4844ba90d35e,06061874-ce68-4008-82f6-50ace2ba4bf4,"Receipt VISTA/26-27/07/R00178 · ₹16,743",sent,null,2026-07-16 06:20:32.17698+00,2026-07-16 06:20:37.703+00
e252d47a-b1d1-43a4-95de-1b17043de70e,00000000-0000-0000-0000-000000000001,094e990d-bec6-41c8-b966-10a911e3345e,receipt,7f0773f7-bb78-44af-91e6-a26b4501879b,950dd22f-78fa-d205-48b3-fe5a5cc7438e,"Receipt VISTA/26-27/07/R00148 · ₹16,910",sent,null,2026-07-16 06:20:34.020611+00,2026-07-16 06:20:37.703+00
b159cce8-5d43-45ca-b8c5-da55fefd701e,00000000-0000-0000-0000-000000000001,094e990d-bec6-41c8-b966-10a911e3345e,receipt,ef9df428-8e09-43fa-805b-6378770b0011,510cd475-6538-7d02-413c-1a0f553ba4e6,"Receipt VISTA/26-27/07/R00133 · ₹16,810",sent,null,2026-07-16 06:20:36.15787+00,2026-07-16 06:20:40.959+00
00089cf1-68ca-4bd0-a8fa-71c3037bbcba,00000000-0000-0000-0000-000000000001,094e990d-bec6-41c8-b966-10a911e3345e,receipt,db63bc0a-3b38-40ca-b48c-bbe644f47d5a,07734943-434c-4c8b-b1fa-49d7c4e8a7fe,"Receipt VISTA/26-27/07/R00177 · ₹16,593",sent,null,2026-07-16 06:20:38.093627+00,2026-07-16 06:20:44.324+00
5de26b7e-6883-4849-86b6-82869a8f82a0,00000000-0000-0000-0000-000000000001,094e990d-bec6-41c8-b966-10a911e3345e,receipt,fbe72e7a-6a4d-4032-9f92-b1ff7c41dc00,87a1e515-e2e0-110f-05d1-04f5a83c066a,"Receipt VISTA/26-27/07/R00150 · ₹17,630",sent,null,2026-07-16 06:20:41.163663+00,2026-07-16 06:20:44.324+00
8115bd2e-d0ca-475a-8d8a-f52797e03257,00000000-0000-0000-0000-000000000001,094e990d-bec6-41c8-b966-10a911e3345e,receipt,d692736d-70f7-4473-b56f-04cb19f337b7,ec6bd398-2413-2c67-18db-10bdd92ee4f9,"Receipt VISTA/26-27/07/R00136 · ₹27,930",sent,null,2026-07-16 06:20:42.169164+00,2026-07-16 06:20:49.137+00
ce1f2c9a-a4a3-453a-bf6d-a91d9f21aa9a,00000000-0000-0000-0000-000000000001,094e990d-bec6-41c8-b966-10a911e3345e,receipt,cd3ed973-efc1-4fdc-ae43-32f78dc33eba,25aa2406-e171-b558-8249-7a525d126d8f,"Receipt VISTA/26-27/07/R00116 · ₹20,810",sent,null,2026-07-16 06:20:43.055963+00,2026-07-16 06:20:49.137+00
aa54af84-1d9e-4021-ae4b-b2b83e6eca26,00000000-0000-0000-0000-000000000001,094e990d-bec6-41c8-b966-10a911e3345e,receipt,af35eea0-7034-4df6-b28a-4eae49110c0d,04ba1c6f-6c06-819d-9ecc-a0c5f795b922,"Receipt VISTA/26-27/07/R00119 · ₹17,120",sent,null,2026-07-16 06:20:44.051561+00,2026-07-16 06:20:49.137+00
19ee4db3-625e-430f-9e83-71757e6fec72,00000000-0000-0000-0000-000000000001,094e990d-bec6-41c8-b966-10a911e3345e,receipt,9736ee74-8a82-436a-bb78-14285bde35dc,e426d68a-16d2-9097-ff7d-ae2521fb52e5,"Receipt VISTA/26-27/07/R00121 · ₹18,064",sent,null,2026-07-16 06:20:45.153878+00,2026-07-16 06:20:55.068+00
1fdbe84d-67ca-490b-86cd-2df0dd06498b,00000000-0000-0000-0000-000000000001,094e990d-bec6-41c8-b966-10a911e3345e,receipt,5025ff77-302d-42f2-85c8-866d2e0b8dd9,b6263381-5732-4544-952b-edde50fdfc28,"Receipt VISTA/26-27/07/R00124 · ₹17,195",sent,null,2026-07-16 06:20:46.092253+00,2026-07-16 06:20:55.068+00
3e6a50d1-ed70-4a6f-8738-4b24e74f4694,00000000-0000-0000-0000-000000000001,094e990d-bec6-41c8-b966-10a911e3345e,receipt,41addcaf-308a-4093-9491-f4b6159fc887,5ce46f7c-d9f9-426d-be11-5e3b6a2bedb0,"Receipt VISTA/26-27/07/00050 · ₹36,250",sent,null,2026-07-16 06:20:47.041647+00,2026-07-16 06:20:55.068+00
902858ce-72f4-4d1d-a116-5a304cf48ddb,00000000-0000-0000-0000-000000000001,094e990d-bec6-41c8-b966-10a911e3345e,receipt,765b13ab-7626-4d95-81a4-f56cf6a8f526,073e4bd7-f1f1-49d3-604f-c365b9952a6c,"Receipt VISTA/26-27/07/R00118 · ₹17,775",sent,null,2026-07-16 06:20:48.163224+00,2026-07-16 06:20:55.068+00
b4833f7d-bfab-4a88-a1cd-5a00607ee184,00000000-0000-0000-0000-000000000001,094e990d-bec6-41c8-b966-10a911e3345e,receipt,6bbe6d70-49c0-4d12-b991-a8e39aeffbac,11e96dd2-92f4-f793-56db-439d5b3de156,"Receipt VISTA/26-27/07/R00115 · ₹17,300",sent,null,2026-07-16 06:20:50.299211+00,2026-07-16 06:20:58.915+00
dc49fb6e-3f59-400c-abd9-d1735e0e1d52,00000000-0000-0000-0000-000000000001,094e990d-bec6-41c8-b966-10a911e3345e,receipt,942a73ae-fc94-4768-ba5d-e066343d1382,55e6e452-fae2-a5ac-3c12-21424bffbcac,"Receipt VISTA/26-27/07/R00123 · ₹16,930",sent,null,2026-07-16 06:20:52.067289+00,2026-07-16 06:20:58.915+00
934dcd56-f06f-4ca9-a747-1f3cc38495db,00000000-0000-0000-0000-000000000001,094e990d-bec6-41c8-b966-10a911e3345e,receipt,92588fc4-a5d8-4816-b148-ed9753f30fd9,8996897f-e383-4fca-87f9-654e1b14b3c2,"Receipt VISTA/26-27/07/R00129 · ₹16,171",sent,null,2026-07-16 06:20:55.210876+00,2026-07-16 06:20:58.915+00
9bc50103-fa11-4fb2-a031-2e7d65a7e220,00000000-0000-0000-0000-000000000001,094e990d-bec6-41c8-b966-10a911e3345e,receipt,263f55b6-0348-4b00-970e-edd91d41e9cf,03ce56c0-8798-b95d-7125-311b80363e74,"Receipt VISTA/26-27/07/R00126 · ₹16,810",sent,null,2026-07-16 06:20:58.067802+00,2026-07-16 06:21:03.416+00
ddda5ca4-7934-48ad-bc98-59364f4a9f9d,00000000-0000-0000-0000-000000000001,094e990d-bec6-41c8-b966-10a911e3345e,receipt,1fc9c847-8547-4963-b0c1-f395d4a6dfaf,238b347e-e7e9-b1a3-31a8-a2f8fed99f55,"Receipt VISTA/26-27/07/R00112 · ₹27,900",sent,null,2026-07-16 06:21:00.255403+00,2026-07-16 06:21:06.862+00
2e01d080-81e4-4806-9baa-8124a21cd3fd,00000000-0000-0000-0000-000000000001,094e990d-bec6-41c8-b966-10a911e3345e,receipt,bb5e7b53-b525-41ca-bedc-b7d805ff5747,66fbcb59-3d06-d8cc-b1d5-53f38a599207,"Receipt VISTA/26-27/07/R00130 · ₹15,330",sent,null,2026-07-16 06:21:03.720365+00,2026-07-16 06:21:10.184+00
70b11f0a-8412-4ea7-aec4-949619795c1d,00000000-0000-0000-0000-000000000001,094e990d-bec6-41c8-b966-10a911e3345e,receipt,4786ff9f-ad82-435e-be58-22911ebd6f44,94927866-7ca0-4311-b799-972822792cb8,"Receipt VISTA/26-27/07/R00122 · ₹15,132",sent,null,2026-07-16 06:21:06.083347+00,2026-07-16 06:21:10.184+00
8744f6eb-1a04-4ab4-abc8-75472da73797,00000000-0000-0000-0000-000000000001,094e990d-bec6-41c8-b966-10a911e3345e,receipt,38e705bf-748d-40bc-a453-b43caece8c3a,8fd367e7-7404-4ef6-530b-a40219a48f1e,"Receipt VISTA/26-27/07/R00120 · ₹16,930",sent,null,2026-07-16 06:21:08.324929+00,2026-07-16 06:21:13.929+00
f467869f-ca96-4d57-873d-3cf2dc448c62,00000000-0000-0000-0000-000000000001,094e990d-bec6-41c8-b966-10a911e3345e,receipt,de68324a-c353-447d-bb0a-1ea40cbc1e71,7976ec26-6b18-471f-96d3-aa39a03abac8,"Receipt VISTA/26-27/07/00038 · ₹33,911",sent,null,2026-07-16 06:21:11.086593+00,2026-07-16 06:21:18.443+00
93de5cd5-9537-47bc-88e9-b51c874d6ac0,00000000-0000-0000-0000-000000000001,094e990d-bec6-41c8-b966-10a911e3345e,receipt,b061aa87-9374-4994-b46f-274cfe3bec1c,26b16f30-da65-8aa3-d1ec-4867ac2a8f35,"Receipt VISTA/26-27/07/R00114 · ₹14,081",sent,null,2026-07-16 06:21:13.062394+00,2026-07-16 06:21:18.443+00
48a5d1b6-db5c-4e62-91f0-d6ac7b40ca5e,00000000-0000-0000-0000-000000000001,094e990d-bec6-41c8-b966-10a911e3345e,receipt,f16d7175-3565-4444-a89a-d6363949d002,855f3f6a-72ae-46f4-4cc2-a9a0d5df5b70,"Receipt VISTA/26-27/07/R00117 · ₹16,780",sent,null,2026-07-16 06:21:15.227949+00,2026-07-16 06:21:22.285+00
90194c67-389f-4f5f-9d1e-3d58d46f8796,00000000-0000-0000-0000-000000000001,094e990d-bec6-41c8-b966-10a911e3345e,receipt,99d79c86-a97a-4af8-9823-7d3ef916dc4a,be68c44d-d4d2-478a-7b1e-c9c3fefac406,"Receipt VISTA/26-27/07/R00104 · ₹15,630",sent,null,2026-07-16 06:21:16.348765+00,2026-07-16 06:21:22.285+00
c0abb881-8a51-4086-97e8-a5e029bed715,00000000-0000-0000-0000-000000000001,094e990d-bec6-41c8-b966-10a911e3345e,receipt,16da0d45-c1fa-432c-9150-6f9d5b3ce683,8123af5e-305b-80f8-20db-4d54b7f628c7,"Receipt VISTA/26-27/07/R00101 · ₹17,410",sent,null,2026-07-16 06:21:17.276322+00,2026-07-16 06:21:22.285+00
4f6383bc-b59c-4d16-a66f-041d646e56f1,00000000-0000-0000-0000-000000000001,094e990d-bec6-41c8-b966-10a911e3345e,receipt,4dd0ef2a-1885-4f85-8975-ea0be9bf92d9,11316c38-dc08-4983-3588-fcadd88bd5d2,"Receipt VISTA/26-27/07/R00103 · ₹15,690",sent,null,2026-07-16 06:21:18.153497+00,2026-07-16 06:21:22.285+00
cf49ccb1-5b3c-405b-9493-ab8a5af7403a,00000000-0000-0000-0000-000000000001,094e990d-bec6-41c8-b966-10a911e3345e,receipt,959e1308-c7b0-4cbd-a41d-7f91a4c7f8c3,38069f8b-d44e-0b86-a0d1-dafac5ae1232,"Receipt VISTA/26-27/07/R00109 · ₹14,500",sent,null,2026-07-16 06:21:19.015172+00,2026-07-16 06:21:25.918+00
fb6dafdf-f0b2-4636-9132-d8b88e952172,00000000-0000-0000-0000-000000000001,094e990d-bec6-41c8-b966-10a911e3345e,receipt,ce4d8cac-501f-43d6-b6ef-a731421f4963,38069f8b-d44e-0b86-a0d1-dafac5ae1232,"Receipt VISTA/26-27/07/R00110 · ₹2,760",sent,null,2026-07-16 06:21:19.926223+00,2026-07-16 06:21:25.918+00
3e47741e-1e30-4588-a1a9-dfc12f5f26dd,00000000-0000-0000-0000-000000000001,094e990d-bec6-41c8-b966-10a911e3345e,receipt,d49184f1-da04-4a34-b59e-c317ce93f316,83f51f9d-9d36-eda9-e7fb-5b1badbbd5d9,"Receipt VISTA/26-27/07/R00107 · ₹16,090",sent,null,2026-07-16 06:21:21.053267+00,2026-07-16 06:21:25.918+00
1dc48448-499a-45ab-afe3-842ae43a0679,00000000-0000-0000-0000-000000000001,094e990d-bec6-41c8-b966-10a911e3345e,receipt,e56b4d88-2a77-4e93-af04-57a1c1f6cc7e,5527e05d-475b-45ed-a6f4-284340eed262,"Receipt VISTA/26-27/07/R00108 · ₹19,990",sent,null,2026-07-16 06:21:22.111754+00,2026-07-16 06:21:25.918+00
5a6372cc-07fa-4edd-ae18-96e55069857c,00000000-0000-0000-0000-000000000001,094e990d-bec6-41c8-b966-10a911e3345e,receipt,d8388d59-0a89-4617-af4a-706b64dd8958,cf1318a5-0564-4af6-d90e-c3e76de1ef08,"Receipt VISTA/26-27/07/R00100 · ₹16,790",sent,null,2026-07-16 06:21:23.359173+00,2026-07-16 06:21:30.733+00
4d294155-87e5-4c6a-8325-df3fcdd9873c,00000000-0000-0000-0000-000000000001,094e990d-bec6-41c8-b966-10a911e3345e,receipt,1acc6b99-17b4-4cba-a350-7a078d2c2003,d6d33436-345a-e39c-9f8d-91c76dca514e,"Receipt VISTA/26-27/07/R00106 · ₹15,690",sent,null,2026-07-16 06:21:25.026238+00,2026-07-16 06:21:30.733+00
d3e7f455-11fa-4cf5-a1bb-940d886958d2,00000000-0000-0000-0000-000000000001,094e990d-bec6-41c8-b966-10a911e3345e,receipt,f6909cda-056f-439b-acfc-81a09a5a47bc,a267e3ee-ef69-4d54-8414-357c81b2eb3c,"Receipt VISTA/26-27/07/R00105 · ₹14,400",sent,null,2026-07-16 06:21:26.090515+00,2026-07-16 06:21:30.733+00
31289088-82f1-43e9-b8d1-53f13dc549b0,00000000-0000-0000-0000-000000000001,094e990d-bec6-41c8-b966-10a911e3345e,receipt,a4466dd8-4a5b-4939-b367-d8dcc9c8535b,23f7ef5f-6b26-a104-b616-b438d7e9243c,"Receipt VISTA/26-27/07/R00098 · ₹16,260",sent,null,2026-07-16 06:21:27.098724+00,2026-07-16 06:21:34.259+00
0227e099-e6b3-442a-9e40-4045172525d5,00000000-0000-0000-0000-000000000001,094e990d-bec6-41c8-b966-10a911e3345e,receipt,740e236a-38cc-4d12-b186-8e961bd37150,6d60a9d5-34ce-4336-9c23-231057dffa71,"Receipt VISTA/26-27/07/R00099 · ₹17,025",sent,null,2026-07-16 06:21:28.041015+00,2026-07-16 06:21:34.259+00
f217ec14-d43d-49c2-bf4e-0be38f5bf6c3,00000000-0000-0000-0000-000000000001,094e990d-bec6-41c8-b966-10a911e3345e,receipt,7c83ae10-b5a8-49de-b181-99213f1799ad,c3c77367-5f51-f7a7-e667-0e3480f53751,"Receipt VISTA/26-27/07/R00193 · ₹16,630",sent,null,2026-07-16 06:21:29.034389+00,2026-07-16 06:21:34.259+00
659f675e-70bd-4eb4-be76-8c681a651edd,00000000-0000-0000-0000-000000000001,094e990d-bec6-41c8-b966-10a911e3345e,receipt,3790ac83-e441-4c9c-a398-2880d7893ecc,1d4c0119-5151-7a5b-2266-f16e44f67157,"Receipt VISTA/26-27/07/R00094 · ₹15,390",sent,null,2026-07-16 06:21:30.360107+00,2026-07-16 06:21:34.259+00
65b7832b-61b4-4740-8374-a73ce65150e4,00000000-0000-0000-0000-000000000001,094e990d-bec6-41c8-b966-10a911e3345e,receipt,afa3e1da-f62b-4133-b052-1597ec7f7649,b0a6f0b5-9fd8-112e-2bfa-24fa8a25779b,"Receipt VISTA/26-27/07/R00093 · ₹16,070",sent,null,2026-07-16 06:21:31.289651+00,2026-07-16 06:21:38.126+00
3e03c512-7044-4297-8d39-0d9390e28682,00000000-0000-0000-0000-000000000001,094e990d-bec6-41c8-b966-10a911e3345e,receipt,57cd21e7-3992-45ab-8950-78ad17f8d0b7,11e59c65-004e-4eea-a733-d3a6a7c65fb1,"Receipt VISTA/26-27/07/R00088 · ₹17,810",sent,null,2026-07-16 06:21:32.123105+00,2026-07-16 06:21:38.126+00
93f7a1cb-996b-4021-8935-0ebe01e9249f,00000000-0000-0000-0000-000000000001,094e990d-bec6-41c8-b966-10a911e3345e,receipt,ea6efa14-0772-450d-8d7c-166e70193244,1a3b6c74-26e1-7124-0b5c-7f783d71624d,"Receipt VISTA/26-27/07/R00089 · ₹15,860",sent,null,2026-07-16 06:21:33.000076+00,2026-07-16 06:21:38.126+00
22750305-e9bd-4a00-951d-9181a8b7e1f5,00000000-0000-0000-0000-000000000001,094e990d-bec6-41c8-b966-10a911e3345e,receipt,dc6a0627-f17b-4baa-9409-194e25767d79,2631ddfd-660e-8719-1876-82cf88e13a60,"Receipt VISTA/26-27/07/R00091 · ₹16,030",sent,null,2026-07-16 06:21:34.33419+00,2026-07-16 06:21:38.126+00
a17a1134-c038-4c71-92eb-3a63b0dfadaf,00000000-0000-0000-0000-000000000001,094e990d-bec6-41c8-b966-10a911e3345e,receipt,c020e6a9-9410-4500-bb48-0df5d4a3cb18,011b7d1c-5697-5394-c05b-fa0473640657,"Receipt VISTA/26-27/07/R00092 · ₹20,410",sent,null,2026-07-16 06:21:36.068357+00,2026-07-16 06:21:41.982+00
36d49c7f-2c14-48bb-ad38-1d59c1ad40ad,00000000-0000-0000-0000-000000000001,094e990d-bec6-41c8-b966-10a911e3345e,receipt,5d79695f-60e4-4cde-a0f8-315484d333ca,6dd50e39-9843-4442-cc09-3b49fbe97fb9,"Receipt VISTA/26-27/07/R00087 · ₹16,930",sent,null,2026-07-16 06:21:37.057195+00,2026-07-16 06:21:41.982+00
c98fe0bf-7fa2-4f6a-acb0-4203600dc0d1,00000000-0000-0000-0000-000000000001,094e990d-bec6-41c8-b966-10a911e3345e,receipt,9071a39d-c60d-4943-adcd-997a525780b0,e0174322-3fb7-483f-91a0-61b903ae3e49,"Receipt VISTA/26-27/07/R00165 · ₹16,685",sent,null,2026-07-16 06:21:38.290126+00,2026-07-16 06:21:41.982+00
9f0e079a-edaa-4e57-ac79-a62e79ac680a,00000000-0000-0000-0000-000000000001,094e990d-bec6-41c8-b966-10a911e3345e,receipt,39e4820c-e9b0-4d64-b89d-bb5dc964b5ed,1bc75090-ac1a-44a6-bb22-f211aca7c760,"Receipt VISTA/26-27/07/R00095 · ₹21,190",sent,null,2026-07-16 06:21:39.073561+00,2026-07-16 06:21:46.634+00
8c6946fa-df7e-4409-9f82-443729e5bca4,00000000-0000-0000-0000-000000000001,094e990d-bec6-41c8-b966-10a911e3345e,receipt,e05ac42e-31cb-4164-9bf1-e35b8e8e6ba6,4f75b0ca-7bed-c37c-cfd4-1e361a1bb6d4,"Receipt VISTA/26-27/07/R00090 · ₹21,780",sent,null,2026-07-16 06:21:39.873815+00,2026-07-16 06:21:46.634+00
936a2e44-b154-47a7-be8b-5c7fa1c5893e,00000000-0000-0000-0000-000000000001,094e990d-bec6-41c8-b966-10a911e3345e,receipt,35288db5-42ed-4228-a0a1-6918cd07a881,f295149c-bcb1-4d48-93ce-d2ea593d29c3,"Receipt VISTA/26-27/07/R00059 · ₹15,152",sent,null,2026-07-16 06:21:40.650799+00,2026-07-16 06:21:46.634+00
469c99c5-edda-4b3a-b3f6-47e739e52fca,00000000-0000-0000-0000-000000000001,094e990d-bec6-41c8-b966-10a911e3345e,receipt,32de8d8d-cdfb-4769-872b-b98f055ced6e,d8c4b3c5-9b2a-4c6e-b1e8-0a98c9175234,"Receipt VISTA/26-27/07/R00062 · ₹16,900",sent,null,2026-07-16 06:21:41.481079+00,2026-07-16 06:21:46.634+00
7657b022-6344-4d53-b122-562d9a895e3f,00000000-0000-0000-0000-000000000001,094e990d-bec6-41c8-b966-10a911e3345e,receipt,840897d5-081f-4d5e-b54a-b3b7ba0423c0,a4709d2c-85e2-3d68-7467-1eaf879ba2c9,"Receipt VISTA/26-27/07/R00086 · ₹17,060",sent,null,2026-07-16 06:21:42.349349+00,2026-07-16 06:21:50.31+00
ac926517-f8e0-4cd6-b232-2eca1510a1cb,00000000-0000-0000-0000-000000000001,094e990d-bec6-41c8-b966-10a911e3345e,receipt,b6dcb211-77cf-4435-8108-f8b9318fe5df,f70ae790-e17b-aca8-a21a-82ddd895450b,"Receipt VISTA/26-27/07/R00063 · ₹19,626",sent,null,2026-07-16 06:21:43.372747+00,2026-07-16 06:21:50.31+00
b1056520-c6fb-4787-b965-d8ee7479aed7,00000000-0000-0000-0000-000000000001,094e990d-bec6-41c8-b966-10a911e3345e,receipt,86f90509-8ede-401f-b57d-2f02110e662c,f284b25b-d762-1399-a12e-ba7ffa6b6f97,"Receipt VISTA/26-27/07/R00064 · ₹16,550",sent,null,2026-07-16 06:21:44.404855+00,2026-07-16 06:21:50.31+00
97fd7ee9-f64a-451d-a01c-75b6e951499e,00000000-0000-0000-0000-000000000001,094e990d-bec6-41c8-b966-10a911e3345e,receipt,5f3da29a-9e2f-4e4e-9ecb-f8a1e3166d55,f16a668c-ea8a-b26d-9dff-4da3c53fccc7,"Receipt VISTA/26-27/07/R00058 · ₹22,821",sent,null,2026-07-16 06:21:46.001751+00,2026-07-16 06:21:50.31+00
ab0c3bdf-6bcd-43f0-8be1-db1dad66effc,00000000-0000-0000-0000-000000000001,094e990d-bec6-41c8-b966-10a911e3345e,receipt,cae26d0a-72fd-4636-801b-564bd791564c,6ea3368b-00ab-4626-a86f-7fcacb3e167e,"Receipt VISTA/26-27/07/R00066 · ₹17,084",sent,null,2026-07-16 06:21:53.056762+00,2026-07-16 06:21:55.883+00
fa4fc9e3-6569-4553-ba6f-dc82e7fd0995,00000000-0000-0000-0000-000000000001,094e990d-bec6-41c8-b966-10a911e3345e,receipt,75b0e45d-151c-4946-84c4-cc0ef716f009,417cb75b-9992-4df9-28ae-ad4d2313621f,"Receipt VISTA/26-27/07/R00167 · ₹16,070",sent,null,2026-07-16 06:22:00.388462+00,2026-07-16 06:22:04.188+00
20fc07f4-5384-460e-9779-c631a89852bc,00000000-0000-0000-0000-000000000001,094e990d-bec6-41c8-b966-10a911e3345e,receipt,aae416e4-4fd4-4d6d-8397-163778b1c5fc,f2a00e3d-de04-40a3-6f41-a3ebfcab4a3c,"Receipt VISTA/26-27/07/R00065 · ₹16,090",sent,null,2026-07-16 06:22:06.501646+00,2026-07-16 06:22:10.357+00
ce0092be-80ea-450a-9546-15c937770d95,00000000-0000-0000-0000-000000000001,094e990d-bec6-41c8-b966-10a911e3345e,receipt,6346cce1-869d-470b-a652-020a98ab990f,b3002707-86e9-43d5-956d-cf108fb6a23f,"Receipt VISTA/26-27/07/R00060 · ₹16,690",sent,null,2026-07-16 06:22:12.270562+00,2026-07-16 06:22:17.069+00
0d28ae70-e500-4734-aabd-73c51d12d1ce,00000000-0000-0000-0000-000000000001,094e990d-bec6-41c8-b966-10a911e3345e,receipt,84e9187d-3a91-4051-8473-3403080aef65,491b8136-32a1-37c5-5253-b53ff3991d86,"Receipt VISTA/26-27/07/00027 · ₹15,530",sent,null,2026-07-16 06:22:12.485162+00,2026-07-16 06:22:17.069+00
1e459c4e-7a1b-40b9-b1a9-efb6940de721,00000000-0000-0000-0000-000000000001,094e990d-bec6-41c8-b966-10a911e3345e,receipt,152a8889-c10e-4fa6-9de2-58bc4c1e3c20,8971261e-a813-477f-94c0-0a9661dc4c34,"Receipt VISTA/26-27/07/00026 · ₹17,720",sent,null,2026-07-16 06:22:12.671213+00,2026-07-16 06:22:17.069+00
c8b19adc-c0f1-4df5-a588-533745bee7f2,00000000-0000-0000-0000-000000000001,094e990d-bec6-41c8-b966-10a911e3345e,receipt,674267a1-d1aa-4e06-9485-3eb2833d87c0,2ba81159-3fd3-401a-b806-4cf09e7dce86,"Receipt VISTA/26-27/07/R00055 · ₹20,790",sent,null,2026-07-16 06:22:18.89693+00,2026-07-16 06:22:23.267+00
cf30ae61-d147-4a3a-9b82-3e4aa154f3f2,00000000-0000-0000-0000-000000000001,094e990d-bec6-41c8-b966-10a911e3345e,receipt,2deca826-dfe6-4a8a-b7b5-3ce2183e787b,618f174c-7c45-cb54-907b-cacc78483918,"Receipt VISTA/26-27/07/00023 · ₹20,620",sent,null,2026-07-16 06:22:19.109525+00,2026-07-16 06:22:23.267+00
425a2a29-c079-4695-b4a1-cb05163081f6,00000000-0000-0000-0000-000000000001,094e990d-bec6-41c8-b966-10a911e3345e,receipt,8d5c7d83-53ad-4d9a-acd9-0c65cbae3fad,38305983-db92-2c3c-7949-96f7ca7833eb,"Receipt VISTA/26-27/07/00028 · ₹21,300",sent,null,2026-07-16 06:22:19.339458+00,2026-07-16 06:22:23.267+00
23e03216-f335-447c-a949-52046c072b75,00000000-0000-0000-0000-000000000001,094e990d-bec6-41c8-b966-10a911e3345e,receipt,d5ae3355-40cb-4d91-a529-13ecbfee9247,a4ef95bf-1c7c-4c4d-0497-ae38085af6cc,"Receipt VISTA/26-27/07/00024 · ₹21,060",sent,null,2026-07-16 06:22:19.51762+00,2026-07-16 06:22:26.935+00
5682d210-ca28-42c1-b1b9-989651ae770c,00000000-0000-0000-0000-000000000001,094e990d-bec6-41c8-b966-10a911e3345e,receipt,4a630f64-c80d-412e-b005-7915be0d324a,e17238d1-34ce-0cbb-4dc0-f65e60ff52f7,"Receipt VISTA/26-27/07/00022 · ₹21,630",sent,null,2026-07-16 06:22:19.715263+00,2026-07-16 06:22:26.935+00
7bb6781e-e0a5-40f7-9f4b-3308dbbd864d,00000000-0000-0000-0000-000000000001,094e990d-bec6-41c8-b966-10a911e3345e,receipt,85382d02-3d90-4dd0-96eb-9c9cbd8c3002,aa88d180-8c53-dbe4-70de-ecf38130d3ce,"Receipt VISTA/26-27/07/R00054 · ₹16,120",sent,null,2026-07-16 06:22:25.874188+00,2026-07-16 06:22:30.785+00
6d08b2cc-1839-42e7-9e86-06e63dfe44d5,00000000-0000-0000-0000-000000000001,094e990d-bec6-41c8-b966-10a911e3345e,receipt,9297fbad-bc6b-4f86-abce-ab092cd953e6,d497808b-36e2-ea42-d247-85b4e409078c,"Receipt VISTA/26-27/07/00025 · ₹17,450",sent,null,2026-07-16 06:22:26.081832+00,2026-07-16 06:22:30.785+00
a73fe99b-08bd-4e2b-9e8a-86ff42bf452f,00000000-0000-0000-0000-000000000001,094e990d-bec6-41c8-b966-10a911e3345e,receipt,eca00352-a732-4712-b04a-df7a52f4bc41,3b02f95a-b47e-1037-4f8a-f2f31e35c98e,"Receipt VISTA/26-27/07/00029 · ₹13,179",sent,null,2026-07-16 06:22:26.278382+00,2026-07-16 06:22:30.785+00
c21c4fcf-9c9d-4afd-b861-f1343e496019,00000000-0000-0000-0000-000000000001,094e990d-bec6-41c8-b966-10a911e3345e,receipt,282f2e61-888f-4a9c-84bc-7ddb28b8e6bc,2ac2da6e-0954-f906-32d7-a1f55477c590,"Receipt VISTA/26-27/07/R00057 · ₹15,330",sent,null,2026-07-16 06:22:32.458848+00,2026-07-16 06:22:35.704+00
1a1b16c4-fb4f-41e5-99c0-dd453c851e4a,00000000-0000-0000-0000-000000000001,094e990d-bec6-41c8-b966-10a911e3345e,receipt,d5d0a01c-4e5b-4454-97cb-fa699651efeb,cd2c3f97-4df7-b32f-d0c0-12031beae516,"Receipt VISTA/26-27/07/R00056 · ₹17,390",sent,null,2026-07-16 06:22:38.497519+00,2026-07-16 06:22:42.091+00
a398e55f-fdeb-4999-a465-134cb16e7854,00000000-0000-0000-0000-000000000001,094e990d-bec6-41c8-b966-10a911e3345e,receipt,800b0670-597d-4841-86d6-29a52ff74066,de481a65-2fb4-4974-b7db-0ec990ea852d,"Receipt VISTA/26-27/07/R00053 · ₹14,400",sent,null,2026-07-16 06:22:44.249826+00,2026-07-16 06:22:47.373+00
762dafbf-3f73-43f6-b8a3-0ea2d47098c7,00000000-0000-0000-0000-000000000001,094e990d-bec6-41c8-b966-10a911e3345e,receipt,c4ff0dee-e4ce-451b-8842-5466eef15ffe,79d4d3fe-73c5-a965-030f-c60220ee20cb,"Receipt VISTA/26-27/07/00017 · ₹15,790",sent,null,2026-07-16 06:22:44.433559+00,2026-07-16 06:22:51.184+00
bac3e763-4fc9-4d3e-83a7-785db65670e5,00000000-0000-0000-0000-000000000001,094e990d-bec6-41c8-b966-10a911e3345e,receipt,031af753-93cc-4759-996a-b252401883e0,43774f3c-9ce6-fc78-7857-b8607c3e1966,"Receipt VISTA/26-27/07/R00049 · ₹15,630",sent,null,2026-07-16 06:22:50.642023+00,2026-07-16 06:22:55.044+00
6d7ca05a-31dc-460b-873b-5e2eaa2086ef,00000000-0000-0000-0000-000000000001,094e990d-bec6-41c8-b966-10a911e3345e,receipt,6bb165df-ae6f-4358-9770-3fa7d4f5bd02,a7dadee2-80e3-eba0-084f-5f1847bb3aa4,"Receipt VISTA/26-27/07/00016 · ₹27,150",sent,null,2026-07-16 06:22:50.842357+00,2026-07-16 06:22:55.044+00
624db120-9933-4692-bc48-a0a57efdb255,00000000-0000-0000-0000-000000000001,094e990d-bec6-41c8-b966-10a911e3345e,receipt,ce500b0c-956f-4435-98ea-b92eedd8d718,1a171004-7682-1c39-e6a2-758b668c33b0,"Receipt VISTA/26-27/07/00019 · ₹20,130",sent,null,2026-07-16 06:22:51.022308+00,2026-07-16 06:22:55.044+00
db81f0e5-3621-47e5-a964-60537fd61f2e,00000000-0000-0000-0000-000000000001,094e990d-bec6-41c8-b966-10a911e3345e,receipt,25ffb8d0-74e9-4173-897a-5c40f155a2fd,c2f58086-b0e6-4083-b634-acc444ebc69f,"Receipt VISTA/26-27/07/00001 · ₹37,976",sent,null,2026-07-16 06:22:51.196844+00,2026-07-16 06:22:55.044+00
7178ed2f-7738-4e80-a481-e5a5259fed7d,00000000-0000-0000-0000-000000000001,094e990d-bec6-41c8-b966-10a911e3345e,receipt,f986aec0-a5be-42b2-8f1c-209eba6515f1,5e901269-d116-cf62-7661-df859f5b02dc,"Receipt VISTA/26-27/07/R00052 · ₹18,410",sent,null,2026-07-16 06:22:57.264292+00,2026-07-16 06:23:00.396+00
60603fb4-ebf2-4b8b-856a-40e188a9cdab,00000000-0000-0000-0000-000000000001,094e990d-bec6-41c8-b966-10a911e3345e,receipt,55db6695-3f9a-4b4e-a803-0cbea067dd51,01af6f97-6cb1-4799-9476-493b8af42437,"Receipt VISTA/26-27/07/00012 · ₹33,750",sent,null,2026-07-16 06:22:57.451644+00,2026-07-16 06:23:05.631+00
f3031c6f-f442-4ff4-ac6b-0dda34f28098,00000000-0000-0000-0000-000000000001,094e990d-bec6-41c8-b966-10a911e3345e,receipt,b939da19-3869-4fdc-8c24-6746d06182d3,d2de48e8-0097-4d6d-8e3d-62ee7c8f2fcd,"Receipt VISTA/26-27/07/00013 · ₹21,750",sent,null,2026-07-16 06:22:57.653404+00,2026-07-16 06:23:05.631+00
c55e09fa-df70-4960-b8c8-80164ddf857b,00000000-0000-0000-0000-000000000001,094e990d-bec6-41c8-b966-10a911e3345e,receipt,2a4533e7-b3ae-4043-aa4a-8277982549b6,d4890451-59e6-45f4-a75f-b2199aa5a3a7,"Receipt VISTA/26-27/07/00003 · ₹1,000",sent,null,2026-07-16 06:22:57.850322+00,2026-07-16 06:23:05.631+00
788e65e7-34b4-4098-af7e-4681d8bf7fc0,00000000-0000-0000-0000-000000000001,094e990d-bec6-41c8-b966-10a911e3345e,receipt,bb26e0ad-f90d-4b6d-89b4-5150395c68e4,d4890451-59e6-45f4-a75f-b2199aa5a3a7,"Receipt VISTA/26-27/07/00004 · ₹29,250",sent,null,2026-07-16 06:22:58.061318+00,2026-07-16 06:23:05.631+00
28f16cbd-5014-4662-9457-1a781ef9a9f0,00000000-0000-0000-0000-000000000001,094e990d-bec6-41c8-b966-10a911e3345e,receipt,7236fd42-b6ea-48a9-806a-999a880cf10f,49355947-7605-ec5f-7d81-a6597f38d76b,"Receipt VISTA/26-27/07/00021 · ₹15,790",sent,null,2026-07-16 06:22:58.252921+00,2026-07-16 06:23:05.631+00
bb4747b7-fa5e-4a0c-b577-624a9bbf0b6d,00000000-0000-0000-0000-000000000001,094e990d-bec6-41c8-b966-10a911e3345e,receipt,563a6c32-6cdb-4a1b-812e-668509b3e654,257579ca-bef0-99b8-f916-e518891ffdab,"Receipt VISTA/26-27/07/R00048 · ₹33,890",sent,null,2026-07-16 06:23:04.115725+00,2026-07-16 06:23:09.329+00
0323d740-cdf2-48ca-9cc9-2eebd028b05f,00000000-0000-0000-0000-000000000001,094e990d-bec6-41c8-b966-10a911e3345e,receipt,3758111f-9378-4478-9f3e-471e12cf9c63,41a311d7-b970-4e78-a30e-a633fc4e5f2f,"Receipt VISTA/26-27/07/00008 · ₹23,250",sent,null,2026-07-16 06:23:04.295631+00,2026-07-16 06:23:09.329+00
088f7814-36a8-4d5a-9c3d-19ffffa59c59,00000000-0000-0000-0000-000000000001,094e990d-bec6-41c8-b966-10a911e3345e,receipt,68977a86-c35a-4ced-a7ff-065603462b48,55ca6f7c-112a-ec33-7c1c-987508bc9e41,"Receipt VISTA/26-27/07/R00050 · ₹17,780",sent,null,2026-07-16 06:23:10.228786+00,2026-07-16 06:23:13.899+00
cddd74be-9fff-437f-927c-195d48eb1897,00000000-0000-0000-0000-000000000001,094e990d-bec6-41c8-b966-10a911e3345e,receipt,c0329746-46b6-4631-9c41-f14fd1e1fdf3,1b1e4294-4ed3-42e4-b820-7c443e8ddfcf,"Receipt VISTA/26-27/07/00011 · ₹38,750",sent,null,2026-07-16 06:23:10.426348+00,2026-07-16 06:23:13.899+00
971e2a20-64fa-412e-b0d8-3958c2f47da0,00000000-0000-0000-0000-000000000001,094e990d-bec6-41c8-b966-10a911e3345e,receipt,9a76705f-eb59-4e1b-a0f7-8539ec414b39,18d86801-3cb7-11d4-8b9d-433429296014,"Receipt VISTA/26-27/07/00015 · ₹17,720",sent,null,2026-07-16 06:23:10.623469+00,2026-07-16 06:23:17.621+00
f225fe08-e324-4797-a7b2-b5233461a3cd,00000000-0000-0000-0000-000000000001,094e990d-bec6-41c8-b966-10a911e3345e,receipt,84466056-0413-43f2-b752-798c4bbd446e,9eb73523-a830-4796-9317-1a3f4e9e7254,"Receipt VISTA/26-27/07/00002 · ₹37,976",sent,null,2026-07-16 06:23:10.796733+00,2026-07-16 06:23:17.621+00
e9aec4d1-c7b1-486b-a2ec-8062765e08c6,00000000-0000-0000-0000-000000000001,094e990d-bec6-41c8-b966-10a911e3345e,receipt,54c549dd-9bec-459a-ba8d-006cc5d90bd7,30f37c32-22c8-495f-9468-246790e56559,"Receipt VISTA/26-27/07/00010 · ₹23,250",sent,null,2026-07-16 06:23:10.977124+00,2026-07-16 06:23:17.621+00
a20f74ff-54b9-42a4-a1d0-0d226587ff00,00000000-0000-0000-0000-000000000001,094e990d-bec6-41c8-b966-10a911e3345e,receipt,ae3721db-acb3-456a-8af9-8e6e308325ca,1218c50c-4da4-4f61-baec-5182a25958e3,"Receipt VISTA/26-27/07/R00051 · ₹15,330",sent,null,2026-07-16 06:23:17.452221+00,2026-07-16 06:23:21.583+00
a65a75ab-d26d-4c09-a3e4-8244b6f50ee9,00000000-0000-0000-0000-000000000001,094e990d-bec6-41c8-b966-10a911e3345e,receipt,b96f576d-9551-4a35-8588-c0d94a8c60a8,696a4512-7d08-4e23-a774-91ee1afc42d1,"Receipt VISTA/26-27/07/R00168 · ₹21,922",sent,null,2026-07-16 06:23:23.508277+00,2026-07-16 06:23:27.305+00
387dbb71-9e0a-4a7e-b64a-6fa2123348f9,00000000-0000-0000-0000-000000000001,094e990d-bec6-41c8-b966-10a911e3345e,receipt,b4b1ab37-ce9c-447a-adb1-6d1f574d5b32,ba8dd5e0-ed0e-8b6a-7098-2732476feb31,"Receipt VISTA/26-27/07/00030 · ₹15,640",sent,null,2026-07-16 06:23:23.691038+00,2026-07-16 06:23:27.305+00
7e9cd00b-5b27-478b-afcb-5182f9692473,00000000-0000-0000-0000-000000000001,094e990d-bec6-41c8-b966-10a911e3345e,receipt,2f0cfc3e-3399-43c2-82f7-676e1c7834b5,5b45a840-9d6c-242e-0e2f-2e2c972c2eec,"Receipt VISTA/26-27/07/00014 · ₹27,160",sent,null,2026-07-16 06:23:23.883448+00,2026-07-16 06:23:31.689+00
b770a920-6922-44ca-bc22-910296bcde55,00000000-0000-0000-0000-000000000001,094e990d-bec6-41c8-b966-10a911e3345e,receipt,fd479b35-1114-4d50-87d0-5a3f29741f1f,71a9340d-9832-4609-a110-d9b5aaffc020,"Receipt VISTA/26-27/07/00005 · ₹1,000",sent,null,2026-07-16 06:23:24.312753+00,2026-07-16 06:23:31.689+00
d250485c-6cbd-4f3d-afdf-af79333988c0,00000000-0000-0000-0000-000000000001,094e990d-bec6-41c8-b966-10a911e3345e,receipt,a0becffd-438f-453e-a51f-bcd37da18b03,f91c2854-a88b-4630-b2a6-c48401e4dd14,"Receipt VISTA/26-27/07/00018 · ₹22,410",sent,null,2026-07-16 06:23:24.489812+00,2026-07-16 06:23:31.689+00
aa5436ff-d85b-4400-b5cf-3d792b9e4ec8,00000000-0000-0000-0000-000000000001,094e990d-bec6-41c8-b966-10a911e3345e,receipt,6b535f5a-f4be-45f6-b2a5-bbf4f88fc124,6770176e-5bc2-4e8a-aeaf-6a7249e266d6,"Receipt VISTA/26-27/07/R00003 · ₹9,613",sent,null,2026-07-16 06:23:24.715459+00,2026-07-16 06:23:31.689+00
f042b9dc-ca03-4c2c-b450-ecf0af1a9f37,00000000-0000-0000-0000-000000000001,094e990d-bec6-41c8-b966-10a911e3345e,receipt,e8bbbd37-89fe-4abf-bbee-082e0c3abdc8,89d188b4-94a9-2f97-e068-155ed8ec3f5e,"Receipt VISTA/26-27/07/00020 · ₹14,740",sent,null,2026-07-16 06:23:24.901419+00,2026-07-16 06:23:31.689+00
34ea7985-8d30-4b4b-9659-b4fbffc18823,00000000-0000-0000-0000-000000000001,59055ab0-3650-4938-82cd-16022b5211fe,receipt,3adae10c-2198-4b3e-801c-5e581e9841eb,df5ea39c-c069-5211-271d-f0d3831adefa,"Receipt VISTA/26-27/07/00087 · ₹17,890",sent,null,2026-07-17 06:23:09.829336+00,2026-07-17 06:23:17.194+00
12b59455-58d2-49b8-8a21-f1d123360685,00000000-0000-0000-0000-000000000001,38111353-e772-46c7-98f7-7d41ecfb151c,receipt,bea82f38-a1b2-44a8-a088-6dee183e6dcc,284ce00f-b05a-4366-9117-bf73f7449a76,"Receipt VISTA/26-27/07/00060 · ₹13,828",sent,null,2026-07-17 06:46:43.915307+00,2026-07-17 06:46:50.026+00
4c10302b-f354-44de-87b1-bb0673a7f3ac,00000000-0000-0000-0000-000000000001,8cd7607c-5317-4060-ba1d-3665dba28a40,receipt,66918baa-97e2-4a3e-bad4-73750f347c55,2c1980eb-be51-916e-8f61-1e8fe83afb0c,"Receipt VISTA/26-27/06/R00411 · ₹21,825",sent,null,2026-07-17 06:48:48.019132+00,2026-07-17 06:48:52.525+00
bf2b4aaf-3a39-4157-9501-6e7b0e5db7db,00000000-0000-0000-0000-000000000001,8cd7607c-5317-4060-ba1d-3665dba28a40,receipt,97aba0d4-d1ad-44e3-8594-4cc8fc06cc21,2d700a6b-44c4-438b-841f-febe1b2c47a7,"Receipt VISTA/26-27/06/00148 · ₹28,567",sent,null,2026-07-17 06:48:48.204911+00,2026-07-17 06:48:52.525+00
8ef9590c-ba0d-460d-a1d0-706ee07786a8,00000000-0000-0000-0000-000000000001,8cd7607c-5317-4060-ba1d-3665dba28a40,receipt,bffb5df8-d856-4208-b04c-0a2c76762aa5,2d700a6b-44c4-438b-841f-febe1b2c47a7,"Receipt VISTA/26-27/06/00147 · ₹1,000",sent,null,2026-07-17 06:48:48.372191+00,2026-07-17 06:48:52.525+00
db83acde-a48b-4104-b6ef-4c0ce42278d5,00000000-0000-0000-0000-000000000001,8cd7607c-5317-4060-ba1d-3665dba28a40,receipt,eeb5ca52-c0ef-4da2-be48-a0328b4e6741,ec54c666-5b64-42fd-9eb8-880606816c1e,"Receipt VISTA/26-27/06/00138 · ₹1,000",sent,null,2026-07-17 06:48:49.658492+00,2026-07-17 06:48:57.848+00
11dd524c-a4e6-4692-8ee7-62c3c7c7213c,00000000-0000-0000-0000-000000000001,8cd7607c-5317-4060-ba1d-3665dba28a40,receipt,9a275c69-3f84-4955-ab8f-c5c9fa5930df,284ce00f-b05a-4366-9117-bf73f7449a76,"Receipt VISTA/26-27/06/00129 · ₹34,100",sent,null,2026-07-17 06:48:50.922148+00,2026-07-17 06:48:57.848+00
01b3d3ff-8d02-488b-bbb0-d29cb5d92958,00000000-0000-0000-0000-000000000001,8cd7607c-5317-4060-ba1d-3665dba28a40,receipt,e8a72f44-f1b2-4529-bd94-7e8ad86accf6,284ce00f-b05a-4366-9117-bf73f7449a76,"Receipt VISTA/26-27/06/00128 · ₹1,000",sent,null,2026-07-17 06:48:52.155486+00,2026-07-17 06:48:57.848+00
21307ab4-e793-445e-8c60-b38dea2d2a2a,00000000-0000-0000-0000-000000000001,a6d078d7-9fbd-4621-a488-0f069113aa89,receipt,66918baa-97e2-4a3e-bad4-73750f347c55,2c1980eb-be51-916e-8f61-1e8fe83afb0c,"Receipt VISTA/26-27/06/R00411 · ₹21,825",sent,null,2026-07-17 06:59:14.217601+00,2026-07-17 06:59:20.447+00
6c173f22-0f9c-46b8-a99d-a11acf8b022c,00000000-0000-0000-0000-000000000001,a6d078d7-9fbd-4621-a488-0f069113aa89,receipt,97aba0d4-d1ad-44e3-8594-4cc8fc06cc21,2d700a6b-44c4-438b-841f-febe1b2c47a7,"Receipt VISTA/26-27/06/00148 · ₹28,567",sent,null,2026-07-17 06:59:14.460511+00,2026-07-17 06:59:20.448+00
e7c3e723-1595-46e1-a722-e1b67a27573f,00000000-0000-0000-0000-000000000001,a6d078d7-9fbd-4621-a488-0f069113aa89,receipt,bffb5df8-d856-4208-b04c-0a2c76762aa5,2d700a6b-44c4-438b-841f-febe1b2c47a7,"Receipt VISTA/26-27/06/00147 · ₹1,000",sent,null,2026-07-17 06:59:14.693946+00,2026-07-17 06:59:20.448+00
77df0b59-d422-4aac-89e3-308f079769a0,00000000-0000-0000-0000-000000000001,a6d078d7-9fbd-4621-a488-0f069113aa89,receipt,eeb5ca52-c0ef-4da2-be48-a0328b4e6741,ec54c666-5b64-42fd-9eb8-880606816c1e,"Receipt VISTA/26-27/06/00138 · ₹1,000",sent,null,2026-07-17 06:59:14.920141+00,2026-07-17 06:59:20.448+00
228149ba-10fe-4a19-b72b-3e1f5c3047fa,00000000-0000-0000-0000-000000000001,a6d078d7-9fbd-4621-a488-0f069113aa89,receipt,9a275c69-3f84-4955-ab8f-c5c9fa5930df,284ce00f-b05a-4366-9117-bf73f7449a76,"Receipt VISTA/26-27/06/00129 · ₹34,100",sent,null,2026-07-17 06:59:15.166502+00,2026-07-17 06:59:20.448+00
64206d04-1681-4e7c-8ef8-991e33ff4786,00000000-0000-0000-0000-000000000001,a6d078d7-9fbd-4621-a488-0f069113aa89,receipt,e8a72f44-f1b2-4529-bd94-7e8ad86accf6,284ce00f-b05a-4366-9117-bf73f7449a76,"Receipt VISTA/26-27/06/00128 · ₹1,000",sent,null,2026-07-17 06:59:15.49048+00,2026-07-17 06:59:20.448+00
64faefdd-7059-44ef-8abb-4a0c3b6ee83d,00000000-0000-0000-0000-000000000001,7da89e7a-61e3-4364-88b4-0ebd8241d821,receipt,da182805-9f32-46ea-a870-819f86048525,1604768e-85d5-4c44-882a-b748eddc1f37,"Receipt VISTA/26-27/06/00162 · ₹23,200",sent,null,2026-07-17 06:59:42.67081+00,2026-07-17 06:59:47.83+00
b865be1b-af18-40d4-9626-00a4ada6dd32,00000000-0000-0000-0000-000000000001,7da89e7a-61e3-4364-88b4-0ebd8241d821,receipt,8eab5461-16f3-4248-8674-c2bd95502924,2a00764b-10fd-4f2c-84a8-b611cf9b893a,"Receipt VISTA/26-27/06/00160 · ₹23,200",sent,null,2026-07-17 06:59:43.106099+00,2026-07-17 06:59:47.83+00
d4fb0178-c78e-491c-a5b7-b341922bae55,00000000-0000-0000-0000-000000000001,7da89e7a-61e3-4364-88b4-0ebd8241d821,receipt,f33ba78e-eb6a-42d1-b466-4ea0feb84906,1604768e-85d5-4c44-882a-b748eddc1f37,"Receipt VISTA/26-27/06/00153 · ₹1,000",sent,null,2026-07-17 06:59:43.376646+00,2026-07-17 06:59:52.05+00
2fd4be30-1eae-4cd3-854c-827708d16cd3,00000000-0000-0000-0000-000000000001,7da89e7a-61e3-4364-88b4-0ebd8241d821,receipt,b7387fb1-ac9d-42b5-af76-8d331608ca27,2a00764b-10fd-4f2c-84a8-b611cf9b893a,"Receipt VISTA/26-27/06/00152 · ₹1,000",sent,null,2026-07-17 06:59:43.61573+00,2026-07-17 06:59:52.05+00
8bafe567-e355-44c2-8f2f-ef53dcedf713,00000000-0000-0000-0000-000000000001,afc646c0-9fa9-4d6c-9c51-3790ef3d75e1,receipt,578b97b0-a714-4b8c-9fa2-9517710841aa,be2214d4-f4b5-4c51-825a-83cddbfb06f8,"Receipt VISTA/26-27/07/00085 · ₹1,000",sent,null,2026-07-17 07:01:27.557504+00,2026-07-17 07:01:32.361+00
5ffaadf0-9810-49ba-9434-d4baf24411b3,00000000-0000-0000-0000-000000000001,afc646c0-9fa9-4d6c-9c51-3790ef3d75e1,receipt,bcfa2946-8491-47ab-b178-da5ea53366f8,be2214d4-f4b5-4c51-825a-83cddbfb06f8,"Receipt VISTA/26-27/07/00086 · ₹36,267",sent,null,2026-07-17 07:01:33.781869+00,2026-07-17 07:01:38.651+00
775734a0-48da-4ef4-acae-8b11c8d0edb6,00000000-0000-0000-0000-000000000001,afc646c0-9fa9-4d6c-9c51-3790ef3d75e1,receipt,c5f24b5f-29f4-464f-a009-4c5327fde35a,2a00764b-10fd-4f2c-84a8-b611cf9b893a,"Receipt VISTA/26-27/07/R00196 · ₹14,686",sent,null,2026-07-17 07:01:40.132779+00,2026-07-17 07:01:44.402+00
28829c26-9ed0-4c95-a756-3613bc782c88,00000000-0000-0000-0000-000000000001,afc646c0-9fa9-4d6c-9c51-3790ef3d75e1,receipt,9832889a-9f69-45b7-9a81-350a03445d99,8b48adf3-c14a-fa6d-9785-b4bcb35f8fbb,Receipt VISTA/26-27/07/R00162 · ₹90,sent,null,2026-07-17 07:01:40.324605+00,2026-07-17 07:01:44.402+00
d719ff45-c245-455c-982c-30951443d2d3,00000000-0000-0000-0000-000000000001,399a82f9-f45e-4372-b542-5594b7da4819,receipt,49e95b4a-ffae-4f79-86ab-1c0af55678a6,be84008a-74d3-3cc1-6fd6-bcef998f7bff,"Receipt VISTA/26-27/07/00088 · ₹21,120",sent,null,2026-07-18 05:46:08.874077+00,2026-07-18 05:46:12.253+00
b5625dd1-af09-4c95-9194-5fc5f820a6ce,00000000-0000-0000-0000-000000000001,a145a9b5-3e2e-4256-9429-c73a6cc97ec0,receipt,098488a9-3842-40e6-858c-074708c7d0f4,be84008a-74d3-3cc1-6fd6-bcef998f7bff,Receipt VISTA/26-27/07/00089 · ₹690,sent,null,2026-07-18 05:54:14.251019+00,2026-07-18 05:54:18.992+00
19b32b24-970e-4517-8905-47df883a088c,00000000-0000-0000-0000-000000000001,f24a48a5-a98a-4737-acc3-fbe42230982d,invoice,c08221a0-7659-4ea7-9fca-ddf7593d4bf0,22a9494d-0e02-6fba-4aee-7947f1e6110b,Invoice VISTA/26-27/07/00148 · 2026-07,sent,null,2026-07-21 05:55:49.189646+00,2026-07-21 05:55:55.982+00
280b7376-bc38-4b5b-89ef-0a063cf74be7,00000000-0000-0000-0000-000000000001,1e0c1fb2-b261-466a-bf39-92282473594b,receipt,1e85f28f-05e8-496f-9521-71db6303d5a4,0366c854-a2dd-42cd-b83a-7a0affb3fa85,"Receipt VISTA/26-27/07/00096 · ₹1,000",sent,null,2026-07-21 10:15:03.70827+00,2026-07-21 10:15:09.211+00
956a8b64-eb81-4198-9335-31643a090cf0,00000000-0000-0000-0000-000000000001,1e0c1fb2-b261-466a-bf39-92282473594b,receipt,56011449-b6f2-4fd8-a156-5f38cc4ce1e3,6e29f80e-ffb7-4c7e-9f39-a7980c00926b,"Receipt VISTA/26-27/07/00095 · ₹1,000",sent,null,2026-07-21 10:15:10.29522+00,2026-07-21 10:15:14.838+00
cd8e4cd2-eabf-4232-9f93-8876c544045b,00000000-0000-0000-0000-000000000001,1e0c1fb2-b261-466a-bf39-92282473594b,receipt,abc7a1cd-0a12-4b7a-9fcf-c745db5a6b07,01af6f97-6cb1-4799-9476-493b8af42437,"Receipt VISTA/26-27/07/R00206 · ₹1,200",sent,null,2026-07-21 10:15:17.229449+00,2026-07-21 10:15:21.097+00
0d9e4698-7024-4267-bcf7-4a3415657a83,00000000-0000-0000-0000-000000000001,1e0c1fb2-b261-466a-bf39-92282473594b,receipt,c8984764-b2af-450f-a0d3-4cd8d7259205,01af6f97-6cb1-4799-9476-493b8af42437,"Receipt VISTA/26-27/07/R00205 · ₹2,000",sent,null,2026-07-21 10:15:23.85039+00,2026-07-21 10:15:28.411+00
e87ccfb5-4e77-4f1f-8c57-f6884bb4dd54,00000000-0000-0000-0000-000000000001,1e0c1fb2-b261-466a-bf39-92282473594b,receipt,36ad81b9-ee11-45a8-8fdf-557480c42980,918b6526-10a3-4e0e-b3d8-7862211d2485,"Receipt VISTA/26-27/07/00093 · ₹1,000",sent,null,2026-07-21 10:15:30.834001+00,2026-07-21 10:15:35.576+00
3e76522c-99ee-43a4-8d9a-4c055c15ab2c,00000000-0000-0000-0000-000000000001,1e0c1fb2-b261-466a-bf39-92282473594b,receipt,75562d13-b3ab-46c7-bd15-0e75c84c5f3a,6e52de53-d0e1-4fff-871f-36aa18ac4720,"Receipt VISTA/26-27/07/00091 · ₹23,250",sent,null,2026-07-21 10:15:37.37765+00,2026-07-21 10:15:43.657+00
c1c2cd22-03d6-425e-b520-f7e535cd72cd,00000000-0000-0000-0000-000000000001,1e0c1fb2-b261-466a-bf39-92282473594b,receipt,65b8aeab-25c0-4d2b-8e18-c3d90266b23d,6e52de53-d0e1-4fff-871f-36aa18ac4720,"Receipt VISTA/26-27/07/00090 · ₹1,000",sent,null,2026-07-21 10:15:44.522679+00,2026-07-21 10:15:48.435+00
8d14a1c2-288a-4cec-bccf-a43d52082e49,00000000-0000-0000-0000-000000000001,1e0c1fb2-b261-466a-bf39-92282473594b,receipt,016cd028-8369-4425-ab4d-2cbc59451ab2,1870394c-0b26-4010-85ca-50f7ba65ec6c,"Receipt VISTA/26-27/07/00092 · ₹1,000",sent,null,2026-07-21 10:15:51.880178+00,2026-07-21 10:15:59.79+00
24a60f8e-d4aa-454a-877c-6f072c2db223,00000000-0000-0000-0000-000000000001,1e0c1fb2-b261-466a-bf39-92282473594b,receipt,c1a223ce-d2c0-4d4f-820f-288f5a7778c1,918b6526-10a3-4e0e-b3d8-7862211d2485,"Receipt VISTA/26-27/07/00094 · ₹30,250",sent,null,2026-07-21 10:15:58.530921+00,2026-07-21 10:16:03.906+00
f9bc8fb3-43f7-4193-a304-1791c1c4b8b9,00000000-0000-0000-0000-000000000001,fb58f374-bc10-4a01-8fa8-f2cd66c074dc,receipt,9fc80d8d-d60a-4e60-84fd-ba535129cb46,22a9494d-0e02-6fba-4aee-7947f1e6110b,"Receipt VISTA/26-27/07/00098 · ₹17,810",sent,null,2026-07-21 11:06:18.531114+00,2026-07-21 11:06:24.003+00
82252407-7ab7-4f10-8981-76e09a61e363,00000000-0000-0000-0000-000000000001,b92d4335-8c83-487a-b3b1-9c95a9e7a3a4,receipt,7adc0584-bec7-439a-823d-1a7bc3c220fc,0366c854-a2dd-42cd-b83a-7a0affb3fa85,"Receipt VISTA/26-27/07/00101 · ₹27,750",sent,null,2026-07-23 09:48:30.221019+00,2026-07-23 09:48:35.455+00
e791bbd0-9381-4d8a-91f5-b4f584165b80,00000000-0000-0000-0000-000000000001,b92d4335-8c83-487a-b3b1-9c95a9e7a3a4,receipt,afb9990c-5237-4e06-91d1-8009ba874e90,9fd15f79-3f68-411c-a282-24af6ade0fdb,"Receipt VISTA/26-27/07/00100 · ₹1,000",sent,null,2026-07-23 09:48:37.201706+00,2026-07-23 09:48:42.087+00
3044d667-32f7-4113-922f-51ed4a4ed6d1,00000000-0000-0000-0000-000000000001,b92d4335-8c83-487a-b3b1-9c95a9e7a3a4,receipt,dd473618-a27e-4af0-ae08-9354df44ae30,25bb9427-9bb6-44a6-8a24-9566a07a856d,"Receipt VISTA/26-27/07/00099 · ₹1,000",sent,null,2026-07-23 09:48:44.230603+00,2026-07-23 09:48:48.117+00
093d7fde-5cb1-4e2d-9121-abe5e07304b4,00000000-0000-0000-0000-000000000001,b92d4335-8c83-487a-b3b1-9c95a9e7a3a4,receipt,d80aca7e-5c5a-49eb-9300-cf56e2a62b4b,2794ccf7-4966-f00d-35d6-34ac17db73ea,"Receipt VISTA/26-27/07/R00214 · ₹20,994",sent,null,2026-07-23 09:48:50.513607+00,2026-07-23 09:48:55.245+00
21e1b0d7-3765-4ddc-9140-ab03c6c2c2a5,00000000-0000-0000-0000-000000000001,dd5f72fc-3500-4a90-9add-05f6fbb2e375,invoice,40c30fe0-eb75-4528-9981-ccd5fc066991,38305983-db92-2c3c-7949-96f7ca7833eb,Invoice VISTA/26-27/08/00073 · 2026-08,sent,null,2026-07-31 10:19:13.709534+00,2026-07-31 10:19:28.522+00
0b81a68d-36e3-48cf-891c-f82edb755978,00000000-0000-0000-0000-000000000001,dd5f72fc-3500-4a90-9add-05f6fbb2e375,invoice,a6ebe29c-93ce-4aa4-bb49-c307ccaa144a,11e96dd2-92f4-f793-56db-439d5b3de156,Invoice VISTA/26-27/08/00100 · 2026-08,sent,null,2026-07-31 10:19:21.099997+00,2026-07-31 10:19:41.762+00
a6364bac-5f20-4ed7-a323-8787d32fbdc7,00000000-0000-0000-0000-000000000001,dd5f72fc-3500-4a90-9add-05f6fbb2e375,invoice,9e2b8c99-3fda-4486-bdad-495546144e75,f59fa4ad-6dca-c7e7-d459-5326609a6412,Invoice VISTA/26-27/08/00072 · 2026-08,sent,null,2026-07-31 10:19:30.217786+00,2026-07-31 10:19:52.743+00
bdf85d0e-ee61-4609-8e41-60dec54c2c9c,00000000-0000-0000-0000-000000000001,dd5f72fc-3500-4a90-9add-05f6fbb2e375,invoice,cd6f4c74-993a-4de5-bf0e-4bc78655c1c6,89d188b4-94a9-2f97-e068-155ed8ec3f5e,Invoice VISTA/26-27/08/00063 · 2026-08,sent,null,2026-07-31 10:19:38.729123+00,2026-07-31 10:19:52.743+00
8d9ce450-cead-4180-b569-b62b7f99ca29,00000000-0000-0000-0000-000000000001,dd5f72fc-3500-4a90-9add-05f6fbb2e375,invoice,038f556c-3b08-4a22-bd79-220201195d18,8334eb99-0bc0-3c80-9ff8-83bea3d7b5ef,Invoice VISTA/26-27/08/00074 · 2026-08,sent,null,2026-07-31 10:19:44.884737+00,2026-07-31 10:20:05.207+00
cf759852-65f4-482b-a371-656854abbbf9,00000000-0000-0000-0000-000000000001,dd5f72fc-3500-4a90-9add-05f6fbb2e375,invoice,baf70654-1d26-478d-8f0f-4f509cc8747c,22b0be2d-52c5-1127-642d-4f1083b404ca,Invoice VISTA/26-27/08/00094 · 2026-08,sent,null,2026-07-31 10:19:50.438016+00,2026-07-31 10:20:05.207+00
83e68bce-6ba5-44d8-b012-3b0005400410,00000000-0000-0000-0000-000000000001,dd5f72fc-3500-4a90-9add-05f6fbb2e375,invoice,789b74e5-31d9-4254-9bf7-6a29a2d2a781,9fd15f79-3f68-411c-a282-24af6ade0fdb,Invoice VISTA/26-27/08/00006 · 2026-08,sent,null,2026-07-31 10:19:57.138456+00,2026-07-31 10:20:12.39+00
b0ae003c-4cd6-4dae-bb7f-e5a6ce012c7e,00000000-0000-0000-0000-000000000001,dd5f72fc-3500-4a90-9add-05f6fbb2e375,invoice,c04a91cd-5104-47db-951e-f6328b8ae1df,1b1e4294-4ed3-42e4-b820-7c443e8ddfcf,Invoice VISTA/26-27/08/00032 · 2026-08,sent,null,2026-07-31 10:20:02.782392+00,2026-07-31 10:20:12.39+00
5d583509-834a-42cd-9b8f-8a94c973b94f,00000000-0000-0000-0000-000000000001,dd5f72fc-3500-4a90-9add-05f6fbb2e375,invoice,0787349f-f0f1-437d-812e-948e75243151,83f51f9d-9d36-eda9-e7fb-5b1badbbd5d9,Invoice VISTA/26-27/08/00112 · 2026-08,sent,null,2026-07-31 10:20:08.773724+00,2026-07-31 10:20:18.579+00
ef4963c2-633b-48f8-9039-304c453592c6,00000000-0000-0000-0000-000000000001,dd5f72fc-3500-4a90-9add-05f6fbb2e375,invoice,2f9b321a-da49-428e-b81c-c0d4503e537a,f2a00e3d-de04-40a3-6f41-a3ebfcab4a3c,Invoice VISTA/26-27/08/00109 · 2026-08,sent,null,2026-07-31 10:20:13.95581+00,2026-07-31 10:20:24.005+00
31069bb2-0950-4166-a08b-c32c9082f8fd,00000000-0000-0000-0000-000000000001,dd5f72fc-3500-4a90-9add-05f6fbb2e375,invoice,787e6508-7e07-449a-813a-a6dd6b944b60,d926094a-e5b5-4bc7-af79-7f822211d3f3,Invoice VISTA/26-27/08/00012 · 2026-08,sent,null,2026-07-31 10:20:19.554831+00,2026-07-31 10:20:27.839+00
e59b641f-cfce-42d2-a2d3-57edb6419e9c,00000000-0000-0000-0000-000000000001,dd5f72fc-3500-4a90-9add-05f6fbb2e375,invoice,1b45684c-2a4a-4932-b6d8-957a64f28ba6,21e237d1-286e-324e-0cef-45725d629768,Invoice VISTA/26-27/08/00095 · 2026-08,sent,null,2026-07-31 10:20:24.949441+00,2026-07-31 10:20:31.888+00
79b9786d-a73e-4d98-8af6-7034588c6b6b,00000000-0000-0000-0000-000000000001,dd5f72fc-3500-4a90-9add-05f6fbb2e375,invoice,431e1298-0f3e-4105-91e0-05bf8d46c547,5527e05d-475b-45ed-a6f4-284340eed262,Invoice VISTA/26-27/08/00057 · 2026-08,sent,null,2026-07-31 10:20:32.854639+00,2026-07-31 10:20:38.054+00
65a9dda5-8edc-4f90-a3b3-99158c5994e4,00000000-0000-0000-0000-000000000001,dd5f72fc-3500-4a90-9add-05f6fbb2e375,invoice,bda00ae0-464b-4e7a-8f69-f9c93800b761,d751c131-c1c9-4f5c-88f8-7e4c6cb710b3,Invoice VISTA/26-27/08/00062 · 2026-08,sent,null,2026-07-31 10:20:41.181889+00,2026-07-31 10:20:46+00
7d6975a8-a650-4991-a71c-9778c1b5a2d8,00000000-0000-0000-0000-000000000001,dd5f72fc-3500-4a90-9add-05f6fbb2e375,invoice,611e6801-fd61-44c5-b582-06f948dd5b93,77dd12b8-a20b-05c8-2372-79ba1b1624a9,Invoice VISTA/26-27/08/00153 · 2026-08,sent,null,2026-07-31 10:20:48.950725+00,2026-07-31 10:20:52.879+00
e30ee39d-f309-4201-847e-cdecfa486b15,00000000-0000-0000-0000-000000000001,dd5f72fc-3500-4a90-9add-05f6fbb2e375,invoice,6d452c2e-ff91-472e-8398-397fd4f7e683,1bc75090-ac1a-44a6-bb22-f211aca7c760,Invoice VISTA/26-27/08/00048 · 2026-08,sent,null,2026-07-31 10:20:56.029253+00,2026-07-31 10:20:59.717+00
0f2a11f0-5445-444b-af44-24129ae21bcd,00000000-0000-0000-0000-000000000001,dd5f72fc-3500-4a90-9add-05f6fbb2e375,invoice,7caa5613-385a-4935-bc81-b2abe58c4d39,a6037691-771e-8146-3714-f9dedb8acbcc,Invoice VISTA/26-27/08/00077 · 2026-08,sent,null,2026-07-31 10:21:02.280582+00,2026-07-31 10:21:06.185+00
cc84349d-65b6-4357-925d-c15113adb087,00000000-0000-0000-0000-000000000001,dd5f72fc-3500-4a90-9add-05f6fbb2e375,invoice,0b44f982-2850-441f-a2ff-5418c536025e,d6d33436-345a-e39c-9f8d-91c76dca514e,Invoice VISTA/26-27/08/00106 · 2026-08,sent,null,2026-07-31 10:21:19.572836+00,2026-07-31 10:21:23.574+00
a28dd7fa-ff9c-47c0-a880-3d070aae748e,00000000-0000-0000-0000-000000000001,0e3890ff-d293-4651-bdbd-baca356dbf1e,invoice,40c30fe0-eb75-4528-9981-ccd5fc066991,38305983-db92-2c3c-7949-96f7ca7833eb,Invoice VISTA/26-27/08/00073 · 2026-08,sent,null,2026-07-31 10:21:25.340048+00,2026-07-31 10:21:29.698+00
3c7af468-9c32-48d4-b6e4-76be59d88998,00000000-0000-0000-0000-000000000001,dd5f72fc-3500-4a90-9add-05f6fbb2e375,invoice,d7d90c84-fbc0-4abf-a6fd-aab10aff10d2,11316c38-dc08-4983-3588-fcadd88bd5d2,Invoice VISTA/26-27/08/00101 · 2026-08,sent,null,2026-07-31 10:21:47.861906+00,2026-07-31 10:21:51.958+00
2f1a8d6e-00f0-4996-8197-4778ef467563,00000000-0000-0000-0000-000000000001,dd5f72fc-3500-4a90-9add-05f6fbb2e375,invoice,62559f7d-e441-4fbf-b403-70bfcfdd59a1,b3002707-86e9-43d5-956d-cf108fb6a23f,Invoice VISTA/26-27/08/00056 · 2026-08,sent,null,2026-07-31 10:22:21.754877+00,2026-07-31 10:22:25.897+00
68367d60-4260-446e-a943-e5b9358200cf,00000000-0000-0000-0000-000000000001,0e3890ff-d293-4651-bdbd-baca356dbf1e,invoice,a6ebe29c-93ce-4aa4-bb49-c307ccaa144a,11e96dd2-92f4-f793-56db-439d5b3de156,Invoice VISTA/26-27/08/00100 · 2026-08,sent,null,2026-07-31 10:22:22.01486+00,2026-07-31 10:22:28.732+00
7087e0d2-fe4e-40ce-8d35-a0f92d75884e,00000000-0000-0000-0000-000000000001,dd5f72fc-3500-4a90-9add-05f6fbb2e375,invoice,69a4e4e6-9ce4-4200-a392-e823202b016c,83af11b3-a274-7404-3265-ec658f74f8cf,Invoice VISTA/26-27/08/00002 · 2026-08,sent,null,2026-07-31 10:23:09.608769+00,2026-07-31 10:23:13.305+00
d819f64f-be10-460e-9185-c6ab4284e10b,00000000-0000-0000-0000-000000000001,0e3890ff-d293-4651-bdbd-baca356dbf1e,invoice,9e2b8c99-3fda-4486-bdad-495546144e75,f59fa4ad-6dca-c7e7-d459-5326609a6412,Invoice VISTA/26-27/08/00072 · 2026-08,sent,null,2026-07-31 10:23:46.269598+00,2026-07-31 10:23:50.164+00
63243d62-08e7-4ce9-8555-2162f4cdd872,00000000-0000-0000-0000-000000000001,dd5f72fc-3500-4a90-9add-05f6fbb2e375,invoice,f0e5358e-cade-4dd6-acad-fb8a15a4ef11,f70ae790-e17b-aca8-a21a-82ddd895450b,Invoice VISTA/26-27/08/00040 · 2026-08,sent,null,2026-07-31 10:24:27.267048+00,2026-07-31 10:24:32.255+00
6508a5d7-c909-4f3c-b025-1d1dfd9dfc6a,00000000-0000-0000-0000-000000000001,0e3890ff-d293-4651-bdbd-baca356dbf1e,invoice,cd6f4c74-993a-4de5-bf0e-4bc78655c1c6,89d188b4-94a9-2f97-e068-155ed8ec3f5e,Invoice VISTA/26-27/08/00063 · 2026-08,sent,null,2026-07-31 10:25:04.366554+00,2026-07-31 10:25:09.666+00
415ff5b6-63d7-44f6-9e4f-ca4601ffeece,00000000-0000-0000-0000-000000000001,dd5f72fc-3500-4a90-9add-05f6fbb2e375,invoice,00b1c9e6-5a39-443e-9070-7e37c3ee20c0,01af6f97-6cb1-4799-9476-493b8af42437,Invoice VISTA/26-27/08/00031 · 2026-08,sent,null,2026-07-31 10:25:41.230608+00,2026-07-31 10:25:45.148+00
99d493ba-4532-4072-b940-6076def42cb4,00000000-0000-0000-0000-000000000001,0e3890ff-d293-4651-bdbd-baca356dbf1e,invoice,038f556c-3b08-4a22-bd79-220201195d18,8334eb99-0bc0-3c80-9ff8-83bea3d7b5ef,Invoice VISTA/26-27/08/00074 · 2026-08,sent,null,2026-07-31 10:26:18.916339+00,2026-07-31 10:26:25.109+00
429a4038-ce4b-45d6-8fc0-eea2b8deaf48,00000000-0000-0000-0000-000000000001,dd5f72fc-3500-4a90-9add-05f6fbb2e375,invoice,105c367d-7fad-4af9-934d-65b8f12a3aa6,3e50af3d-452f-d098-b3bc-3c2a64576d55,Invoice VISTA/26-27/08/00092 · 2026-08,sent,null,2026-07-31 10:26:53.89656+00,2026-07-31 10:29:10.013+00
26171f5e-f42d-4711-ad70-9b6a5b4b7761,00000000-0000-0000-0000-000000000001,0e3890ff-d293-4651-bdbd-baca356dbf1e,invoice,baf70654-1d26-478d-8f0f-4f509cc8747c,22b0be2d-52c5-1127-642d-4f1083b404ca,Invoice VISTA/26-27/08/00094 · 2026-08,sent,null,2026-07-31 10:27:30.028482+00,2026-07-31 10:27:34.868+00
c028ecaf-22eb-4120-8ec4-4777d7a33e21,00000000-0000-0000-0000-000000000001,dd5f72fc-3500-4a90-9add-05f6fbb2e375,invoice,c098c9bf-1ab4-4164-b6f0-d94a797589a1,1d4c0119-5151-7a5b-2266-f16e44f67157,Invoice VISTA/26-27/08/00119 · 2026-08,sent,null,2026-07-31 10:27:37.716525+00,2026-07-31 10:29:10.013+00
c64907af-9aab-41ea-b902-77461d3d2827,00000000-0000-0000-0000-000000000001,0e3890ff-d293-4651-bdbd-baca356dbf1e,invoice,789b74e5-31d9-4254-9bf7-6a29a2d2a781,9fd15f79-3f68-411c-a282-24af6ade0fdb,Invoice VISTA/26-27/08/00006 · 2026-08,sent,null,2026-07-31 10:27:42.324069+00,2026-07-31 10:29:10.879+00
97a2adff-eda5-4c50-a064-337b9d017e8f,00000000-0000-0000-0000-000000000001,0e3890ff-d293-4651-bdbd-baca356dbf1e,invoice,c04a91cd-5104-47db-951e-f6328b8ae1df,1b1e4294-4ed3-42e4-b820-7c443e8ddfcf,Invoice VISTA/26-27/08/00032 · 2026-08,sent,null,2026-07-31 10:27:47.803668+00,2026-07-31 10:29:10.879+00
e77ca7e9-eaba-4988-b76f-43ca1e828313,00000000-0000-0000-0000-000000000001,dd5f72fc-3500-4a90-9add-05f6fbb2e375,invoice,c99c69b7-1dac-4e81-919a-034e3b826d6f,cda37b51-1bbc-af0d-a560-49af88fdc751,Invoice VISTA/26-27/08/00104 · 2026-08,sent,null,2026-07-31 10:27:52.1374+00,2026-07-31 10:29:10.013+00
412a8072-0bf1-4f5d-8d1e-cab38272b9c5,00000000-0000-0000-0000-000000000001,0e3890ff-d293-4651-bdbd-baca356dbf1e,invoice,0787349f-f0f1-437d-812e-948e75243151,83f51f9d-9d36-eda9-e7fb-5b1badbbd5d9,Invoice VISTA/26-27/08/00112 · 2026-08,sent,null,2026-07-31 10:27:57.268976+00,2026-07-31 10:29:10.879+00
23b85abc-d7db-4b68-85da-2d6fd6ef708a,00000000-0000-0000-0000-000000000001,0e3890ff-d293-4651-bdbd-baca356dbf1e,invoice,2f9b321a-da49-428e-b81c-c0d4503e537a,f2a00e3d-de04-40a3-6f41-a3ebfcab4a3c,Invoice VISTA/26-27/08/00109 · 2026-08,sent,null,2026-07-31 10:28:01.864928+00,2026-07-31 10:29:10.879+00
cc0a2ea7-3e12-4a1b-969a-95afc81c86b9,00000000-0000-0000-0000-000000000001,dd5f72fc-3500-4a90-9add-05f6fbb2e375,invoice,815bdc85-91a0-4df9-a218-1a6c75483b06,961c950e-debe-4dd2-8e5f-08bf92bda977,Invoice VISTA/26-27/08/00026 · 2026-08,sent,null,2026-07-31 10:28:06.180846+00,2026-07-31 10:29:10.013+00
f7fa35cc-184c-4a91-8d71-71dfad474654,00000000-0000-0000-0000-000000000001,0e3890ff-d293-4651-bdbd-baca356dbf1e,invoice,787e6508-7e07-449a-813a-a6dd6b944b60,d926094a-e5b5-4bc7-af79-7f822211d3f3,Invoice VISTA/26-27/08/00012 · 2026-08,sent,null,2026-07-31 10:28:10.900386+00,2026-07-31 10:29:10.879+00
b03eeaae-5d3e-41f9-b167-5f3e8707df91,00000000-0000-0000-0000-000000000001,dd5f72fc-3500-4a90-9add-05f6fbb2e375,invoice,370aa89a-90c3-4ee1-afd6-ae60e718cff2,cd2c3f97-4df7-b32f-d0c0-12031beae516,Invoice VISTA/26-27/08/00158 · 2026-08,sent,null,2026-07-31 10:28:16.147997+00,2026-07-31 10:29:10.013+00
bb224338-3638-460d-bea4-05b40547ca86,00000000-0000-0000-0000-000000000001,0e3890ff-d293-4651-bdbd-baca356dbf1e,invoice,1b45684c-2a4a-4932-b6d8-957a64f28ba6,21e237d1-286e-324e-0cef-45725d629768,Invoice VISTA/26-27/08/00095 · 2026-08,sent,null,2026-07-31 10:28:20.660851+00,2026-07-31 10:29:10.879+00
24b263f3-4373-4242-b384-826489b05c08,00000000-0000-0000-0000-000000000001,dd5f72fc-3500-4a90-9add-05f6fbb2e375,invoice,0eada564-2538-4c74-b279-45375a147280,e0174322-3fb7-483f-91a0-61b903ae3e49,Invoice VISTA/26-27/08/00033 · 2026-08,sent,null,2026-07-31 10:28:25.190073+00,2026-07-31 10:29:10.013+00
5cd07b6b-e633-4a4e-b961-ebdfa8713cd2,00000000-0000-0000-0000-000000000001,0e3890ff-d293-4651-bdbd-baca356dbf1e,invoice,431e1298-0f3e-4105-91e0-05bf8d46c547,5527e05d-475b-45ed-a6f4-284340eed262,Invoice VISTA/26-27/08/00057 · 2026-08,sent,null,2026-07-31 10:28:30.044761+00,2026-07-31 10:29:10.879+00
c9434b97-b55f-4660-8af6-79285dbf69d9,00000000-0000-0000-0000-000000000001,dd5f72fc-3500-4a90-9add-05f6fbb2e375,invoice,85c6ba63-0f90-4667-9eba-23933470bf94,f91c2854-a88b-4630-b2a6-c48401e4dd14,Invoice VISTA/26-27/08/00043 · 2026-08,sent,null,2026-07-31 10:28:34.966898+00,2026-07-31 10:29:10.013+00
e2bcf68c-68e5-4b4d-8f94-a34b07ff1ad4,00000000-0000-0000-0000-000000000001,0e3890ff-d293-4651-bdbd-baca356dbf1e,invoice,bda00ae0-464b-4e7a-8f69-f9c93800b761,d751c131-c1c9-4f5c-88f8-7e4c6cb710b3,Invoice VISTA/26-27/08/00062 · 2026-08,sent,null,2026-07-31 10:28:39.110048+00,2026-07-31 10:29:10.879+00
26a3b1c1-d1d9-4327-92fe-95b03703325d,00000000-0000-0000-0000-000000000001,dd5f72fc-3500-4a90-9add-05f6fbb2e375,invoice,316eecd0-c28f-4453-a545-b4f715e432f7,3b27dc97-dafa-0480-7b61-5549a3ea7eee,Invoice VISTA/26-27/08/00118 · 2026-08,sent,null,2026-07-31 10:28:43.760351+00,2026-07-31 10:29:10.013+00
0ff567f2-294e-479e-ba63-829f04e61479,00000000-0000-0000-0000-000000000001,0e3890ff-d293-4651-bdbd-baca356dbf1e,invoice,611e6801-fd61-44c5-b582-06f948dd5b93,77dd12b8-a20b-05c8-2372-79ba1b1624a9,Invoice VISTA/26-27/08/00153 · 2026-08,sent,null,2026-07-31 10:28:48.978438+00,2026-07-31 10:29:10.879+00
0dd91cac-898e-4a81-a061-2ae736cddf53,00000000-0000-0000-0000-000000000001,dd5f72fc-3500-4a90-9add-05f6fbb2e375,invoice,70948315-5bad-4e2f-974b-1faf329588f5,5e901269-d116-cf62-7661-df859f5b02dc,Invoice VISTA/26-27/08/00113 · 2026-08,sent,null,2026-07-31 10:28:53.487445+00,2026-07-31 10:29:10.013+00
31c4914d-a609-43f1-aba6-faea03834b18,00000000-0000-0000-0000-000000000001,0e3890ff-d293-4651-bdbd-baca356dbf1e,invoice,6d452c2e-ff91-472e-8398-397fd4f7e683,1bc75090-ac1a-44a6-bb22-f211aca7c760,Invoice VISTA/26-27/08/00048 · 2026-08,sent,null,2026-07-31 10:28:57.633404+00,2026-07-31 10:29:10.879+00
20228e4e-0e8d-4b08-9569-5bbcafe72969,00000000-0000-0000-0000-000000000001,dd5f72fc-3500-4a90-9add-05f6fbb2e375,invoice,4d8855ba-1d44-4205-8313-7ce66c5b90b8,8123af5e-305b-80f8-20db-4d54b7f628c7,Invoice VISTA/26-27/08/00089 · 2026-08,sent,null,2026-07-31 10:29:02.488181+00,2026-07-31 10:29:10.013+00
3bdb0dc4-f979-4f03-bb21-4f906d9086ff,00000000-0000-0000-0000-000000000001,0e3890ff-d293-4651-bdbd-baca356dbf1e,invoice,7caa5613-385a-4935-bc81-b2abe58c4d39,a6037691-771e-8146-3714-f9dedb8acbcc,Invoice VISTA/26-27/08/00077 · 2026-08,sent,null,2026-07-31 10:29:03.546585+00,2026-07-31 10:29:10.879+00
82da7e6f-a98d-45c2-a78f-68e09ae62515,00000000-0000-0000-0000-000000000001,dd5f72fc-3500-4a90-9add-05f6fbb2e375,invoice,7b8664a0-04aa-41b3-a2fa-c0336ebb6aa6,86cd2239-fa55-0389-437e-e8fd505dc931,Invoice VISTA/26-27/08/00134 · 2026-08,sent,null,2026-07-31 10:29:03.605841+00,2026-07-31 10:29:10.013+00
a62d19a8-a07f-4bca-8df5-1b5b357876b8,00000000-0000-0000-0000-000000000001,0e3890ff-d293-4651-bdbd-baca356dbf1e,invoice,0b44f982-2850-441f-a2ff-5418c536025e,d6d33436-345a-e39c-9f8d-91c76dca514e,Invoice VISTA/26-27/08/00106 · 2026-08,sent,null,2026-07-31 10:29:05.263539+00,2026-07-31 10:29:10.879+00
36733319-add0-4b91-b0ec-fd8e2e45efa3,00000000-0000-0000-0000-000000000001,dd5f72fc-3500-4a90-9add-05f6fbb2e375,invoice,a4e705ac-defb-4a84-9cf5-4432b20fe25a,2c1980eb-be51-916e-8f61-1e8fe83afb0c,Invoice VISTA/26-27/08/00105 · 2026-08,sent,null,2026-07-31 10:29:05.275481+00,2026-07-31 10:29:15.146+00
f9115880-916e-462c-b06b-e888dc734040,00000000-0000-0000-0000-000000000001,0e3890ff-d293-4651-bdbd-baca356dbf1e,invoice,d7d90c84-fbc0-4abf-a6fd-aab10aff10d2,11316c38-dc08-4983-3588-fcadd88bd5d2,Invoice VISTA/26-27/08/00101 · 2026-08,sent,null,2026-07-31 10:29:06.992621+00,2026-07-31 10:29:16.083+00
f708e8e2-39d9-4be2-972f-95da4f438c26,00000000-0000-0000-0000-000000000001,dd5f72fc-3500-4a90-9add-05f6fbb2e375,invoice,73820571-6a09-4b8c-b7dc-e57fe6b452a9,61031b0a-ef18-26aa-64b7-d412d7b3d276,Invoice VISTA/26-27/08/00159 · 2026-08,sent,null,2026-07-31 10:29:06.99604+00,2026-07-31 10:29:15.146+00
29e9dc7b-0608-4095-b159-80fe5925abcb,00000000-0000-0000-0000-000000000001,0e3890ff-d293-4651-bdbd-baca356dbf1e,invoice,62559f7d-e441-4fbf-b403-70bfcfdd59a1,b3002707-86e9-43d5-956d-cf108fb6a23f,Invoice VISTA/26-27/08/00056 · 2026-08,sent,null,2026-07-31 10:29:08.603109+00,2026-07-31 10:29:16.083+00
6c813e21-0919-41c0-9bc0-7ca6b7aa9dae,00000000-0000-0000-0000-000000000001,dd5f72fc-3500-4a90-9add-05f6fbb2e375,invoice,77d514a1-60a1-4fda-9cd8-2d8284637c1a,6e52de53-d0e1-4fff-871f-36aa18ac4720,Invoice VISTA/26-27/08/00011 · 2026-08,sent,null,2026-07-31 10:29:09.299726+00,2026-07-31 10:29:15.146+00
7fcf42fd-6a30-4837-81b6-98c722028893,00000000-0000-0000-0000-000000000001,0e3890ff-d293-4651-bdbd-baca356dbf1e,invoice,69a4e4e6-9ce4-4200-a392-e823202b016c,83af11b3-a274-7404-3265-ec658f74f8cf,Invoice VISTA/26-27/08/00002 · 2026-08,sent,null,2026-07-31 10:29:10.325207+00,2026-07-31 10:29:16.083+00
0f62f5ab-c2c5-48b5-88ad-9c89bcad7ce8,00000000-0000-0000-0000-000000000001,dd5f72fc-3500-4a90-9add-05f6fbb2e375,invoice,517cb68f-d2b2-482a-8e83-2d24a5af60ba,6dd50e39-9843-4442-cc09-3b49fbe97fb9,Invoice VISTA/26-27/08/00155 · 2026-08,sent,null,2026-07-31 10:29:11.040558+00,2026-07-31 10:29:18.93+00
d046b6c4-03bd-4860-af9c-630fc1f5a95d,00000000-0000-0000-0000-000000000001,0e3890ff-d293-4651-bdbd-baca356dbf1e,invoice,f0e5358e-cade-4dd6-acad-fb8a15a4ef11,f70ae790-e17b-aca8-a21a-82ddd895450b,Invoice VISTA/26-27/08/00040 · 2026-08,sent,null,2026-07-31 10:29:11.99331+00,2026-07-31 10:29:19.854+00
66f44e57-dc70-4e57-8cc2-2d4a8d8b7eaa,00000000-0000-0000-0000-000000000001,dd5f72fc-3500-4a90-9add-05f6fbb2e375,invoice,378406d3-a568-4e6e-b0e5-b227fd54a34d,ec6bd398-2413-2c67-18db-10bdd92ee4f9,Invoice VISTA/26-27/08/00115 · 2026-08,sent,null,2026-07-31 10:29:12.707334+00,2026-07-31 10:29:18.93+00
c33f1788-a8ed-40d4-9e41-0581e71d9333,00000000-0000-0000-0000-000000000001,0e3890ff-d293-4651-bdbd-baca356dbf1e,invoice,00b1c9e6-5a39-443e-9070-7e37c3ee20c0,01af6f97-6cb1-4799-9476-493b8af42437,Invoice VISTA/26-27/08/00031 · 2026-08,sent,null,2026-07-31 10:29:13.677137+00,2026-07-31 10:29:19.854+00
2514078b-fc80-4e1e-9d30-b3a97316e96a,00000000-0000-0000-0000-000000000001,dd5f72fc-3500-4a90-9add-05f6fbb2e375,invoice,af81c712-61e5-4033-9558-1bdc8cdd6e01,2ba81159-3fd3-401a-b806-4cf09e7dce86,Invoice VISTA/26-27/08/00050 · 2026-08,sent,null,2026-07-31 10:29:14.354538+00,2026-07-31 10:29:18.93+00
581fef66-de31-4e19-b595-40bc4643e676,00000000-0000-0000-0000-000000000001,0e3890ff-d293-4651-bdbd-baca356dbf1e,invoice,105c367d-7fad-4af9-934d-65b8f12a3aa6,3e50af3d-452f-d098-b3bc-3c2a64576d55,Invoice VISTA/26-27/08/00092 · 2026-08,sent,null,2026-07-31 10:29:15.317641+00,2026-07-31 10:29:19.854+00
d35912e4-c6db-4d72-a024-96e871f0b470,00000000-0000-0000-0000-000000000001,dd5f72fc-3500-4a90-9add-05f6fbb2e375,invoice,8c1b2b32-a89d-418d-8bd5-589cf346951a,cf1318a5-0564-4af6-d90e-c3e76de1ef08,Invoice VISTA/26-27/08/00164 · 2026-08,sent,null,2026-07-31 10:29:16.020229+00,2026-07-31 10:29:23.182+00
0cbae4c0-ee9d-489f-bc51-876a2d813528,00000000-0000-0000-0000-000000000001,0e3890ff-d293-4651-bdbd-baca356dbf1e,invoice,c098c9bf-1ab4-4164-b6f0-d94a797589a1,1d4c0119-5151-7a5b-2266-f16e44f67157,Invoice VISTA/26-27/08/00119 · 2026-08,sent,null,2026-07-31 10:29:17.006376+00,2026-07-31 10:29:23.726+00
44229f7d-3396-44c9-af41-f3eec4d24fde,00000000-0000-0000-0000-000000000001,dd5f72fc-3500-4a90-9add-05f6fbb2e375,invoice,08921217-7532-401a-a55c-1cac4e325d16,0366c854-a2dd-42cd-b83a-7a0affb3fa85,Invoice VISTA/26-27/08/00009 · 2026-08,sent,null,2026-07-31 10:29:17.707239+00,2026-07-31 10:29:23.182+00
d1c31b54-2e77-4f42-bca3-35fac7e7a9ec,00000000-0000-0000-0000-000000000001,0e3890ff-d293-4651-bdbd-baca356dbf1e,invoice,c99c69b7-1dac-4e81-919a-034e3b826d6f,cda37b51-1bbc-af0d-a560-49af88fdc751,Invoice VISTA/26-27/08/00104 · 2026-08,sent,null,2026-07-31 10:29:18.663243+00,2026-07-31 10:29:23.726+00
de9cbb08-c466-4ac6-a631-a773f6a56c8a,00000000-0000-0000-0000-000000000001,dd5f72fc-3500-4a90-9add-05f6fbb2e375,invoice,374ad8fd-b7b2-49f6-babb-74111255e089,49355947-7605-ec5f-7d81-a6597f38d76b,Invoice VISTA/26-27/08/00167 · 2026-08,sent,null,2026-07-31 10:29:19.364189+00,2026-07-31 10:29:26.923+00
d2ed3a3f-d4b8-430f-a3d4-d10c6ee1eb7f,00000000-0000-0000-0000-000000000001,0e3890ff-d293-4651-bdbd-baca356dbf1e,invoice,815bdc85-91a0-4df9-a218-1a6c75483b06,961c950e-debe-4dd2-8e5f-08bf92bda977,Invoice VISTA/26-27/08/00026 · 2026-08,sent,null,2026-07-31 10:29:20.332839+00,2026-07-31 10:29:30.5+00
047cca0a-30e5-4d2d-afdf-cb45e57e4ebc,00000000-0000-0000-0000-000000000001,dd5f72fc-3500-4a90-9add-05f6fbb2e375,invoice,41d9de4d-2574-4fc9-9390-81ca83798b37,79d4d3fe-73c5-a965-030f-c60220ee20cb,Invoice VISTA/26-27/08/00045 · 2026-08,sent,null,2026-07-31 10:29:21.03722+00,2026-07-31 10:29:26.923+00
cbb6e9cf-b8ba-42e8-b3df-d433d130d263,00000000-0000-0000-0000-000000000001,0e3890ff-d293-4651-bdbd-baca356dbf1e,invoice,370aa89a-90c3-4ee1-afd6-ae60e718cff2,cd2c3f97-4df7-b32f-d0c0-12031beae516,Invoice VISTA/26-27/08/00158 · 2026-08,sent,null,2026-07-31 10:29:22.007918+00,2026-07-31 10:29:30.5+00
145f3658-ef54-48d7-afc6-d05ca19ba808,00000000-0000-0000-0000-000000000001,dd5f72fc-3500-4a90-9add-05f6fbb2e375,invoice,4922bf0c-c19d-4dd2-9597-87a499327026,be84008a-74d3-3cc1-6fd6-bcef998f7bff,Invoice VISTA/26-27/08/00149 · 2026-08,sent,null,2026-07-31 10:29:22.709724+00,2026-07-31 10:29:26.923+00
e767d792-98c9-46b6-ab9f-3e48087c21be,00000000-0000-0000-0000-000000000001,0e3890ff-d293-4651-bdbd-baca356dbf1e,invoice,0eada564-2538-4c74-b279-45375a147280,e0174322-3fb7-483f-91a0-61b903ae3e49,Invoice VISTA/26-27/08/00033 · 2026-08,sent,null,2026-07-31 10:29:25.034972+00,2026-07-31 10:29:34.932+00
fd211920-ae6c-4d33-9fe3-842408da8ff9,00000000-0000-0000-0000-000000000001,dd5f72fc-3500-4a90-9add-05f6fbb2e375,invoice,acbd44a3-80c4-40e7-afa6-98c8f38b3f4d,22a9494d-0e02-6fba-4aee-7947f1e6110b,Invoice VISTA/26-27/08/00146 · 2026-08,sent,null,2026-07-31 10:29:25.093225+00,2026-07-31 10:29:30.556+00
4829550f-c73c-4c70-8297-20f4cb49e22d,00000000-0000-0000-0000-000000000001,0e3890ff-d293-4651-bdbd-baca356dbf1e,invoice,85c6ba63-0f90-4667-9eba-23933470bf94,f91c2854-a88b-4630-b2a6-c48401e4dd14,Invoice VISTA/26-27/08/00043 · 2026-08,sent,null,2026-07-31 10:29:29.435741+00,2026-07-31 10:29:34.932+00
0c02af18-b6ea-408a-b17c-295aa30aff16,00000000-0000-0000-0000-000000000001,dd5f72fc-3500-4a90-9add-05f6fbb2e375,invoice,8296aa87-3968-41d0-bcea-acbfa9978e17,3191d29c-7cc3-4be1-8972-df4076747878,Invoice VISTA/26-27/08/00004 · 2026-08,sent,null,2026-07-31 10:29:30.635093+00,2026-07-31 10:29:34.488+00
d374254a-f85e-42ec-a417-ec9789d7deb6,00000000-0000-0000-0000-000000000001,0e3890ff-d293-4651-bdbd-baca356dbf1e,invoice,316eecd0-c28f-4453-a545-b4f715e432f7,3b27dc97-dafa-0480-7b61-5549a3ea7eee,Invoice VISTA/26-27/08/00118 · 2026-08,sent,null,2026-07-31 10:29:31.821304+00,2026-07-31 10:29:38.763+00
76bd4720-67a9-4f19-8287-9ccc3c87207b,00000000-0000-0000-0000-000000000001,dd5f72fc-3500-4a90-9add-05f6fbb2e375,invoice,5a3bdef2-a7f6-4a2f-88c3-f82c3c44ca5a,03ce56c0-8798-b95d-7125-311b80363e74,Invoice VISTA/26-27/08/00126 · 2026-08,sent,null,2026-07-31 10:29:33.142489+00,2026-07-31 10:29:37.951+00
64c7ed3d-35f3-4f45-8222-e37860da2788,00000000-0000-0000-0000-000000000001,0e3890ff-d293-4651-bdbd-baca356dbf1e,invoice,70948315-5bad-4e2f-974b-1faf329588f5,5e901269-d116-cf62-7661-df859f5b02dc,Invoice VISTA/26-27/08/00113 · 2026-08,sent,null,2026-07-31 10:29:33.252294+00,2026-07-31 10:29:38.763+00
7d848553-bd3d-4b93-a0d6-81d53977677f,00000000-0000-0000-0000-000000000001,dd5f72fc-3500-4a90-9add-05f6fbb2e375,invoice,09796461-342a-40c3-8474-77118a4a7256,510cd475-6538-7d02-413c-1a0f553ba4e6,Invoice VISTA/26-27/08/00138 · 2026-08,sent,null,2026-07-31 10:30:09.417314+00,2026-07-31 10:30:14.415+00
17d33925-4e02-413c-9e40-7ba0d1f6aa94,00000000-0000-0000-0000-000000000001,0e3890ff-d293-4651-bdbd-baca356dbf1e,invoice,4d8855ba-1d44-4205-8313-7ce66c5b90b8,8123af5e-305b-80f8-20db-4d54b7f628c7,Invoice VISTA/26-27/08/00089 · 2026-08,sent,null,2026-07-31 10:30:13.233595+00,2026-07-31 10:30:17.416+00
825849aa-4a94-45ce-9eba-4fd578f4249f,00000000-0000-0000-0000-000000000001,dd5f72fc-3500-4a90-9add-05f6fbb2e375,invoice,0df4e4e5-62d0-4980-b31e-85270d2035c1,011b7d1c-5697-5394-c05b-fa0473640657,Invoice VISTA/26-27/08/00086 · 2026-08,sent,null,2026-07-31 10:30:16.298772+00,2026-07-31 10:30:20.189+00
62b139af-de72-4198-a150-faa517a04da8,00000000-0000-0000-0000-000000000001,0e3890ff-d293-4651-bdbd-baca356dbf1e,invoice,7b8664a0-04aa-41b3-a2fa-c0336ebb6aa6,86cd2239-fa55-0389-437e-e8fd505dc931,Invoice VISTA/26-27/08/00134 · 2026-08,sent,null,2026-07-31 10:30:22.344273+00,2026-07-31 10:30:25.882+00
a8b251bc-1411-453c-b210-d841fadc73ea,00000000-0000-0000-0000-000000000001,dd5f72fc-3500-4a90-9add-05f6fbb2e375,invoice,4fe15f27-ed95-4c07-86e8-12ecdee9eb7a,950dd22f-78fa-d205-48b3-fe5a5cc7438e,Invoice VISTA/26-27/08/00168 · 2026-08,sent,null,2026-07-31 10:30:29.376554+00,2026-07-31 10:30:35.312+00
15a18073-7a03-4c67-9236-f77be0e4f163,00000000-0000-0000-0000-000000000001,0e3890ff-d293-4651-bdbd-baca356dbf1e,invoice,a4e705ac-defb-4a84-9cf5-4432b20fe25a,2c1980eb-be51-916e-8f61-1e8fe83afb0c,Invoice VISTA/26-27/08/00105 · 2026-08,sent,null,2026-07-31 10:30:35.802644+00,2026-07-31 10:30:39.255+00
4f01d448-34e9-4701-83f3-165d7dee3cdd,00000000-0000-0000-0000-000000000001,dd5f72fc-3500-4a90-9add-05f6fbb2e375,invoice,ead95cb8-9eb4-4ac2-acc5-66810d5e666d,4628a4bf-d4c5-9e5d-471c-271b9f3e7d03,Invoice VISTA/26-27/08/00169 · 2026-08,sent,null,2026-07-31 10:30:42.404268+00,2026-07-31 10:30:45.919+00
41fd9ee2-53b5-4544-9b3e-6b45d4be52b1,00000000-0000-0000-0000-000000000001,0e3890ff-d293-4651-bdbd-baca356dbf1e,invoice,73820571-6a09-4b8c-b7dc-e57fe6b452a9,61031b0a-ef18-26aa-64b7-d412d7b3d276,Invoice VISTA/26-27/08/00159 · 2026-08,sent,null,2026-07-31 10:30:48.414125+00,2026-07-31 10:30:51.703+00
4fdf7feb-b4e7-42e5-a9d6-17d159e2e7c5,00000000-0000-0000-0000-000000000001,dd5f72fc-3500-4a90-9add-05f6fbb2e375,invoice,669315d4-334e-4437-85ab-8b734cb0570f,1287ac56-adee-78b5-6a6b-56b3e8dd7d48,Invoice VISTA/26-27/08/00129 · 2026-08,sent,null,2026-07-31 10:30:55.319431+00,2026-07-31 10:30:59.151+00
c20f39a2-b1f9-41a9-b745-7c5de6bd7db0,00000000-0000-0000-0000-000000000001,0e3890ff-d293-4651-bdbd-baca356dbf1e,invoice,77d514a1-60a1-4fda-9cd8-2d8284637c1a,6e52de53-d0e1-4fff-871f-36aa18ac4720,Invoice VISTA/26-27/08/00011 · 2026-08,sent,null,2026-07-31 10:31:01.404573+00,2026-07-31 10:31:05.195+00
ed0737cb-f99f-469f-a977-9f0a5ae552d6,00000000-0000-0000-0000-000000000001,dd5f72fc-3500-4a90-9add-05f6fbb2e375,invoice,bc710f23-8fe3-46e0-9f96-dba820b452d7,1fc0c3bb-f35c-8d5d-a4fa-a9c1723cd8ab,Invoice VISTA/26-27/08/00076 · 2026-08,sent,null,2026-07-31 10:31:07.526306+00,2026-07-31 10:31:11.789+00
22fdbf7b-049c-4185-a961-50a330ed1efc,00000000-0000-0000-0000-000000000001,0e3890ff-d293-4651-bdbd-baca356dbf1e,invoice,517cb68f-d2b2-482a-8e83-2d24a5af60ba,6dd50e39-9843-4442-cc09-3b49fbe97fb9,Invoice VISTA/26-27/08/00155 · 2026-08,sent,null,2026-07-31 10:31:10.361847+00,2026-07-31 10:31:13.905+00
900fff83-e6eb-4fee-88a8-f25f1ac4a527,00000000-0000-0000-0000-000000000001,dd5f72fc-3500-4a90-9add-05f6fbb2e375,invoice,38343ffa-7f70-45c7-a973-4845839b06b5,2b785f57-1c4f-d4a8-d486-b69e7b2db5bc,Invoice VISTA/26-27/08/00127 · 2026-08,sent,null,2026-07-31 10:31:17.512524+00,2026-07-31 10:31:22.194+00
17c58b1a-7240-40cc-a4e7-5892e624eb54,00000000-0000-0000-0000-000000000001,0e3890ff-d293-4651-bdbd-baca356dbf1e,invoice,378406d3-a568-4e6e-b0e5-b227fd54a34d,ec6bd398-2413-2c67-18db-10bdd92ee4f9,Invoice VISTA/26-27/08/00115 · 2026-08,sent,null,2026-07-31 10:31:22.847195+00,2026-07-31 10:31:26.835+00
4a0388df-2752-40c0-88b6-aedf50d8edf8,00000000-0000-0000-0000-000000000001,dd5f72fc-3500-4a90-9add-05f6fbb2e375,invoice,6a5bfce2-46c6-492e-a3be-840d4b9186c1,f284b25b-d762-1399-a12e-ba7ffa6b6f97,Invoice VISTA/26-27/08/00141 · 2026-08,sent,null,2026-07-31 10:31:30.303393+00,2026-07-31 10:31:33.825+00
8db46f00-8b21-4764-a9b9-1fe41aa5f29b,00000000-0000-0000-0000-000000000001,0e3890ff-d293-4651-bdbd-baca356dbf1e,invoice,af81c712-61e5-4033-9558-1bdc8cdd6e01,2ba81159-3fd3-401a-b806-4cf09e7dce86,Invoice VISTA/26-27/08/00050 · 2026-08,sent,null,2026-07-31 10:31:36.326542+00,2026-07-31 10:31:40.078+00
a8c20e4c-594d-4fad-ad13-486352d423a2,00000000-0000-0000-0000-000000000001,dd5f72fc-3500-4a90-9add-05f6fbb2e375,invoice,556650af-a115-4d69-a8a0-c15454556482,b4a50439-db13-dc26-d980-eb079b321460,Invoice VISTA/26-27/08/00103 · 2026-08,sent,null,2026-07-31 10:31:38.869212+00,2026-07-31 10:31:42.587+00
b5c933e1-ac2e-43cc-976c-970fac7be7d9,00000000-0000-0000-0000-000000000001,0e3890ff-d293-4651-bdbd-baca356dbf1e,invoice,8c1b2b32-a89d-418d-8bd5-589cf346951a,cf1318a5-0564-4af6-d90e-c3e76de1ef08,Invoice VISTA/26-27/08/00164 · 2026-08,sent,null,2026-07-31 10:31:45.444662+00,2026-07-31 10:31:49.213+00
3ab51b6f-1462-471c-9f1a-20030ea4bd64,00000000-0000-0000-0000-000000000001,dd5f72fc-3500-4a90-9add-05f6fbb2e375,invoice,845a0814-8d02-4319-8900-1c473ccbb9d3,5fee0a79-3970-704a-2332-f7c7598e86c1,Invoice VISTA/26-27/08/00137 · 2026-08,sent,null,2026-07-31 10:31:52.338289+00,2026-07-31 10:31:55.913+00
40ce7586-b68d-4939-babc-c4c8881ed406,00000000-0000-0000-0000-000000000001,0e3890ff-d293-4651-bdbd-baca356dbf1e,invoice,08921217-7532-401a-a55c-1cac4e325d16,0366c854-a2dd-42cd-b83a-7a0affb3fa85,Invoice VISTA/26-27/08/00009 · 2026-08,sent,null,2026-07-31 10:31:54.31689+00,2026-07-31 10:31:58.18+00
9da5a383-77b7-4376-96dc-20e4784bc21d,00000000-0000-0000-0000-000000000001,dd5f72fc-3500-4a90-9add-05f6fbb2e375,invoice,a62525bc-054b-460a-8221-2b94970784db,c675e97a-0958-0695-90b3-49311eec8fd7,Invoice VISTA/26-27/08/00108 · 2026-08,sent,null,2026-07-31 10:32:01.37173+00,2026-07-31 10:32:06.06+00
40a37adb-2fb6-4d07-b710-374e5b5981c7,00000000-0000-0000-0000-000000000001,0e3890ff-d293-4651-bdbd-baca356dbf1e,invoice,374ad8fd-b7b2-49f6-babb-74111255e089,49355947-7605-ec5f-7d81-a6597f38d76b,Invoice VISTA/26-27/08/00167 · 2026-08,sent,null,2026-07-31 10:32:07.262221+00,2026-07-31 10:32:11.836+00
4a853d3c-02d0-4e3a-a937-2186a63a3bfd,00000000-0000-0000-0000-000000000001,dd5f72fc-3500-4a90-9add-05f6fbb2e375,invoice,ebb2c140-6b1a-4842-b6b1-2525905057b0,1a171004-7682-1c39-e6a2-758b668c33b0,Invoice VISTA/26-27/08/00066 · 2026-08,sent,null,2026-07-31 10:32:09.743913+00,2026-07-31 10:32:14.365+00
31f77024-66af-4bd9-a77f-8e06c8992d65,00000000-0000-0000-0000-000000000001,0e3890ff-d293-4651-bdbd-baca356dbf1e,invoice,41d9de4d-2574-4fc9-9390-81ca83798b37,79d4d3fe-73c5-a965-030f-c60220ee20cb,Invoice VISTA/26-27/08/00045 · 2026-08,sent,null,2026-07-31 10:32:16.568186+00,2026-07-31 10:32:21.062+00
10eaf54e-6e03-4515-a807-3ae6e28e5573,00000000-0000-0000-0000-000000000001,dd5f72fc-3500-4a90-9add-05f6fbb2e375,invoice,d97d641d-900a-4f34-b9d9-7aa810734ef5,43774f3c-9ce6-fc78-7857-b8607c3e1966,Invoice VISTA/26-27/08/00071 · 2026-08,sent,null,2026-07-31 10:32:22.607909+00,2026-07-31 10:32:26.406+00
c89a66ef-2f56-4849-9442-fb911cab9533,00000000-0000-0000-0000-000000000001,0e3890ff-d293-4651-bdbd-baca356dbf1e,invoice,4922bf0c-c19d-4dd2-9597-87a499327026,be84008a-74d3-3cc1-6fd6-bcef998f7bff,Invoice VISTA/26-27/08/00149 · 2026-08,sent,null,2026-07-31 10:32:28.62973+00,2026-07-31 10:32:32.28+00
4aaec3c9-863d-423c-a864-55f78e002748,00000000-0000-0000-0000-000000000001,dd5f72fc-3500-4a90-9add-05f6fbb2e375,invoice,3918a752-d713-4580-bf92-1c70cad1f016,be68c44d-d4d2-478a-7b1e-c9c3fefac406,Invoice VISTA/26-27/08/00114 · 2026-08,sent,null,2026-07-31 10:32:34.947511+00,2026-07-31 10:32:38.83+00
8d60ff16-80d2-4f05-bb4c-4f20a86b9669,00000000-0000-0000-0000-000000000001,0e3890ff-d293-4651-bdbd-baca356dbf1e,invoice,acbd44a3-80c4-40e7-afa6-98c8f38b3f4d,22a9494d-0e02-6fba-4aee-7947f1e6110b,Invoice VISTA/26-27/08/00146 · 2026-08,sent,null,2026-07-31 10:32:41.632154+00,2026-07-31 10:32:45.947+00
814b339f-ec05-46b5-9c2b-d3369341b428,00000000-0000-0000-0000-000000000001,dd5f72fc-3500-4a90-9add-05f6fbb2e375,invoice,8dfed249-dd5f-461f-abb5-d1d519428ed3,c3c77367-5f51-f7a7-e667-0e3480f53751,Invoice VISTA/26-27/08/00084 · 2026-08,sent,null,2026-07-31 10:32:47.6895+00,2026-07-31 10:32:53.598+00
92a4aebb-c5c6-4a45-a088-df3e4c3a23c3,00000000-0000-0000-0000-000000000001,0e3890ff-d293-4651-bdbd-baca356dbf1e,invoice,8296aa87-3968-41d0-bcea-acbfa9978e17,3191d29c-7cc3-4be1-8972-df4076747878,Invoice VISTA/26-27/08/00004 · 2026-08,sent,null,2026-07-31 10:32:54.097855+00,2026-07-31 10:32:57.947+00
47f187b6-7938-4988-96df-2f3e29e3beaf,00000000-0000-0000-0000-000000000001,dd5f72fc-3500-4a90-9add-05f6fbb2e375,invoice,f34a320c-da43-44b6-9a9e-624e28b1b6be,b0a6f0b5-9fd8-112e-2bfa-24fa8a25779b,Invoice VISTA/26-27/08/00122 · 2026-08,sent,null,2026-07-31 10:33:00.451905+00,2026-07-31 10:33:03.895+00
89f7feae-c631-46f2-a14d-fb7fe26fd58b,00000000-0000-0000-0000-000000000001,0e3890ff-d293-4651-bdbd-baca356dbf1e,invoice,5a3bdef2-a7f6-4a2f-88c3-f82c3c44ca5a,03ce56c0-8798-b95d-7125-311b80363e74,Invoice VISTA/26-27/08/00126 · 2026-08,sent,null,2026-07-31 10:33:06.790159+00,2026-07-31 10:33:10.759+00
76ddaa07-f8a2-412f-8f20-a4fb07462e80,00000000-0000-0000-0000-000000000001,dd5f72fc-3500-4a90-9add-05f6fbb2e375,invoice,bc06e34d-1148-441a-873a-eeef83328e74,c2329858-525d-2f70-5e31-bf9a8358eb3e,Invoice VISTA/26-27/08/00145 · 2026-08,sent,null,2026-07-31 10:33:13.419749+00,2026-07-31 10:33:17.795+00
755556f3-bcce-43b3-848c-1042502187bc,00000000-0000-0000-0000-000000000001,0e3890ff-d293-4651-bdbd-baca356dbf1e,invoice,09796461-342a-40c3-8474-77118a4a7256,510cd475-6538-7d02-413c-1a0f553ba4e6,Invoice VISTA/26-27/08/00138 · 2026-08,sent,null,2026-07-31 10:33:20.493898+00,2026-07-31 10:33:23.957+00
630859cc-627a-49d8-9667-ec68622bdd61,00000000-0000-0000-0000-000000000001,dd5f72fc-3500-4a90-9add-05f6fbb2e375,invoice,190a75a0-b650-434b-aa10-47dea7d1c619,417cb75b-9992-4df9-28ae-ad4d2313621f,Invoice VISTA/26-27/08/00125 · 2026-08,sent,null,2026-07-31 10:33:26.404623+00,2026-07-31 10:33:30.104+00
5a21ad00-cdb1-42a2-a9f4-578cb1f42217,00000000-0000-0000-0000-000000000001,0e3890ff-d293-4651-bdbd-baca356dbf1e,invoice,0df4e4e5-62d0-4980-b31e-85270d2035c1,011b7d1c-5697-5394-c05b-fa0473640657,Invoice VISTA/26-27/08/00086 · 2026-08,sent,null,2026-07-31 10:33:32.290565+00,2026-07-31 10:33:37.393+00
7c2bc482-b1c8-4f7e-acd4-ce20d9f9e6fd,00000000-0000-0000-0000-000000000001,dd5f72fc-3500-4a90-9add-05f6fbb2e375,invoice,88133a80-d0e9-441d-a437-6caa8f6eeb64,82be44de-b1d6-4e48-e6bb-33ec98b83c7d,Invoice VISTA/26-27/08/00096 · 2026-08,sent,null,2026-07-31 10:33:38.297609+00,2026-07-31 10:33:42.3+00
bf93927a-3889-4b26-911c-a791e2af0ed9,00000000-0000-0000-0000-000000000001,0e3890ff-d293-4651-bdbd-baca356dbf1e,invoice,4fe15f27-ed95-4c07-86e8-12ecdee9eb7a,950dd22f-78fa-d205-48b3-fe5a5cc7438e,Invoice VISTA/26-27/08/00168 · 2026-08,sent,null,2026-07-31 10:33:44.613998+00,2026-07-31 10:33:48.528+00
8689c41c-5900-4221-a60d-ecb41c2dc712,00000000-0000-0000-0000-000000000001,dd5f72fc-3500-4a90-9add-05f6fbb2e375,invoice,f6159f33-3c42-42f7-832a-bd6074e55618,4f75b0ca-7bed-c37c-cfd4-1e361a1bb6d4,Invoice VISTA/26-27/08/00093 · 2026-08,sent,null,2026-07-31 10:33:47.028295+00,2026-07-31 10:33:50.704+00
ee776912-ddc7-4ed4-9eac-b22beb612196,00000000-0000-0000-0000-000000000001,0e3890ff-d293-4651-bdbd-baca356dbf1e,invoice,ead95cb8-9eb4-4ac2-acc5-66810d5e666d,4628a4bf-d4c5-9e5d-471c-271b9f3e7d03,Invoice VISTA/26-27/08/00169 · 2026-08,sent,null,2026-07-31 10:33:53.42521+00,2026-07-31 10:33:57.406+00
0f650fbf-5095-4d3a-b65a-dc69405825d8,00000000-0000-0000-0000-000000000001,dd5f72fc-3500-4a90-9add-05f6fbb2e375,invoice,03f96498-e716-43c5-abb7-49c80310e53d,55ca6f7c-112a-ec33-7c1c-987508bc9e41,Invoice VISTA/26-27/08/00124 · 2026-08,sent,null,2026-07-31 10:34:00.538404+00,2026-07-31 10:34:04.833+00
52d517fe-bb5d-456c-ac5a-41321a3d4065,00000000-0000-0000-0000-000000000001,0e3890ff-d293-4651-bdbd-baca356dbf1e,invoice,669315d4-334e-4437-85ab-8b734cb0570f,1287ac56-adee-78b5-6a6b-56b3e8dd7d48,Invoice VISTA/26-27/08/00129 · 2026-08,sent,null,2026-07-31 10:34:02.274032+00,2026-07-31 10:34:07.727+00
c115f341-e1a9-439a-a85a-14c2c961e633,00000000-0000-0000-0000-000000000001,dd5f72fc-3500-4a90-9add-05f6fbb2e375,invoice,19dc0228-5b12-4442-9df0-451eff381319,b19dfc6c-a5d5-734c-3d3d-6389c281b3bb,Invoice VISTA/26-27/08/00156 · 2026-08,sent,null,2026-07-31 10:34:09.345987+00,2026-07-31 10:34:15.088+00
ac2c924c-7320-4f8e-a274-f051772aa920,00000000-0000-0000-0000-000000000001,0e3890ff-d293-4651-bdbd-baca356dbf1e,invoice,bc710f23-8fe3-46e0-9f96-dba820b452d7,1fc0c3bb-f35c-8d5d-a4fa-a9c1723cd8ab,Invoice VISTA/26-27/08/00076 · 2026-08,sent,null,2026-07-31 10:34:11.275834+00,2026-07-31 10:34:14.986+00
84faadcc-81b7-4ad4-b459-95e019ba1b83,00000000-0000-0000-0000-000000000001,dd5f72fc-3500-4a90-9add-05f6fbb2e375,invoice,60dec5bd-10f2-45f1-9f44-27620daf03e4,855f3f6a-72ae-46f4-4cc2-a9a0d5df5b70,Invoice VISTA/26-27/08/00162 · 2026-08,sent,null,2026-07-31 10:34:19.646587+00,2026-07-31 10:34:23.336+00
2d0d18e8-cb7e-4f07-8af3-2d0f9ab4d4c8,00000000-0000-0000-0000-000000000001,0e3890ff-d293-4651-bdbd-baca356dbf1e,invoice,38343ffa-7f70-45c7-a973-4845839b06b5,2b785f57-1c4f-d4a8-d486-b69e7b2db5bc,Invoice VISTA/26-27/08/00127 · 2026-08,sent,null,2026-07-31 10:34:24.357798+00,2026-07-31 10:34:28.243+00
924af516-7c4a-48eb-a867-ce87d20937b5,00000000-0000-0000-0000-000000000001,dd5f72fc-3500-4a90-9add-05f6fbb2e375,invoice,3ade7b7d-2ede-4bdf-8bf7-e8980121c098,71492154-2bd6-41d1-b8b8-3acec9cedd1f,Invoice VISTA/26-27/08/00016 · 2026-08,sent,null,2026-07-31 10:34:27.414802+00,2026-07-31 10:34:32.422+00
e45d4e55-4cfd-407f-b45c-22c035374e53,00000000-0000-0000-0000-000000000001,0e3890ff-d293-4651-bdbd-baca356dbf1e,invoice,6a5bfce2-46c6-492e-a3be-840d4b9186c1,f284b25b-d762-1399-a12e-ba7ffa6b6f97,Invoice VISTA/26-27/08/00141 · 2026-08,sent,null,2026-07-31 10:34:34.414846+00,2026-07-31 10:34:38.364+00
bd37d3b8-e5b3-4a3c-94bd-69b9b5e32717,00000000-0000-0000-0000-000000000001,dd5f72fc-3500-4a90-9add-05f6fbb2e375,invoice,947357c4-f600-4b7e-903b-bf7d941e6d91,e17238d1-34ce-0cbb-4dc0-f65e60ff52f7,Invoice VISTA/26-27/08/00132 · 2026-08,sent,null,2026-07-31 10:34:42.28394+00,2026-07-31 10:34:46.363+00
4054552c-7335-4c49-93bc-345d0b00a853,00000000-0000-0000-0000-000000000001,0e3890ff-d293-4651-bdbd-baca356dbf1e,invoice,556650af-a115-4d69-a8a0-c15454556482,b4a50439-db13-dc26-d980-eb079b321460,Invoice VISTA/26-27/08/00103 · 2026-08,sent,null,2026-07-31 10:34:44.753858+00,2026-07-31 10:34:48.28+00
db7b2f02-705e-42b0-9aed-3a1647a37a53,00000000-0000-0000-0000-000000000001,dd5f72fc-3500-4a90-9add-05f6fbb2e375,invoice,9bf0df1d-2539-4873-99b1-b5ac3bc52b22,87a1e515-e2e0-110f-05d1-04f5a83c066a,Invoice VISTA/26-27/08/00065 · 2026-08,sent,null,2026-07-31 10:34:51.310246+00,2026-07-31 10:34:56.684+00
55d09f75-a8f7-4cd5-8437-5108b30f8726,00000000-0000-0000-0000-000000000001,0e3890ff-d293-4651-bdbd-baca356dbf1e,invoice,845a0814-8d02-4319-8900-1c473ccbb9d3,5fee0a79-3970-704a-2332-f7c7598e86c1,Invoice VISTA/26-27/08/00137 · 2026-08,sent,null,2026-07-31 10:34:54.475082+00,2026-07-31 10:34:58.13+00
35fa578a-6869-4f66-a8f1-d468ca8d7761,00000000-0000-0000-0000-000000000001,dd5f72fc-3500-4a90-9add-05f6fbb2e375,invoice,93066ec2-cba5-4b0c-8a14-6e1b090f68f5,630c8120-bdbc-832c-24ca-aca9e6b49891,Invoice VISTA/26-27/08/00078 · 2026-08,sent,null,2026-07-31 10:35:00.603163+00,2026-07-31 10:35:05.651+00
a0053154-ad62-40a1-8dd3-e8925309c6b8,00000000-0000-0000-0000-000000000001,0e3890ff-d293-4651-bdbd-baca356dbf1e,invoice,a62525bc-054b-460a-8221-2b94970784db,c675e97a-0958-0695-90b3-49311eec8fd7,Invoice VISTA/26-27/08/00108 · 2026-08,sent,null,2026-07-31 10:35:07.573138+00,2026-07-31 10:35:17.225+00
91707532-2bf9-4183-9364-4262522d8c8a,00000000-0000-0000-0000-000000000001,dd5f72fc-3500-4a90-9add-05f6fbb2e375,invoice,8ffbf90c-25f1-40a3-8c5b-927be26b89f8,1dc2bdca-ae79-4cd5-9d74-961c02cce282,Invoice VISTA/26-27/08/00058 · 2026-08,sent,null,2026-07-31 10:35:13.38232+00,2026-07-31 10:35:18.124+00
93698606-6ad1-4433-84d3-0f2c27e8506c,00000000-0000-0000-0000-000000000001,0e3890ff-d293-4651-bdbd-baca356dbf1e,invoice,ebb2c140-6b1a-4842-b6b1-2525905057b0,1a171004-7682-1c39-e6a2-758b668c33b0,Invoice VISTA/26-27/08/00066 · 2026-08,sent,null,2026-07-31 10:35:19.491354+00,2026-07-31 10:35:23.546+00
2159b473-2b11-429c-b46b-11f7a15f1660,00000000-0000-0000-0000-000000000001,dd5f72fc-3500-4a90-9add-05f6fbb2e375,invoice,fe0d7474-dff6-4aaa-a402-178a1642ae88,d77b5c1e-605d-6795-5eee-1e2f9b83e069,Invoice VISTA/26-27/08/00088 · 2026-08,sent,null,2026-07-31 10:35:26.742662+00,2026-07-31 10:35:30.235+00
4be63b2c-cdfa-4cae-84c4-0b339046151a,00000000-0000-0000-0000-000000000001,0e3890ff-d293-4651-bdbd-baca356dbf1e,invoice,d97d641d-900a-4f34-b9d9-7aa810734ef5,43774f3c-9ce6-fc78-7857-b8607c3e1966,Invoice VISTA/26-27/08/00071 · 2026-08,sent,null,2026-07-31 10:35:32.326373+00,2026-07-31 10:35:36.351+00
42a484c2-9943-4a73-b6df-e6912d39ae1c,00000000-0000-0000-0000-000000000001,dd5f72fc-3500-4a90-9add-05f6fbb2e375,invoice,59610567-0da4-42f8-b780-2aeaa05b2629,d497808b-36e2-ea42-d247-85b4e409078c,Invoice VISTA/26-27/08/00083 · 2026-08,sent,null,2026-07-31 10:35:39.547004+00,2026-07-31 10:47:08.241+00
8a8344ab-8c86-41c6-bc0c-ccb5b37d26b2,00000000-0000-0000-0000-000000000001,0e3890ff-d293-4651-bdbd-baca356dbf1e,invoice,3918a752-d713-4580-bf92-1c70cad1f016,be68c44d-d4d2-478a-7b1e-c9c3fefac406,Invoice VISTA/26-27/08/00114 · 2026-08,sent,null,2026-07-31 10:35:45.387421+00,2026-07-31 10:47:08.353+00
b2abd5d5-353a-4509-b297-c7439dedc954,00000000-0000-0000-0000-000000000001,dd5f72fc-3500-4a90-9add-05f6fbb2e375,invoice,463196f3-615d-4d2b-bc60-ab6b559a83a6,edee54e5-b970-ea10-551f-b156c26d8f0a,Invoice VISTA/26-27/08/00041 · 2026-08,sent,null,2026-07-31 10:35:52.280301+00,2026-07-31 10:47:08.241+00
5ccb383a-ab58-4728-b9e2-b1f8fff470ec,00000000-0000-0000-0000-000000000001,0e3890ff-d293-4651-bdbd-baca356dbf1e,invoice,8dfed249-dd5f-461f-abb5-d1d519428ed3,c3c77367-5f51-f7a7-e667-0e3480f53751,Invoice VISTA/26-27/08/00084 · 2026-08,sent,null,2026-07-31 10:35:54.318893+00,2026-07-31 10:47:08.353+00
67d34f0d-01ef-445c-85aa-e1b7bdc0fe7a,00000000-0000-0000-0000-000000000001,dd5f72fc-3500-4a90-9add-05f6fbb2e375,invoice,09ed32a8-649f-49d2-96ad-b98110b2e3d2,9653a402-ff75-bbdf-8cc6-1cb0ca01f233,Invoice VISTA/26-27/08/00148 · 2026-08,sent,null,2026-07-31 10:36:01.321128+00,2026-07-31 10:47:08.241+00
eef3d3a1-9172-4b9b-a7a6-ba4e76cf7d4b,00000000-0000-0000-0000-000000000001,0e3890ff-d293-4651-bdbd-baca356dbf1e,invoice,f34a320c-da43-44b6-9a9e-624e28b1b6be,b0a6f0b5-9fd8-112e-2bfa-24fa8a25779b,Invoice VISTA/26-27/08/00122 · 2026-08,sent,null,2026-07-31 10:36:03.33019+00,2026-07-31 10:47:08.353+00
54d12eaf-e162-46a2-91e1-83a5a2f41848,00000000-0000-0000-0000-000000000001,dd5f72fc-3500-4a90-9add-05f6fbb2e375,invoice,82e6ad89-6a9f-4258-9a6c-19540fa3ca4a,af12a12c-92bf-088b-3073-292fe4dfc478,Invoice VISTA/26-27/08/00128 · 2026-08,sent,null,2026-07-31 10:36:10.344439+00,2026-07-31 10:47:08.241+00
87072f39-287e-4dac-a745-8f98f64a0f95,00000000-0000-0000-0000-000000000001,0e3890ff-d293-4651-bdbd-baca356dbf1e,invoice,bc06e34d-1148-441a-873a-eeef83328e74,c2329858-525d-2f70-5e31-bf9a8358eb3e,Invoice VISTA/26-27/08/00145 · 2026-08,sent,null,2026-07-31 10:36:16.286101+00,2026-07-31 10:47:08.353+00
03636743-9913-4882-894b-60aec976e508,00000000-0000-0000-0000-000000000001,dd5f72fc-3500-4a90-9add-05f6fbb2e375,invoice,73a2d6d5-fd85-41cd-97a8-737849e45112,9eb73523-a830-4796-9317-1a3f4e9e7254,Invoice VISTA/26-27/08/00008 · 2026-08,sent,null,2026-07-31 10:36:20.510905+00,2026-07-31 10:47:08.241+00
c6865bfc-6b5e-41e5-a536-6128098f6b53,00000000-0000-0000-0000-000000000001,0e3890ff-d293-4651-bdbd-baca356dbf1e,invoice,190a75a0-b650-434b-aa10-47dea7d1c619,417cb75b-9992-4df9-28ae-ad4d2313621f,Invoice VISTA/26-27/08/00125 · 2026-08,sent,null,2026-07-31 10:36:26.569048+00,2026-07-31 10:47:08.354+00
f08ef243-4e7d-4b1b-b8da-3115cf090a8e,00000000-0000-0000-0000-000000000001,dd5f72fc-3500-4a90-9add-05f6fbb2e375,invoice,ad32ad44-283a-4200-a248-66201410d026,c2f58086-b0e6-4083-b634-acc444ebc69f,Invoice VISTA/26-27/08/00007 · 2026-08,sent,null,2026-07-31 10:36:32.816172+00,2026-07-31 10:47:08.241+00
dedb9ad2-3ff3-4c8d-84ac-bc4fef006226,00000000-0000-0000-0000-000000000001,0e3890ff-d293-4651-bdbd-baca356dbf1e,invoice,88133a80-d0e9-441d-a437-6caa8f6eeb64,82be44de-b1d6-4e48-e6bb-33ec98b83c7d,Invoice VISTA/26-27/08/00096 · 2026-08,sent,null,2026-07-31 10:36:38.996074+00,2026-07-31 10:47:08.354+00
ff31a744-9035-48ea-9519-1be39f2a0152,00000000-0000-0000-0000-000000000001,dd5f72fc-3500-4a90-9add-05f6fbb2e375,invoice,a919f954-532d-4330-b45c-a99590d2873c,d8c4b3c5-9b2a-4c6e-b1e8-0a98c9175234,Invoice VISTA/26-27/08/00049 · 2026-08,sent,null,2026-07-31 10:36:45.649316+00,2026-07-31 10:47:08.241+00
63bdfc07-5cda-46f4-83b6-794fa2c73b29,00000000-0000-0000-0000-000000000001,0e3890ff-d293-4651-bdbd-baca356dbf1e,invoice,f6159f33-3c42-42f7-832a-bd6074e55618,4f75b0ca-7bed-c37c-cfd4-1e361a1bb6d4,Invoice VISTA/26-27/08/00093 · 2026-08,sent,null,2026-07-31 10:36:51.922833+00,2026-07-31 10:47:08.354+00
f13ed351-61b6-4179-a01e-7e5756c6f1e9,00000000-0000-0000-0000-000000000001,dd5f72fc-3500-4a90-9add-05f6fbb2e375,invoice,e8afaa58-7e6a-4ecc-b5d9-133d63cd24c8,238b347e-e7e9-b1a3-31a8-a2f8fed99f55,Invoice VISTA/26-27/08/00131 · 2026-08,sent,null,2026-07-31 10:36:58.569193+00,2026-07-31 10:47:08.241+00
2fa02e6a-9ec1-4f90-99ba-bbe03486081f,00000000-0000-0000-0000-000000000001,0e3890ff-d293-4651-bdbd-baca356dbf1e,invoice,03f96498-e716-43c5-abb7-49c80310e53d,55ca6f7c-112a-ec33-7c1c-987508bc9e41,Invoice VISTA/26-27/08/00124 · 2026-08,sent,null,2026-07-31 10:37:04.83449+00,2026-07-31 10:47:08.354+00
0c2df10e-5ca2-43b9-9318-61c4ea29ab6e,00000000-0000-0000-0000-000000000001,dd5f72fc-3500-4a90-9add-05f6fbb2e375,invoice,92807ea0-6057-476f-9a13-eb18af0a8e68,8e39a9bd-3317-b2a6-22a6-16fa4cab9632,Invoice VISTA/26-27/08/00061 · 2026-08,sent,null,2026-07-31 10:37:11.309495+00,2026-07-31 10:47:08.241+00
3c5ab343-387a-45e7-b23e-d4d5a9b7b368,00000000-0000-0000-0000-000000000001,0e3890ff-d293-4651-bdbd-baca356dbf1e,invoice,19dc0228-5b12-4442-9df0-451eff381319,b19dfc6c-a5d5-734c-3d3d-6389c281b3bb,Invoice VISTA/26-27/08/00156 · 2026-08,sent,null,2026-07-31 10:37:17.655391+00,2026-07-31 10:47:08.354+00
29095b41-9bcd-4e26-a0e4-d59b966f3a9a,00000000-0000-0000-0000-000000000001,dd5f72fc-3500-4a90-9add-05f6fbb2e375,invoice,3832fc96-fc13-477c-8382-81d6e7e1ff0b,06061874-ce68-4008-82f6-50ace2ba4bf4,Invoice VISTA/26-27/08/00030 · 2026-08,sent,null,2026-07-31 10:37:21.530251+00,2026-07-31 10:47:08.241+00
02afbed4-572b-478e-9f66-38a968b73662,00000000-0000-0000-0000-000000000001,0e3890ff-d293-4651-bdbd-baca356dbf1e,invoice,60dec5bd-10f2-45f1-9f44-27620daf03e4,855f3f6a-72ae-46f4-4cc2-a9a0d5df5b70,Invoice VISTA/26-27/08/00162 · 2026-08,sent,null,2026-07-31 10:37:28.459156+00,2026-07-31 10:47:08.354+00
e1d2d11d-46b3-486e-bbfb-3be04e90d05e,00000000-0000-0000-0000-000000000001,dd5f72fc-3500-4a90-9add-05f6fbb2e375,invoice,c1c9af7d-8b61-46f1-a530-c8f262aa2016,2d700a6b-44c4-438b-841f-febe1b2c47a7,Invoice VISTA/26-27/08/00022 · 2026-08,sent,null,2026-07-31 10:37:34.427547+00,2026-07-31 10:49:53.392+00
6705c8af-d033-4d73-9dbd-0c5be5a11d16,00000000-0000-0000-0000-000000000001,0e3890ff-d293-4651-bdbd-baca356dbf1e,invoice,3ade7b7d-2ede-4bdf-8bf7-e8980121c098,71492154-2bd6-41d1-b8b8-3acec9cedd1f,Invoice VISTA/26-27/08/00016 · 2026-08,sent,null,2026-07-31 10:37:40.652455+00,2026-07-31 10:47:08.354+00
61ebaf2d-e5b6-4447-9c25-849f6b487729,00000000-0000-0000-0000-000000000001,dd5f72fc-3500-4a90-9add-05f6fbb2e375,invoice,81d246b6-f3c1-4583-b607-5daef9b4c847,e6dde6a9-4da9-d1a2-802a-faf5db207e8e,Invoice VISTA/26-27/08/00120 · 2026-08,sent,null,2026-07-31 10:37:47.807091+00,2026-07-31 10:47:08.241+00
725a496e-e388-48e7-9933-ee4a8b981953,00000000-0000-0000-0000-000000000001,0e3890ff-d293-4651-bdbd-baca356dbf1e,invoice,947357c4-f600-4b7e-903b-bf7d941e6d91,e17238d1-34ce-0cbb-4dc0-f65e60ff52f7,Invoice VISTA/26-27/08/00132 · 2026-08,sent,null,2026-07-31 10:37:53.559565+00,2026-07-31 10:47:08.354+00
b8073914-794b-443e-9ae9-fc88b5290c4c,00000000-0000-0000-0000-000000000001,dd5f72fc-3500-4a90-9add-05f6fbb2e375,invoice,ef36d67c-fbc5-49f0-9680-57c0901ed518,df5ea39c-c069-5211-271d-f0d3831adefa,Invoice VISTA/26-27/08/00170 · 2026-08,sent,null,2026-07-31 10:38:00.330424+00,2026-07-31 10:47:08.241+00
9b231ad5-cbdc-405b-8055-6853f7e20fc9,00000000-0000-0000-0000-000000000001,0e3890ff-d293-4651-bdbd-baca356dbf1e,invoice,9bf0df1d-2539-4873-99b1-b5ac3bc52b22,87a1e515-e2e0-110f-05d1-04f5a83c066a,Invoice VISTA/26-27/08/00065 · 2026-08,sent,null,2026-07-31 10:38:06.350575+00,2026-07-31 10:47:08.354+00
e89caf38-80bb-461d-9c52-9ae56370e2cf,00000000-0000-0000-0000-000000000001,dd5f72fc-3500-4a90-9add-05f6fbb2e375,invoice,5500d6f6-e9d2-42bd-bbd0-049971bea7bf,c02eb961-2471-c285-9c28-fb9a12aaf70a,Invoice VISTA/26-27/08/00082 · 2026-08,sent,null,2026-07-31 10:38:13.305256+00,2026-07-31 10:47:08.241+00
ac9ed63b-581d-4e52-8243-ba9fa3b81e5b,00000000-0000-0000-0000-000000000001,0e3890ff-d293-4651-bdbd-baca356dbf1e,invoice,93066ec2-cba5-4b0c-8a14-6e1b090f68f5,630c8120-bdbc-832c-24ca-aca9e6b49891,Invoice VISTA/26-27/08/00078 · 2026-08,sent,null,2026-07-31 10:38:19.218386+00,2026-07-31 10:47:08.354+00
35e0de0d-73b1-42b2-a3b5-4b4b5f11dea0,00000000-0000-0000-0000-000000000001,dd5f72fc-3500-4a90-9add-05f6fbb2e375,invoice,cb11c3d2-3858-4dc0-9b68-ced16224d5cd,73715344-908a-b7fa-00cc-34358ffb16f0,Invoice VISTA/26-27/08/00087 · 2026-08,sent,null,2026-07-31 10:38:22.297749+00,2026-07-31 10:47:08.241+00
4bbc185e-682d-4ec7-841f-c0750c55105c,00000000-0000-0000-0000-000000000001,0e3890ff-d293-4651-bdbd-baca356dbf1e,invoice,8ffbf90c-25f1-40a3-8c5b-927be26b89f8,1dc2bdca-ae79-4cd5-9d74-961c02cce282,Invoice VISTA/26-27/08/00058 · 2026-08,sent,null,2026-07-31 10:38:28.320755+00,2026-07-31 10:47:08.354+00
aefe04ff-8ae9-48d2-8ca2-6362b23cfe36,00000000-0000-0000-0000-000000000001,dd5f72fc-3500-4a90-9add-05f6fbb2e375,invoice,f0c8e4ea-c3eb-47cc-bd1f-49a8b10185c3,2a00764b-10fd-4f2c-84a8-b611cf9b893a,Invoice VISTA/26-27/08/00028 · 2026-08,sent,null,2026-07-31 10:38:35.365454+00,2026-07-31 10:47:08.241+00
af40d15f-b776-474f-baa3-323ea2d255ac,00000000-0000-0000-0000-000000000001,0e3890ff-d293-4651-bdbd-baca356dbf1e,invoice,fe0d7474-dff6-4aaa-a402-178a1642ae88,d77b5c1e-605d-6795-5eee-1e2f9b83e069,Invoice VISTA/26-27/08/00088 · 2026-08,sent,null,2026-07-31 10:38:41.329408+00,2026-07-31 10:47:08.354+00
507157a5-a1d6-4338-819d-e9842db0277e,00000000-0000-0000-0000-000000000001,dd5f72fc-3500-4a90-9add-05f6fbb2e375,invoice,06fb2812-95e0-47c9-b077-2b43add28db7,1604768e-85d5-4c44-882a-b748eddc1f37,Invoice VISTA/26-27/08/00027 · 2026-08,sent,null,2026-07-31 10:38:47.627281+00,2026-07-31 10:47:08.241+00
9d8cf65f-b65b-47cc-8293-8d715648f3e7,00000000-0000-0000-0000-000000000001,0e3890ff-d293-4651-bdbd-baca356dbf1e,invoice,59610567-0da4-42f8-b780-2aeaa05b2629,d497808b-36e2-ea42-d247-85b4e409078c,Invoice VISTA/26-27/08/00083 · 2026-08,sent,null,2026-07-31 10:38:54.301812+00,2026-07-31 10:47:08.354+00
cc8346c9-9f7e-40ff-9513-e245b04af317,00000000-0000-0000-0000-000000000001,dd5f72fc-3500-4a90-9add-05f6fbb2e375,invoice,86e2d1e5-0487-4ee5-aa8e-7b1a805182ed,696a4512-7d08-4e23-a774-91ee1afc42d1,Invoice VISTA/26-27/08/00001 · 2026-08,sent,null,2026-07-31 10:39:00.544713+00,2026-07-31 10:47:08.241+00
0ab147e2-d919-43ed-9d1d-0fc4408b0f8a,00000000-0000-0000-0000-000000000001,0e3890ff-d293-4651-bdbd-baca356dbf1e,invoice,463196f3-615d-4d2b-bc60-ab6b559a83a6,edee54e5-b970-ea10-551f-b156c26d8f0a,Invoice VISTA/26-27/08/00041 · 2026-08,sent,null,2026-07-31 10:39:07.398719+00,2026-07-31 10:47:08.354+00
4c6f5e69-0aad-43ab-9dea-d63960ed767f,00000000-0000-0000-0000-000000000001,dd5f72fc-3500-4a90-9add-05f6fbb2e375,invoice,28e403ee-cbdf-4b7c-b1c7-46079e4deb54,7949646a-1455-41bc-9b8a-d19f84772bbb,Invoice VISTA/26-27/08/00014 · 2026-08,sent,null,2026-07-31 10:39:14.266603+00,2026-07-31 10:47:08.241+00
44abc8ab-bf93-4993-8c39-032422402920,00000000-0000-0000-0000-000000000001,0e3890ff-d293-4651-bdbd-baca356dbf1e,invoice,09ed32a8-649f-49d2-96ad-b98110b2e3d2,9653a402-ff75-bbdf-8cc6-1cb0ca01f233,Invoice VISTA/26-27/08/00148 · 2026-08,sent,null,2026-07-31 10:39:20.368167+00,2026-07-31 10:47:08.354+00
9abf99c1-5d5c-401a-bbbf-f517ff352ed1,00000000-0000-0000-0000-000000000001,dd5f72fc-3500-4a90-9add-05f6fbb2e375,invoice,a5653c5b-ce94-46d2-bffd-7aeda41f6258,c49181cd-07c5-4c6a-a996-4146d002c886,Invoice VISTA/26-27/08/00053 · 2026-08,sent,null,2026-07-31 10:39:26.369579+00,2026-07-31 10:47:08.241+00
4adba2a8-5daa-4295-82c7-734711eef8d0,00000000-0000-0000-0000-000000000001,0e3890ff-d293-4651-bdbd-baca356dbf1e,invoice,82e6ad89-6a9f-4258-9a6c-19540fa3ca4a,af12a12c-92bf-088b-3073-292fe4dfc478,Invoice VISTA/26-27/08/00128 · 2026-08,sent,null,2026-07-31 10:39:33.026731+00,2026-07-31 10:47:08.354+00
d2fed97b-9574-4d0c-856e-f7aa83261364,00000000-0000-0000-0000-000000000001,dd5f72fc-3500-4a90-9add-05f6fbb2e375,invoice,07e264f2-91ea-433c-9f96-790c4ac4e64b,a467df39-5ec5-465e-a471-e2b54be7bc71,Invoice VISTA/26-27/08/00054 · 2026-08,sent,null,2026-07-31 10:39:39.07864+00,2026-07-31 10:47:08.241+00
02a6790e-b894-492f-8b93-2f53c9be94d9,00000000-0000-0000-0000-000000000001,0e3890ff-d293-4651-bdbd-baca356dbf1e,invoice,73a2d6d5-fd85-41cd-97a8-737849e45112,9eb73523-a830-4796-9317-1a3f4e9e7254,Invoice VISTA/26-27/08/00008 · 2026-08,sent,null,2026-07-31 10:39:46.460311+00,2026-07-31 10:47:08.354+00
0f337a30-bba9-424f-9840-99264c1f8783,00000000-0000-0000-0000-000000000001,dd5f72fc-3500-4a90-9add-05f6fbb2e375,invoice,2ae3cdd6-ed08-4fb2-b25f-d1860fc8f487,bdcc24e3-6077-3ea9-b25e-2747d0f07be7,Invoice VISTA/26-27/08/00135 · 2026-08,sent,null,2026-07-31 10:39:52.319066+00,2026-07-31 10:47:08.241+00
adc45f81-508b-4923-bad6-7f816b3c7b16,00000000-0000-0000-0000-000000000001,0e3890ff-d293-4651-bdbd-baca356dbf1e,invoice,ad32ad44-283a-4200-a248-66201410d026,c2f58086-b0e6-4083-b634-acc444ebc69f,Invoice VISTA/26-27/08/00007 · 2026-08,sent,null,2026-07-31 10:39:58.607907+00,2026-07-31 10:47:08.354+00
1b36e2c9-3968-434e-af72-c170eaf13c54,00000000-0000-0000-0000-000000000001,dd5f72fc-3500-4a90-9add-05f6fbb2e375,invoice,b8bae329-57c5-4f46-83ce-de6999d8288b,7976ec26-6b18-471f-96d3-aa39a03abac8,Invoice VISTA/26-27/08/00018 · 2026-08,sent,null,2026-07-31 10:40:06.14435+00,2026-07-31 10:47:08.241+00
92168852-8f80-4d13-b791-d17c08bbda6c,00000000-0000-0000-0000-000000000001,0e3890ff-d293-4651-bdbd-baca356dbf1e,invoice,a919f954-532d-4330-b45c-a99590d2873c,d8c4b3c5-9b2a-4c6e-b1e8-0a98c9175234,Invoice VISTA/26-27/08/00049 · 2026-08,sent,null,2026-07-31 10:40:12.500657+00,2026-07-31 10:47:08.354+00
e9737906-23f7-4acc-84f7-2bb8293962d5,00000000-0000-0000-0000-000000000001,dd5f72fc-3500-4a90-9add-05f6fbb2e375,invoice,0ef36ab3-87d7-443b-be1d-aa08439f014d,d4890451-59e6-45f4-a75f-b2199aa5a3a7,Invoice VISTA/26-27/08/00021 · 2026-08,sent,null,2026-07-31 10:40:15.318768+00,2026-07-31 10:47:08.241+00
0bf2b80c-344e-46cf-a840-fffba2fba52b,00000000-0000-0000-0000-000000000001,0e3890ff-d293-4651-bdbd-baca356dbf1e,invoice,e8afaa58-7e6a-4ecc-b5d9-133d63cd24c8,238b347e-e7e9-b1a3-31a8-a2f8fed99f55,Invoice VISTA/26-27/08/00131 · 2026-08,sent,null,2026-07-31 10:40:21.614911+00,2026-07-31 10:47:08.354+00
05bff36a-66fe-4759-9814-689d4eb736b3,00000000-0000-0000-0000-000000000001,dd5f72fc-3500-4a90-9add-05f6fbb2e375,invoice,ea31a70a-12b4-4cd0-a415-2930c2c46f62,30f37c32-22c8-495f-9468-246790e56559,Invoice VISTA/26-27/08/00025 · 2026-08,sent,null,2026-07-31 10:40:28.306629+00,2026-07-31 10:47:13.656+00
c1cd2212-c52b-4a9f-a6f0-6e579d68fb9d,00000000-0000-0000-0000-000000000001,0e3890ff-d293-4651-bdbd-baca356dbf1e,invoice,92807ea0-6057-476f-9a13-eb18af0a8e68,8e39a9bd-3317-b2a6-22a6-16fa4cab9632,Invoice VISTA/26-27/08/00061 · 2026-08,sent,null,2026-07-31 10:40:32.777762+00,2026-07-31 10:47:13.34+00
218238d8-c097-45c9-86c7-203c302a49ff,00000000-0000-0000-0000-000000000001,dd5f72fc-3500-4a90-9add-05f6fbb2e375,invoice,eb4d04f2-ed87-4f26-b968-b0afaf4ce1b8,41a311d7-b970-4e78-a30e-a633fc4e5f2f,Invoice VISTA/26-27/08/00024 · 2026-08,sent,null,2026-07-31 10:40:38.577511+00,2026-07-31 10:47:13.656+00
714289d4-e859-4baa-9bf4-329353e34a9e,00000000-0000-0000-0000-000000000001,0e3890ff-d293-4651-bdbd-baca356dbf1e,invoice,3832fc96-fc13-477c-8382-81d6e7e1ff0b,06061874-ce68-4008-82f6-50ace2ba4bf4,Invoice VISTA/26-27/08/00030 · 2026-08,sent,null,2026-07-31 10:40:44.605248+00,2026-07-31 10:47:13.34+00
834410e3-61f6-439f-82d6-fae5c75473a5,00000000-0000-0000-0000-000000000001,dd5f72fc-3500-4a90-9add-05f6fbb2e375,invoice,e368be74-8564-42c9-97cf-bffc5396c201,6e29f80e-ffb7-4c7e-9f39-a7980c00926b,Invoice VISTA/26-27/08/00010 · 2026-08,sent,null,2026-07-31 10:40:51.425604+00,2026-07-31 10:47:13.656+00
5d84bcea-a7ad-4e88-95e5-fbf50816210b,00000000-0000-0000-0000-000000000001,0e3890ff-d293-4651-bdbd-baca356dbf1e,invoice,c1c9af7d-8b61-46f1-a530-c8f262aa2016,2d700a6b-44c4-438b-841f-febe1b2c47a7,Invoice VISTA/26-27/08/00022 · 2026-08,sent,null,2026-07-31 10:40:57.344352+00,2026-07-31 10:47:13.34+00
66d63299-ec54-4dcf-9f1f-5d2eb553ef92,00000000-0000-0000-0000-000000000001,dd5f72fc-3500-4a90-9add-05f6fbb2e375,invoice,406883b3-4c81-434e-bf3e-55d26d001904,d2de48e8-0097-4d6d-8e3d-62ee7c8f2fcd,Invoice VISTA/26-27/08/00019 · 2026-08,sent,null,2026-07-31 10:41:03.771286+00,2026-07-31 10:47:13.656+00
93bd2216-be48-4d8a-a215-cd4b81c26777,00000000-0000-0000-0000-000000000001,0e3890ff-d293-4651-bdbd-baca356dbf1e,invoice,81d246b6-f3c1-4583-b607-5daef9b4c847,e6dde6a9-4da9-d1a2-802a-faf5db207e8e,Invoice VISTA/26-27/08/00120 · 2026-08,sent,null,2026-07-31 10:41:10.232922+00,2026-07-31 10:47:13.34+00
7a6a06df-f0e7-4f5c-85ee-0e20b6b52035,00000000-0000-0000-0000-000000000001,dd5f72fc-3500-4a90-9add-05f6fbb2e375,invoice,86e5d137-c011-46d2-a875-5c1c3fbf4d2e,0278721a-a690-833b-298a-16a351fb7a3a,Invoice VISTA/26-27/08/00117 · 2026-08,sent,null,2026-07-31 10:41:13.600433+00,2026-07-31 10:47:13.656+00
4da567cd-e8d1-4b98-b9cd-2649e79006c0,00000000-0000-0000-0000-000000000001,0e3890ff-d293-4651-bdbd-baca356dbf1e,invoice,ef36d67c-fbc5-49f0-9680-57c0901ed518,df5ea39c-c069-5211-271d-f0d3831adefa,Invoice VISTA/26-27/08/00170 · 2026-08,sent,null,2026-07-31 10:41:19.463844+00,2026-07-31 10:47:13.34+00
c5020c54-424c-464b-8ecb-5f30474444bf,00000000-0000-0000-0000-000000000001,dd5f72fc-3500-4a90-9add-05f6fbb2e375,invoice,5154b116-6105-45dc-be0d-afcb9d9a9ce9,8996897f-e383-4fca-87f9-654e1b14b3c2,Invoice VISTA/26-27/08/00042 · 2026-08,sent,null,2026-07-31 10:41:22.275328+00,2026-07-31 10:47:13.656+00
898dc884-6ed8-4fbb-9fa9-5ae7601fe165,00000000-0000-0000-0000-000000000001,0e3890ff-d293-4651-bdbd-baca356dbf1e,invoice,5500d6f6-e9d2-42bd-bbd0-049971bea7bf,c02eb961-2471-c285-9c28-fb9a12aaf70a,Invoice VISTA/26-27/08/00082 · 2026-08,sent,null,2026-07-31 10:41:29.265252+00,2026-07-31 10:47:13.34+00
075d4ad9-1fb9-45df-8f23-04c1c6095a39,00000000-0000-0000-0000-000000000001,dd5f72fc-3500-4a90-9add-05f6fbb2e375,invoice,5261f66b-df99-4c90-9b7c-5607e75cb162,6d60a9d5-34ce-4336-9c23-231057dffa71,Invoice VISTA/26-27/08/00035 · 2026-08,sent,null,2026-07-31 10:41:32.548117+00,2026-07-31 10:49:53.392+00
9303dc04-f192-4af4-8ec3-2f50fb3d1e4f,00000000-0000-0000-0000-000000000001,0e3890ff-d293-4651-bdbd-baca356dbf1e,invoice,cb11c3d2-3858-4dc0-9b68-ced16224d5cd,73715344-908a-b7fa-00cc-34358ffb16f0,Invoice VISTA/26-27/08/00087 · 2026-08,sent,null,2026-07-31 10:41:36.336566+00,2026-07-31 10:47:13.34+00
ed1b022b-f930-490e-b61a-ae0d4c392f5a,00000000-0000-0000-0000-000000000001,dd5f72fc-3500-4a90-9add-05f6fbb2e375,invoice,6ca9c9ef-acf2-4511-8a3a-7a1157a9fa5d,2ac2da6e-0954-f906-32d7-a1f55477c590,Invoice VISTA/26-27/08/00067 · 2026-08,sent,null,2026-07-31 10:41:42.386614+00,2026-07-31 10:47:13.656+00
2723455c-3465-413b-9758-12bd3a01d62d,00000000-0000-0000-0000-000000000001,0e3890ff-d293-4651-bdbd-baca356dbf1e,invoice,f0c8e4ea-c3eb-47cc-bd1f-49a8b10185c3,2a00764b-10fd-4f2c-84a8-b611cf9b893a,Invoice VISTA/26-27/08/00028 · 2026-08,sent,null,2026-07-31 10:41:49.304121+00,2026-07-31 10:47:13.34+00
908f604b-66a9-4b7b-b85a-5718ff89a9f5,00000000-0000-0000-0000-000000000001,dd5f72fc-3500-4a90-9add-05f6fbb2e375,invoice,d4ff2323-b116-4ec6-9b23-33656da01ef4,1a3b6c74-26e1-7124-0b5c-7f783d71624d,Invoice VISTA/26-27/08/00039 · 2026-08,sent,null,2026-07-31 10:41:55.647262+00,2026-07-31 10:47:13.656+00
3a6d752c-56ac-4f05-b4df-205862991e62,00000000-0000-0000-0000-000000000001,0e3890ff-d293-4651-bdbd-baca356dbf1e,invoice,06fb2812-95e0-47c9-b077-2b43add28db7,1604768e-85d5-4c44-882a-b748eddc1f37,Invoice VISTA/26-27/08/00027 · 2026-08,sent,null,2026-07-31 10:42:01.406173+00,2026-07-31 10:47:13.34+00
b19f3998-3c10-4141-8d2a-89ed83f72935,00000000-0000-0000-0000-000000000001,dd5f72fc-3500-4a90-9add-05f6fbb2e375,invoice,3a4b8f63-3afb-4711-be9d-081e65c68feb,1218c50c-4da4-4f61-baec-5182a25958e3,Invoice VISTA/26-27/08/00047 · 2026-08,sent,null,2026-07-31 10:42:08.363298+00,2026-07-31 10:47:13.656+00
4bb8178a-e51f-4395-afa0-2c2b205beea1,00000000-0000-0000-0000-000000000001,0e3890ff-d293-4651-bdbd-baca356dbf1e,invoice,86e2d1e5-0487-4ee5-aa8e-7b1a805182ed,696a4512-7d08-4e23-a774-91ee1afc42d1,Invoice VISTA/26-27/08/00001 · 2026-08,sent,null,2026-07-31 10:42:15.321014+00,2026-07-31 10:47:13.34+00
4b11c332-514f-4ace-951d-9719aface578,00000000-0000-0000-0000-000000000001,dd5f72fc-3500-4a90-9add-05f6fbb2e375,invoice,b31cfa22-6582-4f99-95b5-55e5bb0ffdd8,12062e7c-25cc-4c45-8869-abf33c8a981c,Invoice VISTA/26-27/08/00017 · 2026-08,sent,null,2026-07-31 10:42:20.820053+00,2026-07-31 10:47:13.656+00
99d866c2-3f26-4f0d-8072-b3ce858db417,00000000-0000-0000-0000-000000000001,0e3890ff-d293-4651-bdbd-baca356dbf1e,invoice,28e403ee-cbdf-4b7c-b1c7-46079e4deb54,7949646a-1455-41bc-9b8a-d19f84772bbb,Invoice VISTA/26-27/08/00014 · 2026-08,sent,null,2026-07-31 10:42:27.315245+00,2026-07-31 10:47:13.34+00
831747bc-56a2-4d7c-824d-222015a90702,00000000-0000-0000-0000-000000000001,dd5f72fc-3500-4a90-9add-05f6fbb2e375,invoice,31162868-5769-409d-a653-e5b95d0fc1b9,72ac33cc-b9b2-9cc4-47fd-d37096c8f30d,Invoice VISTA/26-27/08/00085 · 2026-08,sent,null,2026-07-31 10:42:34.303459+00,2026-07-31 10:47:13.656+00
7879cffa-ceb2-4705-9169-da530bce4d86,00000000-0000-0000-0000-000000000001,0e3890ff-d293-4651-bdbd-baca356dbf1e,invoice,a5653c5b-ce94-46d2-bffd-7aeda41f6258,c49181cd-07c5-4c6a-a996-4146d002c886,Invoice VISTA/26-27/08/00053 · 2026-08,sent,null,2026-07-31 10:42:40.288237+00,2026-07-31 10:47:13.34+00
e23602c7-a0f0-42e9-9e4a-860b7e80a705,00000000-0000-0000-0000-000000000001,dd5f72fc-3500-4a90-9add-05f6fbb2e375,invoice,bea65658-1ccb-4dc1-bea0-9f422e7703fd,491b8136-32a1-37c5-5253-b53ff3991d86,Invoice VISTA/26-27/08/00098 · 2026-08,sent,null,2026-07-31 10:42:47.488745+00,2026-07-31 10:47:13.656+00
91e5b086-b05a-4cbc-ba58-28e5bfce8271,00000000-0000-0000-0000-000000000001,0e3890ff-d293-4651-bdbd-baca356dbf1e,invoice,07e264f2-91ea-433c-9f96-790c4ac4e64b,a467df39-5ec5-465e-a471-e2b54be7bc71,Invoice VISTA/26-27/08/00054 · 2026-08,sent,null,2026-07-31 10:42:53.291075+00,2026-07-31 10:47:13.34+00
30c1216b-483b-44d5-a6ff-919b99e24697,00000000-0000-0000-0000-000000000001,dd5f72fc-3500-4a90-9add-05f6fbb2e375,invoice,d909531d-49bd-4adb-b21b-fd55f96b377c,2631ddfd-660e-8719-1876-82cf88e13a60,Invoice VISTA/26-27/08/00130 · 2026-08,sent,null,2026-07-31 10:42:59.541669+00,2026-07-31 10:47:13.656+00
79ef496a-985d-4ce7-9f56-2b71126e1d3c,00000000-0000-0000-0000-000000000001,0e3890ff-d293-4651-bdbd-baca356dbf1e,invoice,2ae3cdd6-ed08-4fb2-b25f-d1860fc8f487,bdcc24e3-6077-3ea9-b25e-2747d0f07be7,Invoice VISTA/26-27/08/00135 · 2026-08,sent,null,2026-07-31 10:43:05.867998+00,2026-07-31 10:47:13.34+00
749fdde5-1111-4982-be85-e3753fdf8c0f,00000000-0000-0000-0000-000000000001,dd5f72fc-3500-4a90-9add-05f6fbb2e375,invoice,98fdacf3-4e28-43d4-982f-86240ff9dfac,9541a16d-d020-eb78-80f1-a4a2d4b7775f,Invoice VISTA/26-27/08/00070 · 2026-08,sent,null,2026-07-31 10:43:12.391824+00,2026-07-31 10:47:13.656+00
6e47dbf9-115b-4b7e-9582-6e6969a50647,00000000-0000-0000-0000-000000000001,0e3890ff-d293-4651-bdbd-baca356dbf1e,invoice,b8bae329-57c5-4f46-83ce-de6999d8288b,7976ec26-6b18-471f-96d3-aa39a03abac8,Invoice VISTA/26-27/08/00018 · 2026-08,sent,null,2026-07-31 10:43:19.566142+00,2026-07-31 10:47:13.34+00
8e755da2-5c6b-4a40-85eb-20f33092a540,00000000-0000-0000-0000-000000000001,dd5f72fc-3500-4a90-9add-05f6fbb2e375,invoice,cc009640-75b1-4eba-94da-dcfcb2922128,5eb9cf08-d888-4c7c-b6da-0b773bb39bba,Invoice VISTA/26-27/08/00029 · 2026-08,sent,null,2026-07-31 10:43:25.552714+00,2026-07-31 10:47:13.656+00
d5c7757f-4ff1-4cfe-b88e-f2c10fde7cbf,00000000-0000-0000-0000-000000000001,0e3890ff-d293-4651-bdbd-baca356dbf1e,invoice,0ef36ab3-87d7-443b-be1d-aa08439f014d,d4890451-59e6-45f4-a75f-b2199aa5a3a7,Invoice VISTA/26-27/08/00021 · 2026-08,sent,null,2026-07-31 10:43:32.26384+00,2026-07-31 10:47:13.34+00
6ccf06b1-ade2-4c5c-be96-043e79e768e7,00000000-0000-0000-0000-000000000001,dd5f72fc-3500-4a90-9add-05f6fbb2e375,invoice,1624416e-5fb3-408f-88d6-db2d5642f8f3,25ef6338-6197-45a8-82d9-ddd0a846f1b2,Invoice VISTA/26-27/08/00051 · 2026-08,sent,null,2026-07-31 10:43:38.428981+00,2026-07-31 10:47:13.656+00
a48ad5c5-64df-4c3e-80e5-08e162908f4c,00000000-0000-0000-0000-000000000001,0e3890ff-d293-4651-bdbd-baca356dbf1e,invoice,ea31a70a-12b4-4cd0-a415-2930c2c46f62,30f37c32-22c8-495f-9468-246790e56559,Invoice VISTA/26-27/08/00025 · 2026-08,sent,null,2026-07-31 10:43:45.300204+00,2026-07-31 10:47:13.34+00
20e52af5-a82b-47e7-956e-0ed53c6f3c2a,00000000-0000-0000-0000-000000000001,dd5f72fc-3500-4a90-9add-05f6fbb2e375,invoice,31426215-d02a-41d2-afac-a5fa860b4cb8,23f7ef5f-6b26-a104-b616-b438d7e9243c,Invoice VISTA/26-27/08/00136 · 2026-08,sent,null,2026-07-31 10:43:48.560663+00,2026-07-31 10:47:13.656+00
ee95329b-8bdb-48d7-a290-7a7d99bbbbc2,00000000-0000-0000-0000-000000000001,0e3890ff-d293-4651-bdbd-baca356dbf1e,invoice,eb4d04f2-ed87-4f26-b968-b0afaf4ce1b8,41a311d7-b970-4e78-a30e-a633fc4e5f2f,Invoice VISTA/26-27/08/00024 · 2026-08,sent,null,2026-07-31 10:43:54.485878+00,2026-07-31 10:47:13.34+00
3814e980-a1c1-40e2-bacd-c84152d2a1a8,00000000-0000-0000-0000-000000000001,dd5f72fc-3500-4a90-9add-05f6fbb2e375,invoice,a5b19abd-025c-41be-9680-a1ca999cb501,38069f8b-d44e-0b86-a0d1-dafac5ae1232,Invoice VISTA/26-27/08/00150 · 2026-08,sent,null,2026-07-31 10:44:01.209927+00,2026-07-31 10:47:13.656+00
439f4451-cb8c-4960-bfa7-d7d62fae1b45,00000000-0000-0000-0000-000000000001,0e3890ff-d293-4651-bdbd-baca356dbf1e,invoice,e368be74-8564-42c9-97cf-bffc5396c201,6e29f80e-ffb7-4c7e-9f39-a7980c00926b,Invoice VISTA/26-27/08/00010 · 2026-08,sent,null,2026-07-31 10:44:04.518474+00,2026-07-31 10:49:35.953+00
f6c0e26d-6f87-4386-afcf-92d4b37bb3b4,00000000-0000-0000-0000-000000000001,dd5f72fc-3500-4a90-9add-05f6fbb2e375,invoice,704e6f54-2096-449c-a9f1-6fb45a33920a,31f3f7a3-5dc4-21cd-ba54-b41347a7822a,Invoice VISTA/26-27/08/00133 · 2026-08,sent,null,2026-07-31 10:44:10.380746+00,2026-07-31 10:47:13.656+00
188ae6d9-25c9-4e20-a0df-80d6a6bde2a3,00000000-0000-0000-0000-000000000001,0e3890ff-d293-4651-bdbd-baca356dbf1e,invoice,406883b3-4c81-434e-bf3e-55d26d001904,d2de48e8-0097-4d6d-8e3d-62ee7c8f2fcd,Invoice VISTA/26-27/08/00019 · 2026-08,sent,null,2026-07-31 10:44:16.594641+00,2026-07-31 10:47:13.34+00
ceaa658e-0ea7-403a-9f85-07a945ed3725,00000000-0000-0000-0000-000000000001,dd5f72fc-3500-4a90-9add-05f6fbb2e375,invoice,b905069a-8bec-44c6-ae8c-4dcddb5874bd,b2f85d5d-acf9-7c53-dc5b-0d3b67b462c5,Invoice VISTA/26-27/08/00075 · 2026-08,sent,null,2026-07-31 10:44:19.308678+00,2026-07-31 10:47:13.656+00
96fd20df-8ebc-4176-98c8-fd704ca4b488,00000000-0000-0000-0000-000000000001,0e3890ff-d293-4651-bdbd-baca356dbf1e,invoice,86e5d137-c011-46d2-a875-5c1c3fbf4d2e,0278721a-a690-833b-298a-16a351fb7a3a,Invoice VISTA/26-27/08/00117 · 2026-08,sent,null,2026-07-31 10:44:26.353641+00,2026-07-31 10:47:13.34+00
a8def00c-6813-4745-ae83-01b79bf04954,00000000-0000-0000-0000-000000000001,dd5f72fc-3500-4a90-9add-05f6fbb2e375,invoice,c22f19b3-ad18-460f-99f3-95a50e098f19,c09e703c-d287-38c8-d1c1-239145e17df9,Invoice VISTA/26-27/08/00166 · 2026-08,sent,null,2026-07-31 10:44:32.351039+00,2026-07-31 10:47:13.656+00
1c774176-b16d-47e3-9d41-6137eae5d1ac,00000000-0000-0000-0000-000000000001,0e3890ff-d293-4651-bdbd-baca356dbf1e,invoice,5154b116-6105-45dc-be0d-afcb9d9a9ce9,8996897f-e383-4fca-87f9-654e1b14b3c2,Invoice VISTA/26-27/08/00042 · 2026-08,sent,null,2026-07-31 10:44:35.270033+00,2026-07-31 10:47:13.34+00
c94fab50-dfd6-4225-824e-ee84775fb9cd,00000000-0000-0000-0000-000000000001,dd5f72fc-3500-4a90-9add-05f6fbb2e375,invoice,e75e65e2-8dcf-45b8-a2db-e2b54c4cb137,146a8458-f956-54ed-317f-b99f7d16fff8,Invoice VISTA/26-27/08/00151 · 2026-08,sent,null,2026-07-31 10:44:41.220045+00,2026-07-31 10:47:13.656+00
0f23e246-bc9e-42bd-81f4-6e060fd19454,00000000-0000-0000-0000-000000000001,0e3890ff-d293-4651-bdbd-baca356dbf1e,invoice,5261f66b-df99-4c90-9b7c-5607e75cb162,6d60a9d5-34ce-4336-9c23-231057dffa71,Invoice VISTA/26-27/08/00035 · 2026-08,sent,null,2026-07-31 10:44:43.388795+00,2026-07-31 10:47:13.34+00
7ae2a5ca-c3a9-43d0-a954-e9d033e9a84a,00000000-0000-0000-0000-000000000001,dd5f72fc-3500-4a90-9add-05f6fbb2e375,invoice,c875befb-e32c-4971-a493-9adfa5e722cf,a7dadee2-80e3-eba0-084f-5f1847bb3aa4,Invoice VISTA/26-27/08/00064 · 2026-08,sent,null,2026-07-31 10:44:51.415405+00,2026-07-31 10:47:13.656+00
5a9be45b-b038-401c-8048-f562160e512e,00000000-0000-0000-0000-000000000001,0e3890ff-d293-4651-bdbd-baca356dbf1e,invoice,6ca9c9ef-acf2-4511-8a3a-7a1157a9fa5d,2ac2da6e-0954-f906-32d7-a1f55477c590,Invoice VISTA/26-27/08/00067 · 2026-08,sent,null,2026-07-31 10:44:57.550916+00,2026-07-31 10:47:13.34+00
1cc0413f-4776-4e35-99a3-74fe04aaa2b4,00000000-0000-0000-0000-000000000001,dd5f72fc-3500-4a90-9add-05f6fbb2e375,invoice,e607d174-3a31-443c-b1dd-c8ef3dd8c144,a4ef95bf-1c7c-4c4d-0497-ae38085af6cc,Invoice VISTA/26-27/08/00069 · 2026-08,sent,null,2026-07-31 10:45:05.243829+00,2026-07-31 10:47:19.062+00
2580b114-07b3-4a06-b908-375e2f9e6fde,00000000-0000-0000-0000-000000000001,0e3890ff-d293-4651-bdbd-baca356dbf1e,invoice,d4ff2323-b116-4ec6-9b23-33656da01ef4,1a3b6c74-26e1-7124-0b5c-7f783d71624d,Invoice VISTA/26-27/08/00039 · 2026-08,sent,null,2026-07-31 10:45:10.7822+00,2026-07-31 10:47:17.453+00
fafe2245-2e11-4089-acdd-02a2d32d35a3,00000000-0000-0000-0000-000000000001,dd5f72fc-3500-4a90-9add-05f6fbb2e375,invoice,41deea45-6941-40c1-a7f9-2abfc9f454e6,8aacbc78-5e56-b3c0-f8bc-fcb5490b94f3,Invoice VISTA/26-27/08/00163 · 2026-08,sent,null,2026-07-31 10:45:13.303537+00,2026-07-31 10:47:19.062+00
702ed06d-1ef2-4d48-8d43-54b25efa09ac,00000000-0000-0000-0000-000000000001,0e3890ff-d293-4651-bdbd-baca356dbf1e,invoice,3a4b8f63-3afb-4711-be9d-081e65c68feb,1218c50c-4da4-4f61-baec-5182a25958e3,Invoice VISTA/26-27/08/00047 · 2026-08,sent,null,2026-07-31 10:45:19.379556+00,2026-07-31 10:47:17.453+00
4cc9346c-3091-41a4-8644-c922de0d4c30,00000000-0000-0000-0000-000000000001,dd5f72fc-3500-4a90-9add-05f6fbb2e375,invoice,147c5a80-2f2d-4935-8c07-af04f426ea61,a4709d2c-85e2-3d68-7467-1eaf879ba2c9,Invoice VISTA/26-27/08/00091 · 2026-08,sent,null,2026-07-31 10:45:28.502034+00,2026-07-31 10:47:19.062+00
1dc82899-8458-45f8-8c4c-49039fdae028,00000000-0000-0000-0000-000000000001,0e3890ff-d293-4651-bdbd-baca356dbf1e,invoice,b31cfa22-6582-4f99-95b5-55e5bb0ffdd8,12062e7c-25cc-4c45-8869-abf33c8a981c,Invoice VISTA/26-27/08/00017 · 2026-08,sent,null,2026-07-31 10:45:30.258829+00,2026-07-31 10:47:17.453+00
2aeb8585-caff-4d45-90f8-9f308788d685,00000000-0000-0000-0000-000000000001,dd5f72fc-3500-4a90-9add-05f6fbb2e375,invoice,0b28c63a-d7ba-4590-ac1f-59e03610e3a7,55e6e452-fae2-a5ac-3c12-21424bffbcac,Invoice VISTA/26-27/08/00003 · 2026-08,sent,null,2026-07-31 10:45:36.579258+00,2026-07-31 10:47:19.062+00
8b34a217-e66d-41a1-83bf-cc5494d21c61,00000000-0000-0000-0000-000000000001,0e3890ff-d293-4651-bdbd-baca356dbf1e,invoice,31162868-5769-409d-a653-e5b95d0fc1b9,72ac33cc-b9b2-9cc4-47fd-d37096c8f30d,Invoice VISTA/26-27/08/00085 · 2026-08,sent,null,2026-07-31 10:45:44.218104+00,2026-07-31 10:47:17.453+00
98c299bb-84b3-4e36-a3a0-239a3d4efd4c,00000000-0000-0000-0000-000000000001,dd5f72fc-3500-4a90-9add-05f6fbb2e375,invoice,a7d1b3a3-333c-4d38-af85-8c0d100da7a5,93eb3d6a-d35b-ef1f-83b8-7430b6ad1674,Invoice VISTA/26-27/08/00157 · 2026-08,sent,null,2026-07-31 10:45:46.289959+00,2026-07-31 10:47:19.062+00
bfcbc98f-dbd5-4a14-af1d-e318000031b8,00000000-0000-0000-0000-000000000001,0e3890ff-d293-4651-bdbd-baca356dbf1e,invoice,bea65658-1ccb-4dc1-bea0-9f422e7703fd,491b8136-32a1-37c5-5253-b53ff3991d86,Invoice VISTA/26-27/08/00098 · 2026-08,sent,null,2026-07-31 10:45:52.501223+00,2026-07-31 10:47:17.453+00
65a06b5f-a44f-4932-a18a-ed94c18f9817,00000000-0000-0000-0000-000000000001,dd5f72fc-3500-4a90-9add-05f6fbb2e375,invoice,7b90a2a8-fb82-4dd1-a5ac-5ce4f4af433b,854c86e3-8b7f-0ca8-f4ac-c6a073699611,Invoice VISTA/26-27/08/00147 · 2026-08,sent,null,2026-07-31 10:45:59.20701+00,2026-07-31 10:47:19.062+00
79de7457-5423-46f6-9638-9d8c6693b124,00000000-0000-0000-0000-000000000001,0e3890ff-d293-4651-bdbd-baca356dbf1e,invoice,d909531d-49bd-4adb-b21b-fd55f96b377c,2631ddfd-660e-8719-1876-82cf88e13a60,Invoice VISTA/26-27/08/00130 · 2026-08,sent,null,2026-07-31 10:46:02.270961+00,2026-07-31 10:47:17.453+00
d87c06f0-1c22-450b-846a-139af6bc80ed,00000000-0000-0000-0000-000000000001,dd5f72fc-3500-4a90-9add-05f6fbb2e375,invoice,4fc255f7-c9a0-47d3-a6f0-c41c13ecabde,918b6526-10a3-4e0e-b3d8-7862211d2485,Invoice VISTA/26-27/08/00005 · 2026-08,sent,null,2026-07-31 10:46:08.588903+00,2026-07-31 10:47:19.062+00
3fde2564-69fc-4d67-af67-732434ea3610,00000000-0000-0000-0000-000000000001,0e3890ff-d293-4651-bdbd-baca356dbf1e,invoice,98fdacf3-4e28-43d4-982f-86240ff9dfac,9541a16d-d020-eb78-80f1-a4a2d4b7775f,Invoice VISTA/26-27/08/00070 · 2026-08,sent,null,2026-07-31 10:46:10.281282+00,2026-07-31 10:47:17.453+00
fe43422b-107e-41d9-b6a6-548cc0e5bbe1,00000000-0000-0000-0000-000000000001,dd5f72fc-3500-4a90-9add-05f6fbb2e375,invoice,3a1fd8b9-37d6-498c-b263-0a7146b357b7,9e188cc2-9f75-4d15-8fa3-9348236cae71,Invoice VISTA/26-27/08/00052 · 2026-08,sent,null,2026-07-31 10:46:18.956601+00,2026-07-31 10:47:19.062+00
3d7d82aa-2f74-4035-b340-4b5fdff9c081,00000000-0000-0000-0000-000000000001,0e3890ff-d293-4651-bdbd-baca356dbf1e,invoice,cc009640-75b1-4eba-94da-dcfcb2922128,5eb9cf08-d888-4c7c-b6da-0b773bb39bba,Invoice VISTA/26-27/08/00029 · 2026-08,sent,null,2026-07-31 10:46:22.183237+00,2026-07-31 10:47:17.453+00
18e30ed2-f539-4c53-a739-07b21a99cb28,00000000-0000-0000-0000-000000000001,dd5f72fc-3500-4a90-9add-05f6fbb2e375,invoice,4f9dbbfe-3580-43b0-bb94-d2ba7a52bd09,be2214d4-f4b5-4c51-825a-83cddbfb06f8,Invoice VISTA/26-27/08/00013 · 2026-08,sent,null,2026-07-31 10:46:24.408962+00,2026-07-31 10:47:19.062+00
75ca9e03-02fb-46ad-b37f-80c23766100c,00000000-0000-0000-0000-000000000001,0e3890ff-d293-4651-bdbd-baca356dbf1e,invoice,1624416e-5fb3-408f-88d6-db2d5642f8f3,25ef6338-6197-45a8-82d9-ddd0a846f1b2,Invoice VISTA/26-27/08/00051 · 2026-08,sent,null,2026-07-31 10:46:31.278819+00,2026-07-31 10:47:17.453+00
483604ee-cdda-42c8-a5d2-6c8be25b637f,00000000-0000-0000-0000-000000000001,dd5f72fc-3500-4a90-9add-05f6fbb2e375,invoice,02f63cd2-38f9-4867-9372-2ba9e68177bf,d257c87f-0e42-048c-8409-362e925d86fc,Invoice VISTA/26-27/08/00154 · 2026-08,sent,null,2026-07-31 10:46:34.345397+00,2026-07-31 10:47:19.062+00
dfcfdf0e-7896-4618-8046-02cd21f0b7ce,00000000-0000-0000-0000-000000000001,0e3890ff-d293-4651-bdbd-baca356dbf1e,invoice,31426215-d02a-41d2-afac-a5fa860b4cb8,23f7ef5f-6b26-a104-b616-b438d7e9243c,Invoice VISTA/26-27/08/00136 · 2026-08,sent,null,2026-07-31 10:46:40.250534+00,2026-07-31 10:47:17.453+00
307d5771-302f-49c4-b758-5b775b3380d7,00000000-0000-0000-0000-000000000001,dd5f72fc-3500-4a90-9add-05f6fbb2e375,invoice,698d6164-ccb6-48f9-9704-3efafc4973de,71a9340d-9832-4609-a110-d9b5aaffc020,Invoice VISTA/26-27/08/00020 · 2026-08,sent,null,2026-07-31 10:46:46.429485+00,2026-07-31 10:47:19.062+00
529f6abb-e3a9-4c1a-9816-71b3805b0b69,00000000-0000-0000-0000-000000000001,0e3890ff-d293-4651-bdbd-baca356dbf1e,invoice,a5b19abd-025c-41be-9680-a1ca999cb501,38069f8b-d44e-0b86-a0d1-dafac5ae1232,Invoice VISTA/26-27/08/00150 · 2026-08,sent,null,2026-07-31 10:46:49.528167+00,2026-07-31 10:47:17.453+00
33d16884-f96f-49f0-bfd2-9cd7cd28bb3d,00000000-0000-0000-0000-000000000001,dd5f72fc-3500-4a90-9add-05f6fbb2e375,invoice,56a9f5e2-22a0-4679-a5ce-1afdfdbb9d37,5ce46f7c-d9f9-426d-be11-5e3b6a2bedb0,Invoice VISTA/26-27/08/00002 · 2026-08,sent,null,2026-07-31 10:46:58.262809+00,2026-07-31 10:47:19.062+00
0a63d58c-08d2-4fa0-8dd7-e1716215f3d5,00000000-0000-0000-0000-000000000001,0e3890ff-d293-4651-bdbd-baca356dbf1e,invoice,704e6f54-2096-449c-a9f1-6fb45a33920a,31f3f7a3-5dc4-21cd-ba54-b41347a7822a,Invoice VISTA/26-27/08/00133 · 2026-08,sent,null,2026-07-31 10:47:02.611027+00,2026-07-31 10:47:20.778+00
c3245bb8-e4e7-4400-bd12-9ab245a85aa6,00000000-0000-0000-0000-000000000001,dd5f72fc-3500-4a90-9add-05f6fbb2e375,invoice,04559784-422e-4c06-a158-0161d1fac1d4,34e36bb4-6313-46d3-af36-4f9ef75dc0a4,Invoice VISTA/26-27/08/00001 · 2026-08,sent,null,2026-07-31 10:47:11.427635+00,2026-07-31 10:47:22.443+00
ae778828-f620-4fa9-b1f2-87d0d90d1d3f,00000000-0000-0000-0000-000000000001,0e3890ff-d293-4651-bdbd-baca356dbf1e,invoice,b905069a-8bec-44c6-ae8c-4dcddb5874bd,b2f85d5d-acf9-7c53-dc5b-0d3b67b462c5,Invoice VISTA/26-27/08/00075 · 2026-08,sent,null,2026-07-31 10:47:20.33084+00,2026-07-31 10:47:24.002+00
3c0b9af6-5c67-4f93-92ae-d91c22c76be8,00000000-0000-0000-0000-000000000001,dd5f72fc-3500-4a90-9add-05f6fbb2e375,invoice,93bf8bba-851c-406f-a05e-3a67a8e11166,8fd367e7-7404-4ef6-530b-a40219a48f1e,Invoice VISTA/26-27/08/00081 · 2026-08,sent,null,2026-07-31 10:47:29.499003+00,2026-07-31 10:47:33.818+00
613a9ac6-b593-4bdf-a080-9bae142bcb7f,00000000-0000-0000-0000-000000000001,0e3890ff-d293-4651-bdbd-baca356dbf1e,invoice,c22f19b3-ad18-460f-99f3-95a50e098f19,c09e703c-d287-38c8-d1c1-239145e17df9,Invoice VISTA/26-27/08/00166 · 2026-08,sent,null,2026-07-31 10:47:36.761283+00,2026-07-31 10:47:40.145+00
abb94dd2-1e41-48bc-8860-ab120f7280fa,00000000-0000-0000-0000-000000000001,dd5f72fc-3500-4a90-9add-05f6fbb2e375,invoice,7817ae50-d5c3-4e91-b853-925d1fdbd363,61492721-611b-479f-9815-e09e0d7c95fd,Invoice VISTA/26-27/08/00015 · 2026-08,sent,null,2026-07-31 10:47:44.023479+00,2026-07-31 10:47:48.029+00
c4746eb6-dbd9-48f7-b06e-9d8bedab3d3f,00000000-0000-0000-0000-000000000001,0e3890ff-d293-4651-bdbd-baca356dbf1e,invoice,e75e65e2-8dcf-45b8-a2db-e2b54c4cb137,146a8458-f956-54ed-317f-b99f7d16fff8,Invoice VISTA/26-27/08/00151 · 2026-08,sent,null,2026-07-31 10:47:48.296663+00,2026-07-31 10:47:52.576+00
7e32d059-47fb-4792-bb2b-a418197fc1c2,00000000-0000-0000-0000-000000000001,dd5f72fc-3500-4a90-9add-05f6fbb2e375,invoice,cdc8f6e8-8619-47f8-b975-0fad1034a978,080eae03-9f65-4515-aec2-8924472923dd,Invoice VISTA/26-27/08/00038 · 2026-08,sent,null,2026-07-31 10:47:56.468745+00,2026-07-31 10:48:00.71+00
9b9eb4b4-ebe3-4050-971d-a5adc49627f1,00000000-0000-0000-0000-000000000001,0e3890ff-d293-4651-bdbd-baca356dbf1e,invoice,c875befb-e32c-4971-a493-9adfa5e722cf,a7dadee2-80e3-eba0-084f-5f1847bb3aa4,Invoice VISTA/26-27/08/00064 · 2026-08,sent,null,2026-07-31 10:48:04.221066+00,2026-07-31 10:48:07.128+00
ec1ee686-2945-4e62-a688-1347f7f604d5,00000000-0000-0000-0000-000000000001,dd5f72fc-3500-4a90-9add-05f6fbb2e375,invoice,a1431c50-73f7-4ef7-8f30-4b3e35295d3a,18d86801-3cb7-11d4-8b9d-433429296014,Invoice VISTA/26-27/08/00160 · 2026-08,sent,null,2026-07-31 10:48:10.345848+00,2026-07-31 10:48:13.692+00
609d8175-4fe1-40fc-9d9c-93988462b28c,00000000-0000-0000-0000-000000000001,0e3890ff-d293-4651-bdbd-baca356dbf1e,invoice,e607d174-3a31-443c-b1dd-c8ef3dd8c144,a4ef95bf-1c7c-4c4d-0497-ae38085af6cc,Invoice VISTA/26-27/08/00069 · 2026-08,sent,null,2026-07-31 10:48:16.224468+00,2026-07-31 10:48:19.161+00
70501285-275e-4072-9fcb-b6b5f9adda34,00000000-0000-0000-0000-000000000001,dd5f72fc-3500-4a90-9add-05f6fbb2e375,invoice,1e53a483-0db9-4f6c-96ee-4703f9df0684,8971261e-a813-477f-94c0-0a9661dc4c34,Invoice VISTA/26-27/08/00044 · 2026-08,sent,null,2026-07-31 10:48:18.650723+00,2026-07-31 10:48:22.484+00
31752ce3-852b-45cb-a718-d74aad823f1e,00000000-0000-0000-0000-000000000001,0e3890ff-d293-4651-bdbd-baca356dbf1e,invoice,41deea45-6941-40c1-a7f9-2abfc9f454e6,8aacbc78-5e56-b3c0-f8bc-fcb5490b94f3,Invoice VISTA/26-27/08/00163 · 2026-08,sent,null,2026-07-31 10:48:25.372673+00,2026-07-31 10:48:28.838+00
012dfd80-37e5-44a1-8f84-d319f05cc171,00000000-0000-0000-0000-000000000001,dd5f72fc-3500-4a90-9add-05f6fbb2e375,invoice,97a1bd8f-f8b5-4ec6-9083-1b31000c657c,51c3d3a9-bfa0-4a8e-a687-3ef46bc022cc,Invoice VISTA/26-27/08/00059 · 2026-08,sent,null,2026-07-31 10:48:27.669317+00,2026-07-31 10:48:31.792+00
9e60ded6-d8de-4b27-a054-76cda377715b,00000000-0000-0000-0000-000000000001,0e3890ff-d293-4651-bdbd-baca356dbf1e,invoice,147c5a80-2f2d-4935-8c07-af04f426ea61,a4709d2c-85e2-3d68-7467-1eaf879ba2c9,Invoice VISTA/26-27/08/00091 · 2026-08,sent,null,2026-07-31 10:48:35.683391+00,2026-07-31 10:48:39.309+00
e9a56073-ad28-4dd4-ab13-1b843b587f18,00000000-0000-0000-0000-000000000001,dd5f72fc-3500-4a90-9add-05f6fbb2e375,invoice,2e6c665f-33ff-4e4c-9ae0-392d7bf9c830,79e31f6f-69dc-a40c-27d7-3f076878f83c,Invoice VISTA/26-27/08/00161 · 2026-08,sent,null,2026-07-31 10:48:37.558596+00,2026-07-31 10:48:41.557+00
4cf13f79-de74-456e-93ff-84caac721aa0,00000000-0000-0000-0000-000000000001,0e3890ff-d293-4651-bdbd-baca356dbf1e,invoice,0b28c63a-d7ba-4590-ac1f-59e03610e3a7,55e6e452-fae2-a5ac-3c12-21424bffbcac,Invoice VISTA/26-27/08/00003 · 2026-08,sent,null,2026-07-31 10:48:40.320497+00,2026-07-31 10:48:44.091+00
db693047-b28e-4e32-b5ca-7fa914ab54fe,00000000-0000-0000-0000-000000000001,dd5f72fc-3500-4a90-9add-05f6fbb2e375,invoice,e6821015-3a40-4e78-baca-08c8c7a4ec8f,25aa2406-e171-b558-8249-7a525d126d8f,Invoice VISTA/26-27/08/00090 · 2026-08,sent,null,2026-07-31 10:48:48.610151+00,2026-07-31 10:48:52.655+00
7e3f5092-c401-40b1-82c1-92b84833195d,00000000-0000-0000-0000-000000000001,0e3890ff-d293-4651-bdbd-baca356dbf1e,invoice,a7d1b3a3-333c-4d38-af85-8c0d100da7a5,93eb3d6a-d35b-ef1f-83b8-7430b6ad1674,Invoice VISTA/26-27/08/00157 · 2026-08,sent,null,2026-07-31 10:48:53.514936+00,2026-07-31 10:48:58.472+00
297dc69e-02a3-45d0-a2fe-3699ddf4330f,00000000-0000-0000-0000-000000000001,dd5f72fc-3500-4a90-9add-05f6fbb2e375,invoice,e884c8e6-1a7b-48f8-808a-39fff5ae3c5c,11e59c65-004e-4eea-a733-d3a6a7c65fb1,Invoice VISTA/26-27/08/00037 · 2026-08,sent,null,2026-07-31 10:49:02.317073+00,2026-07-31 10:49:06.24+00
6c7d1b11-ab60-41b2-a040-c46b446f2ec3,00000000-0000-0000-0000-000000000001,0e3890ff-d293-4651-bdbd-baca356dbf1e,invoice,7b90a2a8-fb82-4dd1-a5ac-5ce4f4af433b,854c86e3-8b7f-0ca8-f4ac-c6a073699611,Invoice VISTA/26-27/08/00147 · 2026-08,sent,null,2026-07-31 10:49:11.245107+00,2026-07-31 10:49:14.844+00
6da7816d-f8e7-42e9-ae43-3ab56c240d32,00000000-0000-0000-0000-000000000001,dd5f72fc-3500-4a90-9add-05f6fbb2e375,invoice,19037d32-55cb-4237-b522-85e3f50a2e4e,1b003ea3-bdcb-0416-c3c2-8ff60f2f65f5,Invoice VISTA/26-27/08/00123 · 2026-08,sent,null,2026-07-31 10:49:18.474265+00,2026-07-31 10:49:22.091+00
031261f3-447f-4315-809f-7a30e91a8b79,00000000-0000-0000-0000-000000000001,0e3890ff-d293-4651-bdbd-baca356dbf1e,invoice,4fc255f7-c9a0-47d3-a6f0-c41c13ecabde,918b6526-10a3-4e0e-b3d8-7862211d2485,Invoice VISTA/26-27/08/00005 · 2026-08,sent,null,2026-07-31 10:49:29.335903+00,2026-07-31 10:49:32.54+00
dd71e17c-6ebe-47f1-8896-ea56e17b5ba7,00000000-0000-0000-0000-000000000001,dd5f72fc-3500-4a90-9add-05f6fbb2e375,invoice,c21ab206-217e-4181-9082-b98bf85f5fd4,c511ac63-cb7e-1453-92d5-ea4ffba1c360,Invoice VISTA/26-27/08/00102 · 2026-08,sent,null,2026-07-31 10:49:40.332533+00,2026-07-31 10:49:43.966+00
03516ace-c69f-4cfb-b0fd-aff8ce62b845,00000000-0000-0000-0000-000000000001,0e3890ff-d293-4651-bdbd-baca356dbf1e,invoice,3a1fd8b9-37d6-498c-b263-0a7146b357b7,9e188cc2-9f75-4d15-8fa3-9348236cae71,Invoice VISTA/26-27/08/00052 · 2026-08,sent,null,2026-07-31 10:49:48.240294+00,2026-07-31 10:49:51.638+00
59455beb-7856-4de9-a656-7ec3f8a4b170,00000000-0000-0000-0000-000000000001,dd5f72fc-3500-4a90-9add-05f6fbb2e375,invoice,439deaef-96e3-45f5-b17c-9f5824f5ea15,f9eb9b23-5f60-4ec4-b990-8313323bb759,Invoice VISTA/26-27/08/00060 · 2026-08,sent,null,2026-07-31 10:49:54.391169+00,2026-07-31 10:49:57.776+00
0ecabbb3-e2a2-4736-a574-caaa8ba5694c,00000000-0000-0000-0000-000000000001,0e3890ff-d293-4651-bdbd-baca356dbf1e,invoice,4f9dbbfe-3580-43b0-bb94-d2ba7a52bd09,be2214d4-f4b5-4c51-825a-83cddbfb06f8,Invoice VISTA/26-27/08/00013 · 2026-08,sent,null,2026-07-31 10:50:01.773243+00,2026-07-31 10:50:08.309+00
18fae529-c891-41f6-a73a-bb60b6f71a04,00000000-0000-0000-0000-000000000001,dd5f72fc-3500-4a90-9add-05f6fbb2e375,invoice,35639fa7-9ae0-4b59-85d8-d0058dd2a66f,5b45a840-9d6c-242e-0e2f-2e2c972c2eec,Invoice VISTA/26-27/08/00111 · 2026-08,sent,null,2026-07-31 10:50:12.491449+00,2026-07-31 10:50:16.148+00
c3ab45d5-e261-4216-b722-5d7351f8b38b,00000000-0000-0000-0000-000000000001,0e3890ff-d293-4651-bdbd-baca356dbf1e,invoice,02f63cd2-38f9-4867-9372-2ba9e68177bf,d257c87f-0e42-048c-8409-362e925d86fc,Invoice VISTA/26-27/08/00154 · 2026-08,sent,null,2026-07-31 10:50:19.282532+00,2026-07-31 10:50:24.214+00
de50911b-2df0-46f5-bc41-7f69af7772f1,00000000-0000-0000-0000-000000000001,dd5f72fc-3500-4a90-9add-05f6fbb2e375,invoice,c4d2132c-2906-4243-9ff5-82dab3a04c5c,062b56c4-c469-4ef7-b4e6-9615dd770ec9,Invoice VISTA/26-27/08/00036 · 2026-08,sent,null,2026-07-31 10:50:26.557194+00,2026-07-31 10:50:31.18+00
c0a78991-6fd6-4d1a-97ce-4a21b2aff4e6,00000000-0000-0000-0000-000000000001,0e3890ff-d293-4651-bdbd-baca356dbf1e,invoice,698d6164-ccb6-48f9-9704-3efafc4973de,71a9340d-9832-4609-a110-d9b5aaffc020,Invoice VISTA/26-27/08/00020 · 2026-08,sent,null,2026-07-31 10:50:32.737673+00,2026-07-31 10:50:36.939+00
77284290-5c47-49d2-bbac-f11fdd67eae1,00000000-0000-0000-0000-000000000001,dd5f72fc-3500-4a90-9add-05f6fbb2e375,invoice,7b188fe8-83b4-411a-93c3-f243f038ee77,ba8dd5e0-ed0e-8b6a-7098-2732476feb31,Invoice VISTA/26-27/08/00139 · 2026-08,sent,null,2026-07-31 10:50:39.302017+00,2026-07-31 10:50:43.488+00
0be09c68-6d36-44d7-add6-6a5be4f2151d,00000000-0000-0000-0000-000000000001,0e3890ff-d293-4651-bdbd-baca356dbf1e,invoice,56a9f5e2-22a0-4679-a5ce-1afdfdbb9d37,5ce46f7c-d9f9-426d-be11-5e3b6a2bedb0,Invoice VISTA/26-27/08/00002 · 2026-08,sent,null,2026-07-31 10:50:41.680798+00,2026-07-31 10:50:46.655+00
210109bd-9621-41b1-8d47-5690a14ce27c,00000000-0000-0000-0000-000000000001,dd5f72fc-3500-4a90-9add-05f6fbb2e375,invoice,ec4993b1-daeb-4d7d-b034-8bec303d2417,4c4ad4c9-59bf-f152-d0ff-6502ec564cc9,Invoice VISTA/26-27/08/00144 · 2026-08,sent,null,2026-07-31 10:50:48.499811+00,2026-07-31 10:50:54.617+00
8b6f423a-cefb-49f2-82b3-01b713d2657e,00000000-0000-0000-0000-000000000001,0e3890ff-d293-4651-bdbd-baca356dbf1e,invoice,04559784-422e-4c06-a158-0161d1fac1d4,34e36bb4-6313-46d3-af36-4f9ef75dc0a4,Invoice VISTA/26-27/08/00001 · 2026-08,sent,null,2026-07-31 10:50:51.359953+00,2026-07-31 10:50:55.265+00
19a16c01-3fbd-4426-b606-c5b00a370168,00000000-0000-0000-0000-000000000001,dd5f72fc-3500-4a90-9add-05f6fbb2e375,invoice,a62aaf64-d00d-4f61-8c88-fcb7b26c60c8,618f174c-7c45-cb54-907b-cacc78483918,Invoice VISTA/26-27/08/00068 · 2026-08,sent,null,2026-07-31 10:50:58.728755+00,2026-07-31 10:51:02.895+00
fc4a5a36-1387-41bd-94e8-dc8325f57d4a,00000000-0000-0000-0000-000000000001,0e3890ff-d293-4651-bdbd-baca356dbf1e,invoice,93bf8bba-851c-406f-a05e-3a67a8e11166,8fd367e7-7404-4ef6-530b-a40219a48f1e,Invoice VISTA/26-27/08/00081 · 2026-08,sent,null,2026-07-31 10:51:01.39981+00,2026-07-31 10:51:05.702+00
1dde17cc-c8ce-4fe4-bc39-d7072b147bf6,00000000-0000-0000-0000-000000000001,dd5f72fc-3500-4a90-9add-05f6fbb2e375,invoice,e01d8dcd-4baa-4257-a7a9-54762bef0f8a,4505ca5d-0961-03c9-5943-ffda2a5ae270,Invoice VISTA/26-27/08/00099 · 2026-08,sent,null,2026-07-31 10:51:09.05809+00,2026-07-31 10:51:14.35+00
c6443869-c426-4219-9cd6-43be943d6d33,00000000-0000-0000-0000-000000000001,0e3890ff-d293-4651-bdbd-baca356dbf1e,invoice,7817ae50-d5c3-4e91-b853-925d1fdbd363,61492721-611b-479f-9815-e09e0d7c95fd,Invoice VISTA/26-27/08/00015 · 2026-08,sent,null,2026-07-31 10:51:16.209808+00,2026-07-31 10:51:19.79+00
f249112e-7e88-4e2b-bfbe-aaa6dc592e54,00000000-0000-0000-0000-000000000001,dd5f72fc-3500-4a90-9add-05f6fbb2e375,invoice,4930fcaa-2907-4794-b322-8af3d1cec975,04ba1c6f-6c06-819d-9ecc-a0c5f795b922,Invoice VISTA/26-27/08/00121 · 2026-08,sent,null,2026-07-31 10:51:20.282462+00,2026-07-31 10:51:24.191+00
f1e7c4c5-9181-4e4c-98b9-516211459842,00000000-0000-0000-0000-000000000001,0e3890ff-d293-4651-bdbd-baca356dbf1e,invoice,cdc8f6e8-8619-47f8-b975-0fad1034a978,080eae03-9f65-4515-aec2-8924472923dd,Invoice VISTA/26-27/08/00038 · 2026-08,sent,null,2026-07-31 10:51:27.506865+00,2026-07-31 10:51:30.795+00
1d25dce7-e619-4634-8e39-c55491ec5481,00000000-0000-0000-0000-000000000001,dd5f72fc-3500-4a90-9add-05f6fbb2e375,invoice,6bd12adc-34ff-4ce5-9be1-63ef8e9e0532,8709ca2e-a8a6-48a4-b8ce-e813c4796ab9,Invoice VISTA/26-27/08/00046 · 2026-08,sent,null,2026-07-31 10:51:34.514542+00,2026-07-31 10:51:38.343+00
a5bd54a9-696c-4faf-901e-892fa95a1f2e,00000000-0000-0000-0000-000000000001,0e3890ff-d293-4651-bdbd-baca356dbf1e,invoice,a1431c50-73f7-4ef7-8f30-4b3e35295d3a,18d86801-3cb7-11d4-8b9d-433429296014,Invoice VISTA/26-27/08/00160 · 2026-08,sent,null,2026-07-31 10:51:37.367834+00,2026-07-31 10:51:40.695+00
921539f6-9da6-4ef4-b4a5-78af5fcf5acf,00000000-0000-0000-0000-000000000001,dd5f72fc-3500-4a90-9add-05f6fbb2e375,invoice,17df809a-e3c8-4660-a618-00fb718563aa,aa88d180-8c53-dbe4-70de-ecf38130d3ce,Invoice VISTA/26-27/08/00079 · 2026-08,sent,null,2026-07-31 10:51:45.307578+00,2026-07-31 10:51:49.138+00
c13d8f7e-dbe4-4058-a112-0ff202a1959e,00000000-0000-0000-0000-000000000001,0e3890ff-d293-4651-bdbd-baca356dbf1e,invoice,1e53a483-0db9-4f6c-96ee-4703f9df0684,8971261e-a813-477f-94c0-0a9661dc4c34,Invoice VISTA/26-27/08/00044 · 2026-08,sent,null,2026-07-31 10:51:51.402299+00,2026-07-31 10:51:54.783+00
3ff3b14e-e8e0-4f5f-8cec-e75d8d26473e,00000000-0000-0000-0000-000000000001,dd5f72fc-3500-4a90-9add-05f6fbb2e375,invoice,b8f7c5d7-1ef4-483a-b68c-9302613f09a4,257579ca-bef0-99b8-f916-e518891ffdab,Invoice VISTA/26-27/08/00055 · 2026-08,sent,null,2026-07-31 10:51:58.169673+00,2026-07-31 10:52:02.275+00
86187d97-dde7-4dee-83d3-874531254c15,00000000-0000-0000-0000-000000000001,0e3890ff-d293-4651-bdbd-baca356dbf1e,invoice,97a1bd8f-f8b5-4ec6-9083-1b31000c657c,51c3d3a9-bfa0-4a8e-a687-3ef46bc022cc,Invoice VISTA/26-27/08/00059 · 2026-08,sent,null,2026-07-31 10:52:05.432728+00,2026-07-31 10:52:08.745+00
4a1144c1-ae53-4804-a22f-b9f5d73a2384,00000000-0000-0000-0000-000000000001,dd5f72fc-3500-4a90-9add-05f6fbb2e375,invoice,4544c17c-5b52-4717-9c80-be432a807d28,890b32d9-f754-8150-5a18-8a21fcdf3828,Invoice VISTA/26-27/08/00080 · 2026-08,sent,null,2026-07-31 10:52:12.176031+00,2026-07-31 10:52:16.292+00
46b7f7f2-7e47-4687-a9a5-1b4028640e45,00000000-0000-0000-0000-000000000001,0e3890ff-d293-4651-bdbd-baca356dbf1e,invoice,2e6c665f-33ff-4e4c-9ae0-392d7bf9c830,79e31f6f-69dc-a40c-27d7-3f076878f83c,Invoice VISTA/26-27/08/00161 · 2026-08,sent,null,2026-07-31 10:52:14.25209+00,2026-07-31 10:52:17.563+00
d96fb2fa-9c0b-4173-ac31-46312d404ee3,00000000-0000-0000-0000-000000000001,dd5f72fc-3500-4a90-9add-05f6fbb2e375,invoice,15217236-2634-42e2-85bb-fb018d523a9b,733dd472-3b1e-dd43-76e5-082ddfe66c5b,Invoice VISTA/26-27/08/00110 · 2026-08,sent,null,2026-07-31 10:52:23.765874+00,2026-07-31 10:52:27.489+00
8021143e-9126-424b-b7a2-b471700d5089,00000000-0000-0000-0000-000000000001,0e3890ff-d293-4651-bdbd-baca356dbf1e,invoice,e6821015-3a40-4e78-baca-08c8c7a4ec8f,25aa2406-e171-b558-8249-7a525d126d8f,Invoice VISTA/26-27/08/00090 · 2026-08,sent,null,2026-07-31 10:52:26.92221+00,2026-07-31 10:52:30.245+00
0e5ffe52-9238-430f-b7e1-d6d267a81245,00000000-0000-0000-0000-000000000001,dd5f72fc-3500-4a90-9add-05f6fbb2e375,invoice,7fb8302a-6d32-485f-ba29-20f4361b1c98,bcf8ffc1-fd5c-f6ab-0453-7a73c73786dd,Invoice VISTA/26-27/08/00152 · 2026-08,sent,null,2026-07-31 10:52:36.547982+00,2026-07-31 10:52:39.958+00
a869fa3b-6513-44a7-b571-8f65d641a926,00000000-0000-0000-0000-000000000001,0e3890ff-d293-4651-bdbd-baca356dbf1e,invoice,e884c8e6-1a7b-48f8-808a-39fff5ae3c5c,11e59c65-004e-4eea-a733-d3a6a7c65fb1,Invoice VISTA/26-27/08/00037 · 2026-08,sent,null,2026-07-31 10:52:42.407923+00,2026-07-31 10:52:46.741+00
ad67e49e-4ce8-441b-9607-2cadb83e3eb2,00000000-0000-0000-0000-000000000001,dd5f72fc-3500-4a90-9add-05f6fbb2e375,invoice,6b61be68-e4bf-4aa5-a41b-c29934c9050d,66fbcb59-3d06-d8cc-b1d5-53f38a599207,Invoice VISTA/26-27/08/00142 · 2026-08,sent,null,2026-07-31 10:52:46.530057+00,2026-07-31 10:52:50.23+00
cbbb64aa-9ff4-42d4-bbc3-0ffe0ca19049,00000000-0000-0000-0000-000000000001,0e3890ff-d293-4651-bdbd-baca356dbf1e,invoice,19037d32-55cb-4237-b522-85e3f50a2e4e,1b003ea3-bdcb-0416-c3c2-8ff60f2f65f5,Invoice VISTA/26-27/08/00123 · 2026-08,sent,null,2026-07-31 10:52:54.200636+00,2026-07-31 10:52:57.864+00
0f66dc67-3151-44e9-9934-0204fec42a91,00000000-0000-0000-0000-000000000001,dd5f72fc-3500-4a90-9add-05f6fbb2e375,invoice,7801732d-bb81-4ffc-be28-c597fe387246,b0348aa8-ad9f-d0dd-94e8-c71a6627c930,Invoice VISTA/26-27/08/00143 · 2026-08,sent,null,2026-07-31 10:52:58.193236+00,2026-07-31 10:53:03.25+00
42d4d9f5-ac3d-4747-8572-a800095a8186,00000000-0000-0000-0000-000000000001,18e4847a-81b7-43bd-818d-32872bef9022,invoice,07e264f2-91ea-433c-9f96-790c4ac4e64b,a467df39-5ec5-465e-a471-e2b54be7bc71,Invoice VISTA/26-27/08/00054 · 2026-08,sent,null,2026-07-31 10:53:01.721348+00,2026-07-31 10:53:06.255+00
f1217db9-3474-4e2d-b10b-83187817c033,00000000-0000-0000-0000-000000000001,0e3890ff-d293-4651-bdbd-baca356dbf1e,invoice,c21ab206-217e-4181-9082-b98bf85f5fd4,c511ac63-cb7e-1453-92d5-ea4ffba1c360,Invoice VISTA/26-27/08/00102 · 2026-08,sent,null,2026-07-31 10:53:03.244672+00,2026-07-31 10:53:06.578+00
d7b81f0b-f581-40d7-b28b-f16f8317afe6,00000000-0000-0000-0000-000000000001,dd5f72fc-3500-4a90-9add-05f6fbb2e375,invoice,7ef14e53-b173-4d1a-bb3f-10e03dd8f680,1932ea80-c6eb-874e-eca8-12410fa7a608,Invoice VISTA/26-27/08/00140 · 2026-08,sent,null,2026-07-31 10:53:09.428209+00,2026-07-31 10:53:13.673+00
89a0eb09-abe2-417b-a5c7-2522e360ea2d,00000000-0000-0000-0000-000000000001,0e3890ff-d293-4651-bdbd-baca356dbf1e,invoice,439deaef-96e3-45f5-b17c-9f5824f5ea15,f9eb9b23-5f60-4ec4-b990-8313323bb759,Invoice VISTA/26-27/08/00060 · 2026-08,sent,null,2026-07-31 10:53:23.327585+00,2026-07-31 10:53:27.405+00
57b28a82-4046-43cb-9aeb-79cb43f29b3a,00000000-0000-0000-0000-000000000001,dd5f72fc-3500-4a90-9add-05f6fbb2e375,invoice,51fb7d3b-e7d5-4467-aae1-ea6d0a1bc112,2794ccf7-4966-f00d-35d6-34ac17db73ea,Invoice VISTA/26-27/08/00165 · 2026-08,sent,null,2026-07-31 10:53:30.368238+00,2026-07-31 10:53:35.071+00
90919c2e-9565-468c-9f82-2cedb8fb30c3,00000000-0000-0000-0000-000000000001,0e3890ff-d293-4651-bdbd-baca356dbf1e,invoice,35639fa7-9ae0-4b59-85d8-d0058dd2a66f,5b45a840-9d6c-242e-0e2f-2e2c972c2eec,Invoice VISTA/26-27/08/00111 · 2026-08,sent,null,2026-07-31 10:53:37.322747+00,2026-07-31 10:53:40.955+00
f731c445-0ec6-4d30-9ea6-f7481a904b4d,00000000-0000-0000-0000-000000000001,dd5f72fc-3500-4a90-9add-05f6fbb2e375,invoice,30245d12-bd21-49c4-ae45-a40c062d4b7d,d225973a-f437-d98e-4e24-0fb32a7bfbe8,Invoice VISTA/26-27/08/00097 · 2026-08,pending,null,2026-07-31 10:53:44.434655+00,null
50d15762-efff-4362-b55a-556f16c2f174,00000000-0000-0000-0000-000000000001,0e3890ff-d293-4651-bdbd-baca356dbf1e,invoice,c4d2132c-2906-4243-9ff5-82dab3a04c5c,062b56c4-c469-4ef7-b4e6-9615dd770ec9,Invoice VISTA/26-27/08/00036 · 2026-08,pending,null,2026-07-31 10:53:51.159416+00,null
07560a11-7b27-4cb4-9c7c-6a91bf90494f,00000000-0000-0000-0000-000000000001,dd5f72fc-3500-4a90-9add-05f6fbb2e375,invoice,feeb7562-64c0-4eac-a1fa-367aa6673330,073e4bd7-f1f1-49d3-604f-c365b9952a6c,Invoice VISTA/26-27/08/00116 · 2026-08,pending,null,2026-07-31 10:53:53.638543+00,null
d03eef96-6894-4690-8403-8e0f380591ca,00000000-0000-0000-0000-000000000001,0e3890ff-d293-4651-bdbd-baca356dbf1e,invoice,7b188fe8-83b4-411a-93c3-f243f038ee77,ba8dd5e0-ed0e-8b6a-7098-2732476feb31,Invoice VISTA/26-27/08/00139 · 2026-08,pending,null,2026-07-31 10:54:00.676799+00,null
038246c0-d348-4ba4-a826-da3e164a563c,00000000-0000-0000-0000-000000000001,dd5f72fc-3500-4a90-9add-05f6fbb2e375,invoice,a9ee45d3-8ae3-4d29-a70f-1e577ad3e06f,07734943-434c-4c8b-b1fa-49d7c4e8a7fe,Invoice VISTA/26-27/08/00034 · 2026-08,pending,null,2026-07-31 10:54:03.456991+00,null
8346b3c0-e713-4b87-a8f3-ab86fe568e75,00000000-0000-0000-0000-000000000001,0e3890ff-d293-4651-bdbd-baca356dbf1e,invoice,ec4993b1-daeb-4d7d-b034-8bec303d2417,4c4ad4c9-59bf-f152-d0ff-6502ec564cc9,Invoice VISTA/26-27/08/00144 · 2026-08,pending,null,2026-07-31 10:54:10.251079+00,null
cd7dd538-d474-413f-b26d-d49bba07acf8,00000000-0000-0000-0000-000000000001,dd5f72fc-3500-4a90-9add-05f6fbb2e375,invoice,0f1c0a48-ed53-4e86-be38-d33c435583d5,8b48adf3-c14a-fa6d-9785-b4bcb35f8fbb,Invoice VISTA/26-27/08/00107 · 2026-08,pending,null,2026-07-31 10:54:17.508653+00,null
2a8afb5f-6e46-4d8c-8ec4-f28f5d109462,00000000-0000-0000-0000-000000000001,0e3890ff-d293-4651-bdbd-baca356dbf1e,invoice,a62aaf64-d00d-4f61-8c88-fcb7b26c60c8,618f174c-7c45-cb54-907b-cacc78483918,Invoice VISTA/26-27/08/00068 · 2026-08,pending,null,2026-07-31 10:54:24.462809+00,null
ea5a97e1-f751-4e2f-b27e-45ac36124708,00000000-0000-0000-0000-000000000001,0e3890ff-d293-4651-bdbd-baca356dbf1e,invoice,e01d8dcd-4baa-4257-a7a9-54762bef0f8a,4505ca5d-0961-03c9-5943-ffda2a5ae270,Invoice VISTA/26-27/08/00099 · 2026-08,pending,null,2026-07-31 10:54:26.289416+00,null
77da5413-617b-4796-85d9-6aa27c8f25da,00000000-0000-0000-0000-000000000001,0e3890ff-d293-4651-bdbd-baca356dbf1e,invoice,4930fcaa-2907-4794-b322-8af3d1cec975,04ba1c6f-6c06-819d-9ecc-a0c5f795b922,Invoice VISTA/26-27/08/00121 · 2026-08,pending,null,2026-07-31 10:54:35.216536+00,null
3aaec57a-7e82-4b09-b3d9-294bff963610,00000000-0000-0000-0000-000000000001,0e3890ff-d293-4651-bdbd-baca356dbf1e,invoice,6bd12adc-34ff-4ce5-9be1-63ef8e9e0532,8709ca2e-a8a6-48a4-b8ce-e813c4796ab9,Invoice VISTA/26-27/08/00046 · 2026-08,pending,null,2026-07-31 10:54:39.484711+00,null
2d0a55b5-0b23-48b8-86c9-0c2b2ec2a853,00000000-0000-0000-0000-000000000001,0e3890ff-d293-4651-bdbd-baca356dbf1e,invoice,17df809a-e3c8-4660-a618-00fb718563aa,aa88d180-8c53-dbe4-70de-ecf38130d3ce,Invoice VISTA/26-27/08/00079 · 2026-08,pending,null,2026-07-31 10:54:45.476752+00,null
a2fbee8e-6591-4707-a949-7e7a5c66cf3b,00000000-0000-0000-0000-000000000001,0e3890ff-d293-4651-bdbd-baca356dbf1e,invoice,b8f7c5d7-1ef4-483a-b68c-9302613f09a4,257579ca-bef0-99b8-f916-e518891ffdab,Invoice VISTA/26-27/08/00055 · 2026-08,pending,null,2026-07-31 10:54:52.446594+00,null
08cdf0cb-05d8-4031-8bf0-6d72646eb3a1,00000000-0000-0000-0000-000000000001,0e3890ff-d293-4651-bdbd-baca356dbf1e,invoice,4544c17c-5b52-4717-9c80-be432a807d28,890b32d9-f754-8150-5a18-8a21fcdf3828,Invoice VISTA/26-27/08/00080 · 2026-08,pending,null,2026-07-31 10:55:00.402024+00,null
c1c20069-bef6-48c2-972d-ff4ffa4c85ba,00000000-0000-0000-0000-000000000001,0e3890ff-d293-4651-bdbd-baca356dbf1e,invoice,15217236-2634-42e2-85bb-fb018d523a9b,733dd472-3b1e-dd43-76e5-082ddfe66c5b,Invoice VISTA/26-27/08/00110 · 2026-08,pending,null,2026-07-31 10:55:06.340895+00,null
6cae0316-63e8-4826-9743-24affc42de6d,00000000-0000-0000-0000-000000000001,0e3890ff-d293-4651-bdbd-baca356dbf1e,invoice,7fb8302a-6d32-485f-ba29-20f4361b1c98,bcf8ffc1-fd5c-f6ab-0453-7a73c73786dd,Invoice VISTA/26-27/08/00152 · 2026-08,pending,null,2026-07-31 10:55:12.539451+00,null
083dccbd-9b20-412f-b2d5-0acb6edcf9e6,00000000-0000-0000-0000-000000000001,0e3890ff-d293-4651-bdbd-baca356dbf1e,invoice,6b61be68-e4bf-4aa5-a41b-c29934c9050d,66fbcb59-3d06-d8cc-b1d5-53f38a599207,Invoice VISTA/26-27/08/00142 · 2026-08,pending,null,2026-07-31 10:55:16.275633+00,null
15414599-7c15-4336-b211-e4ffec83ddfb,00000000-0000-0000-0000-000000000001,0e3890ff-d293-4651-bdbd-baca356dbf1e,invoice,7801732d-bb81-4ffc-be28-c597fe387246,b0348aa8-ad9f-d0dd-94e8-c71a6627c930,Invoice VISTA/26-27/08/00143 · 2026-08,pending,null,2026-07-31 10:55:23.385382+00,null
2534a387-6091-4cdc-abba-79f9a078d956,00000000-0000-0000-0000-000000000001,0e3890ff-d293-4651-bdbd-baca356dbf1e,invoice,7ef14e53-b173-4d1a-bb3f-10e03dd8f680,1932ea80-c6eb-874e-eca8-12410fa7a608,Invoice VISTA/26-27/08/00140 · 2026-08,pending,null,2026-07-31 10:55:27.527725+00,null
15485f6b-7471-4ac5-a7fb-5814eb5a7bba,00000000-0000-0000-0000-000000000001,0e3890ff-d293-4651-bdbd-baca356dbf1e,invoice,51fb7d3b-e7d5-4467-aae1-ea6d0a1bc112,2794ccf7-4966-f00d-35d6-34ac17db73ea,Invoice VISTA/26-27/08/00165 · 2026-08,pending,null,2026-07-31 10:55:34.625998+00,null
578dcc33-b32e-4fd0-a6f8-fa97685870cc,00000000-0000-0000-0000-000000000001,0e3890ff-d293-4651-bdbd-baca356dbf1e,invoice,30245d12-bd21-49c4-ae45-a40c062d4b7d,d225973a-f437-d98e-4e24-0fb32a7bfbe8,Invoice VISTA/26-27/08/00097 · 2026-08,pending,null,2026-07-31 10:55:41.676645+00,null
7fb16b36-a1d1-43ab-854c-42e90a25a177,00000000-0000-0000-0000-000000000001,0e3890ff-d293-4651-bdbd-baca356dbf1e,invoice,feeb7562-64c0-4eac-a1fa-367aa6673330,073e4bd7-f1f1-49d3-604f-c365b9952a6c,Invoice VISTA/26-27/08/00116 · 2026-08,pending,null,2026-07-31 10:55:48.290507+00,null
e1bc2099-442f-425f-b33b-a175b7eaab62,00000000-0000-0000-0000-000000000001,0e3890ff-d293-4651-bdbd-baca356dbf1e,invoice,a9ee45d3-8ae3-4d29-a70f-1e577ad3e06f,07734943-434c-4c8b-b1fa-49d7c4e8a7fe,Invoice VISTA/26-27/08/00034 · 2026-08,pending,null,2026-07-31 10:55:55.284334+00,null
5351b85e-168e-4f93-b50b-8e23a2a14a45,00000000-0000-0000-0000-000000000001,0e3890ff-d293-4651-bdbd-baca356dbf1e,invoice,0f1c0a48-ed53-4e86-be38-d33c435583d5,8b48adf3-c14a-fa6d-9785-b4bcb35f8fbb,Invoice VISTA/26-27/08/00107 · 2026-08,pending,null,2026-07-31 10:56:02.527775+00,null
7f96d323-da9d-4993-8b69-63de43d003ba,00000000-0000-0000-0000-000000000001,c0e182ca-a724-4c3a-a640-469c8cea7845,invoice,cb8089f8-ebcf-4468-9f40-e224e4f6bfd7,8fd367e7-7404-4ef6-530b-a40219a48f1e,Invoice VISTA/26-27/08/00172 · 2026-08,sent,null,2026-08-01 12:00:26.322402+00,2026-08-01 12:00:33.002+00
24272953-6b5f-499b-a417-396fb9c757d9,00000000-0000-0000-0000-000000000001,f109acb9-1553-46ff-aee5-3f50d21521b7,receipt,6ba3063d-047c-46c8-b511-b99541f2ba2a,34e36bb4-6313-46d3-af36-4f9ef75dc0a4,"Receipt VISTA/26-27/07/00102 · ₹1,000",sent,null,2026-08-01 12:03:03.294906+00,2026-08-01 12:03:09.212+00
5ebd75a8-2c02-40d6-bd30-d687d9add580,00000000-0000-0000-0000-000000000001,f109acb9-1553-46ff-aee5-3f50d21521b7,receipt,5a8a0078-13e6-4818-9c40-d8dc760bc01e,34e36bb4-6313-46d3-af36-4f9ef75dc0a4,"Receipt VISTA/26-27/07/00107 · ₹29,750",sent,null,2026-08-01 12:03:04.476036+00,2026-08-01 12:03:13.557+00
e2fb721e-f351-4b64-9819-87ab2af867b0,00000000-0000-0000-0000-000000000001,eb7fadae-8ae2-4340-8133-fd88005d4678,receipt,6ba3063d-047c-46c8-b511-b99541f2ba2a,34e36bb4-6313-46d3-af36-4f9ef75dc0a4,"Receipt VISTA/26-27/07/00102 · ₹1,000",sent,null,2026-08-01 12:03:15.397184+00,2026-08-01 12:03:21.635+00
642ef759-5226-428b-ad75-1a8a33905940,00000000-0000-0000-0000-000000000001,eb7fadae-8ae2-4340-8133-fd88005d4678,receipt,5a8a0078-13e6-4818-9c40-d8dc760bc01e,34e36bb4-6313-46d3-af36-4f9ef75dc0a4,"Receipt VISTA/26-27/07/00107 · ₹29,750",sent,null,2026-08-01 12:03:15.644404+00,2026-08-01 12:03:21.636+00
cc4fc4df-44cb-41d4-9647-5978a787894a,00000000-0000-0000-0000-000000000001,d2b87050-727f-408e-833f-372fd0a5e1eb,receipt,93544676-f879-41f9-afe3-2550f74c959f,a4ef95bf-1c7c-4c4d-0497-ae38085af6cc,"Receipt VISTA/26-27/08/00005 · ₹21,360",sent,null,2026-08-03 06:18:26.014237+00,2026-08-03 06:18:32.572+00
612cb1a9-1001-474e-b3f7-9f8548059525,00000000-0000-0000-0000-000000000001,1f919dec-80df-4f7b-b219-15eb4a5c02fd,receipt,2b8ad530-3a5b-47ca-9b78-c0a5bf6a34b8,d2de48e8-0097-4d6d-8e3d-62ee7c8f2fcd,"Receipt VISTA/26-27/08/00006 · ₹30,860",sent,null,2026-08-03 06:21:14.197111+00,2026-08-03 06:21:21.319+00
5e656323-58a7-4a44-9911-eb82f9663ee9,00000000-0000-0000-0000-000000000001,75ab2d48-56fc-4ec7-86ab-96c875decbb4,receipt,e034758f-a892-4236-92ba-7b8fb4012ef0,b0348aa8-ad9f-d0dd-94e8-c71a6627c930,"Receipt VISTA/26-27/08/00007 · ₹15,515",sent,null,2026-08-03 06:21:54.706804+00,2026-08-03 06:22:12.815+00
573f56e6-e958-4931-8fb6-9584050e36de,00000000-0000-0000-0000-000000000001,e89d13d7-d288-40e3-9c15-dbab798de0da,receipt,e6f4abe2-0c72-457c-95e0-d72853de1369,d926094a-e5b5-4bc7-af79-7f822211d3f3,"Receipt VISTA/26-27/08/00008 · ₹20,565",sent,null,2026-08-03 06:22:26.405035+00,2026-08-03 06:22:37.948+00
90bf7b7e-9954-486f-b32f-c1c4561f65e8,00000000-0000-0000-0000-000000000001,760981a1-5596-4a10-b8e6-08f3a69e072b,receipt,645e8714-9e1b-4e7e-8fa3-186bb136f2fa,a7dadee2-80e3-eba0-084f-5f1847bb3aa4,"Receipt VISTA/26-27/08/00009 · ₹27,050",sent,null,2026-08-03 06:23:46.467199+00,2026-08-03 06:24:01.804+00
8c1629e9-e91b-48a2-be1f-17189879ca80,00000000-0000-0000-0000-000000000001,3f7c52ed-e81a-4f71-8d98-e56cb9f667fc,receipt,9b55de4f-452f-481e-ac6b-528a1b3db263,30f37c32-22c8-495f-9468-246790e56559,"Receipt VISTA/26-27/08/00010 · ₹32,860",sent,null,2026-08-03 06:24:37.794275+00,2026-08-03 06:24:53.501+00
7f328996-e646-440b-8486-c77cc61572aa,00000000-0000-0000-0000-000000000001,d658d2de-88b6-4908-aea9-db3f548f0180,receipt,cd370c7d-c11b-4fa8-89c5-3a0ea40f74be,ba8dd5e0-ed0e-8b6a-7098-2732476feb31,"Receipt VISTA/26-27/08/00011 · ₹16,042",sent,null,2026-08-03 06:26:05.319907+00,2026-08-03 06:26:19.415+00
7f5af5f4-da58-4a8b-aa6e-761b2cb2e949,00000000-0000-0000-0000-000000000001,d7cc70fb-0093-4194-b286-ea3a64760290,receipt,490b74c4-0fe5-470d-bf93-7ea8d1d34e89,be2214d4-f4b5-4c51-825a-83cddbfb06f8,"Receipt VISTA/26-27/08/00012 · ₹3,023",sent,null,2026-08-03 06:26:35.994298+00,2026-08-03 06:26:51.78+00
8cea042e-9949-4730-932b-eab7a28bc383,00000000-0000-0000-0000-000000000001,be837033-40d5-4e18-bcb8-20965dfa7fdc,receipt,778df267-9bbe-4ca9-b170-98f579e05e28,18d86801-3cb7-11d4-8b9d-433429296014,"Receipt VISTA/26-27/08/00013 · ₹17,856",sent,null,2026-08-03 06:26:54.220724+00,2026-08-03 06:27:09.272+00
ba151960-017a-4cd4-beb5-2528baab731e,00000000-0000-0000-0000-000000000001,dfaea199-a2ed-45bd-8baf-d3e8703d1aab,receipt,8fe704b6-ebb6-46f8-b46e-6445c11ab755,1dc2bdca-ae79-4cd5-9d74-961c02cce282,"Receipt VISTA/26-27/08/00014 · ₹21,639",sent,null,2026-08-03 06:27:45.014046+00,2026-08-03 06:27:58.541+00
eeabce8a-9457-452b-b2bd-02642ff3b6e9,00000000-0000-0000-0000-000000000001,13841a03-53ea-41fd-9110-94ceef80a241,receipt,ebce0945-294d-4eaa-8e8b-277e4d5f22f3,257579ca-bef0-99b8-f916-e518891ffdab,"Receipt VISTA/26-27/08/00015 · ₹34,418",sent,null,2026-08-03 06:28:13.623017+00,2026-08-03 06:28:20.963+00
b07f1c4c-90fa-4343-9dcb-1ccd140e5820,00000000-0000-0000-0000-000000000001,61b87c2f-a2ca-4752-b8b3-bd123291d8f6,receipt,c775aaa1-c200-4727-9ed3-8966149fa548,93eb3d6a-d35b-ef1f-83b8-7430b6ad1674,"Receipt VISTA/26-27/08/00016 · ₹16,360",sent,null,2026-08-03 06:28:46.574063+00,2026-08-03 06:28:55.672+00
bba9d09e-33ea-49b3-8225-6fc797a1af9e,00000000-0000-0000-0000-000000000001,74735b96-a401-472b-aa9a-8746fddb5146,receipt,0e960b8e-7a54-4ab1-9df3-a4f2cb81a843,22b0be2d-52c5-1127-642d-4f1083b404ca,"Receipt VISTA/26-27/07/00119 · ₹21,143",sent,null,2026-08-03 06:29:09.493961+00,2026-08-03 06:29:16.193+00
d468a1f8-c3e5-43d1-9977-e3b21490cd59,00000000-0000-0000-0000-000000000001,eb6ca18a-a71b-40dc-80a8-bfbc616bfc6b,receipt,e5ffffb3-a183-4022-97ae-7d79d70dbd04,bdcc24e3-6077-3ea9-b25e-2747d0f07be7,"Receipt VISTA/26-27/07/00120 · ₹18,251",sent,null,2026-08-03 06:29:34.859504+00,2026-08-03 06:29:45.119+00
c74b8e1a-fb0d-48e8-83de-f150aa0f1d77,00000000-0000-0000-0000-000000000001,02a86242-0f5a-4baa-9706-3ad443e3c8e9,receipt,1d6cc051-e687-44af-afb2-eb1ca7ead609,3b27dc97-dafa-0480-7b61-5549a3ea7eee,"Receipt VISTA/26-27/07/00121 · ₹5,664",sent,null,2026-08-03 06:34:04.826811+00,2026-08-03 06:34:11.117+00
ea0577ba-8aed-4183-bb4f-2ef9216c101b,00000000-0000-0000-0000-000000000001,29c38a2c-ece0-43dd-a4c5-e854b8c68986,receipt,34ddf718-a41a-4fe0-a54a-1c16403e809c,8709ca2e-a8a6-48a4-b8ce-e813c4796ab9,"Receipt VISTA/26-27/07/00122 · ₹16,298",sent,null,2026-08-03 06:34:28.525257+00,2026-08-03 06:34:35.271+00
c0462a41-1630-4528-8d96-6a808d034264,00000000-0000-0000-0000-000000000001,94fcb144-7b7d-4223-b537-0610408d7cce,receipt,88d083c4-1b27-4121-a79e-752ef96e7c92,71492154-2bd6-41d1-b8b8-3acec9cedd1f,"Receipt VISTA/26-27/07/00123 · ₹15,887",sent,null,2026-08-03 06:35:18.571843+00,2026-08-03 06:35:23.926+00
0277006c-fe47-4635-aa7e-367cfd1501b8,00000000-0000-0000-0000-000000000001,24aa83e5-24ac-4dee-91f4-bab8ad391a3a,receipt,8939c49d-0f0c-4c07-9203-06f7a6baa11e,b4a50439-db13-dc26-d980-eb079b321460,"Receipt VISTA/26-27/07/00124 · ₹16,492",sent,null,2026-08-03 06:36:39.493311+00,2026-08-03 06:36:45.228+00
1b3d8756-ac6b-4484-8210-132338f8c7a7,00000000-0000-0000-0000-000000000001,62be3dc3-3f6a-4299-be62-2850c12d4068,receipt,ee4a7169-fb16-487e-a92d-1b8c03bf5071,23bfb4c1-7bea-4ace-a564-9ae166eb6d35,"Receipt VISTA/26-27/08/00002 · ₹1,000",sent,null,2026-08-03 06:42:01.415077+00,2026-08-03 06:42:10.532+00
105934fc-b55d-48dd-ac94-9c3685e0463f,00000000-0000-0000-0000-000000000001,62be3dc3-3f6a-4299-be62-2850c12d4068,receipt,6250c912-20d0-43ac-b7e5-c72ff0fd7da9,3a7c3cc7-1dd3-4574-993f-a7dae38a5277,"Receipt VISTA/26-27/08/00003 · ₹1,000",sent,null,2026-08-03 06:42:03.604487+00,2026-08-03 06:42:17.84+00
a0b56529-d25b-421b-a694-3816d80e6267,00000000-0000-0000-0000-000000000001,62be3dc3-3f6a-4299-be62-2850c12d4068,receipt,41336ddc-2fd8-4fe5-a235-b78eb375d07b,8d6ebc38-e2c1-4d2b-9366-4a456a82a6e2,"Receipt VISTA/26-27/08/00004 · ₹23,250",sent,null,2026-08-03 06:42:07.598791+00,2026-08-03 06:42:17.84+00
001dbf5a-9e94-4c79-a84c-c9f0d3b079a6,00000000-0000-0000-0000-000000000001,62be3dc3-3f6a-4299-be62-2850c12d4068,receipt,d0979b8f-08cc-4cfc-a669-2680774ba7dd,8d6ebc38-e2c1-4d2b-9366-4a456a82a6e2,"Receipt VISTA/26-27/08/R00006 · ₹15,000",sent,null,2026-08-03 06:42:09.5761+00,2026-08-03 06:42:17.84+00
63f053ad-92e8-4fa7-8226-1b9589a5667b,00000000-0000-0000-0000-000000000001,62be3dc3-3f6a-4299-be62-2850c12d4068,receipt,c6db6e08-c05b-4944-925b-aba5b9b1531b,e8530c57-faad-4ff7-aec4-fb01b6118ece,"Receipt VISTA/26-27/08/R00002 · ₹19,500",sent,null,2026-08-03 06:42:11.513962+00,2026-08-03 06:42:22.831+00
d852e5f1-68ba-43e1-bcd4-5a7392f8a7ab,00000000-0000-0000-0000-000000000001,62be3dc3-3f6a-4299-be62-2850c12d4068,receipt,df0d2b4e-1ed2-4b2d-9a5b-0405703cfc9f,e8530c57-faad-4ff7-aec4-fb01b6118ece,"Receipt VISTA/26-27/08/00001 · ₹29,250",sent,null,2026-08-03 06:42:13.181346+00,2026-08-03 06:42:22.831+00
8337257f-4b9a-477c-ad58-574bd79829eb,00000000-0000-0000-0000-000000000001,a60f6f6c-62ea-430e-a776-7ca5157438e6,invoice,04559784-422e-4c06-a158-0161d1fac1d4,34e36bb4-6313-46d3-af36-4f9ef75dc0a4,Invoice VISTA/26-27/08/00001 · 2026-08,sent,null,2026-08-03 07:59:58.168552+00,2026-08-03 08:00:06.567+00
e853c795-df7b-484e-9cd5-a45dbb52e4c5,00000000-0000-0000-0000-000000000001,0216678e-f1cb-4b70-bfe0-2b170bd015a1,invoice,6e0da838-44cd-4935-8f14-05b2a0224c51,34e36bb4-6313-46d3-af36-4f9ef75dc0a4,Invoice 6e0da838-44cd-4935-8f14-05b2a0224c51 · 2026-07,sent,null,2026-08-03 08:00:09.267344+00,2026-08-03 08:00:17.009+00
82900445-9a01-4f8c-a257-58564d4d1f5a,00000000-0000-0000-0000-000000000001,ec5e3a5c-e5ce-462c-81aa-a6be45aa3201,receipt,0663d37e-1848-4805-8e3e-74dad90893e7,44bf5771-a669-438c-a190-88aab999cfae,"Receipt VISTA/26-27/05/00062 · ₹1,000",sent,null,2026-08-03 08:06:00.655051+00,2026-08-07 05:52:20.634+00
62f3292f-081d-4fae-8497-26c2da3349af,00000000-0000-0000-0000-000000000001,ec5e3a5c-e5ce-462c-81aa-a6be45aa3201,receipt,cec39439-b6aa-4516-a565-4c2fcbe7ec80,fc8a412e-e0d4-35e1-37fa-5f798b7dc7f4,"Receipt VISTA/26-27/05/R00214 · ₹17,930",sent,null,2026-08-03 08:06:01.926449+00,2026-08-07 05:52:20.45+00
363d6a3c-71ad-4cba-b6ca-0a9327c74c34,00000000-0000-0000-0000-000000000001,ec5e3a5c-e5ce-462c-81aa-a6be45aa3201,receipt,15c50733-0d52-477f-89c8-de665f2ab239,630c8120-bdbc-832c-24ca-aca9e6b49891,"Receipt VISTA/26-27/05/R00148 · ₹16,940",sent,null,2026-08-03 08:06:03.07873+00,2026-08-07 05:52:20.631+00
dfc1e9aa-fc26-4284-b86d-c881fbb6febc,00000000-0000-0000-0000-000000000001,ec5e3a5c-e5ce-462c-81aa-a6be45aa3201,receipt,a71ea7c8-308a-4e6f-a9ed-6866fe1a85c4,44bf5771-a669-438c-a190-88aab999cfae,"Receipt VISTA/26-27/05/00065 · ₹36,250",sent,null,2026-08-03 08:06:04.232442+00,2026-08-07 05:52:20.007+00
01f6cfab-22c0-4e28-b47d-9ababe19c472,00000000-0000-0000-0000-000000000001,baf8559c-f20a-4d07-a4ea-7cac1e12c3a0,invoice,73a2d6d5-fd85-41cd-97a8-737849e45112,9eb73523-a830-4796-9317-1a3f4e9e7254,Invoice VISTA/26-27/08/00008 · 2026-08,sent,null,2026-08-03 08:11:32.595155+00,2026-08-03 08:11:40.597+00
65325137-525b-4396-957c-0a909bb9e109,00000000-0000-0000-0000-000000000001,baf8559c-f20a-4d07-a4ea-7cac1e12c3a0,invoice,ad32ad44-283a-4200-a248-66201410d026,c2f58086-b0e6-4083-b634-acc444ebc69f,Invoice VISTA/26-27/08/00007 · 2026-08,sent,null,2026-08-03 08:11:33.824628+00,2026-08-03 08:11:46.238+00
2ba97e39-c66e-4554-b80f-e70a169aa406,00000000-0000-0000-0000-000000000001,f50d36de-0298-4986-8af4-28870f641157,invoice,82e6ad89-6a9f-4258-9a6c-19540fa3ca4a,af12a12c-92bf-088b-3073-292fe4dfc478,Invoice VISTA/26-27/08/00128 · 2026-08,sent,null,2026-08-03 08:11:38.889141+00,2026-08-03 08:11:44.279+00
dffc7360-f5f6-4ab4-8547-f131eba752ba,00000000-0000-0000-0000-000000000001,f50d36de-0298-4986-8af4-28870f641157,invoice,73a2d6d5-fd85-41cd-97a8-737849e45112,9eb73523-a830-4796-9317-1a3f4e9e7254,Invoice VISTA/26-27/08/00008 · 2026-08,sent,null,2026-08-03 08:11:40.114598+00,2026-08-03 08:11:50.873+00
c5f6c094-2476-41ad-9a5e-b199dd41157d,00000000-0000-0000-0000-000000000001,f50d36de-0298-4986-8af4-28870f641157,invoice,ad32ad44-283a-4200-a248-66201410d026,c2f58086-b0e6-4083-b634-acc444ebc69f,Invoice VISTA/26-27/08/00007 · 2026-08,sent,null,2026-08-03 08:11:41.289116+00,2026-08-03 08:11:50.873+00
4e11acd0-09f9-4229-8785-ad5a8b3cdcdc,00000000-0000-0000-0000-000000000001,f50d36de-0298-4986-8af4-28870f641157,invoice,a919f954-532d-4330-b45c-a99590d2873c,d8c4b3c5-9b2a-4c6e-b1e8-0a98c9175234,Invoice VISTA/26-27/08/00049 · 2026-08,sent,null,2026-08-03 08:11:42.889021+00,2026-08-03 08:11:50.873+00
32c5f589-14c1-41f8-9048-c70a53843913,00000000-0000-0000-0000-000000000001,f50d36de-0298-4986-8af4-28870f641157,invoice,e8afaa58-7e6a-4ecc-b5d9-133d63cd24c8,238b347e-e7e9-b1a3-31a8-a2f8fed99f55,Invoice VISTA/26-27/08/00131 · 2026-08,sent,null,2026-08-03 08:11:44.040393+00,2026-08-03 08:11:50.873+00
4aa7b89f-1f85-44af-8b03-fc95999a8659,00000000-0000-0000-0000-000000000001,13fb1c97-5e8b-4892-8e1b-9473daf4c6d9,invoice,82e6ad89-6a9f-4258-9a6c-19540fa3ca4a,af12a12c-92bf-088b-3073-292fe4dfc478,Invoice VISTA/26-27/08/00128 · 2026-08,sent,null,2026-08-03 09:23:48.395169+00,2026-08-03 09:23:55.946+00
ea539d35-9f39-41f4-a069-b9703a72e2a9,00000000-0000-0000-0000-000000000001,a96490f6-c721-42b0-9fc6-80b086cafa44,invoice,82e6ad89-6a9f-4258-9a6c-19540fa3ca4a,af12a12c-92bf-088b-3073-292fe4dfc478,Invoice VISTA/26-27/08/00128 · 2026-08,sent,null,2026-08-03 09:23:48.404759+00,2026-08-03 09:23:54.912+00
6773ab85-31f5-44be-a7ac-4759dcf113e5,00000000-0000-0000-0000-000000000001,7e0246a3-a603-4b8c-9907-67a1de478dfa,invoice,82e6ad89-6a9f-4258-9a6c-19540fa3ca4a,af12a12c-92bf-088b-3073-292fe4dfc478,Invoice VISTA/26-27/08/00128 · 2026-08,sent,null,2026-08-03 09:23:48.420253+00,2026-08-03 09:23:54.919+00
255a4764-f3e5-4fc6-88a4-e31b54434deb,00000000-0000-0000-0000-000000000001,865b9de2-487b-4c34-be62-68c8d8b495b3,invoice,82e6ad89-6a9f-4258-9a6c-19540fa3ca4a,af12a12c-92bf-088b-3073-292fe4dfc478,Invoice VISTA/26-27/08/00128 · 2026-08,sent,null,2026-08-03 09:23:48.445051+00,2026-08-03 09:23:54.718+00
9612a502-5819-4691-8752-c5fef75de134,00000000-0000-0000-0000-000000000001,9c83596f-dc96-4184-9f65-cdcb0f648f2e,invoice,82e6ad89-6a9f-4258-9a6c-19540fa3ca4a,af12a12c-92bf-088b-3073-292fe4dfc478,Invoice VISTA/26-27/08/00128 · 2026-08,sent,null,2026-08-03 09:23:48.47358+00,2026-08-03 09:23:55.591+00
05f28974-70c8-4de5-8a1a-83fe0a4dd234,00000000-0000-0000-0000-000000000001,21c7a0ff-135d-4b4a-89ad-18a16101609c,invoice,82e6ad89-6a9f-4258-9a6c-19540fa3ca4a,af12a12c-92bf-088b-3073-292fe4dfc478,Invoice VISTA/26-27/08/00128 · 2026-08,sent,null,2026-08-03 09:23:49.164749+00,2026-08-03 09:23:54.924+00
6a43edd8-40cb-4b23-a001-86f89952dff8,00000000-0000-0000-0000-000000000001,8d1ac225-21fa-4f10-8000-f78b12184a6d,invoice,82e6ad89-6a9f-4258-9a6c-19540fa3ca4a,af12a12c-92bf-088b-3073-292fe4dfc478,Invoice VISTA/26-27/08/00128 · 2026-08,sent,null,2026-08-03 09:23:49.166513+00,2026-08-03 09:23:56.271+00
e2591665-b53a-4d23-abe5-cf877dc1e620,00000000-0000-0000-0000-000000000001,13fb1c97-5e8b-4892-8e1b-9473daf4c6d9,invoice,73a2d6d5-fd85-41cd-97a8-737849e45112,9eb73523-a830-4796-9317-1a3f4e9e7254,Invoice VISTA/26-27/08/00008 · 2026-08,sent,null,2026-08-03 09:23:52.173743+00,2026-08-03 09:24:00.093+00
91ea4444-0b46-4f86-92b2-adf9bfbb77d6,00000000-0000-0000-0000-000000000001,a96490f6-c721-42b0-9fc6-80b086cafa44,invoice,73a2d6d5-fd85-41cd-97a8-737849e45112,9eb73523-a830-4796-9317-1a3f4e9e7254,Invoice VISTA/26-27/08/00008 · 2026-08,sent,null,2026-08-03 09:23:53.069781+00,2026-08-03 09:23:59.857+00
a8262e87-4f39-4473-bed4-de9fd4561354,00000000-0000-0000-0000-000000000001,7e0246a3-a603-4b8c-9907-67a1de478dfa,invoice,73a2d6d5-fd85-41cd-97a8-737849e45112,9eb73523-a830-4796-9317-1a3f4e9e7254,Invoice VISTA/26-27/08/00008 · 2026-08,sent,null,2026-08-03 09:23:53.916807+00,2026-08-03 09:23:58.86+00
5a720756-8b04-41f5-8f17-2d93bc15e0fd,00000000-0000-0000-0000-000000000001,865b9de2-487b-4c34-be62-68c8d8b495b3,invoice,73a2d6d5-fd85-41cd-97a8-737849e45112,9eb73523-a830-4796-9317-1a3f4e9e7254,Invoice VISTA/26-27/08/00008 · 2026-08,sent,null,2026-08-03 09:23:54.60259+00,2026-08-03 09:23:59.917+00
9c6a346f-f918-43c4-a6d5-78808a9d4f5b,00000000-0000-0000-0000-000000000001,9c83596f-dc96-4184-9f65-cdcb0f648f2e,invoice,73a2d6d5-fd85-41cd-97a8-737849e45112,9eb73523-a830-4796-9317-1a3f4e9e7254,Invoice VISTA/26-27/08/00008 · 2026-08,sent,null,2026-08-03 09:23:54.613669+00,2026-08-03 09:23:59.744+00
cf0098ca-7449-4568-96f3-b48c5125e097,00000000-0000-0000-0000-000000000001,21c7a0ff-135d-4b4a-89ad-18a16101609c,invoice,73a2d6d5-fd85-41cd-97a8-737849e45112,9eb73523-a830-4796-9317-1a3f4e9e7254,Invoice VISTA/26-27/08/00008 · 2026-08,sent,null,2026-08-03 09:23:56.121648+00,2026-08-03 09:24:00.13+00
eaca2b98-209b-4247-bf7b-f91548e6400a,00000000-0000-0000-0000-000000000001,8d1ac225-21fa-4f10-8000-f78b12184a6d,invoice,73a2d6d5-fd85-41cd-97a8-737849e45112,9eb73523-a830-4796-9317-1a3f4e9e7254,Invoice VISTA/26-27/08/00008 · 2026-08,sent,null,2026-08-03 09:23:56.121661+00,2026-08-03 09:24:01.287+00
8e216fb7-46c5-46b8-8a78-81110bfcc96b,00000000-0000-0000-0000-000000000001,a96490f6-c721-42b0-9fc6-80b086cafa44,invoice,ad32ad44-283a-4200-a248-66201410d026,c2f58086-b0e6-4083-b634-acc444ebc69f,Invoice VISTA/26-27/08/00007 · 2026-08,sent,null,2026-08-03 09:23:57.649433+00,2026-08-03 09:24:04.994+00
aa42b806-8d79-4e54-a1d4-ed8815bcfb86,00000000-0000-0000-0000-000000000001,13fb1c97-5e8b-4892-8e1b-9473daf4c6d9,invoice,ad32ad44-283a-4200-a248-66201410d026,c2f58086-b0e6-4083-b634-acc444ebc69f,Invoice VISTA/26-27/08/00007 · 2026-08,sent,null,2026-08-03 09:23:57.650098+00,2026-08-03 09:24:05.789+00
448ec01c-0397-4f4c-95f9-f63c9903dc29,00000000-0000-0000-0000-000000000001,7e0246a3-a603-4b8c-9907-67a1de478dfa,invoice,ad32ad44-283a-4200-a248-66201410d026,c2f58086-b0e6-4083-b634-acc444ebc69f,Invoice VISTA/26-27/08/00007 · 2026-08,sent,null,2026-08-03 09:23:59.182571+00,2026-08-03 09:24:04.367+00
6dce86bf-f902-4068-9a33-36c1884e9bea,00000000-0000-0000-0000-000000000001,865b9de2-487b-4c34-be62-68c8d8b495b3,invoice,ad32ad44-283a-4200-a248-66201410d026,c2f58086-b0e6-4083-b634-acc444ebc69f,Invoice VISTA/26-27/08/00007 · 2026-08,sent,null,2026-08-03 09:23:59.183752+00,2026-08-03 09:24:05.743+00
1c8ea490-f3cf-41ab-8a4d-8de233356fc2,00000000-0000-0000-0000-000000000001,9c83596f-dc96-4184-9f65-cdcb0f648f2e,invoice,ad32ad44-283a-4200-a248-66201410d026,c2f58086-b0e6-4083-b634-acc444ebc69f,Invoice VISTA/26-27/08/00007 · 2026-08,sent,null,2026-08-03 09:24:01.128553+00,2026-08-03 09:24:06.397+00
8db4755a-7a5d-425f-ab5d-2d6437f8179d,00000000-0000-0000-0000-000000000001,8d1ac225-21fa-4f10-8000-f78b12184a6d,invoice,ad32ad44-283a-4200-a248-66201410d026,c2f58086-b0e6-4083-b634-acc444ebc69f,Invoice VISTA/26-27/08/00007 · 2026-08,sent,null,2026-08-03 09:24:01.543187+00,2026-08-03 09:24:07.382+00
93a38f35-366b-434d-b483-d123077c5b45,00000000-0000-0000-0000-000000000001,21c7a0ff-135d-4b4a-89ad-18a16101609c,invoice,ad32ad44-283a-4200-a248-66201410d026,c2f58086-b0e6-4083-b634-acc444ebc69f,Invoice VISTA/26-27/08/00007 · 2026-08,sent,null,2026-08-03 09:24:02.517093+00,2026-08-03 09:24:07.794+00
75eec1fe-b409-4491-86a9-e9aeac847f15,00000000-0000-0000-0000-000000000001,13fb1c97-5e8b-4892-8e1b-9473daf4c6d9,invoice,a919f954-532d-4330-b45c-a99590d2873c,d8c4b3c5-9b2a-4c6e-b1e8-0a98c9175234,Invoice VISTA/26-27/08/00049 · 2026-08,sent,null,2026-08-03 09:24:03.101981+00,2026-08-03 09:24:11.335+00
6a1065c2-a11b-43c9-8247-1088973febfe,00000000-0000-0000-0000-000000000001,a96490f6-c721-42b0-9fc6-80b086cafa44,invoice,a919f954-532d-4330-b45c-a99590d2873c,d8c4b3c5-9b2a-4c6e-b1e8-0a98c9175234,Invoice VISTA/26-27/08/00049 · 2026-08,sent,null,2026-08-03 09:24:04.834184+00,2026-08-03 09:24:13.458+00
7ae6d933-e5f0-4128-9836-15bf40cc641a,00000000-0000-0000-0000-000000000001,865b9de2-487b-4c34-be62-68c8d8b495b3,invoice,a919f954-532d-4330-b45c-a99590d2873c,d8c4b3c5-9b2a-4c6e-b1e8-0a98c9175234,Invoice VISTA/26-27/08/00049 · 2026-08,sent,null,2026-08-03 09:24:04.885275+00,2026-08-03 09:24:11.269+00
f12cbbd7-550e-475f-ad95-4c2fe58ff365,00000000-0000-0000-0000-000000000001,7e0246a3-a603-4b8c-9907-67a1de478dfa,invoice,a919f954-532d-4330-b45c-a99590d2873c,d8c4b3c5-9b2a-4c6e-b1e8-0a98c9175234,Invoice VISTA/26-27/08/00049 · 2026-08,sent,null,2026-08-03 09:24:05.780126+00,2026-08-03 09:24:10.488+00
b5a057bb-a769-4b80-aaa9-00e0c51afc31,00000000-0000-0000-0000-000000000001,9c83596f-dc96-4184-9f65-cdcb0f648f2e,invoice,a919f954-532d-4330-b45c-a99590d2873c,d8c4b3c5-9b2a-4c6e-b1e8-0a98c9175234,Invoice VISTA/26-27/08/00049 · 2026-08,sent,null,2026-08-03 09:24:05.782063+00,2026-08-03 09:24:10.903+00
e8610fb6-b025-4db9-8a68-f8fb38453463,00000000-0000-0000-0000-000000000001,8d1ac225-21fa-4f10-8000-f78b12184a6d,invoice,a919f954-532d-4330-b45c-a99590d2873c,d8c4b3c5-9b2a-4c6e-b1e8-0a98c9175234,Invoice VISTA/26-27/08/00049 · 2026-08,sent,null,2026-08-03 09:24:06.692005+00,2026-08-03 09:24:16.42+00
d078e8a0-ceda-4448-ab39-69a8c8fee41f,00000000-0000-0000-0000-000000000001,21c7a0ff-135d-4b4a-89ad-18a16101609c,invoice,a919f954-532d-4330-b45c-a99590d2873c,d8c4b3c5-9b2a-4c6e-b1e8-0a98c9175234,Invoice VISTA/26-27/08/00049 · 2026-08,sent,null,2026-08-03 09:24:07.63577+00,2026-08-03 09:24:12.662+00
e4883d83-10bf-4af3-a45c-37bd61d45c57,00000000-0000-0000-0000-000000000001,a96490f6-c721-42b0-9fc6-80b086cafa44,invoice,e8afaa58-7e6a-4ecc-b5d9-133d63cd24c8,238b347e-e7e9-b1a3-31a8-a2f8fed99f55,Invoice VISTA/26-27/08/00131 · 2026-08,sent,null,2026-08-03 09:24:08.094007+00,2026-08-03 09:24:17.851+00
9909aca9-2f8a-44d4-a87e-5e7991c33395,00000000-0000-0000-0000-000000000001,13fb1c97-5e8b-4892-8e1b-9473daf4c6d9,invoice,e8afaa58-7e6a-4ecc-b5d9-133d63cd24c8,238b347e-e7e9-b1a3-31a8-a2f8fed99f55,Invoice VISTA/26-27/08/00131 · 2026-08,sent,null,2026-08-03 09:24:08.605759+00,2026-08-03 09:24:15.794+00
058e7d69-7ed7-41cc-938b-a93810f36963,00000000-0000-0000-0000-000000000001,7e0246a3-a603-4b8c-9907-67a1de478dfa,invoice,e8afaa58-7e6a-4ecc-b5d9-133d63cd24c8,238b347e-e7e9-b1a3-31a8-a2f8fed99f55,Invoice VISTA/26-27/08/00131 · 2026-08,sent,null,2026-08-03 09:24:08.854641+00,2026-08-03 09:24:15.516+00
63c44d8f-1abc-404c-9d1c-dae3c57f64da,00000000-0000-0000-0000-000000000001,8d1ac225-21fa-4f10-8000-f78b12184a6d,invoice,e8afaa58-7e6a-4ecc-b5d9-133d63cd24c8,238b347e-e7e9-b1a3-31a8-a2f8fed99f55,Invoice VISTA/26-27/08/00131 · 2026-08,sent,null,2026-08-03 09:24:08.882636+00,2026-08-03 09:24:22.028+00
f20dfe1a-022e-469e-9039-540077406373,00000000-0000-0000-0000-000000000001,865b9de2-487b-4c34-be62-68c8d8b495b3,invoice,e8afaa58-7e6a-4ecc-b5d9-133d63cd24c8,238b347e-e7e9-b1a3-31a8-a2f8fed99f55,Invoice VISTA/26-27/08/00131 · 2026-08,sent,null,2026-08-03 09:24:09.308981+00,2026-08-03 09:24:15.911+00
142643c0-cc97-4331-8b77-22775834d0ca,00000000-0000-0000-0000-000000000001,9c83596f-dc96-4184-9f65-cdcb0f648f2e,invoice,e8afaa58-7e6a-4ecc-b5d9-133d63cd24c8,238b347e-e7e9-b1a3-31a8-a2f8fed99f55,Invoice VISTA/26-27/08/00131 · 2026-08,sent,null,2026-08-03 09:24:09.876943+00,2026-08-03 09:24:15.299+00
7cbdcd7f-b3da-4643-bb63-a36298ccba81,00000000-0000-0000-0000-000000000001,21c7a0ff-135d-4b4a-89ad-18a16101609c,invoice,e8afaa58-7e6a-4ecc-b5d9-133d63cd24c8,238b347e-e7e9-b1a3-31a8-a2f8fed99f55,Invoice VISTA/26-27/08/00131 · 2026-08,sent,null,2026-08-03 09:24:09.8855+00,2026-08-03 09:24:16.442+00
395d5fdd-3e8d-4d6f-b60f-2ab01d9b76a6,00000000-0000-0000-0000-000000000001,d8751835-3056-4d3a-b97e-6fe58aa04813,invoice,07118777-1f0e-487d-87bb-3d7738489ec6,c2f58086-b0e6-4083-b634-acc444ebc69f,Invoice 07118777-1f0e-487d-87bb-3d7738489ec6 · 2026-07,sent,null,2026-08-03 09:41:09.713123+00,2026-08-03 09:41:18.472+00
7147a645-8ba0-44dd-a79a-5a222595c9e2,00000000-0000-0000-0000-000000000001,afca155e-8cc8-41f7-85ce-2deb68e4e333,invoice,3d6eaf4b-016e-41a1-b565-ae73a779baea,9eb73523-a830-4796-9317-1a3f4e9e7254,Invoice 3d6eaf4b-016e-41a1-b565-ae73a779baea · 2026-07,sent,null,2026-08-03 09:41:45.481602+00,2026-08-03 09:41:50.385+00
d75e55d3-b9ba-4310-9603-4e81f98acd1a,00000000-0000-0000-0000-000000000001,bd2a640f-924f-4b87-9474-02a5bf34ad3d,invoice,a62aaf64-d00d-4f61-8c88-fcb7b26c60c8,618f174c-7c45-cb54-907b-cacc78483918,Invoice VISTA/26-27/08/00068 · 2026-08,sent,null,2026-08-04 04:59:44.638585+00,2026-08-04 04:59:50.617+00
cc0d4d2d-c93f-4fb9-a4bc-ebf3db4091c6,00000000-0000-0000-0000-000000000001,bd2a640f-924f-4b87-9474-02a5bf34ad3d,invoice,7fb8302a-6d32-485f-ba29-20f4361b1c98,bcf8ffc1-fd5c-f6ab-0453-7a73c73786dd,Invoice VISTA/26-27/08/00152 · 2026-08,sent,null,2026-08-04 04:59:45.810953+00,2026-08-04 04:59:56.137+00
82efb6dc-112e-40a4-a088-aa6f8854dd70,00000000-0000-0000-0000-000000000001,05ec3819-388f-47a1-bf2c-5d90a1191bbf,invoice,d4ff2323-b116-4ec6-9b23-33656da01ef4,1a3b6c74-26e1-7124-0b5c-7f783d71624d,Invoice VISTA/26-27/08/00039 · 2026-08,sent,null,2026-08-04 05:06:38.493198+00,2026-08-04 05:06:45.137+00
e459781b-3e55-4ea9-b54f-c65bcae7058e,00000000-0000-0000-0000-000000000001,5742b8e5-a192-4d94-9e90-7017e4747ec2,invoice,17df809a-e3c8-4660-a618-00fb718563aa,aa88d180-8c53-dbe4-70de-ecf38130d3ce,Invoice VISTA/26-27/08/00079 · 2026-08,sent,null,2026-08-04 05:27:25.289024+00,2026-08-04 05:27:32.69+00
59e9f62e-ea0b-4660-85be-7d91bd6b5d3d,00000000-0000-0000-0000-000000000001,b91e1de0-9ee0-4787-a686-1961a5c7ec8b,invoice,17df809a-e3c8-4660-a618-00fb718563aa,aa88d180-8c53-dbe4-70de-ecf38130d3ce,Invoice VISTA/26-27/08/00079 · 2026-08,sent,null,2026-08-04 05:27:34.758094+00,2026-08-04 05:27:41.711+00
01966036-6a90-4795-93b7-d7713cee2581,00000000-0000-0000-0000-000000000001,b57d1184-6ddf-4ae8-ade9-490e68dcc9cb,invoice,0b28c63a-d7ba-4590-ac1f-59e03610e3a7,55e6e452-fae2-a5ac-3c12-21424bffbcac,Invoice VISTA/26-27/08/00003 · 2026-08,sent,null,2026-08-04 06:30:23.578339+00,2026-08-04 06:30:51.561+00
cf8e812f-a663-4db9-a99f-01328b84aa96,00000000-0000-0000-0000-000000000001,95648764-a82c-420b-9877-75eeb0b4bf7c,invoice,4ef29451-1b57-4a67-870f-1b0501200ea0,55e6e452-fae2-a5ac-3c12-21424bffbcac,Invoice VISTA/26-27/08/00178 · 2026-08,sent,null,2026-08-04 06:35:10.933258+00,2026-08-07 05:52:06.581+00
a1071a69-5129-48c4-9805-83c952e6f365,00000000-0000-0000-0000-000000000001,88beca36-2c70-48e8-b101-5bee7199753b,invoice,77c53fa8-8e5a-417a-a73d-f62d0225f52f,be2214d4-f4b5-4c51-825a-83cddbfb06f8,Invoice 77c53fa8-8e5a-417a-a73d-f62d0225f52f · 2026-08,sent,null,2026-08-04 06:39:02.270739+00,2026-08-07 05:51:44.08+00
4d3a80f2-a764-4066-89d8-3a311e00a1c7,00000000-0000-0000-0000-000000000001,33529c59-748c-4c37-991a-22dc6e06fc26,receipt,bf587924-e19a-47b1-9cbc-c20e67913fb7,2631ddfd-660e-8719-1876-82cf88e13a60,"Receipt VISTA/26-27/08/00019 · ₹15,926",sent,null,2026-08-04 06:50:08.046977+00,2026-08-04 06:50:34.858+00
f43577ce-c9dd-4742-b308-590092b8d2c9,00000000-0000-0000-0000-000000000001,054a048f-bbd7-4b87-9e94-0da4f266d9f4,receipt,c346d404-1beb-4206-a2c7-07336a582bc7,38305983-db92-2c3c-7949-96f7ca7833eb,"Receipt VISTA/26-27/08/00020 · ₹21,019",sent,null,2026-08-04 06:50:47.411606+00,2026-08-04 06:51:10.77+00
1c8c7031-a9f5-45ee-b57f-b4a4e2d51e67,00000000-0000-0000-0000-000000000001,3d758c50-01d4-4a8b-8e21-1afd0b93c8ea,receipt,8b1a49db-23e9-43bf-ab03-c0c4e291dd0a,2ba81159-3fd3-401a-b806-4cf09e7dce86,"Receipt VISTA/26-27/08/00021 · ₹20,926",sent,null,2026-08-04 06:51:17.97012+00,2026-08-04 06:51:43.616+00
76cfbbe3-21e1-4538-85e2-b8e0d1193020,00000000-0000-0000-0000-000000000001,994606dd-a785-403b-acf9-f1e092cc4090,receipt,8f790696-1a40-450b-a42b-59b3f1d67c03,1fc0c3bb-f35c-8d5d-a4fa-a9c1723cd8ab,"Receipt VISTA/26-27/08/00022 · ₹15,957",sent,null,2026-08-04 06:51:45.793073+00,2026-08-04 06:52:05.511+00
88671a52-1a27-4cb5-a7fd-a222412d351c,00000000-0000-0000-0000-000000000001,5f32a8c1-be10-4a63-94f5-ea5085997c8b,receipt,29125d23-a515-4cc3-8eae-fd608c3a4365,961c950e-debe-4dd2-8e5f-08bf92bda977,"Receipt VISTA/26-27/08/00023 · ₹15,706",sent,null,2026-08-04 06:52:10.630031+00,2026-08-04 06:52:32.291+00
15ab11fc-aa8a-4aa0-9111-8428c041ac90,00000000-0000-0000-0000-000000000001,82bb36e9-c23e-4846-b64f-4a0a9c69a924,invoice,feeb7562-64c0-4eac-a1fa-367aa6673330,073e4bd7-f1f1-49d3-604f-c365b9952a6c,Invoice VISTA/26-27/08/00116 · 2026-08,sent,null,2026-08-04 07:01:59.970109+00,2026-08-04 07:02:15.166+00
c88da35e-3dad-4eeb-b75b-a7e35270e652,00000000-0000-0000-0000-000000000001,4d03f0aa-3f76-45a9-aa09-04f12b474e21,invoice,cb8089f8-ebcf-4468-9f40-e224e4f6bfd7,8fd367e7-7404-4ef6-530b-a40219a48f1e,Invoice VISTA/26-27/08/00172 · 2026-08,sent,null,2026-08-04 07:10:15.407759+00,2026-08-04 07:10:37.013+00
f9b77b0e-b81d-4a77-9c49-2d145a7b041d,00000000-0000-0000-0000-000000000001,fe2e42e8-b02f-4c26-8f1e-26d39a4c4449,receipt,4b6e0d42-dfd2-4513-8b36-3b2c16db9813,49355947-7605-ec5f-7d81-a6597f38d76b,"Receipt VISTA/26-27/08/00025 · ₹15,926",sent,null,2026-08-05 05:30:23.769124+00,2026-08-05 05:30:31.876+00
b9b2a7d1-726b-4b07-96c2-59846053ae69,00000000-0000-0000-0000-000000000001,5f747199-1ab2-40f4-8625-a70b5b2c8121,receipt,0a8794bb-ebf8-4db4-b6b4-ea07ae1cd4f7,9541a16d-d020-eb78-80f1-a4a2d4b7775f,"Receipt VISTA/26-27/08/00026 · ₹26,926",sent,null,2026-08-05 05:31:03.750137+00,2026-08-05 05:31:09.718+00
943822f1-e9e7-4d5a-979d-611ef3230691,00000000-0000-0000-0000-000000000001,c97e2278-ec9a-418c-8ae7-6211bce1100c,receipt,7144a335-5592-4678-820b-6466ce74389b,cf1318a5-0564-4af6-d90e-c3e76de1ef08,"Receipt VISTA/26-27/08/00027 · ₹16,926",sent,null,2026-08-05 05:31:40.814291+00,2026-08-05 05:31:46.136+00
6854cb4b-3c91-4d79-9a90-916e1e16b797,00000000-0000-0000-0000-000000000001,02e737bf-d5fd-4855-a270-74acb2c56ee3,receipt,794de2d5-08d7-4139-96c5-367d5cdae2e1,011b7d1c-5697-5394-c05b-fa0473640657,"Receipt VISTA/26-27/08/00028 · ₹20,457",sent,null,2026-08-05 05:32:16.629168+00,2026-08-05 05:32:24.823+00
8b1f60ae-b942-4255-aecd-76545abdf4d0,00000000-0000-0000-0000-000000000001,f67a7cbd-8ea2-4041-b636-f23c50094017,receipt,81fa0ce1-b760-4a4d-ac8a-9285696a5e37,72ac33cc-b9b2-9cc4-47fd-d37096c8f30d,"Receipt VISTA/26-27/08/00029 · ₹16,926",sent,null,2026-08-05 05:32:45.062132+00,2026-08-05 05:32:50.319+00
434c90ed-7c52-44c4-8636-4ea4f521b591,00000000-0000-0000-0000-000000000001,cd49c29a-872a-4e66-8233-5d294872da34,receipt,b6c8eaf5-428c-4dca-8777-7508fcb1d666,1218c50c-4da4-4f61-baec-5182a25958e3,"Receipt VISTA/26-27/08/00030 · ₹15,918",sent,null,2026-08-05 05:33:13.371045+00,2026-08-05 05:33:17.828+00
2f081795-2afc-4c36-94b6-8818e293c3ca,00000000-0000-0000-0000-000000000001,c2b8e957-68a1-4cd3-a509-51442e50a5b7,receipt,a3048a14-fa8f-4505-bf1f-2e4e3e9eb60e,71a9340d-9832-4609-a110-d9b5aaffc020,"Receipt VISTA/26-27/08/00031 · ₹19,500",sent,null,2026-08-05 05:33:45.082032+00,2026-08-05 05:33:50.462+00
37d3a98a-92c0-4eb7-8ef4-2187528ea5f0,00000000-0000-0000-0000-000000000001,208c47b4-7459-4629-b5c6-5b7bab5aa24b,receipt,27c077d6-315f-47be-b639-32bdb043b126,f284b25b-d762-1399-a12e-ba7ffa6b6f97,"Receipt VISTA/26-27/08/00032 · ₹16,492",sent,null,2026-08-05 05:34:02.177425+00,2026-08-05 05:34:09.132+00
3b908ad3-7b06-476f-9c57-a7b79ce805c8,00000000-0000-0000-0000-000000000001,bf0716ea-f4ae-4710-8dce-d8c6eb42c66d,receipt,4cf06510-1ada-4d39-bacf-28c413feadc8,890b32d9-f754-8150-5a18-8a21fcdf3828,"Receipt VISTA/26-27/08/00033 · ₹27,015",sent,null,2026-08-05 05:34:29.195222+00,2026-08-05 05:34:34.259+00
fe46663e-6e45-4b1e-b6ab-cb300ac0577a,00000000-0000-0000-0000-000000000001,85efcfab-4cf1-46c3-b2a7-bf024c0978ac,receipt,15dd8772-075d-46fc-9a40-dc9ff8ed453d,073e4bd7-f1f1-49d3-604f-c365b9952a6c,"Receipt VISTA/26-27/08/00034 · ₹15,500",sent,null,2026-08-05 05:34:55.344057+00,2026-08-05 05:35:00.381+00
d24aea3a-6471-4006-96f1-7d9f8800849c,00000000-0000-0000-0000-000000000001,cea13c50-f37e-41af-96c8-14142ac75e69,receipt,78325a84-09bd-4f26-86c5-406761115b3b,6e52de53-d0e1-4fff-871f-36aa18ac4720,"Receipt VISTA/26-27/08/00035 · ₹22,819",sent,null,2026-08-05 05:35:54.064924+00,2026-08-05 05:35:59.506+00
37b7aecb-20fe-4227-b151-0d544e6b56e8,00000000-0000-0000-0000-000000000001,3abe6832-01d1-4d37-a44c-c35cdd3a069b,receipt,dc096e0f-6971-4354-aed1-2c88b81e0635,c2f58086-b0e6-4083-b634-acc444ebc69f,"Receipt VISTA/26-27/08/00036 · ₹18,680",sent,null,2026-08-05 05:36:17.082006+00,2026-08-05 05:36:22.359+00
fdffb4b2-055b-4fb6-8725-ac101dfc9804,00000000-0000-0000-0000-000000000001,a7ad1883-0e48-43c2-9515-a3cf10b6d899,receipt,126b22da-b31d-43f9-a295-67af824911d2,1a3b6c74-26e1-7124-0b5c-7f783d71624d,"Receipt VISTA/26-27/08/00037 · ₹15,918",sent,null,2026-08-05 05:37:25.0457+00,2026-08-05 05:37:30.003+00
d45a4bdc-71d9-4748-86d4-f5656bc84f9f,00000000-0000-0000-0000-000000000001,ae52a83e-083c-4a98-9624-9c6023c8b4ba,receipt,f39ee933-4fbe-459a-8c34-06340ddd85e2,1604768e-85d5-4c44-882a-b748eddc1f37,"Receipt VISTA/26-27/08/00038 · ₹16,825",sent,null,2026-08-05 05:37:52.740157+00,2026-08-05 05:37:58.203+00
59d0f14f-ccc9-40b0-a15a-b6bcdad159f5,00000000-0000-0000-0000-000000000001,a47d3a0c-7a54-4c9d-9e2e-1648d61d0b09,receipt,8a4ccc7a-8347-409b-acfb-38f67b327e00,9eb73523-a830-4796-9317-1a3f4e9e7254,"Receipt VISTA/26-27/08/00039 · ₹18,680",sent,null,2026-08-05 05:38:29.934293+00,2026-08-05 05:38:35.611+00
7c5e5d86-b483-4d3d-8631-353a6f96b495,00000000-0000-0000-0000-000000000001,caf1c50f-f1c7-449b-948c-1bb5292bcb62,receipt,0803cb46-f7b2-4c82-90f6-dc8a14e9f529,be2214d4-f4b5-4c51-825a-83cddbfb06f8,"Receipt VISTA/26-27/08/00040 · ₹18,242",sent,null,2026-08-05 05:39:05.040295+00,2026-08-05 05:39:10.223+00
85fb5785-5135-44c4-8b1e-1fa6e4828039,00000000-0000-0000-0000-000000000001,0cb32c71-ecb6-4128-98f7-e825be89bec5,receipt,ae454fd3-dd0d-49a9-b462-3c74c1dc1b02,8971261e-a813-477f-94c0-0a9661dc4c34,"Receipt VISTA/26-27/08/00041 · ₹2,000",sent,null,2026-08-05 05:40:15.617199+00,2026-08-05 05:40:21.535+00
d6ae30ee-e61b-4729-af22-ce0de4ad12a2,00000000-0000-0000-0000-000000000001,5c4a8636-95bc-45ca-8fb3-449e2a930cc2,receipt,db08bead-5da1-4846-b689-ca352cbcd531,cda37b51-1bbc-af0d-a560-49af88fdc751,"Receipt VISTA/26-27/08/00042 · ₹16,577",sent,null,2026-08-05 06:02:21.450362+00,2026-08-05 06:02:29.145+00
249f0750-ce0c-4b51-ac97-4262711118d6,00000000-0000-0000-0000-000000000001,3ea7b3bf-ed90-496e-a8fa-1fb89760b812,receipt,2c24749d-8c73-4dbb-bee4-d87c4cb05771,79d4d3fe-73c5-a965-030f-c60220ee20cb,"Receipt VISTA/26-27/08/00043 · ₹15,926",sent,null,2026-08-05 06:03:52.690979+00,2026-08-05 06:03:58.584+00
473cfdfd-5a3f-4fc2-9736-fd3311d78440,00000000-0000-0000-0000-000000000001,a215491b-8f5d-4f35-845c-d5ac3cdbf7e4,receipt,7c352384-0fdf-4848-ba06-05b39e6e7624,11e59c65-004e-4eea-a733-d3a6a7c65fb1,"Receipt VISTA/26-27/08/00044 · ₹17,856",sent,null,2026-08-05 06:53:38.238536+00,2026-08-05 06:53:54.192+00
42807126-2d4c-402e-b2f7-e44f9d7c0efd,00000000-0000-0000-0000-000000000001,e48fdd9b-daf9-4a0d-9cab-f893dd6b7e6f,receipt,95450abb-3582-4a5e-b23a-49452718cda7,5e901269-d116-cf62-7661-df859f5b02dc,"Receipt VISTA/26-27/08/00045 · ₹18,228",sent,null,2026-08-05 07:03:49.595412+00,2026-08-05 07:04:03.769+00
9077905d-ed4e-433d-bf42-87f0c153bb6a,00000000-0000-0000-0000-000000000001,bf16fcfd-daa9-4d7b-ac2a-58e0cdfbcbda,receipt,b138f42b-a291-44de-8f58-557de9422b29,618f174c-7c45-cb54-907b-cacc78483918,"Receipt VISTA/26-27/08/R00082 · ₹20,798",sent,null,2026-08-06 10:21:09.718034+00,2026-08-06 10:21:16.282+00
58c28654-0c48-4c06-9429-6596c7b8b669,00000000-0000-0000-0000-000000000001,fd23f71f-978b-4388-bf51-4617fa83e669,outstanding,null,79e31f6f-69dc-a40c-27d7-3f076878f83c,Outstanding reminder · Kaarthika,sent,null,2026-08-07 12:08:10.458987+00,2026-08-07 12:08:20.188+00
77c888dd-34f3-4f8d-b4a3-bcc595f1a1b8,00000000-0000-0000-0000-000000000001,724d52ad-91c4-4570-96ec-25324a7e196f,receipt,1c45c9eb-c122-41d2-8970-b7e0024ee44b,491b8136-32a1-37c5-5253-b53ff3991d86,"Receipt VISTA/26-27/08/R00054 · ₹15,426",sent,null,2026-08-08 05:05:57.321959+00,2026-08-08 05:06:19.737+00
cf80429a-b974-455a-96e6-b07da08b95c4,00000000-0000-0000-0000-000000000001,daf85c86-85de-4214-a014-c4910438fcef,receipt,1c45c9eb-c122-41d2-8970-b7e0024ee44b,491b8136-32a1-37c5-5253-b53ff3991d86,"Receipt VISTA/26-27/08/R00054 · ₹15,426",sent,null,2026-08-08 05:07:45.429945+00,2026-08-08 05:08:05.17+00
3db4d8cf-8a7c-48b1-bb07-8e2fdd9ad3f5,00000000-0000-0000-0000-000000000001,2c6a0e68-328e-4b97-b52f-d94c022e92f9,outstanding,null,2c1980eb-be51-916e-8f61-1e8fe83afb0c,Outstanding reminder · Rajesh Anandh,sent,null,2026-08-08 05:48:07.935887+00,2026-08-08 05:48:14.043+00
34426900-dee0-40ba-9034-2927f2989f1f,00000000-0000-0000-0000-000000000001,f7aeca8d-6e5b-4a29-971a-71e1664302d2,invoice,cc009640-75b1-4eba-94da-dcfcb2922128,5eb9cf08-d888-4c7c-b6da-0b773bb39bba,Invoice VISTA/26-27/08/00029 · 2026-08,sent,null,2026-08-08 07:56:52.243771+00,2026-08-08 07:56:58.355+00
c8a78d4d-9f5a-4486-8261-c2f9604d4bce,00000000-0000-0000-0000-000000000001,c1859fdd-875a-45e4-8559-aed00458e690,invoice,ec5e2a73-8ffb-4e0a-8d5e-cb3ef7c3e72e,855f3f6a-72ae-46f4-4cc2-a9a0d5df5b70,Invoice VISTA/26-27/08/00181 · 2026-08,sent,null,2026-08-08 08:17:58.516849+00,2026-08-08 08:18:07.907+00
0ba7d59f-2294-4d6e-9caa-d26b5e26b9f1,00000000-0000-0000-0000-000000000001,53842b82-99e2-44dd-bb19-0fc33d5ed42a,invoice,e368be74-8564-42c9-97cf-bffc5396c201,6e29f80e-ffb7-4c7e-9f39-a7980c00926b,Invoice VISTA/26-27/08/00010 · 2026-08,sent,null,2026-08-08 10:08:31.925774+00,2026-08-08 10:08:36.026+00
d863975a-60c9-402c-8e7d-0f496542630a,00000000-0000-0000-0000-000000000001,6c18c7aa-80aa-48f8-902a-d80c9c95e632,outstanding,null,2794ccf7-4966-f00d-35d6-34ac17db73ea,Outstanding reminder · Sreyashi Chowdhury,sent,null,2026-08-08 12:28:06.186758+00,2026-08-08 12:28:15.829+00
117eef78-2e2a-450c-9636-fb051fa80cbb,00000000-0000-0000-0000-000000000001,16fed03d-52a1-4413-9a37-97ffa3b36dab,outstanding,null,2c1980eb-be51-916e-8f61-1e8fe83afb0c,Outstanding reminder · Rajesh Anandh,sent,null,2026-08-08 12:29:41.824799+00,2026-08-08 12:29:58.186+00
1e2ad5e3-106a-40a0-b625-7735e369d018,00000000-0000-0000-0000-000000000001,16fed03d-52a1-4413-9a37-97ffa3b36dab,outstanding,null,e0174322-3fb7-483f-91a0-61b903ae3e49,Outstanding reminder · Saket Jaiswal,sent,null,2026-08-08 12:29:41.824799+00,2026-08-08 12:29:45.926+00
2665b85b-1214-4ed7-8309-a204e2b64e05,00000000-0000-0000-0000-000000000001,16fed03d-52a1-4413-9a37-97ffa3b36dab,outstanding,null,950dd22f-78fa-d205-48b3-fe5a5cc7438e,Outstanding reminder · Kumaraswamy K,sent,null,2026-08-08 12:29:41.824799+00,2026-08-08 12:49:48.835+00
279bf164-a3b9-494e-a99b-c53e894f1cf7,00000000-0000-0000-0000-000000000001,16fed03d-52a1-4413-9a37-97ffa3b36dab,outstanding,null,23f7ef5f-6b26-a104-b616-b438d7e9243c,Outstanding reminder · Rishita Tulsyan,sent,null,2026-08-08 12:29:41.824799+00,2026-08-08 12:29:45.926+00
280e82ff-22db-428d-96b8-a49f026bbf8d,00000000-0000-0000-0000-000000000001,16fed03d-52a1-4413-9a37-97ffa3b36dab,outstanding,null,5ce46f7c-d9f9-426d-be11-5e3b6a2bedb0,Outstanding reminder · Jaishnu Biradha,sent,null,2026-08-08 12:29:41.824799+00,2026-08-08 12:29:58.186+00
2c5bc556-3bc5-429f-a5bd-4fe3c8d47b3d,00000000-0000-0000-0000-000000000001,16fed03d-52a1-4413-9a37-97ffa3b36dab,outstanding,null,38069f8b-d44e-0b86-a0d1-dafac5ae1232,Outstanding reminder · Harrsha T,sent,null,2026-08-08 12:29:41.824799+00,2026-08-08 12:29:45.926+00
2c652edc-7e59-4975-ba3d-2b278a5c8be0,00000000-0000-0000-0000-000000000001,16fed03d-52a1-4413-9a37-97ffa3b36dab,outstanding,null,1b1e4294-4ed3-42e4-b820-7c443e8ddfcf,Outstanding reminder · Muthumari Chandran,sent,null,2026-08-08 12:29:41.824799+00,2026-08-08 12:29:58.186+00
2e8ec65f-2649-4eaf-bf9f-f6f3ac5884b8,00000000-0000-0000-0000-000000000001,16fed03d-52a1-4413-9a37-97ffa3b36dab,outstanding,null,af12a12c-92bf-088b-3073-292fe4dfc478,Outstanding reminder · Vijay Babu Kumaresan,sent,null,2026-08-08 12:29:41.824799+00,2026-08-08 12:29:45.926+00
32e2fca7-62a1-4661-87a2-34a8fe3eaf91,00000000-0000-0000-0000-000000000001,16fed03d-52a1-4413-9a37-97ffa3b36dab,outstanding,null,73715344-908a-b7fa-00cc-34358ffb16f0,Outstanding reminder · Sneh Pratap,sent,null,2026-08-08 12:29:41.824799+00,2026-08-08 12:29:45.926+00
331a6221-1f3f-4757-9ac7-5252bb9ec4bf,00000000-0000-0000-0000-000000000001,16fed03d-52a1-4413-9a37-97ffa3b36dab,outstanding,null,2d700a6b-44c4-438b-841f-febe1b2c47a7,Outstanding reminder · Anupam Varma,sent,null,2026-08-08 12:29:41.824799+00,2026-08-08 12:29:45.926+00
35218ee2-96dc-4104-9f92-410db3b48d5c,00000000-0000-0000-0000-000000000001,16fed03d-52a1-4413-9a37-97ffa3b36dab,outstanding,null,be84008a-74d3-3cc1-6fd6-bcef998f7bff,Outstanding reminder · Sairam Ct,sent,null,2026-08-08 12:29:41.824799+00,2026-08-08 12:29:45.926+00
3923d53b-011c-43ac-a456-56d77475f747,00000000-0000-0000-0000-000000000001,16fed03d-52a1-4413-9a37-97ffa3b36dab,outstanding,null,d4890451-59e6-45f4-a75f-b2199aa5a3a7,Outstanding reminder · Harshil Arora,sent,null,2026-08-08 12:29:41.824799+00,2026-08-08 12:29:45.926+00
3af854bb-89c5-41fa-801d-fd70aa57d86e,00000000-0000-0000-0000-000000000001,16fed03d-52a1-4413-9a37-97ffa3b36dab,outstanding,null,8b48adf3-c14a-fa6d-9785-b4bcb35f8fbb,Outstanding reminder · Ashmita Baidya,sent,null,2026-08-08 12:29:41.824799+00,2026-08-08 12:29:58.186+00
4ea11ed1-b9e9-4d6c-b68f-9ce5fb271d1a,00000000-0000-0000-0000-000000000001,16fed03d-52a1-4413-9a37-97ffa3b36dab,outstanding,null,1b003ea3-bdcb-0416-c3c2-8ff60f2f65f5,Outstanding reminder · Venkat Karthik Mukidichetti,sent,null,2026-08-08 12:29:41.824799+00,2026-08-08 12:29:45.926+00
65679cbd-2d0f-4c08-b0d4-7428383be987,00000000-0000-0000-0000-000000000001,16fed03d-52a1-4413-9a37-97ffa3b36dab,outstanding,null,d257c87f-0e42-048c-8409-362e925d86fc,Outstanding reminder · Prateek Sharma,sent,null,2026-08-08 12:29:41.824799+00,2026-08-08 12:29:45.926+00
65c595bd-e2cd-42fe-8a87-8c1b04f3a294,00000000-0000-0000-0000-000000000001,16fed03d-52a1-4413-9a37-97ffa3b36dab,outstanding,null,b0a6f0b5-9fd8-112e-2bfa-24fa8a25779b,Outstanding reminder · Babu Abraham,sent,null,2026-08-08 12:29:41.824799+00,2026-08-08 12:29:58.186+00
68548d7c-17d4-4b8f-ac17-60c0ed97636a,00000000-0000-0000-0000-000000000001,16fed03d-52a1-4413-9a37-97ffa3b36dab,outstanding,null,8fd367e7-7404-4ef6-530b-a40219a48f1e,Outstanding reminder · Sruthi Pitchika,sent,null,2026-08-08 12:29:41.824799+00,2026-08-08 12:29:58.186+00
784835ca-0f16-45d2-ba80-cba5ed041415,00000000-0000-0000-0000-000000000001,16fed03d-52a1-4413-9a37-97ffa3b36dab,outstanding,null,11e96dd2-92f4-f793-56db-439d5b3de156,Outstanding reminder · Joel Shajan,sent,null,2026-08-08 12:29:41.824799+00,2026-08-08 12:29:45.926+00
7df81bc5-6570-4311-a881-9a80c59a52b6,00000000-0000-0000-0000-000000000001,16fed03d-52a1-4413-9a37-97ffa3b36dab,outstanding,null,d225973a-f437-d98e-4e24-0fb32a7bfbe8,Outstanding reminder · Sai Priya Thamodaran,sent,null,2026-08-08 12:29:41.824799+00,2026-08-08 12:29:45.926+00
84e57c77-1694-434b-a556-7a56c177742d,00000000-0000-0000-0000-000000000001,16fed03d-52a1-4413-9a37-97ffa3b36dab,outstanding,null,855f3f6a-72ae-46f4-4cc2-a9a0d5df5b70,Outstanding reminder · Umasai Kumar Torikonda,sent,null,2026-08-08 12:29:41.824799+00,2026-08-08 12:29:58.186+00
8a68f703-7823-489f-940c-79e818b6a25a,00000000-0000-0000-0000-000000000001,16fed03d-52a1-4413-9a37-97ffa3b36dab,outstanding,null,d497808b-36e2-ea42-d247-85b4e409078c,Outstanding reminder · Sourabh Dandare,sent,null,2026-08-08 12:29:41.824799+00,2026-08-08 12:29:45.926+00
9c6e9d15-9784-499b-b082-cfb507d720e9,00000000-0000-0000-0000-000000000001,16fed03d-52a1-4413-9a37-97ffa3b36dab,outstanding,null,d6d33436-345a-e39c-9f8d-91c76dca514e,Outstanding reminder · Parv Aggarwal,sent,null,2026-08-08 12:29:41.824799+00,2026-08-08 12:29:58.186+00
ab8367cc-b17a-4135-b940-01893a27fb31,00000000-0000-0000-0000-000000000001,16fed03d-52a1-4413-9a37-97ffa3b36dab,outstanding,null,6d60a9d5-34ce-4336-9c23-231057dffa71,Outstanding reminder · Thota Sharanya,sent,null,2026-08-08 12:29:41.824799+00,2026-08-08 12:29:45.926+00
adc3ab6b-f142-4d5e-894a-3ecd4020cbcc,00000000-0000-0000-0000-000000000001,16fed03d-52a1-4413-9a37-97ffa3b36dab,outstanding,null,5b45a840-9d6c-242e-0e2f-2e2c972c2eec,Outstanding reminder · Tanusha C Karlekar,sent,null,2026-08-08 12:29:41.824799+00,2026-08-08 12:30:10.764+00
b82782bb-2e0c-4525-aa94-6bf30feee308,00000000-0000-0000-0000-000000000001,16fed03d-52a1-4413-9a37-97ffa3b36dab,outstanding,null,d5ef5788-b130-4329-b2e7-5e0112badb3b,Outstanding reminder · Khushi Bihani,sent,null,2026-08-08 12:29:41.824799+00,2026-08-08 12:29:58.186+00
bb8fe590-cd31-45ce-bd8b-61141300dd79,00000000-0000-0000-0000-000000000001,16fed03d-52a1-4413-9a37-97ffa3b36dab,outstanding,null,12062e7c-25cc-4c45-8869-abf33c8a981c,Outstanding reminder · Divyaratna Joshi,sent,null,2026-08-08 12:29:41.824799+00,2026-08-08 12:29:45.926+00
c42eb164-32a5-43f3-8d1a-ca5e9fd1b0c1,00000000-0000-0000-0000-000000000001,16fed03d-52a1-4413-9a37-97ffa3b36dab,outstanding,null,0366c854-a2dd-42cd-b83a-7a0affb3fa85,Outstanding reminder · Ammu Mariam Thomas,sent,null,2026-08-08 12:29:41.824799+00,2026-08-08 12:29:58.186+00
c8bd9402-1b90-40aa-8aca-6e1ea0a78eee,00000000-0000-0000-0000-000000000001,16fed03d-52a1-4413-9a37-97ffa3b36dab,outstanding,null,aa88d180-8c53-dbe4-70de-ecf38130d3ce,Outstanding reminder · Shreya Agrawal,sent,null,2026-08-08 12:29:41.824799+00,2026-08-08 12:29:58.186+00
cad7e9c9-3a5a-4f1c-bf6f-565a788c475e,00000000-0000-0000-0000-000000000001,16fed03d-52a1-4413-9a37-97ffa3b36dab,outstanding,null,c09e703c-d287-38c8-d1c1-239145e17df9,Outstanding reminder · Naveen Joseph,sent,null,2026-08-08 12:29:41.824799+00,2026-08-08 12:51:48.435+00
cc67836f-2578-4575-8b42-355bd084cdba,00000000-0000-0000-0000-000000000001,16fed03d-52a1-4413-9a37-97ffa3b36dab,outstanding,null,c511ac63-cb7e-1453-92d5-ea4ffba1c360,Outstanding reminder · Ganesh Selvam,sent,null,2026-08-08 12:29:41.824799+00,2026-08-08 12:29:45.926+00
cfeebdb0-0368-4b85-aa00-7a5567cfb15c,00000000-0000-0000-0000-000000000001,16fed03d-52a1-4413-9a37-97ffa3b36dab,outstanding,null,630c8120-bdbc-832c-24ca-aca9e6b49891,Outstanding reminder · Atharva Vaishampayan,sent,null,2026-08-08 12:29:41.824799+00,2026-08-08 12:29:45.926+00
d0faab6d-a236-43df-9270-f84433b14194,00000000-0000-0000-0000-000000000001,16fed03d-52a1-4413-9a37-97ffa3b36dab,outstanding,null,9fd15f79-3f68-411c-a282-24af6ade0fdb,Outstanding reminder · Shreya Singh,sent,null,2026-08-08 12:29:41.824799+00,2026-08-08 12:29:58.186+00
d165a953-ab97-4f59-aedc-7a635f8fb510,00000000-0000-0000-0000-000000000001,16fed03d-52a1-4413-9a37-97ffa3b36dab,outstanding,null,d77b5c1e-605d-6795-5eee-1e2f9b83e069,Outstanding reminder · Pranav Purkar,sent,null,2026-08-08 12:29:41.824799+00,2026-08-08 12:29:45.926+00
d71412aa-8ea1-455c-9c8a-51f8e21692af,00000000-0000-0000-0000-000000000001,16fed03d-52a1-4413-9a37-97ffa3b36dab,outstanding,null,2794ccf7-4966-f00d-35d6-34ac17db73ea,Outstanding reminder · Sreyashi Chowdhury,sent,null,2026-08-08 12:29:41.824799+00,2026-08-08 12:29:58.186+00
df7a452c-6b67-4f74-857e-305860729515,00000000-0000-0000-0000-000000000001,16fed03d-52a1-4413-9a37-97ffa3b36dab,outstanding,null,55e6e452-fae2-a5ac-3c12-21424bffbcac,Outstanding reminder · Likhitha Naga Vigneswari Satuluri,sent,null,2026-08-08 12:29:41.824799+00,2026-08-08 12:30:10.764+00
df92b9a2-2ce6-4166-af44-928510e3e946,00000000-0000-0000-0000-000000000001,16fed03d-52a1-4413-9a37-97ffa3b36dab,outstanding,null,f91c2854-a88b-4630-b2a6-c48401e4dd14,Outstanding reminder · Thilak S,sent,null,2026-08-08 12:29:41.824799+00,2026-08-08 12:29:45.926+00
e0d35ff3-8185-42ab-9393-49cbb54ee6f6,00000000-0000-0000-0000-000000000001,16fed03d-52a1-4413-9a37-97ffa3b36dab,outstanding,null,79e31f6f-69dc-a40c-27d7-3f076878f83c,Outstanding reminder · Kaarthika,sent,null,2026-08-08 12:29:41.824799+00,2026-08-08 12:29:58.186+00
e0e3ce51-c5a4-45df-a19b-6dd4e71309e6,00000000-0000-0000-0000-000000000001,16fed03d-52a1-4413-9a37-97ffa3b36dab,outstanding,null,8971261e-a813-477f-94c0-0a9661dc4c34,Outstanding reminder · Aiswaryaa Krishnasamy Thandapani,sent,null,2026-08-08 12:29:41.824799+00,2026-08-08 12:53:02.832+00
e2f51307-0cd2-4e73-a5e2-fc3f71a15bd7,00000000-0000-0000-0000-000000000001,16fed03d-52a1-4413-9a37-97ffa3b36dab,outstanding,null,6e29f80e-ffb7-4c7e-9f39-a7980c00926b,Outstanding reminder · Uttkarsh Uttkarsh,sent,null,2026-08-08 12:29:41.824799+00,2026-08-08 12:43:32.619+00
e58e8bf7-a78d-47e3-9459-9de4fd942464,00000000-0000-0000-0000-000000000001,16fed03d-52a1-4413-9a37-97ffa3b36dab,outstanding,null,71a9340d-9832-4609-a110-d9b5aaffc020,Outstanding reminder · Tarunya Venkat,sent,null,2026-08-08 12:29:41.824799+00,2026-08-08 12:29:58.186+00
e5d1602f-d956-440e-9414-abd83d49fd78,00000000-0000-0000-0000-000000000001,16fed03d-52a1-4413-9a37-97ffa3b36dab,outstanding,null,080eae03-9f65-4515-aec2-8924472923dd,Outstanding reminder · Maria Navin Mazhuvancherry,sent,null,2026-08-08 12:29:41.824799+00,2026-08-08 12:29:58.186+00
f1096dc0-d4a1-423b-b8cb-316209b5dbc2,00000000-0000-0000-0000-000000000001,16fed03d-52a1-4413-9a37-97ffa3b36dab,outstanding,null,ba8dd5e0-ed0e-8b6a-7098-2732476feb31,Outstanding reminder · Suvetha V,sent,null,2026-08-08 12:29:41.824799+00,2026-08-08 12:29:58.186+00
f69dd1bb-a3ce-4c94-9509-79dda289e32d,00000000-0000-0000-0000-000000000001,16fed03d-52a1-4413-9a37-97ffa3b36dab,outstanding,null,9653a402-ff75-bbdf-8cc6-1cb0ca01f233,Outstanding reminder · Prem Chippada,sent,null,2026-08-08 12:29:41.824799+00,2026-08-08 12:29:58.186+00
f6a65cc4-da7c-49a5-9623-baf0e68d617d,00000000-0000-0000-0000-000000000001,16fed03d-52a1-4413-9a37-97ffa3b36dab,outstanding,null,4c4ad4c9-59bf-f152-d0ff-6502ec564cc9,Outstanding reminder · Dhivya Parthasarathy,sent,null,2026-08-08 12:29:41.824799+00,2026-08-08 12:29:45.926+00
f818226f-2a25-401b-b935-4296a28b345f,00000000-0000-0000-0000-000000000001,16fed03d-52a1-4413-9a37-97ffa3b36dab,outstanding,null,61031b0a-ef18-26aa-64b7-d412d7b3d276,Outstanding reminder · Harikrishnan P,sent,null,2026-08-08 12:29:41.824799+00,2026-08-08 12:29:45.926+00
f8cb7833-b181-47c5-b7f1-938765a30370,00000000-0000-0000-0000-000000000001,16fed03d-52a1-4413-9a37-97ffa3b36dab,outstanding,null,c675e97a-0958-0695-90b3-49311eec8fd7,Outstanding reminder · Suhani Mehrotra,sent,null,2026-08-08 12:29:41.824799+00,2026-08-08 12:44:43.169+00
fc6fc66f-d14a-46fd-88d3-46c7b0d610bd,00000000-0000-0000-0000-000000000001,16fed03d-52a1-4413-9a37-97ffa3b36dab,outstanding,null,06061874-ce68-4008-82f6-50ace2ba4bf4,Outstanding reminder · Ishan Dubey,sent,null,2026-08-08 12:29:41.824799+00,2026-08-08 12:36:29.357+00
fced3a85-62df-42c5-ad1c-5a6155c311ea,00000000-0000-0000-0000-000000000001,16fed03d-52a1-4413-9a37-97ffa3b36dab,outstanding,null,8e39a9bd-3317-b2a6-22a6-16fa4cab9632,Outstanding reminder · Sanath Baburam,sent,null,2026-08-08 12:29:41.824799+00,2026-08-08 12:52:27.426+00
ff6eb292-95a9-495d-9a53-ffcafc2e3596,00000000-0000-0000-0000-000000000001,16fed03d-52a1-4413-9a37-97ffa3b36dab,outstanding,null,d926094a-e5b5-4bc7-af79-7f822211d3f3,Outstanding reminder · Devashish Dewangan,sent,null,2026-08-08 12:29:41.824799+00,2026-08-08 12:29:58.186+00
ffde2d36-e006-4b2a-a518-32c76059febb,00000000-0000-0000-0000-000000000001,16fed03d-52a1-4413-9a37-97ffa3b36dab,outstanding,null,87a1e515-e2e0-110f-05d1-04f5a83c066a,Outstanding reminder · Nikhil Gupta,sent,null,2026-08-08 12:29:41.824799+00,2026-08-08 12:29:58.186+00
66198d68-e54d-4d0e-833a-485f52695567,00000000-0000-0000-0000-000000000001,27c7e3d8-fd0c-441f-8a1a-aa8fe8a428a3,receipt,cdd5a263-9d61-492b-99c1-1ccc1ac8ad82,2c1980eb-be51-916e-8f61-1e8fe83afb0c,"Receipt VISTA/26-27/08/00049 · ₹21,930",sent,null,2026-08-10 07:14:52.509485+00,2026-08-10 07:14:56.486+00
6715fdff-9fbc-4cc8-9576-fd40c24087a2,00000000-0000-0000-0000-000000000001,7783e8bc-51aa-47c3-855d-99be9c90c1b0,receipt,e2e6c1be-7d52-4672-a3a7-61dc5ca323b2,c675e97a-0958-0695-90b3-49311eec8fd7,"Receipt VISTA/26-27/08/00050 · ₹15,492",sent,null,2026-08-10 07:19:16.604153+00,2026-08-10 07:19:21.179+00
4d309b9f-8f20-43c1-b600-b4b067e4ef18,00000000-0000-0000-0000-000000000001,55e52020-2490-4cbc-950f-5e7bd565f388,receipt,0c72ab06-508e-457e-9857-440215644ae9,af12a12c-92bf-088b-3073-292fe4dfc478,"Receipt VISTA/26-27/08/00051 · ₹22,045",sent,null,2026-08-10 07:23:46.350243+00,2026-08-10 07:23:50.561+00
2cd86edd-e83f-437f-9c32-80d5fcedc42c,00000000-0000-0000-0000-000000000001,f2cc08da-02d2-4fa5-a1d5-3e453855fb96,receipt,129d43e9-cac1-4aaa-8167-80232de0c840,5b45a840-9d6c-242e-0e2f-2e2c972c2eec,"Receipt VISTA/26-27/08/00052 · ₹27,542",sent,null,2026-08-10 07:37:24.898261+00,2026-08-10 07:37:29.17+00
152e678d-5cdf-4a92-a4cc-ffd3a4d37438,00000000-0000-0000-0000-000000000001,aaeaba92-5f54-43e7-8fb5-6cfc423935d9,receipt,353223d0-b962-4666-8db3-9a71a0231c76,06061874-ce68-4008-82f6-50ace2ba4bf4,"Receipt VISTA/26-27/08/00053 · ₹19,034",sent,null,2026-08-10 07:38:21.845488+00,2026-08-10 07:38:25.494+00
39499e75-874e-4426-be7a-00d95dcc675c,00000000-0000-0000-0000-000000000001,343d8a19-8054-4a1b-9e48-872169437e50,receipt,b4228752-9706-4b41-98f2-9701ca0da150,8fd367e7-7404-4ef6-530b-a40219a48f1e,"Receipt VISTA/26-27/08/00054 · ₹5,866",sent,null,2026-08-10 07:43:21.134449+00,2026-08-10 07:43:24.664+00
b0b21161-92fe-47e7-a366-51058c0393d7,00000000-0000-0000-0000-000000000001,732beaea-affa-4d51-a634-db60999b23d5,receipt,ca30d6e0-a986-432b-a64c-6205fa3df7db,aa88d180-8c53-dbe4-70de-ecf38130d3ce,"Receipt VISTA/26-27/08/00055 · ₹16,298",sent,null,2026-08-10 07:44:37.296276+00,2026-08-10 07:44:41.393+00
3c71feba-74c9-4e91-a86e-731fe09b7835,00000000-0000-0000-0000-000000000001,e50b77ac-5acc-4157-9d2e-e8ca6e1a9fc5,receipt,53f2d840-8023-4b19-880b-be12314c85ad,0366c854-a2dd-42cd-b83a-7a0affb3fa85,"Receipt VISTA/26-27/08/00056 · ₹15,914",sent,null,2026-08-10 07:50:12.931362+00,2026-08-10 07:50:16.305+00
1ddcce4e-60e4-4f1b-a05b-3c25650b1d8c,00000000-0000-0000-0000-000000000001,64b6854f-7fa8-468c-86cb-bee2d9534946,receipt,d13ee42d-866d-4069-97ad-3c4149e4bb5b,d6d33436-345a-e39c-9f8d-91c76dca514e,"Receipt VISTA/26-27/08/00057 · ₹15,577",sent,null,2026-08-10 07:52:42.988893+00,2026-08-10 07:52:46.742+00
ff249078-237b-4bfa-a72f-4a8a582f4794,00000000-0000-0000-0000-000000000001,bfff45a8-b682-4151-a072-d40f53d0b394,receipt,eb9e627c-3ca6-4eae-aeee-d20f98154b16,55e6e452-fae2-a5ac-3c12-21424bffbcac,"Receipt VISTA/26-27/08/00058 · ₹17,386",sent,null,2026-08-10 07:54:52.300519+00,2026-08-10 07:54:56.763+00
9d43873a-aa48-4120-8d08-3b7b80de369b,00000000-0000-0000-0000-000000000001,e53ebde6-cea3-41ce-a5a7-3e4bfa857785,receipt,df69620c-9c8b-4418-a821-fb07740bd82b,2c1980eb-be51-916e-8f61-1e8fe83afb0c,"Receipt VISTA/26-27/08/00059 · ₹21,453",sent,null,2026-08-11 08:53:02.58726+00,2026-08-11 08:53:09.473+00
04c3fd17-ced6-4563-aa74-bda5a781b28a,00000000-0000-0000-0000-000000000001,1e6b77e2-8a44-496d-b1ac-0f27a54cfb60,outstanding,null,4c4ad4c9-59bf-f152-d0ff-6502ec564cc9,Outstanding reminder · Dhivya Parthasarathy,sent,null,2026-08-13 07:24:56.703636+00,2026-08-13 07:25:06.294+00
09381d3f-56d6-4360-9b64-93d7f53cca2a,00000000-0000-0000-0000-000000000001,1e6b77e2-8a44-496d-b1ac-0f27a54cfb60,outstanding,null,f91c2854-a88b-4630-b2a6-c48401e4dd14,Outstanding reminder · Thilak S,sent,null,2026-08-13 07:24:56.703636+00,2026-08-13 07:25:06.293+00
0fa075ed-5f21-4526-a15c-6603f8da47c6,00000000-0000-0000-0000-000000000001,1e6b77e2-8a44-496d-b1ac-0f27a54cfb60,outstanding,null,d926094a-e5b5-4bc7-af79-7f822211d3f3,Outstanding reminder · Devashish Dewangan,sent,null,2026-08-13 07:24:56.703636+00,2026-08-13 07:25:06.294+00
15dddb48-81d3-4122-a8d2-73a025b395ce,00000000-0000-0000-0000-000000000001,1e6b77e2-8a44-496d-b1ac-0f27a54cfb60,outstanding,null,55e6e452-fae2-a5ac-3c12-21424bffbcac,Outstanding reminder · Likhitha Naga Vigneswari Satuluri,sent,null,2026-08-13 07:24:56.703636+00,2026-08-13 07:25:06.294+00
21b50d37-717b-48b3-b5a9-1c201970184a,00000000-0000-0000-0000-000000000001,1e6b77e2-8a44-496d-b1ac-0f27a54cfb60,outstanding,null,79e31f6f-69dc-a40c-27d7-3f076878f83c,Outstanding reminder · Kaarthika,sent,null,2026-08-13 07:24:56.703636+00,2026-08-13 07:25:06.294+00
2bff93c4-3883-4927-923b-88eecbb267ad,00000000-0000-0000-0000-000000000001,1e6b77e2-8a44-496d-b1ac-0f27a54cfb60,outstanding,null,d257c87f-0e42-048c-8409-362e925d86fc,Outstanding reminder · Prateek Sharma,sent,null,2026-08-13 07:24:56.703636+00,2026-08-13 07:25:06.293+00
43cf4671-2838-41b2-aa9d-f931aa9b461b,00000000-0000-0000-0000-000000000001,1e6b77e2-8a44-496d-b1ac-0f27a54cfb60,outstanding,null,61031b0a-ef18-26aa-64b7-d412d7b3d276,Outstanding reminder · Harikrishnan P,sent,null,2026-08-13 07:24:56.703636+00,2026-08-13 07:25:06.294+00
48998eba-f7ee-4b94-a8bf-be4896f12e81,00000000-0000-0000-0000-000000000001,1e6b77e2-8a44-496d-b1ac-0f27a54cfb60,outstanding,null,d225973a-f437-d98e-4e24-0fb32a7bfbe8,Outstanding reminder · Sai Priya Thamodaran,sent,null,2026-08-13 07:24:56.703636+00,2026-08-13 07:25:06.293+00
4e789096-627f-43a3-86ec-5d67cc457c40,00000000-0000-0000-0000-000000000001,1e6b77e2-8a44-496d-b1ac-0f27a54cfb60,outstanding,null,5ce46f7c-d9f9-426d-be11-5e3b6a2bedb0,Outstanding reminder · Jaishnu Biradha,sent,null,2026-08-13 07:24:56.703636+00,2026-08-13 07:25:06.294+00
53312b96-705b-48f2-9beb-34f0c0fba03c,00000000-0000-0000-0000-000000000001,1e6b77e2-8a44-496d-b1ac-0f27a54cfb60,outstanding,null,8e39a9bd-3317-b2a6-22a6-16fa4cab9632,Outstanding reminder · Sanath Baburam,sent,null,2026-08-13 07:24:56.703636+00,2026-08-13 07:25:06.294+00
6fe7798e-b7fe-4261-a532-f234f02cd226,00000000-0000-0000-0000-000000000001,1e6b77e2-8a44-496d-b1ac-0f27a54cfb60,outstanding,null,87a1e515-e2e0-110f-05d1-04f5a83c066a,Outstanding reminder · Nikhil Gupta,sent,null,2026-08-13 07:24:56.703636+00,2026-08-13 07:25:06.294+00
79276b1f-83af-4f20-a9b6-7813da7b268b,00000000-0000-0000-0000-000000000001,1e6b77e2-8a44-496d-b1ac-0f27a54cfb60,outstanding,null,d5ef5788-b130-4329-b2e7-5e0112badb3b,Outstanding reminder · Khushi Bihani,sent,null,2026-08-13 07:24:56.703636+00,2026-08-13 07:25:06.294+00
9498723f-71fc-4130-b838-1f1a460fe3b0,00000000-0000-0000-0000-000000000001,1e6b77e2-8a44-496d-b1ac-0f27a54cfb60,outstanding,null,73715344-908a-b7fa-00cc-34358ffb16f0,Outstanding reminder · Sneh Pratap,sent,null,2026-08-13 07:24:56.703636+00,2026-08-13 07:25:06.293+00
a0084a45-507c-498d-a702-0fb73b01066f,00000000-0000-0000-0000-000000000001,1e6b77e2-8a44-496d-b1ac-0f27a54cfb60,outstanding,null,71a9340d-9832-4609-a110-d9b5aaffc020,Outstanding reminder · Tarunya Venkat,sent,null,2026-08-13 07:24:56.703636+00,2026-08-13 07:25:06.294+00
a5491d40-df28-4bb2-a24d-245cb228da01,00000000-0000-0000-0000-000000000001,1e6b77e2-8a44-496d-b1ac-0f27a54cfb60,outstanding,null,ba8dd5e0-ed0e-8b6a-7098-2732476feb31,Outstanding reminder · Suvetha V,sent,null,2026-08-13 07:24:56.703636+00,2026-08-13 07:25:06.294+00
b74afea3-4293-41ea-8c73-a29888f8c9ab,00000000-0000-0000-0000-000000000001,1e6b77e2-8a44-496d-b1ac-0f27a54cfb60,outstanding,null,2794ccf7-4966-f00d-35d6-34ac17db73ea,Outstanding reminder · Sreyashi Chowdhury,sent,null,2026-08-13 07:24:56.703636+00,2026-08-13 07:25:06.294+00
b9391b49-a58f-4e3d-944a-83c304222caf,00000000-0000-0000-0000-000000000001,1e6b77e2-8a44-496d-b1ac-0f27a54cfb60,outstanding,null,9fd15f79-3f68-411c-a282-24af6ade0fdb,Outstanding reminder · Shreya Singh,sent,null,2026-08-13 07:24:56.703636+00,2026-08-13 07:25:06.294+00
cbdf2a33-ad95-4055-8b9d-4a3271a56ad8,00000000-0000-0000-0000-000000000001,1e6b77e2-8a44-496d-b1ac-0f27a54cfb60,outstanding,null,23f7ef5f-6b26-a104-b616-b438d7e9243c,Outstanding reminder · Rishita Tulsyan,sent,null,2026-08-13 07:24:56.703636+00,2026-08-13 07:25:06.293+00
d2477700-ccae-43d0-b7b7-8c557d770a07,00000000-0000-0000-0000-000000000001,1e6b77e2-8a44-496d-b1ac-0f27a54cfb60,outstanding,null,c511ac63-cb7e-1453-92d5-ea4ffba1c360,Outstanding reminder · Ganesh Selvam,sent,null,2026-08-13 07:24:56.703636+00,2026-08-13 07:25:06.294+00
d3eb112a-5b2e-4c15-837d-5b95469b3ba3,00000000-0000-0000-0000-000000000001,1e6b77e2-8a44-496d-b1ac-0f27a54cfb60,outstanding,null,080eae03-9f65-4515-aec2-8924472923dd,Outstanding reminder · Maria Navin Mazhuvancherry,sent,null,2026-08-13 07:24:56.703636+00,2026-08-13 07:25:06.294+00
e1d095ff-777a-4ae7-9d3e-d9cac6325ff9,00000000-0000-0000-0000-000000000001,1e6b77e2-8a44-496d-b1ac-0f27a54cfb60,outstanding,null,1b1e4294-4ed3-42e4-b820-7c443e8ddfcf,Outstanding reminder · Muthumari Chandran,sent,null,2026-08-13 07:24:56.703636+00,2026-08-13 07:25:06.294+00
e3b7c655-8e55-4bba-bc98-40de8b0197be,00000000-0000-0000-0000-000000000001,1e6b77e2-8a44-496d-b1ac-0f27a54cfb60,outstanding,null,630c8120-bdbc-832c-24ca-aca9e6b49891,Outstanding reminder · Atharva Vaishampayan,sent,null,2026-08-13 07:24:56.703636+00,2026-08-13 07:25:06.294+00
e824a771-e772-4270-90dc-e90881e4b7fb,00000000-0000-0000-0000-000000000001,1e6b77e2-8a44-496d-b1ac-0f27a54cfb60,outstanding,null,8971261e-a813-477f-94c0-0a9661dc4c34,Outstanding reminder · Aiswaryaa Krishnasamy Thandapani,sent,null,2026-08-13 07:24:56.703636+00,2026-08-13 07:25:06.294+00
931fd55a-40a1-44c0-8cf3-83ddc92b5047,00000000-0000-0000-0000-000000000001,be04c5b0-6c30-47fe-b06f-8fd97c1bf6eb,receipt,5b0eac42-601c-4fb4-8243-e36d30063c77,df5ea39c-c069-5211-271d-f0d3831adefa,"Receipt VISTA/26-27/08/00072 · ₹14,500",sent,null,2026-08-17 05:47:25.97564+00,2026-08-17 05:47:30.26+00