id,organization_id,team_member_id,date,status,check_in,check_out,created_at,convex_record_id,attendance_id,overtime_hours
2b93101b-a00e-43a9-ac4d-4424ae57b4b3,00000000-0000-0000-0000-000000000001,9c20c187-fe47-4647-a49b-6825e23b7920,2026-03-11,present,16:33:05,16:33:11,2026-04-22 08:45:50.763395+00,null,14c63358-ef54-4ea0-90cd-dece3f84b78f,null
8ca2b334-f52c-499c-9ab5-22f251cb5ed4,00000000-0000-0000-0000-000000000001,b21e8a0e-5076-9666-21ba-fb6b06140f1b,2026-03-11,late,16:33:05,16:33:11,2026-06-29 05:42:16.803725+00,j57dx5qpfnmvj6ptar7q9p212d82pq3n,5b40015a-7401-4b95-900c-bd42084feab5,null
c98e2086-e674-4015-837a-e66fd755beb6,00000000-0000-0000-0000-000000000001,1da9e75d-51ab-4a53-9fc5-222ba2c12524,2026-03-11,present,19:10:00,null,2026-04-22 08:45:50.763395+00,null,06d4564b-d748-439f-bf7e-25acbca83e08,null
cd574f57-6a94-4f87-bc73-3e918f7e2485,00000000-0000-0000-0000-000000000001,15b5f48a-0cb9-c73e-1c13-37fd5d8cb10b,2026-03-11,late,19:10:00,null,2026-06-29 05:42:17.590675+00,j5769j1f0x2y4hyj9hn15sz23x82qb24,bbbe5be2-b126-494b-b495-bb5fa7d54f87,null
08a047d2-f7be-40ff-a926-cc4f5083e9ae,00000000-0000-0000-0000-000000000001,15b5f48a-0cb9-c73e-1c13-37fd5d8cb10b,2026-03-12,late,10:28:00,null,2026-06-29 05:42:14.93672+00,j57428we8wyjpgph6p4ncggnz582rwsy,1e6c217a-971c-4f02-8076-125018bd53cb,null
2234881e-1eab-45e7-b491-30f486bec7d4,00000000-0000-0000-0000-000000000001,b21e8a0e-5076-9666-21ba-fb6b06140f1b,2026-03-12,late,10:29:00,null,2026-06-29 05:42:15.759521+00,j576ae15a5krjn0p5wwvrarqzh82raj2,ad29c203-8554-43ca-a7d6-eb09646586bf,null
4884be6c-34c6-4b98-8383-9696899e1202,00000000-0000-0000-0000-000000000001,8a65fb30-74f7-424e-8a29-62f0934ea6c0,2026-03-12,present,11:57:00,null,2026-04-22 08:45:50.763395+00,null,1001b792-805e-48f8-b422-8c24ad037b48,null
95957ede-0335-4eec-b2c2-669ce8d01624,00000000-0000-0000-0000-000000000001,1da9e75d-51ab-4a53-9fc5-222ba2c12524,2026-03-12,present,10:28:00,null,2026-04-22 08:45:50.763395+00,null,29212f04-b4a6-4c13-bb84-6f2b87d29c18,null
a9b34ab1-3d91-4f33-8f33-6b67c6396ec3,00000000-0000-0000-0000-000000000001,9c20c187-fe47-4647-a49b-6825e23b7920,2026-03-12,present,10:29:00,null,2026-04-22 08:45:50.763395+00,null,040425f8-f80e-4327-8c34-86148d5b9727,null
543107cc-1e2c-480c-8117-2f8475629587,00000000-0000-0000-0000-000000000001,0d761fba-8e14-c940-592a-c7e45b4a1f09,2026-03-14,present,11:01:00,null,2026-04-22 08:45:50.763395+00,null,e701d512-5d40-46bd-a5e7-a47b7b1bea41,null
6b65c7cb-40ef-46e6-9289-1cc9432b9faf,00000000-0000-0000-0000-000000000001,c8176ba9-6167-46cd-8917-cee55f7fbace,2026-03-14,late,11:01:00,null,2026-06-29 05:42:14.184736+00,j574bwsq1tbhgrcfgqxdahgr9h82wxzy,f1dcf8c2-5870-4dee-8baf-391ed4d1a686,null
d8787081-dfb5-444a-92a5-a24552320e78,00000000-0000-0000-0000-000000000001,4a7430c0-9ad4-4148-9590-8ccd9020e71d,2026-03-14,present,11:00:00,null,2026-04-22 08:45:50.763395+00,null,994cc23f-d08c-4260-8b46-b08502e867b4,null
eff25a38-db98-4a70-929c-4e4bcf51410f,00000000-0000-0000-0000-000000000001,8a65fb30-74f7-424e-8a29-62f0934ea6c0,2026-03-14,present,10:53:00,11:02:00,2026-04-22 08:45:50.763395+00,null,1357a472-c340-4cde-8eb2-b4cb09c4a3d1,null
0b8eae8d-ddd8-4d5e-986a-391170551595,00000000-0000-0000-0000-000000000001,b21e8a0e-5076-9666-21ba-fb6b06140f1b,2026-03-16,late,16:37:00,null,2026-06-29 05:42:12.863985+00,j57a2xesbjjpgj5h9h9q6dpzpd8312pw,d6cbc4f7-1f01-46aa-8c83-2dbe8a28145f,null
3d6a9a15-92e0-4200-89d7-e349d7e0871e,00000000-0000-0000-0000-000000000001,9c20c187-fe47-4647-a49b-6825e23b7920,2026-03-16,present,16:37:00,null,2026-04-22 08:45:50.763395+00,null,1e757a6a-e75a-4886-8174-bc6c74dba7da,null
6495b32d-d2c3-4203-abd5-f9568a427989,00000000-0000-0000-0000-000000000001,1da9e75d-51ab-4a53-9fc5-222ba2c12524,2026-03-17,present,09:57:00,12:58:00,2026-04-22 08:45:50.763395+00,null,9a1a5a40-6afd-4e0e-a25f-90d0a139f2c0,null
93086342-d389-4320-b2af-dc6692fddca5,00000000-0000-0000-0000-000000000001,9c20c187-fe47-4647-a49b-6825e23b7920,2026-03-17,present,11:55:00,null,2026-04-22 08:45:50.763395+00,null,ef0edd44-0d6a-4b35-8954-9cc2efc3aa79,null
b7838c7c-f125-4ec6-8dd7-0f144300d719,00000000-0000-0000-0000-000000000001,15b5f48a-0cb9-c73e-1c13-37fd5d8cb10b,2026-03-17,late,09:57:00,12:58:00,2026-06-29 05:42:11.310588+00,j5740aneddgs1bkwn1exv2qd3h832wsh,01eb5e72-a02c-4d67-abeb-fecd499ec0f7,null
df9855a0-d3aa-45db-80f8-af397869964b,00000000-0000-0000-0000-000000000001,b21e8a0e-5076-9666-21ba-fb6b06140f1b,2026-03-17,late,11:55:00,null,2026-06-29 05:42:12.103655+00,j5791fn3w2v8sr04ykjrh1rhqh83231v,42a2cc08-fdef-4fc5-9e96-711d052edeaa,null
27e6114e-ed04-4439-a240-2f01b9b6568e,00000000-0000-0000-0000-000000000001,1da9e75d-51ab-4a53-9fc5-222ba2c12524,2026-04-01,late,15:58:00,17:31:00,2026-06-29 05:42:09.771422+00,j572kj945kfq1m98wkryc6vcmd841qpw,285d3971-8cf1-47cd-92f2-089609ef9d7b,null
796ef4f0-a905-430f-9d7f-ff2ec7362f92,00000000-0000-0000-0000-000000000001,15b5f48a-0cb9-c73e-1c13-37fd5d8cb10b,2026-04-01,present,15:58:00,17:31:00,2026-04-22 08:45:50.763395+00,null,304a4cb7-238d-4d98-a46b-3fb201d50275,null
82acd620-1966-4c91-a1fc-3754e3ecc76c,00000000-0000-0000-0000-000000000001,39523891-bab0-6a9f-129b-2f5b51ea3e37,2026-04-01,present,16:17:00,17:34:00,2026-04-22 08:45:50.763395+00,null,453b0b60-bf25-4a67-8335-ef61c342d043,null
a6ca613b-6bf6-4c18-9550-994701014d58,00000000-0000-0000-0000-000000000001,9c20c187-fe47-4647-a49b-6825e23b7920,2026-04-01,late,16:17:00,17:34:00,2026-06-29 05:42:10.554813+00,j575wrwvbbhrqky5pvtkzem61h840qam,06d91745-7797-4e90-ade0-25f8ab0e581a,null
1375c627-346b-4e7a-916f-1026bca0caaa,00000000-0000-0000-0000-000000000001,15b5f48a-0cb9-c73e-1c13-37fd5d8cb10b,2026-04-02,present,09:23:00,17:41:00,2026-04-22 08:45:50.763395+00,null,94e2cc37-2ac4-4a3b-8ad8-a4ede14db16e,null
4e3549a7-a4f8-47de-ae1b-ed9082241e68,00000000-0000-0000-0000-000000000001,1da9e75d-51ab-4a53-9fc5-222ba2c12524,2026-04-02,present,09:23:00,17:41:00,2026-06-29 05:42:07.960425+00,j5767kh5vc9h3pr0xeemmqkkvh8427va,f8f9e41c-f9c8-482e-abaf-0820b083ac82,null
7d576dac-8d23-4926-8688-6fa7bddcdf5e,00000000-0000-0000-0000-000000000001,9c20c187-fe47-4647-a49b-6825e23b7920,2026-04-02,present,09:42:00,17:28:00,2026-06-29 05:42:09.004547+00,j57ayd967717zmmg58yx39bna9843yqt,ff2c066a-5af1-4c1a-a201-624b86e0ba34,null
a0976ff3-3b68-4119-8b0a-bc315eada4e0,00000000-0000-0000-0000-000000000001,39523891-bab0-6a9f-129b-2f5b51ea3e37,2026-04-02,present,09:42:00,17:28:00,2026-04-22 08:45:50.763395+00,null,e8ef341b-1e9c-4b3a-b5ff-efa0d9eb6a2f,null
e9eb14ad-0514-400d-a7fa-c08353f08cea,00000000-0000-0000-0000-000000000001,274203e6-35e8-4868-8bd2-9908f516b497,2026-04-02,present,09:42:00,19:03:00,2026-04-22 08:45:50.763395+00,null,f8355170-0b5f-4e14-a2de-a47aca6d82c9,null
1db80509-894c-4570-b95d-7a684fd4781d,00000000-0000-0000-0000-000000000001,caa1b17f-0db5-461e-839a-11c3d9d05c03,2026-04-03,present,10:00:00,10:01:00,2026-04-22 08:45:50.763395+00,null,08a54742-9b21-4687-afb3-350d397ba9c0,null
3156f631-9d29-4cb8-8058-c97e2c6bb63d,00000000-0000-0000-0000-000000000001,c8176ba9-6167-46cd-8917-cee55f7fbace,2026-04-03,present,09:52:00,null,2026-04-22 08:45:50.763395+00,null,5f083a80-b000-4d10-8e98-55def66ba13d,null
3b043b62-7669-43ec-84d5-96e06ce35845,00000000-0000-0000-0000-000000000001,f7dd430d-c6a9-43ea-98b1-be8e0ea84bf6,2026-04-03,present,10:00:00,null,2026-06-29 05:42:04.875099+00,j57btw00j5nbhmbwsp52azrv3d845kx9,95919f53-4067-457f-b7b3-4090c2850b7f,null
427409ae-e0cc-4632-bb75-20a0b2d345e3,00000000-0000-0000-0000-000000000001,9c20c187-fe47-4647-a49b-6825e23b7920,2026-04-03,present,10:05:00,10:05:00,2026-04-22 08:45:50.763395+00,j57cr0tgsbab76gnhd0p9jpnh1845sw8,5f6a3fc1-ec29-4a0a-9814-bb7baee1540c,null
58d9f1b6-92c7-4099-9420-03ba800aaa12,00000000-0000-0000-0000-000000000001,8a235718-7769-447f-ac47-d37aa798b932,2026-04-03,present,10:00:00,10:01:00,2026-06-29 05:42:05.628602+00,j5782mwr0f66w8v4ntvmqsp76n844csy,7e37e8ab-3071-4be5-b42c-5e26d0bb4eae,null
773216c3-8548-4336-b032-d73279c92052,00000000-0000-0000-0000-000000000001,39523891-bab0-6a9f-129b-2f5b51ea3e37,2026-04-03,present,10:05:00,null,2026-04-22 08:45:50.763395+00,null,d43a5938-aef1-49a5-b16b-ea44cdbba0b5,null
a290fe8b-340b-4338-b6fe-91b39ec4ba52,00000000-0000-0000-0000-000000000001,274203e6-35e8-4868-8bd2-9908f516b497,2026-04-03,present,09:51:00,null,2026-04-22 08:45:50.763395+00,null,ce99b2f0-4a4f-4f8e-b6a4-f1c81aaabc85,null
b3dc3191-e233-465a-93e9-0a3b4d5dae64,00000000-0000-0000-0000-000000000001,6f31fda3-2faa-430a-b07e-6990d93e6a44,2026-04-03,present,09:52:00,null,2026-04-22 08:45:50.763395+00,null,62c84815-61b0-4acb-850c-4eb5adaafbf4,null
c346e0e2-4a1f-4600-8c47-bd059a2fd1c5,00000000-0000-0000-0000-000000000001,b21e8a0e-5076-9666-21ba-fb6b06140f1b,2026-04-03,late,14:22:00,null,2026-04-22 08:45:50.763395+00,j572p5b7n17kp00wp8zbv761zx844vtd,ee1cee8a-03ae-44f8-a423-644802128206,null
ccb15c51-dd99-4488-93f3-13acb035957b,00000000-0000-0000-0000-000000000001,3b4c72de-80d1-4df4-8fbf-1147100d54dc,2026-04-03,present,09:52:00,null,2026-06-29 05:42:02.519323+00,j572818a6sbqx4emg1amjbyp6n844v4y,ebcd78d3-1c79-4096-beb6-7258b364bfd3,null
f182f327-49c1-4ab0-a54d-f833ed9dd41f,00000000-0000-0000-0000-000000000001,15b5f48a-0cb9-c73e-1c13-37fd5d8cb10b,2026-04-03,present,09:53:00,null,2026-04-22 08:45:50.763395+00,null,7f3f96b1-c9a0-4b88-989f-cbd845ef6b7c,null
f5c25c42-fab2-4ea4-aaf1-9dd5107826ac,00000000-0000-0000-0000-000000000001,1da9e75d-51ab-4a53-9fc5-222ba2c12524,2026-04-03,present,09:53:00,09:52:00,2026-06-29 05:42:00.691672+00,j5771dwkwyct71ph8za7qzg669844w8c,89dcca02-588f-4f06-8852-3394ac08ab13,null
ff3dcbbc-9661-4bcb-9081-57dc22fa4ece,00000000-0000-0000-0000-000000000001,d37b144f-0bcd-4941-b1cf-e594fa52bb72,2026-04-03,present,09:52:00,null,2026-06-29 05:42:03.307844+00,j57f1ba53hq5pndsrssvswq0dd844y5k,ce63b93c-c4de-4588-9f73-55cd8e228e64,null
1d3ebf2d-e90d-4a2a-83e4-c089649a2305,00000000-0000-0000-0000-000000000001,d37b144f-0bcd-4941-b1cf-e594fa52bb72,2026-04-04,late,10:01:00,null,2026-06-29 05:41:58.363099+00,j57bhgzk3c1krdw5anf3pre3w9847tmq,58782042-e2e9-44b7-abfe-f5a0f243d412,null
43b8413d-df84-4ae1-b59a-60464e968ad0,00000000-0000-0000-0000-000000000001,b21e8a0e-5076-9666-21ba-fb6b06140f1b,2026-04-04,present,10:08:00,null,2026-04-22 08:45:50.763395+00,null,a4b7b0aa-c0cc-4a66-83b3-1092acf748ae,null
5185ccc0-c59a-49dd-afbe-99e6142708d8,00000000-0000-0000-0000-000000000001,3b4c72de-80d1-4df4-8fbf-1147100d54dc,2026-04-04,late,10:01:00,null,2026-06-29 05:41:57.595257+00,j57byngbhkvcppfkkwkemskn25847hnw,be39e372-203c-4d1a-ba03-280a6398136a,null
5201cc2a-b564-42cf-8581-a8f84cdcbebb,00000000-0000-0000-0000-000000000001,caa1b17f-0db5-461e-839a-11c3d9d05c03,2026-04-04,present,10:08:00,null,2026-04-22 08:45:50.763395+00,null,b056d40d-f2ae-42c0-87ba-500a80155ecf,null
652510f0-ee11-4e7c-afec-32c760c672b4,00000000-0000-0000-0000-000000000001,9c20c187-fe47-4647-a49b-6825e23b7920,2026-04-04,late,09:59:00,null,2026-06-29 05:41:56.803571+00,j570txndqc8x16kkf7wsrnhp418461f2,523f49f4-6f98-472c-9ead-df379308ae4e,null
76402862-52c2-4a8e-89de-184d36ac26dc,00000000-0000-0000-0000-000000000001,8a235718-7769-447f-ac47-d37aa798b932,2026-04-04,late,10:08:00,null,2026-06-29 05:41:59.143743+00,j57116321vt1vz1mjyj716hd3d846p3k,59bc4541-34a2-4090-8069-11d0cf7bc0cc,null
908ba0f6-2a28-4c90-97f6-35cf1ec00872,00000000-0000-0000-0000-000000000001,274203e6-35e8-4868-8bd2-9908f516b497,2026-04-04,present,09:47:00,19:30:00,2026-04-22 08:45:50.763395+00,null,2c55bd25-a543-4c5e-a59e-1e84a00e1da2,null
9506f8c6-1cac-4733-9d6b-e7b4a7547846,00000000-0000-0000-0000-000000000001,15b5f48a-0cb9-c73e-1c13-37fd5d8cb10b,2026-04-04,present,09:46:00,17:45:00,2026-04-22 08:45:50.763395+00,null,bb962498-8838-4309-bc43-2456866d5a08,null
abcbfd6d-8d59-40dd-b57a-fe5ab744a1b8,00000000-0000-0000-0000-000000000001,6f31fda3-2faa-430a-b07e-6990d93e6a44,2026-04-04,present,10:01:00,null,2026-04-22 08:45:50.763395+00,null,a608f30e-b75a-4f96-832c-3f6f202f276e,null
c28b8d44-3837-4aef-b835-f99b55d5ed43,00000000-0000-0000-0000-000000000001,c8176ba9-6167-46cd-8917-cee55f7fbace,2026-04-04,present,10:01:00,null,2026-04-22 08:45:50.763395+00,null,d549eec1-cc6b-412c-a0c9-3dce8fdf59a3,null
cf547f7a-f664-4f1d-aa61-d4defd68b6c3,00000000-0000-0000-0000-000000000001,39523891-bab0-6a9f-129b-2f5b51ea3e37,2026-04-04,present,09:59:00,null,2026-04-22 08:45:50.763395+00,null,f8b1527f-5873-46e4-b5e3-77b1438ce051,null
d6921766-a44e-4b97-ad1c-2478f4b9fb4e,00000000-0000-0000-0000-000000000001,1da9e75d-51ab-4a53-9fc5-222ba2c12524,2026-04-04,late,09:46:00,17:45:00,2026-06-29 05:41:55.775782+00,j57698048ey33bmfw1q4pxp2ss8471p4,a0b386db-3e94-4a9b-84b0-b5921ddd1571,null
ee434128-0601-43e6-bf0b-beb387436f1f,00000000-0000-0000-0000-000000000001,f7dd430d-c6a9-43ea-98b1-be8e0ea84bf6,2026-04-04,late,10:08:00,null,2026-06-29 05:41:59.908314+00,j57apxjh46pwre3txp2y9yn0pn847n9p,5c86b5ef-0bff-4d29-87c4-d7c09ca36ff1,null
4e5473b3-7d5a-461d-9897-0de99ae580ae,00000000-0000-0000-0000-000000000001,274203e6-35e8-4868-8bd2-9908f516b497,2026-04-05,present,06:43:00,20:54:00,2026-04-22 08:45:50.763395+00,null,d8326e6b-44ab-48b5-970f-d382d4438236,null
19bfc63b-2da2-4370-b62e-64a7a78ed1ed,00000000-0000-0000-0000-000000000001,9c20c187-fe47-4647-a49b-6825e23b7920,2026-04-06,present,09:37:00,17:32:00,2026-04-22 08:45:50.763395+00,j57dj2vezf5am199n4f0nw4pgh84afmg,0d0f9d70-89cd-4724-9d6e-444073587eea,null
262c0f73-dbcc-4e7a-a483-4bd881848aed,00000000-0000-0000-0000-000000000001,b21e8a0e-5076-9666-21ba-fb6b06140f1b,2026-04-06,late,12:46:00,null,2026-04-22 08:45:50.763395+00,j57dg132x72fd81hw65gwc25v184bvd2,d9ab7581-ed22-4de1-aa8b-787db1949f4d,null
4f127e81-a2c7-4142-87de-52397ba82a9c,00000000-0000-0000-0000-000000000001,1da9e75d-51ab-4a53-9fc5-222ba2c12524,2026-04-06,present,09:34:00,18:32:00,2026-04-22 08:45:50.763395+00,j570nnf5vvfzznq5ntgejgtkgh84a03b,90b2281e-b611-462e-bc4b-1687fd81422e,null
572286e6-861d-4459-ae4b-979c3dd4aba3,00000000-0000-0000-0000-000000000001,d37b144f-0bcd-4941-b1cf-e594fa52bb72,2026-04-06,late,10:11:00,null,2026-06-29 05:41:52.915056+00,j5795s13jbqh2pvr22nwxzmthx84a8pp,02dc6c9b-d9a4-4d73-b147-c19c0c8d4bcf,null
ba6f1726-2783-41f3-a24d-0cba3d3160db,00000000-0000-0000-0000-000000000001,39523891-bab0-6a9f-129b-2f5b51ea3e37,2026-04-06,present,09:37:00,17:32:00,2026-04-22 08:45:50.763395+00,null,af4e69fb-9b00-46de-b077-48c86e7df39e,null
c5f80cf4-26a6-42e9-aff7-932e406e4af6,00000000-0000-0000-0000-000000000001,caa1b17f-0db5-461e-839a-11c3d9d05c03,2026-04-06,present,09:48:00,null,2026-04-22 08:45:50.763395+00,null,eba0bb0f-6749-43c4-8a23-d72b39d9ff4c,null
c689de86-b2cb-439b-a568-c065aab2efb2,00000000-0000-0000-0000-000000000001,274203e6-35e8-4868-8bd2-9908f516b497,2026-04-06,present,10:13:00,null,2026-04-22 08:45:50.763395+00,null,6e6d1441-8cb4-4346-9f07-15d7f689b36e,null
dc42d3ec-e651-4671-bb82-e12aa8dba3ab,00000000-0000-0000-0000-000000000001,8a235718-7769-447f-ac47-d37aa798b932,2026-04-06,late,09:48:00,null,2026-06-29 05:41:51.354861+00,j577t6g9af99rwb5yxqs87arhh84b9n1,4b8324c0-6ef8-4426-84db-6fe857e0c255,null
de0830b9-6ab6-4bd7-b5ba-797701a87159,00000000-0000-0000-0000-000000000001,f7dd430d-c6a9-43ea-98b1-be8e0ea84bf6,2026-04-06,late,09:52:00,null,2026-06-29 05:41:52.112666+00,j5713wv3f19t93zk7zpw7rm6f584b70q,bc89a32d-314d-4490-a57e-7c3e8b650aca,null
f042ebb1-0854-47f9-951a-479d335bd994,00000000-0000-0000-0000-000000000001,6f31fda3-2faa-430a-b07e-6990d93e6a44,2026-04-06,present,10:11:00,null,2026-04-22 08:45:50.763395+00,null,143b97e2-f733-4350-af39-97cab16f0a68,null
fe1a2747-d3c0-4db3-be02-b0be0282feeb,00000000-0000-0000-0000-000000000001,15b5f48a-0cb9-c73e-1c13-37fd5d8cb10b,2026-04-06,late,12:37:00,18:32:00,2026-04-22 08:45:50.763395+00,j573ycbb4q4atnh5zr7qhmm7ts84a618,f182c498-7801-4c5e-be89-f1af85b1f1b2,null
1d43b14d-df48-4028-a00e-928e4f6449c4,00000000-0000-0000-0000-000000000001,8a235718-7769-447f-ac47-d37aa798b932,2026-04-07,late,09:56:00,null,2026-06-29 05:41:46.702967+00,j57cpjw2vezg5fey189df9j7rx84dttq,98b77f10-dd32-47a7-9933-379d2e52edfe,null
4afbda74-19b2-436f-b073-9084b7f9efc9,00000000-0000-0000-0000-000000000001,caa1b17f-0db5-461e-839a-11c3d9d05c03,2026-04-07,present,09:56:00,null,2026-04-22 08:45:50.763395+00,null,8abfe3df-7916-47a9-a6d2-f7a920096a96,null
5f07657f-1d8b-47d2-bafe-b24df6cf1101,00000000-0000-0000-0000-000000000001,15b5f48a-0cb9-c73e-1c13-37fd5d8cb10b,2026-04-07,late,10:03:00,18:18:00,2026-04-22 08:45:50.763395+00,j57at6ahz94ehs0rsfhyyyjkph84dm5p,5ca9e881-8835-48fc-aa63-ab19202982e7,null
790de643-affd-4357-a673-107c527b5bcc,00000000-0000-0000-0000-000000000001,f7dd430d-c6a9-43ea-98b1-be8e0ea84bf6,2026-04-07,late,09:55:00,null,2026-06-29 05:41:45.920185+00,j5713jeaj3qa6g99dtk6bmr34s84c6cj,a52f75ec-0a4e-45d3-a8ec-36b44b8b3aa8,null
846e7731-b8cd-42c3-9b2b-d42a3c3fdb3c,00000000-0000-0000-0000-000000000001,1da9e75d-51ab-4a53-9fc5-222ba2c12524,2026-04-07,present,09:32:00,17:39:00,2026-04-22 08:45:50.763395+00,j576j5xhk5d32q8031syavpxdh84cknr,905ced8e-8a50-40d0-b96d-6c270fc3dc6a,null
84d94168-9736-4cdb-b57e-b0a827575a43,00000000-0000-0000-0000-000000000001,3b4c72de-80d1-4df4-8fbf-1147100d54dc,2026-04-07,late,17:26:00,null,2026-06-29 05:41:49.021431+00,j572yt1s11973m5wsm7cvm37a584dk3t,f08f179c-7203-4c53-a71b-ab62493e1cd4,null
8b32757a-1d0c-4c6a-ae8b-b7c5ba096a0c,00000000-0000-0000-0000-000000000001,9c20c187-fe47-4647-a49b-6825e23b7920,2026-04-07,present,09:34:00,17:45:00,2026-06-29 05:41:45.145268+00,j57046ck6tmw1f3pa55tcqxgjh84dp8z,44d4c83e-a3d7-4c68-81ef-e0116e6e7bf9,null
8c220f1e-3ba6-423f-bf9f-2536327382cb,00000000-0000-0000-0000-000000000001,d37b144f-0bcd-4941-b1cf-e594fa52bb72,2026-04-07,late,09:59:00,null,2026-06-29 05:41:47.477651+00,j570crddfkfk2r68mhxdt9cz0s84c0js,95916111-7ed6-4411-808a-e351d995de50,null
8f189b36-9251-4c20-bf1a-4d2cf4f5cd8c,00000000-0000-0000-0000-000000000001,6f31fda3-2faa-430a-b07e-6990d93e6a44,2026-04-07,present,09:59:00,null,2026-04-22 08:45:50.763395+00,null,05c8af14-543f-4931-ab0a-82f60ffb4d37,null
a718368a-df38-4a26-bcce-f75044b7740b,00000000-0000-0000-0000-000000000001,39523891-bab0-6a9f-129b-2f5b51ea3e37,2026-04-07,present,09:34:00,17:45:00,2026-04-22 08:45:50.763395+00,null,5d89b79e-f4cd-4b79-9c1f-cab67a063a7f,null
d3b1a856-6e70-4791-8ce4-6bfa5f2a852a,00000000-0000-0000-0000-000000000001,b21e8a0e-5076-9666-21ba-fb6b06140f1b,2026-04-07,present,09:55:00,null,2026-04-22 08:45:50.763395+00,null,1b5feb74-e80b-4534-8476-7357b789d2eb,null
e0b4a325-baa7-4730-86f7-cb0fd76b4192,00000000-0000-0000-0000-000000000001,c8176ba9-6167-46cd-8917-cee55f7fbace,2026-04-07,present,17:26:00,null,2026-04-22 08:45:50.763395+00,null,996004d6-5bfb-4a15-a599-4433d5be7c3e,null
078bf901-dc27-497b-b113-6ab9393af7d9,00000000-0000-0000-0000-000000000001,caa1b17f-0db5-461e-839a-11c3d9d05c03,2026-04-08,present,09:52:00,23:59:00,2026-04-22 08:45:50.763395+00,null,6e3a336b-097f-41c3-8767-db8fda3e56cf,null
15baf3b3-566f-4785-8980-00c0960d6cdb,00000000-0000-0000-0000-000000000001,b21e8a0e-5076-9666-21ba-fb6b06140f1b,2026-04-08,late,22:00:00,23:59:00,2026-04-22 08:45:50.763395+00,j578m9stm60770hmbjnx9p5pa984esqd,a9f21152-26f6-4d1f-92d5-7755963a97de,null
1a3406d5-256e-40e8-b135-f92e7c023511,00000000-0000-0000-0000-000000000001,d37b144f-0bcd-4941-b1cf-e594fa52bb72,2026-04-08,late,09:58:00,23:59:00,2026-06-29 05:41:40.179534+00,j5787wsvbhw3m74zktj1rx52bn84fgay,1dfd4285-380c-4b8e-8cbd-39b5f7a37933,null
5b2bc6eb-e3a4-441b-a1d8-873d57dc3469,00000000-0000-0000-0000-000000000001,9c20c187-fe47-4647-a49b-6825e23b7920,2026-04-08,present,09:39:00,17:40:00,2026-04-22 08:45:50.763395+00,j57epxz8ar8ws50g2ty9k35esd84e1s5,f45c16c5-586b-4368-9df6-35b00841195e,null
75cca0e6-12af-43fd-8986-0bb2a2c85a2a,00000000-0000-0000-0000-000000000001,8a235718-7769-447f-ac47-d37aa798b932,2026-04-08,late,09:52:00,23:59:00,2026-06-29 05:41:38.619144+00,j57d2b6fazgabhnp483vczeb3984fpyh,99396211-1dae-45e2-96a9-9aed3963f57a,null
78303a2e-1ae8-4fa9-8ef3-9ab141762caa,00000000-0000-0000-0000-000000000001,15b5f48a-0cb9-c73e-1c13-37fd5d8cb10b,2026-04-08,present,09:33:00,18:47:00,2026-04-22 08:45:50.763395+00,null,23d1fbab-ca6e-4a7b-8a79-6b61d6a14f16,null
8b5b848e-76a5-4abf-a825-56ace920b549,00000000-0000-0000-0000-000000000001,f7dd430d-c6a9-43ea-98b1-be8e0ea84bf6,2026-04-08,late,10:00:00,23:59:00,2026-06-29 05:41:40.968148+00,j57fr4jp7bt0wqrzp9yvxrnma584et1e,d4cd5863-0892-4c33-bbc6-1c62615b8bfe,null
95e19977-efd5-4b00-9fe4-ef43f4ed15ab,00000000-0000-0000-0000-000000000001,c8176ba9-6167-46cd-8917-cee55f7fbace,2026-04-08,present,09:53:00,23:59:00,2026-04-22 08:45:50.763395+00,null,ddac7eb2-64cc-4efc-a12a-e597a2568a50,null
9c55cb55-5e7b-42b4-961f-ab8bf964a6dc,00000000-0000-0000-0000-000000000001,39523891-bab0-6a9f-129b-2f5b51ea3e37,2026-04-08,late,12:10:00,23:59:00,2026-04-22 08:45:50.763395+00,j57e42ahx1chph36eeqjzvjkcd84fbad,407a8559-8803-4e37-9aee-262cc1fd35db,null
aeee19cb-28d9-496d-afd4-be315a689dba,00000000-0000-0000-0000-000000000001,3b4c72de-80d1-4df4-8fbf-1147100d54dc,2026-04-08,late,09:53:00,23:59:00,2026-06-29 05:41:39.417024+00,j579x0hbnq71vm0djyxk4n718184ebtd,e8bc120c-8546-4d80-9bbe-9a81776b2c45,null
b21fb968-7f03-4087-80f5-7d6da66672a6,00000000-0000-0000-0000-000000000001,274203e6-35e8-4868-8bd2-9908f516b497,2026-04-08,present,10:19:00,18:58:00,2026-04-22 08:45:50.763395+00,null,0b77f42b-cb55-42bf-85f1-7902ce3f6cf0,null
bd6064f0-a69f-4cb1-b1b8-36ae77e25a89,00000000-0000-0000-0000-000000000001,1da9e75d-51ab-4a53-9fc5-222ba2c12524,2026-04-08,present,09:33:00,18:47:00,2026-06-29 05:41:37.043322+00,j578705zxqam4cf74nvvja8bds84ejtf,5dff3614-2afd-40e3-bbd9-7d9659804199,null
d107bc5a-8fdb-4f7b-9d67-67ec806c10e3,00000000-0000-0000-0000-000000000001,509cadb2-fb85-403e-ab9a-43e9e7ec9555,2026-04-08,late,22:00:00,23:59:00,2026-06-29 05:41:41.999831+00,j578kx5138v5w7z8kr8yr91wxh84ec4a,3f101672-9489-40dd-8936-01fcafc4bffd,null
ee012fbc-d67f-4e35-b8a4-8fdaa68f4498,00000000-0000-0000-0000-000000000001,6f31fda3-2faa-430a-b07e-6990d93e6a44,2026-04-08,present,09:58:00,23:59:00,2026-04-22 08:45:50.763395+00,null,0d926102-b8a2-482c-b9ce-afc459987521,null
0662c753-2d3b-4482-aa53-5c0d3c53179d,00000000-0000-0000-0000-000000000001,15b5f48a-0cb9-c73e-1c13-37fd5d8cb10b,2026-04-09,late,10:18:00,18:31:38,2026-04-22 08:45:50.763395+00,j5747t8kjx65c7f92z7vy7n6fn84hpz9,10db43f1-2f29-4089-98c4-bd5dcc01e399,null
13ee15d4-c78d-4efa-8ff0-d2e9d3ed16e0,00000000-0000-0000-0000-000000000001,1da9e75d-51ab-4a53-9fc5-222ba2c12524,2026-04-09,present,09:27:00,17:48:00,2026-04-22 08:45:50.763395+00,j5700haafs5dapagqd5enxjacn84hr1d,de78ff09-f73b-483e-b90a-c563395de945,null
17a6389d-f544-4afc-b7a1-ccdc722ad1d6,00000000-0000-0000-0000-000000000001,9c20c187-fe47-4647-a49b-6825e23b7920,2026-04-09,present,09:45:00,17:34:00,2026-04-22 08:45:50.763395+00,j57apd8bywmp86kckkv891s2m984hk83,eba2b0ed-110e-4163-a401-bcf5dd951659,null
55f0940b-d5dc-4ab0-b015-76ab1838b443,00000000-0000-0000-0000-000000000001,39523891-bab0-6a9f-129b-2f5b51ea3e37,2026-04-09,late,10:21:00,18:47:00,2026-04-22 08:45:50.763395+00,j57f7d0e8cp1w16hzg74ehb70d84h3qm,4ae6ab1d-e5c6-42a2-9835-a112a2e0956c,null
6e2cc15c-2256-485d-83a4-132656b5c335,00000000-0000-0000-0000-000000000001,f7dd430d-c6a9-43ea-98b1-be8e0ea84bf6,2026-04-09,late,17:26:00,23:59:00,2026-06-29 05:41:35.481939+00,j57486dcdb6v122g7wj1c2nw8x84hhc4,66730995-2749-4d48-b3a3-404c17465283,null
78092a37-9cf6-41c3-bb86-ccde3203626f,00000000-0000-0000-0000-000000000001,8a235718-7769-447f-ac47-d37aa798b932,2026-04-09,late,17:27:00,23:59:00,2026-06-29 05:41:36.270361+00,j57bta3s36vqzvw1xp23v7mfd984hp9x,ca9ed056-73c2-41e3-87c0-370b1c5a8141,null
a01c51b0-12d2-4e78-93c0-3256fc6039e7,00000000-0000-0000-0000-000000000001,caa1b17f-0db5-461e-839a-11c3d9d05c03,2026-04-09,present,17:27:00,23:59:00,2026-04-22 08:45:50.763395+00,null,816d3e72-1c9d-4490-aeaa-ca1293ceca0b,null
c7b12ebb-7a74-4078-b23c-c7360e4eac80,00000000-0000-0000-0000-000000000001,274203e6-35e8-4868-8bd2-9908f516b497,2026-04-09,present,09:52:00,17:39:00,2026-04-22 08:45:50.763395+00,null,ef3760b5-9477-4533-b8f7-cf06e64a34c8,null
e34989af-0c5f-4937-a0f0-20689feac7a1,00000000-0000-0000-0000-000000000001,509cadb2-fb85-403e-ab9a-43e9e7ec9555,2026-04-09,late,09:52:00,17:54:00,2026-06-29 05:41:32.124043+00,j57d7mf941xyye80ww2d1q11ws84gs8e,587704e1-8af6-4b45-b64e-771ee548e972,null
e7b43b23-b768-4c83-a44a-42bef4410a65,00000000-0000-0000-0000-000000000001,b21e8a0e-5076-9666-21ba-fb6b06140f1b,2026-04-09,late,16:15:00,23:59:00,2026-04-22 08:45:50.763395+00,j574fqm1t33rgyf2c3grbsrr7s84h6gj,ea894820-098d-430e-8850-732b8896d82a,null
36d439a6-4b01-4c11-a3fb-46fa0c404b05,00000000-0000-0000-0000-000000000001,6f31fda3-2faa-430a-b07e-6990d93e6a44,2026-04-10,present,09:57:00,17:42:00,2026-04-22 08:45:50.763395+00,null,1c91950c-4960-4e5b-93c5-791a7fc9f8a0,null
54fc390a-dac8-4c9d-a823-404b31646a4f,00000000-0000-0000-0000-000000000001,c8176ba9-6167-46cd-8917-cee55f7fbace,2026-04-10,present,09:58:00,17:38:00,2026-04-22 08:45:50.763395+00,null,3bec1976-0df5-42ca-a6c8-0350b5ce0f3b,null
5561fb16-0993-4fd6-8fbd-aeacadd19236,00000000-0000-0000-0000-000000000001,caa1b17f-0db5-461e-839a-11c3d9d05c03,2026-04-10,present,10:02:00,17:40:00,2026-04-22 08:45:50.763395+00,null,9b7ec793-31a9-4b63-9438-48a471becdd5,null
8909d993-03db-4d45-ae49-088f8c7aed1d,00000000-0000-0000-0000-000000000001,b21e8a0e-5076-9666-21ba-fb6b06140f1b,2026-04-10,late,10:20:00,23:59:00,2026-04-22 08:45:50.763395+00,j571av81zwr48cv9kh5h201z9h84k38b,57a2f159-265b-40ce-80f4-e92c81a11153,null
992a75a1-4132-4453-b0b3-6a0d22cbea1b,00000000-0000-0000-0000-000000000001,509cadb2-fb85-403e-ab9a-43e9e7ec9555,2026-04-10,late,09:47:00,18:00:00,2026-06-29 05:41:29.016269+00,j5764vfk23tde4xddr8me10mhs84jg85,bcbd878f-eb7f-4955-a128-350a42b48856,null
99bd7d99-16c2-4491-84d5-c56668df9904,00000000-0000-0000-0000-000000000001,39523891-bab0-6a9f-129b-2f5b51ea3e37,2026-04-10,present,09:43:00,17:44:00,2026-04-22 08:45:50.763395+00,null,64140b92-6dec-4cd0-b00a-dd9d95c68e52,null
c67ec29e-701a-4ad7-93a2-2fbf99e64d83,00000000-0000-0000-0000-000000000001,15b5f48a-0cb9-c73e-1c13-37fd5d8cb10b,2026-04-10,late,10:05:00,23:59:00,2026-04-22 08:45:50.763395+00,j579gvw8c765x4aj572gzem0j584jf97,5e3d2d9f-543c-45b4-a7c6-7beb0825554f,null
c8b08392-bfef-4823-91eb-d15ec9113f1c,00000000-0000-0000-0000-000000000001,1da9e75d-51ab-4a53-9fc5-222ba2c12524,2026-04-10,present,09:39:00,17:45:00,2026-04-22 08:45:50.763395+00,j5778cks7c6z53f9e9dpzd9r9n84kfe0,5f0ebf87-76c1-47ad-b317-b64a5c846de7,null
e15d867e-8312-440c-8148-acd0b65bb5a1,00000000-0000-0000-0000-000000000001,274203e6-35e8-4868-8bd2-9908f516b497,2026-04-10,present,09:54:00,18:46:00,2026-04-22 08:45:50.763395+00,null,4babd381-8389-4b68-9b0c-2a60d9764e29,null
e49f5169-bc4d-440a-9eb0-f23273d84267,00000000-0000-0000-0000-000000000001,f7dd430d-c6a9-43ea-98b1-be8e0ea84bf6,2026-04-10,late,10:00:00,17:36:00,2026-06-29 05:41:26.67684+00,j575gbb7mjwttg2fjcb2p489m584k32m,7a991823-d56d-456a-95f4-05e393245b96,null
e4f3f9ff-e672-4584-ab78-03be8dffc8b4,00000000-0000-0000-0000-000000000001,9c20c187-fe47-4647-a49b-6825e23b7920,2026-04-10,present,09:43:00,17:44:00,2026-04-22 08:45:50.763395+00,j579v1gwajm1b3z29pg5bbswb184kfhq,e2113856-1a84-49ad-8932-446aadc288d9,null
f5de6074-46c3-41b8-841e-5609e46b3493,00000000-0000-0000-0000-000000000001,d37b144f-0bcd-4941-b1cf-e594fa52bb72,2026-04-10,late,09:57:00,17:42:00,2026-06-29 05:41:25.132293+00,j57dk8zq9yqkdwn534wd564knd84kbsk,6c8797f1-9b6f-41bd-9ce4-927181e86136,null
f6c5a315-b7c1-430b-a0b1-90c803894c4f,00000000-0000-0000-0000-000000000001,8a235718-7769-447f-ac47-d37aa798b932,2026-04-10,late,10:02:00,17:40:00,2026-06-29 05:41:27.457898+00,j57ak3m9a3dhhmsz8sb2vymrvh84kh78,b0cedc82-0eee-432c-8fc5-80a767251c94,null
fa2fe920-b98b-4bc4-b322-1c521832e1b8,00000000-0000-0000-0000-000000000001,3b4c72de-80d1-4df4-8fbf-1147100d54dc,2026-04-10,late,09:58:00,17:38:00,2026-06-29 05:41:25.915437+00,j57ejn597n7ky2k4v3p9eddpkn84jyq3,6c339428-9950-4f54-a1ba-71078bae9bb7,null
27567dfb-5bf5-4c8c-9a6b-abb331d83027,00000000-0000-0000-0000-000000000001,509cadb2-fb85-403e-ab9a-43e9e7ec9555,2026-04-11,late,09:55:00,17:58:00,2026-06-29 05:41:22.013584+00,j575nvkg18d24dg5xqdd8ztjph84nmna,1ffe8833-620a-42fa-9ba3-da942237c636,null
356a9860-6b59-41a0-9d58-65b80796de9d,00000000-0000-0000-0000-000000000001,274203e6-35e8-4868-8bd2-9908f516b497,2026-04-11,present,09:57:00,18:41:00,2026-04-22 08:45:50.763395+00,null,a0a0f34c-4d57-4021-a15e-692498cd3e2c,null
439c100d-1c74-4d44-a1ce-414b3ac3a9dd,00000000-0000-0000-0000-000000000001,15b5f48a-0cb9-c73e-1c13-37fd5d8cb10b,2026-04-11,late,10:18:00,23:59:00,2026-04-22 08:45:50.763395+00,j578e9g37gceq0n2erhxkw5agn84m7eb,259229b1-e567-496b-8756-f71ef85d97a4,null
55383efb-64c7-4bc5-b702-145cb56d69e2,00000000-0000-0000-0000-000000000001,9c20c187-fe47-4647-a49b-6825e23b7920,2026-04-11,present,09:38:00,17:54:00,2026-06-29 05:41:19.412594+00,j578s9btvv4kdvshrsgvp8xmcd84mfan,a3e6758b-cdef-434f-8a2d-2f7c91c73023,null
92648fc2-2f3f-4693-b2b8-3e7e44f1ae6e,00000000-0000-0000-0000-000000000001,39523891-bab0-6a9f-129b-2f5b51ea3e37,2026-04-11,late,10:18:00,23:59:00,2026-04-22 08:45:50.763395+00,j57bzxg73eck131mjmthqazek584nw44,e1b51acf-f91f-431d-9447-c2e3bc5591b8,null
b6ee35a9-9408-4d4b-807d-f07c48544131,00000000-0000-0000-0000-000000000001,1da9e75d-51ab-4a53-9fc5-222ba2c12524,2026-04-11,present,09:34:00,17:45:00,2026-04-22 08:45:50.763395+00,j573afrky7k8gv81frat4b3r7584nqsk,a9b2d719-55be-41d4-abdb-cf7f0bb192bd,null
053c908c-51dc-4bb5-8e42-85346256dfdf,00000000-0000-0000-0000-000000000001,b21e8a0e-5076-9666-21ba-fb6b06140f1b,2026-04-13,present,09:45:00,23:59:00,2026-04-22 08:45:50.763395+00,null,cc28ef71-9ae0-48f3-b71e-4674ca120fd0,null
114c01a9-2341-4df9-aa66-804db42a0c98,00000000-0000-0000-0000-000000000001,15b5f48a-0cb9-c73e-1c13-37fd5d8cb10b,2026-04-13,present,09:17:00,17:52:00,2026-04-22 08:45:50.763395+00,j572see6gtvw92zrynpsd1wcxx84s93j,bcec0af8-a0d1-4c53-a111-0966b57ed672,null
361767ff-0b2e-4b29-b9c6-2c227582d1bb,00000000-0000-0000-0000-000000000001,509cadb2-fb85-403e-ab9a-43e9e7ec9555,2026-04-13,late,09:55:00,23:59:00,2026-06-29 05:41:17.604747+00,j571k1e50gd9n1qjk7h5vv9bwn84srtn,cda6c4ae-e9b2-4330-9401-60685b047d69,null
5168cbd8-f832-4ad8-a0ac-78bf86a54563,00000000-0000-0000-0000-000000000001,f7dd430d-c6a9-43ea-98b1-be8e0ea84bf6,2026-04-13,late,09:45:00,23:59:00,2026-06-29 05:41:16.060147+00,j57dyekfvcnr5h6e0df2hjryp184rfvc,80ff2865-d285-4fb1-a077-12e4e7a9bbf9,null
673aa91e-afda-4099-be28-847d74539c66,00000000-0000-0000-0000-000000000001,1da9e75d-51ab-4a53-9fc5-222ba2c12524,2026-04-13,late,09:51:00,18:05:00,2026-04-22 08:45:50.763395+00,j5703vsbtbbqf8cwr7d788y35984r4j7,666bd8f7-99d5-44b3-b2ba-a38c823ac332,null
68574abc-1eb9-40c1-b0c4-497793fcda0b,00000000-0000-0000-0000-000000000001,8a235718-7769-447f-ac47-d37aa798b932,2026-04-13,late,09:59:00,23:59:00,2026-06-29 05:41:15.293256+00,j57ayjcds9x7cgqqdsa2a8sa3984rge7,38cb016b-17b5-45b0-a645-93ffe84d8d62,null
7f1029b9-4d6a-4042-bb87-c9b5cf97b389,00000000-0000-0000-0000-000000000001,39523891-bab0-6a9f-129b-2f5b51ea3e37,2026-04-13,late,10:30:00,23:59:00,2026-06-29 05:41:16.843711+00,j5797dy8c1t9xf8dq386ytqeed84s2t3,017bdc40-88ae-4197-9965-2f3ad7a4c056,null
9d375c98-aec4-496e-bbdc-01aa07c74be4,00000000-0000-0000-0000-000000000001,274203e6-35e8-4868-8bd2-9908f516b497,2026-04-13,present,10:20:00,18:25:00,2026-04-22 08:45:50.763395+00,null,dbb64815-4b18-4983-bbaa-69689b6105e8,null
e3e8c36e-493a-4f82-9b99-18f59b44f249,00000000-0000-0000-0000-000000000001,caa1b17f-0db5-461e-839a-11c3d9d05c03,2026-04-13,present,09:59:00,23:59:00,2026-04-22 08:45:50.763395+00,null,48f54dba-d2b6-4e61-b0ba-ff1346fcfad3,null
07891429-342c-4efc-8354-60deed74a75b,00000000-0000-0000-0000-000000000001,39523891-bab0-6a9f-129b-2f5b51ea3e37,2026-04-15,late,10:15:00,23:59:00,2026-04-22 08:45:50.763395+00,j5731d6zxbrjq5bdm9tcv529ks84x9n6,6c586d22-b3d8-4858-82b4-7d004d31514a,null
220ac6c6-bace-4c58-b3d0-e4f3ffb5af83,00000000-0000-0000-0000-000000000001,509cadb2-fb85-403e-ab9a-43e9e7ec9555,2026-04-15,late,09:55:00,18:05:00,2026-06-29 05:41:11.381757+00,j57fgwxnj44n76mm79ta2afat584xtxd,001fce01-5b64-4be9-a6c4-b6509fc6eb9a,null
32cde20f-fff1-4d60-bef0-c1f2bfb5dd71,00000000-0000-0000-0000-000000000001,9c20c187-fe47-4647-a49b-6825e23b7920,2026-04-15,late,10:37:00,23:59:00,2026-06-29 05:41:07.537105+00,j5720hys9n4d6xmyzaveeg09xh84w19n,2e7bde21-b5c5-40e4-b2f6-c998ea7cfcc7,null
49be4c63-4a51-40a9-9091-1f70a2107cdd,00000000-0000-0000-0000-000000000001,3b4c72de-80d1-4df4-8fbf-1147100d54dc,2026-04-15,late,10:45:00,23:59:00,2026-06-29 05:41:09.068331+00,j572khzmmym0jz2egyhs4f2ejs84wqvj,70fd55b6-e33d-4c5d-a9da-53dd66f7c0df,null
7d5d9e41-006f-45e9-9d69-e0aed226dc25,00000000-0000-0000-0000-000000000001,fc505e28-6210-49c3-b873-e10e86ec7b92,2026-04-15,late,10:00:00,18:22:00,2026-06-29 05:41:12.94708+00,j57e9gfzvyw2qtnndpmesbp7e184wt3p,f5bc956f-3275-41f7-91d4-20eef5663bd5,null
bf592690-412c-438a-95e2-873d11583fc2,00000000-0000-0000-0000-000000000001,c8176ba9-6167-46cd-8917-cee55f7fbace,2026-04-15,present,10:45:00,23:59:00,2026-04-22 08:45:50.763395+00,null,7d41617f-5aa5-4a4c-acfb-b4d5cee9cbb4,null
cfd1550c-d970-45b6-9894-4ef4b6704f67,00000000-0000-0000-0000-000000000001,1da9e75d-51ab-4a53-9fc5-222ba2c12524,2026-04-15,late,14:09:00,22:37:00,2026-04-22 08:45:50.763395+00,j5793rtfr1px38y7a1t5znhc5984xxvk,5a8656ef-c16f-4c8a-b9cd-8da861438153,null
ef040a88-b1e5-48e4-879b-03cdc661a21d,00000000-0000-0000-0000-000000000001,f7dd430d-c6a9-43ea-98b1-be8e0ea84bf6,2026-04-15,late,10:37:00,23:59:00,2026-06-29 05:41:08.290759+00,j570k4zqecpd2wp57m8apzjkn984wajt,a9eaff54-5e32-4dbe-b5f1-29e80ea80dfb,null
f1a520f5-b606-4447-bff7-04df04a9627a,00000000-0000-0000-0000-000000000001,15b5f48a-0cb9-c73e-1c13-37fd5d8cb10b,2026-04-15,late,09:55:00,18:55:00,2026-04-22 08:45:50.763395+00,j57dsttw4hgrw8j9ac6ybgp1zh84xrjd,e82722a8-af5c-40ed-8f6e-8a9558b999f9,null
f7d2923d-c2c4-41bc-b640-70cc9f3be896,00000000-0000-0000-0000-000000000001,b21e8a0e-5076-9666-21ba-fb6b06140f1b,2026-04-15,present,10:37:00,23:59:00,2026-04-22 08:45:50.763395+00,null,fcc0e49e-742a-47d5-94f1-faff80b6222f,null
06ee253c-57b7-47a8-a1fa-d6226405aa23,00000000-0000-0000-0000-000000000001,f7dd430d-c6a9-43ea-98b1-be8e0ea84bf6,2026-04-16,present,09:32:00,23:59:00,2026-06-29 05:41:00.292538+00,j57f32kzt2b7f10bna98wdbnmd84zyrf,6b53df8c-dc69-4023-8269-cb00202fa195,null
1edfaa23-a02c-418e-bf6d-549ffc607332,00000000-0000-0000-0000-000000000001,509cadb2-fb85-403e-ab9a-43e9e7ec9555,2026-04-16,late,10:01:00,18:03:00,2026-06-29 05:41:05.180132+00,j572nkehwdf1mq45r143jp9djh84zq9d,ad62b45f-7276-44c2-801f-da2453589d17,null
20215b13-5ca7-4fd9-abf3-9c2ba99b4334,00000000-0000-0000-0000-000000000001,6f31fda3-2faa-430a-b07e-6990d93e6a44,2026-04-16,present,10:05:00,23:59:00,2026-04-22 08:45:50.763395+00,null,1b79e4b0-70ea-4f55-bb9b-0225d216f6a6,null
3d54498f-7b0c-4649-ba50-e470893fd85c,00000000-0000-0000-0000-000000000001,fc505e28-6210-49c3-b873-e10e86ec7b92,2026-04-16,late,09:54:00,18:01:00,2026-06-29 05:41:03.639891+00,j57dhepcrqg2hxfrkfpvqxh4es84yten,5d54b45f-f928-40be-8d2d-49031cb7877a,null
69f80bc0-800e-434c-b0a9-042188d70f6d,00000000-0000-0000-0000-000000000001,b21e8a0e-5076-9666-21ba-fb6b06140f1b,2026-04-16,present,09:32:00,23:59:00,2026-04-22 08:45:50.763395+00,null,fbc370fd-af58-47af-91c1-1c3d9141ade2,null
76e01d7d-bbbb-4fda-a28a-a0a8252e3e90,00000000-0000-0000-0000-000000000001,39523891-bab0-6a9f-129b-2f5b51ea3e37,2026-04-16,late,10:15:00,23:59:00,2026-04-22 08:45:50.763395+00,j576t02n4h28qy3d95gy5haeps84zvdn,02d1325f-73d6-4b4d-b929-9a160ae2fb28,null
8d7e356b-f943-445d-8464-992b04d44fe6,00000000-0000-0000-0000-000000000001,9c20c187-fe47-4647-a49b-6825e23b7920,2026-04-16,present,09:32:00,17:45:00,2026-06-29 05:40:59.495584+00,j571dk0zzbqac9smkhs9sz50xx84z7ca,292440d6-7fb3-4653-9e1d-13599bea0c8a,null
8eabc36c-3a27-4b63-a3cf-b7f2bb1a2b0c,00000000-0000-0000-0000-000000000001,3b4c72de-80d1-4df4-8fbf-1147100d54dc,2026-04-16,late,09:57:00,23:59:00,2026-06-29 05:41:04.421152+00,j57ecdzpwy9p30fkn3dw883kmh84yqq8,2c6960f2-085a-4ca4-92b2-9b11738b9e5e,null
b18c8c90-63a7-48cb-be69-32a36da40b70,00000000-0000-0000-0000-000000000001,c8176ba9-6167-46cd-8917-cee55f7fbace,2026-04-16,present,09:57:00,23:59:00,2026-04-22 08:45:50.763395+00,null,aaca8e98-2509-4b1d-8a3c-287a719b8dd8,null
ba320360-b7de-4c59-8daf-94853d1d3c53,00000000-0000-0000-0000-000000000001,15b5f48a-0cb9-c73e-1c13-37fd5d8cb10b,2026-04-16,present,09:33:00,23:59:00,2026-04-22 08:45:50.763395+00,j571dfnjvgmb3s3zqmg9y2qbj184y7d3,96d1ea95-b357-47a2-a654-8b7a7e83f313,null
c6b54740-6c4a-442d-9081-639b94a7a3e2,00000000-0000-0000-0000-000000000001,caa1b17f-0db5-461e-839a-11c3d9d05c03,2026-04-16,present,09:45:00,17:37:00,2026-04-22 08:45:50.763395+00,null,816fefbf-934f-4c30-b2b8-c3c787fcb6e7,null
c6cc12d8-a93c-457d-8b65-a62415000a32,00000000-0000-0000-0000-000000000001,1da9e75d-51ab-4a53-9fc5-222ba2c12524,2026-04-16,present,09:38:00,17:52:00,2026-04-22 08:45:50.763395+00,j57c6347zfe2v0t8pgsge9ygv184yr7k,ad0fff59-e6c8-47e6-8cd6-c15579476e2c,null
dfd546c8-dac4-41aa-9ecc-1027e1e2369c,00000000-0000-0000-0000-000000000001,8a235718-7769-447f-ac47-d37aa798b932,2026-04-16,present,09:45:00,17:37:00,2026-06-29 05:41:02.873815+00,j57a1nxh5e1gddej3s43fdwt9n84y75k,62c02127-8df4-4bfa-bdae-f362fc72218b,null
ec0d84ee-3d28-45fa-bbda-baf226f69708,00000000-0000-0000-0000-000000000001,d37b144f-0bcd-4941-b1cf-e594fa52bb72,2026-04-16,late,10:05:00,23:59:00,2026-06-29 05:41:05.979232+00,j575ra438myc5srtqfwt9zs6xs84yd04,b860cb15-f71a-42fc-9c95-ccc19efbd2fa,null
ee19684e-c7b9-4c50-a508-1131f08076c1,00000000-0000-0000-0000-000000000001,274203e6-35e8-4868-8bd2-9908f516b497,2026-04-16,present,09:43:00,18:32:00,2026-04-22 08:45:50.763395+00,null,8ad18da3-0f34-4ceb-93b1-8e6f55d2bc00,null
05d1e3b5-cb9e-40b4-a506-1ef6a21fb378,00000000-0000-0000-0000-000000000001,1da9e75d-51ab-4a53-9fc5-222ba2c12524,2026-04-17,present,09:38:00,17:46:00,2026-04-22 08:45:50.763395+00,j57ctqzt3wahtvs7a4ndkkj15h8506sj,3f390a41-4fcc-498c-80a2-ade0fe900fe0,null
3d2ee1c3-f20c-4e7b-9938-2bbdcc3ec1d4,00000000-0000-0000-0000-000000000001,fc505e28-6210-49c3-b873-e10e86ec7b92,2026-04-17,late,09:54:00,18:42:00,2026-06-29 05:40:56.166722+00,j57cavaxrw96yv0325gnayf7en850rd9,ce948876-2ec3-4970-865b-97023fefc0e9,null
44670366-badf-42f1-9474-7f5ff860e2ac,00000000-0000-0000-0000-000000000001,c8176ba9-6167-46cd-8917-cee55f7fbace,2026-04-17,present,09:53:00,23:59:00,2026-04-22 08:45:50.763395+00,null,f1e8344f-c941-445b-b4dd-52a106f740f7,null
4dbb74d2-011f-4952-bdee-5e3f69268b72,00000000-0000-0000-0000-000000000001,509cadb2-fb85-403e-ab9a-43e9e7ec9555,2026-04-17,late,09:49:00,18:10:00,2026-06-29 05:40:54.610318+00,j57ec5nqmsn7k3jxsrj04hyqas8503mz,7ba7bdd9-e500-4c1b-aed0-ac55167268ad,null
4e450d13-0f72-4dd0-8503-76fd081410dd,00000000-0000-0000-0000-000000000001,8a235718-7769-447f-ac47-d37aa798b932,2026-04-17,present,09:41:00,23:59:00,2026-06-29 05:40:53.059961+00,j575f1b5e3428rz3x1t46a7bbd850vr9,d0ac27e7-b1ca-437f-b0a0-a6766211a2bd,null
63df291d-b720-42e3-9451-6c6c96b04a02,00000000-0000-0000-0000-000000000001,15b5f48a-0cb9-c73e-1c13-37fd5d8cb10b,2026-04-17,late,09:46:00,18:53:00,2026-04-22 08:45:50.763395+00,j57b23p0fgek2cdjnjb14mb3yx851amd,9b13d261-f9a3-46ab-b128-92150d645fba,null
99aca8fb-2750-4ac8-bb89-d8ac5b38e42a,00000000-0000-0000-0000-000000000001,39523891-bab0-6a9f-129b-2f5b51ea3e37,2026-04-17,late,10:28:00,19:19:00,2026-04-22 08:45:50.763395+00,j57e6pva261pqbxc9g3zm52rn1851rj6,60ea7cfe-193c-482c-9651-c24d6673cf9d,null
be610edc-7830-4b1e-8e47-5964252b9efd,00000000-0000-0000-0000-000000000001,274203e6-35e8-4868-8bd2-9908f516b497,2026-04-17,present,10:33:00,18:37:00,2026-04-22 08:45:50.763395+00,null,22625b7e-27ce-445c-8531-6032c1ab20bb,null
c21f0824-d6d6-4afe-96e7-bdc5085d5b5e,00000000-0000-0000-0000-000000000001,caa1b17f-0db5-461e-839a-11c3d9d05c03,2026-04-17,present,09:41:00,23:59:00,2026-04-22 08:45:50.763395+00,null,f8f9d05b-0d99-454e-bddf-cf6c288132c6,null
c7d9f413-f0f2-4991-b72a-d14cb5810d11,00000000-0000-0000-0000-000000000001,9c20c187-fe47-4647-a49b-6825e23b7920,2026-04-17,late,09:49:00,18:08:00,2026-06-29 05:40:55.378575+00,j5783xzgmny6cej5eksv49t2j1851zs9,24390a90-2c8c-4d74-8479-1d7c6d9e786c,null
ca6b0901-b2a0-489b-b721-bbbb9a3f883b,00000000-0000-0000-0000-000000000001,d37b144f-0bcd-4941-b1cf-e594fa52bb72,2026-04-17,late,10:21:00,23:59:00,2026-06-29 05:40:57.708597+00,j578x06jz40g3yzcvbazmabfyh850xq6,a74be679-57cb-4666-841c-34cb94119336,null
e2dec67f-aab3-472d-a2bb-16881f53508e,00000000-0000-0000-0000-000000000001,6f31fda3-2faa-430a-b07e-6990d93e6a44,2026-04-17,present,10:21:00,23:59:00,2026-04-22 08:45:50.763395+00,null,9aae3ead-4be2-4d13-ba78-39b3cc1d5261,null
fdb967b4-6cb5-4eb2-876c-a51d6aeed990,00000000-0000-0000-0000-000000000001,3b4c72de-80d1-4df4-8fbf-1147100d54dc,2026-04-17,late,09:53:00,23:59:00,2026-06-29 05:40:56.922132+00,j57epp0sjr3sm8zyqssmqjmn6s850h11,7d3f28db-f98e-437d-bcfc-2dc904e8d45e,null
1330aed6-b9df-483e-ab6e-de1f68d3fdc5,00000000-0000-0000-0000-000000000001,b21e8a0e-5076-9666-21ba-fb6b06140f1b,2026-04-18,late,10:46:00,19:02:00,2026-06-29 05:40:51.510907+00,j57c8e6tsfhv3e0nct0c5eahy585299g,8ecc907d-b0d6-4625-a4b4-1c45e0647347,null
20790702-0f77-4010-bfb5-be540abbc42e,00000000-0000-0000-0000-000000000001,39523891-bab0-6a9f-129b-2f5b51ea3e37,2026-04-18,late,10:41:00,23:59:00,2026-04-22 08:45:50.763395+00,j571pdgwg9cmb9edrdbkgynbnd8538ff,c63deac7-3821-440f-8b5a-d625655f3a17,null
31039cae-7e69-466c-9b57-07a25f3deafc,00000000-0000-0000-0000-000000000001,15b5f48a-0cb9-c73e-1c13-37fd5d8cb10b,2026-04-18,late,10:45:00,23:59:00,2026-04-22 08:45:50.763395+00,j575vf54388v5xh61m9c4ewexd853jv5,c8aa56c8-9975-4cb6-a872-602d7475af04,null
544aca93-f492-4dbc-8d50-8878b7e52d84,00000000-0000-0000-0000-000000000001,d37b144f-0bcd-4941-b1cf-e594fa52bb72,2026-04-18,late,10:01:00,23:59:00,2026-06-29 05:40:48.141324+00,j57cn55za6ymvrk0xncq8qms29853zca,dcdf359e-22b6-42a8-b0ae-89c8b3f40dc3,null
5facdba0-bb3a-4f15-9dac-9177925cdf06,00000000-0000-0000-0000-000000000001,1da9e75d-51ab-4a53-9fc5-222ba2c12524,2026-04-18,late,10:19:00,18:34:00,2026-04-22 08:45:50.763395+00,j575qakjy6rrczgvbchrv62k0d853ce5,51ba3b0a-71c8-4837-b3b8-ad73c1a21f28,null
62040b08-fc32-482f-87a2-8608dcd73164,00000000-0000-0000-0000-000000000001,caa1b17f-0db5-461e-839a-11c3d9d05c03,2026-04-18,present,09:41:00,17:36:00,2026-04-22 08:45:50.763395+00,null,0db3223c-f190-4eed-9c9c-74643bdb798f,null
649a6f49-f71f-4a6b-8f6e-4cdca19307b2,00000000-0000-0000-0000-000000000001,fc505e28-6210-49c3-b873-e10e86ec7b92,2026-04-18,present,09:30:00,19:03:00,2026-06-29 05:40:44.278656+00,j57534frcmcpf07mf4kyywgcj9852mjh,2c8cccae-be1c-4068-8c71-0c7bf408910b,null
6e04a7b5-bff0-4452-a3bc-6ad4f2c26edf,00000000-0000-0000-0000-000000000001,c8176ba9-6167-46cd-8917-cee55f7fbace,2026-04-18,present,09:45:00,23:59:00,2026-04-22 08:45:50.763395+00,null,8f1d0f19-c3cc-4c9e-8c79-ad41efc7a19a,null
8b0ff7e4-f7ba-456f-960e-f2307448f3fb,00000000-0000-0000-0000-000000000001,509cadb2-fb85-403e-ab9a-43e9e7ec9555,2026-04-18,late,09:46:00,18:10:00,2026-06-29 05:40:47.390064+00,j57exdpcqmvw776f1t9d98cgfn852d1j,7a320725-9761-405d-9cdd-de0986bf1827,null
adbb46a7-080c-4c9f-a0b0-54452ac3654c,00000000-0000-0000-0000-000000000001,274203e6-35e8-4868-8bd2-9908f516b497,2026-04-18,present,10:04:00,20:43:00,2026-04-22 08:45:50.763395+00,null,90846cb3-4291-4b78-99ea-9fe151ed6e37,null
b8096f35-dbcc-47ad-899d-e1190a30be5e,00000000-0000-0000-0000-000000000001,9c20c187-fe47-4647-a49b-6825e23b7920,2026-04-18,present,09:41:00,17:47:00,2026-04-22 08:45:50.763395+00,j577vnzvx7kbz5dh8amcnjr509852ae6,465bdf81-c004-4a1a-9d04-138be9a748f0,null
c2b801a0-05a9-4f58-98c1-a207553b9947,00000000-0000-0000-0000-000000000001,3b4c72de-80d1-4df4-8fbf-1147100d54dc,2026-04-18,present,09:45:00,23:59:00,2026-06-29 05:40:46.604269+00,j57db6s8smt8ftwtgs25vc2nsn8527m9,7a92b8a0-f6b9-4c49-be24-72fa0627124f,null
f4088936-f579-45ca-8323-c76940a5c7b3,00000000-0000-0000-0000-000000000001,8a235718-7769-447f-ac47-d37aa798b932,2026-04-18,present,09:41:00,17:36:00,2026-06-29 05:40:45.844407+00,j577mmexrnhhn186e2zv1g2e49852118,4ff7df9e-d1b9-430b-9b71-0052de3ba3a0,null
fd49d0ad-13a1-4889-9984-52a756e16971,00000000-0000-0000-0000-000000000001,6f31fda3-2faa-430a-b07e-6990d93e6a44,2026-04-18,present,10:01:00,23:59:00,2026-04-22 08:45:50.763395+00,null,adc3d5d4-4053-48a7-b407-64d950ea4645,null
ba5fc8b5-f3ac-4eae-966c-f647d825c690,00000000-0000-0000-0000-000000000001,274203e6-35e8-4868-8bd2-9908f516b497,2026-04-19,present,10:42:00,23:59:00,2026-04-22 08:45:50.763395+00,null,fc0e640a-cc00-4bd2-9965-158349a9d681,null
257af1e7-3d5f-419d-9f7f-f3307dee1250,00000000-0000-0000-0000-000000000001,c8176ba9-6167-46cd-8917-cee55f7fbace,2026-04-20,present,10:19:00,23:59:00,2026-04-22 08:45:50.763395+00,null,cdd0d207-d4c6-4b08-bea4-5c6c3acc3a85,null
356583f4-73dd-49ea-b11b-bf4ff66fb3e1,00000000-0000-0000-0000-000000000001,d37b144f-0bcd-4941-b1cf-e594fa52bb72,2026-04-20,late,10:20:00,23:59:00,2026-06-29 05:40:41.417399+00,j577fw3w9cn9m7ed64gkq696md856kd6,98e5e178-7428-45b7-a5ce-47ff477ff657,null
422458c4-646a-4737-a32a-cb78b0f30e49,00000000-0000-0000-0000-000000000001,509cadb2-fb85-403e-ab9a-43e9e7ec9555,2026-04-20,late,09:57:00,17:59:00,2026-06-29 05:40:36.744468+00,j573wsn2n0gvjj80ee88cf692d856d0z,ebdecaaa-c258-46d6-a694-6cbd270242f1,null
47f1785b-43e7-41dc-9594-e15c21f91770,00000000-0000-0000-0000-000000000001,15b5f48a-0cb9-c73e-1c13-37fd5d8cb10b,2026-04-20,late,10:17:00,23:59:00,2026-04-22 08:45:50.763395+00,j579x7bq9xej9c503k2ycs86ph856eh7,a8e4e2cb-1bf9-494b-a0ca-bb7bee7824ed,null
518df9d3-c044-4af6-89c7-84fdfbf5c1a5,00000000-0000-0000-0000-000000000001,b21e8a0e-5076-9666-21ba-fb6b06140f1b,2026-04-20,late,10:12:00,23:59:00,2026-04-22 08:45:50.763395+00,j57fec5v6gehh4sjc9qe1ba47d856vp9,08721f21-155a-42cc-a66b-816a7b19bea9,null
5bf91f07-f802-4a43-bcb5-0b13838a62cc,00000000-0000-0000-0000-000000000001,6f31fda3-2faa-430a-b07e-6990d93e6a44,2026-04-20,present,10:20:00,23:59:00,2026-04-22 08:45:50.763395+00,null,89820c9c-6744-4f41-9423-8928539eeceb,null
5e606341-1ba0-488e-b2e9-d17024b191fa,00000000-0000-0000-0000-000000000001,fc505e28-6210-49c3-b873-e10e86ec7b92,2026-04-20,late,09:53:00,19:03:00,2026-06-29 05:40:35.973224+00,j576qnfk3nad4s22248jk4q8th856dtw,1089ed65-4264-436a-8685-d685d68cd30b,null
7a4fa511-7db6-4d0b-b025-9b411b2d0ed7,00000000-0000-0000-0000-000000000001,1da9e75d-51ab-4a53-9fc5-222ba2c12524,2026-04-20,late,10:11:00,18:12:00,2026-04-22 08:45:50.763395+00,j57f2h4at789vdyggjaxdjq1w185706a,32b7fc48-26b0-4a1b-97ec-14c7e17747e7,null
90d2422c-7c66-4ea6-9e0c-43f8156b74d3,00000000-0000-0000-0000-000000000001,39523891-bab0-6a9f-129b-2f5b51ea3e37,2026-04-20,present,10:03:00,23:59:00,2026-04-22 08:45:50.763395+00,null,f22d1944-8b1d-4e67-acac-54ba7baaf4ac,null
b56415db-e652-493b-b3e0-75dffcf63409,00000000-0000-0000-0000-000000000001,caa1b17f-0db5-461e-839a-11c3d9d05c03,2026-04-20,present,10:21:00,23:59:00,2026-04-22 08:45:50.763395+00,null,675a821f-7ae9-410f-aa7d-bcfd866924f3,null
bcf2231e-b040-40a7-b2b5-1bc57b73e97f,00000000-0000-0000-0000-000000000001,9c20c187-fe47-4647-a49b-6825e23b7920,2026-04-20,late,10:03:00,23:59:00,2026-04-22 08:45:50.763395+00,j5703s3vkzeka7brw7z1w94d29857t2n,88cbdd9a-fcd6-4c80-8dc9-b6c0079c23c1,null
beba584a-f549-4585-b9eb-1d5395b2c792,00000000-0000-0000-0000-000000000001,f7dd430d-c6a9-43ea-98b1-be8e0ea84bf6,2026-04-20,late,10:22:00,23:59:00,2026-06-29 05:40:42.974716+00,j5777w4s9m497eymd95g9w4jhs857fk4,728e1ede-334e-413e-a556-5cc8664edd9e,null
ea51fcc2-69b7-4a18-8dad-3804140c5252,00000000-0000-0000-0000-000000000001,8a235718-7769-447f-ac47-d37aa798b932,2026-04-20,late,10:21:00,23:59:00,2026-06-29 05:40:42.217406+00,j57chzqehd19s44z2a1n876sps856rqt,59b314ac-1af3-425e-a8e0-8ca51ca1f905,null
edcb4d39-71d1-41e1-80cc-c80daaca1b86,00000000-0000-0000-0000-000000000001,3b4c72de-80d1-4df4-8fbf-1147100d54dc,2026-04-20,late,10:19:00,23:59:00,2026-06-29 05:40:40.662624+00,j578fa13b6ensxz2ab8jq5pge98569dz,532b7368-e97d-4cd8-aa4b-30aa16d6bc46,null
fb627f9e-4289-4fbe-a509-b7b8cee5f449,00000000-0000-0000-0000-000000000001,274203e6-35e8-4868-8bd2-9908f516b497,2026-04-20,present,10:26:00,18:32:00,2026-04-22 08:45:50.763395+00,null,b32b3476-64c4-4165-8b1c-c8a2f84e2ece,null
05737460-31af-49f0-bea0-187b9f531788,00000000-0000-0000-0000-000000000001,fc505e28-6210-49c3-b873-e10e86ec7b92,2026-04-21,present,09:31:00,18:07:00,2026-06-29 05:40:28.112313+00,j577qksn5gntqtw70bqc1dhfs9859nab,f666761d-40c3-4696-89c5-3fe3f34e0a68,null
1285312c-a501-4c46-863f-97b5af62c98e,00000000-0000-0000-0000-000000000001,d37b144f-0bcd-4941-b1cf-e594fa52bb72,2026-04-21,late,09:58:00,23:59:00,2026-06-29 05:40:33.603225+00,j57a65bn53kygq73xan68ajjjd859vdd,619de6f4-8797-4201-b44f-64d3e9f652bc,null
39adc692-a764-40a1-9ae6-f2ee725e1bfa,00000000-0000-0000-0000-000000000001,b21e8a0e-5076-9666-21ba-fb6b06140f1b,2026-04-21,present,09:46:00,null,2026-04-22 08:45:50.763395+00,null,6ad971ca-96ee-4154-8c9d-d36461b677ca,null
5e0639f3-e99c-4656-b2cf-e544382cd9f4,00000000-0000-0000-0000-000000000001,f7dd430d-c6a9-43ea-98b1-be8e0ea84bf6,2026-04-21,late,09:46:00,23:59:00,2026-06-29 05:40:32.043446+00,j579qtmnj9wyfy9gvy89cd0wyx85810j,1f6ee66f-2a7c-476f-92bb-efc33c5c45bd,null
69b2ce46-86ab-42bd-99f1-8c0d86a4662a,00000000-0000-0000-0000-000000000001,509cadb2-fb85-403e-ab9a-43e9e7ec9555,2026-04-21,late,09:55:00,18:05:00,2026-06-29 05:40:32.837602+00,j57csw9zsap4s1vxazbdb3aw55858p92,ef99a5f2-c500-4c2c-9a7e-c43b331ac5f2,null
7f09db39-cffb-4d0e-893a-8e23ec156aed,00000000-0000-0000-0000-000000000001,8a235718-7769-447f-ac47-d37aa798b932,2026-04-21,present,09:40:00,23:59:00,2026-06-29 05:40:31.280064+00,j576en4fqxx7jfe38kfwd3eg5x859x68,15145499-6442-43e3-8c3e-0f63e662cc8c,null
91364657-6384-47b3-b3b4-afeabed7d54e,00000000-0000-0000-0000-000000000001,6f31fda3-2faa-430a-b07e-6990d93e6a44,2026-04-21,present,09:58:00,null,2026-04-22 08:45:50.763395+00,null,d24d6a2d-b167-4e7a-93d6-957e8a9812d0,null
9bd6c7bc-71b1-44a3-9d22-f6e6b2b05ed2,00000000-0000-0000-0000-000000000001,3b4c72de-80d1-4df4-8fbf-1147100d54dc,2026-04-21,present,09:34:00,23:59:00,2026-06-29 05:40:28.89189+00,j578j5ezrjjqrxvbgj9jpahy1x85906w,bacd2aff-6b6d-46a2-b8d1-46f3f22b8733,null
a1c49f78-4da3-47a4-b364-548f2f8e2615,00000000-0000-0000-0000-000000000001,caa1b17f-0db5-461e-839a-11c3d9d05c03,2026-04-21,present,09:40:00,null,2026-04-22 08:45:50.763395+00,null,56a33fc0-57ae-493a-98ed-a9870373f1e9,null
aa8169f9-cfbf-40a4-bf80-a67cef28a533,00000000-0000-0000-0000-000000000001,274203e6-35e8-4868-8bd2-9908f516b497,2026-04-21,present,09:20:00,19:16:00,2026-04-22 08:45:50.763395+00,null,32bdec63-dac2-4b67-8976-fff701b0ad55,null
b1d021ec-8057-4b49-b8be-4dc48f18b467,00000000-0000-0000-0000-000000000001,39523891-bab0-6a9f-129b-2f5b51ea3e37,2026-04-21,late,10:20:00,18:41:00,2026-04-22 08:45:50.763395+00,j5730wz89zc4jarfdcth8tdfbh859r2w,744b8045-80ab-4901-8b4f-62d80e73d572,null
d2f34f2f-8cc5-40b2-9c41-8c6748f5c497,00000000-0000-0000-0000-000000000001,9c20c187-fe47-4647-a49b-6825e23b7920,2026-04-21,present,09:38:00,17:36:00,2026-06-29 05:40:29.683227+00,j571mm007nhkwvz6c4814vfww5859v8f,0edfaf6d-dc3a-437c-9616-12537b0f892f,null
e4b2eb73-4498-4323-9a42-382a1bc6c91c,00000000-0000-0000-0000-000000000001,15b5f48a-0cb9-c73e-1c13-37fd5d8cb10b,2026-04-21,late,09:42:00,18:42:00,2026-04-22 08:45:50.763395+00,j573h3hnyna93dfks6eea2b9n9858sqy,94df0b5f-9759-4946-b7b2-b30041ed4650,null
e528d158-2411-4bf0-83ef-c394a7a3384f,00000000-0000-0000-0000-000000000001,1da9e75d-51ab-4a53-9fc5-222ba2c12524,2026-04-21,present,09:39:00,18:16:00,2026-04-22 08:45:50.763395+00,j5796rtqb763aw9jrxc1xg08dh858fgk,4089937c-99e9-4987-9823-8117cc3d27a3,null
f6a8a5d1-0a93-4cfa-94d8-8069b3eedcde,00000000-0000-0000-0000-000000000001,c8176ba9-6167-46cd-8917-cee55f7fbace,2026-04-21,present,09:34:00,null,2026-04-22 08:45:50.763395+00,null,fe5f2712-18c8-4d30-b02a-9754d4d472ef,null
0938ec52-852e-4def-bb3c-33bada051055,00000000-0000-0000-0000-000000000001,509cadb2-fb85-403e-ab9a-43e9e7ec9555,2026-04-22,late,09:53:00,18:02:00,2026-06-29 05:40:24.723261+00,j576jj7y9d3mnq1647g6d8yxx985brhd,835d8b73-9683-4796-ba10-e0edfb0b456f,null
0eaa1cb4-a3a4-4450-8f41-3c12922e030b,00000000-0000-0000-0000-000000000001,caa1b17f-0db5-461e-839a-11c3d9d05c03,2026-04-22,present,09:34:00,null,2026-04-22 08:45:50.763395+00,null,ad0fa077-59b9-4d69-b63b-edffc6c86301,null
1462681a-f8a3-4615-a46d-5f864ded183f,00000000-0000-0000-0000-000000000001,6f31fda3-2faa-430a-b07e-6990d93e6a44,2026-04-22,present,10:00:00,null,2026-04-22 08:45:50.763395+00,null,a1da5928-1836-4185-bd64-28bcff2a3256,null
1d983915-563a-4810-88bf-e6d865809777,00000000-0000-0000-0000-000000000001,f7dd430d-c6a9-43ea-98b1-be8e0ea84bf6,2026-04-22,late,09:50:00,23:59:00,2026-06-29 05:40:23.905557+00,j57dv8856jjsz4hmjscsb4hban85bpxs,7747d93a-ebb6-46fb-9ebf-6179b3b5bf60,null
2ddab8cf-ce1d-4eac-b75d-3c9deb3514cf,00000000-0000-0000-0000-000000000001,39523891-bab0-6a9f-129b-2f5b51ea3e37,2026-04-22,present,09:34:00,null,2026-04-22 08:45:50.763395+00,null,f9677e4f-a80a-4912-a49e-2a36963a606d,null
3c4d3301-671f-439e-9378-e7d7858490ee,00000000-0000-0000-0000-000000000001,3b4c72de-80d1-4df4-8fbf-1147100d54dc,2026-04-22,present,09:38:00,23:59:00,2026-06-29 05:40:23.108315+00,j57c3kdt2snqff6jgks0dc79th85aezz,1da3c998-4572-4570-a310-2f8ab2a1849c,null
5495ea12-e8e5-458c-9acb-942f0568f36f,00000000-0000-0000-0000-000000000001,c8176ba9-6167-46cd-8917-cee55f7fbace,2026-04-22,present,09:38:00,null,2026-04-22 08:45:50.763395+00,null,21e16e45-a50f-4eaa-b2e1-aa1e9139aefb,null
5e71f2dd-037b-40a9-9604-48a1da341d1b,00000000-0000-0000-0000-000000000001,b21e8a0e-5076-9666-21ba-fb6b06140f1b,2026-04-22,late,10:02:00,23:59:00,2026-04-22 08:45:50.763395+00,j573ws51ygmr40jq82ptrk60tx85aexc,c5ec8738-d81f-4ccc-b5c3-2c0b413bba95,null
69b1fe01-a01c-43a7-914d-72479ab99ada,00000000-0000-0000-0000-000000000001,fc505e28-6210-49c3-b873-e10e86ec7b92,2026-04-22,present,09:31:00,17:47:00,2026-06-29 05:40:20.79156+00,j5724411q650xfq7ggm3gppws185bbt7,0d6da18b-17aa-4107-8ce9-8a09ffd1e5b2,null
abf0c2b4-0675-4719-b72f-fc7fc9cb6b31,00000000-0000-0000-0000-000000000001,15b5f48a-0cb9-c73e-1c13-37fd5d8cb10b,2026-04-22,late,10:03:00,23:59:00,2026-04-22 08:45:50.763395+00,j57eev8xe8zc2585zjfy265pfd85ahft,3d4c4a5e-08de-45aa-bb2a-6e0be06559b3,null
e5ea4a09-244e-4d6c-8d87-03cca78b2bc1,00000000-0000-0000-0000-000000000001,9c20c187-fe47-4647-a49b-6825e23b7920,2026-04-22,present,09:34:00,17:48:00,2026-04-22 08:45:50.763395+00,j5778ft6mqg93d8fdfw5fz4n1d85bbat,d47347e9-66e7-4f8b-886e-b95bae09c232,null
ee4f6453-034e-4502-85e8-8d7b36fa1c6c,00000000-0000-0000-0000-000000000001,1da9e75d-51ab-4a53-9fc5-222ba2c12524,2026-04-22,present,09:30:00,18:56:00,2026-04-22 08:45:50.763395+00,j575yff413bq6nnrx1ztg956r985bzyc,f1acfb24-ae86-4d07-b2dd-887906a0bd13,null
f72cf7c7-f281-4452-bbb6-d295b23647b9,00000000-0000-0000-0000-000000000001,8a235718-7769-447f-ac47-d37aa798b932,2026-04-22,present,09:34:00,23:59:00,2026-06-29 05:40:22.344472+00,j578t87pzmtcxxek366ek63san85brm6,28c25fc3-2a11-420d-82d1-2287b1f305d5,null
f8f7e3aa-d950-4573-bbca-29f82e4fe41e,00000000-0000-0000-0000-000000000001,d37b144f-0bcd-4941-b1cf-e594fa52bb72,2026-04-22,late,10:00:00,23:59:00,2026-06-29 05:40:25.512945+00,j57f9d9z1wmcsay0nw30qnfsss85adpj,01584693-49eb-4bcc-9966-00de7e59fed7,null
4cdbddee-1cc2-4326-94e8-1e9b0221d549,00000000-0000-0000-0000-000000000001,9c20c187-fe47-4647-a49b-6825e23b7920,2026-04-23,present,09:04:00,23:59:00,2026-06-29 05:40:15.837562+00,j575gmvxgmnv4dmwa4dtqvayzx85cgq9,3a7aa4ac-3cf4-47fa-b148-cb7bd561e737,null
7f35522a-bbbc-4226-a159-3318cec10485,00000000-0000-0000-0000-000000000001,8a235718-7769-447f-ac47-d37aa798b932,2026-04-23,present,09:38:00,23:59:00,2026-06-29 05:40:17.393883+00,j57bks5s4gr5gzwara3487sd6985d6j3,b3219e06-d6c7-4846-9f71-3102f5068c30,null
a1568f3b-f5e2-483e-a672-899f4027aa82,00000000-0000-0000-0000-000000000001,f7dd430d-c6a9-43ea-98b1-be8e0ea84bf6,2026-04-23,late,10:36:00,23:59:00,2026-06-29 05:40:19.23192+00,j57c0k3r7gaq2p3bcyar7t9h0985ca94,0e78c100-9777-4131-9f82-d160b850cbb7,null
b650a233-d5f5-47e4-8f7a-0f9057f9dc7b,00000000-0000-0000-0000-000000000001,1da9e75d-51ab-4a53-9fc5-222ba2c12524,2026-04-23,present,09:35:00,23:59:00,2026-06-29 05:40:16.628463+00,j572pw5m3b0ra7nxwx3d74a36s85c6fb,220011fa-6fe4-4f79-a79d-5178d54c2e15,null
dd760a13-119f-4248-8496-77325de0aaba,00000000-0000-0000-0000-000000000001,d37b144f-0bcd-4941-b1cf-e594fa52bb72,2026-04-23,late,09:55:00,23:59:00,2026-06-29 05:40:18.185921+00,j572tjp2x1qj24cxfyweftc9fh85dw1x,b0efdaea-ce8d-45d7-9192-92ec436da8cc,null
034e8f14-6fc9-497e-b84d-28aaf3a27d7e,00000000-0000-0000-0000-000000000001,1da9e75d-51ab-4a53-9fc5-222ba2c12524,2026-04-24,late,09:50:00,18:32:00,2026-06-29 05:40:13.280386+00,j574ny37363np2y7z7mf97678185ex6g,d03fbef1-4bec-4667-aafb-a5d827373012,null
1717a15f-45c7-4647-a6b8-9ab50634afde,00000000-0000-0000-0000-000000000001,d37b144f-0bcd-4941-b1cf-e594fa52bb72,2026-04-24,late,09:52:00,23:59:00,2026-06-29 05:40:14.811714+00,j576gntsqq4tw633hwjnzwrc4n85f16b,b4037d4b-e585-47da-bc73-0b360c4333dc,null
3983ada3-cf86-48be-8865-b8cdcabb23c8,00000000-0000-0000-0000-000000000001,3b4c72de-80d1-4df4-8fbf-1147100d54dc,2026-04-24,late,09:46:00,23:59:00,2026-06-29 05:40:11.6947+00,j5775rjpdmbkhew03nv1jnczn985ew8q,f95caef5-72a2-4c23-9ec3-df9ce9084b2f,null
745cad8d-8ca4-49a5-9829-ba2830337624,00000000-0000-0000-0000-000000000001,fc505e28-6210-49c3-b873-e10e86ec7b92,2026-04-24,late,09:50:00,18:01:00,2026-06-29 05:40:14.052567+00,j57ffgs5p811c43mxkmznavsj985ee4e,8c1e32db-e61d-4d1b-b0f5-74394c8252b2,null
9fe02f4f-cf6e-44e4-bc57-69eecc9e7fbf,00000000-0000-0000-0000-000000000001,9c20c187-fe47-4647-a49b-6825e23b7920,2026-04-24,present,09:43:00,17:33:00,2026-06-29 05:40:10.12253+00,j57eq821vx2yz48xz4vv0b5b7185e0gh,d0f19299-0f0c-47f8-b085-7f7ed46c6090,null
cd05cad9-0490-445f-872e-e0947a735b0e,00000000-0000-0000-0000-000000000001,f7dd430d-c6a9-43ea-98b1-be8e0ea84bf6,2026-04-24,present,09:43:00,23:59:00,2026-06-29 05:40:10.907517+00,j572ftetq9qjh92v5ae0b500c985f08f,fb85523f-4d3b-4fc1-8a36-838427539613,null
eab66282-cdec-4efa-9064-b03c16d1994b,00000000-0000-0000-0000-000000000001,8a235718-7769-447f-ac47-d37aa798b932,2026-04-24,late,09:47:00,23:59:00,2026-06-29 05:40:12.488442+00,j57cnz2ft18xcbf4nan4hdbzvx85emh9,4e522e29-7b44-4805-aa82-c7caea4b477b,null
097dac03-2114-4a62-b442-16dd8743dfb6,00000000-0000-0000-0000-000000000001,fc505e28-6210-49c3-b873-e10e86ec7b92,2026-04-25,present,09:35:00,18:09:00,2026-06-29 05:40:06.743927+00,j579pvvt2ywh8qj2d2k9es225985g15m,fe3bb115-7b89-45db-93fc-f87c7547d3ff,null
1ab71784-070c-4f8d-9b85-40294e68add5,00000000-0000-0000-0000-000000000001,1da9e75d-51ab-4a53-9fc5-222ba2c12524,2026-04-25,late,09:53:00,18:18:00,2026-06-29 05:40:09.092022+00,j575mevdke0shjjgd87y2x6s0s85g123,8d11c7bf-d93a-4acb-a983-065c4d7e2046,null
1e0ce80f-a5a3-4b51-ba0a-e6e42fa13b10,00000000-0000-0000-0000-000000000001,8a235718-7769-447f-ac47-d37aa798b932,2026-04-25,present,09:31:00,23:59:00,2026-06-29 05:40:05.173545+00,j57ev4kfhqrd3b9aq7vnbn71v585gb92,0adff398-2db0-400f-bd2b-b92846f8f6c3,null
43ccd2ed-c7d6-4856-95ac-7930ac740881,00000000-0000-0000-0000-000000000001,f7dd430d-c6a9-43ea-98b1-be8e0ea84bf6,2026-04-25,present,09:38:00,23:59:00,2026-06-29 05:40:07.514513+00,j57f04rxj25rye9ntz2tyemnm185gyd6,66bce0b7-4d41-4436-93f1-9d4a1231339b,null
9fb879e1-b991-423e-9234-58830957d296,00000000-0000-0000-0000-000000000001,3b4c72de-80d1-4df4-8fbf-1147100d54dc,2026-04-25,present,09:33:00,23:59:00,2026-06-29 05:40:05.937655+00,j578q228ebdsmf58k37jt4sfb185hpvp,74515e57-a23d-4fd8-9695-bb58b69871a6,null
d61a82d0-fdfc-47c4-bfbe-1c8b2e6b6b2d,00000000-0000-0000-0000-000000000001,d37b144f-0bcd-4941-b1cf-e594fa52bb72,2026-04-25,late,09:53:00,23:59:00,2026-06-29 05:40:08.295396+00,j572z5s6trv924aks06fnhr89x85gr6b,1fb6edc6-0342-4c2b-9374-846538e91398,null
e08ce631-366a-4893-92b0-2e3c93f48887,00000000-0000-0000-0000-000000000001,9c20c187-fe47-4647-a49b-6825e23b7920,2026-04-25,present,09:31:00,17:36:00,2026-06-29 05:40:04.388241+00,j57davkjmk400y96qr85xzdkqd85hqmw,f0f2414a-41e1-48fe-98fb-9d5fd749dda6,null
12a26fdc-d4c6-4c55-b762-13e2ca7398be,00000000-0000-0000-0000-000000000001,8a235718-7769-447f-ac47-d37aa798b932,2026-04-27,present,09:42:00,23:59:00,2026-06-29 05:39:59.223753+00,j576hjz7jaj5n49cp3nk1cz60s85mpp5,9dc585da-5d67-4017-9933-3c7ef1f0c496,null
83972200-e12b-420b-88bd-d7594c891865,00000000-0000-0000-0000-000000000001,509cadb2-fb85-403e-ab9a-43e9e7ec9555,2026-04-27,late,09:52:00,17:57:00,2026-06-29 05:39:59.998762+00,j570yn4ewmm9xe9969pf4dcp4185n0q1,8785b897-79fe-4f30-8f82-4ba1d06aed49,null
8b48d322-e6a8-4801-a2dc-93098730e62b,00000000-0000-0000-0000-000000000001,fc505e28-6210-49c3-b873-e10e86ec7b92,2026-04-27,late,10:15:00,18:31:00,2026-06-29 05:40:02.324021+00,j57351rtwmmc9cjq4dxczxmb8585ms64,19a38d95-80de-4b23-a880-ee7c0f1dfaa2,null
933163d5-2ffa-4483-b5d6-387429a2f6c5,00000000-0000-0000-0000-000000000001,15b5f48a-0cb9-c73e-1c13-37fd5d8cb10b,2026-04-27,late,10:36:00,23:59:00,2026-06-29 05:40:03.352456+00,j57cwwgvebq7yh31dkv6jwrb6985nrvb,e950f7ff-45d9-4c09-a2cc-4e4ecdba96ff,null
a2f8d4be-0552-4206-9a46-f8b608c42d35,00000000-0000-0000-0000-000000000001,3b4c72de-80d1-4df4-8fbf-1147100d54dc,2026-04-27,late,10:02:00,23:59:00,2026-06-29 05:40:00.779994+00,j577akd4qkahwxaptfvejfyf2585meg1,d38b6bf8-8a3c-416c-8bcb-2bd4c305bce6,null
e031a08c-3731-4519-9796-ceef1ca4062a,00000000-0000-0000-0000-000000000001,1da9e75d-51ab-4a53-9fc5-222ba2c12524,2026-04-27,present,06:47:00,17:31:00,2026-06-29 05:39:58.461056+00,j574ymn5b45c18wj66azfb16an85m2sk,5d8f775a-fe75-4d3c-992e-7b0fe399f32d,null
ece0ce0c-0588-4336-84ca-dd53a8c3d417,00000000-0000-0000-0000-000000000001,f7dd430d-c6a9-43ea-98b1-be8e0ea84bf6,2026-04-27,late,10:06:00,23:59:00,2026-06-29 05:40:01.564878+00,j57a60mchxrgv7fqx7wc7c2t7185mgb1,0d2277e7-a927-42ec-8a58-efcdf7a4c260,null
0f0c7af0-54fd-4f2d-9966-800b286a98a3,00000000-0000-0000-0000-000000000001,f7dd430d-c6a9-43ea-98b1-be8e0ea84bf6,2026-04-28,present,09:41:00,23:59:00,2026-06-29 05:39:53.777969+00,j577dp6megnw4cjtydjrq5esn185q4hs,73fe1c01-b299-48da-821e-44800b9279f4,null
4d21caf5-22cb-45bf-af3b-cc06aaac1b4b,00000000-0000-0000-0000-000000000001,8a235718-7769-447f-ac47-d37aa798b932,2026-04-28,present,09:39:00,23:59:00,2026-06-29 05:39:52.213526+00,j5776z8en7h514q0d12jcrek0985qqgh,d5b706d8-ccaf-4375-82ff-0477301f42fe,null
5ba70398-9cbc-492b-b9ce-5ec7b9220166,00000000-0000-0000-0000-000000000001,1da9e75d-51ab-4a53-9fc5-222ba2c12524,2026-04-28,present,09:33:00,23:59:00,2026-06-29 05:39:51.44174+00,j57dv25c8tpahgjvavmr1n0hh585pzst,03bbac03-4a4b-4f33-8dcd-f474068ff9dc,null
6ef0a386-b7ba-4cba-9b56-9d35c4a81950,00000000-0000-0000-0000-000000000001,15b5f48a-0cb9-c73e-1c13-37fd5d8cb10b,2026-04-28,late,09:49:00,23:59:00,2026-06-29 05:39:54.562223+00,j578s4hnszt5ph2z1knaa0q28n85prkf,fdb7a817-18c0-4c54-a3f4-2d9f27037bec,null
7bf6982f-2b12-4b7b-8b98-c6806bb98102,00000000-0000-0000-0000-000000000001,509cadb2-fb85-403e-ab9a-43e9e7ec9555,2026-04-28,late,09:49:00,17:54:00,2026-06-29 05:39:55.356277+00,j57148b2a2wg0xddysacxjvxfn85p9tv,5a3fa62d-10b1-4a7a-9302-d5ece873b006,null
84408473-0ef9-42c4-aa9a-bc9361a91dcd,00000000-0000-0000-0000-000000000001,fc505e28-6210-49c3-b873-e10e86ec7b92,2026-04-28,late,09:50:00,18:22:00,2026-06-29 05:39:56.127509+00,j575wya934wy4x28jpgx0xcd5n85qkzt,5f8b23fb-a928-4028-ad32-f7639aa1fba3,null
b1a1d84a-b4c6-436b-9b43-743861745441,00000000-0000-0000-0000-000000000001,9c20c187-fe47-4647-a49b-6825e23b7920,2026-04-28,late,10:08:00,18:23:00,2026-06-29 05:39:57.686832+00,j575sys6me1fp0ad556hzvx7en85p5ce,cc0adf5c-0304-4fa1-9912-ac61e098b596,null
f5759638-c4c3-44e4-a70e-bce9bf9671c5,00000000-0000-0000-0000-000000000001,3b4c72de-80d1-4df4-8fbf-1147100d54dc,2026-04-28,present,09:40:00,23:59:00,2026-06-29 05:39:53.000532+00,j573hwn4znzc8yzcy2acf5az3s85ppsx,7f8840ae-e46c-4ed3-af22-27daa8396e34,null
f938a50b-33f6-42ed-a2b5-820293e72680,00000000-0000-0000-0000-000000000001,d37b144f-0bcd-4941-b1cf-e594fa52bb72,2026-04-28,late,09:58:00,23:59:00,2026-06-29 05:39:56.922264+00,j5714jbf3k0pd19f7n19j4vwf985pv4g,7e4bf1ba-7f48-4531-91c1-76f82e5e83ec,null
33acea62-049c-400f-be28-e4e0b68c46a4,00000000-0000-0000-0000-000000000001,39523891-bab0-6a9f-129b-2f5b51ea3e37,2026-04-29,late,18:44:00,23:59:00,2026-06-29 05:39:50.653422+00,j5794x17ktj0z2szyvhm2p87hn85spjn,7ac10323-aa96-4ae5-a3e3-e3e62f4c1d9e,null
38c94d35-cab8-434e-890a-016958240f2c,00000000-0000-0000-0000-000000000001,1da9e75d-51ab-4a53-9fc5-222ba2c12524,2026-04-29,late,10:02:00,18:07:00,2026-06-29 05:39:48.017424+00,j5719rbke4pxf4m3xc6tsyedx185skzy,e6bc0716-94e4-4920-b20c-e2e65450b988,null
5c241ccf-dd02-4c24-ad7e-b95d8b7b0b63,00000000-0000-0000-0000-000000000001,f7dd430d-c6a9-43ea-98b1-be8e0ea84bf6,2026-04-29,present,09:35:00,23:59:00,2026-06-29 05:39:44.143509+00,j575p8va5q17p9hbn8kabbysn585sn4g,ecf6e13d-23aa-438e-961e-00ddd4395e18,null
65aec5e6-8402-481d-aa19-c2a09a16fa26,00000000-0000-0000-0000-000000000001,509cadb2-fb85-403e-ab9a-43e9e7ec9555,2026-04-29,late,09:46:00,18:00:00,2026-06-29 05:39:45.696041+00,j57eg06jt4phj5g0qfanjqbntx85r17b,a009a190-cdf0-4806-8bf8-9e36e5758f6a,null
90d36d03-8955-44e5-b025-276d4ece2393,00000000-0000-0000-0000-000000000001,9c20c187-fe47-4647-a49b-6825e23b7920,2026-04-29,present,09:34:00,17:45:00,2026-06-29 05:39:43.342385+00,j57658g90bwxcrk4s8p03xxd6d85szbj,0a0deda2-cda1-4063-a33f-d48c718a4d05,null
916f5b8a-644d-4945-aaf0-d28f6facd454,00000000-0000-0000-0000-000000000001,fc505e28-6210-49c3-b873-e10e86ec7b92,2026-04-29,late,10:33:00,18:42:00,2026-06-29 05:39:49.89091+00,j5793rp5xpbgy13wep36pbgvsn85rmj3,9b60c77d-2161-4121-aa6e-fed688359905,null
9faf358f-bfa5-4553-834c-17439bb80b12,00000000-0000-0000-0000-000000000001,8a235718-7769-447f-ac47-d37aa798b932,2026-04-29,late,09:55:00,23:59:00,2026-06-29 05:39:47.243542+00,j57997e2kabs55aa2rx3pyndjd85rsbt,5171d753-214d-4c52-b912-6b4a04cd96e8,null
a0a285f6-de54-45dc-afaa-de9e5734c9a8,00000000-0000-0000-0000-000000000001,d37b144f-0bcd-4941-b1cf-e594fa52bb72,2026-04-29,late,09:50:00,23:59:00,2026-06-29 05:39:46.448718+00,j57ea2t7tra4bkbsrdkgq8rj0585r8q0,1ce54b62-39f2-4dce-9f58-38dab0a9cbc2,null
aac4d274-3dc0-453b-81aa-b9ac848070a1,00000000-0000-0000-0000-000000000001,3b4c72de-80d1-4df4-8fbf-1147100d54dc,2026-04-29,present,09:40:00,23:59:00,2026-06-29 05:39:44.893044+00,j5700syntk4wfx6xkx6685v04n85ssyv,46b30d1f-ef92-4864-bffc-239d043b5e1e,null
d0f97242-efa6-40f4-8f8b-8a6982e7b09f,00000000-0000-0000-0000-000000000001,15b5f48a-0cb9-c73e-1c13-37fd5d8cb10b,2026-04-29,late,10:14:00,18:44:00,2026-06-29 05:39:48.798648+00,j5708gbj1vbesb81crr83e7afs85sxwm,8a1f1abc-7ae7-4007-8e3e-9cbbaacdad7b,null
135a277f-9838-4051-b48a-87fe8f41422d,00000000-0000-0000-0000-000000000001,3b4c72de-80d1-4df4-8fbf-1147100d54dc,2026-04-30,present,09:37:00,23:59:00,2026-06-29 05:39:36.128572+00,j572tt2dhwxpg920xtj8avy11x85tpg8,bd03da14-293d-4542-8f8b-1c600b2a10a9,null
23fdc038-8589-40b8-aaf4-2f3b08191ba8,00000000-0000-0000-0000-000000000001,9c20c187-fe47-4647-a49b-6825e23b7920,2026-04-30,present,09:19:00,17:41:00,2026-06-29 05:39:35.346198+00,j579r4q4vf7mq86nck7p11824185vgkp,6440a412-87ef-4a78-9471-bab72078441e,null
359e6c01-8a9a-4aa8-83bf-d0879e4b1f9c,00000000-0000-0000-0000-000000000001,b21e8a0e-5076-9666-21ba-fb6b06140f1b,2026-04-30,late,16:08:00,23:59:00,2026-04-30 07:12:46.600491+00,j577ed2fa90tp2z7y9sday097x85vbsc,d74708f0-6115-4d3c-b969-f52d5d868946,null
3c02958d-a6ac-4dcf-8548-550595f40f1e,00000000-0000-0000-0000-000000000001,15b5f48a-0cb9-c73e-1c13-37fd5d8cb10b,2026-04-30,late,10:07:00,23:59:00,2026-06-29 05:39:40.004863+00,j575nxsjcy3xc7ypc5ffy3903585vk2f,9bf0e18b-43e8-4051-a8b8-c19a0e911053,null
62e8607f-7838-4d56-ae6a-ad583b0a7fb9,00000000-0000-0000-0000-000000000001,39523891-bab0-6a9f-129b-2f5b51ea3e37,2026-04-30,late,10:51:00,23:59:00,2026-06-29 05:39:41.550804+00,j57dcnvez571s8q7bm6h4m2cth85vzxs,81724c90-1b32-4f72-a016-cb210f4ff0f3,null
6f056233-8124-4140-8533-436f7c6c6034,00000000-0000-0000-0000-000000000001,f7dd430d-c6a9-43ea-98b1-be8e0ea84bf6,2026-04-30,late,10:14:00,23:59:00,2026-06-29 05:39:40.778308+00,j57e13mqjxe64ytc870zm1r8n185tr02,adf774c0-0bad-4556-af5c-bbc87fe41f55,null
91abeb65-fe04-4c68-939b-a64134f288c1,00000000-0000-0000-0000-000000000001,d37b144f-0bcd-4941-b1cf-e594fa52bb72,2026-04-30,late,09:49:00,23:59:00,2026-06-29 05:39:38.461166+00,j570y51q92fzek3h3mffrkhabx85v3rj,59a173e0-171e-4e96-bf3a-47d2bc9bfd69,null
af94261b-2cb3-4d25-b425-9b2159d77fc3,00000000-0000-0000-0000-000000000001,8a235718-7769-447f-ac47-d37aa798b932,2026-04-30,present,09:38:00,23:59:00,2026-06-29 05:39:36.910189+00,j57ev7m05z2we9rbte8ecfxf4s85vres,2ace0503-8e42-4465-83b0-9c98a8f1f597,null
b9cf86cc-dd5e-491e-a422-6d85e8928b8f,00000000-0000-0000-0000-000000000001,1da9e75d-51ab-4a53-9fc5-222ba2c12524,2026-04-30,late,09:46:00,18:24:00,2026-06-29 05:39:37.681528+00,j57ay04nvj8hspqcxn0thdfx9d85vwqc,7f425d25-f9be-43c3-94ee-d12588e747f8,null
e4debf98-56a5-4f14-8366-bc9ad32de9cc,00000000-0000-0000-0000-000000000001,fc505e28-6210-49c3-b873-e10e86ec7b92,2026-04-30,late,09:50:00,23:59:00,2026-06-29 05:39:39.222549+00,j57ex8sq5r2ndh8z13f61wfz8n85tf7b,abb4c705-4c88-4a21-8971-67d0e4936899,null
40a09a77-529d-4fd0-ade5-238fa320c723,00000000-0000-0000-0000-000000000001,1da9e75d-51ab-4a53-9fc5-222ba2c12524,2026-05-01,late,10:39:00,23:59:00,2026-06-29 05:39:34.557452+00,j575v66zw9mwww6rpnhdsefq4d85x270,5af23172-6019-4c88-b587-95df4d918886,null
4704af83-5006-4192-a9a5-25b7c8d7f8fc,00000000-0000-0000-0000-000000000001,f7dd430d-c6a9-43ea-98b1-be8e0ea84bf6,2026-05-01,late,10:08:00,23:59:00,2026-06-29 05:39:32.713859+00,j5702yr9xw5vzjs7fekrr67xw985wrgd,4ddcd97a-7579-4209-b3dd-1671fa21fc1b,null
64d96812-8529-4da3-82f1-5c2e3691f67d,00000000-0000-0000-0000-000000000001,9c20c187-fe47-4647-a49b-6825e23b7920,2026-05-01,present,09:32:00,17:31:00,2026-06-29 05:39:30.356449+00,j573vgw8wwfjp5cpympqxfgwph85w7t4,bab52db9-bab7-4ce4-aaab-56bd613a05df,null
7c889008-7381-4ddd-8167-eff1ab9a719c,00000000-0000-0000-0000-000000000001,d37b144f-0bcd-4941-b1cf-e594fa52bb72,2026-05-01,late,10:27:00,23:59:00,2026-06-29 05:39:33.520061+00,j57aak6vgxkv8qd2r0mre7tya985we9d,edafd704-b6c0-44bc-8635-43892314aa48,null
9dfc7a1b-d812-4618-91aa-fa276bebc7cc,00000000-0000-0000-0000-000000000001,8a235718-7769-447f-ac47-d37aa798b932,2026-05-01,late,09:56:00,23:59:00,2026-06-29 05:39:31.92363+00,j57eat7sg8gwqpeq6e3br6dg6d85wrpc,fad9648c-6468-46b3-a085-b84806d1f2bf,null
d94789e3-916f-495f-92b1-3b8d6158ec69,00000000-0000-0000-0000-000000000001,3b4c72de-80d1-4df4-8fbf-1147100d54dc,2026-05-01,late,09:53:00,23:59:00,2026-06-29 05:39:31.135446+00,j57bbm0kycheqbgpsv9nkrs4p185x6pw,77dd70d8-12ee-4e2b-b3e6-8c644b1f279e,null
1a1b3dd2-2d06-482f-8e9b-5b056e42c41e,00000000-0000-0000-0000-000000000001,1da9e75d-51ab-4a53-9fc5-222ba2c12524,2026-05-02,late,10:20:00,23:59:00,2026-06-29 05:39:29.336843+00,j57fb3b1wvg8fk2t6dnsx92x0x85ya2k,13728588-4a0d-4257-907a-5f2d70b2bc8b,null
1fd6c1b4-57d2-44b6-bfd5-4bf2ff40acde,00000000-0000-0000-0000-000000000001,d37b144f-0bcd-4941-b1cf-e594fa52bb72,2026-05-02,late,09:59:00,23:59:00,2026-06-29 05:39:28.586945+00,j575m42aph8h3je2rhnwax00bn85za2r,33c65a6b-db4a-4a98-9c43-5ced2c0fd00a,null
28dd6af8-0c4d-4b83-9bec-1072c853650a,00000000-0000-0000-0000-000000000001,f7dd430d-c6a9-43ea-98b1-be8e0ea84bf6,2026-05-02,present,09:38:00,23:59:00,2026-06-29 05:39:24.694634+00,j5799gngjaxwsgzcq597bc90y185z782,f28c6d49-f8a8-407a-8523-e0823baf9f95,null
6ea2e906-84c8-4e9d-a170-2acad36b64ab,00000000-0000-0000-0000-000000000001,8a235718-7769-447f-ac47-d37aa798b932,2026-05-02,present,09:38:00,23:59:00,2026-06-29 05:39:26.247643+00,j57cpjg9an720jjcfy55rh7wgs85yc48,a66e0147-735b-422d-9a4f-79940ca79752,null
91828376-944a-48dd-91d8-3ffae900b373,00000000-0000-0000-0000-000000000001,15b5f48a-0cb9-c73e-1c13-37fd5d8cb10b,2026-05-02,late,09:52:00,18:50:00,2026-06-29 05:39:27.033235+00,j57esqh8d5yfa2ppek48jndt0s85y56r,39207c78-e34c-4a79-bd4b-b1de8b9bbaf2,null
94cbd346-35e1-40a4-9412-1a9e4fbc4899,00000000-0000-0000-0000-000000000001,3b4c72de-80d1-4df4-8fbf-1147100d54dc,2026-05-02,present,09:38:00,23:59:00,2026-06-29 05:39:25.501455+00,j57dzwtnaja36c7jq0w2xwayrd85y8pb,cb9a128a-f213-48e9-bba4-827d33e0722b,null
aa9e78b7-f77c-466e-b2a7-cef1689c1c34,00000000-0000-0000-0000-000000000001,9c20c187-fe47-4647-a49b-6825e23b7920,2026-05-02,late,09:52:00,19:00:00,2026-05-02 13:30:46.327111+00,j5737djh03gz7e8dp2jpvtay8585zb5c,7e3229fc-bf46-4814-bcad-7fcb9cfc1d65,null
0572d3ac-2b09-4e55-a51a-6ac85fe787d0,00000000-0000-0000-0000-000000000001,fc505e28-6210-49c3-b873-e10e86ec7b92,2026-05-04,late,09:52:00,23:59:00,2026-06-29 05:39:22.363606+00,j578q07vazkvfpp1dgzg68q645863zc4,eff65ca3-e172-45f0-9525-922f635a1a2e,null
1ff35e82-351d-4cf0-acb5-448dfa647a88,00000000-0000-0000-0000-000000000001,15b5f48a-0cb9-c73e-1c13-37fd5d8cb10b,2026-05-04,late,09:52:00,17:52:00,2026-05-11 12:16:52.665097+00,j579yqdzxg7rk1268cx09q656s863w9f,6b3e8c06-894a-437b-b55d-bc79383a0758,null
52b52841-17f1-43ed-aa5f-8530727ff65d,00000000-0000-0000-0000-000000000001,9c20c187-fe47-4647-a49b-6825e23b7920,2026-05-04,late,10:05:00,23:59:00,2026-05-04 04:35:29.560463+00,j575kw1ra0g1bkym77kqcagqm1863c7x,b025590e-d867-431c-ae97-2ee453d218b8,null
542afdd7-83d9-40eb-90c4-7a63e2be02a2,00000000-0000-0000-0000-000000000001,1da9e75d-51ab-4a53-9fc5-222ba2c12524,2026-05-04,late,11:16:00,23:59:00,2026-06-29 05:39:23.912908+00,j579bpmsc3zxqexcp03zxxz56h863zgm,5a91b8e1-33a5-4b57-8903-e7475c35a6f2,null
7b59036d-74c9-40b1-b208-09ef7875f5c2,00000000-0000-0000-0000-000000000001,509cadb2-fb85-403e-ab9a-43e9e7ec9555,2026-05-04,late,09:50:00,17:52:00,2026-06-29 05:39:20.82279+00,j57f0h22ragdkhk8qpwdj5srxs863yhd,664e0f05-8c39-4d49-ae32-28695b34fa5f,null
2cd6a1fb-cd2e-43a0-b3cd-5ba61aa173ab,00000000-0000-0000-0000-000000000001,509cadb2-fb85-403e-ab9a-43e9e7ec9555,2026-05-05,late,09:49:00,17:50:00,2026-06-29 05:39:17.729503+00,j57ae0zwmpz64vtsvmg1t3d9f1864340,885769cb-ddf2-4009-96ac-9d438f5b0203,null
3dc49bb2-d713-440b-bff1-43535915c14f,00000000-0000-0000-0000-000000000001,fc505e28-6210-49c3-b873-e10e86ec7b92,2026-05-05,late,09:51:00,23:59:00,2026-06-29 05:39:18.52018+00,j575kamvn2jz2608zjmtdxpzt9864ztw,2693a132-bba5-49bd-b902-2325501834a6,null
6525d7e6-9862-458e-92a9-00dd27c39a4f,00000000-0000-0000-0000-000000000001,8a235718-7769-447f-ac47-d37aa798b932,2026-05-05,late,09:53:00,23:59:00,2026-06-29 05:39:19.279581+00,j579kajpgt5my372bhd2bvn99n864ds2,dbea489b-0760-4e14-a904-b9c6f13c4d96,null
84ccea14-0e55-4d51-8bad-6a9a7cd0170d,00000000-0000-0000-0000-000000000001,9c20c187-fe47-4647-a49b-6825e23b7920,2026-05-05,present,09:44:00,17:41:00,2026-05-05 04:14:27.440817+00,j578xt8qdgt73w1g24t91mhkv18640p4,44f63d89-bfa3-4d00-9527-05c20f85ea61,null
f32edd49-0eba-4a74-a00e-41e17ce6f580,00000000-0000-0000-0000-000000000001,b21e8a0e-5076-9666-21ba-fb6b06140f1b,2026-05-05,late,13:10:00,23:59:00,2026-05-05 07:40:12.366798+00,j574dnbyjjqtrtgc9cb0pktzkn864hpz,334e0f5f-a891-46c6-aa23-d42c59703a10,null
2a4f0373-87c7-4abb-bccd-cd0d96553fd0,00000000-0000-0000-0000-000000000001,3b4c72de-80d1-4df4-8fbf-1147100d54dc,2026-05-06,present,09:37:00,23:59:00,2026-06-29 05:39:09.940146+00,j571frk1kkcy26csrsnwc3rje5866z94,177a4580-dcae-42a6-8813-9a84b2484f93,null
4bbb2cb7-cff5-4dc0-99d3-1336c606a197,00000000-0000-0000-0000-000000000001,1da9e75d-51ab-4a53-9fc5-222ba2c12524,2026-05-06,late,09:54:00,18:29:00,2026-05-13 12:16:54.580623+00,j5727h13cmqt46jfehcvbxxw9h867f03,b917f209-b17e-4f28-a81a-6514d507209d,null
55c04133-cad1-4292-9e47-30ee25fb5338,00000000-0000-0000-0000-000000000001,b21e8a0e-5076-9666-21ba-fb6b06140f1b,2026-05-06,late,10:39:00,23:59:00,2026-05-06 05:09:46.982214+00,j575v8mtf6xnc17c8mkkewpgw5866tyc,eb7eaafc-ff7d-404f-9a6d-139f1f414940,null
58f34ef0-f25c-4ad2-94f2-35427f71430e,00000000-0000-0000-0000-000000000001,8a235718-7769-447f-ac47-d37aa798b932,2026-05-06,present,09:41:00,23:59:00,2026-06-29 05:39:10.7192+00,j575v58kj3pqcms9q92qpfb4w98660s1,bf1e8d92-e243-458e-ac5e-52940ff4d6bf,null
7b260a99-0400-4df7-8dba-21a4f63444b3,00000000-0000-0000-0000-000000000001,509cadb2-fb85-403e-ab9a-43e9e7ec9555,2026-05-06,late,09:51:00,17:57:00,2026-06-29 05:39:12.270146+00,j57dgpnt923gp77s5m5xfdftcd8673qw,5459cd7e-6626-44ba-a14f-8db6b51802ce,null
8915f125-a5d4-4906-bb99-73dcdcf35224,00000000-0000-0000-0000-000000000001,fc505e28-6210-49c3-b873-e10e86ec7b92,2026-05-06,present,09:44:00,17:49:00,2026-06-29 05:39:11.478928+00,j57777r0gh503gnjwsk2epwb4n866s9q,1d395df4-e7fd-4b54-9bda-d948975f1f33,null
9a165ced-4b54-4ba5-8562-dfcefcc38210,00000000-0000-0000-0000-000000000001,d37b144f-0bcd-4941-b1cf-e594fa52bb72,2026-05-06,late,10:26:00,23:59:00,2026-06-29 05:39:13.832216+00,j573e1n0twkjnfyg399xhenfx1867f3v,0b76cd1d-8338-4f76-9a4e-b6b529dd53a1,null
9f722427-beef-4558-95e6-c5a466cbaeb3,00000000-0000-0000-0000-000000000001,9c20c187-fe47-4647-a49b-6825e23b7920,2026-05-06,present,09:22:00,17:44:00,2026-05-06 03:53:04.268298+00,j57berp1dnq58df1rgtxfmherx866j1b,914087de-fd17-4854-b087-d9f32b6ce10f,null
aaa6e524-1c03-447d-9884-8cccd244829d,00000000-0000-0000-0000-000000000001,f7dd430d-c6a9-43ea-98b1-be8e0ea84bf6,2026-05-06,late,17:00:00,23:59:00,2026-06-29 05:39:16.165636+00,j573txf082cp2w3kger3cntw7h8676ak,9315cdb5-53aa-4bb8-b6ff-e060509ef349,null
da55e343-c1cf-43d5-8279-59d06e83f192,00000000-0000-0000-0000-000000000001,15b5f48a-0cb9-c73e-1c13-37fd5d8cb10b,2026-05-06,late,11:14:00,23:59:00,2026-05-11 12:16:49.132572+00,j571w90yfh8kz6m3djezzed4fx867zxy,675ed1c8-691d-4062-81a1-de43c6064871,null
18045b67-94a3-4ba4-81d8-db283e40903d,00000000-0000-0000-0000-000000000001,1da9e75d-51ab-4a53-9fc5-222ba2c12524,2026-05-07,late,10:02:00,23:59:00,2026-05-13 12:16:51.918399+00,j570n2f2na6g7dmqqx20t83xn1869s6z,ebd94459-f2f3-45fb-acb9-de02c8effc28,null
21f24e4f-23b2-407d-83b6-b405e8e58aa2,00000000-0000-0000-0000-000000000001,15b5f48a-0cb9-c73e-1c13-37fd5d8cb10b,2026-05-07,late,09:46:00,23:59:00,2026-05-11 12:16:44.297072+00,j57e9g4tkca6rb39rqnxdnx1z5868y37,a819f377-9666-4f26-a0f8-7bff9eef7b65,null
80ca1494-cfba-4300-a0c5-3eb9a61e63a6,00000000-0000-0000-0000-000000000001,509cadb2-fb85-403e-ab9a-43e9e7ec9555,2026-05-07,late,09:54:00,18:01:00,2026-06-29 05:39:06.823545+00,j576hdefxgc5ptbzs885hn893d869wen,b0792d30-d0da-45d3-8f97-2e3014db2d3c,null
82d94a2e-31e3-4a6b-8baf-ced9fd7fc77b,00000000-0000-0000-0000-000000000001,f7dd430d-c6a9-43ea-98b1-be8e0ea84bf6,2026-05-07,present,09:41:00,23:59:00,2026-06-29 05:39:04.529307+00,j57d9htvrdjff99dq2anevhyxs869dt7,17dec9bd-0fe3-4c24-92c5-93bd5dff17a0,null
89ddcc9e-b18b-4b09-afd4-63eb674ece47,00000000-0000-0000-0000-000000000001,fc505e28-6210-49c3-b873-e10e86ec7b92,2026-05-07,present,09:29:00,18:00:00,2026-06-29 05:39:02.174415+00,j572e7fe7g4rmd6hptfqy0rsfh86819w,25ec0e60-27ac-4c65-a83f-6cfc1e1c993a,null
9a654ec5-905b-4265-9fde-e1ab5293e686,00000000-0000-0000-0000-000000000001,3b4c72de-80d1-4df4-8fbf-1147100d54dc,2026-05-07,late,09:55:00,23:59:00,2026-05-14 12:17:01.18735+00,j574dvwnzj0q299xhnff165xwn869gka,86d7b9ac-8362-491f-babc-c817892b3829,null
b5814ce9-3314-49e3-a86d-7d948383381b,00000000-0000-0000-0000-000000000001,d37b144f-0bcd-4941-b1cf-e594fa52bb72,2026-05-07,late,09:54:00,23:59:00,2026-05-14 12:17:00.161728+00,j578jdvqs7wgh8e3k0qxexf8th869hw5,fa014f54-77dd-473a-96b4-c1bbe6d430c0,null
bf7c1f04-036b-4332-a8b2-f5e8d39ca237,00000000-0000-0000-0000-000000000001,8a235718-7769-447f-ac47-d37aa798b932,2026-05-07,present,09:40:00,23:59:00,2026-05-14 12:16:58.375132+00,j57e8tn6hr0dj8cq4vkezt7pz9868ybj,951ad502-9dd4-4809-9684-20d72f20592e,null
d575a0e9-b379-43a8-aeca-6876df9a585d,00000000-0000-0000-0000-000000000001,9c20c187-fe47-4647-a49b-6825e23b7920,2026-05-07,present,09:32:00,17:47:00,2026-05-07 04:02:58.2192+00,j57fxbd5a4jk32yqxd2f6w5nzd868bhs,69674af9-d323-4909-b47a-a00787309419,null
1286361a-a225-4303-a04a-4529f8cea07d,00000000-0000-0000-0000-000000000001,1da9e75d-51ab-4a53-9fc5-222ba2c12524,2026-05-08,late,10:05:00,23:59:00,2026-05-13 12:16:46.372474+00,j576fn3wk59z393nfehyfvp7rh86bftq,4abda1c0-63f0-43b6-b96d-006ecdcd09a0,null
2627b10d-7ab6-4de2-ae90-270124d35363,00000000-0000-0000-0000-000000000001,509cadb2-fb85-403e-ab9a-43e9e7ec9555,2026-05-08,late,09:51:00,17:56:00,2026-06-29 05:38:56.680497+00,j57e85gj0a3mr1pdyeepdjb6b186bhf2,7d6a5931-793b-4771-8385-dc2a4ec4eac7,null
41569a00-76c5-4332-977d-a3bc615c242b,00000000-0000-0000-0000-000000000001,9c20c187-fe47-4647-a49b-6825e23b7920,2026-05-08,late,10:04:00,23:59:00,2026-05-08 04:34:32.361771+00,j571vredmjsy68y65bsee1be0h86bz4w,6aac8588-8d32-4e84-a6ca-f99f0020af51,null
b9d99af9-bee7-4bbc-a48d-f070d8022bd2,00000000-0000-0000-0000-000000000001,b21e8a0e-5076-9666-21ba-fb6b06140f1b,2026-05-08,late,10:52:00,23:59:00,2026-05-08 05:22:35.012175+00,j577qn7ht3a7d62ts55xh58g6x86ba4e,f79d1fdb-9d5b-431d-a4c9-f6eabdf1849c,null
e041eac9-8390-4e2c-b03b-79f22a3f15b0,00000000-0000-0000-0000-000000000001,8a235718-7769-447f-ac47-d37aa798b932,2026-05-08,late,17:11:00,23:59:00,2026-05-14 12:16:56.618492+00,j57fybg0ac1fg6mknrk3xy5r1d86b27m,10d47fdf-1214-48d6-b8c4-42f444f9229d,null
f1e67786-6d16-493b-a9ea-78672f386db0,00000000-0000-0000-0000-000000000001,15b5f48a-0cb9-c73e-1c13-37fd5d8cb10b,2026-05-08,late,09:48:00,18:35:00,2026-05-11 12:16:39.204514+00,j57cgt510s16bjfqpb399s673986b8v1,596c3506-1513-4e02-bb0f-1f59b058bf8a,null
f4e15db2-3eec-40ca-8538-30df69082f09,00000000-0000-0000-0000-000000000001,f7dd430d-c6a9-43ea-98b1-be8e0ea84bf6,2026-05-08,late,17:10:00,23:59:00,2026-06-29 05:39:00.584762+00,j57bttnnfmf2n2drrndw2y4sg186bt0s,58d0162a-9c43-457e-9e8e-12c0d87b7183,null
f6d725f7-7b8a-4a4d-93fb-abf142b9cebe,00000000-0000-0000-0000-000000000001,fc505e28-6210-49c3-b873-e10e86ec7b92,2026-05-08,late,13:04:00,23:59:00,2026-06-29 05:38:59.810759+00,j573tnyrvvd91dpj4c74q04x8986bat0,cf2dccbc-71c1-4b8c-ba4a-223dab2b517b,null
26e67baf-61c5-4e3b-8745-3605eadab30b,00000000-0000-0000-0000-000000000001,b21e8a0e-5076-9666-21ba-fb6b06140f1b,2026-05-09,late,11:03:00,23:59:00,2026-05-09 05:34:09.0091+00,j5748vh52ma9vjd3g00hejje8986c43m,9bf818d9-a607-41bd-99ee-8fa533989ca7,null
27ddd77b-4bd3-42ee-a8ec-1a1ddf71cc89,00000000-0000-0000-0000-000000000001,8a235718-7769-447f-ac47-d37aa798b932,2026-05-09,present,09:39:00,23:59:00,2026-05-14 12:16:46.711461+00,j579w9vembr85gw74wtb3p03g586d3mh,1ad219a1-dd04-4fd4-b25f-89480dbac4d1,null
5b732422-fbf9-4e4e-8c84-ce1fd42689a7,00000000-0000-0000-0000-000000000001,15b5f48a-0cb9-c73e-1c13-37fd5d8cb10b,2026-05-09,late,09:47:00,23:59:00,2026-05-11 12:16:38.460563+00,j5719cxx8rkrczmv4pzg5852c186db9h,6cbb069a-f3d2-48e0-9599-8247783bca41,null
6ce582ce-783f-459d-9fdc-f97887a58d8d,00000000-0000-0000-0000-000000000001,3b4c72de-80d1-4df4-8fbf-1147100d54dc,2026-05-09,late,09:59:00,23:59:00,2026-05-14 12:16:48.235519+00,j57b8s6tgwz5yvr0en63ycykd586d2ar,27060f2b-38d0-4c35-a155-a938b25cd098,null
7629297a-f124-4506-aef7-9a0fd1cd16be,00000000-0000-0000-0000-000000000001,39523891-bab0-6a9f-129b-2f5b51ea3e37,2026-05-09,late,10:21:00,23:59:00,2026-05-09 05:34:31.422742+00,j574prfqabbsy7bqkz0xrafgzd86ds4g,57eb5d80-3f0d-42f0-9555-ce0f39033e18,null
8e46d166-7ebc-40f5-a5f8-0688b471609f,00000000-0000-0000-0000-000000000001,509cadb2-fb85-403e-ab9a-43e9e7ec9555,2026-05-09,late,09:48:00,17:55:00,2026-06-29 05:38:48.892243+00,j573sfrc5ad3myvm9n5ymmpj3986cjet,43b6c833-b64f-4d93-8b3a-71f38809b5ec,null
8f339dd9-4a70-4971-b676-4df72850ccdd,00000000-0000-0000-0000-000000000001,1da9e75d-51ab-4a53-9fc5-222ba2c12524,2026-05-09,late,10:05:00,23:59:00,2026-05-13 12:16:41.134057+00,j5743fqbgm8qrhd5135wbwwkd586c0m3,788bc550-e9f8-41ce-bc2c-ebba73456b82,null
926ebb48-7b8d-4a62-818b-9a108209d6c4,00000000-0000-0000-0000-000000000001,fc505e28-6210-49c3-b873-e10e86ec7b92,2026-05-09,late,09:54:00,18:17:00,2026-06-29 05:38:49.658251+00,j574vv7f3xnq7vy3m9wfgz2xp586c27g,f908a9ed-55c6-46bb-89bd-39a811464dc8,null
cabf75d3-0259-4004-872e-2364871c9731,00000000-0000-0000-0000-000000000001,9c20c187-fe47-4647-a49b-6825e23b7920,2026-05-09,present,09:18:00,17:33:00,2026-05-09 03:48:42.343305+00,j57fe5vabk0wyh3he21gj7g47n86c2f1,6ec486b9-3699-4070-8e16-0be26502f8c9,null
cef97edb-3bf5-4afe-ba1f-d631bf34a3dc,00000000-0000-0000-0000-000000000001,d37b144f-0bcd-4941-b1cf-e594fa52bb72,2026-05-09,late,10:01:00,23:59:00,2026-05-14 12:16:49.007952+00,j579paxjz1y24sk39easf0skqd86cn1d,ff179902-50df-4ec5-840a-58fcbb885693,null
f9385710-7ae2-45b5-bd73-65c38aa6d46e,00000000-0000-0000-0000-000000000001,f7dd430d-c6a9-43ea-98b1-be8e0ea84bf6,2026-05-09,late,09:59:00,23:59:00,2026-06-29 05:38:50.468403+00,j57156aeeb1ejdpjdjj5b6syqn86dbhm,67802ae4-4e14-46b1-bccb-d39bcb6b7e83,null
e1656e64-ce0d-41c4-836f-ace29f88f4f2,00000000-0000-0000-0000-000000000001,1da9e75d-51ab-4a53-9fc5-222ba2c12524,2026-05-10,late,13:23:00,23:59:00,2026-05-13 12:16:37.931663+00,j576pg2692yc73nc4qgpe0c2k186e45a,389e09fa-857d-4cb3-986d-b0aff8c08e52,null
104f6872-4254-4093-a0fb-e52c72a166ae,00000000-0000-0000-0000-000000000001,d37b144f-0bcd-4941-b1cf-e594fa52bb72,2026-05-11,late,09:56:00,23:59:00,2026-05-14 12:16:40.116033+00,j57bwrnwxasy2897cbgnyg360586h0hm,4b7b70ff-379c-4a9d-9794-185badcaca64,null
2fd44855-0829-4b97-aee2-9b91fbdefe4a,00000000-0000-0000-0000-000000000001,509cadb2-fb85-403e-ab9a-43e9e7ec9555,2026-05-11,late,09:47:00,17:56:00,2026-06-29 05:38:37.983373+00,j5719akawrw0ekw62d8dmktt1586ha63,17513be8-2f74-4b2d-8bc9-02aa93e396ca,null
5069c7b4-0de0-465c-9a03-da23102992ff,00000000-0000-0000-0000-000000000001,15b5f48a-0cb9-c73e-1c13-37fd5d8cb10b,2026-05-11,late,09:46:00,18:47:00,2026-05-11 12:16:33.23101+00,j57dawh4qawczkhrsbjrzx9w0n86hf8e,6bcc3a3e-b0a5-4ad9-813c-f9a4e6354f7f,null
741f8f5f-6737-40c1-804a-ef5a7474afe2,00000000-0000-0000-0000-000000000001,8a235718-7769-447f-ac47-d37aa798b932,2026-05-11,late,09:53:00,23:59:00,2026-05-14 12:16:39.365892+00,j57b3asfc7b52g4m18nheqgrf986hepy,a1551fa7-bb58-4631-8b4b-5110329723be,null
77aed003-e2c6-4236-95e4-af8e5eb4db7f,00000000-0000-0000-0000-000000000001,39523891-bab0-6a9f-129b-2f5b51ea3e37,2026-05-11,late,10:35:00,18:50:00,2026-05-11 06:13:41.856816+00,j57d2exrska1rkk2366fwdpfgx86hxka,161f1acb-f21a-4c83-bb53-68e75ad1ab62,null
7e0a8791-f135-44ab-90ec-0c241c235b69,00000000-0000-0000-0000-000000000001,9c20c187-fe47-4647-a49b-6825e23b7920,2026-05-11,present,09:33:00,17:35:00,2026-05-11 04:03:28.261828+00,j57380ef88pj3fb05je9rexzwn86h2ya,327238a0-85d7-428d-80a2-0599d6e22f14,null
89163383-8e9c-4009-a026-2c436ca43516,00000000-0000-0000-0000-000000000001,1da9e75d-51ab-4a53-9fc5-222ba2c12524,2026-05-11,late,10:06:00,18:07:00,2026-05-13 12:16:33.788555+00,j573t2p20sfsc0xwk1jg8yp9ch86g0n5,951f9f22-de55-4471-93aa-7cd8b00ffc41,null
8af4ae08-10f8-4043-ba9e-c056045c4cc6,00000000-0000-0000-0000-000000000001,3b4c72de-80d1-4df4-8fbf-1147100d54dc,2026-05-11,late,09:53:00,23:59:00,2026-05-14 12:16:38.601707+00,j5723fe8t2an824jq7grdxq6bh86ht52,1b514433-1908-4f73-a5bf-7be4712ed07e,null
97b92b29-00bb-445e-a0b2-d1e7d59aeaca,00000000-0000-0000-0000-000000000001,b21e8a0e-5076-9666-21ba-fb6b06140f1b,2026-05-11,late,10:10:00,23:59:00,2026-05-11 05:50:08.59402+00,j579zzsy621pzxt8twysskfys586g64k,97a8a682-9920-4866-8f22-0c99afadf599,null
b41c59f3-9dd0-42fb-8fa0-1ed64a35a390,00000000-0000-0000-0000-000000000001,f7dd430d-c6a9-43ea-98b1-be8e0ea84bf6,2026-05-11,late,09:57:00,23:59:00,2026-06-29 05:38:41.092916+00,j57bbqzj4g6ae8ggk2kxppz3wd86grf9,97ec9a33-9f70-4714-b9a2-8b09c9fc9096,null
f0e14f21-81ef-4e09-907c-c42f69e41685,00000000-0000-0000-0000-000000000001,fc505e28-6210-49c3-b873-e10e86ec7b92,2026-05-11,late,10:00:00,18:43:00,2026-06-29 05:38:45.790921+00,j579q0yezj06657mwg05mk2zf586hk0h,73d2996b-a10c-46d6-b2ea-a0fc051ccfe5,null
2e16265d-6b52-4152-8fec-9705fe7ad808,00000000-0000-0000-0000-000000000001,509cadb2-fb85-403e-ab9a-43e9e7ec9555,2026-05-12,late,09:47:00,17:59:00,2026-06-29 05:38:30.972209+00,j574j309b27cnx231fsd15783186jfky,3da844e9-fdcd-4c97-9ff7-7842e691600a,null
3f777b7a-1ab5-4127-a1b6-f3ca0e621016,00000000-0000-0000-0000-000000000001,39523891-bab0-6a9f-129b-2f5b51ea3e37,2026-05-12,late,10:19:00,18:19:00,2026-05-12 04:49:37.301974+00,j575zm6t0m982xc2rehrvvbx3h86ka81,e509ab35-797f-490f-b019-dcac87601ec4,null
47d3b41e-e9c0-4e78-8a8b-8f3c6b923d02,00000000-0000-0000-0000-000000000001,9c20c187-fe47-4647-a49b-6825e23b7920,2026-05-12,present,09:39:00,17:30:00,2026-05-12 04:09:47.163014+00,j573m5kr7h42q9hx8gm20yr2ss86kjct,060e225d-7e77-46cc-b287-8153ef9f99e7,null
547c2a00-bb99-4051-9e4f-016a1818063c,00000000-0000-0000-0000-000000000001,f7dd430d-c6a9-43ea-98b1-be8e0ea84bf6,2026-05-12,late,09:59:00,23:59:00,2026-06-29 05:38:34.06807+00,j5765x2c15j1y64bt19er3aard86k4a2,f1987649-b160-44d1-9d9f-9ed2cd326731,null
568747f9-9d66-4203-b92b-655b72ce426e,00000000-0000-0000-0000-000000000001,15b5f48a-0cb9-c73e-1c13-37fd5d8cb10b,2026-05-12,present,09:44:00,18:10:00,2026-05-12 04:14:45.735708+00,j57abcwempxxgkqsnvbva6q8c186k685,901a5f4c-2d85-42c5-87b2-7449b0d79354,null
60629327-4ac8-47c8-80c8-27ec2be66fc6,00000000-0000-0000-0000-000000000001,b21e8a0e-5076-9666-21ba-fb6b06140f1b,2026-05-12,late,09:52:00,18:02:00,2026-05-12 04:22:14.449838+00,j572cjzxyffzj0kgw553c56k8x86kmjx,0d8dd229-2296-4f98-b12c-335bf5b6aa57,null
60c23781-252d-4ed4-964c-376e8b95aca6,00000000-0000-0000-0000-000000000001,d37b144f-0bcd-4941-b1cf-e594fa52bb72,2026-05-12,late,10:02:00,23:59:00,2026-05-14 12:16:36.096571+00,j578pmmv5k4de0jcv9az1mkxq986jmfs,81d30fca-1f95-4cb1-ad9c-18bb51d673f9,null
6339d6d2-2a80-4104-97d5-c2e88384559d,00000000-0000-0000-0000-000000000001,1da9e75d-51ab-4a53-9fc5-222ba2c12524,2026-05-12,late,10:02:00,19:56:00,2026-05-13 12:16:29.788808+00,j5711rx1j2a9pkh3xw0f08b3b586j608,a14c677e-c107-455c-9cc9-6dc7bc101c61,null
77379187-0bad-4950-aa57-1355bead5c90,00000000-0000-0000-0000-000000000001,3b4c72de-80d1-4df4-8fbf-1147100d54dc,2026-05-12,late,09:51:00,23:59:00,2026-05-14 12:16:32.767888+00,j570t62kprdenxwqe243fnr5n986j3bb,8af77c0b-a7ab-4d4d-a564-758d3372c8e3,null
b0c9e727-dd2b-430a-ac23-c32b9c3f7f2e,00000000-0000-0000-0000-000000000001,fc505e28-6210-49c3-b873-e10e86ec7b92,2026-05-12,present,09:32:00,18:09:00,2026-06-29 05:38:28.654863+00,j5715arzxdb6e7e2cmqa76eckd86jcej,6e7341fe-c8ea-4e7f-97c1-997f0915a263,null
fa86a0ca-39c5-4270-9620-5bca7e4919bb,00000000-0000-0000-0000-000000000001,8a235718-7769-447f-ac47-d37aa798b932,2026-05-12,late,09:55:00,23:59:00,2026-05-14 12:16:34.307904+00,j574rsc8ycg02y08p6ver6wwnh86j6v3,06da262b-da19-4a87-a31f-19b996907b70,null
0405df49-c767-4a9a-936f-5c067e9efc60,00000000-0000-0000-0000-000000000001,f7dd430d-c6a9-43ea-98b1-be8e0ea84bf6,2026-05-13,present,09:40:00,23:59:00,2026-06-29 05:38:23.228784+00,j576gw1zp8m0pemne1hy9k19hn86n7d4,882fa6a6-c37b-4591-99de-ae9f71c3297f,null
27c99f69-f771-4a8f-9d39-f7ec68be8507,00000000-0000-0000-0000-000000000001,d37b144f-0bcd-4941-b1cf-e594fa52bb72,2026-05-13,late,09:57:00,23:59:00,2026-05-14 12:16:29.205946+00,j57fdbmjwxdwdxg0d7kx3kkz7586mx21,68c97eb8-793f-450c-bf2e-5481c56ce64e,null
4643b783-949e-42fa-8690-1b44dbd331f8,00000000-0000-0000-0000-000000000001,1da9e75d-51ab-4a53-9fc5-222ba2c12524,2026-05-13,late,09:54:00,18:06:00,2026-05-13 12:16:24.642929+00,j5778gq232ceg8z9rpxyfcbjpx86m5pm,c696e055-e268-4c6b-9f00-7f586aec1fef,null
798c4201-32a2-4081-8b1b-4f078e42d34c,00000000-0000-0000-0000-000000000001,509cadb2-fb85-403e-ab9a-43e9e7ec9555,2026-05-13,late,09:46:00,17:57:00,2026-06-29 05:38:24.778281+00,j57dt08g070wechmwf119t4jx986n4r3,b2f54ef9-9151-473b-ba07-c52d1f268e0a,null
a0d73af3-5026-4d11-b971-e24090c5e8a9,00000000-0000-0000-0000-000000000001,b21e8a0e-5076-9666-21ba-fb6b06140f1b,2026-05-13,late,10:10:00,18:25:00,2026-05-13 12:53:06.93295+00,j57a0epze556qwq4bz2s8pg94n86n3kg,1322ca6f-2cf4-4946-9c4d-cacfe44a3d9d,null
b60b27c3-396c-4d7c-a68b-c3ac34adccb7,00000000-0000-0000-0000-000000000001,9c20c187-fe47-4647-a49b-6825e23b7920,2026-05-13,present,09:38:00,17:33:00,2026-05-13 04:09:10.13322+00,j576c26wxmf6jk8ts3pfzntsmd86mh2r,53910e4b-88bb-485a-b5c1-e417e0fc80fb,null
cc04ea5f-3f23-4248-a3d1-898316df0c06,00000000-0000-0000-0000-000000000001,3b4c72de-80d1-4df4-8fbf-1147100d54dc,2026-05-13,late,09:48:00,23:59:00,2026-05-14 12:16:27.692789+00,j57883jxqc0brt1b06cyv7xvzh86mvvr,5fca7fb3-f398-4b52-a995-e162b509dede,null
df5833c6-099a-492e-b1a3-6578679b4f43,00000000-0000-0000-0000-000000000001,15b5f48a-0cb9-c73e-1c13-37fd5d8cb10b,2026-05-13,present,09:43:00,23:59:00,2026-05-13 04:14:06.088029+00,j57bw3y5jjzhrpep5gpyqacy8d86n5t8,8d58eaea-ad6b-4758-9cbe-bc3ffc982fbe,null
fb48a067-99d9-4ee0-89aa-b144bf45860d,00000000-0000-0000-0000-000000000001,fc505e28-6210-49c3-b873-e10e86ec7b92,2026-05-13,present,09:35:00,17:58:00,2026-06-29 05:38:21.674709+00,j578vp42pg25tq46b9htsrcpqx86m5h6,ec061bf4-ae16-4bf4-8161-e314dbc51e8a,null
0c6ab1fb-5d60-4658-bb81-6b04ed98e3b4,00000000-0000-0000-0000-000000000001,b21e8a0e-5076-9666-21ba-fb6b06140f1b,2026-05-14,late,10:05:00,18:34:00,2026-05-14 05:10:09.471265+00,j5726mpg99zxqn7tf5x00temmh86p9b1,69be5161-6400-4fb3-a4d2-2c7dc5b1139a,null
1a8b484b-9052-4693-ac0f-2ba478d36208,00000000-0000-0000-0000-000000000001,509cadb2-fb85-403e-ab9a-43e9e7ec9555,2026-05-14,late,09:51:00,17:56:00,2026-06-29 05:38:19.375862+00,j57e86czabvk4rxkr9ya7g8t3586q74z,64d1b5fa-9449-421c-9f8a-d494b6f2f183,null
6267592c-bacc-4ba0-a1d0-d9e670086cca,00000000-0000-0000-0000-000000000001,fc505e28-6210-49c3-b873-e10e86ec7b92,2026-05-14,present,09:30:00,18:01:00,2026-06-29 05:38:16.251732+00,j57d4ycnvnxp0b1zy265z4j86586q0zf,ed52b726-1f88-490b-abb8-f9060c329743,null
636510f3-88f0-4784-b941-e1cd2f7f6bde,00000000-0000-0000-0000-000000000001,9c20c187-fe47-4647-a49b-6825e23b7920,2026-05-14,present,09:45:00,17:36:00,2026-05-14 04:15:55.006752+00,j574n899tmk77tp017tyet2ccd86qgqc,6b71d29b-199d-455e-aec1-007f432704f9,null
6a662b7f-b952-4a3a-945d-1b20b06ddb4c,00000000-0000-0000-0000-000000000001,15b5f48a-0cb9-c73e-1c13-37fd5d8cb10b,2026-05-14,present,09:41:00,18:41:00,2026-05-14 04:11:51.308914+00,j575kqjhqanr641k742csgpkvd86qhj0,f21fc8b4-9587-405d-a2f1-d8075b497f4d,null
80f5b66b-d9cf-48eb-8b3a-4344df86bc27,00000000-0000-0000-0000-000000000001,3b4c72de-80d1-4df4-8fbf-1147100d54dc,2026-05-14,late,09:50:00,23:59:00,2026-05-14 12:16:22.682838+00,j57012ccp9qrwnmqe7fd0kwtr186p4ya,93cd652b-9ca9-495f-ab23-fa78b0f23324,null
83a1f36f-de5a-4f4f-880c-60c70dd52f2a,00000000-0000-0000-0000-000000000001,39523891-bab0-6a9f-129b-2f5b51ea3e37,2026-05-14,late,10:35:00,18:35:00,2026-05-14 05:12:03.415298+00,j57d2t3vck6qdeqeahryn83zzs86ptft,d994264e-7390-45a6-bba2-d1a811e3ff4a,null
0cdf8c94-81d3-41aa-8850-6c7cc7cc0c33,00000000-0000-0000-0000-000000000001,fc505e28-6210-49c3-b873-e10e86ec7b92,2026-05-15,present,09:35:00,18:10:00,2026-06-29 05:38:09.235547+00,j57dqhxbftmy80psp1h89r1jq586rbwb,6da6d058-c964-43c9-97e3-9ebf0ac3c869,null
2b9d53e8-6c8f-4bae-83e3-c38a2c18996c,00000000-0000-0000-0000-000000000001,9c20c187-fe47-4647-a49b-6825e23b7920,2026-05-15,present,09:15:00,17:45:00,2026-05-15 03:45:44.400437+00,j57f51zsx4c5vt1s1q5wv9xt1n86s7sd,e0052b72-16bf-4812-a698-1e6b026ddb3c,null
40d4a3b9-f05c-4135-b7fa-5cb58cec87df,00000000-0000-0000-0000-000000000001,15b5f48a-0cb9-c73e-1c13-37fd5d8cb10b,2026-05-15,leave,09:38:00,18:41:00,2026-05-15 04:08:41.44246+00,leave_kd7fhy5n0h54g4y2z2qx9bfs0s86hp1p_2026-05-15,ed0cfa25-2224-4fcc-b936-840b9d566946,null
41b1a454-1322-4159-963e-39221fa7220f,00000000-0000-0000-0000-000000000001,b21e8a0e-5076-9666-21ba-fb6b06140f1b,2026-05-15,late,09:39:00,18:33:00,2026-05-15 12:25:46.585946+00,j57fvzfm4x8h18wqxb70cr6wks86sryb,18da8ad5-a2b1-4053-a80a-1a8c742f6461,null
6ad2fc59-e513-482f-a7ad-672905b56839,00000000-0000-0000-0000-000000000001,509cadb2-fb85-403e-ab9a-43e9e7ec9555,2026-05-15,late,10:01:00,18:05:00,2026-06-29 05:38:13.907566+00,j5751hxhs8whptsja4jdm6w7sx86sqkt,33295b1f-2dbd-47f4-9ef1-d1f1f8edf146,null
78ddf865-c93f-4b90-aa63-c68b8d575bc3,00000000-0000-0000-0000-000000000001,39523891-bab0-6a9f-129b-2f5b51ea3e37,2026-05-15,late,10:27:00,18:38:00,2026-05-15 04:57:54.631116+00,j576sfxwr9nzxzjt1gq4acgrkx86rvft,ba2e26a0-d189-48ee-acc9-4cbe2345cf39,null
93ba4034-ddb0-464a-a14f-aac23d57069b,00000000-0000-0000-0000-000000000001,1da9e75d-51ab-4a53-9fc5-222ba2c12524,2026-05-15,present,09:45:00,23:59:00,2026-05-15 04:15:11.491051+00,j573945ttqm74aae9zpbketxdh86rdyr,59501371-47e1-45b1-8fa3-58b10e111d1e,null
b008915c-2f7a-46ac-b2f0-de75356ec718,00000000-0000-0000-0000-000000000001,3b4c72de-80d1-4df4-8fbf-1147100d54dc,2026-05-15,late,09:48:00,23:59:00,2026-05-15 04:18:29.504798+00,j572j7c8attsern6v97sczjr7n86ss9a,9a8a67df-8689-4845-87db-5aebbdbeccb3,null
d8941aed-d6c0-46ed-8b06-519e114a3883,00000000-0000-0000-0000-000000000001,d37b144f-0bcd-4941-b1cf-e594fa52bb72,2026-05-15,late,09:58:00,23:59:00,2026-05-15 04:29:02.523709+00,j57fmjsgbdxe67nq9y0x8z3b7186rr3v,42e8d3c1-9ce3-4d48-90a3-3e815ef3ed1e,null
ec17b263-a67a-4a27-9075-e093599fcc3e,00000000-0000-0000-0000-000000000001,8a235718-7769-447f-ac47-d37aa798b932,2026-05-15,late,09:53:00,23:59:00,2026-05-15 04:23:52.158486+00,j57embrgstc2y4xspkhc2f86e986rcbt,f1dfbfaf-53da-4032-8e9a-2e49872b469e,null
153d5c2b-4f50-45d8-9276-6add0953e112,00000000-0000-0000-0000-000000000001,b21e8a0e-5076-9666-21ba-fb6b06140f1b,2026-05-16,late,10:12:00,23:59:00,2026-05-16 04:42:56.76849+00,j576nkh9cww8sd5qxsgs48qj7586vgak,806be2c6-a5ac-4865-ba18-2a774d52415e,null
19056772-e9cb-4d1c-8a55-c5b6d2844f81,00000000-0000-0000-0000-000000000001,39523891-bab0-6a9f-129b-2f5b51ea3e37,2026-05-16,late,10:22:00,23:59:00,2026-05-16 05:57:16.304444+00,j57dryf4yx0cvvbkxvd7a8wnd186v5p2,477246db-c56f-452e-937b-59e9adc6d38a,null
29bf2c67-034f-4689-b150-e20d703bdce1,00000000-0000-0000-0000-000000000001,509cadb2-fb85-403e-ab9a-43e9e7ec9555,2026-05-16,late,10:02:00,18:16:00,2026-06-29 05:38:05.34336+00,j573382dahxh46xdnxhhdhaz6x86vsnf,2ebe7459-2ec2-4e42-aec2-1e885c01a56a,null
3cedb513-af8c-4d0b-b259-34898961c437,00000000-0000-0000-0000-000000000001,fc505e28-6210-49c3-b873-e10e86ec7b92,2026-05-16,late,10:11:00,18:12:00,2026-06-29 05:38:06.114159+00,j572bk7e9eqpdswh3rgwgv6jh986t8p2,ad81bd39-d84e-4b95-8e72-6bcc7db6497e,null
57d6fb06-53f5-4728-b2f8-482b72d0f367,00000000-0000-0000-0000-000000000001,3b4c72de-80d1-4df4-8fbf-1147100d54dc,2026-05-16,late,09:47:00,23:59:00,2026-05-16 04:18:08.425505+00,j57198bjzr8trx3dnxjxqcegqx86v3gt,e597fc46-4856-44a8-bf9e-29fd6f17ebd4,null
c5c74938-fd3c-4316-bca7-72f69e3bd289,00000000-0000-0000-0000-000000000001,15b5f48a-0cb9-c73e-1c13-37fd5d8cb10b,2026-05-16,present,09:36:00,18:25:00,2026-05-16 04:06:27.710416+00,j573ap0am75c45jb03hqkzgenx86vp1h,d8a0517f-7246-4a4f-92ca-ca7c194d5209,null
d5ffed37-f5b2-4ae1-a265-8581fdd8f91d,00000000-0000-0000-0000-000000000001,9c20c187-fe47-4647-a49b-6825e23b7920,2026-05-16,present,09:38:00,18:07:00,2026-05-16 04:08:26.405092+00,j579bjhremy8nt5tmcber5gcyn86vk53,fb9b0364-b169-406a-b970-545a697d3474,null
46f8def1-c604-4b41-b57f-8474d47c6e6f,00000000-0000-0000-0000-000000000001,9c20c187-fe47-4647-a49b-6825e23b7920,2026-05-17,present,09:39:00,18:00:00,2026-05-17 04:09:14.115786+00,j57ew9yvqqgy7b5chj2cg4zrah86x792,ee8cd51b-c9fc-4613-977d-ff184f91ccdf,null
10618f24-71d1-4157-a266-58e9ee3fa787,00000000-0000-0000-0000-000000000001,fc505e28-6210-49c3-b873-e10e86ec7b92,2026-05-18,late,10:05:00,23:59:00,2026-05-25 12:16:55.571107+00,j57aw8ejdvz3fk1q6mngqs2z7n86zm1t,90a95951-6bd3-42e7-8bfd-8e8ed4be1565,null
617a1a35-e0cb-440d-b056-f0578df64dbb,00000000-0000-0000-0000-000000000001,15b5f48a-0cb9-c73e-1c13-37fd5d8cb10b,2026-05-18,late,10:13:00,23:59:00,2026-05-18 04:43:54.601822+00,j572cp3a1jzp02678d7kdh2a2d86ytbw,ab8de129-4b13-48bc-aa1c-96c65c5634d6,null
b2c2f3e2-672e-46b4-be0a-f49d6197b76e,00000000-0000-0000-0000-000000000001,9c20c187-fe47-4647-a49b-6825e23b7920,2026-05-18,late,09:47:00,23:59:00,2026-05-18 04:18:13.561955+00,j579nkzfctnh8j67r6fqemp9v586zxck,337fbd79-dd92-459d-9bcf-b652441c4ced,null
c56fccd5-2fc0-4a7c-82ac-0041526bd805,00000000-0000-0000-0000-000000000001,509cadb2-fb85-403e-ab9a-43e9e7ec9555,2026-05-18,late,09:54:00,18:12:00,2026-05-25 12:16:54.800433+00,j574bfnn1xjzejxqq3514hr0qn86ypwc,fd068d50-6862-43a2-b6ce-89664f4557a2,null
b55184de-c0dd-40d4-8d2d-a5a0881de307,00000000-0000-0000-0000-000000000001,fc505e28-6210-49c3-b873-e10e86ec7b92,2026-05-19,late,09:57:00,18:27:00,2026-05-25 12:16:53.262627+00,j57b2949825sg2aryfw1r2j4wn871yyh,5b5aa908-2676-4897-af9f-295578ff93b5,null
c90f5b90-c131-4540-ae29-d17c5e57df92,00000000-0000-0000-0000-000000000001,15b5f48a-0cb9-c73e-1c13-37fd5d8cb10b,2026-05-19,late,09:47:00,23:59:00,2026-05-19 04:17:20.356871+00,j57221e4b2erqzt9zsvkgge7t1871nh9,191b2460-a552-4b58-a155-b9f3afe3048d,null
f3a43598-a230-469e-a462-941f276d6706,00000000-0000-0000-0000-000000000001,9c20c187-fe47-4647-a49b-6825e23b7920,2026-05-19,present,09:31:00,17:35:00,2026-05-19 04:01:14.830142+00,j5760z9tpy8z5eeakjyjfzesqd87111v,16599a0d-b80e-4be7-81e3-3fee2d2f517b,null
404a10e4-6967-46d4-a198-72dccabf98ce,00000000-0000-0000-0000-000000000001,9c20c187-fe47-4647-a49b-6825e23b7920,2026-05-20,present,09:40:00,17:38:00,2026-05-20 04:10:12.776939+00,j572k9tsd95hstgep4qjht0fx5872yn4,2bf1d7e7-e214-45ea-a239-6a5bb0b80622,null
5175670a-4f91-4f37-86ba-2805f1affedb,00000000-0000-0000-0000-000000000001,b21e8a0e-5076-9666-21ba-fb6b06140f1b,2026-05-20,late,11:41:00,23:59:00,2026-05-20 06:11:12.38499+00,j57dx91gmmd8t1smx428qzg8gn873q4t,af37c9dc-3b04-467f-95c7-7dbe87bb5606,null
57404b8e-8db8-4b20-98db-d2ffcb072f19,00000000-0000-0000-0000-000000000001,3b4c72de-80d1-4df4-8fbf-1147100d54dc,2026-05-20,late,10:06:00,23:59:00,2026-05-20 04:36:12.825129+00,j577t6y919av23gxhx35z232f9873n5r,94444b8e-1624-489c-870a-0c69d5ae508f,null
73a3f591-1ba7-4ad0-a096-58e7f88562cf,00000000-0000-0000-0000-000000000001,39523891-bab0-6a9f-129b-2f5b51ea3e37,2026-05-20,late,19:12:00,23:59:00,2026-05-20 13:42:18.070406+00,j57c8xgfrrmw8mz7xj4ee4aqfh8725eq,61efdfd1-a361-4387-9a0e-b9c46997c05d,null
a2f48862-09b4-4f17-8b96-9ee5928c3dfc,00000000-0000-0000-0000-000000000001,d37b144f-0bcd-4941-b1cf-e594fa52bb72,2026-05-20,late,10:05:00,23:59:00,2026-05-20 04:35:38.487993+00,j57a7mat9zpqbh4d0wffx4hqt1872b5k,ed4e7e4d-15c5-4a03-b3a3-38d4e94ce10b,null
aa8f5f44-090e-4214-a4ba-8cc62bbb8f6e,00000000-0000-0000-0000-000000000001,15b5f48a-0cb9-c73e-1c13-37fd5d8cb10b,2026-05-20,late,10:23:00,19:18:00,2026-05-20 04:53:53.250907+00,j57ehefy3rjjj3hkqvd4bmbxy18721v5,c836b2c9-c11b-4b9d-9151-c82bd5d61ffa,null
d8cb7e30-aecc-48bf-980b-cc96b68f1e9b,00000000-0000-0000-0000-000000000001,1da9e75d-51ab-4a53-9fc5-222ba2c12524,2026-05-20,late,10:10:00,23:59:00,2026-05-20 04:40:40.780897+00,j57ckmk4pn48b7q9r635yh8jh9872bwq,ca8c20a8-b953-4313-b8df-a456a10aeb3a,null
df05788b-21a5-4e1d-b73f-759ddd2a081f,00000000-0000-0000-0000-000000000001,fc505e28-6210-49c3-b873-e10e86ec7b92,2026-05-20,late,10:12:00,18:37:00,2026-05-25 12:16:48.599088+00,j578pxpcw69ewz1q1n5wqkwa05873zq6,50e1f272-9c51-4b6f-a956-7fc91bda9966,null
104f0cdb-70da-424c-9a24-bd132459b5d6,00000000-0000-0000-0000-000000000001,1da9e75d-51ab-4a53-9fc5-222ba2c12524,2026-05-21,present,08:46:00,17:31:00,2026-05-21 03:17:07.313357+00,j57ctbbd2hhch3gdq5rkfqz0wn875sp3,a4b6f733-a196-4181-81bf-041ce9c3ede1,null
4c4bbfdc-e480-4730-b326-5f182cd9bc21,00000000-0000-0000-0000-000000000001,15b5f48a-0cb9-c73e-1c13-37fd5d8cb10b,2026-05-21,late,09:51:00,19:12:00,2026-05-21 04:21:26.44789+00,j5711tntm8nswtjh9f14zgrsq5874v1q,98683146-2e0f-4634-b139-b4bff5a50b35,null
8b461563-ba6c-453d-b223-ad9244e9bd54,00000000-0000-0000-0000-000000000001,b21e8a0e-5076-9666-21ba-fb6b06140f1b,2026-05-21,late,10:20:00,19:13:00,2026-05-21 04:51:04.193713+00,j5760dr5rhn996hw0jctpa5pex874wnf,a2115dee-6b9c-4a67-981d-c82a3f435734,null
919951f6-b3a1-4710-8017-ecd4655cf3b4,00000000-0000-0000-0000-000000000001,39523891-bab0-6a9f-129b-2f5b51ea3e37,2026-05-21,late,10:21:00,19:12:00,2026-05-21 04:51:26.545301+00,j574xxbr08q5nm03kpd8scf0nx875f00,4b2b154c-56db-4a19-a34f-696d1336cbd0,null
a3e3a262-96f6-41e5-9360-3a08e1192357,00000000-0000-0000-0000-000000000001,fc505e28-6210-49c3-b873-e10e86ec7b92,2026-05-21,present,09:34:00,17:55:00,2026-05-25 12:16:40.123709+00,j577t7bgx0gts89e8hv6t102w9874fjz,191a8e5b-5976-4d57-91ca-71c7f7a9db57,null
c668d4c7-0fbd-4c16-8093-ae38fdecb9e9,00000000-0000-0000-0000-000000000001,9c20c187-fe47-4647-a49b-6825e23b7920,2026-05-21,late,09:56:00,23:59:00,2026-05-21 04:26:50.116081+00,j578y8nrw3f45n17aqz4cgjd8d874w1t,af2c406d-8e81-49c8-9393-39dab07b89d4,null
e4cb571d-e944-4bfe-ad99-5f64b36e67cf,00000000-0000-0000-0000-000000000001,d37b144f-0bcd-4941-b1cf-e594fa52bb72,2026-05-21,late,10:10:00,23:59:00,2026-05-21 04:40:38.695636+00,j57ee0nvvfdgzf216mw7t5kqy9874w11,274529d3-a911-4ac0-a353-1099f299d6b0,null
f6e0e383-78b3-4ae3-b030-0983e086de7c,00000000-0000-0000-0000-000000000001,3b4c72de-80d1-4df4-8fbf-1147100d54dc,2026-05-21,late,09:56:00,23:59:00,2026-05-21 04:27:07.545716+00,j57b3qs7nq0q0f46ypr1myw42n875jsj,39770f39-a5a3-475d-8a9f-0960932d8b6a,null
2844fcac-4c39-46d6-8305-9c6869182840,00000000-0000-0000-0000-000000000001,9c20c187-fe47-4647-a49b-6825e23b7920,2026-05-22,late,17:57:00,23:59:00,2026-05-22 12:27:21.980493+00,j574beb5b8xcvk1qb8t3khcfc5877sfa,50d5cf1c-da61-47cf-a79f-15cc169db171,null
67477b29-c33a-40a1-878c-e1ac4c2ad5a9,00000000-0000-0000-0000-000000000001,15b5f48a-0cb9-c73e-1c13-37fd5d8cb10b,2026-05-22,late,10:04:00,19:23:00,2026-05-22 04:34:23.63756+00,j57dfvjbqjv4eqq99cbx5j7gf58765z5,51ec3363-1427-4abd-8539-ad86d9251425,null
8d986df9-0832-45f9-abb5-80c052250e52,00000000-0000-0000-0000-000000000001,b21e8a0e-5076-9666-21ba-fb6b06140f1b,2026-05-22,late,10:04:00,19:04:00,2026-05-22 04:34:39.093891+00,j57aqe3dr994sbnwrag3wx4zz9877teh,6b16f4cd-0dd8-4a09-9db3-2b70bea90726,null
e068e481-e0b1-4e97-9849-607b4a1b8b52,00000000-0000-0000-0000-000000000001,1da9e75d-51ab-4a53-9fc5-222ba2c12524,2026-05-22,late,17:56:00,18:19:00,2026-05-22 12:27:06.450837+00,j575q6tr4r52yxk5b3d228zf0x8775mr,b83ed92e-12f8-45e6-aa36-324dfdb5819a,null
f765469e-41d8-4ec9-b02c-767de4abec1b,00000000-0000-0000-0000-000000000001,39523891-bab0-6a9f-129b-2f5b51ea3e37,2026-05-22,late,11:34:00,23:59:00,2026-05-22 06:04:48.149052+00,j5786v9rr9x1j6rs7h4577tkas876wpx,907bd477-3d3a-43ab-b237-33bbc09c749c,null
1c13bab7-ce3a-49d4-8c29-dc0e97dd94b5,00000000-0000-0000-0000-000000000001,3b4c72de-80d1-4df4-8fbf-1147100d54dc,2026-05-23,late,11:50:00,23:59:00,2026-05-23 06:20:27.673877+00,j573d3dfw184jysqr0yg3s8xan8795a6,78e69dc7-3cb9-4735-923a-f6ee73f8320a,null
47ea3de5-fc79-4a63-a936-29e6b61b2d7e,00000000-0000-0000-0000-000000000001,b21e8a0e-5076-9666-21ba-fb6b06140f1b,2026-05-23,late,18:10:00,23:59:00,2026-05-23 04:39:41.541801+00,j57aypwpkg5w5ace9yjt59p2a5878cjb,d2937c5f-fe28-4122-a45b-9f8fcf0b3370,null
52d42cb9-c655-499d-97e3-276b6ae2aac1,00000000-0000-0000-0000-000000000001,d37b144f-0bcd-4941-b1cf-e594fa52bb72,2026-05-23,late,11:49:00,23:59:00,2026-05-23 06:19:10.545744+00,j57a9pnt9e9654df2frwzwwerd878wcx,630baa58-144f-4ffe-a39c-2998886a2a14,null
781162d8-4ec3-4101-aacb-aa71853fab54,00000000-0000-0000-0000-000000000001,1da9e75d-51ab-4a53-9fc5-222ba2c12524,2026-05-23,late,18:10:00,23:59:00,2026-05-23 12:40:36.563807+00,j5712rhbpaz2awb1t3322ay3x1878da3,de9a0028-3932-4e14-99d9-5588e3b00537,null
a7b4d062-729a-4a15-8d50-9becc8453544,00000000-0000-0000-0000-000000000001,8a235718-7769-447f-ac47-d37aa798b932,2026-05-23,late,12:03:00,23:59:00,2026-05-23 06:33:58.354599+00,j572pt9w5gzq4gs2mvz5w2ge9d8786gt,1eef4936-cbd5-48d1-8f55-df4feca055c3,null
f4edd06f-1876-461c-8736-f4d880f17795,00000000-0000-0000-0000-000000000001,15b5f48a-0cb9-c73e-1c13-37fd5d8cb10b,2026-05-23,present,09:38:00,18:42:00,2026-05-23 04:08:47.904743+00,j577cheyphybvhsww9ra2x53x18787k6,69ef0620-debe-42e5-abfc-8f71e5751026,null
26c5c358-9a8d-49ab-9c27-d6c24ebc2bf8,00000000-0000-0000-0000-000000000001,9c20c187-fe47-4647-a49b-6825e23b7920,2026-05-25,late,09:56:00,18:01:00,2026-05-25 04:26:47.458892+00,j574j8m9kjqnqscnsk3rkwbdk187djzj,75f10635-1170-4215-907e-3f30bb0c2145,null
3e2abeaf-a037-48b3-be1e-37f28beb3b2b,00000000-0000-0000-0000-000000000001,15b5f48a-0cb9-c73e-1c13-37fd5d8cb10b,2026-05-25,present,09:36:00,18:48:00,2026-05-25 04:06:11.678327+00,j57dy10217r002tns5b99jsvwx87d0wg,94b8015d-ff71-4be0-b74f-b2c7ba307ed9,null
40f1ac36-5bee-4a38-b7b3-c6c8c2efd11f,00000000-0000-0000-0000-000000000001,1da9e75d-51ab-4a53-9fc5-222ba2c12524,2026-05-25,present,09:32:00,18:20:00,2026-05-25 04:02:54.674048+00,j57ffqsas2f862a730azgxk9ts87de74,c41020a1-c8fc-4d02-ad5e-ac21662025e9,null
5df2b172-448f-4516-8bd0-db5fba1288ff,00000000-0000-0000-0000-000000000001,b21e8a0e-5076-9666-21ba-fb6b06140f1b,2026-05-25,late,10:01:00,18:09:00,2026-05-25 04:32:04.458755+00,j570yfddaxvhpwjpz9mzc1f9y587d1rm,a4442cf7-dd9f-4339-93ef-e75b86b94459,null
85d88d9e-623e-4b56-bdd1-43925ef63eaf,00000000-0000-0000-0000-000000000001,8a235718-7769-447f-ac47-d37aa798b932,2026-05-25,late,10:01:00,23:59:00,2026-05-25 04:31:29.826822+00,j57ah6bw7gmjrpbchtva4rw0px87ce11,c146ea19-7249-4efb-804e-4b62ec8ec604,null
9b6adc97-4cb5-474d-a4fd-fd5b7b5ef52d,00000000-0000-0000-0000-000000000001,509cadb2-fb85-403e-ab9a-43e9e7ec9555,2026-05-25,late,10:10:00,18:10:00,2026-05-25 12:16:28.54536+00,j573g34drhj4h1fgvxykxqxc9x87dkwd,d1113211-a504-4999-8ea7-472914cf89fc,null
a4075e35-16d9-4b0f-8e00-6ee65fff651a,00000000-0000-0000-0000-000000000001,3b4c72de-80d1-4df4-8fbf-1147100d54dc,2026-05-25,late,09:50:00,23:59:00,2026-05-25 04:20:52.272209+00,j5788zreh8rqsk5d6j9df0ptqs87c7be,531e6230-ec1d-4471-a7ba-96c43fde5029,null
b6b91235-3fdd-468d-bab3-13dd116a2916,00000000-0000-0000-0000-000000000001,f7dd430d-c6a9-43ea-98b1-be8e0ea84bf6,2026-05-25,late,09:51:00,23:59:00,2026-06-29 05:37:29.423212+00,j577stz1ae59zwmp39hv8s8a5s87dfzf,8fe05308-defe-4385-8688-eef313742e7b,null
f23aa049-55fe-441c-8294-3ee385eb482c,00000000-0000-0000-0000-000000000001,39523891-bab0-6a9f-129b-2f5b51ea3e37,2026-05-25,late,12:05:00,23:59:00,2026-05-25 06:36:02.519023+00,j5766fb5p1y4xt8mksgamp3q1x87d9zm,c63823e1-a750-4a17-a8b4-acd48c8306bf,null
f577c922-8741-447f-bb8d-75ff564589c1,00000000-0000-0000-0000-000000000001,d37b144f-0bcd-4941-b1cf-e594fa52bb72,2026-05-25,late,09:53:00,23:59:00,2026-05-25 04:23:20.4204+00,j57eqj8sd4jvjv3nr2w0tndkrx87dvp4,79cbff0e-7f73-495e-9de0-79cd3ced643d,null
0baa1760-0e05-4951-bc2f-8687bd8c3e59,00000000-0000-0000-0000-000000000001,3b4c72de-80d1-4df4-8fbf-1147100d54dc,2026-05-26,late,09:49:00,23:59:00,2026-05-26 04:19:18.87675+00,j57b5qhmsbnbc4ywf36jkv7zzx87e6yx,29376d77-3bdd-4f17-9535-82a2f5e582dd,null
26741afe-22ce-4fb4-a67c-e88d0cf1acee,00000000-0000-0000-0000-000000000001,39523891-bab0-6a9f-129b-2f5b51ea3e37,2026-05-26,late,10:23:00,23:59:00,2026-05-26 04:53:44.404988+00,j579ch2vwh9fgzs8zw0y4ch9qn87fajz,1a42dbb0-b443-417d-9d98-90321a3f0970,null
2e0bef0d-5af2-4275-a58d-dab69d31d02f,00000000-0000-0000-0000-000000000001,15b5f48a-0cb9-c73e-1c13-37fd5d8cb10b,2026-05-26,late,09:57:00,19:12:00,2026-05-26 04:27:59.734032+00,j572y9zp9ywh0tyf63nebw2ydh87fzd8,4cf14073-bde4-4f59-8295-99178c44d00f,null
6bc1dee0-aa9f-421e-977e-bbc1f681c2e8,00000000-0000-0000-0000-000000000001,fc505e28-6210-49c3-b873-e10e86ec7b92,2026-05-26,present,09:33:00,18:10:00,2026-05-26 04:03:11.997457+00,j57akd7vfs1cbh7e63bh9evy7187fgb8,3f62a947-21d2-451b-97cb-aceee528591a,null
6dddbfda-9ab0-42df-b69b-bc2f221a95a5,00000000-0000-0000-0000-000000000001,509cadb2-fb85-403e-ab9a-43e9e7ec9555,2026-05-26,late,09:54:00,17:57:00,2026-05-26 04:23:49.351124+00,j57bp8re3pn3sks3gc3ms3zhr187f79e,f17b7c09-6647-407d-ac51-b019c73a92c7,null
79110d17-1296-4eb5-96be-facacd6498d3,00000000-0000-0000-0000-000000000001,1da9e75d-51ab-4a53-9fc5-222ba2c12524,2026-05-26,present,09:41:00,18:31:00,2026-05-26 04:12:00.158927+00,j57abwegb7y2k44by5exapz74n87eby4,6686f282-76f8-423a-9135-f4611c9d8302,null
9fef0edc-cc7d-4292-b293-8a310aa57332,00000000-0000-0000-0000-000000000001,f7dd430d-c6a9-43ea-98b1-be8e0ea84bf6,2026-05-26,present,09:45:00,23:59:00,2026-06-29 05:37:20.847547+00,j575hhkgp75skbhj94cc783j9h87fax1,93d29753-ba7d-46ae-829b-a8e5ef37c01f,null
dd119de8-6c3c-4416-b7c6-82d22d2da318,00000000-0000-0000-0000-000000000001,d37b144f-0bcd-4941-b1cf-e594fa52bb72,2026-05-26,late,10:00:00,23:59:00,2026-05-26 04:30:20.8053+00,j57aa9xx0cy59yf7kqbmp3q0dd87fek4,5632556e-41cd-4815-823b-c09296499567,null
e8c66cae-6d4f-47be-b269-4116d9fcd67d,00000000-0000-0000-0000-000000000001,9c20c187-fe47-4647-a49b-6825e23b7920,2026-05-26,late,09:59:00,18:23:00,2026-05-26 04:29:41.580775+00,j5745npahyjjg846n6964rxxyd87eeh8,70ae7cfe-0ced-4064-aa6e-79ba9923b3d2,null
f2bd7af1-89b8-4b4b-a525-55620f1e6789,00000000-0000-0000-0000-000000000001,8a235718-7769-447f-ac47-d37aa798b932,2026-05-26,late,10:14:00,23:59:00,2026-05-26 04:44:34.496627+00,j5720gs1a3a9qv64hjjfe87ap987ez7v,92932e03-7b55-44f5-ae59-9b909e5e3e6a,null
0cb45a8f-2a66-41e3-ae24-21ccdb0f948d,00000000-0000-0000-0000-000000000001,d37b144f-0bcd-4941-b1cf-e594fa52bb72,2026-05-27,late,09:58:00,23:59:00,2026-05-27 04:28:11.413666+00,j5710z6vnzndx9270z1qyjyyps87h64t,7eb0a523-cb31-4dfb-85be-ea052e9ffc48,null
56552a32-0207-473d-bbaf-2232f8014669,00000000-0000-0000-0000-000000000001,f7dd430d-c6a9-43ea-98b1-be8e0ea84bf6,2026-05-27,late,10:12:00,23:59:00,2026-06-29 05:37:17.732011+00,j57a1ekv08z7eafmk6n8medkbn87gsgf,76c6716a-20bf-41c2-b1c1-d0d9787942a0,null
6efef60f-0790-4250-8e4f-172bfccff563,00000000-0000-0000-0000-000000000001,9c20c187-fe47-4647-a49b-6825e23b7920,2026-05-27,late,10:07:00,23:59:00,2026-05-27 04:37:16.532887+00,j572aarjnpcqbhwzf9x137zzk587gsgg,075238fb-bbbb-466c-a8e4-6418888c26f9,null
8e6d1079-91ed-446f-9edf-5a895f36bbb6,00000000-0000-0000-0000-000000000001,8a235718-7769-447f-ac47-d37aa798b932,2026-05-27,late,10:02:00,23:59:00,2026-05-27 04:32:31.194277+00,j57d9ayqzfdk5m39ndx7tgg3rn87htnt,937571e5-c61a-4458-990d-827d9819d122,null
b0ef8e8a-9083-4289-b4c3-6cf300c848a4,00000000-0000-0000-0000-000000000001,1da9e75d-51ab-4a53-9fc5-222ba2c12524,2026-05-27,present,09:40:00,18:29:00,2026-05-27 04:10:56.875228+00,j571269akq28ns0qw2pej1g0jh87hw0x,fc6cd8b9-22ab-4912-8779-2d0b2e910685,null
c4243b15-5e90-43fc-8be5-71516b0da140,00000000-0000-0000-0000-000000000001,509cadb2-fb85-403e-ab9a-43e9e7ec9555,2026-05-27,late,10:00:00,18:01:00,2026-05-27 04:30:10.335761+00,j5755cz0gxmqq5z7s3qcwxcw0587g2xw,9576295e-e881-4f28-be35-43477ea8f772,null
dd26c858-4c00-4c43-81c1-9faa8e3e033a,00000000-0000-0000-0000-000000000001,15b5f48a-0cb9-c73e-1c13-37fd5d8cb10b,2026-05-27,late,10:09:00,18:52:00,2026-05-27 04:40:06.324364+00,j573t2dps3pvhva92nvawa073s87hk7p,614637fa-db6f-41cc-a783-978812bce63c,null
e1a07efc-32db-4c52-85d0-e7ac83351562,00000000-0000-0000-0000-000000000001,fc505e28-6210-49c3-b873-e10e86ec7b92,2026-05-27,late,09:55:00,18:05:00,2026-05-27 04:25:17.567782+00,j579yfn14jqhfe4d078jfwt9s987gmzc,c3bc6927-2aa8-417f-a33d-73574eb6e5c7,null
efe4ecec-3ddf-46cb-89b6-78d7cc4673b7,00000000-0000-0000-0000-000000000001,3b4c72de-80d1-4df4-8fbf-1147100d54dc,2026-05-27,late,09:56:00,23:59:00,2026-05-27 04:26:53.570119+00,j572ta198kae0e96cb2n6jre9587h631,6169e180-152a-4730-be03-9559815b98d1,null
f5da11a7-4adf-46ea-b123-72f029dbc57a,00000000-0000-0000-0000-000000000001,39523891-bab0-6a9f-129b-2f5b51ea3e37,2026-05-27,late,10:24:00,23:59:00,2026-05-27 04:54:28.701332+00,j5743ee00wdk2nxg0qftssajrd87ghc2,ce4247b0-a26d-4620-b206-3f57a33e293c,null
0cfe3508-3da2-45de-9a9a-57bcc0d473cd,00000000-0000-0000-0000-000000000001,1da9e75d-51ab-4a53-9fc5-222ba2c12524,2026-05-28,present,09:40:00,17:45:00,2026-05-28 04:11:10.870145+00,j578axs4v4r582pn2ezfmtegfx87k1zc,49f8eeae-2402-4f23-b692-cb3e1dbbf35a,null
15c9a53b-47e0-4832-844f-91a259a8fd77,00000000-0000-0000-0000-000000000001,fc505e28-6210-49c3-b873-e10e86ec7b92,2026-05-28,late,10:13:00,18:14:00,2026-05-28 04:43:24.575428+00,j5757600gcm1708r41x8z3rrz987kd4m,39427fc6-9988-4e05-a2a1-bf32374eb191,null
38bf2c90-c799-4206-acd5-42a14d6190af,00000000-0000-0000-0000-000000000001,509cadb2-fb85-403e-ab9a-43e9e7ec9555,2026-05-28,late,10:02:00,18:05:00,2026-05-28 04:32:37.35707+00,j57a4t3s8bdhtsv107rwe3mbzh87jyta,bab71a47-4707-4643-9135-810246464793,null
40f45118-8d78-49a4-940c-a341ef17d151,00000000-0000-0000-0000-000000000001,15b5f48a-0cb9-c73e-1c13-37fd5d8cb10b,2026-05-28,late,09:46:00,18:36:00,2026-05-28 04:16:54.414837+00,j571nx8gs8rtgje60h6ceswmbd87kshc,554b5562-06a6-4ec7-8364-cd2aaefbbd00,null
639546fd-9a5c-45ad-91a4-489ca7b995f4,00000000-0000-0000-0000-000000000001,f7dd430d-c6a9-43ea-98b1-be8e0ea84bf6,2026-05-28,late,10:16:00,23:59:00,2026-06-29 05:37:10.751365+00,j5781c5rh1aqjp1ghqrx45ck6h87k6jc,ac34be5e-d839-413a-aac3-adb6dec2e0d2,null
72a94743-5fb5-4859-bd83-9dd19b408b20,00000000-0000-0000-0000-000000000001,d37b144f-0bcd-4941-b1cf-e594fa52bb72,2026-05-28,late,10:02:00,23:59:00,2026-05-28 04:32:57.773757+00,j57bbjtzegxb3gmxeddn6x378s87k1z9,fcc4c83e-974c-40d7-a292-e2fdb654e72d,null
89e06370-bce1-40e5-ba20-83ac9d3626c0,00000000-0000-0000-0000-000000000001,3b4c72de-80d1-4df4-8fbf-1147100d54dc,2026-05-28,late,09:47:00,23:59:00,2026-05-28 04:17:32.633474+00,j572g5fgpn7xc0r6wqnscfqhvn87jak9,616ba7d0-404f-4cee-bebd-8df5a91be6ae,null
139296d9-1037-41e1-87fc-ce3f109ec492,00000000-0000-0000-0000-000000000001,509cadb2-fb85-403e-ab9a-43e9e7ec9555,2026-05-29,late,09:46:00,17:59:00,2026-05-29 04:15:48.623641+00,j57emptr9509nrvssqmqcdd97587m24m,033f2421-e719-4428-9102-8345474c3143,null
160b55f4-ee5c-49dd-abb1-676870164c93,00000000-0000-0000-0000-000000000001,f7dd430d-c6a9-43ea-98b1-be8e0ea84bf6,2026-05-29,late,10:17:00,23:59:00,2026-06-29 05:37:04.542937+00,j578r05fkp50rg6s1c39rhmzfd87mfaq,d335edeb-ef01-486b-a2e5-9b27f6ff9360,null
50579a74-d9ab-4bd1-87d5-c56a9b87815a,00000000-0000-0000-0000-000000000001,3b4c72de-80d1-4df4-8fbf-1147100d54dc,2026-05-29,late,09:50:00,23:59:00,2026-05-29 04:20:50.985993+00,j572kvr5s7tth36xdxpp0v1ebn87nj0n,05ba65bb-4693-47b0-8158-b7badab539f4,null
6f12fe27-4c0d-4ab9-9b01-2f947241c7a5,00000000-0000-0000-0000-000000000001,d37b144f-0bcd-4941-b1cf-e594fa52bb72,2026-05-29,late,09:59:00,23:59:00,2026-05-29 04:30:00.747918+00,j57484ydfd9g8zxveqcztravk187my43,6f11f492-4670-4454-8f09-cfcc602e6f82,null
6fa1adb2-94de-400a-ab34-4c32c8afe13f,00000000-0000-0000-0000-000000000001,15b5f48a-0cb9-c73e-1c13-37fd5d8cb10b,2026-05-29,late,10:12:00,19:08:00,2026-05-29 04:42:22.10841+00,j57e6613bb2fvntwsx13rmtw6187mgcc,8d596a8a-38d4-49c2-9833-4d8f63bc2cb1,null
8304d681-fbdf-42cf-a759-63a2977cb897,00000000-0000-0000-0000-000000000001,39523891-bab0-6a9f-129b-2f5b51ea3e37,2026-05-29,late,10:24:00,19:09:00,2026-05-29 04:54:40.13219+00,j57bss3eq8f2embg97ak3fakts87nb7v,7b58145d-14ce-413d-be0c-cf13a549783d,null
a3c79dd4-b279-424d-a327-1fee68d99954,00000000-0000-0000-0000-000000000001,8a235718-7769-447f-ac47-d37aa798b932,2026-05-29,late,09:57:00,23:59:00,2026-05-29 04:27:07.096045+00,j57cbz8jer63sct4gfnv3301th87ncg4,3eb6c13b-8356-494a-9ca9-e03a38c80ef8,null
bab90ee1-611b-4df0-ac7c-cda33993432e,00000000-0000-0000-0000-000000000001,1da9e75d-51ab-4a53-9fc5-222ba2c12524,2026-05-29,present,09:18:00,18:16:00,2026-05-29 03:48:30.868075+00,j578mwx1mn3q5f9j77t6w5qjvd87m4hk,02865f1d-d7c0-4599-a1e4-a01697899fa7,null
dd79ce23-1064-44ce-8151-3268e9a51ac6,00000000-0000-0000-0000-000000000001,fc505e28-6210-49c3-b873-e10e86ec7b92,2026-05-29,late,09:57:00,18:05:00,2026-05-29 04:26:58.645933+00,j571zp12fs9snntjqrw62b9rt187nrgd,33b23e15-baf9-427d-b94a-bc0fc4e305d6,null
0d0dc608-e195-4028-8be0-283cc6dbd78c,00000000-0000-0000-0000-000000000001,39523891-bab0-6a9f-129b-2f5b51ea3e37,2026-05-30,late,11:04:00,23:59:00,2026-05-30 05:34:38.30857+00,j575egvx5ewwmds3bgfn8c4fd987qgdk,35d0b3d5-2904-4839-bd6a-c81714f05758,null
5dc53373-4c46-4aeb-947f-4b43507c3d49,00000000-0000-0000-0000-000000000001,f7dd430d-c6a9-43ea-98b1-be8e0ea84bf6,2026-05-30,present,09:41:00,23:59:00,2026-06-29 05:36:53.541023+00,j57b2s1q996k40rdn7rbedgjpd87p6gh,16a59ba2-e21a-43a3-a57f-3a121978b239,null
608d073f-1301-4542-a7f2-2b1a0a06a43f,00000000-0000-0000-0000-000000000001,9c20c187-fe47-4647-a49b-6825e23b7920,2026-05-30,present,09:24:00,17:35:00,2026-05-30 03:54:43.668331+00,j57das6cg061qfnxm5se1zhpgx87pzz2,b5e38d89-82b4-4bed-8a3b-d16d97031cc5,null
6d7d6b36-902d-46c9-bb2d-e15af85fb668,00000000-0000-0000-0000-000000000001,fc505e28-6210-49c3-b873-e10e86ec7b92,2026-05-30,late,10:16:00,18:19:00,2026-05-30 04:46:44.624878+00,j57ac3w1ctd5avxsrjja71hm6h87pnh6,7a80701c-3bd0-450a-9a0d-4a2a2834d2f1,null
7026e2a8-7985-472a-a509-72b18360a369,00000000-0000-0000-0000-000000000001,3b4c72de-80d1-4df4-8fbf-1147100d54dc,2026-05-30,late,09:48:00,23:59:00,2026-05-30 04:18:46.960594+00,j57b9nvx2ap4yg0jyz9k0cbwr987pykk,5a1deaa9-c92b-46d3-b866-322e6c5a2778,null
7e991839-7dbd-48b8-b052-9656b9589b4b,00000000-0000-0000-0000-000000000001,509cadb2-fb85-403e-ab9a-43e9e7ec9555,2026-05-30,late,09:54:00,18:00:00,2026-05-30 04:24:02.019085+00,j57chg28e3x21k6v33a03h8j5187q5y9,5448e1f9-16f7-4871-9335-6c510df9ff17,null
864f372f-ebd8-4a7a-92a2-739fb401206a,00000000-0000-0000-0000-000000000001,1da9e75d-51ab-4a53-9fc5-222ba2c12524,2026-05-30,present,09:41:00,20:00:00,2026-05-30 04:11:59.284937+00,j57930gnygvbw8t0e5wd8cmdp187pj89,0ff4b486-8932-44ca-aaa0-9cba3d7f8b12,null
acdbf75c-54d8-4fa2-a574-286388a6d231,00000000-0000-0000-0000-000000000001,d37b144f-0bcd-4941-b1cf-e594fa52bb72,2026-05-30,late,09:57:00,23:59:00,2026-05-30 04:27:54.139757+00,j578wb6c95355g9htn67ks1ann87pp4j,429b7100-3ca7-4345-99b3-40e24c5a2da0,null
e4e3c5b3-5c12-49d1-81a4-ad99fc58cf23,00000000-0000-0000-0000-000000000001,8a235718-7769-447f-ac47-d37aa798b932,2026-05-30,present,09:27:00,23:59:00,2026-05-30 03:57:08.097811+00,j57b8yw9r814tyq36hh8wjh0p987p40r,c3c3651a-1876-47f0-b743-05be1edab2f0,null
fcfa02d4-2c52-4098-98cd-82aba68ca46d,00000000-0000-0000-0000-000000000001,15b5f48a-0cb9-c73e-1c13-37fd5d8cb10b,2026-05-30,leave,null,null,2026-06-29 05:42:19.673198+00,leave_kd7960ztrr18a28scwa90x3fvd87pz05_2026-05-30,a1ef99e7-ea04-421f-b5ea-8bde5aebdd5e,null
5bd967dd-e875-4ae6-8e1c-2d7ebbdd8d3b,00000000-0000-0000-0000-000000000001,9c20c187-fe47-4647-a49b-6825e23b7920,2026-05-31,late,10:25:00,23:59:00,2026-05-31 04:55:28.940944+00,j575sd14aeav1gj5krn9gk4njd87rmnk,3e8cac26-cf6b-48d1-87f1-9436410692d1,null
656ef8dd-97ce-4d2d-9efe-29b41bee3c6c,00000000-0000-0000-0000-000000000001,1da9e75d-51ab-4a53-9fc5-222ba2c12524,2026-05-31,present,09:22:00,23:59:00,2026-05-31 03:52:54.719928+00,j575f0qmezna7cy0w8psgxmpd587r2v0,9db6d03c-b2b0-43d7-96f0-204e9eba5179,null
0865d583-a57a-44d8-bf40-0c210d57ae8c,00000000-0000-0000-0000-000000000001,d37b144f-0bcd-4941-b1cf-e594fa52bb72,2026-06-01,late,09:50:00,23:59:00,2026-06-01 04:20:43.515547+00,j570wzy2sra0rn72b5r6dqvq2s87vej3,5d0cc418-dae6-4f95-be49-ca8556f9eb1c,null
0faf90a6-16c3-489a-94b7-f538c23db13f,00000000-0000-0000-0000-000000000001,8a235718-7769-447f-ac47-d37aa798b932,2026-06-01,late,10:05:00,23:59:00,2026-06-01 04:35:29.482941+00,j57bm4b4x50304xm0gtqkak17s87vxm4,8d14894f-d006-4c43-9616-87f4331c2aec,null
5b3a0b55-028b-4bce-b45a-c7887db8f0bc,00000000-0000-0000-0000-000000000001,15b5f48a-0cb9-c73e-1c13-37fd5d8cb10b,2026-06-01,late,09:47:00,18:48:00,2026-06-01 04:17:32.338412+00,j57dhfj8d483p0j9fsjh5brc5s87tswp,f118f2f0-7b95-4895-bb88-d75d6a9f715a,null
644009eb-0c1c-4e56-8351-de27a54fe7ad,00000000-0000-0000-0000-000000000001,1da9e75d-51ab-4a53-9fc5-222ba2c12524,2026-06-01,present,09:38:00,19:10:00,2026-06-01 04:08:38.654774+00,j5706fbrzt47pv34fxgq2vdfmn87thsc,bee4d2a8-482c-4f18-bd3e-014ab508e239,null
672d1494-24e2-4a93-b0aa-d251477de137,00000000-0000-0000-0000-000000000001,509cadb2-fb85-403e-ab9a-43e9e7ec9555,2026-06-01,present,09:45:00,17:54:00,2026-06-01 04:15:04.150991+00,j570cekepf25vg9hwp1k1fhttn87v1ea,739950f4-7318-4571-a28d-10c63ca50a5d,null
7e7f9495-cd8b-4b32-b74c-4f9f93e76389,00000000-0000-0000-0000-000000000001,3b4c72de-80d1-4df4-8fbf-1147100d54dc,2026-06-01,late,09:55:00,23:59:00,2026-06-01 04:25:27.424598+00,j57dk4psp1vh9vqn7b9mm4rcv587tq9d,a57d4ecd-ba88-4611-9d37-5febcb563cc2,null
889c795a-fde9-4b74-8e06-cbcb9c93d9a1,00000000-0000-0000-0000-000000000001,fc505e28-6210-49c3-b873-e10e86ec7b92,2026-06-01,late,10:12:00,18:17:00,2026-06-01 04:42:18.240912+00,j57fzwfdsnwd211a0a7rcws5ns87tah2,ba5e833d-ab47-4e10-8882-dbe2ffeab5d6,null
e6139329-3db8-4300-b102-caa636a5702a,00000000-0000-0000-0000-000000000001,f7dd430d-c6a9-43ea-98b1-be8e0ea84bf6,2026-06-01,late,10:05:00,23:59:00,2026-06-29 05:36:48.028578+00,j573e76zdddmdx908nry6jtrh187vgsa,ed6b8712-fd54-4d9d-9c26-770f88872bd2,null
ef194ccb-48c7-410a-9d05-4bf537aa6bb7,00000000-0000-0000-0000-000000000001,9c20c187-fe47-4647-a49b-6825e23b7920,2026-06-01,late,10:00:00,23:59:00,2026-06-01 04:31:07.164885+00,j573mfheqs4htyesmz6vd778v187tkht,4a5f5062-21ea-4af8-97f3-e35274d609f7,null
fd3c630a-7175-498b-b6b4-bec97820d1ef,00000000-0000-0000-0000-000000000001,39523891-bab0-6a9f-129b-2f5b51ea3e37,2026-06-01,late,10:36:00,23:59:00,2026-06-01 05:06:38.876166+00,j5742jm77zja3jx7m8d51mavs587vxb2,a8da82a9-6d75-4586-9c06-967b426d1c13,null
1301808b-2f4d-45ca-bda0-9c6493919d15,00000000-0000-0000-0000-000000000001,d37b144f-0bcd-4941-b1cf-e594fa52bb72,2026-06-02,late,09:55:00,23:59:00,2026-06-02 04:25:15.71115+00,j5719g0n40k8aa1gs7ck9hptxd87w6qs,8f9514d3-f3a4-4e2a-9b38-d6ee36a17907,null
1defaec0-a186-42d5-9af1-0bec6eac5644,00000000-0000-0000-0000-000000000001,8a235718-7769-447f-ac47-d37aa798b932,2026-06-02,late,09:58:00,23:59:00,2026-06-02 04:28:51.858045+00,j57et1pkvt3kbe0zbxee4rtj3x87wndp,79a645fd-564d-40be-a1d0-8299d704b642,null
2ee24d29-0bc7-468a-a0a9-6c69c606137f,00000000-0000-0000-0000-000000000001,3b4c72de-80d1-4df4-8fbf-1147100d54dc,2026-06-02,late,09:47:00,23:59:00,2026-06-02 04:17:43.233107+00,j575gydw28axdhgb9ww87k2c4s87wm24,99ef006e-0d35-4eac-bc5b-4c131fbcdbf8,null
35d55d18-7da3-47f6-862c-0c13cffa9d7c,00000000-0000-0000-0000-000000000001,39523891-bab0-6a9f-129b-2f5b51ea3e37,2026-06-02,late,09:30:00,23:59:00,2026-06-02 12:12:38.017859+00,j57abvx1nng55ragvht219ma6d87wheh,17383195-ea04-4400-a329-eb4bc7cf42dd,null
4da9654d-d020-43b9-9f23-844f3cb65f3d,00000000-0000-0000-0000-000000000001,15b5f48a-0cb9-c73e-1c13-37fd5d8cb10b,2026-06-02,late,10:01:00,18:39:00,2026-06-02 04:31:24.96793+00,j570qcr9fg2r0yfk1c9bhzdvms87w53b,2687797e-5eb1-4901-b2c4-a0c63f511d21,null
75a3afd8-3c54-434f-99e6-d5c9c5704810,00000000-0000-0000-0000-000000000001,f7dd430d-c6a9-43ea-98b1-be8e0ea84bf6,2026-06-02,present,09:34:00,23:59:00,2026-06-29 05:36:35.548403+00,j57b1rqfme8k1fa60rrw61qg7d87xg3h,aca5bb5c-d591-4280-b595-7cb90c07da77,null
8dff045c-81a1-41c5-8135-85e9d884a597,00000000-0000-0000-0000-000000000001,509cadb2-fb85-403e-ab9a-43e9e7ec9555,2026-06-02,late,09:50:00,17:59:00,2026-06-02 04:19:48.035495+00,j573c2gwkg955a218exqwt55rh87wfsg,55ef94c0-6285-487d-b81c-a450711d8fd7,null
93a07675-b1f6-41bf-a9c2-4d9b9d716a0a,00000000-0000-0000-0000-000000000001,fc505e28-6210-49c3-b873-e10e86ec7b92,2026-06-02,late,09:52:00,18:02:00,2026-06-02 04:22:29.414627+00,j570e6hba6s2tnkh4t3h7dmky587xtm7,cee8d2fc-79c9-49c5-9579-1a2bf8235bbf,null
985c6258-c90e-498e-a3a3-88c7ac65b82b,00000000-0000-0000-0000-000000000001,9c20c187-fe47-4647-a49b-6825e23b7920,2026-06-02,present,09:28:00,23:59:00,2026-06-02 03:58:32.829543+00,j575fgwj2nyr1v4h0a05m1851187xng6,b9df7707-ea6f-447d-90a9-e67debb8cf49,null
fda8d213-b179-46c3-8a94-0e84896eb910,00000000-0000-0000-0000-000000000001,1da9e75d-51ab-4a53-9fc5-222ba2c12524,2026-06-02,present,09:44:00,18:54:00,2026-06-02 04:14:10.507612+00,j57caje9cn3xvb8jwam952ehpd87xxc9,a072fbfa-42d2-48f7-b6f2-083830d32a6a,null
3caad83c-9c0f-41e6-a8b4-5bd2eec7db4c,00000000-0000-0000-0000-000000000001,8a235718-7769-447f-ac47-d37aa798b932,2026-06-03,present,09:38:00,23:59:00,2026-06-03 04:08:29.201542+00,j576gccrpw6esj87j5as2v4jdx87yghr,26963344-8223-40ea-bd12-be423112b8af,null
69e58925-4496-44b3-874e-24bc5bd2ea15,00000000-0000-0000-0000-000000000001,509cadb2-fb85-403e-ab9a-43e9e7ec9555,2026-06-03,late,09:49:00,17:59:00,2026-06-03 04:18:49.883737+00,j578ve24fkpyrf0v9e3a8g0evs87z14j,2d41ab6a-1b7c-43f6-b533-850787fb7cb8,null
78fdbfc3-70ed-43e3-88d2-66c2c90c483f,00000000-0000-0000-0000-000000000001,fc505e28-6210-49c3-b873-e10e86ec7b92,2026-06-03,late,09:53:00,17:59:00,2026-06-03 04:23:00.801797+00,j5770jxgjq6gdgenecvjy3cews87ywar,4d1a152c-9258-4cd2-85d1-2dfc73abedde,null
912ad127-d181-4c21-bd10-a6da4c71df33,00000000-0000-0000-0000-000000000001,1da9e75d-51ab-4a53-9fc5-222ba2c12524,2026-06-03,present,09:37:00,19:30:00,2026-06-03 04:07:57.353764+00,j577kt4df82egpp5r17kexsf3587y9qn,47025f36-30da-40c1-9aa0-5694acb91831,null
b1648862-3e66-46d7-b606-b90b7bc1195e,00000000-0000-0000-0000-000000000001,3b4c72de-80d1-4df4-8fbf-1147100d54dc,2026-06-03,late,09:47:00,23:59:00,2026-06-03 04:17:41.944819+00,j5716fmj2yqfa3gc539gyvh5n987zb1p,42aa8bab-4b33-45dd-904b-066287bdde66,null
b729f544-7db1-43bd-82a6-9b8cb7c91b0c,00000000-0000-0000-0000-000000000001,15b5f48a-0cb9-c73e-1c13-37fd5d8cb10b,2026-06-03,present,09:36:00,18:22:00,2026-06-03 04:07:09.2067+00,j579k16jmdhszeyc6pt5askv4x87y3vj,232afbd4-a86a-410d-8dcb-6f668dd67a00,null
b98d246f-46c6-49dd-8753-772b46da9233,00000000-0000-0000-0000-000000000001,f7dd430d-c6a9-43ea-98b1-be8e0ea84bf6,2026-06-03,present,09:33:00,23:59:00,2026-06-29 05:36:27.784223+00,j573gpqs0h7efhpqwbhmmbqca187z23y,1d648796-e8e2-4f63-9534-115c2d7d65d8,null
e6f8543d-56bb-4302-83b0-1bab4da48051,00000000-0000-0000-0000-000000000001,39523891-bab0-6a9f-129b-2f5b51ea3e37,2026-06-03,late,10:37:00,23:59:00,2026-06-03 05:07:38.36622+00,j5735fyp7ecc49ct0ddvkzkff187zhet,00c1dca9-038d-4b53-a051-913c15cee614,null
fecf2424-39c0-40a1-9d51-c143619e3c85,00000000-0000-0000-0000-000000000001,9c20c187-fe47-4647-a49b-6825e23b7920,2026-06-03,present,09:30:00,17:30:00,2026-06-20 05:36:28.16809+00,j5711nm6gcppn8r6k42tgcjfbd89043n,bd138be5-6dec-4024-aeba-7de69818010d,null
4e262bb7-505a-49d3-bfbf-cca2031e395e,00000000-0000-0000-0000-000000000001,15b5f48a-0cb9-c73e-1c13-37fd5d8cb10b,2026-06-04,late,10:52:00,23:59:00,2026-06-04 05:53:05.398924+00,j577p7vtz2wgkxvgry98n1msw5881hr1,534756d5-7643-44a9-a05d-a1ecaa220faa,null
6a55a650-445b-4703-9e6b-ed9f0128f9f4,00000000-0000-0000-0000-000000000001,1da9e75d-51ab-4a53-9fc5-222ba2c12524,2026-06-04,present,09:30:00,18:50:00,2026-06-04 04:00:40.484484+00,j57anqvxzyxvmv8dghjaqag8sx881dsg,7d509ab1-4f08-4070-baa5-9b21dba9e04d,null
92fb3823-8533-402b-a26f-39c3f3f590cf,00000000-0000-0000-0000-000000000001,39523891-bab0-6a9f-129b-2f5b51ea3e37,2026-06-04,late,10:18:00,23:59:00,2026-06-04 04:48:16.256159+00,j5799knc76q1mt1wyhb0vhmf2s88091n,12b6dba8-b655-4106-bd78-870b487d39dc,null
c0023fe4-b63b-4a21-8d94-1da43a5ffe14,00000000-0000-0000-0000-000000000001,509cadb2-fb85-403e-ab9a-43e9e7ec9555,2026-06-04,late,09:51:00,17:52:00,2026-06-04 04:21:17.967519+00,j57fc63ke3ad0e0tdpzt1et9r18809n8,92201cda-ffa4-4b3d-b4ab-78ddd9847fdd,null
e675b9a3-2919-4989-869a-f6b1efd856c6,00000000-0000-0000-0000-000000000001,fc505e28-6210-49c3-b873-e10e86ec7b92,2026-06-04,leave,null,null,2026-06-29 05:42:20.442936+00,leave_kd74hrktfkmdk96ra7vk8gydjn87ydpz_2026-06-04,9b09e0fa-1a6b-4305-a899-19ec8527a2c1,null
139d8777-2c44-4cf1-aa4b-4ba000ff56dd,00000000-0000-0000-0000-000000000001,15b5f48a-0cb9-c73e-1c13-37fd5d8cb10b,2026-06-05,late,09:58:00,18:58:00,2026-06-05 04:28:26.296184+00,j572w50dq33skpg77y3h4d154x882m37,139e7dd4-46fe-4d70-bce6-c0b5c0fb5b78,null
20c20022-495b-43d5-b9ca-d100e0e4a297,00000000-0000-0000-0000-000000000001,39523891-bab0-6a9f-129b-2f5b51ea3e37,2026-06-05,late,10:57:00,23:59:00,2026-06-05 05:27:14.942468+00,j579j8phm82dknkykxykvdhhz5882j0j,ff924d1b-14e8-4700-8e8b-a5ecc08fb0e8,null
55f7de27-3e16-45c9-8b02-3b563eea2e7c,00000000-0000-0000-0000-000000000001,3b4c72de-80d1-4df4-8fbf-1147100d54dc,2026-06-05,late,10:32:00,23:59:00,2026-06-05 05:03:07.47248+00,j57egsxzr0942tf6bjadfwv0t18822nm,d97bff48-c28f-4694-9cac-80a530aacb2c,null
9b620fd3-b3a6-41b9-84bd-d0c52f2e1eaf,00000000-0000-0000-0000-000000000001,d37b144f-0bcd-4941-b1cf-e594fa52bb72,2026-06-05,late,10:33:00,23:59:00,2026-06-05 05:03:26.01692+00,j574kanze09sjwf8y2w39sb9318826aq,a2607610-288a-42d2-80b4-6cde8b390c47,null
a843ea32-b02c-4044-a2e6-ff2f54750d2f,00000000-0000-0000-0000-000000000001,9c20c187-fe47-4647-a49b-6825e23b7920,2026-06-05,present,09:30:00,17:30:00,2026-06-20 05:37:18.924469+00,j578k9wgeea4r8xazjvzxjmkyx891914,b1a18b8f-31cf-4878-91b7-9d0106a20ca5,null
d3e4f739-c18f-4ef7-84cf-e304c20c0a62,00000000-0000-0000-0000-000000000001,1da9e75d-51ab-4a53-9fc5-222ba2c12524,2026-06-05,present,09:35:00,17:45:00,2026-06-05 04:06:32.048605+00,j574vkd7fqxvskpzk2a55cwseh883441,cb26c5e2-7865-4d8f-987c-af76953d2e3f,null
e939e578-66bf-4cd3-88e4-dde1f8b9cd8f,00000000-0000-0000-0000-000000000001,509cadb2-fb85-403e-ab9a-43e9e7ec9555,2026-06-05,late,09:52:00,23:59:00,2026-06-05 04:22:28.518279+00,j57599ffvcps655g1cms9s5a15882nh8,42166f4e-0808-4e67-8fbc-a349ad0ec5eb,null
ec75d6c4-9937-4428-a9db-9ac4bdda3073,00000000-0000-0000-0000-000000000001,fc505e28-6210-49c3-b873-e10e86ec7b92,2026-06-05,leave,null,null,2026-06-29 05:42:21.233003+00,leave_kd74hrktfkmdk96ra7vk8gydjn87ydpz_2026-06-05,4a3a8f57-9dc6-4122-8774-3c4262bbbda9,null
fa5be778-a417-4f94-a47c-dd61cce44dc7,00000000-0000-0000-0000-000000000001,f7dd430d-c6a9-43ea-98b1-be8e0ea84bf6,2026-06-05,late,12:54:00,23:59:00,2026-06-29 05:36:23.108779+00,j57fk0rn8f2z1gg3b424j7608x883hw1,5f893d54-46d4-451f-926d-ed69d3587472,null
ff1a2c63-0890-46da-9659-1e54c6a69594,00000000-0000-0000-0000-000000000001,8a235718-7769-447f-ac47-d37aa798b932,2026-06-05,late,10:30:00,23:59:00,2026-06-05 05:00:58.78619+00,j57cgtaxq7jg4r4yewmdtzvj4h882vbg,f3b84189-df1b-4386-883f-3874846cd001,null
071dfe77-5e00-4e49-bfbd-1e83b5460d4a,00000000-0000-0000-0000-000000000001,9c20c187-fe47-4647-a49b-6825e23b7920,2026-06-06,present,09:30:00,17:30:00,2026-06-20 05:37:56.225372+00,j57awfznet5ajtkv7hxqvcxq0h891ma9,4e187e1a-4e6e-4116-b1b8-95d082413c39,null
076ba9f8-acf3-49dd-9e79-0f602b3f74d4,00000000-0000-0000-0000-000000000001,fc505e28-6210-49c3-b873-e10e86ec7b92,2026-06-06,leave,null,null,2026-06-29 05:42:21.989673+00,leave_kd7fs5qf8pervnz77rs13j9349889ypr_2026-06-06,e38fd588-3d91-4828-b251-8d5619271911,null
27f3d4b6-be46-4510-9557-d7a757b51a19,00000000-0000-0000-0000-000000000001,3b4c72de-80d1-4df4-8fbf-1147100d54dc,2026-06-06,late,09:49:00,23:59:00,2026-06-06 04:19:10.406353+00,j575ezhrcfp2wtf15xjje7xpdh8850am,9921f2d8-2d8b-428e-a142-298f78e46a00,null
448e8da1-63ab-4e22-a631-993aede3a96e,00000000-0000-0000-0000-000000000001,1da9e75d-51ab-4a53-9fc5-222ba2c12524,2026-06-06,present,09:37:00,18:18:00,2026-06-06 04:07:22.981365+00,j576n807nvh92qt5vwer94vk81884kfp,117783be-721c-419f-8c36-5638be325a63,null
c499bf8e-30da-4737-92d8-3dbbcf57759b,00000000-0000-0000-0000-000000000001,8a235718-7769-447f-ac47-d37aa798b932,2026-06-06,present,09:06:00,23:59:00,2026-06-06 03:36:43.652771+00,j5761dndt0wzqetw4wkdxx29c5884p5j,677de071-633c-4212-8232-187a4ebbee50,null
e066fbd9-3a2b-48e5-bb69-ab4af3da47a7,00000000-0000-0000-0000-000000000001,39523891-bab0-6a9f-129b-2f5b51ea3e37,2026-06-06,late,10:30:00,null,2026-06-08 06:16:32.955597+00,j57fa245npjwjwp76w0ceq7me9888jc1,b9e7377c-6555-4323-bd49-419c652a85be,null
e346a576-16ce-4cdd-876c-1c5c92401c6a,00000000-0000-0000-0000-000000000001,15b5f48a-0cb9-c73e-1c13-37fd5d8cb10b,2026-06-06,late,09:47:00,19:00:00,2026-06-06 04:17:41.17619+00,j57d77qm1yz4kdtv4b6wj8k41s8852hr,a33dc2c5-40b6-4a8d-b208-489fc2899b9b,null
e8ef848b-2f93-431b-b0d8-1e007fbaf401,00000000-0000-0000-0000-000000000001,d37b144f-0bcd-4941-b1cf-e594fa52bb72,2026-06-06,late,09:57:00,23:59:00,2026-06-06 04:27:36.57024+00,j57be8aq5jm1r0tv7rt6wcep4d884e7a,9b7461a6-bd63-4784-a484-fd3c78452865,null
fa7041a8-2983-4adb-b39e-5f6651034fc6,00000000-0000-0000-0000-000000000001,f7dd430d-c6a9-43ea-98b1-be8e0ea84bf6,2026-06-06,present,09:37:00,23:59:00,2026-06-29 05:36:12.933489+00,j576qwzp164t8nba76mr1j4hth8852fb,7b4eed10-d815-4eea-b6f7-cf29459a7419,null
0392b1b0-7278-4d2b-9385-f84e790e1340,00000000-0000-0000-0000-000000000001,39523891-bab0-6a9f-129b-2f5b51ea3e37,2026-06-08,late,10:35:00,23:59:00,2026-06-08 05:07:01.676301+00,j5781sfz0m98e1amjn1sy6jfxh889pn6,c1fe3b79-3609-4d79-8765-7f5ea6231f77,null
0c120a31-0c8c-4f03-a3bf-4930bffae209,00000000-0000-0000-0000-000000000001,9c20c187-fe47-4647-a49b-6825e23b7920,2026-06-08,present,09:30:00,17:30:00,2026-06-20 05:38:39.508022+00,j570kg8m2qg8am5zephywfpwsx8905ba,50a04684-e4b1-4626-a6dc-cb5c3c4e00ed,null
1a4e8fe1-f706-4cb5-9444-dc90c4046f43,00000000-0000-0000-0000-000000000001,3b4c72de-80d1-4df4-8fbf-1147100d54dc,2026-06-08,late,10:35:00,23:59:00,2026-06-08 05:06:04.889612+00,j573px7zj5phdj8y3j5sekf4xd889dje,0a11c457-0e12-45b5-98cf-42d01c58a50d,null
1e2609aa-514b-46ef-93d9-8628847b829d,00000000-0000-0000-0000-000000000001,1da9e75d-51ab-4a53-9fc5-222ba2c12524,2026-06-08,present,09:44:00,19:46:00,2026-06-08 04:15:08.364702+00,j573j3q9ng92fwfd6a3evfjax5888f05,640faf8d-8195-4c00-9490-29ace0cb464e,null
8684502e-36db-44ae-a14e-6b773d7f0bba,00000000-0000-0000-0000-000000000001,15b5f48a-0cb9-c73e-1c13-37fd5d8cb10b,2026-06-08,late,09:48:00,18:49:00,2026-06-08 04:18:53.543095+00,j579hnf59qsrgpp12vnmfs1n2h888qe2,cfe1cf9d-c55f-4286-b11d-127471d35fbe,null
bd6687ba-cf80-447f-90a2-3ba49df66147,00000000-0000-0000-0000-000000000001,d37b144f-0bcd-4941-b1cf-e594fa52bb72,2026-06-08,late,10:35:00,23:59:00,2026-06-08 05:05:30.361228+00,j576bwvvyjbqsrtty8px753j6d889xd1,a0e96dec-6c99-4272-a481-152e72dfb059,null
cc6359ac-84e7-42c1-b3b6-42722e49275e,00000000-0000-0000-0000-000000000001,8a235718-7769-447f-ac47-d37aa798b932,2026-06-08,late,10:36:00,23:59:00,2026-06-08 05:06:17.185156+00,j57e9598hhxt35hf84x9xd82qx888m0x,75dc06c6-2976-4f8c-b3eb-f3106063b358,null
e96a795f-ad39-46f5-9176-7db789fc3469,00000000-0000-0000-0000-000000000001,f7dd430d-c6a9-43ea-98b1-be8e0ea84bf6,2026-06-08,late,10:29:00,23:59:00,2026-06-29 05:36:06.679589+00,j5751dt8grqjk40z6vq07jgq39889cc9,b72779e1-d07c-47b7-b50e-7ceffae54444,null
eddef2f3-a8b5-49d3-9961-18627797c3c3,00000000-0000-0000-0000-000000000001,fc505e28-6210-49c3-b873-e10e86ec7b92,2026-06-08,late,10:15:00,18:23:00,2026-06-08 04:44:52.670854+00,j57b4yhjs3xyszzkna4fnk67rs888dv5,52893948-ef4a-4366-b7cd-81daeef5fee3,null
1ffa24b0-1c4d-49c4-8ed9-7c1fb616928f,00000000-0000-0000-0000-000000000001,9c20c187-fe47-4647-a49b-6825e23b7920,2026-06-09,late,09:30:00,17:37:00,2026-06-09 06:33:54.958484+00,j575fmkrzfwgs6c20ytfm6fd7n88at1p,2b1023cc-74b4-4b4a-9edb-8cf7bd1e700d,null
239fad43-3397-4df0-b228-8b513588f68a,00000000-0000-0000-0000-000000000001,3b4c72de-80d1-4df4-8fbf-1147100d54dc,2026-06-09,late,10:12:00,23:59:00,2026-06-09 04:42:25.438925+00,j577fevq94evy5ggwk05bpmyzh88a59a,a5eeca0a-e586-499b-b9bb-84e28d5e2d9f,null
6189686c-9d04-44dc-8ae1-702d0de397ad,00000000-0000-0000-0000-000000000001,d37b144f-0bcd-4941-b1cf-e594fa52bb72,2026-06-09,late,10:15:00,23:59:00,2026-06-09 04:45:35.822759+00,j57ana47azqq9w8qavta1w7mbh88ayf3,6ff82320-9f3a-4ec0-b787-1f533dc0346c,null
a95af7db-e743-4da9-a325-8b7b0ca3f8ad,00000000-0000-0000-0000-000000000001,15b5f48a-0cb9-c73e-1c13-37fd5d8cb10b,2026-06-09,late,10:11:00,18:33:00,2026-06-09 04:41:50.198531+00,j57az8t954wxnaqa0h2cprw1q188bkpp,fc4ac3e0-525e-4325-ace6-41ed9429a252,null
bc0f52e9-31c3-494f-ad57-3c84a18d6965,00000000-0000-0000-0000-000000000001,509cadb2-fb85-403e-ab9a-43e9e7ec9555,2026-06-09,late,09:53:00,17:59:00,2026-06-09 04:23:40.89388+00,j578s5rv5n6m81w25bh564k3x988bxtn,3ebad173-6bf2-4802-8a37-5f930eeb674b,null
dbcda088-d78e-4839-bfff-3a0e0e28d217,00000000-0000-0000-0000-000000000001,8a235718-7769-447f-ac47-d37aa798b932,2026-06-09,late,10:16:00,23:59:00,2026-06-09 04:46:48.133933+00,j57ckp831yh56qceq67nqzafy188a9tj,0669245b-8977-4200-b37e-f833d0221792,null
dc89f0d4-abdc-4455-80a5-c3708174efcc,00000000-0000-0000-0000-000000000001,39523891-bab0-6a9f-129b-2f5b51ea3e37,2026-06-09,late,10:22:00,23:59:00,2026-06-09 04:52:58.68185+00,j573byec3vsbgzgjr8fn8k0eqd88am5e,0f4ddfde-6694-49ab-9cb7-cce7a7ee8e53,null
df69c9f7-3503-4b0e-ab6c-19d46e5df8ae,00000000-0000-0000-0000-000000000001,1da9e75d-51ab-4a53-9fc5-222ba2c12524,2026-06-09,present,09:40:00,20:37:00,2026-06-09 04:10:35.542821+00,j57feqaczjsekrskdnkv6bygjh88a6xj,d5568200-14c9-4b88-8c79-5d11da1114dc,null
ef584c4d-c913-4536-970f-9d87bd4d521d,00000000-0000-0000-0000-000000000001,f7dd430d-c6a9-43ea-98b1-be8e0ea84bf6,2026-06-09,late,10:09:00,23:59:00,2026-06-29 05:35:58.853026+00,j5700yt1rfkxh7b29w9gprfwd588a91e,2a43fd02-0806-408a-8376-8ca1a59450fd,null
fbe55937-9f43-45ea-849b-97cb7588071e,00000000-0000-0000-0000-000000000001,fc505e28-6210-49c3-b873-e10e86ec7b92,2026-06-09,late,09:54:00,17:58:00,2026-06-09 04:23:59.608394+00,j57aqc3ad6jn10wypv21wtxmq988atak,629355b5-a729-4ced-bb7b-41cf09299a04,null
2fc73a98-d02d-41bc-9605-cd6d13248c93,00000000-0000-0000-0000-000000000001,39523891-bab0-6a9f-129b-2f5b51ea3e37,2026-06-10,late,10:19:00,18:41:00,2026-06-10 04:49:47.736975+00,j5764xd7cy8wzccfdqxg0a8gnh88d1yp,cb0d33c0-9906-4df1-ab90-7e547520935b,null
39900289-b792-4b9c-8d92-e52ef899f2ae,00000000-0000-0000-0000-000000000001,9c20c187-fe47-4647-a49b-6825e23b7920,2026-06-10,late,10:38:00,19:42:00,2026-06-10 05:08:56.684285+00,j578jj9gaef924r81ydytyjzd188cb1p,821b4c2d-5272-47cb-9ca1-841f8c2c0052,null
4917b458-9fb4-43c0-8678-237b8de90877,00000000-0000-0000-0000-000000000001,f7dd430d-c6a9-43ea-98b1-be8e0ea84bf6,2026-06-10,late,10:46:00,23:59:00,2026-06-29 05:35:52.638847+00,j575r6escw62qeghrdtekdkc4d88dmbx,e528cb1d-04da-4ae5-b490-05b3372453e6,null
84b816d9-2dc6-4eb6-93d1-e9545eff4eee,00000000-0000-0000-0000-000000000001,8a235718-7769-447f-ac47-d37aa798b932,2026-06-10,late,11:07:00,23:59:00,2026-06-10 05:37:46.815609+00,j57bvvc7trdt7tcvvd25939zr588dzqq,a71ffd46-26a8-47f9-bc56-567f13ed920a,null
a238d9c8-c1e8-43e7-9bac-3d84cfa1772b,00000000-0000-0000-0000-000000000001,509cadb2-fb85-403e-ab9a-43e9e7ec9555,2026-06-10,late,09:51:00,17:56:00,2026-06-10 04:21:44.822342+00,j570vshhnm20ejs7f2cm1bsbt588dzra,0cf33977-84dd-4508-90b8-84519a57092a,null
adc97e27-7d29-4768-b6d2-f6d57329bf5b,00000000-0000-0000-0000-000000000001,d37b144f-0bcd-4941-b1cf-e594fa52bb72,2026-06-10,late,10:48:00,23:59:00,2026-06-10 05:18:23.911403+00,j5749ajb9kcxzm7aw1w83qvrw188df7p,2262b95e-39e8-48e1-8c95-9417fff20aad,null
cfb70beb-ae00-4679-92e5-13dc9853a811,00000000-0000-0000-0000-000000000001,3b4c72de-80d1-4df4-8fbf-1147100d54dc,2026-06-10,late,10:48:00,23:59:00,2026-06-10 05:18:38.013051+00,j575fpjavw3zpxwkck03jxvfs988ca1c,fc0993a4-bbb7-4a7b-808b-bdcddb997054,null
f6133eb8-3ad5-42e6-b551-36705a158477,00000000-0000-0000-0000-000000000001,fc505e28-6210-49c3-b873-e10e86ec7b92,2026-06-10,present,09:35:00,17:42:00,2026-06-10 04:05:11.26138+00,j577y62x34qzehzqnzj2jg9d6s88d1p4,048cb1c0-c08d-441e-938f-6a898c024c30,null
fb536bd1-1774-4445-ac03-185d80022197,00000000-0000-0000-0000-000000000001,1da9e75d-51ab-4a53-9fc5-222ba2c12524,2026-06-10,late,09:53:00,18:23:00,2026-06-10 04:23:50.71876+00,j573kd65s21cyyrae0syg6y0mn88c440,4eeeec5c-2fae-4c9c-9d89-8a802a71ada6,null
fe7653d0-ea29-4932-b481-341ffec005eb,00000000-0000-0000-0000-000000000001,15b5f48a-0cb9-c73e-1c13-37fd5d8cb10b,2026-06-10,late,10:57:00,23:59:00,2026-06-10 05:27:33.568623+00,j576s003rt3prs3sjhp2hxm58d88c82e,37080cfc-ab84-4105-b2db-2f9605ce260b,null
021de64e-aa9e-4e79-af50-9f62e4223239,00000000-0000-0000-0000-000000000001,8a235718-7769-447f-ac47-d37aa798b932,2026-06-11,late,11:58:00,23:59:00,2026-06-11 06:28:32.741154+00,j579xgh73pg97p1cm3h9mefqf988enty,487fe8b7-0781-407e-906f-5ed51cfbf4ca,null
117f3046-8239-4b51-be91-34b4eb682ebe,00000000-0000-0000-0000-000000000001,509cadb2-fb85-403e-ab9a-43e9e7ec9555,2026-06-11,late,10:07:00,18:08:00,2026-06-11 04:36:50.117308+00,j573whxzarf2s3988nvc155r3988ec4a,ac8f2d70-7c29-42f1-8a45-cedf3ace4bb7,null
2854c04f-0199-48cb-a52b-bfb9dacbc50f,00000000-0000-0000-0000-000000000001,3b4c72de-80d1-4df4-8fbf-1147100d54dc,2026-06-11,late,09:59:00,23:59:00,2026-06-11 04:29:47.711752+00,j577zcww5kahgd24ktgemqzhb988fsx1,e2b9aaad-321d-446f-997b-af5f8d50a4df,null
4b353d80-57a7-4afe-aa7e-9f565c0879c3,00000000-0000-0000-0000-000000000001,1da9e75d-51ab-4a53-9fc5-222ba2c12524,2026-06-11,late,09:59:00,21:08:00,2026-06-11 04:30:00.825249+00,j57d4sjxr0r1ckd1t2fstqqys988ew87,3ae98a2e-871f-4c0d-9f6a-e63deee73d12,null
4eb74820-8155-4650-bd0b-6e412ab0afec,00000000-0000-0000-0000-000000000001,f7dd430d-c6a9-43ea-98b1-be8e0ea84bf6,2026-06-11,late,10:28:00,23:59:00,2026-06-29 05:35:46.434957+00,j5703prkn8yn38v91nmtfeffc188e3h8,995a2d63-73f8-432a-a6e9-21d53c3a9023,null
8947f1ab-3b45-41d1-9e8d-8c7ff707f7ea,00000000-0000-0000-0000-000000000001,d37b144f-0bcd-4941-b1cf-e594fa52bb72,2026-06-11,late,10:00:00,23:59:00,2026-06-11 04:31:04.095811+00,j570d067dgdx10scjp1apsjtfn88e25r,59d72cca-afb9-4f81-b519-6020b3a702f5,null
a037d9fb-62ef-47ec-845e-17f2d6cf88ea,00000000-0000-0000-0000-000000000001,39523891-bab0-6a9f-129b-2f5b51ea3e37,2026-06-11,late,10:37:00,23:59:00,2026-06-11 05:07:59.717436+00,j57f07a2ke1wstqdvmyjjhk88h88fyv9,6114c8ee-bde2-4490-9e52-346c54ed6fdb,null
a3f35a9d-8df7-4626-b98b-bb686b80b47e,00000000-0000-0000-0000-000000000001,15b5f48a-0cb9-c73e-1c13-37fd5d8cb10b,2026-06-11,late,10:08:00,18:23:00,2026-06-11 04:38:32.907468+00,j577jm068ggs8eycvd5eg0azah88ehnw,c0f8508b-f4b1-4740-b8e9-01aef347c58c,null
d906617f-acab-42c1-8b8f-ee5b88d1bbda,00000000-0000-0000-0000-000000000001,fc505e28-6210-49c3-b873-e10e86ec7b92,2026-06-11,late,09:55:00,18:11:00,2026-06-11 04:25:42.225171+00,j579dvbpyvk95jrw8q8em7rmbs88f50d,6ca1b2a0-4a41-4e81-8a71-8dfd14232881,null
e631e845-b138-45b4-b8f1-612803e471ab,00000000-0000-0000-0000-000000000001,9c20c187-fe47-4647-a49b-6825e23b7920,2026-06-11,late,10:07:00,23:59:00,2026-06-11 04:37:33.452395+00,j57dt0rqn31ag0aqam0faetvg988ey9p,396d5a81-294c-4d11-9417-13e575b17962,null
2512b54e-4d3e-43dc-8d39-ea1784dc8465,00000000-0000-0000-0000-000000000001,39523891-bab0-6a9f-129b-2f5b51ea3e37,2026-06-12,late,10:35:00,23:59:00,2026-06-12 05:05:37.816913+00,j5739fjnnfa7dvm8hnpm3jz7bh88hcq5,d01ab5be-0315-42e2-8fb7-fccada705d0b,null
38bb9a56-d978-4616-a2b8-4598af21e2c4,00000000-0000-0000-0000-000000000001,15b5f48a-0cb9-c73e-1c13-37fd5d8cb10b,2026-06-12,present,09:04:00,23:59:00,2026-06-12 03:34:31.164149+00,j571vxdyag53y9jvm4e4cg8bqn88hcaf,0ca66d94-ce83-4aae-97c4-1a2a7e32533d,null
850ea3da-6146-41a1-a6d1-3a20d836c3b9,00000000-0000-0000-0000-000000000001,509cadb2-fb85-403e-ab9a-43e9e7ec9555,2026-06-12,late,09:52:00,18:04:00,2026-06-12 04:22:32.690305+00,j5704zm2mfrnr6ms3vryxxrj2n88gxw7,2ad81068-9b40-492e-8213-f5458eb157e3,null
b2210112-1d80-4e8b-be6c-9ed80679cce3,00000000-0000-0000-0000-000000000001,f7dd430d-c6a9-43ea-98b1-be8e0ea84bf6,2026-06-12,late,10:14:00,23:59:00,2026-06-29 05:35:39.409947+00,j57640dmpw895a48q6gc78qxt588hrw3,d15b4bdb-af42-4b1e-819a-229f4cb3fba6,null
d0ec8b2b-79bc-41bf-85d4-f8d99c0ab5b7,00000000-0000-0000-0000-000000000001,9c20c187-fe47-4647-a49b-6825e23b7920,2026-06-12,late,10:02:00,23:59:00,2026-06-12 04:32:57.49707+00,j575kyxezfq73yrpq3cnw7pwdh88gyem,afd0927b-69d8-4d47-8fc7-1e55241091c3,null
e14f4a54-7bb4-4b16-bd07-470c8a15846f,00000000-0000-0000-0000-000000000001,8a235718-7769-447f-ac47-d37aa798b932,2026-06-12,late,10:03:00,23:59:00,2026-06-12 04:33:16.434696+00,j574t0n6fdredcm1xk8mx3y16988gfdr,c01f3a04-cc77-494b-b76e-5513413e5aa0,null
e712ac29-64df-45e7-a89e-c988efcd3890,00000000-0000-0000-0000-000000000001,1da9e75d-51ab-4a53-9fc5-222ba2c12524,2026-06-12,late,10:04:00,18:53:00,2026-06-12 04:35:06.168995+00,j573cbt8t17d8v2vhyj3tqg9dx88grr1,1d199bc5-86e6-4a71-96b1-be26cbc773fe,null
ecb4ee09-d01d-457a-be0a-eabcb0928e7d,00000000-0000-0000-0000-000000000001,fc505e28-6210-49c3-b873-e10e86ec7b92,2026-06-12,late,09:53:00,18:08:00,2026-06-12 04:22:59.612161+00,j57d43re4dawcbdsm11nqmxgxd88gxkc,62e2cfc5-79cb-4892-8ea8-b4e5bcd89498,null
fa94752b-8b63-499d-8b29-8dc476d8ce29,00000000-0000-0000-0000-000000000001,d37b144f-0bcd-4941-b1cf-e594fa52bb72,2026-06-12,late,10:13:00,23:59:00,2026-06-12 04:43:09.482195+00,j576wjmjaf4ss428wv2z7tnkch88gc08,949f46db-8852-45ce-aaba-4146d2b8b6a2,null
25565f14-bbee-4f9d-9ade-27425d7b278f,00000000-0000-0000-0000-000000000001,1da9e75d-51ab-4a53-9fc5-222ba2c12524,2026-06-13,late,10:02:00,18:05:00,2026-06-13 04:33:00.805696+00,j57009mgcgkpwpx116bg073vrd88jqd6,94162513-203b-4881-ac30-9612b508d573,null
399fa63b-9014-4118-86f6-06b38a068cae,00000000-0000-0000-0000-000000000001,fc505e28-6210-49c3-b873-e10e86ec7b92,2026-06-13,late,09:49:00,17:57:00,2026-06-13 04:19:09.822339+00,j578cgs2k55s5173mq20g80pg188k9wg,0039f7bf-248b-465d-8e9b-0376ba9fc45a,null
51e80dba-6bac-4f4b-8071-f5deb4780078,00000000-0000-0000-0000-000000000001,15b5f48a-0cb9-c73e-1c13-37fd5d8cb10b,2026-06-13,leave,null,null,2026-06-29 05:42:22.78345+00,leave_kd7fq40ghrshf647rh5xvj4mah88qwgm_2026-06-13,2e2e6763-2fc2-4320-8aee-dc01db9426f9,null
6c1196bd-7e65-4490-a313-4e07fdbcc029,00000000-0000-0000-0000-000000000001,3b4c72de-80d1-4df4-8fbf-1147100d54dc,2026-06-13,late,10:05:00,23:59:00,2026-06-13 04:35:32.336606+00,j577j5wjs82jxdc20g4kka0nsx88kr28,c4142040-7a6f-4fbd-9fa4-ee007f609494,null
77ef1437-8edd-45a4-aa66-1238db3078ac,00000000-0000-0000-0000-000000000001,509cadb2-fb85-403e-ab9a-43e9e7ec9555,2026-06-13,late,09:49:00,17:49:00,2026-06-13 04:19:28.814646+00,j57550sbxex989gszkb54c0vyx88k5qq,1df16650-9405-4f41-a4c8-2f9a86b4847a,null
879ac740-c740-417d-bf5a-59108e8ba004,00000000-0000-0000-0000-000000000001,39523891-bab0-6a9f-129b-2f5b51ea3e37,2026-06-13,late,10:33:00,23:59:00,2026-06-13 05:03:39.318533+00,j57e4ass1tj22bmmz0nfbj71pn88j22c,87b58ee9-a6a1-41e6-92fe-62dc5f309265,null
d7be756e-5115-49ca-b363-e0d163d272f5,00000000-0000-0000-0000-000000000001,f7dd430d-c6a9-43ea-98b1-be8e0ea84bf6,2026-06-13,late,10:45:00,23:59:00,2026-06-29 05:35:32.883743+00,j570pts5cvvvjvczg0v0z42t6d88jnxq,8eb81cab-254d-46e7-950b-717f6b4d7f74,null
dc53ecef-f120-415b-83e5-a33145829893,00000000-0000-0000-0000-000000000001,d37b144f-0bcd-4941-b1cf-e594fa52bb72,2026-06-13,late,10:04:00,23:59:00,2026-06-13 04:35:08.816519+00,j577fhseza0js88x9f6gw696ad88jgbc,caf909f5-343f-415d-9ec1-171ab5143099,null
f26e43ca-f545-498b-bd0e-d00b7a38ce77,00000000-0000-0000-0000-000000000001,9c20c187-fe47-4647-a49b-6825e23b7920,2026-06-13,late,10:11:00,23:59:00,2026-06-13 04:42:07.519047+00,j571hq55ax5ggbaxvd14h2n3es88k39q,c2b7929e-9d1c-464a-8135-5377c0952677,null
012a153f-91b1-4821-8891-6dd0428ef4dd,00000000-0000-0000-0000-000000000001,39523891-bab0-6a9f-129b-2f5b51ea3e37,2026-06-15,late,10:56:00,23:59:00,2026-06-15 05:26:32.231192+00,j571sbpamxy550975vvtpmeqv988pfbn,644ca20b-3f64-430e-ae96-78b67fe39f2d,null
2b67f55f-2400-432e-a1c7-9ef8fa994377,00000000-0000-0000-0000-000000000001,3b4c72de-80d1-4df4-8fbf-1147100d54dc,2026-06-15,late,10:14:00,23:59:00,2026-06-15 04:44:35.268848+00,j578d9ff1nt3dyysap4p5np4fs88qdzd,37ce0efe-cb56-4a40-bc21-d6e18bf7e9e8,null
522b6c57-1348-4729-b038-3a252c9d7a91,00000000-0000-0000-0000-000000000001,1da9e75d-51ab-4a53-9fc5-222ba2c12524,2026-06-15,late,10:01:00,23:59:00,2026-06-15 04:31:31.494597+00,j571tk8kh9e95v03n5wk2ttddx88p618,26b0416a-1254-40f7-b3d0-ed1f9be4eb26,null
595cc476-0b27-4b8a-ae23-1c1c3135d55e,00000000-0000-0000-0000-000000000001,15b5f48a-0cb9-c73e-1c13-37fd5d8cb10b,2026-06-15,late,10:04:00,18:47:00,2026-06-15 04:34:58.713977+00,j57d34r08w8b95sdp3jrtfhbrx88pfrj,26db6fb8-7d04-43b3-976a-82643284b15b,null
6d4eaf6f-f9d2-4dc0-b5c9-f9f3d095ce6c,00000000-0000-0000-0000-000000000001,509cadb2-fb85-403e-ab9a-43e9e7ec9555,2026-06-15,late,10:03:00,18:05:00,2026-06-15 04:33:15.80997+00,j57cd759c3smhvazbz7dhktajs88pr71,fe515eb3-b942-4206-83ec-a82a29aa7b08,null
93a4ae12-0972-4f36-97a5-1fc1ef59e28f,00000000-0000-0000-0000-000000000001,fc505e28-6210-49c3-b873-e10e86ec7b92,2026-06-15,late,09:50:00,17:52:00,2026-06-15 04:20:26.3576+00,j5734q1nnbm5enajr3bp22b8d988qr4t,2ffe7cab-45de-4abf-9440-a4f3c00a37e9,null
9aee2ba9-18eb-4412-8dcf-47bf78c01ebd,00000000-0000-0000-0000-000000000001,8a235718-7769-447f-ac47-d37aa798b932,2026-06-15,late,10:22:00,23:59:00,2026-06-15 04:52:28.853362+00,j57cjmz0v7b8vb7q66cm449pmn88q38t,65654364-bf18-40bc-849d-d29756dc65c2,null
d25f798f-46ed-4aa1-a49e-f4e69be626e1,00000000-0000-0000-0000-000000000001,d37b144f-0bcd-4941-b1cf-e594fa52bb72,2026-06-15,late,10:15:00,23:59:00,2026-06-15 04:45:53.731851+00,j57dv29ps9bnj0yjzbmh971kzn88pt3n,38c72bfa-c6aa-4c43-8936-7f5236ad42a0,null
ef8ebe17-1745-476e-a888-5c9a3f2cb114,00000000-0000-0000-0000-000000000001,f7dd430d-c6a9-43ea-98b1-be8e0ea84bf6,2026-06-15,late,10:22:00,23:59:00,2026-06-29 05:35:25.013397+00,j576sbsbxbef5c54xnk3wpgtwn88qxn1,100a6e92-b4c0-425f-87e4-122fd73eebe3,null
efc121a2-f41d-480e-a2e6-60b4143441fd,00000000-0000-0000-0000-000000000001,9c20c187-fe47-4647-a49b-6825e23b7920,2026-06-15,late,10:10:00,23:59:00,2026-06-15 04:40:25.015822+00,j5742hgdxqbpmaz1nhtgy3fv6s88qxk9,350dfc32-61d8-453b-a9cf-a7d5faa26933,null
6b35329f-1f24-4c63-89d5-6f42cf9c1c90,00000000-0000-0000-0000-000000000001,509cadb2-fb85-403e-ab9a-43e9e7ec9555,2026-06-16,late,09:55:00,17:55:00,2026-06-16 04:24:59.713254+00,j578axnvyh90kfxqzyf066gvzd88r1nz,1fc26d45-7401-4aa3-8f32-78e9afe106d0,null
92903208-79a4-4502-a82e-82238a0ccecb,00000000-0000-0000-0000-000000000001,39523891-bab0-6a9f-129b-2f5b51ea3e37,2026-06-16,late,10:18:00,23:59:00,2026-06-16 04:48:44.847587+00,j57760b5mbxg42hj49ctm36v9h88shwj,6a5668d7-447b-489b-b791-04b31e74254a,null
d7f5ecbe-4af1-4313-b6df-160f5d8a9d55,00000000-0000-0000-0000-000000000001,1da9e75d-51ab-4a53-9fc5-222ba2c12524,2026-06-16,late,09:50:00,17:50:00,2026-06-16 04:20:48.533189+00,j57byffhzkww5cq6vnpwgxwsrx88sr5m,e9d93cd4-e5fe-44cf-bcfd-2bca1e184c72,null
dd504899-1622-4f11-be9b-7d4daa3596d2,00000000-0000-0000-0000-000000000001,fc505e28-6210-49c3-b873-e10e86ec7b92,2026-06-16,late,09:55:00,17:55:00,2026-06-16 04:25:23.233876+00,j57csfpqxrfec74tcddjxh57e988s3c1,e6f60cfd-25bd-4541-827f-5a696ef5ab66,null
e8ee4ba7-fd32-4b28-8c5b-65b44673c838,00000000-0000-0000-0000-000000000001,15b5f48a-0cb9-c73e-1c13-37fd5d8cb10b,2026-06-16,late,09:54:00,18:30:00,2026-06-16 04:24:54.676806+00,j5701mftscpmz1m4hbsdzt4crh88rtjk,b8c69f77-39bd-45ec-8cdd-f77d32f4f640,null
16d832fa-d844-4d20-8ae8-7ee4638e91c6,00000000-0000-0000-0000-000000000001,15b5f48a-0cb9-c73e-1c13-37fd5d8cb10b,2026-06-17,late,10:04:00,23:59:00,2026-06-17 04:35:02.978658+00,j57912xg7ehdn2h10pqmxqt90n88t617,98f3c814-6642-48aa-b538-dc1c2340d1df,null
20ac1ba4-b1f0-4d09-896b-d6de744fd543,00000000-0000-0000-0000-000000000001,3b4c72de-80d1-4df4-8fbf-1147100d54dc,2026-06-17,late,10:34:00,23:59:00,2026-06-17 05:04:53.854739+00,j57e2vbce47dyq2x8xtjf0emjx88tq5e,52d68968-5cf8-4daa-9bba-c08c8c61d3eb,null
21e9b9de-1720-4cd6-88a3-cc5441ecbae9,00000000-0000-0000-0000-000000000001,fc505e28-6210-49c3-b873-e10e86ec7b92,2026-06-17,late,09:51:00,18:06:00,2026-06-17 04:21:05.441175+00,j575v1pnaa6t8jggwc2mbegsw988tcx8,c58c33a6-63c1-4a66-be68-b4af3c39a29f,null
2d5d78ec-f0b7-43f9-abd7-a97afba59733,00000000-0000-0000-0000-000000000001,1da9e75d-51ab-4a53-9fc5-222ba2c12524,2026-06-17,late,10:04:00,23:59:00,2026-06-17 04:34:59.203193+00,j579cqjpv3g8f2py5d7dqkr75588t06r,b5d876a4-268d-4126-b5ba-7aec4c47ccca,null
4ce1da03-900e-45e2-96d4-fd0a4eb41106,00000000-0000-0000-0000-000000000001,8a235718-7769-447f-ac47-d37aa798b932,2026-06-17,late,10:35:00,23:59:00,2026-06-17 05:05:51.933501+00,j57fegqy04cgc3h6g5vmg2j86d88t300,362132aa-a8e4-4a89-9431-abcf6d46817a,null
649ef32e-3c30-46f6-a42b-e3b5efdab8dc,00000000-0000-0000-0000-000000000001,f7dd430d-c6a9-43ea-98b1-be8e0ea84bf6,2026-06-17,late,10:43:00,23:59:00,2026-06-29 05:35:14.135848+00,j574x72mc6z37t6mgk130f4a8n88v2b4,6e01eac6-cd14-4250-b12f-70036c10bbde,null
70433335-26b1-4ddf-9918-769c6d884764,00000000-0000-0000-0000-000000000001,9c20c187-fe47-4647-a49b-6825e23b7920,2026-06-17,late,10:33:00,23:59:00,2026-06-17 05:03:55.609095+00,j578j67z0c3mp36q731n9mn2as88vbf3,33580583-3157-4b1b-bf19-2027a96b602f,null
add5571d-b616-4b73-bd8c-995245a6510b,00000000-0000-0000-0000-000000000001,d37b144f-0bcd-4941-b1cf-e594fa52bb72,2026-06-17,late,10:34:00,23:59:00,2026-06-17 05:04:37.231093+00,j577rgq8zncta37h7mnhfv2a3988tacs,07ab1a73-9fec-46e4-879d-b8036c0cc00d,null
c6848542-d657-47d5-a9fb-fa4a13a1862b,00000000-0000-0000-0000-000000000001,39523891-bab0-6a9f-129b-2f5b51ea3e37,2026-06-17,late,10:30:00,23:59:00,2026-06-17 05:37:32.702782+00,j57f0cyenfc67xz84rx8t01hm188tc34,4ce5f59f-9ee3-4540-9d4c-5e4bdf382214,null
2fdcaf60-9d4c-4e3b-95fa-46760ef8974f,00000000-0000-0000-0000-000000000001,39523891-bab0-6a9f-129b-2f5b51ea3e37,2026-06-18,late,10:35:00,18:59:00,2026-06-18 05:05:49.249346+00,j5799rb3h4skqfzpy6tje9ced988wazs,e8c5dabb-fd5b-4488-8f6d-da1b8cecd18a,null
4236f10b-710d-44f0-b5b6-5bd43e26c90f,00000000-0000-0000-0000-000000000001,15b5f48a-0cb9-c73e-1c13-37fd5d8cb10b,2026-06-18,late,10:23:00,18:32:00,2026-06-18 04:54:01.674394+00,j57fgrrpb5vx0x1zf99x2snyqs88w082,1d60a8a4-8786-4386-9932-46e58b4469b9,null
64e190f9-478b-46ff-abcf-0821ba85c49d,00000000-0000-0000-0000-000000000001,3b4c72de-80d1-4df4-8fbf-1147100d54dc,2026-06-18,late,10:21:00,23:59:00,2026-06-18 04:51:27.16978+00,j57ddsspy1c0dn21h5g009tyeh88xx8d,352e67d7-afb1-4c72-a248-834c4e1610cf,null
7232e592-76f6-493d-89e9-b6e0ad16b0af,00000000-0000-0000-0000-000000000001,8a235718-7769-447f-ac47-d37aa798b932,2026-06-18,late,10:25:00,23:59:00,2026-06-18 04:55:19.005545+00,j57enrw8rgmk38esx2sbzhgvrd88x9zw,1e36b936-2cef-4fe0-b934-9e4ac5e2cf84,null
7a7ed998-43cd-4351-83f6-57d56eaabef5,00000000-0000-0000-0000-000000000001,9c20c187-fe47-4647-a49b-6825e23b7920,2026-06-18,late,10:19:00,23:59:00,2026-06-18 04:49:29.644615+00,j57f61fksggwne6kbmhgtfjspx88xhbe,31141e0c-e3d9-4c2d-a08e-218c7e847981,null
857194ee-3420-4994-8800-55b5deebde2c,00000000-0000-0000-0000-000000000001,d37b144f-0bcd-4941-b1cf-e594fa52bb72,2026-06-18,late,10:21:00,23:59:00,2026-06-18 04:51:42.443741+00,j5730xmwjx0bsynjyd3sgrshbs88w0nb,0deafe04-33b2-4b68-90f2-2c0b54e98d14,null
9693b4e1-38b3-49a7-9200-fc6d7dd4edba,00000000-0000-0000-0000-000000000001,fc505e28-6210-49c3-b873-e10e86ec7b92,2026-06-18,late,09:51:00,17:56:00,2026-06-18 04:21:30.907283+00,j577sh0tr353n406szv0x419c988wqz2,4223158e-2a7b-46c2-9b41-1530f64a6043,null
b6ed45d6-7d03-4188-8f65-1d5ebfece205,00000000-0000-0000-0000-000000000001,509cadb2-fb85-403e-ab9a-43e9e7ec9555,2026-06-18,late,09:50:00,17:56:00,2026-06-18 04:19:48.054618+00,j5718vadpn6r235s054bqnvxn188xmss,a404002f-0340-400c-af9e-18c61ee62de6,null
b991fe14-f244-4435-848a-b18c9612c395,00000000-0000-0000-0000-000000000001,1da9e75d-51ab-4a53-9fc5-222ba2c12524,2026-06-18,late,10:15:00,18:21:00,2026-06-18 04:45:16.033609+00,j576srcxt7w4b6x5kzvq1da1rh88xdam,9cb67342-efbc-4e03-97d6-57b058af62fe,null
f1f573be-ff7c-4dd2-8c31-b775a1e5a7ee,00000000-0000-0000-0000-000000000001,f7dd430d-c6a9-43ea-98b1-be8e0ea84bf6,2026-06-18,late,10:22:00,23:59:00,2026-06-29 05:35:05.073906+00,j577804eskhj5a5d9nnfxqdc4188wgtg,5a9a7274-ea01-41f6-968a-c66e53e212aa,null
1e152778-98c6-4040-933f-b07b361bd368,00000000-0000-0000-0000-000000000001,fc505e28-6210-49c3-b873-e10e86ec7b92,2026-06-19,late,10:14:00,18:14:00,2026-06-19 04:43:51.510716+00,j57fdx4h1jadw5z3s26bn8wcxs88zq5s,647d80b0-65a0-4195-8448-dcfb767c3fb3,null
1eb2364b-aaf3-4b6c-8252-062cb1e266eb,00000000-0000-0000-0000-000000000001,1da9e75d-51ab-4a53-9fc5-222ba2c12524,2026-06-19,late,10:08:00,18:20:00,2026-06-19 04:39:13.316873+00,j5769evyt6d88rj0eby2dhhxv588yq7j,66ea382a-ba00-4981-8079-5125702f8516,null
44fc413e-d579-4b25-b79c-dc45facfb153,00000000-0000-0000-0000-000000000001,f7dd430d-c6a9-43ea-98b1-be8e0ea84bf6,2026-06-19,late,10:06:00,23:59:00,2026-06-29 05:34:57.241958+00,j5724pjkn7xv7r84ecdthpygns88yp2d,4da2b282-ec58-49db-9e3c-36edab4664b6,null
5ea2ddb7-5ce3-49f0-a150-f6039b36bad3,00000000-0000-0000-0000-000000000001,3b4c72de-80d1-4df4-8fbf-1147100d54dc,2026-06-19,late,10:05:00,23:59:00,2026-06-19 04:35:36.690651+00,j5768pq286f65xjmts6y1dng3188ytmd,91d749c5-d808-4b4e-b14f-0574f3477b61,null
72f6f195-3ee6-48ec-a785-2677cc9786a0,00000000-0000-0000-0000-000000000001,15b5f48a-0cb9-c73e-1c13-37fd5d8cb10b,2026-06-19,late,10:12:00,18:38:00,2026-06-19 04:42:23.799076+00,j57fekqykh87ep330etfxgdnhn88znv1,39ab1382-0623-48d5-9fb9-1430ee09673b,null
7667b915-9ca7-4cc6-b2e9-bccb8b1d4b44,00000000-0000-0000-0000-000000000001,509cadb2-fb85-403e-ab9a-43e9e7ec9555,2026-06-19,late,09:50:00,17:55:00,2026-06-19 04:20:03.620361+00,j57bg4d0v6gtp5q2z2y6gyc1rn88y7wa,8e7e0260-50c6-4110-b4bb-4c3b2cb08b77,null
a63b5ca7-0015-4a80-bc7a-10912a8a8b8b,00000000-0000-0000-0000-000000000001,9c20c187-fe47-4647-a49b-6825e23b7920,2026-06-19,late,10:00:00,23:59:00,2026-06-19 04:30:35.625463+00,j5744v9e47vxwccj95chkxfbb188yhsq,18a8363a-8568-4b33-bcac-dea870a86903,null
d69cc1d0-0f6a-4c9e-ac46-b72b9e32c813,00000000-0000-0000-0000-000000000001,d37b144f-0bcd-4941-b1cf-e594fa52bb72,2026-06-19,late,10:05:00,23:59:00,2026-06-19 04:35:51.219677+00,j579vqzh31xrsseyfqamp2r5fx88yed3,50e030e4-a97c-446c-9aaa-8531b922d7b7,null
e94f8717-ddde-41d5-85b3-09de6031a1ee,00000000-0000-0000-0000-000000000001,8a235718-7769-447f-ac47-d37aa798b932,2026-06-19,late,10:05:00,23:59:00,2026-06-19 04:35:20.77836+00,j57fep2r267wttj1vp62apswy188z4q5,2c81eba3-32aa-4759-9ef9-0975a9198877,null
21506876-4f50-445f-80f3-557f47abb2da,00000000-0000-0000-0000-000000000001,8a235718-7769-447f-ac47-d37aa798b932,2026-06-20,present,09:35:00,23:59:00,2026-06-20 04:05:42.784895+00,j5730xdmb6kqdpzhsxy1p3jjy98904mq,849ccfcb-672b-4a59-af59-fff4a7f88ae6,null
293c66e4-40c0-4c9a-97da-955356783da9,00000000-0000-0000-0000-000000000001,f7dd430d-c6a9-43ea-98b1-be8e0ea84bf6,2026-06-20,present,09:36:00,23:59:00,2026-06-27 11:53:14.699761+00,j57fypmdw6ct7b540twhgvpnj1891f4b,29428ffd-c712-499c-9294-74bfe3675883,null
4d76c675-640b-48ad-aca4-bb4c17a680c4,00000000-0000-0000-0000-000000000001,1da9e75d-51ab-4a53-9fc5-222ba2c12524,2026-06-20,late,10:36:00,23:59:00,2026-06-20 05:06:27.263599+00,j574vgb624kpdcd6w61nds5tdh891v2q,55d7d89b-f088-4131-b2cf-c735d97c9af1,null
507d8bf1-f89d-431f-9ccb-f83c39845bbf,00000000-0000-0000-0000-000000000001,d37b144f-0bcd-4941-b1cf-e594fa52bb72,2026-06-20,late,10:03:00,23:59:00,2026-06-20 04:33:13.029832+00,j570zr4946ph56xzyjs1g5a1d5891vh8,92299360-03e7-444f-a4c5-63fa9786995c,null
6f003d43-3b38-4133-a1df-14235ddad147,00000000-0000-0000-0000-000000000001,fc505e28-6210-49c3-b873-e10e86ec7b92,2026-06-20,present,09:34:00,23:59:00,2026-06-20 04:04:07.931886+00,j5728j0xvc4fntyj8ycf77pzs1891yb7,c7987f33-8a36-4416-b8a8-22893d78b601,null
8620eaad-ba53-42cc-a558-79510931f8be,00000000-0000-0000-0000-000000000001,9c20c187-fe47-4647-a49b-6825e23b7920,2026-06-20,present,09:34:00,17:30:00,2026-06-20 04:04:59.599646+00,j5781d5a8gjdqzekb7nv3xsks98916ct,c56f3565-ffd5-4cd8-8aaa-feae4f1c282e,null
99c676eb-42fc-4e40-ab01-71aae4595d05,00000000-0000-0000-0000-000000000001,3b4c72de-80d1-4df4-8fbf-1147100d54dc,2026-06-20,present,09:35:00,23:59:00,2026-06-20 04:05:21.957193+00,j57ckmgd06zxcss00ce66xbh29891zqe,0dec5545-690a-4006-82be-7660cd3baba4,null
ad2f2627-235e-487a-85d9-25e24a217cde,00000000-0000-0000-0000-000000000001,39523891-bab0-6a9f-129b-2f5b51ea3e37,2026-06-20,late,10:36:00,19:26:00,2026-06-20 05:07:06.806873+00,j571gmhee8caaj9n4k0ah2zcm9891adq,0bf2cc34-cdd4-4dc7-9af4-af39257535a3,null
e66d801a-a693-4bde-bc3e-cea046e4bf49,00000000-0000-0000-0000-000000000001,15b5f48a-0cb9-c73e-1c13-37fd5d8cb10b,2026-06-20,late,10:11:00,19:26:00,2026-06-20 04:42:09.549782+00,j57betm23j0fzrxjxkhfc1ncns891dqx,ce4b7214-059b-4956-94f5-546efbe6b223,null
ea6bdde7-15c1-451b-87ca-249f09574fde,00000000-0000-0000-0000-000000000001,509cadb2-fb85-403e-ab9a-43e9e7ec9555,2026-06-20,present,09:41:00,17:44:00,2026-06-20 04:10:53.357016+00,j573x89rtfqhc9henznevmsqwh890xqs,11e3484c-72e8-4da1-b754-cd6076cf0071,null
ce6006a7-ef85-49c1-bb86-cbc84bdfd080,00000000-0000-0000-0000-000000000001,1da9e75d-51ab-4a53-9fc5-222ba2c12524,2026-06-21,present,09:42:00,23:59:00,2026-06-21 04:12:38.340026+00,j574wadjjsf0jma25sngc47cgs8936mc,910ab41f-637b-42d5-997f-4b9c56c16c2c,null
19241b40-2ebc-49b6-bd20-32840440c5c1,00000000-0000-0000-0000-000000000001,39523891-bab0-6a9f-129b-2f5b51ea3e37,2026-06-22,late,10:37:00,18:51:00,2026-06-22 05:07:50.922459+00,j570eew7w591gdjgnfn28qha6d895kxz,7dee9525-7127-4617-af05-5fb6e6517537,null
1bccfcf3-ee7b-47a7-af5c-e998832cdd98,00000000-0000-0000-0000-000000000001,fc505e28-6210-49c3-b873-e10e86ec7b92,2026-06-22,late,09:55:00,18:17:00,2026-06-22 04:25:23.091039+00,j573z57f2s5517arshvqyhq0vx895vwp,bbb42ab1-f19f-4fad-a919-fa5dbb5c03fa,null
2c36363c-1ec4-4860-bc36-5c9ac059fd6b,00000000-0000-0000-0000-000000000001,15b5f48a-0cb9-c73e-1c13-37fd5d8cb10b,2026-06-22,late,10:12:00,18:36:00,2026-06-22 04:42:37.80152+00,j576s6a4k7gk1t1d3qmm4gygnh895m3d,12a937ac-2144-4954-b16f-63c94a81a324,null
53ff0b5b-49b4-476e-ae59-222d228cf7cc,00000000-0000-0000-0000-000000000001,1da9e75d-51ab-4a53-9fc5-222ba2c12524,2026-06-22,late,10:16:00,18:29:00,2026-06-22 04:46:57.242931+00,j57bfpacv06ewekm9jkf47dddh894drt,23eb273c-1945-4e16-9c0e-f663118ecc32,null
576420ab-4bf7-44d4-a1a0-239303e6a2ba,00000000-0000-0000-0000-000000000001,d37b144f-0bcd-4941-b1cf-e594fa52bb72,2026-06-22,late,10:18:00,23:59:00,2026-06-22 04:48:18.671981+00,j5754nwch4wzw5rrbk8vpzpsyh89463b,f3d3db19-718e-48b3-aa3d-1617083f644d,null
68304508-0713-4a1f-b2ec-4410aed1bd31,00000000-0000-0000-0000-000000000001,9c20c187-fe47-4647-a49b-6825e23b7920,2026-06-22,late,10:11:00,23:59:00,2026-06-22 04:42:17.701715+00,j57cpxrjb587rbqkdv0qqapvqx894jdv,74918416-3f28-4b72-920e-a7f9e3c83527,null
a95eb9bd-17eb-42b6-9d2e-fc643f6555ef,00000000-0000-0000-0000-000000000001,3b4c72de-80d1-4df4-8fbf-1147100d54dc,2026-06-22,late,10:17:00,23:59:00,2026-06-22 04:48:04.33091+00,j579baxphrwtbcq03rtwa8e4r1894wmy,ba59714e-f0d1-4303-8f82-244e377c9eeb,null
e29c362d-a23f-4a9a-aef9-b602fbdf32c1,00000000-0000-0000-0000-000000000001,8a235718-7769-447f-ac47-d37aa798b932,2026-06-22,late,17:22:00,23:59:00,2026-06-22 11:53:10.223946+00,j573abmj0q6esqk63np9fvff5n895r0h,6260c71e-011c-42c0-bf88-0c21943fd80b,null
fcc504c6-6a08-4ac9-b84f-7d2331ab843a,00000000-0000-0000-0000-000000000001,509cadb2-fb85-403e-ab9a-43e9e7ec9555,2026-06-22,late,09:58:00,17:59:00,2026-06-22 04:27:54.676445+00,j576cv9q3b174ntat7vjm2ctv5894a0c,3fcec34d-68ba-4beb-abf4-dc8d68b4ec07,null
fd411175-01a4-4cdc-9c54-53b06e6de377,00000000-0000-0000-0000-000000000001,f7dd430d-c6a9-43ea-98b1-be8e0ea84bf6,2026-06-22,late,10:13:00,23:59:00,2026-06-27 11:53:05.995069+00,j57b83kyqermtzcmjmwckppyss895sy2,024fd11d-3e8b-4fa3-a5de-9483772a8ed4,null
243dbb62-8eec-49d2-a7e1-3dcabd26194c,00000000-0000-0000-0000-000000000001,fc505e28-6210-49c3-b873-e10e86ec7b92,2026-06-23,present,09:34:00,17:37:00,2026-06-23 04:04:03.940487+00,j57dfx7m85vjfccy4s8nfwger5896fjk,be347a5c-c029-4957-b0ab-9ea2ee4909ab,null
2d63b369-5921-461c-bfca-ba1af89d7585,00000000-0000-0000-0000-000000000001,9c20c187-fe47-4647-a49b-6825e23b7920,2026-06-23,late,10:13:00,23:59:00,2026-06-23 04:43:16.442724+00,j57f9gbdv7gew2shh04yzz2sas897wk9,3e44b8d8-9631-4e21-81a9-c5284c6d8e6e,null
36dd9bbb-f657-4173-8ed8-74a3801fa389,00000000-0000-0000-0000-000000000001,509cadb2-fb85-403e-ab9a-43e9e7ec9555,2026-06-23,late,09:58:00,18:10:00,2026-06-23 04:28:24.697279+00,j574fpymdk26z8vv73vyd80ee1897a0z,ee8231ae-76da-4b4e-8a19-802d735cc5f5,null
3aa546b0-0c18-4279-8c34-b30250008601,00000000-0000-0000-0000-000000000001,d37b144f-0bcd-4941-b1cf-e594fa52bb72,2026-06-23,late,10:18:00,23:59:00,2026-06-23 04:48:56.601123+00,j576je9md9y63nh9wg4sx5fz218963d4,0b193a8f-5828-487c-bca6-f056d19ec213,null
59f1a3ce-61a0-43ef-97d0-d3164ea13dfa,00000000-0000-0000-0000-000000000001,3b4c72de-80d1-4df4-8fbf-1147100d54dc,2026-06-23,late,10:19:00,23:59:00,2026-06-23 04:49:14.664433+00,j578f5q60mwfyrnhqs3gda6sgs8969m7,97340475-0860-4f84-a8b7-885f34206591,null
5a6bf1ad-7f14-437b-8427-3b99188d2d03,00000000-0000-0000-0000-000000000001,15b5f48a-0cb9-c73e-1c13-37fd5d8cb10b,2026-06-23,late,10:00:00,18:33:00,2026-06-23 05:04:10.178503+00,j57f890m2ybq8541jjm95j5va9896j01,cfe103a6-bc6d-4dfb-a050-44b41e1236f3,null
9fce8a3e-0d14-4a3e-82c6-44afbd58fdad,00000000-0000-0000-0000-000000000001,39523891-bab0-6a9f-129b-2f5b51ea3e37,2026-06-23,late,10:39:00,23:59:00,2026-06-23 05:09:38.918239+00,j570ebmw6cqphd4q5dsz30nrex897t69,f13ed147-b123-45ad-8815-ce54e2819270,null
cd9e761e-48fd-493e-b4ff-006fca01b659,00000000-0000-0000-0000-000000000001,f7dd430d-c6a9-43ea-98b1-be8e0ea84bf6,2026-06-23,late,10:14:00,23:59:00,2026-06-27 11:52:58.84074+00,j57c09669mc8181rn0107s8xt9897ag7,05cd4d87-7f05-460f-b37d-c868a6d9d4d6,null
ed8eb46b-1bb0-4579-85a9-c8ee5b252f0b,00000000-0000-0000-0000-000000000001,1da9e75d-51ab-4a53-9fc5-222ba2c12524,2026-06-23,late,10:09:00,18:10:00,2026-06-23 04:39:13.850124+00,j57b151g151k4pfh8ydpa4jnvh897256,7764a079-1b21-453c-9744-b1ba1395635f,null
24dffa03-e63e-4b28-bce8-b3306c06166c,00000000-0000-0000-0000-000000000001,8a235718-7769-447f-ac47-d37aa798b932,2026-06-24,late,10:16:00,23:59:00,2026-06-24 04:46:29.754589+00,j577x8fhsmz03k08tgme2gw615898rhd,98572fb6-31c9-48aa-9dd2-c2d8dd3621f9,null
41efd80f-612b-4242-939d-5c9eaa425449,00000000-0000-0000-0000-000000000001,f7dd430d-c6a9-43ea-98b1-be8e0ea84bf6,2026-06-24,late,10:20:00,23:59:00,2026-06-27 11:52:54.063927+00,j573ywyyw2an69fmcyj0gdcfn1899cvs,de17f332-7f53-4143-b1db-09b8f512fae4,null
43f315f1-f2c6-4fe6-aa8d-5e09fd3cffed,00000000-0000-0000-0000-000000000001,15b5f48a-0cb9-c73e-1c13-37fd5d8cb10b,2026-06-24,late,10:05:00,18:31:00,2026-06-24 04:36:03.185443+00,j5783pvj6h73qgghgy3xdfa46h898eg1,3b5d0d52-57f4-4158-baf5-acc5441478a1,null
494cc293-da67-420c-847c-e36f1efda7bb,00000000-0000-0000-0000-000000000001,fc505e28-6210-49c3-b873-e10e86ec7b92,2026-06-24,late,10:06:00,18:06:00,2026-06-24 04:36:24.634041+00,j5716jcwzts3qjx2e3jm4g0s8d898hnp,a727bd34-baf0-435a-8e96-623ec7cf8f7c,null
4f6821dd-8f04-406a-b8c7-23a927f959f5,00000000-0000-0000-0000-000000000001,39523891-bab0-6a9f-129b-2f5b51ea3e37,2026-06-24,late,10:40:00,18:58:00,2026-06-24 05:10:20.107365+00,j57bkaa5287vcg4v000x3nr955899xzk,729704af-a4f3-4a59-87f7-d71c3e0be527,null
5264b9fa-55c8-42ac-ac98-44a6ff9d4f8e,00000000-0000-0000-0000-000000000001,3b4c72de-80d1-4df4-8fbf-1147100d54dc,2026-06-24,late,10:00:00,23:59:00,2026-06-24 04:30:16.962576+00,j571sae7ng9e6g8g1p2g2ehw61898yhz,80d94592-00c8-406b-a5ff-28b6496fcb6f,null
6411c6e1-2d2c-4cd3-bfcc-96d89920f049,00000000-0000-0000-0000-000000000001,509cadb2-fb85-403e-ab9a-43e9e7ec9555,2026-06-24,late,09:52:00,17:55:00,2026-06-24 04:22:13.449057+00,j575chemb7r01bd42w09pvjckn899nb9,076500b3-1c43-4da9-843e-065a110961da,null
b8568c3f-e224-475e-b283-9ed171c6ea50,00000000-0000-0000-0000-000000000001,9c20c187-fe47-4647-a49b-6825e23b7920,2026-06-24,late,09:56:00,23:59:00,2026-06-24 04:26:18.287048+00,j5787m6qes0zv4nyqtmfma33ed898krj,af5dc87d-abed-4713-9523-74d043f351a8,null
d50b27f4-cbad-4a19-a117-3de369b45482,00000000-0000-0000-0000-000000000001,d37b144f-0bcd-4941-b1cf-e594fa52bb72,2026-06-24,late,10:00:00,23:59:00,2026-06-24 04:30:35.375027+00,j577xgxzkj81g32pybpc8htwm9898m6t,9ff828f2-a9cd-4e9f-a13e-935ae9e81989,null
eb46af4b-7c1a-4fab-a9e5-bb6239cc0c90,00000000-0000-0000-0000-000000000001,1da9e75d-51ab-4a53-9fc5-222ba2c12524,2026-06-24,late,10:16:00,19:12:00,2026-06-24 04:46:30.330131+00,j575djwqtch1rh67n33na1ywkn899pty,0196c90c-f592-43e7-8057-15673f804053,null
418b3795-752f-41a0-ae23-c88dd6ebce98,00000000-0000-0000-0000-000000000001,d37b144f-0bcd-4941-b1cf-e594fa52bb72,2026-06-25,late,10:04:00,23:59:00,2026-06-25 04:34:57.830336+00,j5717j9gvhjtek2gm5xbkn93g189b87j,4ea392f9-027d-4f2f-834c-4f0e4fd6b3d3,null
605b03fd-c9d3-4163-9e71-0f49327a0fc4,00000000-0000-0000-0000-000000000001,8a235718-7769-447f-ac47-d37aa798b932,2026-06-25,late,10:04:00,23:59:00,2026-06-25 04:34:40.817408+00,j579rn904m2s40tscza50p3dfd89be3k,8aa43bb7-e70b-4c43-b73d-8bc7c83affde,null
8339f69c-0813-4b07-ae0c-6ad6cda99c19,00000000-0000-0000-0000-000000000001,1da9e75d-51ab-4a53-9fc5-222ba2c12524,2026-06-25,late,10:19:00,23:59:00,2026-06-25 04:50:10.290709+00,j57a6a7atnn77tsycyv7pfbyks89ah8p,71cb8cce-5a62-4731-8996-5a1355e58d9c,null
aa1a00ef-53b6-4388-9599-3f953d76b159,00000000-0000-0000-0000-000000000001,15b5f48a-0cb9-c73e-1c13-37fd5d8cb10b,2026-06-25,late,10:58:00,19:15:00,2026-06-25 05:28:50.172095+00,j57bgvakde9z36j2wp159tasp589bddr,0d92eda2-37d5-4837-b263-891b04e47ec0,null
b5101840-4089-4229-aa9e-380d984a7f40,00000000-0000-0000-0000-000000000001,3b4c72de-80d1-4df4-8fbf-1147100d54dc,2026-06-25,late,10:04:00,23:59:00,2026-06-25 04:34:09.467068+00,j579czev12fc7856er5vfzdx8589b53r,e280ee61-9aa0-49e3-a934-d0272432671d,null
c922c518-92e6-462b-94fa-752e58425751,00000000-0000-0000-0000-000000000001,9c20c187-fe47-4647-a49b-6825e23b7920,2026-06-25,late,10:03:00,23:59:00,2026-06-25 04:33:50.972144+00,j5750y9abxqyaams8j88rs3q5589b4by,e178e908-15f2-4853-9996-af322d0f5feb,null
c95f5199-b0df-4d78-a4c7-c5b81df4a96e,00000000-0000-0000-0000-000000000001,39523891-bab0-6a9f-129b-2f5b51ea3e37,2026-06-25,late,10:27:00,19:16:00,2026-06-25 04:57:49.637632+00,j571yshhwjb715wszpcxj41v8s89b50v,f0714f8f-463e-4ff6-9455-1fd47af46a17,null
d40ba5e4-b225-49d0-89ed-940cc506a1aa,00000000-0000-0000-0000-000000000001,f7dd430d-c6a9-43ea-98b1-be8e0ea84bf6,2026-06-25,late,10:05:00,23:59:00,2026-06-27 11:52:43.999102+00,j5798zvkkpywk14hvj245z8y8s89b1cc,26ea27aa-8471-4897-8213-0e8da15c16e8,null
ec48ade7-774d-4cd8-a09e-bc8689890603,00000000-0000-0000-0000-000000000001,fc505e28-6210-49c3-b873-e10e86ec7b92,2026-06-25,late,09:54:00,18:06:00,2026-06-25 04:23:51.052235+00,j570tav7ts2688hweg6zbdf9xd89afqx,43352f9f-ff5c-4385-8ec6-3af900552ec7,null
f27d43e8-cad2-4b3b-b114-cfb789672eb1,00000000-0000-0000-0000-000000000001,509cadb2-fb85-403e-ab9a-43e9e7ec9555,2026-06-25,late,09:53:00,18:04:00,2026-06-25 04:23:24.369002+00,j577kx3rsyqr8exd4b5vkykz8n89bxv7,c8f830d4-ea8f-4697-95ee-9e8a3420dcdf,null
44018d07-7afb-4fe2-970f-f55715c7641b,00000000-0000-0000-0000-000000000001,9c20c187-fe47-4647-a49b-6825e23b7920,2026-06-26,present,09:35:00,17:33:00,2026-06-26 04:05:16.670469+00,j5766841vwzgrnpb200tnhq9x589csxy,1349780a-137d-4076-808a-225551fe2de1,null
4a377a28-c7c7-4aec-bbda-5bc5f1a53b81,00000000-0000-0000-0000-000000000001,d37b144f-0bcd-4941-b1cf-e594fa52bb72,2026-06-26,late,10:02:00,23:59:00,2026-06-26 04:32:43.469938+00,j57e7raq6bdbxzn119ksan3zxs89c421,130a6025-6d77-481d-b862-b9b520fa62be,null
4f20208e-bbcf-4bde-a460-212e0715be5d,00000000-0000-0000-0000-000000000001,15b5f48a-0cb9-c73e-1c13-37fd5d8cb10b,2026-06-26,late,09:56:00,18:34:00,2026-06-26 04:26:41.237601+00,j579qxk6sz65rqm81r9bwk7xeh89cd7d,33aac08e-0e9d-4585-97a9-0d66c5e3ad03,null
5a005db0-2f11-4c97-a8ab-9036c4c00552,00000000-0000-0000-0000-000000000001,39523891-bab0-6a9f-129b-2f5b51ea3e37,2026-06-26,late,10:23:00,18:32:00,2026-06-26 04:53:29.685604+00,j571wn91rpsaxt0dybncmt8svx89cyjq,0a4f9100-c645-4b2c-afbf-3bdf7fc1ffb1,null
8e704382-ad25-45b6-ba48-abc14214701c,00000000-0000-0000-0000-000000000001,1da9e75d-51ab-4a53-9fc5-222ba2c12524,2026-06-26,late,10:10:00,18:12:00,2026-06-26 04:40:16.328751+00,j57fe1a6j3f4hqrb9mjqmaqqrh89cy2f,d8ee3e0e-9a02-4a93-8190-00ab4bfcea08,null
96173e00-0cd1-4763-8f98-35272646d7d6,00000000-0000-0000-0000-000000000001,8a235718-7769-447f-ac47-d37aa798b932,2026-06-26,late,17:15:00,23:59:00,2026-06-26 11:45:46.23302+00,j57ez5jcbbax0e3m12kcq67ajd89dkrz,2c97b5a8-afa2-4e1a-a1c3-31b739ed3ccc,null
a0842ede-1a8d-4001-a119-4efc6d4ea071,00000000-0000-0000-0000-000000000001,fc505e28-6210-49c3-b873-e10e86ec7b92,2026-06-26,late,10:05:00,18:23:00,2026-06-26 09:52:04.902344+00,j577aewyyajybzrm8dy8se871d89de14,402530c2-8a95-42d9-ba86-ea2d96feb69e,null
e8699d39-aa2a-452a-9b60-00f99fe2a413,00000000-0000-0000-0000-000000000001,509cadb2-fb85-403e-ab9a-43e9e7ec9555,2026-06-26,late,09:48:00,17:53:00,2026-06-26 04:18:10.181466+00,j5711hy2b8sa4q10y2rzpjsbpx89dmfm,15d04748-286c-4acf-9628-25b8f6399363,null
ed07bad1-776e-4f21-b879-b4c609c10053,00000000-0000-0000-0000-000000000001,3b4c72de-80d1-4df4-8fbf-1147100d54dc,2026-06-26,late,09:48:00,23:59:00,2026-06-26 04:18:49.100113+00,j57e1kwxkdr8zzpnq0ktv330sd89dgbp,baa415d9-e158-4e72-96b9-083e0326b80d,null
13cb7358-76e5-4674-a9ba-7146ab5e6d42,00000000-0000-0000-0000-000000000001,1da9e75d-51ab-4a53-9fc5-222ba2c12524,2026-06-27,late,10:21:00,18:21:00,2026-06-27 04:51:55.167058+00,j577y684ha5rheb2psbbjsx4qx89fabg,a1e20f59-65eb-4734-86fb-c4033c814976,null
17432d46-cf99-4e4c-91fa-9d5e8c045eda,00000000-0000-0000-0000-000000000001,f7dd430d-c6a9-43ea-98b1-be8e0ea84bf6,2026-06-27,late,10:16:00,23:59:00,2026-06-27 11:52:28.207475+00,j57b0rjd2r1895qds2gvfcent589feyb,ef65318b-4d01-4e5a-b1f0-779f646816dc,null
204221d7-9c85-47a0-9309-c78a78e1906f,00000000-0000-0000-0000-000000000001,3b4c72de-80d1-4df4-8fbf-1147100d54dc,2026-06-27,late,09:50:00,23:59:00,2026-06-27 04:20:12.107458+00,j570gtp11ba9tz22frzv35m1vd89f4m8,b1960406-e0b2-45b1-9529-15b47e0c8618,null
27143acc-4dab-454f-b854-9f3bca21debc,00000000-0000-0000-0000-000000000001,39523891-bab0-6a9f-129b-2f5b51ea3e37,2026-06-27,late,10:37:00,23:59:00,2026-06-27 05:07:22.086633+00,j579d6r5v904n4s7v400f9g4bd89fzr0,5bd2b641-4d74-4ebd-9625-eab8d2699ee0,null
2a2b4f1e-ee70-4781-bd12-aefc9994a83d,00000000-0000-0000-0000-000000000001,fc505e28-6210-49c3-b873-e10e86ec7b92,2026-06-27,late,10:16:00,18:24:00,2026-06-27 04:46:07.218331+00,j5779qcjywxe0fk483tzdj7ge589fc0b,9c1ed211-7e4f-4a2a-90f9-191727cd6383,null
4301024e-a301-470f-b2d5-f7681e023c64,00000000-0000-0000-0000-000000000001,d37b144f-0bcd-4941-b1cf-e594fa52bb72,2026-06-27,late,09:55:00,23:59:00,2026-06-27 04:25:46.570298+00,j57fpck1neskgx2z1b16msvqgx89ep3b,08624f91-fbec-4c71-8b9a-e57123c8195f,null
5fdd3367-190d-4865-a7a9-a8498cefdd23,00000000-0000-0000-0000-000000000001,8a235718-7769-447f-ac47-d37aa798b932,2026-06-27,late,10:09:00,23:59:00,2026-06-27 04:39:16.66085+00,j576vtnbd9cp3bj5q65f545zx189ejs7,900795d8-7889-44d0-876e-aa625e098806,null
7736c85e-955c-4c24-9646-aba032938952,00000000-0000-0000-0000-000000000001,15b5f48a-0cb9-c73e-1c13-37fd5d8cb10b,2026-06-27,late,09:49:00,23:59:00,2026-06-27 04:20:09.900435+00,j57bp2a1b02ewvvg52cm826t7n89e66j,e13ac35a-fda4-4747-8169-e626954a0499,null
bcf3e2d3-2c5e-48f6-9f06-fa5b15e7b5c8,00000000-0000-0000-0000-000000000001,509cadb2-fb85-403e-ab9a-43e9e7ec9555,2026-06-27,present,09:42:00,17:53:00,2026-06-27 04:12:29.856117+00,j572e28cks5k52djqt3jykcy9s89e190,c377e217-e41d-4299-b57a-8ca74c15f4b2,null
db7681c1-4997-449e-9142-2eb606bb8e8e,00000000-0000-0000-0000-000000000001,9c20c187-fe47-4647-a49b-6825e23b7920,2026-06-27,present,09:34:00,17:36:00,2026-06-27 04:05:02.805052+00,j57bkzj93nq1q24mf0enp3dgh989ffx1,608b3d0f-a97f-49b5-a141-9594a0ec6ae7,null
051c14bf-be78-40fd-ad9a-69652a4c21d1,00000000-0000-0000-0000-000000000001,d37b144f-0bcd-4941-b1cf-e594fa52bb72,2026-06-29,late,10:08:00,23:59:00,2026-06-29 04:39:04.553582+00,j57ccgqjkt0emt5yexpekt6m2589k28j,fbb7ae3e-9c9c-49d8-8811-1397eccfc1c9,null
2858f7fc-c0df-41ba-8250-36bad7e0fbd5,00000000-0000-0000-0000-000000000001,f7dd430d-c6a9-43ea-98b1-be8e0ea84bf6,2026-06-29,late,10:02:00,23:59:00,2026-06-29 04:33:06.727885+00,j579tqe93e8gej5t2xb2dyabrx89kqg0,a210cac2-8c30-4f11-b195-64dedf54928d,null
3e288a14-134f-4618-8299-c82e49004358,00000000-0000-0000-0000-000000000001,39523891-bab0-6a9f-129b-2f5b51ea3e37,2026-06-29,late,10:33:00,18:59:00,2026-06-29 05:03:28.208401+00,j576m0s7r7r2hd1vjccqtf3zfh89k11s,6d387cb0-8eb6-4970-970e-8868a28c3890,null
4cfca2e0-6950-4710-8deb-484545aa57f2,00000000-0000-0000-0000-000000000001,9c20c187-fe47-4647-a49b-6825e23b7920,2026-06-29,late,09:46:00,23:59:00,2026-06-29 04:16:34.194452+00,j577qjpj613032rtd9qgyryjr189kp70,e96c2f51-ebb8-4dcf-849c-747c222310a7,null
8448119c-09a4-42a1-adfd-10bd910bbc78,00000000-0000-0000-0000-000000000001,1da9e75d-51ab-4a53-9fc5-222ba2c12524,2026-06-29,late,10:26:00,23:59:00,2026-06-29 04:56:12.79996+00,j57b6wvws9xr9aebars0mn9apd89jtvh,ca96352f-d2fa-48a1-9092-02658a513afb,null
8df235c9-972d-48e4-a0b1-f25881198cc2,00000000-0000-0000-0000-000000000001,15b5f48a-0cb9-c73e-1c13-37fd5d8cb10b,2026-06-29,late,10:06:00,18:36:00,2026-06-29 04:36:58.059852+00,j574ecdyva7hd3t01627p1paws89j2mr,03488e89-b8ac-4d9d-b2d1-624dea0d7bb5,null
ac29a5b6-69fd-4106-9ab2-5e266949b36c,00000000-0000-0000-0000-000000000001,3b4c72de-80d1-4df4-8fbf-1147100d54dc,2026-06-29,late,10:04:00,23:59:00,2026-06-29 04:34:15.003844+00,j57fh0x11e7ffbp13xxzwdwxf989kj9v,fe0df375-1962-49a4-a434-b0568eb2f189,null
e2bf810c-caba-4642-8dae-65d15ed8f9ae,00000000-0000-0000-0000-000000000001,fc505e28-6210-49c3-b873-e10e86ec7b92,2026-06-29,present,09:33:00,17:55:00,2026-06-29 04:02:47.500135+00,j5714kdzecvpv7dgjs8q989zyn89jyns,4330bf4b-29d9-4009-ad4d-2193451087dd,null
e3a0217a-3dd3-41fc-981c-a2fda66af917,00000000-0000-0000-0000-000000000001,8a235718-7769-447f-ac47-d37aa798b932,2026-06-29,late,09:52:00,23:59:00,2026-06-29 04:22:11.143635+00,j57dyj9ec43y0ezd30pszhb2nx89jj7v,14f7a966-9bdc-4450-a1d2-2608c1795e39,null
f5f0741b-6c6f-45ec-9e16-8973fec2eba9,00000000-0000-0000-0000-000000000001,509cadb2-fb85-403e-ab9a-43e9e7ec9555,2026-06-29,late,09:49:00,17:56:00,2026-06-29 04:18:53.853548+00,j57azq525gs8h843pm2r7jydd589jf6k,ed7bc5da-0152-47f8-83f3-3bce534ee302,null
2fa42f2b-e8f2-4002-b104-103d3742b00a,00000000-0000-0000-0000-000000000001,fc505e28-6210-49c3-b873-e10e86ec7b92,2026-06-30,late,09:50:00,18:06:00,2026-06-30 04:34:09.633771+00,j57adepaq2b06b1h9kjpyv3ys989nxcd,a8ce5548-c2d4-4f94-9dae-64f5fa3106d6,null
59a53014-9185-40c7-8bf6-aa959e6eb99c,00000000-0000-0000-0000-000000000001,509cadb2-fb85-403e-ab9a-43e9e7ec9555,2026-06-30,present,09:33:00,17:47:00,2026-06-30 04:02:53.686599+00,j576rg81na3aw4f8b3fv5rpkj989mzpy,5021bc59-4fb8-47f6-942a-3326ad997b95,null
60632682-9f49-4997-a835-804e030f62d2,00000000-0000-0000-0000-000000000001,39523891-bab0-6a9f-129b-2f5b51ea3e37,2026-06-30,late,10:35:00,18:48:00,2026-06-30 05:05:56.91301+00,j578bnhaa551163h6q33dwqpb989mxf4,f262ae71-f89c-4dcf-83cc-dfffa8a05c89,null
7b95d52e-0d30-4ea7-b79a-0649d05d5670,00000000-0000-0000-0000-000000000001,15b5f48a-0cb9-c73e-1c13-37fd5d8cb10b,2026-06-30,late,10:14:00,18:43:00,2026-06-30 04:44:40.14413+00,j574zeat4cxt5r8exemd70cs8589npx4,fbfa79d8-16d4-4fcc-a79e-683a8e786553,null
a0c2fee1-f8a7-4eb9-95b5-2e742906e9bd,00000000-0000-0000-0000-000000000001,9c20c187-fe47-4647-a49b-6825e23b7920,2026-06-30,late,09:57:00,17:58:00,2026-06-30 04:27:39.518581+00,j578e8w6cb26bmzf63nhwq5sjs89man4,79d471e5-a396-4f11-a058-c71fd68e33a9,null
acea190c-40a3-47b4-b2d5-34dfc582364c,00000000-0000-0000-0000-000000000001,1da9e75d-51ab-4a53-9fc5-222ba2c12524,2026-06-30,present,08:40:00,19:20:00,2026-06-30 03:10:21.726665+00,j574a0g9s1pk1k3pesse420qj589mej9,1244d63a-a402-4ad9-854b-a9262e49305c,null
c13f3695-a41c-4f29-8753-5c4d2345fa93,00000000-0000-0000-0000-000000000001,8a235718-7769-447f-ac47-d37aa798b932,2026-06-30,late,09:53:00,23:59:00,2026-06-30 04:23:14.245774+00,j5789t38zjwezpnszrax30th3589n92z,1a54e81a-69a3-4972-bfbf-1b14f49d6d93,null
c33eb25d-ab37-4b0d-86b3-abf0d207e462,00000000-0000-0000-0000-000000000001,d37b144f-0bcd-4941-b1cf-e594fa52bb72,2026-06-30,late,10:18:00,23:59:00,2026-06-30 04:49:00.485537+00,j578210jkkvcg4zkt7qhadh12n89m0cq,e7552c80-fb59-4ca8-b6a6-f1ac0c314302,null
fd41c296-3f1c-4f31-9303-5a24c9a0bdd9,00000000-0000-0000-0000-000000000001,f7dd430d-c6a9-43ea-98b1-be8e0ea84bf6,2026-06-30,late,09:57:00,23:59:00,2026-06-30 04:27:34.861178+00,j5775n8c4skdvxe2gnm2zbz80n89nx5a,a478c846-d369-4ccf-938c-1a24f3f16a7a,null
fd6a0640-ca8c-4b57-9179-b0e4e53110af,00000000-0000-0000-0000-000000000001,3b4c72de-80d1-4df4-8fbf-1147100d54dc,2026-06-30,late,10:04:00,23:59:00,2026-06-30 04:34:22.653165+00,j578029brzsxv7wq7pr131tzd189n5kk,192e4d15-6a61-4dea-bfc9-f3f701f10d57,null
06e98e0a-c8ca-4487-a483-6341ef1c96df,00000000-0000-0000-0000-000000000001,1876cd3b-9ca7-41aa-ae62-761a15d87153,2026-07-01,late,10:04:00,18:34:00,2026-07-07 18:17:20.244614+00,j57fgfrggzyctjrch8eag5h88589q1an,bd1ed4e7-89f5-4075-9b8a-8f78901b8385,null
07b777ca-9bdd-476d-a765-ed166e37dab4,00000000-0000-0000-0000-000000000001,1da9e75d-51ab-4a53-9fc5-222ba2c12524,2026-07-01,late,10:38:00,19:20:00,2026-07-01 05:08:28.542294+00,j579a7twd6aqmfdhmg1skra7s189pw4j,fff5e87d-931e-4d01-ac0a-7758ba209116,null
1d5c327c-f39e-43db-aea8-5aeb8ba9c58b,00000000-0000-0000-0000-000000000001,f7dd430d-c6a9-43ea-98b1-be8e0ea84bf6,2026-07-01,late,10:19:00,23:59:00,2026-07-01 04:49:30.850588+00,j57401b418n0fcxnf0n7z63kh589qjxz,b47d1efc-cdeb-42f6-a570-46f059778b07,null
3479a283-b68f-4b84-aab5-236af8757949,00000000-0000-0000-0000-000000000001,fc505e28-6210-49c3-b873-e10e86ec7b92,2026-07-01,late,10:14:00,18:26:00,2026-07-01 04:44:03.06349+00,j570dn9qvw64v7vcdc051t933989p02b,2801c7b5-a349-44ca-8508-2d9da8bc78ea,null
65bdbffd-d3b3-49c7-99c4-a844280a07fd,00000000-0000-0000-0000-000000000001,9c20c187-fe47-4647-a49b-6825e23b7920,2026-07-01,late,10:00:00,23:59:00,2026-07-01 04:30:30.886015+00,j570fpjssyrgfmqg61pwzkcem989qdq3,0778fcb5-528b-4070-ac9e-fbbe12991baf,null
6cd5ce3c-1e02-4404-b7f9-ddc2fbf2f53b,00000000-0000-0000-0000-000000000001,8a235718-7769-447f-ac47-d37aa798b932,2026-07-01,late,10:11:00,23:59:00,2026-07-01 04:41:41.703751+00,j57683km4bd1fd9ebahfv1372d89q79s,0c3f42d1-f331-492f-b633-f3cfd4d9eeb8,null
8b50a514-fa1b-49d2-bad6-3ddd908c78bc,00000000-0000-0000-0000-000000000001,15b5f48a-0cb9-c73e-1c13-37fd5d8cb10b,2026-07-01,late,10:04:00,18:33:00,2026-07-01 04:34:50.26615+00,j57de49pccxgxe51y843364gah89q52y,151384cb-280a-4b07-baad-bba27bf73146,null
934f3de3-9a75-45d3-9730-3d47c4fbf8a8,00000000-0000-0000-0000-000000000001,d37b144f-0bcd-4941-b1cf-e594fa52bb72,2026-07-01,late,10:09:00,23:59:00,2026-07-01 04:39:55.081777+00,j57ejv0zg5ttf4xzy8gnh404nn89qpaa,fd2dba71-2ae7-4577-9eeb-ff8a6e642501,null
f205186e-89c2-4c7e-8075-abac31bc6b20,00000000-0000-0000-0000-000000000001,3b4c72de-80d1-4df4-8fbf-1147100d54dc,2026-07-01,late,10:09:00,23:59:00,2026-07-01 04:39:36.98146+00,j57ca88cb4a6f55dk0k7tnm0pd89q5e0,cd4b8100-3165-4638-b8df-e343692b88d8,null
f35a6e8e-d204-4621-8305-3cba95ff5ee3,00000000-0000-0000-0000-000000000001,509cadb2-fb85-403e-ab9a-43e9e7ec9555,2026-07-01,late,09:50:00,18:25:00,2026-07-01 04:20:07.562228+00,j5769v12vx3b3a3kcdf64wmzr589p8jb,74e28375-b8b8-4fb9-94d9-847ec3559248,null
098689c2-516d-46a4-9ede-4dca3eace7c0,00000000-0000-0000-0000-000000000001,1876cd3b-9ca7-41aa-ae62-761a15d87153,2026-07-02,late,10:08:00,18:47:00,2026-07-07 18:17:09.696714+00,j57aw9nzt9dvcma1jyfm83y5dh89s3d7,1f9d4253-91eb-4c6c-946c-1343881b69b4,null
18cf2668-69af-4ab9-a672-d8cd72b29dbf,00000000-0000-0000-0000-000000000001,15b5f48a-0cb9-c73e-1c13-37fd5d8cb10b,2026-07-02,late,10:07:00,18:46:00,2026-07-02 04:37:22.580802+00,j57c1vzh4swdr3sbph8h6wt9qd89sbp3,f2fac742-76cf-41ef-99a3-51a184597ba1,null
30499a80-bc23-466c-943e-1e6e7a996dd5,00000000-0000-0000-0000-000000000001,3b4c72de-80d1-4df4-8fbf-1147100d54dc,2026-07-02,late,09:48:00,23:59:00,2026-07-02 04:18:55.272565+00,j57ev4k5ea0b57yv85d7d7szr189rz3j,2026a1a9-1dfd-4860-b92a-bf17579ee8a8,null
47849b1b-4499-4aab-8e09-8451fbea1997,00000000-0000-0000-0000-000000000001,f7dd430d-c6a9-43ea-98b1-be8e0ea84bf6,2026-07-02,late,10:03:00,23:59:00,2026-07-02 04:33:16.005124+00,j574gz7dq07b4eqxrz2g8hn1kx89rgcq,bf7473d3-1d52-4248-8ab6-fff4c126f76f,null
5c7c7b7e-48ad-46df-b958-2287b22dfc6f,00000000-0000-0000-0000-000000000001,1da9e75d-51ab-4a53-9fc5-222ba2c12524,2026-07-02,late,10:33:00,18:34:00,2026-07-02 05:03:59.301652+00,j570n9mpqw47a4daqkq9jzcde189shen,63fa6a28-ce53-4a51-a3e2-da1f348263a5,null
a294be1a-3286-4d89-84ba-a151346612d5,00000000-0000-0000-0000-000000000001,8a235718-7769-447f-ac47-d37aa798b932,2026-07-02,late,10:24:00,23:59:00,2026-07-02 04:54:35.602793+00,j57bwa0hanv2ghxw5jrvj7fdf189sm7f,f5d8840b-d365-4bdc-bbe7-3b9e2b2d6759,null
b54aeca4-6758-4b2e-b59d-e9c37b126c11,00000000-0000-0000-0000-000000000001,d37b144f-0bcd-4941-b1cf-e594fa52bb72,2026-07-02,late,10:01:00,23:59:00,2026-07-02 04:31:48.456718+00,j574wrkm6mjg759mv7asncqrg189s1yq,5e727e43-7ee6-4935-af14-3632bee34a13,null
ba7346bd-fdea-41ea-a380-f660cd73f56b,00000000-0000-0000-0000-000000000001,39523891-bab0-6a9f-129b-2f5b51ea3e37,2026-07-02,late,10:19:00,23:59:00,2026-07-02 04:49:56.327304+00,j576cbdbxynv5c76rbbb5c1egs89s6cc,95c85bbe-15ec-43c1-bb9b-848beea625bb,null
bb8459a0-37fd-41df-a54e-abe85c44cc1a,00000000-0000-0000-0000-000000000001,fc505e28-6210-49c3-b873-e10e86ec7b92,2026-07-02,late,09:51:00,17:59:00,2026-07-02 04:20:51.740141+00,j57fw2jpv4gb4pm3hhf3g1xd8x89skqy,ecd64aca-d08a-47a4-932d-92e0466b5a6a,null
bd743962-bfda-4d26-aa91-9c23b4712035,00000000-0000-0000-0000-000000000001,9c20c187-fe47-4647-a49b-6825e23b7920,2026-07-02,present,09:35:00,17:30:00,2026-07-02 04:05:43.789804+00,j576c48x6t05gbv218jqjjp4e989r9k0,93dfb8a9-e306-4939-a3e1-21beeb412b76,null
c1f5af8d-5a49-49b9-a20e-bc6e46c6f9b7,00000000-0000-0000-0000-000000000001,509cadb2-fb85-403e-ab9a-43e9e7ec9555,2026-07-02,late,09:49:00,17:57:00,2026-07-02 04:19:00.942336+00,j579vr54mdk9eryp95whrpn1j589rbxc,3466b102-6df0-4f57-b68d-d537654fc35b,null
093a3204-f5e3-4cfd-a2bf-914166d14977,00000000-0000-0000-0000-000000000001,f7dd430d-c6a9-43ea-98b1-be8e0ea84bf6,2026-07-03,late,10:04:00,23:59:00,2026-07-03 04:34:49.143243+00,j571g82jr5j1rs1cr5725da03h89ttbh,feba3c38-2b6d-45ba-bd66-d1379ac763ff,null
211fea4e-f71a-4514-9c95-3f38e4139849,00000000-0000-0000-0000-000000000001,15b5f48a-0cb9-c73e-1c13-37fd5d8cb10b,2026-07-03,late,10:07:00,18:53:00,2026-07-03 04:37:14.292101+00,j575kpte6cr96g0jhrgt1d20ks89txr5,665d741c-9464-4721-bf4d-5a2da131b4d7,null
26b19de9-40de-405b-874a-3c9e7101e397,00000000-0000-0000-0000-000000000001,39523891-bab0-6a9f-129b-2f5b51ea3e37,2026-07-03,late,10:36:00,18:53:00,2026-07-03 05:07:03.448598+00,j577p81eznwwk6mz30j8vqay4h89tddk,90d2571a-7fe4-4dc9-a4ce-c0d1134d1644,null
442da2e0-56bb-4f56-acb0-9ecbbcfc4e74,00000000-0000-0000-0000-000000000001,3b4c72de-80d1-4df4-8fbf-1147100d54dc,2026-07-03,late,10:00:00,23:59:00,2026-07-03 04:30:42.845606+00,j57bzv14fjbzmtkj98mevekqy589t1f4,98570cb3-4225-4429-a146-c05e814853a2,null
4dd5c5e8-4f25-4bf8-b5ab-05777ccf27a8,00000000-0000-0000-0000-000000000001,8a235718-7769-447f-ac47-d37aa798b932,2026-07-03,late,10:02:00,23:59:00,2026-07-03 04:32:14.368952+00,j57d9r0a28pztsx637tpf1pj4h89vh41,95c2a058-8743-42b0-9125-b2b03c2b6706,null
5b48d3fd-7d3e-4b88-9620-e29e6b057f20,00000000-0000-0000-0000-000000000001,1da9e75d-51ab-4a53-9fc5-222ba2c12524,2026-07-03,late,10:27:00,23:59:00,2026-07-03 04:57:36.270495+00,j57frv4wvm3e7x7eezdam3t5hs89tn8m,4e565fd0-4c35-4931-8e4e-de6d291d18ec,null
6703a428-cc9f-40e7-aa90-4610e4ffa1f8,00000000-0000-0000-0000-000000000001,1876cd3b-9ca7-41aa-ae62-761a15d87153,2026-07-03,late,10:05:00,18:53:00,2026-07-07 18:16:59.228487+00,j5768qk7hez5g2h100pnp1v4ks89tmhq,22c91913-5fb5-4bd2-8a79-a25fc0e37ce0,null
75c97cd0-3939-4314-9bde-b7f39b333233,00000000-0000-0000-0000-000000000001,9c20c187-fe47-4647-a49b-6825e23b7920,2026-07-03,present,09:40:00,17:50:00,2026-07-03 04:10:29.303861+00,j57ckweybdfcy9q9jbsy3y7q0189tm1r,94732d22-1913-4daf-97bc-d98a17deadda,null
764898ba-b5e3-4cfa-a93f-09c911e1405c,00000000-0000-0000-0000-000000000001,fc505e28-6210-49c3-b873-e10e86ec7b92,2026-07-03,late,18:03:00,23:59:00,2026-07-03 12:33:12.890718+00,j572jqjwhnm961w5zgm6y0qab189v6jg,f4b2b261-f49d-4740-be1d-68cc11038d9d,null
8f6dd07b-7d64-4982-8ae1-37b26e7deff6,00000000-0000-0000-0000-000000000001,d37b144f-0bcd-4941-b1cf-e594fa52bb72,2026-07-03,late,10:00:00,23:59:00,2026-07-03 04:30:18.529636+00,j57e92hc8mcfmh0z2kwx441fc989v806,15604490-244a-4963-830e-6d44bac73990,null
ca93b92c-37e0-474f-afe9-a95390ca9204,00000000-0000-0000-0000-000000000001,509cadb2-fb85-403e-ab9a-43e9e7ec9555,2026-07-03,late,09:48:00,18:09:00,2026-07-03 04:18:17.312624+00,j571d1qk44pqz2d2v8wbf7gg3989vs5h,6b1025b2-a390-4382-8abe-b59fa47ad9d6,null
069ca96d-e3d6-4de3-94ec-f4ff1ec1ed75,00000000-0000-0000-0000-000000000001,1876cd3b-9ca7-41aa-ae62-761a15d87153,2026-07-04,late,10:15:00,18:47:00,2026-07-07 18:16:50.575076+00,j5778j2bgeajy86e3zpw7f2w4s89w5q9,1f38ac6b-1f02-4d74-94f1-8d6e64781f28,null
8946d2e3-f028-4e74-bc86-96576c29efbe,00000000-0000-0000-0000-000000000001,fc505e28-6210-49c3-b873-e10e86ec7b92,2026-07-04,late,10:13:00,18:21:00,2026-07-04 04:43:16.329399+00,j5736zc9fzb1xmqjchy157r85189xznx,47016801-d4aa-4e6e-8451-fbc57e9bfdcd,null
919a8c6c-b8c5-438f-a164-462da2fc511e,00000000-0000-0000-0000-000000000001,15b5f48a-0cb9-c73e-1c13-37fd5d8cb10b,2026-07-04,late,10:05:00,18:47:00,2026-07-04 04:35:31.7392+00,j57dkxpxwgfjv1n3wdd6c7ejw189wh07,ae64c1e6-ca63-4685-95bc-cc92374861f5,null
9cb6d211-b9d3-4d54-81c6-f59f9ec0b9f9,00000000-0000-0000-0000-000000000001,1da9e75d-51ab-4a53-9fc5-222ba2c12524,2026-07-04,late,10:21:00,23:59:00,2026-07-04 04:52:07.356401+00,j57f9jfjsx20cxj2ed1a4kjr9589x4xq,18076bc6-a184-4f9a-9c92-699cec1a7e47,null
ad80d013-ba2d-4143-8449-809e4586002e,00000000-0000-0000-0000-000000000001,39523891-bab0-6a9f-129b-2f5b51ea3e37,2026-07-04,late,10:35:00,18:47:00,2026-07-04 05:05:57.76226+00,j57ctn7knpzw4x6f9nwv38xhph89xmbj,f0f6364c-4ada-4a9f-8d48-edb45458e849,null
e3dbc349-1b39-468f-93aa-771cb53ea3fd,00000000-0000-0000-0000-000000000001,509cadb2-fb85-403e-ab9a-43e9e7ec9555,2026-07-04,present,09:45:00,18:00:00,2026-07-04 04:15:29.326523+00,j5725na3gfm0v1r2cafyfdy9qn89wb8j,4c6b4c0f-ec24-466a-b380-122a8fccaa8a,null
f5bab9cf-9cb3-4d3d-a95f-c3ae7f21e557,00000000-0000-0000-0000-000000000001,d37b144f-0bcd-4941-b1cf-e594fa52bb72,2026-07-04,late,10:32:00,23:59:00,2026-07-04 05:02:51.549491+00,j5767f2q0j1maaqdrcgg79ncj189xvwb,275a648a-a45c-4496-a923-d8a3affdbe9c,null
1998c9bb-db96-47ab-a077-392c83bf094f,00000000-0000-0000-0000-000000000001,f7dd430d-c6a9-43ea-98b1-be8e0ea84bf6,2026-07-06,late,10:01:00,23:59:00,2026-07-06 04:31:44.401105+00,j57b8wqv8y61j00a2s513mg3498a0km8,80076cb8-b2cc-4b50-b1da-287a1b1b9ef9,null
4bbf9106-db96-4bbc-9a0c-12dea5f01564,00000000-0000-0000-0000-000000000001,d37b144f-0bcd-4941-b1cf-e594fa52bb72,2026-07-06,late,09:57:00,23:59:00,2026-07-06 04:27:21.792497+00,j57d1dt64fkzj3aj472qxdytp18a18t9,5e824290-3ed5-4388-bd5d-dbdc37696486,null
67474cfb-bb47-4d97-8dc1-d955c7f883f6,00000000-0000-0000-0000-000000000001,3b4c72de-80d1-4df4-8fbf-1147100d54dc,2026-07-06,late,09:57:00,23:59:00,2026-07-06 04:27:40.59895+00,j57cvanhf497z2q5gw6wsyxmk18a05yh,203a095d-878c-474b-bdf7-0e5814837969,null
717bd416-b897-4c2a-b230-5188addf83e5,00000000-0000-0000-0000-000000000001,2ce16d52-adfd-418f-9ac1-b6f042e0fd22,2026-07-06,late,11:00:00,19:05:00,2026-07-06 12:16:33.873552+00,j572w9ye4q25jd8w9hhmfnn4fs8a0wzp,d8912f8c-c3e1-47e3-830f-cfc56aeceac6,null
808fd893-9124-44a0-9bcf-4d3493e9eb35,00000000-0000-0000-0000-000000000001,1876cd3b-9ca7-41aa-ae62-761a15d87153,2026-07-06,late,10:13:00,18:35:00,2026-07-07 18:16:42.480738+00,j5750zpst6r1wdvw014ztccwzd8a1npc,36a10787-1983-4436-bbe3-c03b2a70eabe,null
9debc53c-a1d2-478f-aa8b-7db850190980,00000000-0000-0000-0000-000000000001,fc505e28-6210-49c3-b873-e10e86ec7b92,2026-07-06,late,09:50:00,17:57:00,2026-07-06 04:46:35.032524+00,j577nvdacws7t7npb8qrt7dm198a1eys,d5e28987-f5b0-4bed-ab36-ca3cff741eca,null
a70955dc-5db9-4768-8f83-af933561fbfe,00000000-0000-0000-0000-000000000001,9c20c187-fe47-4647-a49b-6825e23b7920,2026-07-06,late,09:56:00,23:59:00,2026-07-06 04:27:08.244125+00,j579mgfav72cgd74wzpjvcfb558a1nrh,14040a08-c8d0-4be3-adb3-c98654e0b0df,null
d8ac0e9f-897b-4bbc-a940-2509241f191a,00000000-0000-0000-0000-000000000001,8a235718-7769-447f-ac47-d37aa798b932,2026-07-06,late,10:10:00,23:59:00,2026-07-06 04:41:00.084498+00,j57ad8jsxdr76kqvaxax20xc0d8a1dgm,c2d4267f-a153-45d0-b2cb-695a2351a0ab,null
d9d82947-e041-4b32-bef1-7402736b731c,00000000-0000-0000-0000-000000000001,39523891-bab0-6a9f-129b-2f5b51ea3e37,2026-07-06,late,11:16:00,23:59:00,2026-07-06 05:46:55.712384+00,j571609ce2e4x69wtsmn8ygcj98a1tc6,84bc4310-0a41-46cd-ac3c-285a567fb557,null
d9f99480-2235-4164-bd2d-15542a2ba934,00000000-0000-0000-0000-000000000001,509cadb2-fb85-403e-ab9a-43e9e7ec9555,2026-07-06,late,09:40:00,17:57:00,2026-07-06 04:46:15.865398+00,j57bzbj7rgzxbkese2tb75svk58a0gwy,44a7a795-edbf-4ed2-8f36-6fe824bab32d,null
e64eebd6-4ba3-4a99-a7e6-261952517103,00000000-0000-0000-0000-000000000001,15b5f48a-0cb9-c73e-1c13-37fd5d8cb10b,2026-07-06,late,10:13:00,18:35:00,2026-07-06 04:43:49.218968+00,j571ca20fz3x5pwt2b4e42zmwx8a0z5d,a1d485b7-70be-4971-9d8d-b3ae6993587e,null
13f35e5b-b260-42e8-ad3f-91bc3b019446,00000000-0000-0000-0000-000000000001,2ce16d52-adfd-418f-9ac1-b6f042e0fd22,2026-07-07,late,10:41:00,19:04:00,2026-07-07 05:11:47.494988+00,j576313brzze50txqjs9yfeqh58a2m83,2eabc265-5af5-4489-8367-c727a3a33f05,null
34df5b7d-61b1-4943-9495-0a92bd8e4459,00000000-0000-0000-0000-000000000001,509cadb2-fb85-403e-ab9a-43e9e7ec9555,2026-07-07,present,09:44:00,17:55:00,2026-07-07 04:14:13.886535+00,j57cpp2f4r1xpfzxns1xranag58a390b,c959eccc-8fe5-4bfe-91ef-b0d8a788a1e2,null
5cc1a36c-4851-4320-93f4-b5750c9cd201,00000000-0000-0000-0000-000000000001,3b4c72de-80d1-4df4-8fbf-1147100d54dc,2026-07-07,late,10:22:00,23:59:00,2026-07-07 04:52:58.884153+00,j57739rpartjvn0vh4szkrpeg58a32tt,2ecbd992-2a49-45da-b14d-af73f04664e5,null
9594c6d0-c7f8-4ef8-b57c-79e47db3eb46,00000000-0000-0000-0000-000000000001,d37b144f-0bcd-4941-b1cf-e594fa52bb72,2026-07-07,late,10:24:00,23:59:00,2026-07-07 04:54:45.1282+00,j57ccanqntyc7z9hs356k1v6dn8a29ys,a64d8e23-7e15-47af-b640-33f7f6fe9fe3,null
95c650c4-19ca-4b15-8c56-2c7c6a418bed,00000000-0000-0000-0000-000000000001,1876cd3b-9ca7-41aa-ae62-761a15d87153,2026-07-07,late,10:00:00,18:33:00,2026-07-07 13:03:50.048928+00,j57b1jvmzv0w45vj7nv2h7ha958a3dds,f9fb45ff-03d3-4242-b793-085b3e99ce35,null
a608f5e9-f5ca-4ed6-9b74-4fc1a8b68fd6,00000000-0000-0000-0000-000000000001,8a235718-7769-447f-ac47-d37aa798b932,2026-07-07,late,10:20:00,23:59:00,2026-07-07 04:51:06.034719+00,j577h9d6tcer041h234rqz0d718a3ten,1d23669e-3930-4b69-a810-6a818d629825,null
c985c999-b708-4f1e-90ee-d81a776befc9,00000000-0000-0000-0000-000000000001,fc505e28-6210-49c3-b873-e10e86ec7b92,2026-07-07,late,09:53:00,17:56:00,2026-07-07 04:23:38.906459+00,j57fpvs7cgm8dzdnaz6zeaxz758a2rw4,4aa70a5a-802a-48d0-88b1-021df02f91a0,null
db6ba342-ef63-4d8b-9dc7-788bf6ac0d80,00000000-0000-0000-0000-000000000001,15b5f48a-0cb9-c73e-1c13-37fd5d8cb10b,2026-07-07,late,09:59:00,19:04:00,2026-07-07 04:29:59.160286+00,j578rvsabnfcjmwz5za9sjt1h58a37t9,d1dfaa12-26ef-4cd1-8027-90d8d0bc7fe5,null
dc0fd5b4-6586-4838-89ab-a129401ab76d,00000000-0000-0000-0000-000000000001,9c20c187-fe47-4647-a49b-6825e23b7920,2026-07-07,late,10:16:00,23:59:00,2026-07-07 04:46:48.432316+00,j576rdnnczsvrnwmjz6xqfwbs18a2ybj,2a579f1f-ce9b-4adb-a920-360040b5c5a8,null
edb2d6c9-3e59-48b0-b0bd-620a60bdbc6b,00000000-0000-0000-0000-000000000001,f7dd430d-c6a9-43ea-98b1-be8e0ea84bf6,2026-07-07,late,10:22:00,23:59:00,2026-07-07 04:52:37.384843+00,j5744f21sfvygekvaq75tc019s8a3vcv,ca57a2de-3624-49f8-b616-2e385b511364,null
f102a101-bff6-41e2-b148-3eeda7afbe3f,00000000-0000-0000-0000-000000000001,39523891-bab0-6a9f-129b-2f5b51ea3e37,2026-07-07,late,10:40:00,19:03:00,2026-07-07 05:10:27.207209+00,j570xqnqtr3f6v94xetzcr0qnh8a337h,48247b07-b0d4-45d0-9454-df09386519fb,null
00be0891-ac5c-471c-a2b4-8695be436010,00000000-0000-0000-0000-000000000001,fc505e28-6210-49c3-b873-e10e86ec7b92,2026-07-08,late,09:52:00,18:07:00,2026-07-08 04:21:56.871599+00,j572f7wccyy22tfhd5kwnx2a3h8a5d99,33b9a4ea-fe62-47e4-9a54-7cc7ebd3df01,null
13512001-953b-4609-95a4-54a580b40a47,00000000-0000-0000-0000-000000000001,509cadb2-fb85-403e-ab9a-43e9e7ec9555,2026-07-08,late,09:47:00,18:13:00,2026-07-08 04:17:16.569662+00,j57a1pc2vb4bj6p0ncv2rhe1es8a52hq,ef39d3d4-883f-4c5d-9bde-fc793e699b99,null
241661d0-a55d-495c-8a8a-77b388412405,00000000-0000-0000-0000-000000000001,f7dd430d-c6a9-43ea-98b1-be8e0ea84bf6,2026-07-08,late,10:22:00,23:59:00,2026-07-08 04:52:32.654655+00,j57ewgfdxsw1dcrvx7rwpfaz958a5g89,469b1c9f-f9f1-4826-9b82-aeb71a9bc1c3,null
55b9df63-619b-4188-9dd3-6da991190502,00000000-0000-0000-0000-000000000001,9c20c187-fe47-4647-a49b-6825e23b7920,2026-07-08,present,09:42:00,17:40:00,2026-07-08 04:12:51.523202+00,j57ent8t0py62na4ctkhjx87s18a5rtv,aab9a36d-ad54-4fd7-8ff7-c29ede8f6348,null
5a7ea334-bb2c-42d7-8fee-cacb09b83d22,00000000-0000-0000-0000-000000000001,15b5f48a-0cb9-c73e-1c13-37fd5d8cb10b,2026-07-08,late,10:08:00,18:34:00,2026-07-08 04:39:14.984394+00,j57fywxg7gfsrzd0xp1tv751c18a5gb0,8097865f-cacd-445b-b685-f52e30ef44a7,null
797bff11-6747-41cd-9072-afc88a522d07,00000000-0000-0000-0000-000000000001,2ce16d52-adfd-418f-9ac1-b6f042e0fd22,2026-07-08,late,10:38:00,18:59:00,2026-07-08 05:08:42.932078+00,j57325dejcr0wdcmn6pkbh2rwx8a5v9j,8b251acb-f0ca-49c2-836e-b0c1c0dc6252,null
a3d13d3b-a746-4436-a94d-437ea39b51a7,00000000-0000-0000-0000-000000000001,8a235718-7769-447f-ac47-d37aa798b932,2026-07-08,late,10:13:00,23:59:00,2026-07-08 04:43:29.604557+00,j57d942d26mdr66f49qg8w3t7d8a5e7a,c0af411d-6462-41f7-9c6a-9d823c15f339,null
a6c477a5-e43f-4c69-a782-3d6b14c17cca,00000000-0000-0000-0000-000000000001,1876cd3b-9ca7-41aa-ae62-761a15d87153,2026-07-08,late,10:09:00,18:33:00,2026-07-08 04:39:10.853768+00,j573htygkvqn44x28f18z4hngh8a4dvh,a48b7480-3955-41d2-9b7c-c62452797f89,null
b05d87a7-5a87-4c23-9c5c-aea6682c68c2,00000000-0000-0000-0000-000000000001,3b4c72de-80d1-4df4-8fbf-1147100d54dc,2026-07-08,late,10:09:00,23:59:00,2026-07-08 04:39:39.349503+00,j57drtxv6bg965caswfkhygm9s8a56d5,c4204b3c-a7f2-4ac7-becf-198b84140147,null
b4fd534c-a7e7-4581-b53e-6d2608982260,00000000-0000-0000-0000-000000000001,39523891-bab0-6a9f-129b-2f5b51ea3e37,2026-07-08,late,10:38:00,18:59:00,2026-07-08 05:08:24.024943+00,j573ydr43xfdvkf184vetsydv18a5gsq,93a8ffce-f254-4c50-ae04-2874086e6169,null
bf30102e-12c7-4f68-917f-931c1cd12221,00000000-0000-0000-0000-000000000001,d37b144f-0bcd-4941-b1cf-e594fa52bb72,2026-07-08,late,09:53:00,23:59:00,2026-07-08 04:23:19.639351+00,j57201jqsdqpwqmjdgw1rc3jz58a4gfw,3b5490cd-51c0-46d4-82cd-efb2ec634757,null
02f1256d-30ab-45dc-b2f0-5155621cc431,00000000-0000-0000-0000-000000000001,2ce16d52-adfd-418f-9ac1-b6f042e0fd22,2026-07-09,late,10:36:00,18:55:00,2026-07-09 05:06:47.384622+00,j572ft565psvs4fsbthgr0h4ks8a6zgc,5ee0624c-194f-48a6-b406-054920cbde82,null
18128ba3-650a-407e-bb20-59413dd2b425,00000000-0000-0000-0000-000000000001,9c20c187-fe47-4647-a49b-6825e23b7920,2026-07-09,late,09:49:00,23:59:00,2026-07-09 04:19:45.030898+00,j5781aez562kwe5d0jkg4jqw318a7dk3,e4c9748b-26ec-4ce5-b1ff-c38521d5dbb9,null
5739d04b-1bcc-421e-b0ca-8f4924351ca0,00000000-0000-0000-0000-000000000001,39523891-bab0-6a9f-129b-2f5b51ea3e37,2026-07-09,late,10:36:00,18:55:00,2026-07-09 05:06:42.639477+00,j5770epvyagpmkvk70wrtm8p4h8a77vy,6f7dd0e1-6091-420e-9c1b-153b94579d44,null
5d06d1d4-0f83-4ba2-ab12-cfef948ccf00,00000000-0000-0000-0000-000000000001,3b4c72de-80d1-4df4-8fbf-1147100d54dc,2026-07-09,late,10:00:00,23:59:00,2026-07-09 04:30:28.23429+00,j571pht5hv5ce69ybmg3c47tbd8a61zt,0d62b298-3638-4cc0-9f9c-c9b71febfa63,null
666aa5f2-f12b-4392-ab41-bb10bab38c16,00000000-0000-0000-0000-000000000001,509cadb2-fb85-403e-ab9a-43e9e7ec9555,2026-07-09,late,09:48:00,18:07:00,2026-07-09 04:17:52.00406+00,j57bc4p79963sym6tjr40f3cpx8a7nj4,b3a7c282-8112-4e4a-a9cb-1a86daa7b43e,null
9aa78aa0-295a-4e01-b0d8-7dbcc570150f,00000000-0000-0000-0000-000000000001,d37b144f-0bcd-4941-b1cf-e594fa52bb72,2026-07-09,late,09:52:00,23:59:00,2026-07-09 04:23:06.993931+00,j573zjvzsf9fxfs6zwgrdbwwpn8a70a4,4dd870d6-6f6a-4e1a-b0a0-f4ba015407b3,null
a7b02160-47b4-49a4-9328-6dd38cf8b9b9,00000000-0000-0000-0000-000000000001,15b5f48a-0cb9-c73e-1c13-37fd5d8cb10b,2026-07-09,late,09:51:00,18:35:00,2026-07-09 04:21:28.103959+00,j5759pn0f7cmf27vf6ysz2dbhx8a6n4x,c0334d67-ee4c-4069-ac93-e09bd1b9128c,null
ba73048d-49ec-43f4-9f7b-ca91d2cfd4f7,00000000-0000-0000-0000-000000000001,8a235718-7769-447f-ac47-d37aa798b932,2026-07-09,late,09:53:00,23:59:00,2026-07-09 04:23:24.942903+00,j578sgtqbt9wdfg4pwvfsgxep18a7yzz,b9fc9f65-30aa-481a-9281-dc9871b847a9,null
cd4a51d8-7206-4651-9e54-54bccb509908,00000000-0000-0000-0000-000000000001,1876cd3b-9ca7-41aa-ae62-761a15d87153,2026-07-09,late,09:51:00,18:34:00,2026-07-09 04:21:34.316754+00,j570vdr3yprqh510mmgkkv61xs8a61fj,8274bc4c-b628-4cf4-ba62-58279633a660,null
ebd5c641-c069-49a3-bd85-b2e16213a674,00000000-0000-0000-0000-000000000001,fc505e28-6210-49c3-b873-e10e86ec7b92,2026-07-09,late,09:52:00,18:00:00,2026-07-09 04:22:32.272949+00,j574yz2hk40j9zqehvtas4x4h18a718q,dd9068c7-d2ab-439b-aff2-7aff935a51b2,null
f4d21f8b-f78c-4070-84a3-0bfe51e83f94,00000000-0000-0000-0000-000000000001,f7dd430d-c6a9-43ea-98b1-be8e0ea84bf6,2026-07-09,late,09:51:00,23:59:00,2026-07-09 04:21:45.324635+00,j573qe32fgkmqwv1jdj0qfbpks8a6f5g,9e11a63b-8c44-40fc-9e84-57318ad1f0d8,null
0a96abd3-a51b-4f72-bbda-b6e9ae17facf,00000000-0000-0000-0000-000000000001,fc505e28-6210-49c3-b873-e10e86ec7b92,2026-07-10,late,10:14:00,18:19:00,2026-07-10 04:44:43.386466+00,j570t81w71n6j0n3xawzh8rkn18a9sb0,2272d321-50f3-46f1-b23e-0bf3882a05be,null
245a6a32-96ec-4c88-a82b-2ef5029c42b9,00000000-0000-0000-0000-000000000001,15b5f48a-0cb9-c73e-1c13-37fd5d8cb10b,2026-07-10,late,10:14:00,18:44:00,2026-07-10 04:44:50.790155+00,j571z2pgc6sq6yxx65q78w0n798a9q9k,62636206-fa38-4af8-a1f8-d220b078d9f5,null
2e21f132-8564-4fb5-b4af-d461888575ed,00000000-0000-0000-0000-000000000001,d37b144f-0bcd-4941-b1cf-e594fa52bb72,2026-07-10,late,10:16:00,23:59:00,2026-07-10 04:46:51.212967+00,j5711wy7k8b6c6xax5vd1hdca98a8tq8,20e65b47-960d-4cf6-be24-98897da47e2f,null
3c9800be-c86f-4610-82aa-1d73a8abbdb4,00000000-0000-0000-0000-000000000001,3b4c72de-80d1-4df4-8fbf-1147100d54dc,2026-07-10,late,10:01:00,23:59:00,2026-07-10 04:31:44.809407+00,j575q688q1b03qx34y2z9zeqwn8a9e96,2f2af6be-4261-44b9-b9db-777000805c72,null
422198fe-f4cc-42ad-80db-6f3f9ef4dafa,00000000-0000-0000-0000-000000000001,39523891-bab0-6a9f-129b-2f5b51ea3e37,2026-07-10,late,10:27:00,19:03:00,2026-07-10 04:57:21.066274+00,j574s7gchjgmd6c3kdvxaab2d58a8csm,cf8c2295-2d76-411d-941f-5512cbc073c0,null
641e40f1-ebcf-4bed-a7a1-1c18eda4b441,00000000-0000-0000-0000-000000000001,2ce16d52-adfd-418f-9ac1-b6f042e0fd22,2026-07-10,late,10:27:00,19:13:00,2026-07-10 04:58:04.291408+00,j571cmm9mj7hhppd7dhmznscqh8a8rmq,768e6b42-3fc6-4f1b-ba29-f137a054ff98,null
75adf0dc-adad-4fdb-9db9-8655071e792a,00000000-0000-0000-0000-000000000001,1876cd3b-9ca7-41aa-ae62-761a15d87153,2026-07-10,late,10:14:00,18:44:00,2026-07-10 04:44:43.315818+00,j572x0aks93sw7f6ckv3014n5d8a9n8r,e5ea2b7b-f557-4e0b-820d-d697b97d3c83,null
8f650274-3aea-4b49-b24c-91a8a1188578,00000000-0000-0000-0000-000000000001,f7dd430d-c6a9-43ea-98b1-be8e0ea84bf6,2026-07-10,late,10:00:00,23:59:00,2026-07-10 04:30:41.39636+00,j571vacmbje2060derfkbkrnmd8a9et3,36384e8e-43d6-4abb-915e-a91bd090b2f3,null
b673caea-abd5-4277-920e-6d9ce63a704c,00000000-0000-0000-0000-000000000001,9c20c187-fe47-4647-a49b-6825e23b7920,2026-07-10,present,09:42:00,17:47:00,2026-07-10 04:13:03.964377+00,j576rsv5eqk29rbm8vrc6n9g458a8zhm,043a9725-54b7-4423-b1f7-1a702c2591e2,null
da6c6e43-5596-4278-87a0-d4b037e8aa13,00000000-0000-0000-0000-000000000001,1da9e75d-51ab-4a53-9fc5-222ba2c12524,2026-07-10,late,09:58:00,18:16:00,2026-07-10 04:28:29.62755+00,j5759m12ybm4zhv64pqx16ht598a848m,ea236450-f6e3-456a-bed8-5807ea48a94d,null
ec0f199b-9274-45f4-9b0e-ec3cd6f05582,00000000-0000-0000-0000-000000000001,509cadb2-fb85-403e-ab9a-43e9e7ec9555,2026-07-10,late,09:56:00,17:58:00,2026-07-10 04:26:31.212089+00,j57ar9yzxtmjh6z8th592r9zex8a9391,19fa2955-b98c-4bc8-8232-6d12e67ec05d,null
fd323cc2-6ed6-479c-92bf-d85c83e3df48,00000000-0000-0000-0000-000000000001,8a235718-7769-447f-ac47-d37aa798b932,2026-07-10,late,10:06:00,23:59:00,2026-07-10 04:36:53.957029+00,j577f8v0hta61hcztytjpv2k298a9exv,1a73b2e1-4a9d-4743-a3d3-31289c4a8977,null
235bba2e-8511-4c7d-86a0-c61f0e8bce9a,00000000-0000-0000-0000-000000000001,1da9e75d-51ab-4a53-9fc5-222ba2c12524,2026-07-11,late,10:09:00,21:24:00,2026-07-11 04:39:55.38678+00,j571zgzmpzb52ap0m8p5vafn1n8aaj26,1180e7b5-68a7-49c6-b94e-fdec37214051,null
288102a0-deaf-4854-bdfc-b364df83c2dc,00000000-0000-0000-0000-000000000001,f7dd430d-c6a9-43ea-98b1-be8e0ea84bf6,2026-07-11,present,09:40:00,23:59:00,2026-07-11 04:10:58.870524+00,j57bxtats72f2y1bqvw8yz4xb98abbgb,7f7e3270-0667-4bc6-9384-199047c41e01,null
42a03c71-083c-45de-93e7-e186b9ce7b0c,00000000-0000-0000-0000-000000000001,39523891-bab0-6a9f-129b-2f5b51ea3e37,2026-07-11,late,10:43:00,19:34:00,2026-07-11 05:13:59.476564+00,j57dy79vc3yt6q1k6q55kgyj418ab9tx,32f3f2d7-5578-491c-b7c8-9e2e0981bdfb,null
5460205a-8865-48b5-82f4-89c876a32aec,00000000-0000-0000-0000-000000000001,15b5f48a-0cb9-c73e-1c13-37fd5d8cb10b,2026-07-11,late,10:01:00,18:59:00,2026-07-11 04:31:37.738716+00,j57acd54kd1kbhjgf75f5jcbx98abvng,e32fa70e-6f0f-428e-b807-41ece15dec9e,null
5987eaf8-33cd-46ce-a202-58de1bfb7e4e,00000000-0000-0000-0000-000000000001,9c20c187-fe47-4647-a49b-6825e23b7920,2026-07-11,present,09:41:00,18:22:00,2026-07-11 04:11:18.377064+00,j57avagwmrgrs9w20tn8txpe2x8aapzr,4fbc002f-589c-4c32-a7a6-ea67c928547e,null
78b5fee8-6e87-4acf-89e1-0886b1a5c566,00000000-0000-0000-0000-000000000001,8a235718-7769-447f-ac47-d37aa798b932,2026-07-11,present,09:44:00,23:59:00,2026-07-11 04:14:59.018122+00,j571m5ggwz9dffw9v71tz6v48h8aayh0,e012d63e-e172-42a1-b8f8-c6e995481a2a,null
889a909e-ed80-4bd7-ba39-15ec5fb13abf,00000000-0000-0000-0000-000000000001,509cadb2-fb85-403e-ab9a-43e9e7ec9555,2026-07-11,late,09:51:00,18:11:00,2026-07-11 04:21:22.923305+00,j575zbjbs9aymn84k8z4bn1efs8aaars,f9bd27d2-da07-4121-8fff-3a37ef15ccfb,null
9bf7db6b-3ece-479c-b0c0-ab8ab24630d8,00000000-0000-0000-0000-000000000001,1876cd3b-9ca7-41aa-ae62-761a15d87153,2026-07-11,late,10:00:00,18:57:00,2026-07-11 04:30:50.715122+00,j57ez7shbp1hxyvmfn1z2q88v98abw3z,26eb960a-c0a4-41fd-bc2f-ee84b3cfee28,null
a86bb1ec-3cdb-4e9f-9bcb-a4e3e9ab15fa,00000000-0000-0000-0000-000000000001,fc505e28-6210-49c3-b873-e10e86ec7b92,2026-07-11,late,09:51:00,18:22:00,2026-07-11 04:21:41.964871+00,j57721kt8w0ctcepbd2derhm518aa545,051d6bc6-56ad-4c58-8857-03aac38099e9,null
b00f943d-fc2f-43fa-8d82-91dca95a4435,00000000-0000-0000-0000-000000000001,2ce16d52-adfd-418f-9ac1-b6f042e0fd22,2026-07-11,late,10:43:00,19:34:00,2026-07-11 05:13:35.592271+00,j574kr8x2027y6c4e1yqjydjxs8abjnx,c4af6acb-3654-4446-962d-152d38360f16,null
bb45351c-3ce5-4cdd-bfce-00015982cd52,00000000-0000-0000-0000-000000000001,d37b144f-0bcd-4941-b1cf-e594fa52bb72,2026-07-11,late,09:57:00,23:59:00,2026-07-11 04:27:14.376707+00,j57473p9gvbhtz710g1zt983ds8abqss,363421c8-c3b4-4b52-b8dd-e54612733a91,null
e557511a-a4fb-49e3-b2ac-36c0cf5036ea,00000000-0000-0000-0000-000000000001,3b4c72de-80d1-4df4-8fbf-1147100d54dc,2026-07-11,late,09:54:00,23:59:00,2026-07-11 04:24:14.779047+00,j57ezjnc6xp1nkr57c51ncy1n58aahj7,0f0816a1-6524-4388-aebd-733de696e4b6,null
4daa6c99-cffc-4435-9cc8-c30f6c09d413,00000000-0000-0000-0000-000000000001,1da9e75d-51ab-4a53-9fc5-222ba2c12524,2026-07-12,late,11:54:00,23:59:00,2026-07-12 06:24:59.017542+00,j57c55fk1cfc12478fhxhrg2dh8acs94,233c031b-45d7-4981-a313-f50c374887fe,null
10dc6ff3-38f8-4ad8-8b41-b52ad36f4190,00000000-0000-0000-0000-000000000001,9c20c187-fe47-4647-a49b-6825e23b7920,2026-07-13,present,09:43:00,17:39:00,2026-07-13 04:13:33.346603+00,j573rqrnvc023yzt9mweha7v8d8afjmx,a4009067-b1a7-48ad-91da-1a67c5f8e319,null
2a16ed63-a633-4090-90b5-4ecb24677c91,00000000-0000-0000-0000-000000000001,39523891-bab0-6a9f-129b-2f5b51ea3e37,2026-07-13,late,10:19:00,23:59:00,2026-07-13 04:50:06.029138+00,j57e45zpnaw6nf0eaf7txhkvzn8aetag,74d1e81d-09c9-489d-be6c-54c3b9d42741,null
47ccce14-0393-4f7c-a47a-7cf87a3339f6,00000000-0000-0000-0000-000000000001,d37b144f-0bcd-4941-b1cf-e594fa52bb72,2026-07-13,late,09:57:00,23:59:00,2026-07-13 04:27:53.98545+00,j572qctkds531x2md6cf7w1wfh8afmse,fcb5b043-8816-43d8-aaaa-25fa633ba491,null
4807ce46-9733-49bf-b171-09b2ca7063f2,00000000-0000-0000-0000-000000000001,1876cd3b-9ca7-41aa-ae62-761a15d87153,2026-07-13,late,10:14:00,18:41:00,2026-07-13 04:44:56.353343+00,j575wz8zxg2k5r969z3sfy61018aer2s,3027af75-c01b-4cb9-870b-b19b183d075f,null
54288c9f-8477-4102-93e8-05fb94f1b508,00000000-0000-0000-0000-000000000001,509cadb2-fb85-403e-ab9a-43e9e7ec9555,2026-07-13,late,09:49:00,18:07:00,2026-07-13 04:19:43.127751+00,j57fk5xga4yv7jyrd9g4mbdgh18aewy5,032c235c-ba0a-43e7-9088-995d8b774e0b,null
760ef428-87c2-46bf-82c0-615ffb93f29d,00000000-0000-0000-0000-000000000001,15b5f48a-0cb9-c73e-1c13-37fd5d8cb10b,2026-07-13,late,10:20:00,18:41:00,2026-07-13 04:50:16.993862+00,j57dv6m4c5wt3xjw6aaayjx1gh8af0te,89a37254-4438-4061-b38f-61785c45fbf4,null
b0afe32f-aae8-4cf6-a995-6fe572aa2c21,00000000-0000-0000-0000-000000000001,2ce16d52-adfd-418f-9ac1-b6f042e0fd22,2026-07-13,late,10:19:00,19:35:00,2026-07-13 04:49:22.299201+00,j57c8sh2gw366c2kd11c9tfzc58aek1y,d25b9a44-5491-446d-8451-837e65c5f30e,null
c6441983-918e-48c0-8a9a-705d9cb82556,00000000-0000-0000-0000-000000000001,fc505e28-6210-49c3-b873-e10e86ec7b92,2026-07-13,present,09:34:00,18:20:00,2026-07-13 04:04:41.488579+00,j574h647v0zp8c6seat9yrqr4s8ae1mw,794b4ba2-c25c-4f59-ab66-1d77346e9202,null
d079558e-4b47-4658-8fb3-94fe2872a0c3,00000000-0000-0000-0000-000000000001,1da9e75d-51ab-4a53-9fc5-222ba2c12524,2026-07-13,late,10:02:00,18:14:00,2026-07-13 04:32:55.92889+00,j57em76fenvpgabcsxqsq1ndfx8ae7wj,38163a92-3575-410b-8eb4-0fb8f9ca8fd7,null
df2ba64e-a1e5-4caa-a9e5-2470f9f10af1,00000000-0000-0000-0000-000000000001,8a235718-7769-447f-ac47-d37aa798b932,2026-07-13,late,10:15:00,23:59:00,2026-07-13 04:46:01.347662+00,j57dndm4dns0ec4tvf5qwqc4k98aeed9,c120d7b9-08f0-43fe-9784-78c6676eaf2c,null
e003bbbb-c5b8-40cc-90a9-c2b3170c2109,00000000-0000-0000-0000-000000000001,3b4c72de-80d1-4df4-8fbf-1147100d54dc,2026-07-13,late,10:12:00,23:59:00,2026-07-13 04:42:59.888866+00,j574csksj7nt9vpyecwfqftem58aeezy,d0eaeaaf-5114-4774-a4ab-a93d34d0f12c,null
11cffcc7-ed5d-435a-8d41-1a504fd7447c,00000000-0000-0000-0000-000000000001,39523891-bab0-6a9f-129b-2f5b51ea3e37,2026-07-14,late,10:25:00,19:07:00,2026-07-14 04:55:37.054409+00,j577hyaprdanre06ehz0qhe5nh8ah0zn,fc763611-93e8-4671-8499-8b126a7f40de,null
2d757736-51af-4d8f-b469-f06573fa51b6,00000000-0000-0000-0000-000000000001,509cadb2-fb85-403e-ab9a-43e9e7ec9555,2026-07-14,late,09:53:00,18:03:00,2026-07-14 04:22:51.349387+00,j5794wb9tcq3w90jgva5tbzw5n8ahht4,faea0251-22ab-47fd-80bb-bda19cc153c6,null
4db13966-2c52-47eb-b769-3ba04692eb76,00000000-0000-0000-0000-000000000001,3b4c72de-80d1-4df4-8fbf-1147100d54dc,2026-07-14,late,10:06:00,23:59:00,2026-07-14 04:36:45.485578+00,j579csvjx740dybazm40wty67x8ahrwr,d61b069d-a84b-49a2-9680-68acaea02442,null
586e5409-8eda-4d02-8ebf-1718ec1b1060,00000000-0000-0000-0000-000000000001,1876cd3b-9ca7-41aa-ae62-761a15d87153,2026-07-14,late,10:37:00,19:07:00,2026-07-14 05:07:53.430218+00,j57dygmpeg2vdfq6vvzxp4032n8agge4,4680b206-3388-4559-bed9-c39211004233,null
5b1cd46d-9804-49de-8101-8b9eeb1c6084,00000000-0000-0000-0000-000000000001,9c20c187-fe47-4647-a49b-6825e23b7920,2026-07-14,late,09:57:00,23:59:00,2026-07-14 04:27:18.016107+00,j57b50p2sb8a7cymyyay4y0gm18ag9r6,c586420e-13ee-4e37-88f4-b4dea8b0f3ee,null
8b7511f9-cbf4-4e6f-91e9-a966fc13bedd,00000000-0000-0000-0000-000000000001,fc505e28-6210-49c3-b873-e10e86ec7b92,2026-07-14,late,09:57:00,18:07:00,2026-07-14 04:27:30.276328+00,j57chy7wsse408y5cs4wprtn0d8ag6m6,9f0bcdd4-c630-467c-8f69-b347c360e62f,null
9eab78ca-7765-4c61-84ff-28e607f36ac1,00000000-0000-0000-0000-000000000001,2ce16d52-adfd-418f-9ac1-b6f042e0fd22,2026-07-14,late,10:25:00,19:07:00,2026-07-14 04:55:37.806544+00,j579drqkj9kkmwpzq640bftymn8ahkjq,dc13bd4b-dd15-46fc-beab-a158aacab191,null
a8a07d63-7bfc-424b-9aee-2880e82df3c2,00000000-0000-0000-0000-000000000001,f7dd430d-c6a9-43ea-98b1-be8e0ea84bf6,2026-07-14,late,10:25:00,23:59:00,2026-07-14 04:55:52.410737+00,j578tfm5p52frz9tqg7yacvv2h8agg8v,cd1c1efa-4304-4fe1-a2d2-37417ed1ef94,null
bc31f585-0dc6-4b06-87bf-96e088bba5f7,00000000-0000-0000-0000-000000000001,1da9e75d-51ab-4a53-9fc5-222ba2c12524,2026-07-14,late,10:10:00,19:34:00,2026-07-14 04:41:00.906601+00,j5705wfh4sb3h837hjap40ns7h8ahw5k,55c6ad3e-3645-459a-9da7-926c63f65ff7,null
dd413774-5c8f-43e8-b838-dcd1a0a8d3fd,00000000-0000-0000-0000-000000000001,d37b144f-0bcd-4941-b1cf-e594fa52bb72,2026-07-14,late,10:06:00,23:59:00,2026-07-14 04:36:29.888176+00,j57dee6r98epx9fqhrtbt8t8x98ag0r0,2cda969c-7f0d-4c4a-b4d6-b419ec78cefb,null
fc5009da-40fa-4cfd-91a8-5de43690d309,00000000-0000-0000-0000-000000000001,15b5f48a-0cb9-c73e-1c13-37fd5d8cb10b,2026-07-14,late,10:37:00,19:06:00,2026-07-14 05:07:48.022876+00,j5716gwh1zrnpaxtyjgc0jsgk98agsv8,041e8b70-8677-4969-b465-f3410777b9eb,null
ff7771ac-9c91-4704-9b4c-f4f70e03a62c,00000000-0000-0000-0000-000000000001,8a235718-7769-447f-ac47-d37aa798b932,2026-07-14,late,10:33:00,23:59:00,2026-07-14 05:03:34.931454+00,j570tcb3b8rx12k5pcrfh7jxgx8ag7tq,30c0d00d-6bc8-4540-9063-70308fdaf2a2,null
0a6e9986-faac-42cd-9df3-f29b7f566595,00000000-0000-0000-0000-000000000001,f7dd430d-c6a9-43ea-98b1-be8e0ea84bf6,2026-07-15,late,09:55:00,23:59:00,2026-07-15 04:25:11.073167+00,j57dftx6b5fbn88bh70wn928td8ajc52,e2739848-389d-4500-9ae5-5f0e75e4348b,null
0f54539d-6e0b-456b-98ab-c5becd9bc56e,00000000-0000-0000-0000-000000000001,39523891-bab0-6a9f-129b-2f5b51ea3e37,2026-07-15,late,10:39:00,19:13:00,2026-07-15 05:10:04.701924+00,j57bvy4c21qj18egmew8m90brs8aj0sn,8b4915f4-8905-4ef2-ac1f-6da5e290b083,null
33cbd2b6-3dbf-4181-9535-df1aada827c0,00000000-0000-0000-0000-000000000001,2ce16d52-adfd-418f-9ac1-b6f042e0fd22,2026-07-15,late,10:39:00,19:12:00,2026-07-15 05:09:58.385911+00,j573wm8ge9gp1qdh7d43jceach8ajmz8,a9671f50-21c0-45c1-b6e9-1ad0ee6a8dca,null
8b122fb5-d0c9-43d9-91f3-cf1a3d8e6325,00000000-0000-0000-0000-000000000001,8a235718-7769-447f-ac47-d37aa798b932,2026-07-15,late,10:01:00,23:59:00,2026-07-15 04:31:45.211447+00,j576n4x1rsz0zwtevc9scee9198ak6pb,10cc6317-45ee-4e82-85a8-ccb0ad67091d,null
8c997b32-2218-4875-9218-656b6a033b50,00000000-0000-0000-0000-000000000001,509cadb2-fb85-403e-ab9a-43e9e7ec9555,2026-07-15,late,09:46:00,19:05:00,2026-07-15 04:16:22.524978+00,j577rehd1pccgn332v2aw74se18ak369,f7be7c62-6a63-4a92-b29a-aaa7ac478b89,null
a897a99e-7833-44fd-905c-a04e4f6be356,00000000-0000-0000-0000-000000000001,9c20c187-fe47-4647-a49b-6825e23b7920,2026-07-15,late,10:09:00,23:59:00,2026-07-15 04:39:43.086663+00,j5792wxfxb68zd13rc0309d6ax8akf3g,4d4480ba-18b2-49df-be08-6abc943bcd95,null
b48006d4-8226-421e-99d6-83f91b4b792c,00000000-0000-0000-0000-000000000001,d37b144f-0bcd-4941-b1cf-e594fa52bb72,2026-07-15,late,10:02:00,23:59:00,2026-07-15 04:33:03.720116+00,j57fvkbrr66w054nbpepmzjyqh8akkcb,c575f47c-7b69-4c34-a908-6252c07c9b36,null
be421946-cf17-438c-8772-fae3a2d5554e,00000000-0000-0000-0000-000000000001,3b4c72de-80d1-4df4-8fbf-1147100d54dc,2026-07-15,late,10:02:00,23:59:00,2026-07-15 04:32:37.601479+00,j574py976ntefmk6dq8c5rpzfd8akhk5,d1d28937-9c53-4cbf-bada-4d942ab6ff74,null
dd3319ea-6e21-4897-8e91-4909c33788a8,00000000-0000-0000-0000-000000000001,fc505e28-6210-49c3-b873-e10e86ec7b92,2026-07-15,late,09:52:00,19:02:00,2026-07-15 04:22:22.224282+00,j575x7459qm0n6netc55qyhh7d8ajz53,e96d1fff-aa3b-4368-a184-80fd92a264f5,null
dea9d19c-94cd-434c-baa7-505e4cd73362,00000000-0000-0000-0000-000000000001,1da9e75d-51ab-4a53-9fc5-222ba2c12524,2026-07-15,present,09:32:00,23:59:00,2026-07-15 04:02:44.694305+00,j57fc8d8tz2nr4sndwdgy503ks8aj9dq,ffdd8780-f87c-416e-b347-030429898982,null
e41e0668-f624-4772-89ac-ee69db91ac59,00000000-0000-0000-0000-000000000001,1876cd3b-9ca7-41aa-ae62-761a15d87153,2026-07-15,late,09:58:00,18:45:00,2026-07-15 04:29:04.496301+00,j5727mz1y63sc1wmzn4aqfm7ms8ajcx7,7647ab11-f3a7-4b94-85ae-33baeffd5195,null
f50be6b0-5719-4c90-bf96-8c41951b62d2,00000000-0000-0000-0000-000000000001,15b5f48a-0cb9-c73e-1c13-37fd5d8cb10b,2026-07-15,late,09:59:00,18:01:00,2026-07-15 04:30:04.349402+00,j573kakk2bh73w0fpyg2sdexm58ajj5x,cca5b876-4a19-4368-9425-24abb3e5a486,null
2f78107f-81ae-42ed-8082-fa4e4cc5676b,00000000-0000-0000-0000-000000000001,39523891-bab0-6a9f-129b-2f5b51ea3e37,2026-07-16,late,10:36:00,23:59:00,2026-07-16 05:06:13.624004+00,j570dtx5bs0d28srkzwfxcj9m98amts4,526a3416-2c7b-40cc-b2d8-adc9b0af5082,null
78c525e8-e814-43a9-b92d-6963f994fe8c,00000000-0000-0000-0000-000000000001,2ce16d52-adfd-418f-9ac1-b6f042e0fd22,2026-07-16,late,10:36:00,19:06:00,2026-07-16 05:06:18.652546+00,j57d78jcqkmm9pemkhex0p7a9h8an1v1,9003d1cb-855a-44ca-be3e-51f146e9e986,null
9c25a4f2-30ab-4873-b1f6-c8fdf3188477,00000000-0000-0000-0000-000000000001,1da9e75d-51ab-4a53-9fc5-222ba2c12524,2026-07-16,late,10:23:00,18:33:00,2026-07-16 04:53:53.038887+00,j574a2e4xa1fbn0v7vyg2xete58amdyt,03d4357c-5a01-4ea2-919c-99c76151be8b,null
aed18c9a-dc01-4f9d-915a-bd3a71002d1c,00000000-0000-0000-0000-000000000001,3b4c72de-80d1-4df4-8fbf-1147100d54dc,2026-07-16,late,10:15:00,23:59:00,2026-07-16 04:45:56.742662+00,j57617zpgh4e0hf00s05x6n8vs8amrrn,b34fd511-a330-4482-92c9-cf5fb0949bfa,null
b09bd102-2927-469d-8359-ad6838d0b6ed,00000000-0000-0000-0000-000000000001,15b5f48a-0cb9-c73e-1c13-37fd5d8cb10b,2026-07-16,late,09:54:00,18:47:00,2026-07-16 05:00:47.184268+00,j576dppzmpnv2wxcdc9qq1m6c18amz91,78cfae91-e17d-4e55-bd4a-cbe6d4bd800d,null
ce695199-c6c4-437f-8ce3-de381f39896a,00000000-0000-0000-0000-000000000001,d37b144f-0bcd-4941-b1cf-e594fa52bb72,2026-07-16,late,10:15:00,23:59:00,2026-07-16 04:45:38.71936+00,j57dsafjrg8av1zhe3f2f7x8q18anfee,1a888dc7-c2de-42fa-9ca4-3e0994b9e2b3,null
e2c477ca-99f9-48bf-b646-758d66ea03f4,00000000-0000-0000-0000-000000000001,9c20c187-fe47-4647-a49b-6825e23b7920,2026-07-16,present,09:36:00,17:36:00,2026-07-16 04:06:57.338573+00,j573p7dg2zj4qtnzqqdkbnj5pd8amtrt,8615dfee-2d9a-48dd-8331-8ea9917c4da0,null
e72e8167-5e90-4c1c-8b3c-e73bb8e82ceb,00000000-0000-0000-0000-000000000001,509cadb2-fb85-403e-ab9a-43e9e7ec9555,2026-07-16,late,09:51:00,18:01:00,2026-07-16 04:20:55.593796+00,j572expheq3tmexf40sad8erx98amwqz,6f564f6c-03b8-4f49-a10f-cd9f9dedadc4,null
f231ff15-67e4-43e8-b2dc-17ff2e450449,00000000-0000-0000-0000-000000000001,fc505e28-6210-49c3-b873-e10e86ec7b92,2026-07-16,late,09:53:00,23:59:00,2026-07-16 04:23:02.728037+00,j57fr20hgyz2rd6e6v8p4mqxhn8an9n5,ead36bf8-3dc0-407b-a37b-9eb39f42a356,null
f4e66a63-dff8-4ed8-b7e7-9092145c6564,00000000-0000-0000-0000-000000000001,f7dd430d-c6a9-43ea-98b1-be8e0ea84bf6,2026-07-16,late,09:59:00,23:59:00,2026-07-16 04:30:08.807023+00,j578y963nrwsk92xkx0ceatn858amdvj,7231b8b0-5240-4fb2-bf19-930fb9876d01,null
fa3bfbd8-2c59-4cbc-9251-ef0023402a8e,00000000-0000-0000-0000-000000000001,8a235718-7769-447f-ac47-d37aa798b932,2026-07-16,late,09:54:00,23:59:00,2026-07-16 04:24:13.392011+00,j57dzqnpyh2w1rbb5memd92bjh8an97g,d0867302-51f0-40e6-8ce8-170b4e3e80aa,null
faf50491-09f9-49ea-be8e-1f7395cf0e97,00000000-0000-0000-0000-000000000001,1876cd3b-9ca7-41aa-ae62-761a15d87153,2026-07-16,late,10:04:00,18:45:00,2026-07-16 04:34:22.07278+00,j57bdd2bh9bbqzg2rb1eyj7nbn8amdgc,76bccbe3-1641-4de7-b6a4-7363f46ea9b7,null
16eb53a8-8db5-4502-8f9b-870574d4c76f,00000000-0000-0000-0000-000000000001,d37b144f-0bcd-4941-b1cf-e594fa52bb72,2026-07-17,late,10:03:00,23:59:00,2026-07-17 04:33:56.519705+00,j576438wwnhync37gmzzzrbhxx8aqcns,b159b67c-9071-439b-9d21-6062616f4157,null
20314a5f-b2d5-4aed-9b38-66041e756206,00000000-0000-0000-0000-000000000001,2ce16d52-adfd-418f-9ac1-b6f042e0fd22,2026-07-17,late,10:39:00,18:39:00,2026-07-17 05:09:55.999434+00,j57b5r9d378526n1p3pdvsbra18aqd88,34e9c328-45e6-4a39-b019-8c4cd0856108,null
74193611-37cf-47b0-8435-b540f16039ea,00000000-0000-0000-0000-000000000001,509cadb2-fb85-403e-ab9a-43e9e7ec9555,2026-07-17,late,09:56:00,18:09:00,2026-07-17 04:26:20.035666+00,j573bjxa3hx48e4g4ce195pcyn8aqm6d,20468118-43d8-4647-9263-6ef51a585108,null
7760a0b0-4731-4139-a8ea-1954d5eba7b0,00000000-0000-0000-0000-000000000001,fc505e28-6210-49c3-b873-e10e86ec7b92,2026-07-17,late,09:56:00,18:13:00,2026-07-17 04:25:51.395603+00,j57e4a44x4jd8m03jks3bb9bm18aqkx0,010a5c6f-b93f-4e2c-969e-752882a89f84,null
78b3ff2a-6431-43b9-b424-6c09dea9feae,00000000-0000-0000-0000-000000000001,9c20c187-fe47-4647-a49b-6825e23b7920,2026-07-17,present,09:44:00,17:41:00,2026-07-17 04:14:33.164262+00,j5702zp3gre135e1n0nm6jj85n8aqyjk,6ff84d12-84cd-4789-bf88-847b97d5d914,null
87c54ea5-fc55-4640-8a86-1d4b72322a09,00000000-0000-0000-0000-000000000001,1da9e75d-51ab-4a53-9fc5-222ba2c12524,2026-07-17,late,10:01:00,18:13:00,2026-07-17 04:31:16.148756+00,j57f0myscnckx33a7n9h3ks6pd8apcey,5c757488-8f7f-44d5-b92c-421a3f4e9986,null
8c44a2a3-eac3-4188-bc74-2be6130ca53a,00000000-0000-0000-0000-000000000001,f7dd430d-c6a9-43ea-98b1-be8e0ea84bf6,2026-07-17,late,10:42:00,23:59:00,2026-07-17 05:12:58.765203+00,j57f8fb60sgzy37n6d312qhg4d8ap4yx,9598ce9b-befc-4513-b0cd-0a6560e54730,null
9c2fb8ee-de49-49f9-9c35-361128b865a9,00000000-0000-0000-0000-000000000001,39523891-bab0-6a9f-129b-2f5b51ea3e37,2026-07-17,late,10:39:00,18:40:00,2026-07-17 05:10:04.146545+00,j57012dvpyr83sdaa3pj649ngd8aqfkd,1b2ee318-cd6f-4752-9f44-d9af2c2cc858,null
a0dc9b48-ba78-496d-8426-93c1fbb3f20d,00000000-0000-0000-0000-000000000001,1876cd3b-9ca7-41aa-ae62-761a15d87153,2026-07-17,late,10:01:00,18:36:00,2026-07-17 04:31:56.73727+00,j570c28ty23tp33v1c4me14pnn8apkjt,79460b89-e9a7-4aad-ae65-7d8fe2420a4c,null
c57e42f6-9407-4985-8a12-581a844d0824,00000000-0000-0000-0000-000000000001,3b4c72de-80d1-4df4-8fbf-1147100d54dc,2026-07-17,late,10:04:00,23:59:00,2026-07-17 04:34:17.053904+00,j579fvv2fj7gs88h6sqgbnt7tn8apa44,d5c75c3a-b2d3-48bf-8bd8-60d704242d08,null
e40f48d0-e6ef-4f06-b288-68b76228c910,00000000-0000-0000-0000-000000000001,8a235718-7769-447f-ac47-d37aa798b932,2026-07-17,late,09:58:00,23:59:00,2026-07-17 04:28:17.49918+00,j5726v0wjarskrv5e0srq3k2xs8aqdda,8b1cda92-a15b-4500-ad31-11e08a7f7697,null
3b3b6432-86c6-4119-a2e5-8027055642d5,00000000-0000-0000-0000-000000000001,d37b144f-0bcd-4941-b1cf-e594fa52bb72,2026-07-18,late,10:07:00,23:59:00,2026-07-18 04:37:26.953174+00,j572t0fgrkc6xw15j1nc4mrhkn8asnej,b208d3ee-c377-41a4-8596-5e5b6db6c0e9,null
50a39791-ef77-47f1-8a16-3e03a61a7fda,00000000-0000-0000-0000-000000000001,fc505e28-6210-49c3-b873-e10e86ec7b92,2026-07-18,late,09:54:00,18:27:00,2026-07-18 04:23:50.767727+00,j579pg83d1vb6v91wwmp7hkdgh8ar0r8,ba75b56b-0ba0-46fe-bed4-d96b100bfa98,null
5172da58-1079-4ad9-911d-944f05a63143,00000000-0000-0000-0000-000000000001,3b4c72de-80d1-4df4-8fbf-1147100d54dc,2026-07-18,late,10:03:00,23:59:00,2026-07-18 04:33:34.5706+00,j577879jgqnjgk7f1skgmqycdn8as206,be50c174-e469-47c3-89bd-e692d74e226b,null
5f8f88a8-5927-4bc3-9d0b-d3671298760f,00000000-0000-0000-0000-000000000001,9c20c187-fe47-4647-a49b-6825e23b7920,2026-07-18,present,09:31:00,17:31:00,2026-07-18 04:01:52.219881+00,j57c1e9gfw1r39797yz594asrx8ar5me,ceb96bd3-9b8f-422d-8786-a0d871b05efb,null
7cfb7d3d-21a5-45b4-a7c2-395e928d2e9a,00000000-0000-0000-0000-000000000001,1876cd3b-9ca7-41aa-ae62-761a15d87153,2026-07-18,present,09:30:00,18:07:00,2026-07-18 04:00:21.584274+00,j57er27yce78csy9tr2bchvxs98as4gn,7cd38cfd-0eae-46fa-bf95-c08f0e8690bb,null
c1736cdd-4720-4043-81e6-17160ca5d136,00000000-0000-0000-0000-000000000001,1da9e75d-51ab-4a53-9fc5-222ba2c12524,2026-07-18,late,09:47:00,18:26:00,2026-07-18 04:17:51.371356+00,j57cktbe4h0bem2jpg5v9jv6r98ar7mm,1a560031-1706-4116-b400-590b95b1a535,null
d00ceea9-fc9e-4b84-9de3-da61a3edd2d8,00000000-0000-0000-0000-000000000001,2ce16d52-adfd-418f-9ac1-b6f042e0fd22,2026-07-18,late,10:41:00,23:59:00,2026-07-18 05:12:13.229933+00,j5753m9gb173ea7d0cexqf4h5x8as5kz,60a82ae0-0e52-441b-bc01-bf9447fa688a,null
d4e462fb-3e1c-4202-a809-a9e9f586f586,00000000-0000-0000-0000-000000000001,8a235718-7769-447f-ac47-d37aa798b932,2026-07-18,late,09:52:00,23:59:00,2026-07-18 04:22:58.729331+00,j57bgh22dxkac73wc1yrejz6k58arphm,fd273af2-d91a-47c9-baa4-a8ca2e36795b,null
dd9e68d6-271d-44a8-9283-3e5b958f75bd,00000000-0000-0000-0000-000000000001,39523891-bab0-6a9f-129b-2f5b51ea3e37,2026-07-18,late,10:41:00,23:59:00,2026-07-18 05:11:52.716397+00,j571b06bafpgv91jzx0m6tyr7d8arqrv,c8fce332-720f-4efe-abf2-7f0831f9c4b1,null
f2e146d7-a31a-4641-a328-d8a8950285c4,00000000-0000-0000-0000-000000000001,f7dd430d-c6a9-43ea-98b1-be8e0ea84bf6,2026-07-18,late,10:26:00,23:59:00,2026-07-18 04:56:20.990268+00,j577yjayk2vbxq4wddvvhhd2nd8arceg,15d7b6c1-153e-402d-8b6c-fce3edee684c,null
7c44e114-025c-4f2d-86ca-07d55ef12156,00000000-0000-0000-0000-000000000001,1da9e75d-51ab-4a53-9fc5-222ba2c12524,2026-07-19,late,10:18:00,19:08:00,2026-07-19 04:48:48.771872+00,j571vyhaqnp5qh77sq6rxta61n8avc7b,4e3faab1-78b0-4b1a-ab28-30639161251f,null
20bc1206-4be2-4008-8d18-60d8e1dbeb22,00000000-0000-0000-0000-000000000001,2ce16d52-adfd-418f-9ac1-b6f042e0fd22,2026-07-20,late,10:42:00,23:59:00,2026-07-20 05:13:07.952635+00,j5779qg27fhsgkd4xg2rhar3ph8axcsf,f8270156-a47e-4a81-aa2e-26f0ac0c3c6c,null
4e5fce89-032c-4985-a7eb-6f8aac3b34cc,00000000-0000-0000-0000-000000000001,9c20c187-fe47-4647-a49b-6825e23b7920,2026-07-20,late,10:11:00,18:16:00,2026-07-20 04:41:10.166499+00,j57c4h7kh4jptv3dr8f34vy7cn8awxr5,0617fd97-1e7c-4132-bd96-146fdd5474b0,null
7eb7f692-f937-4d31-81c9-e3ba69c5301a,00000000-0000-0000-0000-000000000001,39523891-bab0-6a9f-129b-2f5b51ea3e37,2026-07-20,late,10:44:00,23:59:00,2026-07-20 05:14:09.131799+00,j57470vs28ad49wq1xjqj2pyz58ax844,6fbbf35f-f84c-485c-b8cd-5ba673ae573c,null
7ff90523-0ad8-4396-8a6f-c35d273ecc1a,00000000-0000-0000-0000-000000000001,1876cd3b-9ca7-41aa-ae62-761a15d87153,2026-07-20,late,10:06:00,18:33:00,2026-07-20 04:36:23.586866+00,j572a3xr9aw1ngffqns2hw3r6x8ax2wb,1d705380-c75c-4eb2-8bb5-0940be9cdb7a,null
8ac00156-1ee0-400d-b2cb-2d3d02237b7e,00000000-0000-0000-0000-000000000001,509cadb2-fb85-403e-ab9a-43e9e7ec9555,2026-07-20,late,10:00:00,18:01:00,2026-07-20 04:30:06.990329+00,j574vycjchz1jega2agz4hrf3d8aw2jh,21ad741a-25d1-4c1e-98b1-72fad96992f3,null
a80808d3-06f3-4ce9-afbb-8f4d41ad7a57,00000000-0000-0000-0000-000000000001,1da9e75d-51ab-4a53-9fc5-222ba2c12524,2026-07-20,late,10:10:00,19:56:00,2026-07-20 04:41:09.919324+00,j57619w1b3gmee30x18mypnyb98awxsz,6c09e704-a3a5-41b8-ab95-8bfddf1e79fc,null
b52a57d4-087d-4687-b55d-1278d3b0884c,00000000-0000-0000-0000-000000000001,15b5f48a-0cb9-c73e-1c13-37fd5d8cb10b,2026-07-20,late,10:05:00,18:31:00,2026-07-20 04:35:42.544479+00,j5793htge3fpa8msg0mjfscx4x8awvb2,fd9807f1-0d47-4412-b178-754b4e9e6c83,null
ba2f254f-88d3-471b-a0ef-0e60f38c6c8b,00000000-0000-0000-0000-000000000001,8a235718-7769-447f-ac47-d37aa798b932,2026-07-20,late,10:13:00,23:59:00,2026-07-20 04:43:21.859605+00,j5727xznmr23ges9f1m3zdym698aw3gd,f7145c98-5ee9-4b47-a9e4-c8b3bd7957b8,null
caa843e3-3384-4788-a37d-5fbdffd712fb,00000000-0000-0000-0000-000000000001,fc505e28-6210-49c3-b873-e10e86ec7b92,2026-07-20,late,10:00:00,18:32:00,2026-07-20 05:05:59.641277+00,j577fqp4v6qw7tmhsy5apen4v18awxh9,46ae30e2-11f4-4797-97b8-6b193e7ec2c2,null
d505b6ca-4d76-49aa-920a-3ddf6b504651,00000000-0000-0000-0000-000000000001,f7dd430d-c6a9-43ea-98b1-be8e0ea84bf6,2026-07-20,late,10:10:00,23:59:00,2026-07-20 04:40:54.380084+00,j57941tp1kp2h6tqbf6gyqw3fs8awxct,d4eb3914-0cad-4919-9b67-8829d9aa7602,null
dcbbb8e5-ebb6-417e-b468-2c673e871728,00000000-0000-0000-0000-000000000001,d37b144f-0bcd-4941-b1cf-e594fa52bb72,2026-07-20,late,10:15:00,23:59:00,2026-07-20 04:46:00.643143+00,j57e1c2bdf7fqk4m8r9syyfqph8awt78,9a4268d5-8c95-4e21-8317-32ff6587365c,null
fd790d2d-1c52-4fd8-bdb8-b8cc9e9fe724,00000000-0000-0000-0000-000000000001,3b4c72de-80d1-4df4-8fbf-1147100d54dc,2026-07-20,late,10:15:00,23:59:00,2026-07-20 04:45:44.324928+00,j576heqr399qm66xptx8w6gaes8awtzk,003fa7d2-51fa-4b1e-93b6-b28a3107267c,null
6efb3cc6-42e4-45cd-92ad-c1929e356c5d,00000000-0000-0000-0000-000000000001,d37b144f-0bcd-4941-b1cf-e594fa52bb72,2026-07-21,late,10:05:00,23:59:00,2026-07-21 04:35:33.778011+00,j574zseqdsm8359gjqzzfpc9e58ayrve,950fefb5-3447-40c8-a8d7-faca659e4677,null
726d118c-64e5-43ac-8e2c-1f0eb5fdd4d1,00000000-0000-0000-0000-000000000001,509cadb2-fb85-403e-ab9a-43e9e7ec9555,2026-07-21,late,09:50:00,18:00:00,2026-07-21 04:20:16.28262+00,j5775j0p6snnm2pg5y1wc1sran8ay3y2,37c2700f-568a-4350-9449-75f935adbb44,null
97f105e9-9f09-4734-a000-3ebc45be79a0,00000000-0000-0000-0000-000000000001,8a235718-7769-447f-ac47-d37aa798b932,2026-07-21,late,09:54:00,23:59:00,2026-07-21 04:24:52.907937+00,j5737c5v8qwz04ve40ktbxhf658ayvce,7ec04cf3-9a0b-4c69-a5b7-9e6d7e8ac0c0,null
a02b78c5-7318-4f4d-b7fe-b1de3725a4c1,00000000-0000-0000-0000-000000000001,1da9e75d-51ab-4a53-9fc5-222ba2c12524,2026-07-21,late,10:12:00,23:59:00,2026-07-21 04:42:17.838028+00,j57d9fdcjktqe4v7agcybzne4n8aze5e,b6e37244-e4db-47c1-810b-8f750d632297,null
a8f3a4bc-9221-413c-9ad7-4680e7d5aaa1,00000000-0000-0000-0000-000000000001,9c20c187-fe47-4647-a49b-6825e23b7920,2026-07-21,present,09:11:00,17:30:00,2026-07-21 03:42:01.496413+00,j57dd2x2r93fvhwzac68nrdajs8aynk5,3276de4a-de2a-4e3c-a6c0-4f5e34878455,null
ba4dc532-ca6d-4ebd-a2f4-ac30c12419d6,00000000-0000-0000-0000-000000000001,39523891-bab0-6a9f-129b-2f5b51ea3e37,2026-07-21,late,10:40:00,18:52:00,2026-07-21 05:10:14.80649+00,j574g271h01tg15mfk1atspkth8azwnq,4eb7a71c-62c6-4baf-b718-f0e7253f8de6,null
c1e75ec8-fa12-4eaa-a7fd-d2079a39b765,00000000-0000-0000-0000-000000000001,f7dd430d-c6a9-43ea-98b1-be8e0ea84bf6,2026-07-21,late,10:06:00,23:59:00,2026-07-21 04:36:40.868471+00,j574adwf6ry4dzmz1ffqcx791s8ay2b4,66ba6339-7be3-49ff-af95-9cbe04e2069b,null
c2cf98e2-3832-49f8-8a90-4e29a5d77b76,00000000-0000-0000-0000-000000000001,3b4c72de-80d1-4df4-8fbf-1147100d54dc,2026-07-21,late,10:03:00,23:59:00,2026-07-21 04:33:16.3414+00,j57beq5rjnzhp8pcfwcc0nsetx8ayyeh,29c8c626-fe29-4bb1-85f2-80da931d0f75,null
df974ff9-d36a-48db-812b-28c16aefbbbe,00000000-0000-0000-0000-000000000001,15b5f48a-0cb9-c73e-1c13-37fd5d8cb10b,2026-07-21,late,10:11:00,18:36:00,2026-07-21 04:42:05.406621+00,j576xsc748xfrfb05h772vse158ayfma,eceeca00-51a9-4662-b05a-12a9e8c0a2bd,null
e9db203b-9921-46b3-8c26-ad536528c00d,00000000-0000-0000-0000-000000000001,2ce16d52-adfd-418f-9ac1-b6f042e0fd22,2026-07-21,late,10:39:00,18:52:00,2026-07-21 05:10:25.699556+00,j578395y3zpbg2aaezxcdzz13d8ay2a0,90873c82-8bc3-4c71-9eda-e23c61f74c37,null
fabe4923-1c6a-482b-8488-6b00f925c7bc,00000000-0000-0000-0000-000000000001,1876cd3b-9ca7-41aa-ae62-761a15d87153,2026-07-21,late,10:10:00,18:36:00,2026-07-21 04:41:04.018053+00,j57bz7p0de2n5xqyf9se0azsks8azfyz,5f5c55fd-d625-4f11-8ada-ea587f8c3365,null
0cd09473-326c-4bc1-a5bf-e829c5867a47,00000000-0000-0000-0000-000000000001,509cadb2-fb85-403e-ab9a-43e9e7ec9555,2026-07-22,late,10:03:00,18:04:00,2026-07-22 04:33:23.459851+00,j574nb9r20467tesrhsgme3s9n8b12gk,4d0b608c-7d8d-4401-96c4-56bcb9537361,null
2efde66b-2245-4e9f-beb6-dfadcfbf1201,00000000-0000-0000-0000-000000000001,3b4c72de-80d1-4df4-8fbf-1147100d54dc,2026-07-22,late,17:19:00,23:59:00,2026-07-22 11:49:32.895092+00,j579ak13xqq5x17yxhgdhep8z58b0fbc,4386c3c5-fca9-4d65-90dd-686bc3503b6e,null
392b57c3-7702-46f4-995e-0c183d111068,00000000-0000-0000-0000-000000000001,1876cd3b-9ca7-41aa-ae62-761a15d87153,2026-07-22,late,10:06:00,18:31:00,2026-07-22 04:36:13.479536+00,j577emhhs2pg80j7wc0hea33ah8b0xcr,06a12c91-c234-4ca5-b728-7f4c039fcd58,null
638fd1af-f597-40c2-a429-596dc4aade51,00000000-0000-0000-0000-000000000001,fc505e28-6210-49c3-b873-e10e86ec7b92,2026-07-22,present,09:33:00,18:38:00,2026-07-22 04:03:05.988504+00,j57b7p1hcv79jpag34my90ezy98b12fz,2fb9fc1b-97da-4b0f-b17f-beb206254ec0,null
692fc408-8229-42ad-8ee6-3aabc1ce52b3,00000000-0000-0000-0000-000000000001,9c20c187-fe47-4647-a49b-6825e23b7920,2026-07-22,late,09:52:00,23:59:00,2026-07-22 04:22:18.624778+00,j5747eft0hgqtprs4nsbyx5rwx8b154a,d86d4373-96f4-493a-8389-368a6e7f1fd8,null
7c670649-b08a-4a2e-af06-bd0328f9bd00,00000000-0000-0000-0000-000000000001,f7dd430d-c6a9-43ea-98b1-be8e0ea84bf6,2026-07-22,late,10:19:00,23:59:00,2026-07-22 04:49:52.702356+00,j57epa3xz6gfncep7wfr0f3emd8b1d3z,b14fe162-5d9c-4658-9065-5df28a0e3f7a,null
847feccc-a2b6-459e-bff6-772107f33115,00000000-0000-0000-0000-000000000001,1da9e75d-51ab-4a53-9fc5-222ba2c12524,2026-07-22,late,10:15:00,23:59:00,2026-07-22 04:45:12.722077+00,j577q9ffmpp5zvyxp9zdjg76k98b0cvw,fae76f86-0579-40e8-bc9c-456e22d071d0,null
87f0e3a1-d38d-4aed-9476-03938a80ffe1,00000000-0000-0000-0000-000000000001,15b5f48a-0cb9-c73e-1c13-37fd5d8cb10b,2026-07-22,late,10:07:00,18:31:00,2026-07-22 04:37:21.162291+00,j5785wt16tgw4h1m90n7mratsh8b06da,fe3a14be-9cb4-4773-8b9e-320ceae91fbf,null
961ddf31-4ef9-4e1f-86f8-27ea5b88be41,00000000-0000-0000-0000-000000000001,d37b144f-0bcd-4941-b1cf-e594fa52bb72,2026-07-22,late,10:16:00,23:59:00,2026-07-22 04:46:30.026991+00,j57d3c18137jcq4kameffmhzv98b1hwv,c70f8bf0-b7a7-4ed6-83b4-272e42db9d22,null
cd081f0f-97af-40a9-96e0-38a72570d480,00000000-0000-0000-0000-000000000001,39523891-bab0-6a9f-129b-2f5b51ea3e37,2026-07-22,late,10:37:00,18:55:00,2026-07-22 05:07:48.896014+00,j57412f268hys1rrcm4bnyb3x18b1nb0,e1d36e06-135d-4e1e-82fc-cd9dcacb37e1,null
ce6887de-e629-4cec-a550-932982765f9f,00000000-0000-0000-0000-000000000001,2ce16d52-adfd-418f-9ac1-b6f042e0fd22,2026-07-22,late,10:39:00,18:54:00,2026-07-22 05:09:41.397005+00,j576z2kte0agqda2p60wvjp92x8b10h3,a981e9de-8e95-4381-be91-921becbcf827,null
f12fc77d-abe0-4d5e-9a86-74769b3aa05f,00000000-0000-0000-0000-000000000001,8a235718-7769-447f-ac47-d37aa798b932,2026-07-22,late,10:22:00,23:59:00,2026-07-22 04:52:14.53233+00,j57e7ss73rqppv710vjx60tevx8b1gt8,f03175fe-9be4-482c-a482-abce0910b8ad,null
09fd078a-b014-4fa9-b0dc-fda3c730a24d,00000000-0000-0000-0000-000000000001,8a235718-7769-447f-ac47-d37aa798b932,2026-07-23,late,10:23:00,23:59:00,2026-07-23 04:53:48.785235+00,j577mtj96k98zextcqpm57qejn8b3k5t,78d7f6fd-e3ac-430a-9426-f64b2aa06651,null
0de25b6c-4ddd-4dec-a0ce-64bb10539d34,00000000-0000-0000-0000-000000000001,d37b144f-0bcd-4941-b1cf-e594fa52bb72,2026-07-23,late,10:14:00,23:59:00,2026-07-23 04:44:44.005036+00,j57f83bnyh35d0tdp3k55c98fh8b3wwa,1bf7160d-4de8-4760-96cf-66c9767b76d5,null
2129ad1e-6dda-40f2-9986-4cc7f5e8bc62,00000000-0000-0000-0000-000000000001,2ce16d52-adfd-418f-9ac1-b6f042e0fd22,2026-07-23,late,10:35:00,18:41:00,2026-07-23 05:05:50.739267+00,j577x6kh2x2awr65bvd5986m558b3g0g,0e8b7dcf-db03-4256-a82a-8de2dc4f0e11,null
3c85d125-3d21-4067-8390-c9664ecdbf42,00000000-0000-0000-0000-000000000001,1876cd3b-9ca7-41aa-ae62-761a15d87153,2026-07-23,late,09:50:00,18:31:00,2026-07-23 04:20:34.904236+00,j572nqh64fsrkn4nrx2a2rd9358b3sd8,a5b83a92-e5ad-455c-9721-181b3767eb63,null
5a383c97-d6be-40a8-9128-a401234b163b,00000000-0000-0000-0000-000000000001,f7dd430d-c6a9-43ea-98b1-be8e0ea84bf6,2026-07-23,late,09:52:00,23:59:00,2026-07-23 04:22:49.284214+00,j579mqdksk1mnr0erqwp6v6rad8b229r,d2968e26-8276-416a-a469-9543b5d0112b,null
61674ab7-513f-4bc2-a0d0-83ef4dca45a7,00000000-0000-0000-0000-000000000001,509cadb2-fb85-403e-ab9a-43e9e7ec9555,2026-07-23,late,09:53:00,17:59:00,2026-07-23 04:23:22.628394+00,j5717bxew7x7w22xxq4txbaw898b3faw,f3457d70-f8fb-4aff-b78d-2474926b2eec,null
81fe52e9-32a3-4eb8-ba2d-b2538c635df5,00000000-0000-0000-0000-000000000001,39523891-bab0-6a9f-129b-2f5b51ea3e37,2026-07-23,late,10:35:00,18:41:00,2026-07-23 05:06:04.024141+00,j57c6qfftyh8tfxe6pg7tyqj758b3paq,63cf8416-20b7-45a7-9d1e-278f440c375b,null
8c75c950-22a6-428d-9ea0-c5cabcd97870,00000000-0000-0000-0000-000000000001,1da9e75d-51ab-4a53-9fc5-222ba2c12524,2026-07-23,late,10:18:00,22:51:00,2026-07-23 04:48:29.065068+00,j57dyfs9sxcts203q4vp8cg7rd8b3nge,8f9e20b5-91cb-467c-8f22-fc5e633a229f,null
bf522ee6-c9cc-42d5-856d-87c89e6b2222,00000000-0000-0000-0000-000000000001,3b4c72de-80d1-4df4-8fbf-1147100d54dc,2026-07-23,late,10:14:00,23:59:00,2026-07-23 04:44:28.979927+00,j573p9afnt9xb29q09ss4g1dqx8b366t,e7a6948e-fcd7-4aed-bf35-468070a802aa,null
c4d14ed0-d509-4b7d-998a-b8d385cd7270,00000000-0000-0000-0000-000000000001,15b5f48a-0cb9-c73e-1c13-37fd5d8cb10b,2026-07-23,late,09:49:00,18:30:00,2026-07-23 04:19:49.93588+00,j57c174wyfy4yrzyab3nfryz6d8b3q24,67025376-f4df-42e7-b61f-2a6cf182fdcd,null
d585095a-6586-4682-a66e-2d641782461c,00000000-0000-0000-0000-000000000001,fc505e28-6210-49c3-b873-e10e86ec7b92,2026-07-23,late,10:10:00,18:19:00,2026-07-23 05:39:58.504272+00,j57d5zyw1cmph2np9f7q3yna4n8b3f97,e1cbb923-2d02-419c-996d-bed721466763,null
f7656b51-110d-4762-9fe3-0942a3a239c8,00000000-0000-0000-0000-000000000001,9c20c187-fe47-4647-a49b-6825e23b7920,2026-07-23,present,09:45:00,17:44:00,2026-07-23 04:15:53.589991+00,j57000d4013yztvyz08ht9vcy18b3k8n,b715ba14-d5c3-42ff-938d-dd8be62af140,null
1c50d679-d2ad-4417-a0c8-24e43b61d7a9,00000000-0000-0000-0000-000000000001,3b4c72de-80d1-4df4-8fbf-1147100d54dc,2026-07-24,late,09:58:00,23:59:00,2026-07-24 04:28:09.967665+00,j572cr2gw259hbm84tr46tvttx8b5h0w,89aaee6b-e2b1-4642-9db3-e01b24395540,null
2e118b84-8732-4556-b5af-de5417eb0170,00000000-0000-0000-0000-000000000001,509cadb2-fb85-403e-ab9a-43e9e7ec9555,2026-07-24,late,09:57:00,18:04:00,2026-07-24 04:26:58.609281+00,j57faz230y83fajqgfk3z2289h8b4a53,a5128390-b0b2-4c76-9cb3-12112d5f49f5,null
3de55de8-13c2-42a0-8c60-61731227582b,00000000-0000-0000-0000-000000000001,1da9e75d-51ab-4a53-9fc5-222ba2c12524,2026-07-24,late,10:19:00,18:23:00,2026-07-24 04:50:05.450735+00,j579j6k358pdccazk7f9epqpqs8b5krf,36b24bb4-55db-4081-8883-c6f943e2a9f3,null
6c8cc71a-3e69-49a3-b862-fd649afa6b12,00000000-0000-0000-0000-000000000001,f7dd430d-c6a9-43ea-98b1-be8e0ea84bf6,2026-07-24,present,09:43:00,23:59:00,2026-07-24 04:13:54.483317+00,j57ezx974b5jahtdqhmy11m2sx8b4vm1,c6e4a9ec-6b69-4115-a710-fe3b015a7fda,null
6fc0d7c2-e65b-4e93-a62d-8af470851f96,00000000-0000-0000-0000-000000000001,39523891-bab0-6a9f-129b-2f5b51ea3e37,2026-07-24,late,10:22:00,18:35:00,2026-07-24 04:53:04.045909+00,j57fyr1hax8qgkey2zj4t8kkqn8b4nme,562d89d5-cacd-444b-b708-94e22873d464,null
92e2b915-863b-461b-8d1d-dc77ac3868a3,00000000-0000-0000-0000-000000000001,1876cd3b-9ca7-41aa-ae62-761a15d87153,2026-07-24,late,10:06:00,18:35:00,2026-07-24 04:36:29.757504+00,j578wh117f88vthk47x9dcnwgd8b4ave,fb9fd475-3bef-4f01-9189-20173b2d733e,null
95ab8745-bbd1-4fb5-9331-b13fc7237bba,00000000-0000-0000-0000-000000000001,15b5f48a-0cb9-c73e-1c13-37fd5d8cb10b,2026-07-24,late,10:06:00,18:32:00,2026-07-24 04:36:55.432117+00,j57e06rm4e21a478gk83gbxjbd8b4v79,7f052d4f-7b93-4a98-824d-563b99820c4a,null
97f01107-32d3-422a-956c-8229958bb934,00000000-0000-0000-0000-000000000001,9c20c187-fe47-4647-a49b-6825e23b7920,2026-07-24,present,09:38:00,17:49:00,2026-07-24 04:09:03.978249+00,j578xge1t4krfw1g5jnrnwjr1s8b4jaa,812fd2f7-6645-4bb9-ac8b-e601ad4613b9,null
9c74c69d-9d1d-43da-9f72-f9e967058ab4,00000000-0000-0000-0000-000000000001,fc505e28-6210-49c3-b873-e10e86ec7b92,2026-07-24,late,10:14:00,18:24:00,2026-07-24 04:43:47.224961+00,j57edfdhfjghz8n8d2a0z3mkks8b51ee,7efcb0c7-b94a-4466-9cc7-085ce9975e8f,null
b0c8d225-03e1-4e3e-aec4-c3a8693dc561,00000000-0000-0000-0000-000000000001,d37b144f-0bcd-4941-b1cf-e594fa52bb72,2026-07-24,late,09:56:00,23:59:00,2026-07-24 04:26:24.717281+00,j57c5e7j0hsz6s04nyttade0mx8b5h1j,87eff244-7630-4bb3-a70a-02e5cb538209,null
fbb87959-46c2-4010-ba91-0bc35c0680aa,00000000-0000-0000-0000-000000000001,8a235718-7769-447f-ac47-d37aa798b932,2026-07-24,present,09:44:00,23:59:00,2026-07-24 04:14:20.176837+00,j578yekksss1p51tr5x7hta59h8b5wye,9b3271bc-58a1-4a48-ad0e-8ddcb066ce52,null
fd09c9f5-7010-4ce4-baa5-d46061bee90c,00000000-0000-0000-0000-000000000001,2ce16d52-adfd-418f-9ac1-b6f042e0fd22,2026-07-24,late,10:22:00,18:35:00,2026-07-24 04:52:50.027553+00,j57caf6y62qxqcjmwd8ejrgcx58b5wsj,c979dcf1-5af9-4664-841f-ae0b2f39ccde,null
19b17d41-f808-4201-a743-8837e54e5514,00000000-0000-0000-0000-000000000001,15b5f48a-0cb9-c73e-1c13-37fd5d8cb10b,2026-07-25,late,09:49:00,18:27:00,2026-07-25 04:20:07.089734+00,j57djv275ta3gsb9x3y5fq0s158b6vy3,6ff1550f-2c07-4bc3-9d1b-597fea410289,null
53691814-c834-4d8a-b3ff-87bf66c6689a,00000000-0000-0000-0000-000000000001,d37b144f-0bcd-4941-b1cf-e594fa52bb72,2026-07-25,late,10:16:00,23:59:00,2026-07-25 04:46:15.628988+00,j57djh2qxmsk95d5a146a0ws8s8b7gv4,250c666d-0c86-4d39-a256-f5b4930253d7,null
575879d6-dde6-427d-ae9a-8637f12af859,00000000-0000-0000-0000-000000000001,8a235718-7769-447f-ac47-d37aa798b932,2026-07-25,present,09:36:00,23:59:00,2026-07-25 04:06:12.313427+00,j572t6216vx6f63hc0txnsd9hd8b744j,3ab0033c-11d1-4e3a-bcf3-0c71ac16de17,null
664073e0-b280-4c12-abaf-489e11d1c4a8,00000000-0000-0000-0000-000000000001,2ce16d52-adfd-418f-9ac1-b6f042e0fd22,2026-07-25,late,10:15:00,18:47:00,2026-07-25 04:45:38.964381+00,j57d3rzv2rwgf3hsfhspkq54a98b7p5v,3375c3f2-4d72-4441-949d-02e63512407e,null
66986c64-2f17-41d2-8336-aec128fb2c24,00000000-0000-0000-0000-000000000001,f7dd430d-c6a9-43ea-98b1-be8e0ea84bf6,2026-07-25,present,09:42:00,23:59:00,2026-07-25 04:12:56.064211+00,j576s33fcxhfkjbf428grvkstx8b7fpe,87458a60-a921-456e-aec9-8a043c82ad51,null
7bbc2e34-911d-442e-bc8d-c64fb5cf5245,00000000-0000-0000-0000-000000000001,1da9e75d-51ab-4a53-9fc5-222ba2c12524,2026-07-25,late,10:17:00,23:59:00,2026-07-25 04:47:17.823521+00,j57amey05q9tqmfk9vbs30gjtx8b65wh,c00c5b2e-292b-4a3b-a505-4ee7a978cf48,null
a038e39a-bf49-4fbc-9ec3-0551e7260f50,00000000-0000-0000-0000-000000000001,9c20c187-fe47-4647-a49b-6825e23b7920,2026-07-25,present,09:13:00,17:30:00,2026-07-25 03:43:42.4452+00,j576ra9qsawpwjzme0c9zveb3d8b7p06,41668283-193d-4d4c-88e6-dd469920313d,null
ccbac8e8-8892-4c26-a366-24550d5bcd58,00000000-0000-0000-0000-000000000001,509cadb2-fb85-403e-ab9a-43e9e7ec9555,2026-07-25,late,09:51:00,17:58:00,2026-07-25 04:21:40.564316+00,j571mn1fjtq8fe0xk3etkw027d8b6tp3,df1ba804-22fa-4720-a9b8-66c38f24a9b5,null
ccec80de-11fa-4687-83bc-277e455f4d21,00000000-0000-0000-0000-000000000001,fc505e28-6210-49c3-b873-e10e86ec7b92,2026-07-25,late,10:10:00,18:26:00,2026-07-25 07:50:25.872529+00,j57apbp7v10znm1tmy9senya6d8b7h0y,128e95ad-9067-4c8b-9f28-8d78bf281f19,null
d9136f08-2cf9-411a-8ffe-00686c63c26f,00000000-0000-0000-0000-000000000001,1876cd3b-9ca7-41aa-ae62-761a15d87153,2026-07-25,late,09:47:00,18:24:00,2026-07-25 04:17:26.640086+00,j57fwsvdtecs68a6yghncj2n0x8b6azg,9b491941-a16d-49de-a4af-2510fcfe8ac3,null
f40243b1-963f-43d0-a1e0-1308a0334853,00000000-0000-0000-0000-000000000001,39523891-bab0-6a9f-129b-2f5b51ea3e37,2026-07-25,late,10:16:00,18:46:00,2026-07-25 04:46:36.383499+00,j577h562j7xswxgf9hdfrwwf2n8b6601,c8987ab2-18c5-4f77-9372-26d53c95bf89,null
d3e8e2aa-64f4-40e1-866a-f93b174c93f4,00000000-0000-0000-0000-000000000001,1da9e75d-51ab-4a53-9fc5-222ba2c12524,2026-07-26,late,11:20:00,23:59:00,2026-07-26 05:50:35.597932+00,j578bc7exsc9sawa861ct0mjm58b9rk3,257ef2b5-5311-4e74-a9db-759f6fa2864e,null
1b97b510-f95e-4316-98cc-bdac818d5f81,00000000-0000-0000-0000-000000000001,8a235718-7769-447f-ac47-d37aa798b932,2026-07-27,late,10:00:00,23:59:00,2026-07-27 04:30:19.379339+00,j57bc1dt15s5avwd8gtr1pdqjs8bah5s,c50d1c41-c554-4d14-92cd-19d1671c6e9b,null
30e2e0a2-24dc-4e3d-a9a7-c4080223d0ef,00000000-0000-0000-0000-000000000001,fc505e28-6210-49c3-b873-e10e86ec7b92,2026-07-27,late,10:11:00,18:20:00,2026-07-27 04:40:59.613415+00,j57cgexa4cpk6xqzb3ds4f0h4h8bbfx2,28a8c0cb-3417-4ce4-bca8-b97e6beb0ef1,null
3ef1349f-8d6f-46b7-bfd6-f9c8ed82f88e,00000000-0000-0000-0000-000000000001,15b5f48a-0cb9-c73e-1c13-37fd5d8cb10b,2026-07-27,late,10:00:00,18:30:00,2026-07-27 04:30:54.13658+00,j57fzf324s75h9y2967th4b2sn8baxn0,ccd1b911-f72d-463d-ae87-ce8f56845c62,null
44b9779c-843b-4630-a6e5-c43415b759b1,00000000-0000-0000-0000-000000000001,f7dd430d-c6a9-43ea-98b1-be8e0ea84bf6,2026-07-27,late,14:54:00,23:59:00,2026-07-27 09:24:37.245006+00,j57era4w946mg2h0zcz7dps7bd8bat44,e1d7a369-c976-4e57-ac3f-e8ccc29c3ee6,null
59e7f4bd-b404-4ad1-aafa-d99296fd6d17,00000000-0000-0000-0000-000000000001,2ce16d52-adfd-418f-9ac1-b6f042e0fd22,2026-07-27,late,10:57:00,19:27:00,2026-07-27 05:27:59.660512+00,j570r5v377c7xk9mxeehr60x5h8bbzsr,f08812df-df30-4d75-9e70-8275ee303bb1,null
5c29ca0f-001b-460a-be35-31ffe1506f61,00000000-0000-0000-0000-000000000001,1da9e75d-51ab-4a53-9fc5-222ba2c12524,2026-07-27,late,10:38:00,23:59:00,2026-07-27 05:08:14.767189+00,j575svcx6fxwrt23vdah7amg758ba9aj,1d24e3ee-2e1e-4afd-9da3-f5edf0f667bd,null
6490b465-6d11-48e8-b402-6e8d11a080d1,00000000-0000-0000-0000-000000000001,3b4c72de-80d1-4df4-8fbf-1147100d54dc,2026-07-27,late,10:07:00,23:59:00,2026-07-27 04:37:57.027999+00,j570z5z9f3ctwp0wrjvej358jx8bb54q,46745509-a5eb-4c9b-8592-9efc47e79849,null
890898ba-cb4e-4187-8763-4c2468cdd958,00000000-0000-0000-0000-000000000001,d37b144f-0bcd-4941-b1cf-e594fa52bb72,2026-07-27,late,10:05:00,23:59:00,2026-07-27 04:35:24.501516+00,j577yrrcvaqbm4k0zqar7svq9s8bb1vw,045fcce9-6c2f-44c5-9ad8-96175ce36c6d,null
9a3318bf-619e-41c7-9771-cbfb6af09a2a,00000000-0000-0000-0000-000000000001,39523891-bab0-6a9f-129b-2f5b51ea3e37,2026-07-27,late,10:59:00,19:27:00,2026-07-27 05:29:46.814644+00,j576z19c9fbvt9p5c117vyjd658basd8,acaf7da0-cac9-412c-a0a0-cd1fe8b72008,null
9b5b9213-e421-4e54-9d97-fe39e46a211d,00000000-0000-0000-0000-000000000001,1876cd3b-9ca7-41aa-ae62-761a15d87153,2026-07-27,late,09:59:00,18:32:00,2026-07-27 04:29:59.104492+00,j57bc52kpsy81587ake09bpbth8bbm1m,a438c49d-8072-43ac-a913-529a2a4f3d0d,null
cd78ddf9-68a6-4388-accd-4a2b9c7e329f,00000000-0000-0000-0000-000000000001,509cadb2-fb85-403e-ab9a-43e9e7ec9555,2026-07-27,late,09:51:00,17:55:00,2026-07-27 04:21:28.728074+00,j57a182vet09t0hdk8m03m3y6d8bb184,8915e09e-e798-40e7-b47e-2f561f811308,null
e5182151-1232-4c7e-ae54-4dbf56d77053,00000000-0000-0000-0000-000000000001,9c20c187-fe47-4647-a49b-6825e23b7920,2026-07-27,present,09:35:00,17:37:00,2026-07-27 04:05:26.177201+00,j5726g73e7x0jwkz24cnqppqq18bazfh,9976913a-826c-4c11-a386-1ad60a5468f8,null
35840247-2264-4408-afa9-3bc2359eaaea,00000000-0000-0000-0000-000000000001,9c20c187-fe47-4647-a49b-6825e23b7920,2026-07-28,present,09:35:00,17:37:00,2026-07-28 04:05:55.507263+00,j5789dj37z9fazyq5qc8h3a6mx8bdhdf,a2c3e4c7-f4b3-4ea5-9fd9-c23cc17e39fe,null
463c6817-449a-4395-832b-c8a5bbeebc67,00000000-0000-0000-0000-000000000001,2ce16d52-adfd-418f-9ac1-b6f042e0fd22,2026-07-28,late,10:38:00,23:59:00,2026-07-28 05:08:17.393929+00,j57dr9y99ahwat7zah2wseq7hh8bcq6e,4ba9fbb3-382e-46cb-b9a9-8254ada7f351,null
5272cf9b-c04b-4768-8159-b75956951746,00000000-0000-0000-0000-000000000001,39523891-bab0-6a9f-129b-2f5b51ea3e37,2026-07-28,late,10:38:00,23:59:00,2026-07-28 05:08:56.030229+00,j573tvas195y70v7jbvnndsqnd8bd1h8,c81cb1ae-5457-46d6-9ca2-8a67e4d7294f,null
5958472f-3418-43ad-a781-24de6b8c0ee0,00000000-0000-0000-0000-000000000001,509cadb2-fb85-403e-ab9a-43e9e7ec9555,2026-07-28,late,09:53:00,17:56:00,2026-07-28 04:23:07.973174+00,j576xnbyxg892kqrhkc88esjnd8bcy80,71c31812-49a9-47d7-a182-3c6192d85f8f,null
63c42795-9c77-44b3-a320-790e093bbdfb,00000000-0000-0000-0000-000000000001,1876cd3b-9ca7-41aa-ae62-761a15d87153,2026-07-28,late,09:56:00,18:25:00,2026-07-28 04:26:42.629961+00,j5735m9n3skfxg1j6wvmj8qpq98bc6gm,e2427f9c-b70c-4a26-9cb1-7ed0c4a1c266,null
686e9fb8-4914-4462-a6d9-89c1393ce3d9,00000000-0000-0000-0000-000000000001,fc505e28-6210-49c3-b873-e10e86ec7b92,2026-07-28,late,09:53:00,17:53:00,2026-07-28 04:22:51.344773+00,j570mh08rwcy764hn09meh7rnd8bc43q,8f818766-fc5b-48a7-8c90-ae98f0275fa6,null
a7519182-4d31-4134-b06a-9ca1687e8745,00000000-0000-0000-0000-000000000001,3b4c72de-80d1-4df4-8fbf-1147100d54dc,2026-07-28,late,10:15:00,23:59:00,2026-07-28 04:46:05.090745+00,j574bsaxhxaxrrf26f27wwk59x8bc2ms,0ad80635-dac0-4385-8d5a-724f9800d325,null
aaf24153-7401-4278-8757-2a391a33fad5,00000000-0000-0000-0000-000000000001,8a235718-7769-447f-ac47-d37aa798b932,2026-07-28,late,09:48:00,23:59:00,2026-07-28 04:18:53.905125+00,j57drw00stkpykjheg4474hvnd8bdtsb,f82df6e2-2a70-4704-921a-1f4f4d6f439c,null
c45a5a59-8eea-4752-ab20-d3b254f6f4b4,00000000-0000-0000-0000-000000000001,15b5f48a-0cb9-c73e-1c13-37fd5d8cb10b,2026-07-28,late,09:57:00,18:25:00,2026-07-28 04:27:52.731305+00,j5709gksygtytx18s0w0xhkrhh8bdbkf,2a0e162b-4744-4f8d-96f0-786d62a686ed,null
cdfc8aaa-dca8-4c26-bbed-cae359b00363,00000000-0000-0000-0000-000000000001,f7dd430d-c6a9-43ea-98b1-be8e0ea84bf6,2026-07-28,present,09:45:00,23:59:00,2026-07-28 04:15:19.808195+00,j5711bbbahc4f8ejv4mnsfjg0h8bdrz1,91591992-ca0d-481a-9d3e-4202f80250db,null
f5caefae-8923-4730-9d54-5235b72e7d8a,00000000-0000-0000-0000-000000000001,d37b144f-0bcd-4941-b1cf-e594fa52bb72,2026-07-28,late,10:07:00,23:59:00,2026-07-28 04:37:14.463959+00,j5752g2nsbqdkb1j9z3a7144s18bdggk,2a5bb2e2-08f6-4ebe-898e-40d8dc13f22f,null
fa4d0dc1-b945-45a5-afeb-decd81528368,00000000-0000-0000-0000-000000000001,1da9e75d-51ab-4a53-9fc5-222ba2c12524,2026-07-28,late,10:15:00,21:07:00,2026-07-28 04:45:13.017396+00,j574ez2zf5pmqcdnx6g40cdt858bd4s5,77576c29-b619-48aa-8630-7a522dae4c2a,null
154f4a1f-58c4-49fa-94ae-b63c1b75b301,00000000-0000-0000-0000-000000000001,d37b144f-0bcd-4941-b1cf-e594fa52bb72,2026-07-29,late,10:07:00,23:59:00,2026-07-29 04:37:57.765026+00,j57a3tyf2kv9qrsngjjqjgq9m18betrn,c9a4443d-96df-472f-b0cb-d9bf333b3871,null
1615e3ea-d8e1-4b40-93ad-c2404f32d0b3,00000000-0000-0000-0000-000000000001,8a235718-7769-447f-ac47-d37aa798b932,2026-07-29,late,10:22:00,23:59:00,2026-07-29 04:52:38.26675+00,j57axq9kw5j9yyz7bj3422v67d8bfee3,4ff358c6-83bf-454e-8085-d5b6d5f45f74,null
398a8b23-89ab-47f3-9c32-02e87821c46e,00000000-0000-0000-0000-000000000001,3b4c72de-80d1-4df4-8fbf-1147100d54dc,2026-07-29,late,10:02:00,23:59:00,2026-07-29 04:33:03.579568+00,j5722c827wj3n6hfg8t56f3d9d8bf7fx,b6964219-107d-4bb8-8e5b-ea7454b3eaeb,null
4e9d6c61-855a-48e5-b5a8-4aaee7bc815f,00000000-0000-0000-0000-000000000001,1876cd3b-9ca7-41aa-ae62-761a15d87153,2026-07-29,late,09:58:00,18:42:00,2026-07-29 04:28:26.100106+00,j5794ca3fy0xfgfk832fta40p18bfm2k,5638d41d-deb7-4df0-b8dd-4f11fd0881f6,null
66dc0e6b-0f85-44bc-bd21-20d821ae98b1,00000000-0000-0000-0000-000000000001,1da9e75d-51ab-4a53-9fc5-222ba2c12524,2026-07-29,present,09:44:00,19:01:00,2026-07-29 04:14:22.246423+00,j57esyxc5dkh1g7mx53zyyqyan8bfjz7,39fcf203-1b7f-4073-a94e-e1815e47d687,null
6c1c479f-de5e-45c0-8b7e-62e475a1f3ef,00000000-0000-0000-0000-000000000001,39523891-bab0-6a9f-129b-2f5b51ea3e37,2026-07-29,late,10:45:00,18:48:00,2026-07-29 05:16:02.037571+00,j57dfzscm5qt5an8fmb2m6fmss8bf14r,ea4084bf-5b38-4935-97c2-072278c62e84,null
b192e047-d6bb-47f2-92ea-3081c44fa3a5,00000000-0000-0000-0000-000000000001,15b5f48a-0cb9-c73e-1c13-37fd5d8cb10b,2026-07-29,late,09:58:00,18:37:00,2026-07-29 04:28:31.584929+00,j574e9c5cg3ctxgpy61zcqrjd98bfqv7,3ad0e30f-8e6f-425d-9f35-8228c74125c0,null
c1441121-24a5-4b5c-97f7-ed49abd5fc9d,00000000-0000-0000-0000-000000000001,f7dd430d-c6a9-43ea-98b1-be8e0ea84bf6,2026-07-29,late,10:02:00,23:59:00,2026-07-29 04:33:06.295207+00,j579x954q56ny4d2xsxkhqs5ws8bevtv,08789008-fc1e-471b-b11a-100dfade27da,null
ddd05a72-4092-4a50-9a76-c3b783e37778,00000000-0000-0000-0000-000000000001,2ce16d52-adfd-418f-9ac1-b6f042e0fd22,2026-07-29,late,10:43:00,18:48:00,2026-07-29 05:14:01.16318+00,j57ev3jf4z9ds8gef8wkqeq1ys8bfd0d,95115692-0f81-4879-8a64-4dfb5b1b0672,null
e6e488c8-e6a3-4da3-8aa3-8dfb7ba508bf,00000000-0000-0000-0000-000000000001,fc505e28-6210-49c3-b873-e10e86ec7b92,2026-07-29,late,09:55:00,17:55:00,2026-07-29 04:25:29.943291+00,j578ha31cfe2rndyjk2hf2qsrs8bfbgd,ea0872f3-2fa2-4433-91a5-e0acb8e6344d,null
ed5969fe-a48b-4bef-b7e8-3a318f717b8a,00000000-0000-0000-0000-000000000001,509cadb2-fb85-403e-ab9a-43e9e7ec9555,2026-07-29,late,09:55:00,18:00:00,2026-07-29 04:25:10.317235+00,j57d43mw1xw338kp8y3h4ntmjd8bem1t,18b7e412-5351-4bcf-a0fa-170a19f3a1fc,null
01e818ba-fcc1-44f6-9ec7-68ee7ece2b8b,00000000-0000-0000-0000-000000000001,15b5f48a-0cb9-c73e-1c13-37fd5d8cb10b,2026-07-30,late,10:04:00,18:34:00,2026-07-30 04:34:24.462288+00,j57bcv1xsk0se3bt0jz9csxgcs8bhhhy,1e190138-2e51-443d-bf19-acd9d00878ba,null
1677d154-81f3-4485-a95f-4116b6c2219a,00000000-0000-0000-0000-000000000001,1876cd3b-9ca7-41aa-ae62-761a15d87153,2026-07-30,late,10:02:00,18:34:00,2026-07-30 04:32:29.633811+00,j57d91erg9ckfbx918hywveq098bhrys,60cd2176-eebf-42ef-a644-af6f4a7a665b,null
1f2ceb4f-ee59-40da-87e3-349f8ab35178,00000000-0000-0000-0000-000000000001,3b4c72de-80d1-4df4-8fbf-1147100d54dc,2026-07-30,late,10:03:00,23:59:00,2026-07-30 04:33:41.721872+00,j57fvbc5hc3sye537x72tcxte18bgebk,4c80770d-c1a2-4ed1-9f3f-4e93d23b6bb6,null
21f3dd36-6a8b-4c4a-835d-7edb2f38b3fb,00000000-0000-0000-0000-000000000001,9c20c187-fe47-4647-a49b-6825e23b7920,2026-07-30,late,09:58:00,23:59:00,2026-07-30 04:28:26.82272+00,j572danhf0ehaqttj0vk3q0c4s8bhm8c,2c43aaac-be42-4c03-828a-1ae1dd3219e5,null
50376e49-e121-4ec6-bcb7-2f033f457fe0,00000000-0000-0000-0000-000000000001,8a235718-7769-447f-ac47-d37aa798b932,2026-07-30,late,09:54:00,23:59:00,2026-07-30 04:24:36.63978+00,j57fbz1mkfm33j4914rtgp977n8bhc5y,c12b930b-2a6e-4a78-b470-3ef75303c622,null
535d7445-f2f0-4bbc-ab26-7d7abca0d0ee,00000000-0000-0000-0000-000000000001,1da9e75d-51ab-4a53-9fc5-222ba2c12524,2026-07-30,late,09:58:00,19:02:00,2026-07-30 04:28:55.505675+00,j57eamargf9gysrdmcygm8t5jn8bgde3,2ae1ba94-79e6-4d72-9de5-e275d819f9f9,null
6999ae8b-198e-4b9f-9b9b-ed03aa480aed,00000000-0000-0000-0000-000000000001,39523891-bab0-6a9f-129b-2f5b51ea3e37,2026-07-30,late,10:38:00,18:48:00,2026-07-30 05:08:30.876816+00,j573n7st0taedqfy27wf15fe358bhtk1,09aaa100-61ef-4b0d-aab6-0c4342348ce3,null
8ed4275f-5022-4d2e-9d6c-e1a03bb5a4ea,00000000-0000-0000-0000-000000000001,d37b144f-0bcd-4941-b1cf-e594fa52bb72,2026-07-30,late,10:09:00,23:59:00,2026-07-30 04:39:46.491867+00,j5740sm7dhz9at4n30pa37bj798bhfkd,002a85fd-c090-4766-826d-2c5369c98529,null
9c1b5780-ed1c-4464-a516-00cf1ac75c6f,00000000-0000-0000-0000-000000000001,fc505e28-6210-49c3-b873-e10e86ec7b92,2026-07-30,late,09:52:00,17:53:00,2026-07-30 04:22:20.9423+00,j579eyepf31t9186xfx8mqxx6x8bhyc1,b6a5a047-e6a4-490c-9ab5-246b3f7caf1f,null
9fcf5ea0-89a1-4db4-aeeb-e8011dc108c3,00000000-0000-0000-0000-000000000001,2ce16d52-adfd-418f-9ac1-b6f042e0fd22,2026-07-30,late,10:37:00,18:48:00,2026-07-30 05:08:08.367175+00,j578ryrs2j2vx5x2n4jdnxvb658bhmbz,347f11ba-ae8c-4464-b4a0-62cc3f9aee4b,null
c3a91746-7a76-47ba-ada7-0991a559ed77,00000000-0000-0000-0000-000000000001,509cadb2-fb85-403e-ab9a-43e9e7ec9555,2026-07-30,late,09:55:00,18:02:00,2026-07-30 04:25:20.698603+00,j574dexgw6hs12xkwbx2fysr598bgjnw,d5fa9011-5d1a-4d01-ab21-a64c4d930b0d,null
f0244af3-1609-4a9b-96c7-34b474bd8d52,00000000-0000-0000-0000-000000000001,f7dd430d-c6a9-43ea-98b1-be8e0ea84bf6,2026-07-30,late,09:54:00,23:59:00,2026-07-30 04:24:16.798401+00,j578jq44b8h5hwpzawtd15a2qn8bhs2d,9b782095-de24-4dbc-aad3-f437e6495689,null
05b0ff1d-2fca-415b-9516-32d82ea50a7f,00000000-0000-0000-0000-000000000001,15b5f48a-0cb9-c73e-1c13-37fd5d8cb10b,2026-07-31,late,10:29:00,19:15:00,2026-07-31 04:59:43.505865+00,j5729pvv7g7t992wjj6t5ndhah8bkvh8,51a2f933-1e10-42eb-bac9-dd105cdcb90a,null
45729c4e-fa67-4762-a665-93112a7dd6dc,00000000-0000-0000-0000-000000000001,3b4c72de-80d1-4df4-8fbf-1147100d54dc,2026-07-31,late,10:11:00,17:30:00,2026-07-31 04:41:21.014819+00,j57a4svjzsgqda2e2j4vp30gn18bjjh5,78d996e8-8281-4123-803f-26331e33d77f,null
7bdf01a9-38c3-4da7-88d8-4b6a14a86de3,00000000-0000-0000-0000-000000000001,8a235718-7769-447f-ac47-d37aa798b932,2026-07-31,late,09:58:00,17:30:00,2026-07-31 04:28:25.505734+00,j574v4g4snjepe1wc2tm2hzzgh8bjysh,ed5f73d5-bb8c-424b-8cb7-e35d2a86c2de,null
8aaf3ee3-825c-4e69-b2a3-a995e1aa2299,00000000-0000-0000-0000-000000000001,fc505e28-6210-49c3-b873-e10e86ec7b92,2026-07-31,late,09:51:00,18:15:00,2026-07-31 04:21:10.245256+00,j570yaa2wefvmj1xxf4e1tnvqs8bj6b2,ef7515ee-bee4-41a6-abd8-e3f443955f95,null
9ba693bd-0499-444a-82c8-17294842b873,00000000-0000-0000-0000-000000000001,2ce16d52-adfd-418f-9ac1-b6f042e0fd22,2026-07-31,late,10:31:00,18:50:00,2026-07-31 05:01:17.497442+00,j575pqxgjfzm36m2mkecznxf318bjbmv,967764a5-dcde-480b-9732-f33cc71982d0,null
bd7f60e9-67e1-40a9-add6-e79d2dc6a5aa,00000000-0000-0000-0000-000000000001,d37b144f-0bcd-4941-b1cf-e594fa52bb72,2026-07-31,late,10:31:00,18:00:00,2026-07-31 05:01:18.430979+00,j572eynz3hn001pq8f098wq3md8bjekf,a346a5f7-0d51-4fc4-b37d-168c6eb77ec4,null
c179cce0-f13c-422a-b7ef-fb091b784d2c,00000000-0000-0000-0000-000000000001,509cadb2-fb85-403e-ab9a-43e9e7ec9555,2026-07-31,present,09:40:00,18:00:00,2026-07-31 04:10:09.529443+00,j579a0mj5q7b1ytypfe6crz54d8bjxdc,ab846761-a87a-430d-a6b9-6f797ef4988d,null
c53f1850-0b8a-44e0-9b37-0209c2053a9b,00000000-0000-0000-0000-000000000001,39523891-bab0-6a9f-129b-2f5b51ea3e37,2026-07-31,late,10:35:00,18:50:00,2026-07-31 05:05:25.098568+00,j57emjg84p4ats0aqs3azngrts8bjrrn,7c7b269a-3592-4220-9290-a8b73403a9ed,null
d1c7ff54-18f1-4246-a233-19c3848913fd,00000000-0000-0000-0000-000000000001,1876cd3b-9ca7-41aa-ae62-761a15d87153,2026-07-31,late,10:29:00,19:15:00,2026-07-31 04:59:30.722138+00,j5780etxsh19t3j8t6yjmn8ke98bk4w5,992c5a21-6b80-489b-97d9-74e90ef1c1cf,null
dec6b0a3-a572-4aa6-9213-628415aa3aca,00000000-0000-0000-0000-000000000001,9c20c187-fe47-4647-a49b-6825e23b7920,2026-07-31,late,09:57:00,18:00:00,2026-07-31 04:28:02.809912+00,j575f5x6b5sqwsax9e21drnxz18bj12y,0bc2ec9f-103a-4765-9c7d-65d2554f006b,null
e6cf20d3-89b5-41cd-a449-d5e81a34dd12,00000000-0000-0000-0000-000000000001,f7dd430d-c6a9-43ea-98b1-be8e0ea84bf6,2026-07-31,present,09:37:00,17:40:00,2026-07-31 04:07:30.410853+00,j57dgkvtwyndqse0fkqrb7q7es8bk1ff,2039a3a2-b8ba-460b-b247-33cbca1d65bb,null
efcc08cd-5784-460e-8f52-5d8ab2afb5a0,00000000-0000-0000-0000-000000000001,1da9e75d-51ab-4a53-9fc5-222ba2c12524,2026-07-31,late,10:33:00,18:00:00,2026-07-31 05:04:05.065589+00,j57341v4afbh3b6tzg7yr2hy8n8bkjqc,eee3c3a7-9b2c-43b0-8131-6f754b20dfa2,null
17a69489-e6ef-4a8f-9b71-3c7781343fe9,00000000-0000-0000-0000-000000000001,1876cd3b-9ca7-41aa-ae62-761a15d87153,2026-08-01,late,10:00:00,18:41:00,2026-08-01 06:37:52.227664+00,j578jrys5c4pk434xm51b5gzah8bmn69,d20986ac-3ddb-4c51-a6e1-3fdc0f70f714,null
2c5ae8e0-c289-4cde-a2a1-f3151b34bea6,00000000-0000-0000-0000-000000000001,f7dd430d-c6a9-43ea-98b1-be8e0ea84bf6,2026-08-01,late,17:02:00,23:59:00,2026-08-01 11:32:18.405945+00,j576jdk2sqv3ca2jk5z8jd44qx8bmx26,e221953f-e2d1-493b-8a2a-53dcdfc81c06,null
320fd6fb-709c-4e3e-8cd8-40f93168ba8b,00000000-0000-0000-0000-000000000001,15b5f48a-0cb9-c73e-1c13-37fd5d8cb10b,2026-08-01,late,10:00:00,18:41:00,2026-08-01 06:14:10.078569+00,j573fhs1vwnszg86em5s416kch8bnhbt,85e5b5d1-f2b2-48fa-8636-81d59bfa4ae7,null
4655bc98-23c8-4f8b-a99f-ba579c3c47ff,00000000-0000-0000-0000-000000000001,39523891-bab0-6a9f-129b-2f5b51ea3e37,2026-08-01,late,10:30:00,18:42:00,2026-08-01 06:22:45.917272+00,j5751batgekw8dwmavs9pa9vxd8bmavm,e395c4fd-093a-4414-af4a-5ae43db4c4fa,null
66fc2a2c-c02a-4ea7-a400-8a25580c9e53,00000000-0000-0000-0000-000000000001,9c20c187-fe47-4647-a49b-6825e23b7920,2026-08-01,late,09:30:00,17:43:00,2026-08-01 08:37:12.59808+00,j579y0n7ppeyk0mrshxp40g8g98bnewz,14830de2-4f0b-47f1-897d-67c9d6d35a2a,null
6eea6e63-a077-4dbe-8283-cd890c74cd1b,00000000-0000-0000-0000-000000000001,d37b144f-0bcd-4941-b1cf-e594fa52bb72,2026-08-01,late,17:01:00,23:59:00,2026-08-01 11:31:50.695217+00,j576fsb1hck8j7cgn2dwwr31q98bm2dj,5c38f2cb-1a79-402b-8d40-7eb8d004bbad,null
875c23df-cca0-4df2-8b01-77b0398d5432,00000000-0000-0000-0000-000000000001,3b4c72de-80d1-4df4-8fbf-1147100d54dc,2026-08-01,late,17:01:00,23:59:00,2026-08-01 11:31:37.783611+00,j57achef460ky7yfjgby0etw998bnqjr,2e990202-ea61-4e87-b91e-6a2fa664e7b2,null
91ad27b1-6ff0-4f22-8779-f172f7269209,00000000-0000-0000-0000-000000000001,509cadb2-fb85-403e-ab9a-43e9e7ec9555,2026-08-01,late,09:50:00,18:06:00,2026-08-01 06:39:56.769644+00,j5755a8dngd82ymxpecys15fyn8bnbxx,e2414f2d-3ae9-4ebf-a6f4-919038ad8018,null
a52c11a3-2728-4572-b497-608bf06b3c03,00000000-0000-0000-0000-000000000001,1da9e75d-51ab-4a53-9fc5-222ba2c12524,2026-08-01,late,09:46:00,18:33:00,2026-08-01 10:16:27.857007+00,j574zs1kwwnh5kjep6w29dbsys8bmg6p,f589375f-b53d-46e8-84e1-1c78ea2d18c8,null
a791b8a8-efbf-477b-98bf-8b11ef7efc35,00000000-0000-0000-0000-000000000001,fc505e28-6210-49c3-b873-e10e86ec7b92,2026-08-01,late,09:50:00,18:06:00,2026-08-01 06:40:14.308299+00,j57csrd3hkajrvstay62m19tkn8bmp2f,e7a6b2a3-0e19-440a-b4ba-7fa87dc5e410,null
d4eeaaea-37dd-4ba4-9496-070112ca8da9,00000000-0000-0000-0000-000000000001,2ce16d52-adfd-418f-9ac1-b6f042e0fd22,2026-08-01,late,10:30:00,18:43:00,2026-08-01 06:37:31.258717+00,j57e8qx36efje8qgvb6jsfb9918bm6wh,0d8d97e7-0186-48bb-8a73-06642b84440f,null
f41416e9-ae96-417b-bdb1-732991d6ce9a,00000000-0000-0000-0000-000000000001,8a235718-7769-447f-ac47-d37aa798b932,2026-08-01,late,17:01:00,23:59:00,2026-08-01 11:32:04.513997+00,j576ym8tvd16fxbtaenb2n8qsn8bn795,01ab9830-73fb-4cd1-8068-7bc8a6360423,null
c84e8607-b850-4dc2-92be-b9d243f8ef6e,00000000-0000-0000-0000-000000000001,1da9e75d-51ab-4a53-9fc5-222ba2c12524,2026-08-02,late,11:28:00,17:42:00,2026-08-02 05:58:16.404879+00,j579dzp2h9n1fw1fqtf8xp8z1d8bpnr7,2c632fef-1d17-4f4d-9fcb-422742848154,null
12bb09f7-7afc-457d-940f-da6df892a571,00000000-0000-0000-0000-000000000001,15b5f48a-0cb9-c73e-1c13-37fd5d8cb10b,2026-08-03,late,09:53:00,18:01:00,2026-08-03 04:24:04.163646+00,j57fr1zn299sdd18qyywjpgyen8bsv3d,88a7c854-1d81-4f65-bd5d-a6d95d7d7dcb,null
12bfa773-e9e9-4141-947a-3cbbe2149733,00000000-0000-0000-0000-000000000001,9c20c187-fe47-4647-a49b-6825e23b7920,2026-08-03,late,09:50:00,17:42:00,2026-08-03 04:20:46.581626+00,j577zh19j3dgj4yzvgtykwjh458br6rw,2088e716-0822-4cb5-ba5f-3db37ea2e786,null
4e4e0794-c169-4db3-a32f-cbd80bbfe130,00000000-0000-0000-0000-000000000001,39523891-bab0-6a9f-129b-2f5b51ea3e37,2026-08-03,late,10:39:00,18:41:00,2026-08-03 05:09:09.023513+00,j57aj2ntmq7vb857t96vf8b8n58brm5y,d83a1381-7b9c-4e48-8621-fd9ab4be3195,null
54c3c42b-f1c0-4f39-8dd2-df80f5ff2d97,00000000-0000-0000-0000-000000000001,509cadb2-fb85-403e-ab9a-43e9e7ec9555,2026-08-03,late,09:51:00,17:57:00,2026-08-03 04:20:53.577364+00,j57e7w3gg0jxqqajhd4t3r6ftd8bsn3q,814f2a76-0684-4fcb-9777-8063b34177ab,null
5e8a08a1-37ea-47ab-aa56-c191ab60b466,00000000-0000-0000-0000-000000000001,d37b144f-0bcd-4941-b1cf-e594fa52bb72,2026-08-03,late,09:54:00,17:32:00,2026-08-03 04:25:06.006284+00,j57bqsbybd0pdkvb5rhgdw2p918braga,b14ce1b9-5860-4713-b684-ddd9f71fba97,null
6843f5e1-9566-4052-82c7-e22a81383fee,00000000-0000-0000-0000-000000000001,1da9e75d-51ab-4a53-9fc5-222ba2c12524,2026-08-03,late,10:26:00,18:47:00,2026-08-03 04:56:34.984267+00,j578heemy9vh0hwz54k300n3mx8bramk,d1b72bcb-602b-4451-ab4f-e803842e7905,null
68d3150e-4850-4b66-8fc2-56d408ff173f,00000000-0000-0000-0000-000000000001,f7dd430d-c6a9-43ea-98b1-be8e0ea84bf6,2026-08-03,late,09:59:00,17:22:00,2026-08-03 04:29:09.45604+00,j579a8a6kfhmqvrtft18g17hg58bsdym,8227dcd8-ab4f-4c56-b6ae-f2be301f3b09,null
76bc1c24-bc72-46a4-8f32-0c1e18a253b9,00000000-0000-0000-0000-000000000001,8a235718-7769-447f-ac47-d37aa798b932,2026-08-03,late,09:54:00,17:31:00,2026-08-03 04:24:49.888655+00,j5795g1wqyk81rzzgyaz6071s98bsygk,cce36243-d696-4b5b-b10f-f1521f039477,null
8536ec4e-4e9e-4512-aa0b-9a747fff4efe,00000000-0000-0000-0000-000000000001,1876cd3b-9ca7-41aa-ae62-761a15d87153,2026-08-03,present,09:19:00,23:59:00,2026-08-03 03:49:39.744969+00,j57eeff77zwhbmmbksktr0jmh18brbzs,b57cdce3-b12a-4970-9128-f43aed44ca67,null
8c1905fd-6106-4ac5-a39a-237ca7da33f3,00000000-0000-0000-0000-000000000001,3b4c72de-80d1-4df4-8fbf-1147100d54dc,2026-08-03,late,10:00:00,17:13:00,2026-08-03 04:31:03.215149+00,j5748mthcp2j2ayn8xkp7pw5fh8bsjv4,e1be3ac8-ecd6-4c98-8317-5517a5d53981,null
f042a80e-682a-47e6-9c13-c36ce8561095,00000000-0000-0000-0000-000000000001,2ce16d52-adfd-418f-9ac1-b6f042e0fd22,2026-08-03,late,10:33:00,18:41:00,2026-08-03 05:03:48.799204+00,j573a7tq47hrcwm9yx9sb44rbh8brznp,92ede6a3-2b15-4953-abe7-c978868e3595,null
0dcfe719-b432-44ae-934f-f23081eabcc4,00000000-0000-0000-0000-000000000001,2ce16d52-adfd-418f-9ac1-b6f042e0fd22,2026-08-04,late,10:30:00,19:07:00,2026-08-04 05:01:00.482057+00,j576q27ramv1m8t91c9pf3jd458bttbz,1986b10b-e95b-41d9-abbc-f414a41bc32a,null
10d75fb7-4a1d-4af4-89c5-e2101628ad25,00000000-0000-0000-0000-000000000001,f7dd430d-c6a9-43ea-98b1-be8e0ea84bf6,2026-08-04,late,10:18:00,17:15:00,2026-08-04 04:48:36.052125+00,j578yh9fky8wzkr9nf2x0czd8h8bttmf,bda81cf8-695e-4a48-8996-d89444d63820,null
1f2e0c67-8ba6-40c0-8df9-465a5808e4f5,00000000-0000-0000-0000-000000000001,8a235718-7769-447f-ac47-d37aa798b932,2026-08-04,present,09:28:00,17:36:00,2026-08-04 03:59:03.754112+00,j578axs7gxmg3xx58rw27892t18bvm0m,9d5c8060-9e30-4765-bcda-36ca081dda72,null
215f4f39-7e1a-41b3-ae3d-085452418793,00000000-0000-0000-0000-000000000001,fc505e28-6210-49c3-b873-e10e86ec7b92,2026-08-04,late,10:12:00,18:17:00,2026-08-04 04:42:32.846298+00,j575c281t8a4m1btjr40ww92tx8bt4bm,e8a9f898-4a70-46aa-ae3c-06ebf9b16d05,null
452920ed-61ce-4a9f-919f-b487366a7663,00000000-0000-0000-0000-000000000001,509cadb2-fb85-403e-ab9a-43e9e7ec9555,2026-08-04,present,09:44:00,17:58:00,2026-08-04 04:14:22.509398+00,j57dmnv3fyazzfavvwkbbm727h8btmv5,afec1ab2-6e2b-41b5-97e0-9ea544ed3712,null
4feba233-cb6e-4d2c-b8de-acf504e31ac6,00000000-0000-0000-0000-000000000001,9c20c187-fe47-4647-a49b-6825e23b7920,2026-08-04,present,09:18:00,17:33:00,2026-08-04 03:48:52.951976+00,j57f5wae0ss1csrg939xg1cdas8bvzej,35d92409-f676-4c62-a785-5c02515b76d1,null
712d93eb-b741-4b44-9d4a-82dab676d85e,00000000-0000-0000-0000-000000000001,39523891-bab0-6a9f-129b-2f5b51ea3e37,2026-08-04,late,10:31:00,19:08:00,2026-08-04 05:01:23.272007+00,j57a7n7d7er9394b8zkpg809k98btn4z,afe1b6d5-522c-4e2a-9f14-0283049fd633,null
866f1822-2163-4c74-a219-23b3a8b19a4b,00000000-0000-0000-0000-000000000001,d37b144f-0bcd-4941-b1cf-e594fa52bb72,2026-08-04,late,09:59:00,17:31:00,2026-08-04 04:30:01.370805+00,j5764nc764ech9m4f503m3xxkn8bvhds,22146525-d50b-454f-a55c-c9350c38d49c,null
ce2ab71c-0b51-4466-90e7-8ba362eb7757,00000000-0000-0000-0000-000000000001,3b4c72de-80d1-4df4-8fbf-1147100d54dc,2026-08-04,late,09:59:00,17:08:00,2026-08-04 04:29:31.897722+00,j5741zy92jvsabx3a9khadj49n8bves0,a4ac2007-b825-4ca3-9add-b3cfada43c11,null
d9e64bb2-26d9-42a6-95ca-34e8c4bfa673,00000000-0000-0000-0000-000000000001,15b5f48a-0cb9-c73e-1c13-37fd5d8cb10b,2026-08-04,present,09:19:00,17:58:00,2026-08-04 03:49:12.369346+00,j578x1zyxec34pj6d18h081hp18bt7q4,6295cb93-f62f-4555-bc63-394e2f4abd17,null
ed5558be-fe93-451b-8963-c88fdd27ea5e,00000000-0000-0000-0000-000000000001,1876cd3b-9ca7-41aa-ae62-761a15d87153,2026-08-04,present,09:19:00,17:57:00,2026-08-04 03:49:59.746424+00,j57ecetr79wsdqg10s9vmtbmx58btsmg,d6e56a9c-8643-4d32-81ba-166f324b153e,null
f24fe391-1184-4d78-90e1-d69eec4bbc51,00000000-0000-0000-0000-000000000001,1da9e75d-51ab-4a53-9fc5-222ba2c12524,2026-08-04,late,10:09:00,18:10:00,2026-08-04 04:39:21.628568+00,j57cwk780p914mmp9tjd1qhnm18bvx7g,ac7c0ab8-af4b-437b-9de8-3e4ef7943417,null
1ab2cd77-8079-4c58-8c12-0c1478df6afb,00000000-0000-0000-0000-000000000001,1876cd3b-9ca7-41aa-ae62-761a15d87153,2026-08-05,present,09:29:00,18:00:00,2026-08-05 03:59:40.097886+00,j575de84f4g8r8xp5h81mny5f98bwaqv,a4d91d48-7ba9-43c2-8444-cb857cb1fbb7,null
2ee91634-0a70-46bc-9bb4-0a947a78869a,00000000-0000-0000-0000-000000000001,39523891-bab0-6a9f-129b-2f5b51ea3e37,2026-08-05,late,10:31:00,18:54:00,2026-08-05 05:01:18.449303+00,j57df7px4dqzetxtcw3c39y8gh8bw3nd,2006bdd4-b3e6-4b04-bb0b-d827ba5bff9b,null
310689ff-4e4e-4c60-afe6-2af41e07458e,00000000-0000-0000-0000-000000000001,f7dd430d-c6a9-43ea-98b1-be8e0ea84bf6,2026-08-05,present,09:45:00,17:18:00,2026-08-05 04:16:07.015828+00,j5798mwqcz6g1nfj0nmjw17bps8bx9y5,ebf86722-ba68-4756-946f-991d97d63f63,null
34f2f71e-9ee5-435b-8566-9f21aff089d6,00000000-0000-0000-0000-000000000001,8a235718-7769-447f-ac47-d37aa798b932,2026-08-05,late,10:15:00,17:24:00,2026-08-05 04:45:13.314888+00,j5753mqg3vvv8swpwf1yjna8rd8bxdak,f0c1743d-64e7-4800-9fee-19422ab1307e,null
5aa45360-1f86-4aec-9b71-c70c04a42782,00000000-0000-0000-0000-000000000001,9c20c187-fe47-4647-a49b-6825e23b7920,2026-08-05,present,09:07:00,null,2026-08-05 03:37:44.824326+00,j57dwyk6wwaek69gattkw3k0k58bxa2r,5a569bf8-2221-4af2-a593-576dd07a880f,null
8043d846-0495-40ce-a965-b3b4384f1b0c,00000000-0000-0000-0000-000000000001,15b5f48a-0cb9-c73e-1c13-37fd5d8cb10b,2026-08-05,present,09:29:00,18:01:00,2026-08-05 03:59:41.290475+00,j57642xxsgrfadgbmb44vdsth18bwyf4,ce3586b6-4eed-44d5-8919-974d45c33bdd,null
8ab573e0-d05c-443a-b6e6-f237dec46a92,00000000-0000-0000-0000-000000000001,1da9e75d-51ab-4a53-9fc5-222ba2c12524,2026-08-05,late,10:14:00,19:07:00,2026-08-05 04:44:38.578948+00,j5728rzdky5c5ycjtgyg2579558bw3tj,cf62f451-3c09-42c0-9530-9b9f605ae299,null
a359a273-26d9-4074-8221-45dcadee0f55,00000000-0000-0000-0000-000000000001,3b4c72de-80d1-4df4-8fbf-1147100d54dc,2026-08-05,late,09:56:00,17:13:00,2026-08-05 04:26:38.78485+00,j57478nhvdmq3pf9a0fnrvajw18bws1n,30e23fce-5fc3-41fc-be57-965ff058efd7,null
af6f8054-e5f4-47ef-a099-7c195a94de39,00000000-0000-0000-0000-000000000001,d37b144f-0bcd-4941-b1cf-e594fa52bb72,2026-08-05,late,09:53:00,17:13:00,2026-08-05 04:24:05.51297+00,j570eaha28y6s7by41m1nxyk1d8bx54j,36ede41b-ace4-45cd-a75d-47ffbefcca35,null
c5ad95f3-88f7-4730-9b76-aa759e32a5a0,00000000-0000-0000-0000-000000000001,2ce16d52-adfd-418f-9ac1-b6f042e0fd22,2026-08-05,late,10:30:00,18:53:00,2026-08-05 05:00:35.79866+00,j5728k4mkwaxncnv25nwfb9hn58bxdnx,5131888c-d18a-4468-8260-6afb6e1c3eb3,null
cb3fac46-e028-49b3-98ec-2e658da00bed,00000000-0000-0000-0000-000000000001,fc505e28-6210-49c3-b873-e10e86ec7b92,2026-08-05,late,09:57:00,18:04:00,2026-08-05 04:27:37.989121+00,j57ddqewn69qay1q5k243xhbbs8bx30e,79ab7727-f68b-44d3-af0e-d69b4107ac5a,null
d6a467aa-3470-4055-9a22-3242c44753f8,00000000-0000-0000-0000-000000000001,509cadb2-fb85-403e-ab9a-43e9e7ec9555,2026-08-05,late,09:53:00,17:59:00,2026-08-05 04:23:24.443515+00,j577z4466et2fj4721w8mkv12n8bxdg7,0594c0d4-589a-45e9-b48d-4be5d9fec5ff,null
18d12ad5-11e3-4c35-a118-5e03568dce82,00000000-0000-0000-0000-000000000001,509cadb2-fb85-403e-ab9a-43e9e7ec9555,2026-08-06,late,09:52:00,18:14:00,2026-08-06 04:22:10.434161+00,j573hqcmy4vk14sh5ezvpwf51h8bzem2,d5b7034c-1976-4df6-8a57-93966d913541,null
1c32957e-7609-49b6-8206-c85fbce69e1d,00000000-0000-0000-0000-000000000001,f7dd430d-c6a9-43ea-98b1-be8e0ea84bf6,2026-08-06,late,10:59:00,17:21:00,2026-08-06 05:30:04.495243+00,j5788n0ydek7y1nn0cjg173xrh8byd1v,4c1a6f52-55d5-4061-b7f9-708adbd0da94,null
1c9b936e-86e3-442a-a9c8-f20f3be6aba5,00000000-0000-0000-0000-000000000001,1876cd3b-9ca7-41aa-ae62-761a15d87153,2026-08-06,present,09:34:00,18:01:00,2026-08-06 04:04:33.116796+00,j57e58x38j9srks0fpw36jjrkx8bz8b9,77321023-48a1-4aca-803e-6dcc04c9409b,null
38b5881b-63ce-4fdb-9d5a-316b30b5f692,00000000-0000-0000-0000-000000000001,2ce16d52-adfd-418f-9ac1-b6f042e0fd22,2026-08-06,late,10:32:00,18:49:00,2026-08-06 05:03:05.777184+00,j576vaxzvf6n83r6smett95cad8bz467,ec66d5ff-a6c6-495d-98ae-b28196beff0e,null
4d4f703e-8ee1-4e1f-aa6f-a13be7619851,00000000-0000-0000-0000-000000000001,15b5f48a-0cb9-c73e-1c13-37fd5d8cb10b,2026-08-06,late,09:45:00,18:02:00,2026-08-06 10:51:30.770123+00,j579t6940eagy1rgn78x2adgg58byawh,960a9109-a627-4363-b24f-f14e7ef25bac,null
4d786466-ccb7-4210-b2de-219487d7f9e1,00000000-0000-0000-0000-000000000001,8a235718-7769-447f-ac47-d37aa798b932,2026-08-06,late,10:04:00,17:23:00,2026-08-06 04:35:05.736254+00,j570w6cdxpyad6gcp2ebvd1q7d8bzhkt,78715f4a-7076-497a-875e-eb8fb0f6d0ac,null
753997ce-6aa5-4a7e-824f-d20127f8b092,00000000-0000-0000-0000-000000000001,3b4c72de-80d1-4df4-8fbf-1147100d54dc,2026-08-06,late,10:01:00,17:16:00,2026-08-06 04:31:53.363139+00,j574vr057cje27dn14t2qgx1mx8bz9ec,c301bde2-1fee-4b47-989b-7bf0c349c363,null
8388f885-ce5c-45ea-a7b5-c82e5364087b,00000000-0000-0000-0000-000000000001,fc505e28-6210-49c3-b873-e10e86ec7b92,2026-08-06,late,09:59:00,18:16:00,2026-08-06 04:28:58.453922+00,j571a2jz689j48g7jw16bz582d8bzc9q,65ae0a22-ffb3-4dce-92fc-e63fe3fa51fa,null
a5888390-aa4d-4a03-ba28-756f5ede8352,00000000-0000-0000-0000-000000000001,1da9e75d-51ab-4a53-9fc5-222ba2c12524,2026-08-06,late,10:24:00,18:33:00,2026-08-06 04:54:10.595462+00,j578jya3mv8vx75nrj6dj39xjn8bzgf7,3d835c42-2a12-4ab5-83d3-b9b4c67c8582,null
db854280-9d3d-4b5f-8845-86617e36cb2f,00000000-0000-0000-0000-000000000001,d37b144f-0bcd-4941-b1cf-e594fa52bb72,2026-08-06,late,09:56:00,17:16:00,2026-08-06 04:27:55.301916+00,j57ft769mrz5sy548m6f88dhdn8byc6k,879ebc9a-f56e-4cb7-b611-1ac8e368dfcd,null
e6d5ecfa-a2b8-4e24-8272-228b222b3500,00000000-0000-0000-0000-000000000001,39523891-bab0-6a9f-129b-2f5b51ea3e37,2026-08-06,late,10:29:00,18:50:00,2026-08-06 04:59:36.821637+00,j578v67fzrmp8bag8dgd40znhd8by0k1,55cf39e9-bf43-410e-b6de-4214c6da6bc2,null
3d3c7d1c-fc04-464c-ab77-0f2f1d88c863,00000000-0000-0000-0000-000000000001,509cadb2-fb85-403e-ab9a-43e9e7ec9555,2026-08-07,late,09:53:00,18:03:00,2026-08-07 04:23:20.543082+00,j578mybjhw3p4qftdp2atqwjg18c1gn1,1b74d84a-1561-4144-9835-139aabdab2d1,null
4929fbfa-0f4d-4620-935a-ad9651aa213c,00000000-0000-0000-0000-000000000001,39523891-bab0-6a9f-129b-2f5b51ea3e37,2026-08-07,late,10:30:00,19:24:00,2026-08-07 05:00:23.666362+00,j576t4gat32hwjftbzrsxr2sh98c07w9,8b3e9e51-5553-4873-8ee2-1a8fcc547edf,null
5b0fe722-5b81-418a-8675-fb1e808f14d7,00000000-0000-0000-0000-000000000001,3b4c72de-80d1-4df4-8fbf-1147100d54dc,2026-08-07,late,09:54:00,17:05:00,2026-08-07 04:24:47.506222+00,j57199fkvpbcrq4enqwp4y2t7x8c1qcg,18b77f10-9145-4917-8db5-da3d22653492,null
5f8e8c6a-b66d-4b04-9950-bb5885a665c3,00000000-0000-0000-0000-000000000001,8a235718-7769-447f-ac47-d37aa798b932,2026-08-07,late,09:48:00,17:33:00,2026-08-07 04:18:19.778601+00,j575v15w493eysm48cjbg8ca6n8c1k2b,c6553708-09e0-4135-ba0b-efedb4737617,null
6dfb34a9-94da-40f9-a200-7522dba39d81,00000000-0000-0000-0000-000000000001,1876cd3b-9ca7-41aa-ae62-761a15d87153,2026-08-07,present,09:17:00,17:48:00,2026-08-07 03:47:47.693127+00,j579wnqvkg9s93b9rr8193ents8c0ebj,da80b079-2829-4c23-8e99-f8b281463f0a,null
9e339d43-7956-42a5-a5b8-fc13fa8dab50,00000000-0000-0000-0000-000000000001,1da9e75d-51ab-4a53-9fc5-222ba2c12524,2026-08-07,late,09:50:00,19:15:00,2026-08-07 04:20:59.869799+00,j57c65rxnvc7n37ks4s2qx3b5n8c05xn,4eb88028-6faa-4a3c-9e7e-4155fba0c15e,null
b51357d0-6b3b-42e2-bf16-f11739a9e6f8,00000000-0000-0000-0000-000000000001,f7dd430d-c6a9-43ea-98b1-be8e0ea84bf6,2026-08-07,present,09:45:00,16:58:00,2026-08-07 04:16:43.87512+00,j5778fr398gwv610kr0j5r5scs8c0na1,879dfa11-b71e-40f3-b511-5e554e0569ea,null
e3e2aaee-627a-4187-9ee9-2c5bb2337194,00000000-0000-0000-0000-000000000001,2ce16d52-adfd-418f-9ac1-b6f042e0fd22,2026-08-07,late,10:29:00,19:24:00,2026-08-07 04:59:44.793088+00,j571pfgteathrjhmhwr54rtn4x8c04rw,98a016c4-76c3-4790-9166-95236627db87,null
ef3ed93b-a49a-44c1-a8f7-79358f52c18f,00000000-0000-0000-0000-000000000001,fc505e28-6210-49c3-b873-e10e86ec7b92,2026-08-07,late,09:53:00,18:29:00,2026-08-07 04:23:03.450363+00,j574hf76wqjtwtktdhppac8ab98c0201,99e31c27-7031-4af7-bc1f-16a31ddd4033,null
efecdbe4-ddfa-4d62-8808-48494f3753c9,00000000-0000-0000-0000-000000000001,d37b144f-0bcd-4941-b1cf-e594fa52bb72,2026-08-07,late,09:52:00,17:32:00,2026-08-07 04:23:02.322401+00,j57epn30xetfqcvxy09hawg9dd8c0nj9,fa7947fa-5305-4fd3-8cc8-e01bb071254f,null
f5bf3d5c-6f81-4d61-94e2-7c51c135f957,00000000-0000-0000-0000-000000000001,15b5f48a-0cb9-c73e-1c13-37fd5d8cb10b,2026-08-07,present,09:39:00,18:02:00,2026-08-07 04:09:38.099719+00,j57br6r3tdc7cs41wpgcs6zgx98c05be,54792522-a285-4f82-8420-ecea923dd957,null
04e752bd-57b0-4b1c-bf28-bcf6b44d7d0f,00000000-0000-0000-0000-000000000001,f7dd430d-c6a9-43ea-98b1-be8e0ea84bf6,2026-08-08,late,17:25:00,23:59:00,2026-08-08 11:55:37.92781+00,j574h18qcqwtjw3e1taqdyc64d8c2x21,22df9b0e-b8dd-49c1-92a4-79b6474fed1d,null
30659884-7284-471a-a666-bb8721273055,00000000-0000-0000-0000-000000000001,d37b144f-0bcd-4941-b1cf-e594fa52bb72,2026-08-08,late,10:41:00,17:38:00,2026-08-08 05:11:17.371437+00,j572a6ahs2q7khjm6xprzkc0418c2a4q,257c6fab-d594-4e5b-b75e-51b79c6492c7,null
3e34a172-9df9-4470-93e9-44e82dbc360e,00000000-0000-0000-0000-000000000001,1da9e75d-51ab-4a53-9fc5-222ba2c12524,2026-08-08,late,10:40:00,18:10:00,2026-08-08 05:10:40.798022+00,j5748xsrxp2398mz5z182xpsbx8c3t85,bb0bee63-4c23-4048-a316-9eba2c392268,null
4bc1adc1-5bfa-4546-9b1d-8a34710a3c2d,00000000-0000-0000-0000-000000000001,39523891-bab0-6a9f-129b-2f5b51ea3e37,2026-08-08,present,10:15:00,07:00:00,2026-08-10 12:29:24.416673+00,null,19b241fe-4121-47b5-aac1-c997ee277535,null
58206abe-89b1-41cf-a63e-7c6fd9ccb4d7,00000000-0000-0000-0000-000000000001,8a235718-7769-447f-ac47-d37aa798b932,2026-08-08,late,17:26:00,23:59:00,2026-08-08 11:56:46.771145+00,j577f464x4z5sgmrwckbkv55pd8c37nq,419edc33-ed46-402a-bf8b-531550743d91,null
7cf76867-a4c2-484b-9997-9cee63013edb,00000000-0000-0000-0000-000000000001,fc505e28-6210-49c3-b873-e10e86ec7b92,2026-08-08,late,09:54:00,19:33:00,2026-08-08 04:24:10.032429+00,j577qqgann7qzkd5qgyddp17hs8c36y6,37b9a23b-869a-43cb-a8c5-08cf53fe403c,null
b1dafd77-3dbe-487b-add6-6a39100e7579,00000000-0000-0000-0000-000000000001,2ce16d52-adfd-418f-9ac1-b6f042e0fd22,2026-08-08,late,10:26:00,18:40:00,2026-08-08 04:57:12.466871+00,j5716920shxn5ra5201z30v0xd8c3y3n,68614caf-b299-4353-b0b5-198af7c9161f,null
df716cc1-b729-43cf-b16c-a08014854359,00000000-0000-0000-0000-000000000001,509cadb2-fb85-403e-ab9a-43e9e7ec9555,2026-08-08,late,09:55:00,18:07:00,2026-08-08 04:24:46.732651+00,j57557jbdzg1jwmgj8jmg7hfnn8c33mk,39a374cd-18fe-4aa5-8533-735f5be034a8,null
b75fb808-10dc-48a5-b3ff-ad5b083019ab,00000000-0000-0000-0000-000000000001,1da9e75d-51ab-4a53-9fc5-222ba2c12524,2026-08-09,late,11:59:00,16:41:00,2026-08-09 06:29:31.528671+00,j5789ar8k5ddd4mef0242j7cax8c4peq,358e456d-e108-4580-8ca3-9c08c2e820d1,null
215ece5a-3166-466d-a5a5-dd9015980cc1,00000000-0000-0000-0000-000000000001,fc505e28-6210-49c3-b873-e10e86ec7b92,2026-08-10,late,09:54:00,18:37:00,2026-08-10 04:24:07.976826+00,j57b5nfpzbtth7zampcgj1ky498c6z5h,93d55531-584a-4515-847b-87c0be887153,null
51d82b4c-d800-4320-bfa6-3e2c79fff1f1,00000000-0000-0000-0000-000000000001,2ce16d52-adfd-418f-9ac1-b6f042e0fd22,2026-08-10,late,10:17:00,18:40:00,2026-08-10 04:47:28.951039+00,j57076yxxejb9ygq395wrnmsm58c70n6,81ae6a51-b8b3-4729-9277-34a1888e2761,null
606607b6-b288-4fdd-b9e8-7bb97f23955e,00000000-0000-0000-0000-000000000001,1da9e75d-51ab-4a53-9fc5-222ba2c12524,2026-08-10,present,09:43:00,18:27:00,2026-08-10 04:13:30.622349+00,j57cj4zg839q1y5pwsw18h45058c6azn,b8793a75-ea93-4c04-9138-7908d01fb9c2,null
659ffaed-9e4c-4a87-b179-fc8dc5a16bcb,00000000-0000-0000-0000-000000000001,15b5f48a-0cb9-c73e-1c13-37fd5d8cb10b,2026-08-10,present,09:45:00,18:25:00,2026-08-10 04:15:52.333272+00,j57483hk5ppak1hqeg195gd7d58c73rw,dc63ba3a-ca75-4388-b635-041bf7be1f40,null
6c0f65c3-788e-483f-9626-62f4ec21b4c8,00000000-0000-0000-0000-000000000001,d37b144f-0bcd-4941-b1cf-e594fa52bb72,2026-08-10,late,09:53:00,17:53:00,2026-08-10 04:24:01.646883+00,j577tc31aj1nps089n720jf97h8c7ht1,48ecb9de-1f1f-4243-bb41-ba0b85c2f245,null
8aa98389-629c-4f83-b501-3b78febce0fd,00000000-0000-0000-0000-000000000001,509cadb2-fb85-403e-ab9a-43e9e7ec9555,2026-08-10,late,09:51:00,18:02:00,2026-08-10 04:21:45.679307+00,j57d9d196qgcxsdkmh9c7sv6z18c6708,afeb3d3c-550e-4c7e-afe9-316198523f82,null
ae0155fc-d443-483e-9609-71abb342df56,00000000-0000-0000-0000-000000000001,1876cd3b-9ca7-41aa-ae62-761a15d87153,2026-08-10,present,09:44:00,23:59:00,2026-08-10 04:14:25.979484+00,j575axw9gvz5h7f4reveq5a74n8c629p,135d9916-df8a-4214-acd7-07108ee667c2,null
b58370f8-74fb-443a-9a60-90d40f7b2462,00000000-0000-0000-0000-000000000001,f7dd430d-c6a9-43ea-98b1-be8e0ea84bf6,2026-08-10,late,09:46:00,17:13:00,2026-08-10 04:16:29.820546+00,j5774vj48vaqtr2wban1kakex18c71y0,5cce64e1-9db4-40d4-a9f5-c8d964a12ef7,null
bdb82aa2-ae39-44ba-973e-9f700c2e6cf8,00000000-0000-0000-0000-000000000001,3b4c72de-80d1-4df4-8fbf-1147100d54dc,2026-08-10,late,10:05:00,17:14:00,2026-08-10 04:35:27.67905+00,j57cpsat9cjbkd2qgq43wrgfy18c76yx,fcb12ebe-a442-4dc7-b470-59b264041f5e,null
cf787c72-30bf-4101-9900-3b4de03cd3b4,00000000-0000-0000-0000-000000000001,8a235718-7769-447f-ac47-d37aa798b932,2026-08-10,late,12:13:00,17:25:00,2026-08-10 06:43:38.246207+00,j577n2fmpnvzgkmgbxw1krz42n8c7dtz,785e5885-8288-4843-ba4e-0575e8c56e70,null
ebd6faca-67ad-447c-853e-45c486bcbed7,00000000-0000-0000-0000-000000000001,39523891-bab0-6a9f-129b-2f5b51ea3e37,2026-08-10,late,10:55:00,19:06:00,2026-08-10 05:25:50.038121+00,j573p62q6c1pkz2sxer5tmf5h58c6hze,67349f44-bb87-42d1-8822-1036b3546ffa,null
1e5dda50-86e6-4e4d-9a5c-0ce2d9a865d8,00000000-0000-0000-0000-000000000001,39523891-bab0-6a9f-129b-2f5b51ea3e37,2026-08-11,late,10:30:00,18:44:00,2026-08-11 05:00:29.396507+00,j579tv892yw67s5a3zmz3g5ked8c99a5,562c4754-e207-44f8-820c-72b29c851e2a,null
235ad96d-4c9d-4f45-bb0a-15cc980e72e9,00000000-0000-0000-0000-000000000001,2ce16d52-adfd-418f-9ac1-b6f042e0fd22,2026-08-11,late,10:30:00,18:44:00,2026-08-11 05:00:23.421358+00,j579thh9kbre1h4mksexr708d18c8901,a6ad6f6c-1ac5-4691-af5a-172b39775dd8,null
28ebe972-dde1-4489-963a-8aacbf916229,00000000-0000-0000-0000-000000000001,fc505e28-6210-49c3-b873-e10e86ec7b92,2026-08-11,late,09:55:00,18:12:00,2026-08-11 04:25:09.149889+00,j57dexw7t95as9rwaq79mztcan8c8c17,e3e90e00-625c-4390-9562-734c1a4cfcff,null
9957b2a1-c11a-4b3e-8bef-84b83c765a8d,00000000-0000-0000-0000-000000000001,d37b144f-0bcd-4941-b1cf-e594fa52bb72,2026-08-11,late,10:01:00,17:42:00,2026-08-11 04:31:14.722679+00,j570v0hyhfsjg74azt3a9f49sd8c8h2p,2a8bc978-500d-4073-b7d7-3da0623b53e0,null
bcf8047b-d6b0-49ff-b5bf-18ca09b21b0a,00000000-0000-0000-0000-000000000001,3b4c72de-80d1-4df4-8fbf-1147100d54dc,2026-08-11,late,10:05:00,17:13:00,2026-08-11 04:35:51.513861+00,j57cdxwx9da8xadzekcwdrvtjx8c9tdc,dd753189-7a02-4a0b-bfc4-3ce7a7633d25,null
bd6ee9ce-fdb2-42a0-80a5-50dd651ce39c,00000000-0000-0000-0000-000000000001,1876cd3b-9ca7-41aa-ae62-761a15d87153,2026-08-11,present,09:18:00,18:07:00,2026-08-11 03:48:30.414112+00,j5734q01rhcpxgzxjwg2g6yms98c8sbg,78a957d4-0cd0-4214-ad14-74005f71fdb8,null
c2969014-c102-44f3-b54a-26392e942387,00000000-0000-0000-0000-000000000001,15b5f48a-0cb9-c73e-1c13-37fd5d8cb10b,2026-08-11,late,09:46:00,18:32:00,2026-08-11 04:16:46.384036+00,j5743n4dsvqa5sst9pgvay0bp98c9v21,431a408b-d20c-4f8f-b35e-3d8601886a54,null
d8e994e9-84e4-4333-a73b-4b86614d1f23,00000000-0000-0000-0000-000000000001,1da9e75d-51ab-4a53-9fc5-222ba2c12524,2026-08-11,late,10:11:00,23:59:00,2026-08-11 04:41:18.782604+00,j57frkk8hg1sae6b576j0n477d8c9y6m,f67f3e32-3056-447a-8fb9-b9acb360101c,null
dbbde582-549a-42a1-a608-8d6bd4de2ca9,00000000-0000-0000-0000-000000000001,f7dd430d-c6a9-43ea-98b1-be8e0ea84bf6,2026-08-11,late,09:50:00,14:40:00,2026-08-11 04:20:29.193507+00,j57akdr82cnfk1v9b63sc0pvcx8c8exy,97d2e110-8384-41ac-8d0e-a4c1f30e7408,null
df3420e3-48a9-4371-a08f-3a034f4280a0,00000000-0000-0000-0000-000000000001,509cadb2-fb85-403e-ab9a-43e9e7ec9555,2026-08-11,late,09:48:00,17:55:00,2026-08-11 04:18:14.847451+00,j575re2xvxa6e2n2htrrt5at5h8c94cj,c861472e-110e-4478-9bef-7d91fb9380f4,null
e1f66306-11e3-4a01-9b08-d90ad87b6ae9,00000000-0000-0000-0000-000000000001,8a235718-7769-447f-ac47-d37aa798b932,2026-08-11,late,10:14:00,17:23:00,2026-08-11 04:44:15.408225+00,j57c3em6rh24qhrxc1krqrejtn8c81bn,0e5e0d45-513a-4983-93e7-bf3044e8bc91,null
02199e00-c5e0-4c40-993d-199d86e27f5a,00000000-0000-0000-0000-000000000001,39523891-bab0-6a9f-129b-2f5b51ea3e37,2026-08-12,late,10:29:00,18:48:00,2026-08-12 05:00:07.428494+00,j577afv5960rcm63q5bdzh5zjx8cay5v,e438fb1d-b714-4ebc-811e-0da5df190504,null
16565a62-c05d-4cca-a52f-2f6a2914b23b,00000000-0000-0000-0000-000000000001,1da9e75d-51ab-4a53-9fc5-222ba2c12524,2026-08-12,late,10:14:00,18:23:00,2026-08-12 04:44:22.648974+00,j570vw8s6en8x7mc6smn91cqhx8cafqw,7e6dfa95-9e30-4dec-ae11-b091e2f58d85,null
31bd8086-83ba-434e-ae69-88914b036dff,00000000-0000-0000-0000-000000000001,15b5f48a-0cb9-c73e-1c13-37fd5d8cb10b,2026-08-12,late,10:12:00,18:25:00,2026-08-12 04:42:56.859717+00,j57933n67xh6zbnenzr21p2qsn8cbr3r,8528bc25-8783-4768-9a66-b308aa1acc4d,null
61f1e8fc-2d36-463b-b0f9-6b794ade14c7,00000000-0000-0000-0000-000000000001,fc505e28-6210-49c3-b873-e10e86ec7b92,2026-08-12,late,10:11:00,18:46:00,2026-08-12 04:40:54.313196+00,j571pq9s03qkbd4vhebyshcnc58cbrad,c7133a1a-0a61-47ce-ae54-241b6bbfa664,null
62bb32de-f716-48dd-908d-7fce9c833242,00000000-0000-0000-0000-000000000001,d37b144f-0bcd-4941-b1cf-e594fa52bb72,2026-08-12,late,09:30:00,17:32:00,2026-08-12 04:45:32.192755+00,j5721abey0t74eqwcva2v2v4t58ca7gt,fad5347c-86a0-4618-bb93-cc23be2b1a89,null
83458fdf-a585-4d36-aa01-81a735afa3f6,00000000-0000-0000-0000-000000000001,8a235718-7769-447f-ac47-d37aa798b932,2026-08-12,late,10:11:00,17:22:00,2026-08-12 04:42:10.42666+00,j5722d7t3wwjy5wpz9e65katd58cbft1,dece044f-9049-4ee8-982b-01c682bccd26,null
b7ad23af-969a-48f2-9cad-5b72a79ba0b0,00000000-0000-0000-0000-000000000001,1876cd3b-9ca7-41aa-ae62-761a15d87153,2026-08-12,late,10:04:00,18:28:00,2026-08-12 04:35:06.032839+00,j57218crdzgqjdchgt9vsbs6jx8ca7bp,71559b78-e92a-40c8-b3ba-68be5d464a97,null
d7ab8b79-a719-4cde-a5b7-99c5ec8bd9ac,00000000-0000-0000-0000-000000000001,2ce16d52-adfd-418f-9ac1-b6f042e0fd22,2026-08-12,late,10:29:00,18:48:00,2026-08-12 04:59:40.521735+00,j574c3y2epcpzyapaj2reyya7x8cbezx,3a4cb2a4-a210-4ec8-9d72-4635421a9dcd,null
e6f80a93-88e4-4cff-8e49-6e4007550d18,00000000-0000-0000-0000-000000000001,3b4c72de-80d1-4df4-8fbf-1147100d54dc,2026-08-12,late,10:11:00,17:12:00,2026-08-12 04:41:23.866171+00,j57ff1cy48r5s1c93er6xvcx6n8cbgm5,6bdb5e83-d285-4e06-b813-bddd0544689b,null
fc3924cc-c1a8-4d13-b625-161117781db3,00000000-0000-0000-0000-000000000001,509cadb2-fb85-403e-ab9a-43e9e7ec9555,2026-08-12,late,09:48:00,17:57:00,2026-08-12 04:18:21.367457+00,j571t9dxpcrxdyw7tx4hkvt8998cbt9e,a0f9e87c-2241-4f3e-8bdd-2052f94ef61b,null
3e2b0181-9a3c-44e5-a1de-348125c49647,00000000-0000-0000-0000-000000000001,d37b144f-0bcd-4941-b1cf-e594fa52bb72,2026-08-13,late,10:00:00,17:46:00,2026-08-13 04:30:28.653958+00,j577se358z72r7j0460c6r8dv58cdp15,ed829087-bcad-4bbb-bbdb-762923219d59,null
4ff2730a-683a-4bb7-970f-2c87478709ad,00000000-0000-0000-0000-000000000001,fc505e28-6210-49c3-b873-e10e86ec7b92,2026-08-13,late,10:14:00,18:13:00,2026-08-13 04:44:02.242248+00,j571c1n51q619vpjmc47zg6atn8cdv7t,4ef82e8f-1d9b-4a52-bacf-0ca7da956181,null
51c2881e-a899-4df5-b35d-3512d4f8c948,00000000-0000-0000-0000-000000000001,8a235718-7769-447f-ac47-d37aa798b932,2026-08-13,late,10:19:00,17:26:00,2026-08-13 04:49:35.644768+00,j570mtzppwag9g56ec64rhmthd8cdk03,65ac95d6-fe4d-4c5c-bbdc-dc8b160c474b,null
78a69269-e4d0-4c70-9931-fb90d2e79bef,00000000-0000-0000-0000-000000000001,15b5f48a-0cb9-c73e-1c13-37fd5d8cb10b,2026-08-13,late,09:46:00,18:23:00,2026-08-13 04:16:34.579607+00,j57fmsrgsq6gcbaz0qjdw2z8dd8cddtz,62af0cb6-0fe9-46b4-9b2a-59ab103330a9,null
814f9017-71e4-469e-8b27-3451c70912aa,00000000-0000-0000-0000-000000000001,3b4c72de-80d1-4df4-8fbf-1147100d54dc,2026-08-13,late,10:02:00,17:14:00,2026-08-13 04:32:23.232303+00,j57et3qw5j7gxzk3hjnzx74ams8cc5t8,bb3c0156-cc44-4e23-9f3f-5ecc970e8917,null
9c86906f-5b14-4a55-aa41-40ed99850912,00000000-0000-0000-0000-000000000001,39523891-bab0-6a9f-129b-2f5b51ea3e37,2026-08-13,late,10:43:00,18:44:00,2026-08-13 05:14:03.242529+00,j57666hns5nnh1v1hh3p1w0ymd8cdzxm,46e9b269-cde3-4bac-ae7e-536ca4f6247f,null
adc1822a-09dd-4f61-b446-098e76436c09,00000000-0000-0000-0000-000000000001,1876cd3b-9ca7-41aa-ae62-761a15d87153,2026-08-13,late,09:49:00,18:10:00,2026-08-13 04:19:45.580116+00,j57131b8wg4zxgbkcwszddg2qd8cc5fr,c238349d-dd80-450c-8546-11d80cb1e3e4,null
b61a3a6a-9b4a-4658-b15c-b347a05d682f,00000000-0000-0000-0000-000000000001,509cadb2-fb85-403e-ab9a-43e9e7ec9555,2026-08-13,late,09:54:00,18:01:00,2026-08-13 04:23:48.810626+00,j57dvsywwqbv43jpygz38r8scd8cdagg,b1cfc5f1-d7ea-4547-98b6-b9afdca4fa5d,null
bca28f69-338a-4103-a21e-d522cb4c0839,00000000-0000-0000-0000-000000000001,2ce16d52-adfd-418f-9ac1-b6f042e0fd22,2026-08-13,late,10:44:00,18:45:00,2026-08-13 05:14:25.015876+00,j57655xyq2f7vs6hz597agnmj18ccygh,6efba749-b221-4729-a380-41bea4d2fb7c,null
f204c8a2-1e37-40a0-a646-67480e69cc04,00000000-0000-0000-0000-000000000001,f7dd430d-c6a9-43ea-98b1-be8e0ea84bf6,2026-08-13,late,10:13:00,17:25:00,2026-08-13 04:44:01.665428+00,j5718e440ba0f56ehe9vvk97as8ccaad,3e0c6591-2be5-4086-85be-e7ab3931346f,null
facb77f2-1c08-422e-81c6-e2e8d7c7da15,00000000-0000-0000-0000-000000000001,1da9e75d-51ab-4a53-9fc5-222ba2c12524,2026-08-13,late,10:18:00,18:39:00,2026-08-13 04:48:46.556372+00,j571w0jfsy40kt9dqakq36b7xx8cd6vr,1b638c40-eaa8-4361-8893-bcb5169155a5,null
0abb23fa-deb7-4a60-8b8f-ca9dbffbef45,00000000-0000-0000-0000-000000000001,3b4c72de-80d1-4df4-8fbf-1147100d54dc,2026-08-14,late,10:03:00,17:06:00,2026-08-14 04:33:40.946863+00,j571za9mbr4vecag56qs4r5t118ce7cw,15050045-2cd8-4a51-aba2-afd5620af44e,null
2c69ebe4-f6e4-4aa8-9e1b-2e0d81fde773,00000000-0000-0000-0000-000000000001,fc505e28-6210-49c3-b873-e10e86ec7b92,2026-08-14,present,09:33:00,16:51:00,2026-08-14 04:03:20.436653+00,j57fnj0243043wvw36xb2c2gt58ce7s7,be4854c7-01c4-4330-86ab-f3c642c0ae7e,null
32632e73-75ef-4146-b6b9-8f1b48bc67d0,00000000-0000-0000-0000-000000000001,1876cd3b-9ca7-41aa-ae62-761a15d87153,2026-08-14,present,09:42:00,18:29:00,2026-08-14 04:12:57.723825+00,j5759vgftrd6vzax8e4yrng3v98cftay,70856039-b263-4779-8b86-913bba9ed089,null
5c3b7388-de9b-42e5-bb26-5b6d40b2a74a,00000000-0000-0000-0000-000000000001,15b5f48a-0cb9-c73e-1c13-37fd5d8cb10b,2026-08-14,present,09:45:00,17:54:00,2026-08-14 04:17:29.303821+00,j576tg0ha5w509baamqxj7mdp58ce5c2,c58c3a92-56f0-4b80-84c6-1546ed6fb769,null
5f3e27f3-f1b8-4061-811f-07fab698550e,00000000-0000-0000-0000-000000000001,f7dd430d-c6a9-43ea-98b1-be8e0ea84bf6,2026-08-14,late,10:11:00,17:03:00,2026-08-14 04:41:13.45221+00,j572hap7ncrnvyp6wyz2rh3hf18cf1p5,aa42e3a8-1a3d-4ddd-aca9-50dc4a8547d5,null
68d1cf6f-9145-4c5f-8955-89ca31cd47f9,00000000-0000-0000-0000-000000000001,2ce16d52-adfd-418f-9ac1-b6f042e0fd22,2026-08-14,late,10:28:00,18:43:00,2026-08-14 04:58:19.511107+00,j579zkhd27j1ex61bsn6ffyrcs8cfzd7,2dd36b59-755d-4e74-aac4-b5f38a5c9540,null
ae9f1c37-1bae-4c66-a7d3-c4c42344d386,00000000-0000-0000-0000-000000000001,509cadb2-fb85-403e-ab9a-43e9e7ec9555,2026-08-14,late,09:51:00,18:09:00,2026-08-14 04:21:26.716713+00,j57an31cambpcq8cscw8y31nzs8ces0w,0995d172-7f94-420d-8c8a-851f9fc6bdb6,null
b4491cbd-74a2-4c4d-9603-606c3211aeb6,00000000-0000-0000-0000-000000000001,1da9e75d-51ab-4a53-9fc5-222ba2c12524,2026-08-14,late,10:17:00,18:37:00,2026-08-14 04:47:12.353112+00,j572qjka3b33apzhfmxppdjss18cec6j,7c84770d-2a51-47ec-9e82-114637424b7e,null
b870b17a-d12a-4e98-824b-ccf0e8cb75de,00000000-0000-0000-0000-000000000001,39523891-bab0-6a9f-129b-2f5b51ea3e37,2026-08-14,late,10:28:00,18:43:00,2026-08-14 04:58:58.323197+00,j5705amf2ekq4ggp4904e61e5h8cfm78,e5e87966-b472-46e0-ab16-d0a2b62e9603,null
c7ed2a84-6b40-409b-a9dc-7c7cc71cd361,00000000-0000-0000-0000-000000000001,d37b144f-0bcd-4941-b1cf-e594fa52bb72,2026-08-14,late,10:03:00,17:38:00,2026-08-14 04:33:53.688581+00,j57dkynrm4qtxbnt6g6wh0qt1x8cfyw8,936a552c-d4f4-4abd-8e82-90404cfa518e,null
e6afa6b9-9b68-4f9d-a6a6-7b1b0c761f9f,00000000-0000-0000-0000-000000000001,8a235718-7769-447f-ac47-d37aa798b932,2026-08-14,late,10:12:00,17:21:00,2026-08-14 04:42:53.164706+00,j576jp3evxcx7r31pdavd9dcm58ce89q,f7458baa-2667-4cd8-a4d4-6155827597c5,null
0d5dd49c-b9f7-4b1d-845e-9340c6bc7f9d,00000000-0000-0000-0000-000000000001,1da9e75d-51ab-4a53-9fc5-222ba2c12524,2026-08-15,late,10:24:00,19:24:00,2026-08-15 04:54:48.359677+00,j574abmc6wqqqbevg68r1v3r8s8ch6vw,9de495f4-069d-4ed5-81aa-6b6c283983a6,null
561035ba-bf7b-4524-95b4-5dca59b790f0,00000000-0000-0000-0000-000000000001,d37b144f-0bcd-4941-b1cf-e594fa52bb72,2026-08-15,late,09:55:00,17:31:00,2026-08-15 04:26:48.796606+00,j5766rnwmxxsr0kgrc0xe3te118cha5s,56b2bba2-440e-4428-b0a2-410a3276e842,null
6139918b-7913-4a40-a6dc-2fb71f4972f6,00000000-0000-0000-0000-000000000001,f7dd430d-c6a9-43ea-98b1-be8e0ea84bf6,2026-08-15,late,09:40:00,16:56:00,2026-08-15 04:36:58.105199+00,j570cybt1g2f7qm5xajq56ebmn8cgr0r,29c48223-faf1-42e0-95ef-9b6e6d19feab,null
6a5fb174-a269-4f29-896c-6c43c7124df5,00000000-0000-0000-0000-000000000001,3b4c72de-80d1-4df4-8fbf-1147100d54dc,2026-08-15,late,09:45:00,16:55:00,2026-08-15 04:27:14.457243+00,j57023z4zkp2wsf88zyv7v84ph8chtj3,63aabbe0-357a-4fb6-8854-85a513e865fc,null
da0825cc-2c9d-41a8-a9ab-dc368661d2fe,00000000-0000-0000-0000-000000000001,15b5f48a-0cb9-c73e-1c13-37fd5d8cb10b,2026-08-15,late,09:58:00,19:26:00,2026-08-15 04:28:25.664238+00,j57etb9228h758n2224qzve8yx8chrb4,1fff9455-b107-4dc7-8164-9c95d3c0b043,null
f5e2ceb7-5594-4cfe-bd18-397f5c351330,00000000-0000-0000-0000-000000000001,8a235718-7769-447f-ac47-d37aa798b932,2026-08-15,late,10:13:00,16:55:00,2026-08-15 04:43:24.239766+00,j57envberj40rhc4jaeqdd4njs8chrdp,c4b5c525-7a86-4c92-b23c-64bfbc1c41b9,null
4882ee49-ccfc-4637-ba89-ec798a0624c2,00000000-0000-0000-0000-000000000001,1da9e75d-51ab-4a53-9fc5-222ba2c12524,2026-08-16,late,10:10:00,18:11:00,2026-08-16 04:40:27.373332+00,j5794vrhmzhrjt3esvngtrqze58ck2xc,cc79bb89-1b11-460f-8961-1a7cb1098491,null
13b6c02c-2f2a-4265-b074-4999581fdaa3,00000000-0000-0000-0000-000000000001,f7dd430d-c6a9-43ea-98b1-be8e0ea84bf6,2026-08-17,late,17:17:00,23:59:00,2026-08-17 11:47:10.889804+00,j5792ebfgcet8pqfm44pac81an8cmnet,48322f7b-d883-4667-aad3-0eda5de8d57c,null
16448214-a963-496d-8182-ed2442b130a6,00000000-0000-0000-0000-000000000001,8a235718-7769-447f-ac47-d37aa798b932,2026-08-17,late,09:59:00,17:22:00,2026-08-17 04:29:46.337343+00,j572as278d3k2b6t6vmrrs6h5h8cn5h3,94b25e4e-a4c2-426b-b4c2-c87666d6348e,null
40b87316-0670-40f9-8e15-e025fab9a4a4,00000000-0000-0000-0000-000000000001,1876cd3b-9ca7-41aa-ae62-761a15d87153,2026-08-17,present,09:21:00,18:11:00,2026-08-17 03:52:07.189278+00,j5797v1vp7smpmcbc365krw86x8cn9cd,be91d4a4-8882-4355-a5cd-4eabd1fb3651,null
a6539f1a-7283-4dac-a0d1-6c1bf51f3913,00000000-0000-0000-0000-000000000001,39523891-bab0-6a9f-129b-2f5b51ea3e37,2026-08-17,late,10:30:00,18:33:00,2026-08-17 05:01:13.446869+00,j5730kxhrv17qzcs1q4g18zzvx8cm6bt,0e04a0f1-2f25-4ffa-9e58-1439a19ead5b,null
b56ca415-9601-4b58-bda1-970a4f286414,00000000-0000-0000-0000-000000000001,2ce16d52-adfd-418f-9ac1-b6f042e0fd22,2026-08-17,late,10:31:00,18:35:00,2026-08-17 05:01:29.837376+00,j57be7j7chpnsxq23bespdgev98cnjq1,ac4d45e9-b736-4ac5-9062-9dd2f18af2db,null
c2862af9-2a63-4425-91c5-869133edd56d,00000000-0000-0000-0000-000000000001,d37b144f-0bcd-4941-b1cf-e594fa52bb72,2026-08-17,late,09:57:00,17:43:00,2026-08-17 04:27:58.03233+00,j578zagrcb49cpfwy901gz15zs8cmj7w,a8f28964-bedb-4640-86c0-0f9d2fb19506,null
da48a719-e13e-4248-aa93-396d86ae81ba,00000000-0000-0000-0000-000000000001,1da9e75d-51ab-4a53-9fc5-222ba2c12524,2026-08-17,late,10:57:00,20:22:00,2026-08-17 05:27:29.552837+00,j5782e1gj6ntsgcmfhns8gqq198cnqee,81a13ae5-17a4-401e-a43b-7d010b94e401,null
e4d6d373-d4d6-4ed4-97c7-ad563a3e3fea,00000000-0000-0000-0000-000000000001,3b4c72de-80d1-4df4-8fbf-1147100d54dc,2026-08-17,late,09:58:00,17:15:00,2026-08-17 04:28:11.671967+00,j5744173mq2pvrejv1k144p3858cm4h7,33b48e18-aa66-4791-852f-732b00314d84,null
f4c1ded4-89f6-44a3-abe1-55fffdb54332,00000000-0000-0000-0000-000000000001,509cadb2-fb85-403e-ab9a-43e9e7ec9555,2026-08-17,late,09:48:00,17:58:00,2026-08-17 04:18:28.684002+00,j57c2egfdwt2q2y2cb7sjy76zh8cmgkh,f945edf0-b13c-4b06-86c1-0ea90157e413,null
2a330e4b-518f-48b3-acce-e0605153e946,00000000-0000-0000-0000-000000000001,f7dd430d-c6a9-43ea-98b1-be8e0ea84bf6,2026-08-18,late,10:06:00,17:13:00,2026-08-18 04:36:53.433791+00,j57eka3rrzhdn03tnqw7z07pas8cpw52,58cd7cfb-4ed4-485d-8040-970d3e915527,null
863afa57-ed7c-429e-ae4d-6d9a6701fe08,00000000-0000-0000-0000-000000000001,1876cd3b-9ca7-41aa-ae62-761a15d87153,2026-08-18,present,09:40:00,17:54:00,2026-08-18 04:10:39.296625+00,j57bp3dwzwmm5men4r36pcn3pd8cqbax,f67d208a-c703-49ca-b916-2ea4c3f543cf,null
88dda17b-8bc5-463a-a651-0155bf371296,00000000-0000-0000-0000-000000000001,509cadb2-fb85-403e-ab9a-43e9e7ec9555,2026-08-18,late,09:50:00,18:00:00,2026-08-18 04:20:01.074274+00,j575b6spb7231vsgqn93yjthbd8cqmav,c84010ac-2913-4c12-8aaf-23d432849840,null
9e537bac-a502-4c24-9cfb-3d5688389894,00000000-0000-0000-0000-000000000001,15b5f48a-0cb9-c73e-1c13-37fd5d8cb10b,2026-08-18,present,09:34:00,18:17:00,2026-08-18 04:04:58.706855+00,j5744mczns0zrm12t3t117mee58cqymh,2b1e0c79-368b-4a05-a71b-324443851845,null
a50f8201-ec1d-4aaf-8a54-0f566c361987,00000000-0000-0000-0000-000000000001,39523891-bab0-6a9f-129b-2f5b51ea3e37,2026-08-18,late,10:31:00,18:32:00,2026-08-18 05:01:16.724894+00,j5764e8m39n0kvqzves60fkr798cp004,469e5856-4275-472b-b66a-a960fa3cb0ca,null
b5215218-4923-4d94-bb3f-a9e25b5555d7,00000000-0000-0000-0000-000000000001,1da9e75d-51ab-4a53-9fc5-222ba2c12524,2026-08-18,late,10:40:00,18:52:00,2026-08-18 05:11:01.19477+00,j5708qftvseywmqh3d71nscj098cqf8g,beabcdf3-0532-4042-a2e4-2031360404d6,null
c46dbec1-a94c-411e-b6bf-6923bb529f6f,00000000-0000-0000-0000-000000000001,2ce16d52-adfd-418f-9ac1-b6f042e0fd22,2026-08-18,late,10:30:00,18:33:00,2026-08-18 05:00:37.638798+00,j5774kt7dp36sqdnnqx3ypn91x8cqtsd,319b593d-9708-4495-98a5-69df0716979e,null
dd6be704-82b8-4a3d-910e-e7e8153f25b2,00000000-0000-0000-0000-000000000001,8a235718-7769-447f-ac47-d37aa798b932,2026-08-18,late,09:55:00,17:14:00,2026-08-18 04:25:47.384369+00,j573vtdvp6sdx5td3yszakk2518cq7rq,c8ecc9ff-a942-4635-b006-1d923d5e322f,null
e12f826b-eee9-47f3-9936-943e869260d3,00000000-0000-0000-0000-000000000001,3b4c72de-80d1-4df4-8fbf-1147100d54dc,2026-08-18,late,10:01:00,17:12:00,2026-08-18 04:31:10.875309+00,j57451h687pnjr72zqg133mhqs8cpz3s,09375639-b6a4-40f1-8987-83fca0342194,null
e4adea41-18bd-458c-8f47-0472b708302f,00000000-0000-0000-0000-000000000001,fc505e28-6210-49c3-b873-e10e86ec7b92,2026-08-18,late,10:34:00,19:08:00,2026-08-18 05:04:21.433863+00,j57a6rgg9nvdqhxx6sw7g1h2ds8cqvcp,30f5bb35-7cba-4787-be18-bffceeb8846e,null
eef77d14-6e75-435c-9656-c2bb12e16121,00000000-0000-0000-0000-000000000001,d37b144f-0bcd-4941-b1cf-e594fa52bb72,2026-08-18,late,09:57:00,17:33:00,2026-08-18 04:27:49.293762+00,j57b9pn143n6yb9n2cpg7g150h8cpc70,69a1af11-2970-4625-b5cc-df6c7f8974b9,null
12423cc2-9a3b-42fe-9778-b2fa3c8e1f93,00000000-0000-0000-0000-000000000001,fc505e28-6210-49c3-b873-e10e86ec7b92,2026-08-19,late,10:34:00,18:35:00,2026-08-19 05:04:02.590801+00,j5786hgpk47dnpcnjtz03q5bks8crgw6,c3182b21-6507-4f81-a4eb-1762b27cf396,null
5b7d94e9-1115-43ba-97dc-2b3e0f934e39,00000000-0000-0000-0000-000000000001,1876cd3b-9ca7-41aa-ae62-761a15d87153,2026-08-19,present,09:37:00,17:54:00,2026-08-19 04:08:03.840017+00,j577x23941thrcaebrk2yy3jwx8cr7j3,667023b5-93b9-4322-bfa4-8950d1c035f6,null
60cab6c2-3220-4e50-9f00-3df363ef9715,00000000-0000-0000-0000-000000000001,509cadb2-fb85-403e-ab9a-43e9e7ec9555,2026-08-19,late,09:55:00,17:57:00,2026-08-19 04:25:43.347533+00,j57btenfag975fs1pf4bb1bcfd8csx9x,a60f77fc-8bb1-4395-92dc-27b3327c7f97,null
7ecc433b-fb2e-4af5-877c-c319f51f625f,00000000-0000-0000-0000-000000000001,15b5f48a-0cb9-c73e-1c13-37fd5d8cb10b,2026-08-19,late,09:46:00,18:04:00,2026-08-19 04:16:17.265981+00,j57dm07b53pcnra82v3xj5zgs58crk93,fb9a402e-f75f-4cc6-b165-364d7207ba44,null
9a53d195-608f-4b27-b2af-47968f46856e,00000000-0000-0000-0000-000000000001,8a235718-7769-447f-ac47-d37aa798b932,2026-08-19,late,09:52:00,17:16:00,2026-08-19 04:22:57.587195+00,j57b1q2tpwp12fdd2ctx5hfkks8crbwz,2e73fd79-dec4-44d9-9b2d-790216612b1a,null
b4267f4e-6c76-4e1d-81f5-5506694bf01e,00000000-0000-0000-0000-000000000001,d37b144f-0bcd-4941-b1cf-e594fa52bb72,2026-08-19,late,09:56:00,17:46:00,2026-08-19 04:26:37.970216+00,j571k6a2t7ynjh92vg900eyxp98crd9e,999672e3-3c7c-4565-8b15-d343c60c8842,null
d24237d7-56b2-40fa-b861-cf3ba51f8536,00000000-0000-0000-0000-000000000001,2ce16d52-adfd-418f-9ac1-b6f042e0fd22,2026-08-19,late,10:32:00,18:37:00,2026-08-19 05:02:43.829788+00,j573cs1zyphm0hfb22z69rm4sd8crfs9,b0211d94-fc2a-432f-a690-2a60159532eb,null
d99110be-2dce-4002-b18d-57f11034f5ec,00000000-0000-0000-0000-000000000001,39523891-bab0-6a9f-129b-2f5b51ea3e37,2026-08-19,late,10:33:00,18:35:00,2026-08-19 05:03:07.256398+00,j57c7z8mqj53akc4am1fjyp9958csxy5,81632c7c-0c5c-45cf-97b3-af2dd4db489b,null
da92b4a3-0e68-44a6-9d4b-4f190225b4bf,00000000-0000-0000-0000-000000000001,f7dd430d-c6a9-43ea-98b1-be8e0ea84bf6,2026-08-19,late,09:49:00,17:17:00,2026-08-19 04:19:26.60132+00,j5774mvpag6g13d58e54zna2jd8cs3re,2a1e7b10-b34f-4f30-8202-173e9dfecfde,null
ddaf7318-d6b0-4c01-a959-fc3057b57e0f,00000000-0000-0000-0000-000000000001,1da9e75d-51ab-4a53-9fc5-222ba2c12524,2026-08-19,late,10:44:00,18:48:00,2026-08-19 05:14:29.475232+00,j573s3erb3eyvrfc51y5j36fqx8cr8h7,065c4a01-ab62-4b07-916b-57c00856e989,null
e2a4dc5e-ebf7-4a57-8d15-d25d93a5d781,00000000-0000-0000-0000-000000000001,3b4c72de-80d1-4df4-8fbf-1147100d54dc,2026-08-19,late,10:06:00,17:13:00,2026-08-19 04:36:51.019936+00,j577yfhn4frtr8f825ah4awns58csdzt,667e1c04-28e2-49e9-aa96-3be31ec8f959,null
02b38511-8a60-4025-a014-824b5ce82722,00000000-0000-0000-0000-000000000001,1876cd3b-9ca7-41aa-ae62-761a15d87153,2026-08-20,present,09:24:00,18:00:00,2026-08-20 03:54:44.140291+00,j579tz4yyytytqrx80vf80fh798ctqgz,e685abe5-cb0b-4be5-976d-5bad84d7f37f,null
25116c70-07a4-4b11-be7c-e7f0e69949dd,00000000-0000-0000-0000-000000000001,39523891-bab0-6a9f-129b-2f5b51ea3e37,2026-08-20,late,10:26:00,18:25:00,2026-08-20 04:56:37.09437+00,j575hktgmxqp4vwdxgktxatns18ctw46,e4e9a353-9354-4287-ae93-509f9fd9604b,null
57be3d9b-ddb8-419a-81f1-f1dc9bb66917,00000000-0000-0000-0000-000000000001,1da9e75d-51ab-4a53-9fc5-222ba2c12524,2026-08-20,late,10:57:00,19:00:00,2026-08-20 05:27:44.41465+00,j57c9te4qahcf584qvsn6zcc5d8ctrd2,f263dcca-c1b2-4da5-83fe-c99a1e7ddd43,null
70a04439-8848-4738-bd67-ca6d9632a48a,00000000-0000-0000-0000-000000000001,fc505e28-6210-49c3-b873-e10e86ec7b92,2026-08-20,late,09:57:00,18:16:00,2026-08-20 04:26:46.540162+00,j57242nbn1qc08k9vwv1r0n5z18ct13j,2140d887-19f4-4055-9ed8-e96345aed2e0,null
8ad8f0c6-625b-400c-b9eb-0653b8e3df64,00000000-0000-0000-0000-000000000001,2ce16d52-adfd-418f-9ac1-b6f042e0fd22,2026-08-20,late,10:28:00,18:30:00,2026-08-20 04:58:24.928438+00,j571ytggk748dnwb1mn5q3jg6s8cv12v,cdcd2079-ccc1-494a-8817-95beef23ed3e,null
92452b8b-f807-4aab-a840-5c31cc79fe05,00000000-0000-0000-0000-000000000001,d37b144f-0bcd-4941-b1cf-e594fa52bb72,2026-08-20,late,10:01:00,17:52:00,2026-08-20 04:31:36.581728+00,j572zkcyb7c6020ctf9cgjra998cthv8,8ca6b9a1-d202-48a9-95de-1d7a8b606daf,null
ad730a4c-3b49-4a87-81d0-a44f769974f2,00000000-0000-0000-0000-000000000001,3b4c72de-80d1-4df4-8fbf-1147100d54dc,2026-08-20,late,10:06:00,17:15:00,2026-08-20 04:36:15.154182+00,j574h646vpepxrf9fvh67tyte18ct34j,f46a88cd-ab68-4555-9260-e53a22fbca4c,null
bb5d4737-6650-4b31-b2b3-02f6f42a7ce6,00000000-0000-0000-0000-000000000001,f7dd430d-c6a9-43ea-98b1-be8e0ea84bf6,2026-08-20,late,09:51:00,17:13:00,2026-08-20 04:21:18.759738+00,j572fvz0kqm5sj9myk5rsd16mn8cv6ks,58be8c0a-5e04-4365-bffe-3c92fc39871e,null
cf70e209-a2fe-4fd1-b98e-9c2a0c2b999c,00000000-0000-0000-0000-000000000001,509cadb2-fb85-403e-ab9a-43e9e7ec9555,2026-08-20,late,09:56:00,18:02:00,2026-08-20 04:26:31.463209+00,j5748tgkd9ts029j1ssynrjs7d8ctj07,bf010953-29ae-4dc2-879d-d7932342ddac,null
d205dae5-c036-46d0-9951-12ef05e2548f,00000000-0000-0000-0000-000000000001,8a235718-7769-447f-ac47-d37aa798b932,2026-08-20,late,10:49:00,17:15:00,2026-08-20 05:20:09.560813+00,j57f4wk2jzjf7ytkv9rqy2f3wh8ct662,18e636c5-9231-452e-b451-969409de0003,null
f03efe5b-8873-4281-94bc-be6875120c9d,00000000-0000-0000-0000-000000000001,15b5f48a-0cb9-c73e-1c13-37fd5d8cb10b,2026-08-20,present,09:44:00,18:02:00,2026-08-20 04:14:53.496117+00,j5718j4cefkv2qg798cxm9a9z18cvxzy,5d8b44e1-b0f4-489c-abb5-8bdc92dd4854,null
1b137997-f3d0-4992-b1ca-aeb30eb4d3a0,00000000-0000-0000-0000-000000000001,fc505e28-6210-49c3-b873-e10e86ec7b92,2026-08-21,late,09:57:00,18:05:00,2026-08-21 04:27:20.461458+00,j575srbpv4vx7mbag9hj4whw9s8cxmb4,1b023caf-bb60-496e-81f5-2fe38c526d41,null
2dba8f42-560b-4076-a7e6-0948d97bbb60,00000000-0000-0000-0000-000000000001,1876cd3b-9ca7-41aa-ae62-761a15d87153,2026-08-21,present,09:36:00,17:54:00,2026-08-21 04:06:49.636295+00,j575tz4rsj5ext29j2fdz1e7418cwq02,4fa9baf3-2c69-4841-afe3-ddc8b0bf851b,null
4499dca9-467c-4a2a-80d4-bdc15156248d,00000000-0000-0000-0000-000000000001,c8176ba9-6167-46cd-8917-cee55f7fbace,2026-08-21,absent,null,null,2026-08-28 11:27:25.70951+00,absent_Pk@gmail.com_2026-08-21,7fc05788-aff2-4ac8-a161-72e28000520b,null
5085a3b8-2374-432b-ba32-c2409006fbe2,00000000-0000-0000-0000-000000000001,f7dd430d-c6a9-43ea-98b1-be8e0ea84bf6,2026-08-21,late,09:25:00,16:41:00,2026-08-21 04:35:02.302588+00,j57a7v0j9djmbyw5jc8jfpn0vd8cwcrq,25337de3-4eb5-4d71-892f-2fe2edafb3ca,null
6a0447f5-8306-429a-822b-a22f60107897,00000000-0000-0000-0000-000000000001,15b5f48a-0cb9-c73e-1c13-37fd5d8cb10b,2026-08-21,late,09:53:00,18:14:00,2026-08-21 04:24:02.185529+00,j57dpdw0wehbhn92w2753n3zj18cwset,7372a95f-af5e-4a45-a4c2-6280ce783efc,null
87faa9ab-421f-44bc-9828-74f3b31dafc1,00000000-0000-0000-0000-000000000001,d37b144f-0bcd-4941-b1cf-e594fa52bb72,2026-08-21,absent,null,null,2026-08-28 11:27:32.377403+00,absent_devi@gmail.com_2026-08-21,232e83e8-b09c-467b-9d24-e55614b6fc1d,null
a63e413b-32dc-429c-a681-dec0144a6b27,00000000-0000-0000-0000-000000000001,509cadb2-fb85-403e-ab9a-43e9e7ec9555,2026-08-21,late,10:00:00,18:01:00,2026-08-21 04:30:17.315028+00,j57dpkdjvbgcht2gfj46zs7ptd8cxcdy,fec15a1b-1e8e-46b5-a473-6afcf7fcce00,null
adfac16b-04fe-4ce3-8d50-51edc9989cbb,00000000-0000-0000-0000-000000000001,39523891-bab0-6a9f-129b-2f5b51ea3e37,2026-08-21,late,10:26:00,18:29:00,2026-08-21 04:56:08.706394+00,j578b1m2admfhry585hdsbghc18cx0t6,7fa30b21-4757-46ea-ab78-67c8a159d220,null
b68dc3af-1ab0-4f86-ade6-9396259336e5,00000000-0000-0000-0000-000000000001,3b4c72de-80d1-4df4-8fbf-1147100d54dc,2026-08-21,late,10:01:00,17:09:00,2026-08-21 04:32:03.177829+00,j57f00v7pwe9kd1ajsvrtc5cgn8cx75v,b0e778a1-693d-406f-a98f-a73aa095df95,null
bf66e9f8-8f5e-47d0-8d5c-8815e8e6a7fc,00000000-0000-0000-0000-000000000001,1da9e75d-51ab-4a53-9fc5-222ba2c12524,2026-08-21,late,10:52:00,19:38:00,2026-08-21 05:22:17.370635+00,j574q4ta6n75hnvt5m3pvg36dh8cx15v,cddf746f-cbec-441f-bf84-0a42dd0bf399,null
dc5ca674-4593-4a04-b6d5-4c1e488dd7ed,00000000-0000-0000-0000-000000000001,8a235718-7769-447f-ac47-d37aa798b932,2026-08-21,late,10:36:00,17:09:00,2026-08-21 05:06:32.44442+00,j579mk6pdryp3ps8hc9nw5xjfh8cw2f9,e8ed3a46-9a5c-4646-8510-9cd981699b56,null
e8026f86-c7ce-4f9d-bdbf-a88a021a598a,00000000-0000-0000-0000-000000000001,2ce16d52-adfd-418f-9ac1-b6f042e0fd22,2026-08-21,late,10:25:00,18:34:00,2026-08-21 04:55:53.760222+00,j5741jnaxdebcsxawxmqjc2q5h8cwexy,8b0192d2-e458-4f8f-a68c-99a7d35aad44,null
0a24b76b-f395-4ed3-a6a1-b6d7c0172298,00000000-0000-0000-0000-000000000001,1da9e75d-51ab-4a53-9fc5-222ba2c12524,2026-08-22,late,10:49:00,18:54:00,2026-08-22 05:19:23.869711+00,j576q30nfnc423e0qpe9p93dgh8czxh1,6c1bb9b5-4dac-43cc-9d08-3c1a67e3842b,null
0d112744-2362-40c5-96ff-ac1c0b6ba899,00000000-0000-0000-0000-000000000001,2ce16d52-adfd-418f-9ac1-b6f042e0fd22,2026-08-22,late,10:24:00,18:30:00,2026-08-22 04:54:57.066902+00,j57ccrj6ew5hzdckcvn0sw4dbh8cz2nr,d803a2c8-95b7-4208-b05f-ee12d23129e3,null
2c3daf79-51c0-41ca-b816-3df8ae6de519,00000000-0000-0000-0000-000000000001,c8176ba9-6167-46cd-8917-cee55f7fbace,2026-08-22,absent,null,null,2026-08-28 11:27:26.541151+00,absent_Pk@gmail.com_2026-08-22,7db51343-efda-49e5-bb3f-bfa833c2d246,null
49a6356c-9612-4057-bef1-0216d5669ce4,00000000-0000-0000-0000-000000000001,8a235718-7769-447f-ac47-d37aa798b932,2026-08-22,late,10:56:00,17:17:00,2026-08-22 05:26:15.286437+00,j57ftr9460qe7gp3x8nhxbkgr58cyp58,9720fc7c-c3fe-4020-9dd0-76628030b527,null
63b2da76-f67f-4059-b6a7-775cda1f064a,00000000-0000-0000-0000-000000000001,fc505e28-6210-49c3-b873-e10e86ec7b92,2026-08-22,late,09:58:00,18:13:00,2026-08-22 04:28:48.469536+00,j57byd3bnb9f0k1z9e0xrwa5qh8cyv92,12c39934-e7f9-4b40-a214-029617af1247,null
6ad4b4e9-91bf-4ce7-8613-c84b3dffa794,00000000-0000-0000-0000-000000000001,39523891-bab0-6a9f-129b-2f5b51ea3e37,2026-08-22,late,10:28:00,17:07:00,2026-08-22 04:59:00.315339+00,j570e9xnk8xkvpj2j6re9xe4f18cysba,8dad373c-7146-4b00-868b-ee2c3609ae13,null
80f6c835-3dcb-4cca-b892-f8e577c1aa61,00000000-0000-0000-0000-000000000001,f7dd430d-c6a9-43ea-98b1-be8e0ea84bf6,2026-08-22,late,09:50:00,17:10:00,2026-08-22 04:20:53.840582+00,j57cap80kepn1x8xmjp88z720n8czza7,fb27f61c-c947-421a-ac62-ebaa0761a39d,null
8b3d9142-b4ba-4003-bfd7-83924e06ba80,00000000-0000-0000-0000-000000000001,d37b144f-0bcd-4941-b1cf-e594fa52bb72,2026-08-22,late,09:55:00,17:43:00,2026-08-22 04:26:01.511221+00,j57aqakzb56tv4xczryhb0yj6x8cyg2p,73b858f0-9a55-45bb-8325-6a2c3e80fd00,null
a5bc3d8d-6230-4b93-9018-89243199ff19,00000000-0000-0000-0000-000000000001,509cadb2-fb85-403e-ab9a-43e9e7ec9555,2026-08-22,absent,null,null,2026-08-28 11:27:37.401588+00,absent_lpaninvest@gmail.com_2026-08-22,51da50f8-2a29-421b-b2c3-81f924409d14,null
aa4e7a70-e406-40dc-a314-fe4a8780690e,00000000-0000-0000-0000-000000000001,3b4c72de-80d1-4df4-8fbf-1147100d54dc,2026-08-22,absent,null,null,2026-08-28 11:27:31.555617+00,absent_amsa@gmail.com_2026-08-22,8d436ca0-eca5-4310-923c-9d55ff775936,null
de64e34d-3cce-43c2-825b-669196d55634,00000000-0000-0000-0000-000000000001,1876cd3b-9ca7-41aa-ae62-761a15d87153,2026-08-22,present,09:18:00,17:53:00,2026-08-22 03:49:08.949084+00,j57cc297261v76y3derd3bpxmd8czct4,c8a8c481-c4d0-4353-bec2-e79846a27a8e,null
e86db2a8-9e22-4bcf-8dd8-13386857aa1a,00000000-0000-0000-0000-000000000001,15b5f48a-0cb9-c73e-1c13-37fd5d8cb10b,2026-08-22,present,09:45:00,18:11:00,2026-08-22 04:16:01.65086+00,j571bhr7senrthkz2qc64w41rh8czb8v,b16255e3-757c-4212-a258-c423e7eb1dba,null
3046f8a1-b6a9-4547-807f-307183b081a3,00000000-0000-0000-0000-000000000001,1da9e75d-51ab-4a53-9fc5-222ba2c12524,2026-08-23,late,11:41:00,17:34:00,2026-08-23 06:11:18.953633+00,j571zzpqh4mf9vbyvb854scqvs8d1pe0,bb8ecd95-78c2-41d5-a328-9ebe69221ef1,null
59f5a552-8300-41c2-9441-ab74c6ea5ba4,00000000-0000-0000-0000-000000000001,d37b144f-0bcd-4941-b1cf-e594fa52bb72,2026-08-23,late,10:22:00,15:07:00,2026-08-23 04:52:49.0055+00,j57emzbqq4017m781tb2tjhz758d1x3m,a261572d-4dcb-4cb3-934d-b548b5090ed8,null
0c397180-028f-42dc-b2e0-839fc312a7ce,00000000-0000-0000-0000-000000000001,509cadb2-fb85-403e-ab9a-43e9e7ec9555,2026-08-24,absent,null,null,2026-08-28 11:27:38.240643+00,absent_lpaninvest@gmail.com_2026-08-24,1207ff78-b45c-46d8-ac36-02699cdaceda,null
1e3bcc4a-ae68-4393-95da-81b2850fad74,00000000-0000-0000-0000-000000000001,1da9e75d-51ab-4a53-9fc5-222ba2c12524,2026-08-24,late,10:00:00,19:30:00,2026-08-24 14:00:33.034928+00,j577mwqk6pw27bbrqgktnc60gh8d358y,19d98372-fe9f-4d3a-aa75-902714b4c9ab,null
4141dee4-7b11-4cfa-8abc-cf30cae68c1a,00000000-0000-0000-0000-000000000001,fc505e28-6210-49c3-b873-e10e86ec7b92,2026-08-24,late,10:10:00,18:26:00,2026-08-24 04:40:11.334309+00,j571m6ge8x1xdn2tcaeqge7bxd8d2nee,f0a6e4fa-017d-49e3-af6c-e53510e66fd3,null
5525c3ec-67e8-47b6-a139-942ab25901b8,00000000-0000-0000-0000-000000000001,39523891-bab0-6a9f-129b-2f5b51ea3e37,2026-08-24,absent,null,null,2026-08-28 11:27:34.065464+00,absent_prakashchinaiya@gmail.com_2026-08-24,c6391500-fb47-45ce-b1cb-e6d7da211d5b,null
64e295a6-ab23-4a12-a797-019b54cdcc00,00000000-0000-0000-0000-000000000001,c8176ba9-6167-46cd-8917-cee55f7fbace,2026-08-24,absent,null,null,2026-08-28 11:27:27.388453+00,absent_Pk@gmail.com_2026-08-24,d6966a4d-e875-482f-b09d-725bfbd03a50,null
66b962df-b784-4a84-9b8e-161f601bac0f,00000000-0000-0000-0000-000000000001,3b4c72de-80d1-4df4-8fbf-1147100d54dc,2026-08-24,late,10:08:00,17:12:00,2026-08-24 04:38:20.251158+00,j5712tymdawm75kyp4q2kf8y218d3f8g,08d53277-91ce-4a16-9136-b49598a17e8f,null
8170bdaa-107f-4fe5-87ad-018472cacc30,00000000-0000-0000-0000-000000000001,1876cd3b-9ca7-41aa-ae62-761a15d87153,2026-08-24,present,09:27:00,17:55:00,2026-08-24 03:57:53.920553+00,j572x6c07vw170f2m79ysgzy6d8d2hzg,aa651f68-8fd3-4fa7-a0d5-efb4918e71a2,null
82dbb829-c991-4148-81fb-d916e8b6cb47,00000000-0000-0000-0000-000000000001,d37b144f-0bcd-4941-b1cf-e594fa52bb72,2026-08-24,absent,null,null,2026-08-28 11:27:33.198345+00,absent_devi@gmail.com_2026-08-24,5dda2d2e-69be-409e-a188-e12dfa40c907,null
87faef74-79cc-4d85-acb7-8dbda0efb44c,00000000-0000-0000-0000-000000000001,8a235718-7769-447f-ac47-d37aa798b932,2026-08-24,late,09:55:00,17:15:00,2026-08-24 04:26:40.809236+00,j579acpeagktznaeshzt1p3akd8d3aja,bfc83eb4-100e-4e3f-a4f7-ea3cf8ad7123,null
ad4cb0a3-1784-4b84-92f9-9672965b11c5,00000000-0000-0000-0000-000000000001,2ce16d52-adfd-418f-9ac1-b6f042e0fd22,2026-08-24,late,10:05:00,18:07:00,2026-08-24 04:35:52.950832+00,j571zhccgtdj73rqpvw4aremws8d2t79,bc5d1953-8e13-463b-8538-afdb95500842,null
d6e95096-7d7d-44fb-a18b-363e6ce14c4b,00000000-0000-0000-0000-000000000001,f7dd430d-c6a9-43ea-98b1-be8e0ea84bf6,2026-08-24,late,10:23:00,17:16:00,2026-08-24 04:53:19.237767+00,j57bvj3vmf14hbxbx9ybsp4ds58d2nt6,2b34abef-aa16-432a-a0db-96e83bb5f836,null
da7c28a9-3ab4-4c46-8d9c-bb597f089b44,00000000-0000-0000-0000-000000000001,15b5f48a-0cb9-c73e-1c13-37fd5d8cb10b,2026-08-24,present,09:45:00,17:53:00,2026-08-24 04:15:18.220371+00,j57e7z516kj1hykzw4kfb15rh18d3t86,cfbe14b7-b4e2-4203-97ed-475cdd71f5b2,null
0d51ad6e-579d-403e-8c13-bf75b7efe409,00000000-0000-0000-0000-000000000001,f7dd430d-c6a9-43ea-98b1-be8e0ea84bf6,2026-08-25,late,10:05:00,17:08:00,2026-08-25 04:35:14.074493+00,j578t9jysj221hf78hsy76td7h8d5v23,92f2ba30-ffe8-4d1c-90ab-b6abe75058d2,null
10852c94-bffa-4573-bb84-56fa7ce7933b,00000000-0000-0000-0000-000000000001,1876cd3b-9ca7-41aa-ae62-761a15d87153,2026-08-25,present,09:34:00,17:55:00,2026-08-25 04:04:57.344613+00,j5720b7ex0ybcqf4qjbf1q6rqn8d42fq,19321637-4c24-48d5-9dc0-0801c3927d73,null
361cc70c-2e8d-49f5-b66e-dd798bc89bf5,00000000-0000-0000-0000-000000000001,3b4c72de-80d1-4df4-8fbf-1147100d54dc,2026-08-25,late,10:01:00,17:08:00,2026-08-25 04:31:26.986514+00,j574bxytv916fsp3zenp4rs88x8d479a,944e1b06-e7d1-4279-b24d-3041aa9a4ebb,null
422e2faa-ba6b-4986-8771-c50e8ebb2251,00000000-0000-0000-0000-000000000001,2ce16d52-adfd-418f-9ac1-b6f042e0fd22,2026-08-25,late,09:54:00,18:06:00,2026-08-25 04:25:14.552499+00,j57b75r9pz98ps75dwdagmrtnd8d5ymg,20db32fd-5998-46d8-ae76-a389282660b8,null
48213ba4-3a00-489c-b1ec-3a4ac03f1412,00000000-0000-0000-0000-000000000001,8a235718-7769-447f-ac47-d37aa798b932,2026-08-25,late,09:52:00,17:15:00,2026-08-25 04:22:15.381642+00,j57b80r4mg3es678tbkjtnsdnh8d5t59,d2708f2b-d849-4351-9653-92b288613c2b,null
4cb84e0e-a553-46aa-bfbb-bfe4d3cfd861,00000000-0000-0000-0000-000000000001,1da9e75d-51ab-4a53-9fc5-222ba2c12524,2026-08-25,late,10:49:00,18:15:00,2026-08-25 05:19:18.272006+00,j572z3587cdw3rq1acm5mmhe018d54wf,31e9e036-a87e-44e7-a7ef-575a19575a14,null
5c4bed5b-6f57-4096-bf7d-471379ffd468,00000000-0000-0000-0000-000000000001,d37b144f-0bcd-4941-b1cf-e594fa52bb72,2026-08-25,late,10:05:00,17:34:00,2026-08-25 04:35:57.870073+00,j5792a8k6vbwrmwxwf6d6m6wzh8d4g9y,26a8d955-0fe1-4c2f-9577-8cb3b6855727,null
5d17ce9b-1f30-4d18-b291-848d5b44d50b,00000000-0000-0000-0000-000000000001,39523891-bab0-6a9f-129b-2f5b51ea3e37,2026-08-25,absent,null,null,2026-08-28 11:27:34.880413+00,absent_prakashchinaiya@gmail.com_2026-08-25,c7968e14-411b-47a3-b88f-9516bb3f27a0,null
7310aac2-a34a-4ef9-8a22-34862ec578c9,00000000-0000-0000-0000-000000000001,c8176ba9-6167-46cd-8917-cee55f7fbace,2026-08-25,absent,null,null,2026-08-28 11:27:28.221783+00,absent_Pk@gmail.com_2026-08-25,a8819ff8-c8b7-4fb6-9c98-30479d2b6924,null
a7c8bf15-6a8f-4b73-a929-c69bb2d38f3e,00000000-0000-0000-0000-000000000001,fc505e28-6210-49c3-b873-e10e86ec7b92,2026-08-25,late,10:16:00,18:20:00,2026-08-25 04:46:02.131118+00,j57d32k1y21gvkt7qjkhh18q1x8d4yf1,a2db2e09-0891-4372-99cb-56ad89b1ec43,null
cabb25b0-e02c-47b9-926b-7bec75079c9f,00000000-0000-0000-0000-000000000001,15b5f48a-0cb9-c73e-1c13-37fd5d8cb10b,2026-08-25,late,09:51:00,18:00:00,2026-08-25 04:21:44.517091+00,j576ckj7ggrjswdy6drj19765s8d4237,5192a60b-96dc-4fe7-94b0-b509861d0134,null
fff23015-b2c9-42aa-ba3c-f4c0da435ab2,00000000-0000-0000-0000-000000000001,509cadb2-fb85-403e-ab9a-43e9e7ec9555,2026-08-25,late,10:10:00,18:11:00,2026-08-25 04:39:57.591359+00,j57dcs1s967x7h0gf4kr9xjdb18d5cps,90674176-596f-4d92-8007-3e8c14efecf0,null
0474fe62-9aee-49cf-8022-00ae580f835f,00000000-0000-0000-0000-000000000001,2ce16d52-adfd-418f-9ac1-b6f042e0fd22,2026-08-26,late,10:28:00,18:48:00,2026-08-26 04:58:43.468613+00,j571kraz04rhedrzpkcfqy3wz98d7vvq,b270dbe5-8cce-4c19-8c26-3f8ca31525cb,null
0fbdd715-b79f-4472-9a64-bc4ab61a7951,00000000-0000-0000-0000-000000000001,15b5f48a-0cb9-c73e-1c13-37fd5d8cb10b,2026-08-26,late,09:51:00,18:17:00,2026-08-26 04:22:05.320671+00,j57139f98vzr74t4fpnvsjnhrn8d6s4k,09b6c1e2-98aa-42af-96ea-706a983aad8a,null
11d372eb-6b1a-4adc-b307-dc2879a634ca,00000000-0000-0000-0000-000000000001,f7dd430d-c6a9-43ea-98b1-be8e0ea84bf6,2026-08-26,late,10:03:00,17:13:00,2026-08-26 04:34:04.262136+00,j571cv0xqad9aa2pgehzsqyzrx8d7bv5,ab7f2506-d592-4375-ae67-78cacff06dce,null
273b38ce-356f-46e6-a424-bcf10dee70e2,00000000-0000-0000-0000-000000000001,c8176ba9-6167-46cd-8917-cee55f7fbace,2026-08-26,absent,null,null,2026-08-28 11:27:29.056137+00,absent_Pk@gmail.com_2026-08-26,d4929417-9624-4a2d-a3af-c355ff20bd9b,null
52e6392b-338f-4851-8502-1cbb7fe061fe,00000000-0000-0000-0000-000000000001,1876cd3b-9ca7-41aa-ae62-761a15d87153,2026-08-26,present,09:27:00,17:54:00,2026-08-26 03:58:04.810517+00,j57aqb5qwn4svcf91jpjrga4rn8d7927,f904f166-c701-4a2f-9207-986023bcce85,null
76a0fd70-73f9-45e8-9dbc-cf0e284f0024,00000000-0000-0000-0000-000000000001,3b4c72de-80d1-4df4-8fbf-1147100d54dc,2026-08-26,late,10:06:00,17:15:00,2026-08-26 04:36:11.97188+00,j57dkf7wscjyc1h6crjnj7108x8d7z6r,3286d6db-8112-44e4-975b-3552e7129e34,null
85e7a5d7-3a00-4344-b0a8-be3a0f87ba58,00000000-0000-0000-0000-000000000001,8a235718-7769-447f-ac47-d37aa798b932,2026-08-26,absent,null,null,2026-08-28 11:27:30.707354+00,absent_lima@gmail.com_2026-08-26,0dc7a4c9-a1d1-429b-9393-e7e9c784b91d,null
b07da9b8-d2db-485e-929b-d44412d16611,00000000-0000-0000-0000-000000000001,509cadb2-fb85-403e-ab9a-43e9e7ec9555,2026-08-26,late,10:05:00,18:07:00,2026-08-26 04:35:18.16323+00,j575nns04n3a0gz65kemt451nn8d6ewx,ca02759f-4677-4dc9-802d-43b1c5e59f30,null
ba0b658e-d5b6-4c64-bd5d-06bae6c1a076,00000000-0000-0000-0000-000000000001,d37b144f-0bcd-4941-b1cf-e594fa52bb72,2026-08-26,late,09:57:00,17:15:00,2026-08-26 04:27:22.940394+00,j57cgz6z19mhp2kynqzr2qxkd98d7s3y,c75b7cd5-8d6b-409f-9ab9-6606618a3750,null
d969e7b6-8f44-48a1-bc34-8caa6718f85b,00000000-0000-0000-0000-000000000001,fc505e28-6210-49c3-b873-e10e86ec7b92,2026-08-26,late,10:12:00,18:20:00,2026-08-26 04:42:13.806509+00,j57crk48yd9htnvt369eyp56t18d6fp1,9a5d1d6e-8771-4e58-a50b-b2f8282566dd,null
ebf5c8b9-e6b8-4d7b-8fcd-a43ceb9a9fcd,00000000-0000-0000-0000-000000000001,1da9e75d-51ab-4a53-9fc5-222ba2c12524,2026-08-26,late,10:28:00,19:02:00,2026-08-26 04:58:50.246845+00,j57115bn5t7xeam09071rphfa58d79gt,bc3a4622-39c9-412e-b5f3-a3f7614f2090,null
eee4605d-f95c-418c-b898-94dcf6263276,00000000-0000-0000-0000-000000000001,39523891-bab0-6a9f-129b-2f5b51ea3e37,2026-08-26,late,10:28:00,18:49:00,2026-08-26 04:59:02.250081+00,j5773wgdq8eq8je9n2fkpjy4h98d7tmw,ade5ca0e-238a-4ac9-a7a5-8f4c5dd896ed,null
06d513c2-37cc-4661-b58d-33dbccf6dd6d,00000000-0000-0000-0000-000000000001,15b5f48a-0cb9-c73e-1c13-37fd5d8cb10b,2026-08-27,late,09:49:00,18:16:00,2026-08-27 04:20:04.575858+00,j5701qh6kbxqp9hp9h61amcazh8d9xye,3d6c936d-b2da-4217-82fc-d286fa9d4fe5,null
1f897f47-e6a3-441c-acf8-d28a22f70c69,00000000-0000-0000-0000-000000000001,c8176ba9-6167-46cd-8917-cee55f7fbace,2026-08-27,absent,null,null,2026-08-28 11:27:29.859935+00,absent_Pk@gmail.com_2026-08-27,9a0d78ca-33c7-4588-81bf-74725496e850,null
71559a22-87f2-466a-88fb-5a3705cd1f38,00000000-0000-0000-0000-000000000001,d37b144f-0bcd-4941-b1cf-e594fa52bb72,2026-08-27,late,10:01:00,17:45:00,2026-08-27 04:32:01.905121+00,j57b0p5p2gb1wtw3nd0mwfbtcs8d8kjd,70832b77-d96b-4633-8f0f-adcb3c9fefe0,null
9560fd37-1e51-4419-b9d1-eea2c8ac4d46,00000000-0000-0000-0000-000000000001,8a235718-7769-447f-ac47-d37aa798b932,2026-08-27,late,09:50:00,17:16:00,2026-08-27 04:23:31.808542+00,j57atjewvc5qgsrksawz96ht3x8d85yd,ac37fc08-60cb-406a-b913-f6d47e841e28,null
983379c6-d90a-433a-a69f-f3019a17d997,00000000-0000-0000-0000-000000000001,1da9e75d-51ab-4a53-9fc5-222ba2c12524,2026-08-27,late,10:43:00,18:35:00,2026-08-27 05:13:20.002+00,j57707809gpx56a4gbk76rh2es8d93e3,604a111a-1901-499b-978d-84b91d7ac13a,null
a220716b-326f-4ee8-8406-3c6f8f8c6c2c,00000000-0000-0000-0000-000000000001,1876cd3b-9ca7-41aa-ae62-761a15d87153,2026-08-27,present,09:23:00,17:23:00,2026-08-27 03:54:08.598175+00,j574xqdfvqme9pkhbpv22g8w898d995y,319c3418-3d71-4e73-af0c-cb7da9758156,null
a643e18b-16c1-4952-8dba-ef7878228787,00000000-0000-0000-0000-000000000001,f7dd430d-c6a9-43ea-98b1-be8e0ea84bf6,2026-08-27,late,10:20:00,17:16:00,2026-08-27 04:50:43.195971+00,j57bwmhed5zeqske5cc7wazqa58d96yg,65025121-9ece-4473-b42c-e2e848117000,null
c43f2c78-ae74-41dc-8e69-b09d54faaed9,00000000-0000-0000-0000-000000000001,509cadb2-fb85-403e-ab9a-43e9e7ec9555,2026-08-27,late,10:04:00,18:06:00,2026-08-27 04:34:35.111716+00,j573f8yf8qycx0gzx62f6k443h8d9a7f,1b613d4b-adb5-454f-bf7f-a527958b6a94,null
c9a510ec-273f-44e6-90f4-06b79c5b498e,00000000-0000-0000-0000-000000000001,2ce16d52-adfd-418f-9ac1-b6f042e0fd22,2026-08-27,late,10:28:00,18:39:00,2026-08-27 04:58:13.88231+00,j57dt6rgajm5ytz31s4s6vbe398d94w3,b59c5e96-c08e-4ae6-b7f5-0c7b2a00640a,null
cdc3bd87-cff0-4236-8de4-07aac3b3ba9a,00000000-0000-0000-0000-000000000001,fc505e28-6210-49c3-b873-e10e86ec7b92,2026-08-27,late,09:51:00,17:52:00,2026-08-27 04:21:11.020358+00,j576x3shj5a236vb7pygwceffx8d9h31,a0b123e2-d3cd-4960-8af1-f92463051915,null
d04aaa5e-434a-42a3-bfb8-319a66e05ef3,00000000-0000-0000-0000-000000000001,39523891-bab0-6a9f-129b-2f5b51ea3e37,2026-08-27,late,10:29:00,18:39:00,2026-08-27 04:59:27.112805+00,j571yp61t1skdtfsdgkeg67s0d8d896t,e75c5588-2e7c-424a-bcf8-4da4dd7f345c,null
df238a02-22b1-48bb-a02b-98e709941945,00000000-0000-0000-0000-000000000001,3b4c72de-80d1-4df4-8fbf-1147100d54dc,2026-08-27,late,09:56:00,17:15:00,2026-08-27 04:26:50.350753+00,j574sdk5735s2eanrp4vh314398d8q33,ebe73bbe-1254-4202-8d69-ed8282d5dde0,null
065850a4-653d-4d65-a7f7-41357f362b27,00000000-0000-0000-0000-000000000001,1da9e75d-51ab-4a53-9fc5-222ba2c12524,2026-08-28,late,10:41:00,19:50:00,2026-08-28 05:12:06.310901+00,j571ahnv8hxs10xz82c8dsz5j98dasyf,5aad34b0-ca09-45b0-bcf7-a010eb69be83,null
1c6c0569-a3d8-4beb-b5cc-51714caec91f,00000000-0000-0000-0000-000000000001,8a235718-7769-447f-ac47-d37aa798b932,2026-08-28,late,10:09:00,17:16:00,2026-08-28 04:39:39.226433+00,j57d5mxq9n77r5ep599mfbpgzd8db7v7,5737365f-c40a-4156-add1-82844de9f886,null
219f8898-f22b-426f-95cf-2eaa7287cf5c,00000000-0000-0000-0000-000000000001,509cadb2-fb85-403e-ab9a-43e9e7ec9555,2026-08-28,late,10:10:00,18:12:00,2026-08-28 04:40:15.356129+00,j57bpfwaxepvv5katxdf99swd18dakek,1c4e4b3a-b415-48f6-a992-c2687ee03172,null
2be04545-2bfc-4af1-aa96-f137bc890507,00000000-0000-0000-0000-000000000001,f7dd430d-c6a9-43ea-98b1-be8e0ea84bf6,2026-08-28,late,10:00:00,16:54:00,2026-08-28 04:30:09.465983+00,j57c6847nm29h06rz9qk1226a98dbj0f,9341e29c-a945-41c9-89a7-1578bf537cf4,null
38da58b6-cbe3-4586-a438-424e95722559,00000000-0000-0000-0000-000000000001,3b4c72de-80d1-4df4-8fbf-1147100d54dc,2026-08-28,late,09:59:00,17:12:00,2026-08-28 04:29:50.903478+00,j574v0jwngs3hyrjf7brp63j4x8dbqpq,5b9217cc-cdf3-4058-a997-aed09521f795,null
77ae41de-749d-40e1-bc54-1ce07f3ee952,00000000-0000-0000-0000-000000000001,d37b144f-0bcd-4941-b1cf-e594fa52bb72,2026-08-28,late,10:01:00,17:42:00,2026-08-28 04:31:35.321067+00,j5741mvf1wk6eb4a9rx1g043zs8dbyba,3064ebd2-3130-4c89-8f8e-6bc0d6cc0186,null
89992a18-5c84-4494-a833-f5dc2d6c896c,00000000-0000-0000-0000-000000000001,39523891-bab0-6a9f-129b-2f5b51ea3e37,2026-08-28,late,10:28:00,19:02:00,2026-08-28 04:58:36.120157+00,j570t5b8qhc6s6q2khg024tnsd8dbekg,594b1651-de7e-4643-b022-1242f474a4b3,null
89ccc6a0-c4aa-4c27-834a-cfe5600ac15b,00000000-0000-0000-0000-000000000001,2ce16d52-adfd-418f-9ac1-b6f042e0fd22,2026-08-28,late,10:28:00,19:10:00,2026-08-28 04:58:51.885834+00,j5741qn2g51qzkpkg60df5w6z58db5pr,1b2aefdc-6acc-4fe0-bc13-f35cd91eac3a,null
9b11ecbf-7940-4ca9-9968-499cc3507a1e,00000000-0000-0000-0000-000000000001,1876cd3b-9ca7-41aa-ae62-761a15d87153,2026-08-28,present,09:39:00,18:00:00,2026-08-28 04:09:14.036673+00,j576170jwg4p71z1y1hhbxe12h8dbz11,80162077-0ae9-4ce8-bd8b-5c7c9f027a86,null
d810e2c0-9586-4c73-a80a-5167285058af,00000000-0000-0000-0000-000000000001,fc505e28-6210-49c3-b873-e10e86ec7b92,2026-08-28,late,09:51:00,18:27:00,2026-08-28 04:21:32.462002+00,j57f93sz8zykttfmdw93j12t7n8dby9b,1ae07321-b4c2-4828-a8b8-0acab1a928c1,null
ed622103-0fad-489a-9e56-7463bc76cc7c,00000000-0000-0000-0000-000000000001,15b5f48a-0cb9-c73e-1c13-37fd5d8cb10b,2026-08-28,late,09:52:00,18:18:00,2026-08-28 04:22:56.186611+00,j57djmem91y300css1ey24kg7n8danch,54d3bdcb-f1bc-487b-b85a-f3a0f0118208,null
25237aaa-316c-43aa-a1ad-0256c468d888,00000000-0000-0000-0000-000000000001,1876cd3b-9ca7-41aa-ae62-761a15d87153,2026-08-29,present,09:27:00,null,2026-08-29 03:58:02.990843+00,j572estct8yg2q243z539ws30h8ddhgh,c483d017-6679-4b22-9997-68dbfb76df38,null
26c36400-8d3d-430f-b606-bbcf323bbc49,00000000-0000-0000-0000-000000000001,d37b144f-0bcd-4941-b1cf-e594fa52bb72,2026-08-29,late,10:00:00,null,2026-08-29 04:30:39.718916+00,j578qsd7f3jzwrdgx6h21s41rd8dcpr2,cffbb4c4-765c-4da2-8680-00e533e36ef4,null
4a0eb5e9-823e-4c71-8494-870500b4279c,00000000-0000-0000-0000-000000000001,2ce16d52-adfd-418f-9ac1-b6f042e0fd22,2026-08-29,late,10:30:00,null,2026-08-29 05:00:58.938463+00,j575c53qc4n9n3ng2rx7mvnsh98ddh7d,b7718b35-169f-451a-afee-51e9f750fcd7,null
7110f8fc-de9a-479d-971f-36b600f5837e,00000000-0000-0000-0000-000000000001,509cadb2-fb85-403e-ab9a-43e9e7ec9555,2026-08-29,late,09:49:00,null,2026-08-29 04:19:14.308726+00,j57e5hwfe3zb4kbxe3dsj46hw98ddkk3,7367e30b-1e5e-4b11-abf2-b1da97bf2f4a,null
92ac0a05-6346-41c0-8419-0e5ae1610997,00000000-0000-0000-0000-000000000001,f7dd430d-c6a9-43ea-98b1-be8e0ea84bf6,2026-08-29,late,09:52:00,null,2026-08-29 04:22:33.266082+00,j578scbqfh9cm89mwxz7yxv8jd8ddz5q,d34179e1-3726-44e0-90b8-4fba48f9e04d,null
9b1c5636-fb3c-4fd6-9da5-ee640442630e,00000000-0000-0000-0000-000000000001,3b4c72de-80d1-4df4-8fbf-1147100d54dc,2026-08-29,late,10:03:00,null,2026-08-29 04:33:17.177416+00,j578bx5gzthnkcpmqz17cpgq318dcbj7,b8a40f8f-7290-4e9b-8fa7-4dbe803dff45,null
9f3e0119-dff9-448d-a292-00b25efbfa98,00000000-0000-0000-0000-000000000001,8a235718-7769-447f-ac47-d37aa798b932,2026-08-29,late,09:57:00,null,2026-08-29 04:28:01.841795+00,j5706hkd6cqxtz4dm21w2tgj0d8dcsnb,f2047436-abdb-4d30-be0f-799a933dd44b,null
a5d12c91-bfdc-4144-bd3d-4dcc07b9f79e,00000000-0000-0000-0000-000000000001,39523891-bab0-6a9f-129b-2f5b51ea3e37,2026-08-29,late,10:30:00,null,2026-08-29 05:01:30.395736+00,j57ecf3j0wj076h858tw15wxh58dcsek,848f92f5-65a9-4232-85c6-f073b3465fa9,null
b1e80c79-98c5-4457-b232-7ccbfbc5622f,00000000-0000-0000-0000-000000000001,15b5f48a-0cb9-c73e-1c13-37fd5d8cb10b,2026-08-29,late,09:48:00,null,2026-08-29 04:18:37.349176+00,j578eft94qe0sjeccdpysyf5ys8dchmy,723e7da9-ca2c-44d1-a039-81ed277c92c0,null
f0eb0ea3-0b78-4c23-9e78-b5c758dbd919,00000000-0000-0000-0000-000000000001,1da9e75d-51ab-4a53-9fc5-222ba2c12524,2026-08-29,late,10:46:00,null,2026-08-29 05:16:55.391482+00,j57d1211d9vc7r1wg102p1kq558ddkqt,9be25305-ccb7-4b24-8aec-2f52a8d3dd9f,null
f680aa09-54c9-4eae-89dd-e3ba1bd33220,00000000-0000-0000-0000-000000000001,fc505e28-6210-49c3-b873-e10e86ec7b92,2026-08-29,late,09:51:00,null,2026-08-29 04:20:47.408497+00,j5739hy86j47kp686st7r3c5698dd1rd,f0145121-a77f-4559-8593-7aa1adec27a1,null