id,organization_id,tenant_id,whatsapp_event_id,ocr_amount,ocr_payment_mode,ocr_receiving_bank,ocr_confidence,status,receipt_id,verified_by,verified_at,created_at,updated_at,matched_invoice_id,match_confidence,ocr_sender_bank,auto_accept_skip_reason,ocr_payment_date
a926d355-5af6-457d-95bc-7895fc0b7b5d,00000000-0000-0000-0000-000000000001,ec54c666-5b64-42fd-9eb8-880606816c1e,83afc98c-0a94-461c-b4fc-2d5442cfe70e,null,null,null,failed,rejected,null,54acafd0-4c07-4bbf-97ee-b4760389c991,2026-06-01 08:45:17.618+00,2026-06-01 06:33:24.622922+00,2026-06-01 08:45:18.798248+00,null,null,null,null,null
f6332340-0f05-4a3f-bae7-0f2b5c9461fc,00000000-0000-0000-0000-000000000001,c0791d4c-9325-bf1b-30af-7af648c26338,332a1731-ffb5-48a4-9b98-ce0f35524e46,10498.00,UPI,HDFC Bank,high,verified,05a9591b-cb00-4ffe-872f-c32bff1c3794,8c42685b-f2df-4dec-96bd-0e77b715e33e,2026-06-03 11:31:22.961+00,2026-06-01 07:33:56.428129+00,2026-06-03 11:31:20.140184+00,6057d9fa-5459-4984-a02f-abdeb420d146,exact,Axis Bank,null,null
5e986f82-f4e5-4fca-b784-c4e23b9d6172,00000000-0000-0000-0000-000000000001,43774f3c-9ce6-fc78-7857-b8607c3e1966,3c8b82d1-33e2-4c07-8bfb-f0f2508e5e65,15639.00,UPI,null,medium,verified,b20e25b0-a7ac-4d7f-a67b-964a5d95472d,8c42685b-f2df-4dec-96bd-0e77b715e33e,2026-06-03 11:33:17.193+00,2026-06-01 07:40:25.241294+00,2026-06-03 11:33:14.380793+00,5d386fa7-f8db-427a-abcd-eb179cfbd70f,exact,State Bank of India,null,null
18e0bc9d-55a6-4054-a9f8-1a84288fc306,00000000-0000-0000-0000-000000000001,b0348aa8-ad9f-d0dd-94e8-c71a6627c930,388cfdf4-f7bb-4ba5-8db8-13e12894d83d,15329.00,UPI,HDFC Bank,high,verified,28cc40d5-3bf6-4256-ba38-53bcbefe9af2,8c42685b-f2df-4dec-96bd-0e77b715e33e,2026-06-03 11:34:13.756+00,2026-06-01 07:41:31.113113+00,2026-06-03 11:34:10.941794+00,bcdf1904-5914-43ab-b7fc-10210c4e95f1,exact,Axis Bank,null,null
57b7c6d2-eeb9-4a09-a3ec-953deb0e1508,00000000-0000-0000-0000-000000000001,491b8136-32a1-37c5-5253-b53ff3991d86,1cd0b4f8-57c0-4b76-9a17-00d677e6c46a,15488.00,UPI,HDFC Bank,high,verified,b3ed2a4f-5383-4c45-b2b2-5a8e7517107d,8c42685b-f2df-4dec-96bd-0e77b715e33e,2026-06-03 11:35:22.192+00,2026-06-01 07:46:01.611721+00,2026-06-03 11:35:19.384061+00,d31f6db6-16a2-4399-ba8d-add63c5042b2,exact,Axis Bank,null,null
e5aa61ae-262d-4d19-b8dc-1d6005ad6784,00000000-0000-0000-0000-000000000001,93eb3d6a-d35b-ef1f-83b8-7430b6ad1674,null,15895.00,UPI,State Bank of India,high,verified,5bb70639-1cb4-4011-8518-351c4464e9d4,8c42685b-f2df-4dec-96bd-0e77b715e33e,2026-06-02 06:36:40.234+00,2026-06-01 08:11:03.180809+00,2026-06-02 06:36:37.528124+00,76b9204a-4c8b-498c-b04f-73ac18a4f19f,exact,null,null,null
d6ad9187-3a45-40e9-a533-2765bbf3e8d0,00000000-0000-0000-0000-000000000001,79d4d3fe-73c5-a965-030f-c60220ee20cb,null,14824.00,UPI,HDFC Bank,high,verified,null,8c42685b-f2df-4dec-96bd-0e77b715e33e,2026-06-03 11:35:57.686+00,2026-06-01 08:13:55.708069+00,2026-06-06 11:01:34.171739+00,b1e34004-5d96-4056-a872-629eaa1d22ff,exact,State Bank of India,null,null
40394279-9ea7-4c4e-8112-df69268a81cc,00000000-0000-0000-0000-000000000001,79e31f6f-69dc-a40c-27d7-3f076878f83c,null,17538.00,UPI,State Bank of India,high,verified,afad9d84-8bb4-4f6c-942e-c61ad21a93c9,8c42685b-f2df-4dec-96bd-0e77b715e33e,2026-06-02 06:20:00.848+00,2026-06-01 08:17:46.585282+00,2026-06-02 06:19:58.180111+00,c9edef55-2960-44c4-a721-ef1bb71f4f82,exact,null,null,null
551fecb7-114e-4d2e-93cb-92a7aa5bfb62,00000000-0000-0000-0000-000000000001,89d188b4-94a9-2f97-e068-155ed8ec3f5e,null,16298.00,UPI,VISHFUL,low,verified,02ae086d-0f74-4a96-99db-3a7be672c374,8c42685b-f2df-4dec-96bd-0e77b715e33e,2026-06-02 06:20:43.711+00,2026-06-01 08:19:12.589887+00,2026-06-02 06:20:41.050543+00,d061f6c3-e6d5-4165-96f5-2caea06fb567,exact,null,null,null
9ee59ad8-c907-4c85-918a-ee8cac87121f,00000000-0000-0000-0000-000000000001,8334eb99-0bc0-3c80-9ff8-83bea3d7b5ef,null,14848.00,UPI,HDFC Bank,high,verified,d451b193-ba8b-4a08-af63-de05d69a9d31,8c42685b-f2df-4dec-96bd-0e77b715e33e,2026-06-02 06:35:27.439+00,2026-06-01 08:22:14.57479+00,2026-06-02 06:35:24.739008+00,5e703096-bb76-4706-8d06-c3fee91f1431,exact,null,null,null
e20c8720-c661-4e7e-9387-f1929a3784cc,00000000-0000-0000-0000-000000000001,82be44de-b1d6-4e48-e6bb-33ec98b83c7d,null,15996.00,UPI,HDFC Bank,high,verified,bb5ca6ca-c9ae-473a-a786-f1ea17710d2b,8c42685b-f2df-4dec-96bd-0e77b715e33e,2026-06-03 05:52:56.331+00,2026-06-01 08:24:09.578913+00,2026-06-03 05:52:52.802887+00,8167f5f2-208d-4f14-95b6-c335d1d7bef2,exact,ICICI Bank,null,null
382edd48-aca4-4b26-818d-3b8e1faa3529,00000000-0000-0000-0000-000000000001,0278721a-a690-833b-298a-16a351fb7a3a,null,21577.00,UPI,IDFC First Bank,low,verified,b2085046-6447-4173-9cdb-60a611c6bb40,8c42685b-f2df-4dec-96bd-0e77b715e33e,2026-06-09 11:46:13.429+00,2026-06-01 08:25:59.030231+00,2026-06-09 11:46:09.312423+00,76d250e6-ef95-4196-9d89-5520f555dc86,exact,null,null,null
d6ebd583-ddc9-4faf-8057-4976e2023a13,00000000-0000-0000-0000-000000000001,e99afa10-6249-3f5b-4364-da75f89e34f9,79ee32de-c630-4d81-b50a-5bb35458575e,15577.00,UPI,HDFC Bank,high,verified,53cd7deb-1d0a-4677-98d4-f593b21b6292,8c42685b-f2df-4dec-96bd-0e77b715e33e,2026-06-03 11:40:18.578+00,2026-06-01 08:28:41.631378+00,2026-06-03 11:40:15.762805+00,null,null,null,null,null
3e71f9b6-55cf-4a86-9e7d-26b44639bc42,00000000-0000-0000-0000-000000000001,a7dadee2-80e3-eba0-084f-5f1847bb3aa4,null,27112.00,UPI,HDFC Bank,high,verified,0489ee62-8b2d-4fb1-a656-d11782a59bfc,8c42685b-f2df-4dec-96bd-0e77b715e33e,2026-06-03 05:58:03.469+00,2026-06-01 08:30:36.47931+00,2026-06-03 05:57:59.937499+00,32a08994-42d7-4203-ae0d-c671bb00185f,exact,ICICI Bank,null,null
dcf60c0f-3072-455d-840b-0b939003311e,00000000-0000-0000-0000-000000000001,18d86801-3cb7-11d4-8b9d-433429296014,null,18538.00,UPI,HDFC Bank,high,verified,8bdd5964-b92c-4d5e-8748-3271c1789d70,8c42685b-f2df-4dec-96bd-0e77b715e33e,2026-06-03 06:06:50.565+00,2026-06-01 08:32:22.816563+00,2026-06-03 06:06:47.038904+00,c45749d6-5e5c-4aa9-8ca1-1e686e886cb2,exact,State Bank of India,null,null
413a07aa-35ff-4097-a739-d280412bc208,00000000-0000-0000-0000-000000000001,104a66bf-0d87-2acc-ec03-a73d1c1cfd53,null,13787.00,UPI,HDFC Bank,high,verified,655eaef6-502e-492c-8fcc-1f22214b75b3,8c42685b-f2df-4dec-96bd-0e77b715e33e,2026-06-03 06:09:54.082+00,2026-06-01 08:33:18.7489+00,2026-06-03 06:09:50.559767+00,7447a5d8-d5ce-418b-a899-45dafef1fa0b,exact,HDFC Bank,null,null
4c965350-e65a-4b03-a67f-834409908681,00000000-0000-0000-0000-000000000001,1dc2bdca-ae79-4cd5-9d74-961c02cce282,null,21732.00,UPI,HDFC Bank,high,verified,65d1e290-49a2-4c96-a4a7-9b580ae1468e,8c42685b-f2df-4dec-96bd-0e77b715e33e,2026-06-03 06:10:56.038+00,2026-06-01 08:34:00.425506+00,2026-06-03 06:10:52.506928+00,21c35f69-116d-478b-b666-d298211ecbf8,exact,Yes Bank,null,null
4e596c36-75a6-4c9e-afa1-a8c9309e3bab,00000000-0000-0000-0000-000000000001,4505ca5d-0961-03c9-5943-ffda2a5ae270,null,15500.00,UPI,HDFC Bank,high,verified,7fa86a0e-dfab-4fad-8ee4-3054f710a796,8c42685b-f2df-4dec-96bd-0e77b715e33e,2026-06-03 06:19:11.506+00,2026-06-01 08:35:38.79594+00,2026-06-03 06:19:07.976189+00,065fd4c4-6942-4e83-946d-0cba75b7d622,exact,Canara Bank,null,null
4bc3dd49-3920-4fe9-af5f-fdc8d6e495cd,00000000-0000-0000-0000-000000000001,1a171004-7682-1c39-e6a2-758b668c33b0,null,19932.00,UPI,HDFC Bank,high,verified,afdaf9f4-ef7c-4e2d-974b-211188fd103a,8c42685b-f2df-4dec-96bd-0e77b715e33e,2026-06-03 11:41:35.337+00,2026-06-01 08:37:18.666959+00,2026-06-03 11:41:32.518771+00,bbac482a-02d5-4974-ba85-9c368501dae5,exact,State Bank of India,null,null
bfce5d8d-df3b-4b6e-b891-af3c32877155,00000000-0000-0000-0000-000000000001,257579ca-bef0-99b8-f916-e518891ffdab,null,33177.00,UPI,HDFC Bank,high,verified,4ff5a28e-9b63-4a11-b30a-b2a99332af41,54acafd0-4c07-4bbf-97ee-b4760389c991,2026-06-04 05:08:24.316+00,2026-06-01 08:38:37.71923+00,2026-06-04 05:08:25.056544+00,8ad508c0-7d2c-4990-b6b0-dd20da8517a2,exact,Federal Bank,null,null
70411ce9-3a55-4401-8ceb-653ae0618e35,00000000-0000-0000-0000-000000000001,cda37b51-1bbc-af0d-a560-49af88fdc751,null,16391.00,UPI,HDFC Bank,high,verified,36fe4af5-4c03-4b4d-9fbe-85708f5b9cfb,54acafd0-4c07-4bbf-97ee-b4760389c991,2026-06-01 08:50:49.695+00,2026-06-01 08:39:42.21124+00,2026-06-01 08:50:50.711761+00,ac672ba2-c09e-4272-9b4d-68f7accef501,exact,null,null,null
764e7e17-a7d9-4c2c-814e-3d034cd42e3e,00000000-0000-0000-0000-000000000001,3b02f95a-b47e-1037-4f8a-f2f31e35c98e,68f95ecc-e151-4159-bc5d-99a97862ecdd,22250.00,UPI,null,medium,verified,31ef5571-382f-4ebe-af7c-997621ecc9b5,8c42685b-f2df-4dec-96bd-0e77b715e33e,2026-06-05 07:22:30.611+00,2026-06-02 06:16:25.671797+00,2026-06-05 07:22:27.288596+00,null,null,Kotak Mahindra Bank,null,null
5ad72ea3-4177-49d3-8253-eb251ec28820,00000000-0000-0000-0000-000000000001,2ba81159-3fd3-401a-b806-4cf09e7dce86,1a05f071-ba8b-4f0a-8a37-6f171c825e7c,20436.00,UPI,HDFC Bank,high,verified,ffa27de6-7bca-4627-86e6-1b69dd4436fe,8c42685b-f2df-4dec-96bd-0e77b715e33e,2026-06-05 07:27:04.264+00,2026-06-02 06:55:59.183754+00,2026-06-05 07:27:00.942588+00,842cfc29-7370-4f51-ae55-5be74031a9ea,exact,Yes Bank,null,null
f706d7ca-d02c-474c-872a-3c7f79b38b12,00000000-0000-0000-0000-000000000001,93eb3d6a-d35b-ef1f-83b8-7430b6ad1674,fbab8861-e908-46cc-8418-39246bf0203b,null,Unknown,null,low,rejected,null,54acafd0-4c07-4bbf-97ee-b4760389c991,2026-06-02 07:39:12.542+00,2026-06-02 07:37:13.6409+00,2026-06-02 07:39:14.146195+00,null,null,null,null,null
672c00a0-ef50-41e1-bfa6-7b4657f92af1,00000000-0000-0000-0000-000000000001,49355947-7605-ec5f-7d81-a6597f38d76b,ccec5650-a073-479b-b69c-237d75bfa526,15616.00,UPI,HDFC Bank,high,verified,6c12f9c1-da64-4071-95c3-64eeb4abccb7,8c42685b-f2df-4dec-96bd-0e77b715e33e,2026-06-05 07:30:19.233+00,2026-06-02 08:44:54.231645+00,2026-06-05 07:30:15.91263+00,6fb588d1-21fa-403d-a812-55c5d0ce41fc,exact,null,null,null
db601e14-16d6-4307-918c-e827b6d2bc38,00000000-0000-0000-0000-000000000001,073e4bd7-f1f1-49d3-604f-c365b9952a6c,a3297cd4-0ba0-4e4a-8fdb-0497692c029d,15824.00,Unknown,null,low,verified,944406e5-3121-4f91-8dcf-bdd0d4d12b3c,8c42685b-f2df-4dec-96bd-0e77b715e33e,2026-06-05 07:31:04.163+00,2026-06-02 09:12:47.410157+00,2026-06-30 11:39:47.488434+00,null,exact,null,null,null
5933fc40-0522-4fe9-aa79-3d882fd33832,00000000-0000-0000-0000-000000000001,ba8dd5e0-ed0e-8b6a-7098-2732476feb31,d1b4dfaf-7fae-4777-9c89-f0d104f1031a,null,UPI,HDFC Bank,failed,rejected,null,54acafd0-4c07-4bbf-97ee-b4760389c991,2026-06-06 10:52:58.735+00,2026-06-02 14:49:59.507309+00,2026-06-06 10:52:58.886069+00,null,null,null,null,null
2d633344-6411-4105-b7c9-c59412875629,00000000-0000-0000-0000-000000000001,417cb75b-9992-4df9-28ae-ad4d2313621f,99f5e8e0-8ade-41b0-9d45-a15eb552d267,15996.00,Bank,Axis Bank,high,verified,83be1bc6-4830-4266-b7b6-e123229a971f,8c42685b-f2df-4dec-96bd-0e77b715e33e,2026-06-05 11:02:27.77+00,2026-06-03 01:48:41.232426+00,2026-06-05 11:02:24.387347+00,bcbcc705-b0f9-44a4-9f7a-fd1f8704ad1b,exact,ICICI Bank,null,null
6f2ba232-7978-44e8-81ea-1299f1863896,00000000-0000-0000-0000-000000000001,66fbcb59-3d06-d8cc-b1d5-53f38a599207,ae84ba94-2456-48a9-8c51-c2ed00bd51f1,15329.00,UPI,HDFC Bank,high,verified,null,54acafd0-4c07-4bbf-97ee-b4760389c991,2026-06-04 05:09:27.662+00,2026-06-03 04:44:06.76312+00,2026-06-05 07:49:19.334086+00,62a7b2d9-f82a-46bf-a427-17641c689788,exact,HDFC Bank,null,null
e82ca7ab-ed80-49fd-b0c7-1ff518bd46d2,00000000-0000-0000-0000-000000000001,618f174c-7c45-cb54-907b-cacc78483918,ce85fa7f-3449-4856-a53e-e7d9ef1b22ad,20550.00,UPI,HDFC Bank,high,verified,820274d2-6318-4015-b93d-21e3c6bf6020,8c42685b-f2df-4dec-96bd-0e77b715e33e,2026-06-05 07:41:15.941+00,2026-06-03 06:14:39.902625+00,2026-06-05 07:41:12.618767+00,c10582bd-9a77-447d-a93a-cf820985be8d,exact,null,null,null
4038e70a-32fe-44ac-85ed-608ace4604fd,00000000-0000-0000-0000-000000000001,f2a00e3d-de04-40a3-6f41-a3ebfcab4a3c,5b921af9-8bb8-4714-a79f-5d9bc67d6550,16174.00,UPI,null,medium,verified,b336b0d9-4d19-427b-a7b2-d8623eff7aaa,8c42685b-f2df-4dec-96bd-0e77b715e33e,2026-06-05 11:03:13.182+00,2026-06-03 06:29:06.586652+00,2026-06-05 11:03:09.799474+00,2c168206-6149-4b19-886e-53c485a8365d,exact,Kotak Mahindra Bank,null,null
d18445f0-8e08-439e-988c-00cc93bb43d4,00000000-0000-0000-0000-000000000001,062b56c4-c469-4ef7-b4e6-9615dd770ec9,7596036c-7c8c-49f5-85ec-71544d06b951,null,Unknown,null,failed,rejected,null,54acafd0-4c07-4bbf-97ee-b4760389c991,2026-06-03 10:39:09.051+00,2026-06-03 06:41:10.413399+00,2026-06-03 10:39:09.768499+00,null,null,null,null,null
c917d08b-831b-4b25-a4cc-1c1951a753ec,00000000-0000-0000-0000-000000000001,062b56c4-c469-4ef7-b4e6-9615dd770ec9,dd0f1274-f69f-4275-8fd8-0ff008b84df9,null,Unknown,null,failed,rejected,null,54acafd0-4c07-4bbf-97ee-b4760389c991,2026-06-03 10:39:13.211+00,2026-06-03 06:41:44.764069+00,2026-06-03 10:39:13.91614+00,null,null,null,null,null
a277f8f9-268b-4d76-9711-bd8c299a048a,00000000-0000-0000-0000-000000000001,5b45a840-9d6c-242e-0e2f-2e2c972c2eec,3aabca86-c2a0-4887-b067-755fb2722b7b,28100.00,UPI,HDFC Bank,high,verified,1ce800cb-4a43-4c62-85e3-ea7506389427,54acafd0-4c07-4bbf-97ee-b4760389c991,2026-06-03 10:40:06.34+00,2026-06-03 09:48:33.980204+00,2026-06-03 10:40:06.994275+00,88a104ce-6141-464b-a7a2-0f06de161952,exact,ICICI Bank,null,null
5ad7cc10-6133-44a5-a3e9-daca31e28c38,00000000-0000-0000-0000-000000000001,b0a6f0b5-9fd8-112e-2bfa-24fa8a25779b,d7e2e2a7-d566-48a9-9496-b6ada3f08256,16250.00,UPI,HDFC Bank,high,verified,null,54acafd0-4c07-4bbf-97ee-b4760389c991,2026-06-03 10:39:47.917+00,2026-06-03 10:35:09.964073+00,2026-06-05 10:36:38.34433+00,2a5975e1-e8bb-480e-a97c-b9b210fa2f71,exact,ICICI Bank,null,null
a40db998-30b6-4c78-bcaf-a9e4090a9abd,00000000-0000-0000-0000-000000000001,8aacbc78-5e56-b3c0-f8bc-fcb5490b94f3,43d0fe93-c539-421d-89f9-f8dac914bf8d,16895.00,Bank,Axis Bank,high,verified,0ac54bea-0b8e-45d8-b8ea-6363f05bc65e,54acafd0-4c07-4bbf-97ee-b4760389c991,2026-06-04 05:57:25.865+00,2026-06-03 12:28:29.263406+00,2026-06-04 05:57:26.601615+00,0ada0952-1b08-4f40-a0eb-0554164f2ca9,exact,null,null,null
b041e66b-fbdd-4345-886b-db786b9c732f,00000000-0000-0000-0000-000000000001,2631ddfd-660e-8719-1876-82cf88e13a60,7e63ef07-ab86-4b23-9d2f-9ae5e2ffe42e,15988.00,UPI,HDFC Bank,high,verified,bad71898-d01b-4ce3-b4e7-53bb72bade69,8c42685b-f2df-4dec-96bd-0e77b715e33e,2026-06-05 07:42:11.362+00,2026-06-03 15:36:14.324735+00,2026-06-05 07:42:08.047521+00,733e963a-4842-41e8-b04e-c4fee5e52802,exact,null,null,null
390d0e3e-0f7d-454e-9ff0-92d63b6aca14,00000000-0000-0000-0000-000000000001,1fc0c3bb-f35c-8d5d-a4fa-a9c1723cd8ab,ad9b2c98-af89-42f4-908c-7e8c9a922bb3,15708.00,UPI,HDFC Bank,high,verified,cceb59af-c236-4f7d-a922-e4552d6f9911,54acafd0-4c07-4bbf-97ee-b4760389c991,2026-06-04 05:09:00.279+00,2026-06-03 16:00:44.950656+00,2026-06-04 05:09:01.013423+00,2c18e639-d2eb-42fc-90f5-904f95b10c98,exact,Canara Bank,null,null
08b084e9-9e36-4538-af24-1abb5cf693c9,00000000-0000-0000-0000-000000000001,22b0be2d-52c5-1127-642d-4f1083b404ca,e2cd374b-de9b-47ac-b849-ab99df6f6cb6,21174.00,UPI,HDFC Bank,high,verified,e84c707d-a512-49b5-9b31-b78c02113a82,54acafd0-4c07-4bbf-97ee-b4760389c991,2026-06-04 05:09:07.015+00,2026-06-03 18:21:42.310621+00,2026-06-04 05:09:07.735094+00,facf7e24-4a01-4507-ac3c-87d1a475290e,exact,HDFC Bank,null,null
5c8c55a2-b83b-4b9e-b440-9505e2689b13,00000000-0000-0000-0000-000000000001,cf1318a5-0564-4af6-d90e-c3e76de1ef08,311fed3d-9bfe-4852-a819-27057149b0e5,16616.00,UPI,null,medium,verified,f1cb5539-2e92-4b42-be99-62cfc98be1fb,8c42685b-f2df-4dec-96bd-0e77b715e33e,2026-06-05 07:43:07.174+00,2026-06-04 03:43:09.767144+00,2026-06-05 07:43:03.85895+00,e4e3a756-a73d-4468-83f0-fbc5396586fa,exact,Kotak Mahindra Bank,null,null
2d378332-9e1c-470d-ac30-b0e4de24280f,00000000-0000-0000-0000-000000000001,a4709d2c-85e2-3d68-7467-1eaf879ba2c9,7074a1ba-c854-4a74-848d-86acadcab42d,16895.00,UPI,HDFC Bank,high,verified,488c1c58-dc16-4436-b588-1a76da3daa4e,54acafd0-4c07-4bbf-97ee-b4760389c991,2026-06-04 05:57:16.249+00,2026-06-04 05:39:52.132953+00,2026-06-04 05:57:16.961257+00,1b9c0ad8-039d-4a01-bc2c-5b6ec6e6e4a0,exact,State Bank of India,null,null
9b456b13-b470-46b1-9839-5d3421b51e39,00000000-0000-0000-0000-000000000001,8e39a9bd-3317-b2a6-22a6-16fa4cab9632,ecda1a76-3087-4434-944e-4141596357a6,21976.00,UPI,HDFC Bank,high,verified,d6f0ffd6-40c6-4d19-9877-4e3489ab58e7,54acafd0-4c07-4bbf-97ee-b4760389c991,2026-06-04 05:57:47.353+00,2026-06-04 05:56:32.432805+00,2026-06-04 05:57:48.068015+00,b0bcb2c8-816c-488e-89bf-28b79c76d2c3,exact,null,null,null
13579b6a-3a25-41c0-b405-9dc7b72b57d5,00000000-0000-0000-0000-000000000001,53416e34-aaed-471f-937d-0fea74c444b8,a5acba17-dacb-42ca-aab2-bfb604895a38,18476.00,UPI,HDFC Bank,high,verified,35e0076a-96fe-4b7e-9e9c-07f5a0e42f6b,8c42685b-f2df-4dec-96bd-0e77b715e33e,2026-06-06 08:55:34.799+00,2026-06-04 09:48:29.017088+00,2026-06-06 08:55:31.08309+00,7cdcce0d-5187-42ce-9f52-e2544fb7b7b2,exact,Kotak Mahindra Bank,null,null
e22b1a4b-ec2b-432e-9326-344a248114e7,00000000-0000-0000-0000-000000000001,04ba1c6f-6c06-819d-9ecc-a0c5f795b922,6ef93803-6d95-45e5-bd8d-e2d8de23c3e0,17050.00,UPI,HDFC Bank,high,verified,0e0d251c-d468-4ff3-b5c0-687a9d250b53,8c42685b-f2df-4dec-96bd-0e77b715e33e,2026-06-06 08:56:29.427+00,2026-06-04 15:46:59.787542+00,2026-06-06 08:56:25.706972+00,54568dd8-1bad-493d-a7a4-56804a056cbe,exact,State Bank of India,null,null
a9c4893c-9360-476c-a15e-f73457df96e2,00000000-0000-0000-0000-000000000001,f38ac232-fe6f-44f8-955c-18c46b4db738,7c606424-5dc1-415b-8bf2-075e29ea8a1f,22309.00,UPI,HDFC Bank,high,verified,null,8c42685b-f2df-4dec-96bd-0e77b715e33e,2026-06-06 08:58:42.206+00,2026-06-04 17:54:30.446754+00,2026-07-24 16:24:13.310867+00,null,exact,Indian Bank,null,null
fa034966-9386-41df-bc1f-c8ecb3cb5bf2,00000000-0000-0000-0000-000000000001,38305983-db92-2c3c-7949-96f7ca7833eb,e467ca85-35b0-4213-9cbc-bbd401603ead,21298.00,UPI,HDFC Bank,high,verified,142479f4-4242-4b83-9a6a-205745255bba,8c42685b-f2df-4dec-96bd-0e77b715e33e,2026-06-06 09:02:09.284+00,2026-06-04 19:53:35.560535+00,2026-06-06 09:02:05.567583+00,384949bf-2d5e-407d-a871-651a76f67e6c,exact,HDFC Bank,null,null
c67646e6-93de-4396-bf35-fbab480d730b,00000000-0000-0000-0000-000000000001,9541a16d-d020-eb78-80f1-a4a2d4b7775f,0056304b-359e-44ff-ad69-474be58baa8a,26988.00,UPI,HDFC Bank,high,verified,361f507c-7fd7-44fb-b770-12cd2bb98f11,8c42685b-f2df-4dec-96bd-0e77b715e33e,2026-06-06 09:03:04.743+00,2026-06-05 01:16:32.489072+00,2026-06-06 09:03:01.027448+00,6a930926-d66b-4d7c-9093-a436184b20d3,exact,HDFC Bank,null,null
ba1da716-8570-4a76-8589-d1b90bb7a0d6,00000000-0000-0000-0000-000000000001,72ac33cc-b9b2-9cc4-47fd-d37096c8f30d,fb5b7a92-747a-47c7-9320-490f3d36af5b,16988.00,UPI,HDFC Bank,high,verified,5236be79-34bb-4cfe-a5ba-8471e30b9f9a,8c42685b-f2df-4dec-96bd-0e77b715e33e,2026-06-06 09:03:54.8+00,2026-06-05 06:02:18.138318+00,2026-06-06 09:03:51.084059+00,9bbaf1d2-9556-4e96-a75d-a03d2c32a81d,exact,null,null,null
7d86ae15-de7c-4eb8-98dc-d81380aa8fbd,00000000-0000-0000-0000-000000000001,6dd50e39-9843-4442-cc09-3b49fbe97fb9,fb0a2605-8251-470d-aec0-3d1140104bee,16825.00,Bank,null,medium,verified,bf24a687-d04b-48bb-bdd1-f4dd791e9451,8c42685b-f2df-4dec-96bd-0e77b715e33e,2026-06-06 09:14:29.093+00,2026-06-05 06:43:03.970757+00,2026-06-06 09:14:25.390432+00,21a91399-f190-4e9e-a426-d99af5b71b01,exact,IDBI Bank Limited,null,null
511cf586-e4a7-4098-bed8-6ee96819f9c4,00000000-0000-0000-0000-000000000001,ba8dd5e0-ed0e-8b6a-7098-2732476feb31,033fa134-86c9-4796-ae62-70b2f497f3d2,2000.00,UPI,null,low,rejected,null,54acafd0-4c07-4bbf-97ee-b4760389c991,2026-06-06 10:53:07.945+00,2026-06-05 11:50:31.51131+00,2026-06-06 10:53:08.089191+00,null,null,null,null,null
7a48ee46-cb0f-4f6b-8ba1-17e6c154c084,00000000-0000-0000-0000-000000000001,a467df39-5ec5-465e-a471-e2b54be7bc71,8c91c759-2193-40ae-a8d5-0d3505c988b7,16184.00,Unknown,null,low,verified,bb712098-cd0e-4ae3-979c-773e6878557b,8c42685b-f2df-4dec-96bd-0e77b715e33e,2026-06-09 11:32:11.792+00,2026-06-05 12:06:28.288664+00,2026-06-09 11:32:07.665126+00,85d84dd0-37dc-4f6b-a9a5-23a9fe86cb9e,exact,null,null,null
70bf0841-e62d-4e87-9896-333e87b4041e,00000000-0000-0000-0000-000000000001,23f7ef5f-6b26-a104-b616-b438d7e9243c,117aa9a8-068f-489e-a707-b051130e1719,15670.00,UPI,HDFC Bank,high,verified,630148f1-e126-43e5-8a02-092b82245708,54acafd0-4c07-4bbf-97ee-b4760389c991,2026-06-06 10:52:03.262+00,2026-06-05 12:23:14.103665+00,2026-06-06 10:52:03.374183+00,596aa38f-d435-43b9-a679-e6c93774dcd0,exact,Canara Bank,null,null
3522cac4-5132-4a4d-aff7-742b7e8bc392,00000000-0000-0000-0000-000000000001,8971261e-a813-477f-94c0-0a9661dc4c34,03c9c11a-5238-42f2-93b6-7896340db2a9,16088.00,UPI,HDFC Bank,high,verified,fdd21e2c-8c99-41a2-9499-3e09387083b1,54acafd0-4c07-4bbf-97ee-b4760389c991,2026-06-06 10:52:11.626+00,2026-06-05 16:28:02.413604+00,2026-06-06 10:52:11.739943+00,6168dce2-96d4-46ab-a7d7-b1cca6e4f2b8,exact,Axis Bank,null,null
9a593e8d-21d1-473d-9d36-b21d5ff89ac7,00000000-0000-0000-0000-000000000001,238b347e-e7e9-b1a3-31a8-a2f8fed99f55,71f33900-43e2-4e4b-a070-99e9a2a3f811,27856.00,UPI,HDFC Bank,high,verified,5796b308-cf10-4f57-8f04-e8525ec767e6,54acafd0-4c07-4bbf-97ee-b4760389c991,2026-06-06 10:52:23.791+00,2026-06-06 04:43:47.713707+00,2026-06-06 10:52:23.901716+00,ab4fd76b-3ec9-473c-b226-13c9131fbc47,exact,null,null,null
0ef62132-4cde-4ebf-9f3d-3f9482b560ea,00000000-0000-0000-0000-000000000001,c2329858-525d-2f70-5e31-bf9a8358eb3e,a76459c8-b432-4463-990c-0f043441e977,15996.00,Wallet,null,medium,verified,883e695c-e77e-4a7b-95de-6e7e45121f68,8c42685b-f2df-4dec-96bd-0e77b715e33e,2026-06-08 07:06:39.3+00,2026-06-06 06:53:12.661042+00,2026-06-08 07:06:35.044647+00,afa1adb1-804e-4723-b7b3-3a1ef2fe0e39,exact,null,null,null
21512e7a-e8bc-4db2-a547-053a2a387acf,00000000-0000-0000-0000-000000000001,be68c44d-d4d2-478a-7b1e-c9c3fefac406,9fd93e65-2af6-4773-86a8-e955994371b8,15639.00,UPI,HDFC Bank,high,verified,693eef93-d0c0-468a-8d56-ec4419e64bc3,54acafd0-4c07-4bbf-97ee-b4760389c991,2026-06-06 10:52:45.61+00,2026-06-06 08:36:08.188054+00,2026-06-06 10:52:45.726556+00,3ea01ac3-a05c-45af-8988-3258247149ca,exact,Canara Bank,null,null
10b5a192-0b50-44bb-afb6-86b2ff8d372b,00000000-0000-0000-0000-000000000001,77dd12b8-a20b-05c8-2372-79ba1b1624a9,9f010007-279d-485a-838d-c00c97d7b9b7,null,Unknown,null,low,rejected,null,54acafd0-4c07-4bbf-97ee-b4760389c991,2026-06-06 10:52:39.441+00,2026-06-06 08:41:31.240125+00,2026-06-06 10:52:39.593902+00,null,null,null,null,null
a6577acb-dcba-4660-91f7-5d43de1f3309,00000000-0000-0000-0000-000000000001,77dd12b8-a20b-05c8-2372-79ba1b1624a9,91e3013f-9089-4b84-9370-2180ff079925,17259.00,UPI,HDFC Bank,high,verified,2bab0022-1850-402b-bdd8-a94f3701b282,54acafd0-4c07-4bbf-97ee-b4760389c991,2026-06-06 10:51:50.782+00,2026-06-06 08:43:55.512251+00,2026-06-06 10:51:50.907486+00,1c5d349e-9bef-477d-b62f-f344ecfba530,exact,Kotak Mahindra Bank,null,null
722a877c-1815-45c3-9b0d-1707ec0d9211,00000000-0000-0000-0000-000000000001,25ef6338-6197-45a8-82d9-ddd0a846f1b2,47ba2423-35a7-4318-878e-6da62fc3baf5,15600.00,Unknown,null,low,verified,c3faee42-3376-4d76-9176-d738a3783178,8c42685b-f2df-4dec-96bd-0e77b715e33e,2026-06-09 11:44:09.53+00,2026-06-06 09:35:18.112236+00,2026-06-09 11:44:05.409462+00,71467e0f-1914-4958-9fa9-969c10246ac9,exact,null,null,null
df134c8a-59d2-4d57-aba5-0b39d9cdcc23,00000000-0000-0000-0000-000000000001,2b785f57-1c4f-d4a8-d486-b69e7b2db5bc,8e06450e-4134-49ca-aed9-e482b598fd4f,20492.00,UPI,null,medium,verified,a0c2e41a-41e6-4b8a-9cb1-345e5382bb1f,8c42685b-f2df-4dec-96bd-0e77b715e33e,2026-06-08 07:08:32.115+00,2026-06-06 10:37:32.373718+00,2026-06-08 07:08:27.858304+00,e7823f02-eee8-4a4a-8c2f-bb4d0f71417b,exact,Karur Vysya Bank,null,null
f4ebc5f9-d339-4495-a52b-2796cb88e3b9,00000000-0000-0000-0000-000000000001,b4a50439-db13-dc26-d980-eb079b321460,fd3de482-e352-43d1-8e91-c1d1f9fa9321,16492.00,UPI,HDFC Bank,high,verified,b1ee2a63-653e-4312-a22f-e20df42d8903,8c42685b-f2df-4dec-96bd-0e77b715e33e,2026-06-08 07:09:07.935+00,2026-06-06 11:56:46.537052+00,2026-06-08 07:09:03.677153+00,04cb70b9-bc83-4ef6-8593-25648856b7e7,exact,ICICI Bank,null,null
d62c64c3-9ce3-4b54-a28b-ce5ee9e5e45e,00000000-0000-0000-0000-000000000001,855f3f6a-72ae-46f4-4cc2-a9a0d5df5b70,3a013549-823e-456e-a4cc-bfa76d29ac3b,16825.00,UPI,HDFC Bank,high,verified,137691c1-1ead-4b00-a068-f12dea8ae80d,8c42685b-f2df-4dec-96bd-0e77b715e33e,2026-06-08 07:09:35.476+00,2026-06-06 13:42:05.412315+00,2026-06-08 07:09:31.219029+00,105adf3b-0114-4ae2-a558-405fcf0160e4,exact,ICICI Bank,null,null
294a4467-94d0-45ca-9a16-db73051a9d67,00000000-0000-0000-0000-000000000001,94927866-7ca0-4311-b799-972822792cb8,61aa18ca-990d-46e5-80d2-9ef5f85f7b9d,16748.00,UPI,HDFC Bank,high,verified,00033f74-e227-419b-a351-fee6400c6a0c,8c42685b-f2df-4dec-96bd-0e77b715e33e,2026-06-08 07:10:40.792+00,2026-06-06 15:24:38.721444+00,2026-06-08 07:10:36.536735+00,b1dcd897-8ef1-4639-b7dc-c21bc2679649,exact,ICICI Bank,null,null
1b412f88-8069-4506-91b0-c119a840f4bf,00000000-0000-0000-0000-000000000001,51c3d3a9-bfa0-4a8e-a687-3ef46bc022cc,a22a4f4d-9aa4-4dc8-ba34-212dcd04d486,17538.00,UPI,HDFC Bank,high,verified,857172cd-c4f7-40e7-adb8-ef18f46a6fea,8c42685b-f2df-4dec-96bd-0e77b715e33e,2026-06-08 08:37:12.773+00,2026-06-06 15:51:26.250317+00,2026-06-08 08:37:08.357087+00,92c66d08-fcfe-41e6-8d7b-5a87ba4572bd,exact,Federal Bank,null,null
d55a34fd-56e2-4de4-88f7-37aaa63f75fd,00000000-0000-0000-0000-000000000001,1a3b6c74-26e1-7124-0b5c-7f783d71624d,6a877a08-62d9-41c4-be7a-185dd37585b8,17639.00,UPI,HDFC Bank,high,rejected,null,8c42685b-f2df-4dec-96bd-0e77b715e33e,2026-06-08 08:42:56.554+00,2026-06-06 15:54:38.412494+00,2026-06-08 08:42:52.183005+00,082075d2-3696-4472-8518-a23944d03905,exact,null,null,null
713c5efc-7850-4938-9f2a-d3cdf6eefca6,00000000-0000-0000-0000-000000000001,1a3b6c74-26e1-7124-0b5c-7f783d71624d,0e68d0f5-d4e1-4471-a8e7-45f0a76b9c02,17639.00,UPI,HDFC Bank,low,verified,b21124b1-43dc-4ac1-8795-473a7e5864c5,8c42685b-f2df-4dec-96bd-0e77b715e33e,2026-06-08 08:42:52.007+00,2026-06-06 16:22:56.77598+00,2026-06-08 08:42:47.618019+00,082075d2-3696-4472-8518-a23944d03905,exact,null,null,null
3da02b7c-554f-42a5-9b24-6971544be737,00000000-0000-0000-0000-000000000001,d497808b-36e2-ea42-d247-85b4e409078c,8c3dbd88-84b2-49a5-bd53-ef5b340f1c67,17732.00,UPI,HDFC Bank,high,verified,91fc25ef-8c3d-49f3-a86b-75d11194bb27,8c42685b-f2df-4dec-96bd-0e77b715e33e,2026-06-08 08:38:15.744+00,2026-06-06 17:06:21.412542+00,2026-06-08 08:38:11.334557+00,c45197fa-7716-4667-90a9-f56d4bc1bfee,exact,State Bank of India,null,null
fb461977-7552-4484-801c-160b276810aa,00000000-0000-0000-0000-000000000001,5527e05d-475b-45ed-a6f4-284340eed262,bef8d85b-e001-4963-b754-cfa5b7fd94b5,20259.00,UPI,HDFC Bank,high,verified,f44e3447-b991-4b09-a578-3b789b8a8830,8c42685b-f2df-4dec-96bd-0e77b715e33e,2026-06-08 08:38:59.762+00,2026-06-06 17:21:00.930116+00,2026-06-08 08:38:55.355929+00,4360fad3-1493-48cc-9f2d-e3101572876b,exact,Kotak Mahindra Bank,null,null
6e256ec9-3716-4527-b243-85bcdcc6dade,00000000-0000-0000-0000-000000000001,1287ac56-adee-78b5-6a6b-56b3e8dd7d48,8b8566e4-0235-4d38-8b53-d9176ef0cf35,15709.00,UPI,HDFC Bank,high,verified,3a8f3ac4-16da-4ecb-a91a-ef55fc89087f,8c42685b-f2df-4dec-96bd-0e77b715e33e,2026-06-08 08:39:39.56+00,2026-06-07 01:28:35.51851+00,2026-06-08 08:39:35.170895+00,e5c9de8d-9b2d-4799-9684-95b35af5b539,exact,null,null,null
c972cc60-a8ce-49b8-8e7f-7e9b51b043e9,00000000-0000-0000-0000-000000000001,4628a4bf-d4c5-9e5d-471c-271b9f3e7d03,8860b14a-0b75-4e8f-b58d-069375c4cad0,16709.00,UPI,HDFC Bank,high,verified,1b5b9976-de8b-4750-b148-e25f1b81b99a,8c42685b-f2df-4dec-96bd-0e77b715e33e,2026-06-08 08:40:35.446+00,2026-06-07 04:18:26.097501+00,2026-06-08 08:40:31.045864+00,2c1245cd-f47a-4c5c-aaf9-ea05f5ed90e7,exact,null,null,null
08ffd31d-5e5f-4521-8aa3-3eb7b412d0f5,00000000-0000-0000-0000-000000000001,9653a402-ff75-bbdf-8cc6-1cb0ca01f233,eb6be6a9-039a-408a-9fbf-c4f7a38587b5,null,Unknown,null,low,rejected,null,8c42685b-f2df-4dec-96bd-0e77b715e33e,2026-06-09 11:12:43.696+00,2026-06-07 04:22:46.911761+00,2026-06-09 11:12:39.537118+00,null,null,null,null,null
9017d271-711f-4f16-b0b6-976fdb37ceee,00000000-0000-0000-0000-000000000001,d77b5c1e-605d-6795-5eee-1e2f9b83e069,06d06455-806e-47cb-87ba-3a43440a8e18,17732.00,UPI,HDFC Bank,high,verified,c754eca5-4f04-4f52-b98a-3d44501ed456,8c42685b-f2df-4dec-96bd-0e77b715e33e,2026-06-08 08:41:10.999+00,2026-06-07 04:45:26.010845+00,2026-06-08 08:41:06.60299+00,f94d68a8-f62b-433f-9196-96a0decfafd2,exact,State Bank of India,null,null
7d46aa93-077c-4944-8c20-40634f4f994f,00000000-0000-0000-0000-000000000001,86cd2239-fa55-0389-437e-e8fd505dc931,238fb547-2177-4971-a8f9-06472db403fb,27918.00,UPI,HDFC Bank,high,verified,f81e36be-eb39-4375-b926-c09594fb94f8,8c42685b-f2df-4dec-96bd-0e77b715e33e,2026-06-08 08:41:36.226+00,2026-06-07 06:10:06.153223+00,2026-06-08 08:41:31.836142+00,d49e3853-645f-4c3c-946e-c4f58b2570e9,exact,null,null,null
6036c575-927b-43a8-bb67-63012a4fcadd,00000000-0000-0000-0000-000000000001,c3c77367-5f51-f7a7-e667-0e3480f53751,3636bfb8-ab2c-4b54-99ea-fd33e12d8400,16639.00,Bank,Bank of India,low,verified,dfd3d2f3-9e55-40e6-a943-41ef79df6385,8c42685b-f2df-4dec-96bd-0e77b715e33e,2026-06-10 07:12:47.834+00,2026-06-07 07:05:10.051881+00,2026-06-10 07:12:43.482378+00,9a48b076-b047-4d6d-b705-a707d61b1e48,exact,State Bank of India,null,null
302ba68f-956f-46c1-998f-3bdce8caa6cd,00000000-0000-0000-0000-000000000001,c3c77367-5f51-f7a7-e667-0e3480f53751,67433cfd-d2c0-435a-b211-225cf2e1c26e,null,Bank,null,failed,rejected,null,8c42685b-f2df-4dec-96bd-0e77b715e33e,2026-06-10 07:12:53.529+00,2026-06-07 07:05:10.181415+00,2026-06-10 07:12:49.18751+00,null,null,State Bank of India,null,null
823ae34a-aee3-446d-a584-fc613bb4a193,00000000-0000-0000-0000-000000000001,9e188cc2-9f75-4d15-8fa3-9348236cae71,58076220-9907-4713-940d-28a8ff68f9d4,17321.00,Unknown,null,low,verified,670eae79-d90e-476c-a1e2-a362f7dd66d6,8c42685b-f2df-4dec-96bd-0e77b715e33e,2026-06-09 11:45:17.899+00,2026-06-07 07:36:55.34267+00,2026-06-09 11:45:13.791418+00,88dbc566-3129-40b1-828d-485c0464e233,exact,null,null,null
c90d8a5a-a0bb-49f9-970d-ad2111eb87bc,00000000-0000-0000-0000-000000000001,83f51f9d-9d36-eda9-e7fb-5b1badbbd5d9,38ba43de-a919-4b83-8221-76be197fb798,16174.00,UPI,HDFC Bank,high,verified,cbf388e3-cfd6-4cca-8e11-c2b1a2929f0e,8c42685b-f2df-4dec-96bd-0e77b715e33e,2026-06-08 09:51:34.74+00,2026-06-07 07:52:44.687309+00,2026-06-08 09:51:30.327654+00,f5af5018-c06d-49c9-8626-85ca9c126c87,exact,HDFC Bank,null,null
e712d278-a8ac-488d-8c4c-dc468937c8c4,00000000-0000-0000-0000-000000000001,bcf8ffc1-fd5c-f6ab-0453-7a73c73786dd,4895256b-0bf6-406f-abab-ea701be8c43b,17329.00,UPI,HDFC Bank,high,verified,77fa458a-b98e-4ebc-b7b4-78b98917e800,8c42685b-f2df-4dec-96bd-0e77b715e33e,2026-06-08 09:52:04.355+00,2026-06-07 08:17:08.234937+00,2026-06-08 09:51:59.94552+00,d3285f5e-1b0e-410a-8ba3-de31ed526e48,exact,City Union Bank,null,null
1f6b9d00-cda2-43f0-bebf-d894bedeb5b0,00000000-0000-0000-0000-000000000001,cb2574c2-6caf-4598-82dc-12b9569a6451,2bf4cc9a-4874-4bad-9311-47563d0b4503,16443.00,Unknown,null,low,verified,6884b186-5835-4479-a960-7cabc4e37532,8c42685b-f2df-4dec-96bd-0e77b715e33e,2026-06-10 06:10:19.3+00,2026-06-07 08:39:18.345118+00,2026-06-10 06:10:14.914918+00,924f351a-6fe4-4dc4-8016-ea6cd9c56a14,exact,null,null,null
d41b0003-2da7-42ce-ac93-cd9a12322aca,00000000-0000-0000-0000-000000000001,9c88cc60-ea13-4dd1-9930-ca14ff0c6aa0,cee4c44b-ea77-4ae6-9376-36d0c8c25b05,16443.00,UPI,HDFC Bank,high,verified,a3c37dff-9cb7-43f3-b91c-9f9dc5a23b9e,8c42685b-f2df-4dec-96bd-0e77b715e33e,2026-06-08 09:56:32.368+00,2026-06-07 08:39:51.471128+00,2026-06-08 09:56:27.956767+00,6a05b2a8-2d2d-45af-9d20-ba50a177596d,exact,null,null,null
7da60c34-56fd-4135-8bd2-ce6222f294ad,00000000-0000-0000-0000-000000000001,ec6bd398-2413-2c67-18db-10bdd92ee4f9,960b9334-9a0a-401d-bd71-befd191090a6,27825.00,UPI,HDFC Bank,high,verified,1e3380e1-0d95-4add-9402-9d0c9160f950,8c42685b-f2df-4dec-96bd-0e77b715e33e,2026-06-08 09:57:46.855+00,2026-06-07 10:24:15.478216+00,2026-06-08 09:57:42.439391+00,e974da76-40eb-4c6d-bb0e-c202758fc74c,exact,HDFC Bank,null,null
c2a07fc2-44b8-483f-8039-cd1d04e1f1db,00000000-0000-0000-0000-000000000001,a6037691-771e-8146-3714-f9dedb8acbcc,68b3ec24-d900-41a8-846b-48afde4b9e87,16763.00,Unknown,null,low,verified,null,8c42685b-f2df-4dec-96bd-0e77b715e33e,2026-06-10 06:02:30.457+00,2026-06-07 10:28:12.066924+00,2026-06-10 06:03:17.14665+00,f564dcac-5cc9-4f33-8e11-85ef336fa05e,exact,null,null,null
673beed7-8bc4-45bd-a395-064408b7ede1,00000000-0000-0000-0000-000000000001,c02eb961-2471-c285-9c28-fb9a12aaf70a,09cd723d-b039-4b34-af38-c26a64420ac2,21639.00,UPI,HDFC Bank,high,verified,ef99daeb-88b7-480e-8cb9-4e8a4e800764,8c42685b-f2df-4dec-96bd-0e77b715e33e,2026-06-09 08:23:32.125+00,2026-06-07 15:55:39.407228+00,2026-06-09 08:23:27.963826+00,c40bfee7-9fd5-48d0-b42c-00ad44a8e295,exact,State Bank of India,null,null
7cd5782b-51b1-4cd1-abc5-366e5d653f87,00000000-0000-0000-0000-000000000001,733dd472-3b1e-dd43-76e5-082ddfe66c5b,bd22e899-12ee-4739-a6cd-0a2907a5d9ab,17329.00,Unknown,null,low,verified,7f987e07-e8bd-4939-a636-ff839d8f9319,8c42685b-f2df-4dec-96bd-0e77b715e33e,2026-06-10 05:59:55.496+00,2026-06-07 18:04:25.549552+00,2026-06-10 05:59:51.109644+00,5653465d-545f-438d-b299-0b891fe29e1d,exact,null,null,null
e217a8eb-d415-4c4d-a0cb-9ee80ee93794,00000000-0000-0000-0000-000000000001,1b003ea3-bdcb-0416-c3c2-8ff60f2f65f5,5950ba86-5d57-4b10-912d-a3ab54369aec,17918.00,Wallet,null,medium,verified,01c252a6-4cfe-4f13-a996-1a9ed6b7c5c9,8c42685b-f2df-4dec-96bd-0e77b715e33e,2026-06-08 08:46:04.412+00,2026-06-08 01:08:23.934876+00,2026-06-08 08:46:00.034078+00,25e63110-07c2-4bde-8332-b2071d1be070,exact,null,null,null
fcfbe254-086a-434f-908d-816e5652c3df,00000000-0000-0000-0000-000000000001,61031b0a-ef18-26aa-64b7-d412d7b3d276,3d046508-bcdf-4c8b-9c53-40d69feca7a4,17825.00,UPI,HDFC Bank,high,verified,9bd2d0b2-f3e5-44f1-9d30-0da29fb438ea,8c42685b-f2df-4dec-96bd-0e77b715e33e,2026-06-08 08:45:29.287+00,2026-06-08 04:27:39.310425+00,2026-06-08 08:45:24.905508+00,459dacb1-cc46-4b35-af5f-4620bff18ff3,exact,HDFC Bank,null,null
6e2b7d4b-0fd7-4eaf-b0d4-0bcdb2357a3b,00000000-0000-0000-0000-000000000001,f59fa4ad-6dca-c7e7-d459-5326609a6412,157eddfd-b688-4a0c-8558-897418e1f877,17298.00,UPI,HDFC Bank,high,verified,9a5f2eb1-3ca8-400f-a0cc-e31207b0274d,8c42685b-f2df-4dec-96bd-0e77b715e33e,2026-06-08 08:44:25.309+00,2026-06-08 05:19:31.166824+00,2026-06-08 08:44:20.925197+00,1af6205f-dfe7-4728-ba3f-b17f7807d342,exact,Axis Bank,null,null
8fd6dd51-773e-44b6-9dfe-743a2288475f,00000000-0000-0000-0000-000000000001,11e96dd2-92f4-f793-56db-439d5b3de156,ee3ce07f-89d1-459f-b1f1-a3c4eee44d6f,15500.00,UPI,HDFC Bank,high,verified,28cb57cc-b13d-46fa-a065-021b77746a7c,8c42685b-f2df-4dec-96bd-0e77b715e33e,2026-06-08 08:43:58.718+00,2026-06-08 05:44:48.347574+00,2026-06-08 08:43:54.332924+00,null,null,State Bank of India,null,null
b0fbdd55-7ff3-4f3e-b17a-e541d3fd48ad,00000000-0000-0000-0000-000000000001,25aa2406-e171-b558-8249-7a525d126d8f,846290d3-e5b1-4d54-b4ed-4b3a6cc816d6,20918.00,UPI,HDFC Bank,high,verified,5b50f5ae-92ae-4bb4-9043-d9667795e2ab,8c42685b-f2df-4dec-96bd-0e77b715e33e,2026-06-09 08:24:30.72+00,2026-06-08 06:38:51.37031+00,2026-06-09 08:24:26.557151+00,1eef1d60-b37c-4f76-a1a1-d39dda75e0f9,exact,ICICI Bank,null,null
fffdb411-2c1a-412b-bb8e-69149a188d6a,00000000-0000-0000-0000-000000000001,1932ea80-c6eb-874e-eca8-12410fa7a608,eb11a9fd-f20b-4d91-9457-e2d0a35b1f3f,14580.00,UPI,HDFC Bank,high,verified,affe754d-1527-4fd0-a328-d6ba3a717881,8c42685b-f2df-4dec-96bd-0e77b715e33e,2026-06-09 10:42:32.75+00,2026-06-08 10:12:14.589903+00,2026-06-09 10:42:28.642568+00,2395ef8e-74ce-4e3f-9b43-e303b1b3de02,exact,HDFC Bank,null,null
06e602e1-a2ab-4ef3-b93f-725354d2ff88,00000000-0000-0000-0000-000000000001,1932ea80-c6eb-874e-eca8-12410fa7a608,eea792dc-388f-4c17-971b-8617bb4597cc,15329.00,UPI,HDFC Bank,high,verified,null,f6623646-3abe-4faf-bff7-684ea1f04e96,2026-06-09 09:37:57.86+00,2026-06-08 10:12:58.892489+00,2026-06-09 10:47:42.94779+00,de7f679b-bf62-4045-85fe-869ccbc63750,exact,HDFC Bank,null,null
22169c1b-b4d5-4f72-832b-e24c30793eeb,00000000-0000-0000-0000-000000000001,79d4d3fe-73c5-a965-030f-c60220ee20cb,0490f78f-7a18-4173-a291-fe88c9193626,792.00,UPI,HDFC Bank,high,verified,ea4ae4d4-746b-4059-abb1-ee6b86f497ac,8c42685b-f2df-4dec-96bd-0e77b715e33e,2026-06-09 10:04:07.532+00,2026-06-08 11:42:07.43536+00,2026-06-09 10:04:03.378633+00,3cde0708-c7bc-4e61-a4e3-b0db888a2364,exact,State Bank of India,null,null
9cb09ecb-7a08-4d3d-9656-0211eafe363c,00000000-0000-0000-0000-000000000001,b0348aa8-ad9f-d0dd-94e8-c71a6627c930,cbeb7437-aa0c-48ff-90eb-2d12d1db2b79,15329.00,UPI,HDFC Bank,high,rejected,null,8c42685b-f2df-4dec-96bd-0e77b715e33e,2026-06-09 10:06:40.68+00,2026-06-08 11:42:20.344114+00,2026-06-09 10:06:36.54459+00,bcdf1904-5914-43ab-b7fc-10210c4e95f1,exact,Axis Bank,null,null
ea6c0df5-1505-41fc-8d03-e0deab40751f,00000000-0000-0000-0000-000000000001,b6263381-5732-4544-952b-edde50fdfc28,66830752-4ffa-4f94-b998-6a87ebe6d00d,14476.00,UPI,HDFC Bank,high,verified,454803d9-ddcd-4dc3-b879-1fc677ae97fa,8c42685b-f2df-4dec-96bd-0e77b715e33e,2026-06-09 10:08:09.591+00,2026-06-08 11:42:23.887607+00,2026-06-09 10:08:05.437403+00,ca15eb7d-f523-410c-a641-d9237f18279c,exact,Bank of India,null,null
0259ff26-d4c7-44ce-b18f-d868ddfc1a8c,00000000-0000-0000-0000-000000000001,18d86801-3cb7-11d4-8b9d-433429296014,83d3511d-17e4-41c9-b4a7-eebbf83cec0e,18538.00,UPI,HDFC Bank,high,rejected,null,8c42685b-f2df-4dec-96bd-0e77b715e33e,2026-06-09 10:08:28.528+00,2026-06-08 11:42:32.68399+00,2026-06-09 10:08:24.382434+00,c45749d6-5e5c-4aa9-8ca1-1e686e886cb2,exact,State Bank of India,null,null
c17272f7-34d9-4ea6-8aac-b5b5bf9e6b02,00000000-0000-0000-0000-000000000001,4f75b0ca-7bed-c37c-cfd4-1e361a1bb6d4,a9df6287-c14c-44d9-9ca6-166380b41d1e,21825.00,UPI,HDFC Bank,high,rejected,null,8c42685b-f2df-4dec-96bd-0e77b715e33e,2026-06-09 10:08:57.368+00,2026-06-08 11:42:39.259566+00,2026-08-20 12:40:03.850387+00,null,null,HDFC Bank,null,null
c281e025-6d2e-4c6d-a768-2e5120ff0cae,00000000-0000-0000-0000-000000000001,f9eb9b23-5f60-4ec4-b990-8313323bb759,a924d164-9af3-44b1-aaf8-638eea0a4b10,16981.00,UPI,HDFC Bank,high,rejected,null,8c42685b-f2df-4dec-96bd-0e77b715e33e,2026-06-09 10:09:10.4+00,2026-06-08 11:42:50.316202+00,2026-06-09 10:09:06.261201+00,null,null,Canara Bank,null,null
57f21aa2-50a5-4f3d-acb4-f2a19b40e4d9,00000000-0000-0000-0000-000000000001,18d86801-3cb7-11d4-8b9d-433429296014,7b115b12-4564-4b58-aee4-94125fe9919c,18538.00,UPI,null,medium,rejected,null,8c42685b-f2df-4dec-96bd-0e77b715e33e,2026-06-09 10:09:30.232+00,2026-06-08 11:42:50.793496+00,2026-06-09 10:09:26.086959+00,c45749d6-5e5c-4aa9-8ca1-1e686e886cb2,exact,null,null,null
16105e5a-2551-4798-993d-934c9dfed9f4,00000000-0000-0000-0000-000000000001,73715344-908a-b7fa-00cc-34358ffb16f0,8de8d7ba-010f-495b-b925-23093797a4ab,17639.00,UPI,HDFC Bank,high,verified,517c676c-2bea-4b8b-a156-9d5ffe6188b0,8c42685b-f2df-4dec-96bd-0e77b715e33e,2026-06-09 10:10:12.405+00,2026-06-08 11:42:53.239292+00,2026-06-09 10:10:08.260022+00,66029766-6767-47e3-87d3-a14faa740f27,exact,Kotak Mahindra Bank,null,null
d46b5afb-901e-4fad-98be-127982fd2015,00000000-0000-0000-0000-000000000001,bdcc24e3-6077-3ea9-b25e-2747d0f07be7,df3bb8d5-0761-4460-8ba7-504a4f81e886,18282.00,UPI,HDFC Bank,high,verified,null,8c42685b-f2df-4dec-96bd-0e77b715e33e,2026-06-09 10:10:33.539+00,2026-06-08 11:43:08.582917+00,2026-06-09 10:17:01.134437+00,6ed1a176-4ee5-4c9f-868e-3db5405d6bd0,exact,State Bank of India,null,null
d1674d8a-1b5c-4b4d-8906-d33d2d3bd562,00000000-0000-0000-0000-000000000001,f284b25b-d762-1399-a12e-ba7ffa6b6f97,aa4cd18d-8aa1-426e-93e5-bbcd378169ef,16492.00,UPI,HDFC Bank,high,verified,fef40f54-5f56-4b68-a8b2-298b70276064,8c42685b-f2df-4dec-96bd-0e77b715e33e,2026-06-09 10:18:11.42+00,2026-06-08 11:43:09.050827+00,2026-06-09 10:18:07.292678+00,0dcbb0a6-3f09-4a3e-958b-398e2506a326,exact,HDFC Bank,null,null
05d4e8f0-f9ca-4f9f-98ee-b3eb4fa36068,00000000-0000-0000-0000-000000000001,11316c38-dc08-4983-3588-fcadd88bd5d2,3ffdebb7-67a3-4c34-ad0a-be7f78e15db3,15763.00,UPI,HDFC Bank,high,verified,1517abb6-c1ee-40bf-b124-ecd1ad172d99,8c42685b-f2df-4dec-96bd-0e77b715e33e,2026-06-09 10:19:11.006+00,2026-06-08 11:43:53.139451+00,2026-06-09 10:19:06.874401+00,d167904b-afd2-4a4c-b2c7-8982bb636ded,exact,State Bank of India,null,null
37f57cf1-5a65-4a50-a2f3-71789994daf6,00000000-0000-0000-0000-000000000001,122c395f-56fd-4482-fe33-7fa3c3cd30b5,64fd5c34-63cf-4d92-8d5e-2f29d02550c8,16391.00,UPI,HDFC Bank,high,verified,56975666-1be9-4738-8a5e-cceb35392a73,8c42685b-f2df-4dec-96bd-0e77b715e33e,2026-06-09 10:19:44.324+00,2026-06-08 11:45:58.01006+00,2026-06-09 10:19:40.18241+00,0e79836f-bc38-48d2-b2fb-35560ceca93e,exact,Standard Chartered,null,null
6f06225f-d427-416d-af5e-283b8fc2b2b6,00000000-0000-0000-0000-000000000001,3e50af3d-452f-d098-b3bc-3c2a64576d55,b91f45ad-72a7-4d57-9336-6786a115c121,16891.00,UPI,HDFC Bank,high,verified,53883a63-cfaf-4c7c-b97b-9745e2cd7d3b,8c42685b-f2df-4dec-96bd-0e77b715e33e,2026-06-09 10:20:36.892+00,2026-06-08 11:46:03.013918+00,2026-06-09 10:20:32.759956+00,de3dca5a-d7a8-4688-8959-03118db0cd0e,exact,Canara Bank,null,null
e0a62d82-f662-4a41-84c7-d314dba4c499,00000000-0000-0000-0000-000000000001,c09e703c-d287-38c8-d1c1-239145e17df9,4e79c107-f64c-4543-8ee6-5c1f9749a234,17112.00,UPI,null,medium,verified,daf6f53e-d1e0-41fd-bc00-21e863189b9f,8c42685b-f2df-4dec-96bd-0e77b715e33e,2026-06-09 10:21:43.927+00,2026-06-08 11:46:30.673991+00,2026-06-09 10:21:39.795104+00,9157fc38-b7e5-42ca-9e2e-a98913f48e47,exact,null,null,null
ba2af337-0dcd-4c45-b1b3-e20fa275169a,00000000-0000-0000-0000-000000000001,55ca6f7c-112a-ec33-7c1c-987508bc9e41,23577be1-5d3f-446b-824e-595d2e5086b2,17825.00,UPI,HDFC Bank,high,verified,57d95207-d49a-45f6-a6ad-6890820a9e2f,8c42685b-f2df-4dec-96bd-0e77b715e33e,2026-06-09 10:21:55.467+00,2026-06-08 11:46:54.112048+00,2026-06-09 10:21:51.330014+00,15c6194f-93cb-41fd-99e3-d2d468d82292,exact,HDFC Bank,null,null
14db8d27-d255-4ee5-ad8e-fc4ebbb7874f,00000000-0000-0000-0000-000000000001,011b7d1c-5697-5394-c05b-fa0473640657,00ae77e9-3bf1-478c-8771-c4bfaabd44f8,20209.00,UPI,HDFC Bank,high,verified,null,8c42685b-f2df-4dec-96bd-0e77b715e33e,2026-06-09 10:22:35.575+00,2026-06-08 11:51:57.425801+00,2026-06-09 10:23:13.22159+00,81f8ef84-d02e-4b2c-916c-5c14207f60c3,exact,State Bank of India,null,null
f530a5cc-0e7a-456e-af22-b7dee4bf25ed,00000000-0000-0000-0000-000000000001,1d4c0119-5151-7a5b-2266-f16e44f67157,9552aed7-b434-4b07-9a9b-3456925dd2dc,15391.00,UPI,HDFC Bank,high,verified,1eafc949-ef49-4849-8ad7-9ebdbfd2683e,8c42685b-f2df-4dec-96bd-0e77b715e33e,2026-06-09 10:25:36.15+00,2026-06-08 11:52:40.443086+00,2026-06-09 10:25:32.041385+00,0bb193c0-88c2-4a69-8ed6-c106f4678ee0,exact,Axis Bank,null,null
2271f8c6-e64d-40fa-8def-3314b9038990,00000000-0000-0000-0000-000000000001,2bd67002-1f8f-faff-efc5-5063dbedf10f,4d2fd75b-1b4e-4dc9-a635-c2e95779f4bf,19850.00,Unknown,null,low,verified,8ce90c83-e557-4dac-9041-8a5dca6957fd,8c42685b-f2df-4dec-96bd-0e77b715e33e,2026-06-09 11:08:24.681+00,2026-06-08 11:54:47.734276+00,2026-06-09 11:08:20.5136+00,3834592e-8e3a-4d3b-a693-079f6c3cfb21,exact,null,null,null
4778b7d8-134b-40e8-8174-d8c626a42a15,00000000-0000-0000-0000-000000000001,146a8458-f956-54ed-317f-b99f7d16fff8,d0bf12a3-18dd-4604-874f-71a281a6c7f2,17112.00,UPI,HDFC Bank,high,verified,6376a60c-4b84-45ed-8974-3d072ccfc60c,8c42685b-f2df-4dec-96bd-0e77b715e33e,2026-06-09 10:24:18.178+00,2026-06-08 12:01:09.612239+00,2026-06-09 10:24:14.058942+00,48c97ac8-5ae2-48d0-a103-bd51a1c7054a,exact,State Bank of India,null,null
ed0c2ec9-4261-4698-a192-142af7166951,00000000-0000-0000-0000-000000000001,31f3f7a3-5dc4-21cd-ba54-b41347a7822a,b74bdc88-319f-4d8c-83db-8f7e6a3f13db,16670.00,UPI,HDFC Bank,high,verified,3a632a0e-1b20-41a9-b159-d38f3461f3a8,8c42685b-f2df-4dec-96bd-0e77b715e33e,2026-06-09 10:24:05.331+00,2026-06-08 12:01:24.503907+00,2026-06-09 10:24:01.208357+00,ce8367a6-0a43-48c1-90c2-384addca3408,exact,ICICI Bank,null,null
413c013e-1c47-4ce7-afc2-98a5360b7259,00000000-0000-0000-0000-000000000001,950dd22f-78fa-d205-48b3-fe5a5cc7438e,224cf3f8-b111-4549-a645-f306cc451245,16709.00,UPI,HDFC Bank,high,verified,6140310f-1709-4c25-bed7-078265a77dd5,8c42685b-f2df-4dec-96bd-0e77b715e33e,2026-06-09 10:25:20.938+00,2026-06-08 12:02:24.6209+00,2026-06-09 10:25:16.820544+00,2ef5f0ec-d814-45f3-902e-f9c884f19abf,exact,ICICI Bank,null,null
c0d86779-197e-4706-8ddb-49a9abf0c499,00000000-0000-0000-0000-000000000001,be84008a-74d3-3cc1-6fd6-bcef998f7bff,5c55e2d0-c1cf-4d2a-9901-16b70d2dd45d,21515.00,Unknown,null,low,verified,f1ed61ed-3112-4d27-b680-b0b1b22e1ae9,8c42685b-f2df-4dec-96bd-0e77b715e33e,2026-06-09 11:09:12.811+00,2026-06-08 12:17:58.711542+00,2026-06-09 11:09:08.644297+00,f29e484f-890a-47d2-9ce9-544ce5a3e440,exact,null,null,null
4b54f763-92e0-4f64-8f13-9821f4493092,00000000-0000-0000-0000-000000000001,87a1e515-e2e0-110f-05d1-04f5a83c066a,ee32463f-6b2c-47b3-aa91-09a02e256af5,17422.00,UPI,HDFC Bank,high,verified,ec2e6821-e167-445d-8ac3-66b90900e884,8c42685b-f2df-4dec-96bd-0e77b715e33e,2026-06-09 10:24:50.861+00,2026-06-08 12:26:00.675541+00,2026-06-09 10:24:46.735405+00,84ae2da5-7a20-426f-9398-6a60a4dba71f,exact,Indian Bank,null,null
39ae6dbd-5b2a-4e2a-bddd-9d2d272a3361,00000000-0000-0000-0000-000000000001,8fd367e7-7404-4ef6-530b-a40219a48f1e,8b22a8d1-ed7b-4730-b58d-a29f4917b72e,16918.00,UPI,null,medium,verified,558137ff-b8af-4f1a-a810-36e03fbb7f96,8c42685b-f2df-4dec-96bd-0e77b715e33e,2026-06-09 10:27:52.844+00,2026-06-08 12:37:24.758552+00,2026-06-09 10:27:48.724016+00,144059cb-16a7-4c24-8ba1-ed28121fe89c,exact,null,null,null
744c5294-02d9-45d1-a60b-d1d513378b2c,00000000-0000-0000-0000-000000000001,8b48adf3-c14a-fa6d-9785-b4bcb35f8fbb,ee6357fd-54ca-40b0-a96e-e7b16cc4ab9a,17011.00,UPI,HDFC Bank,high,rejected,null,f6623646-3abe-4faf-bff7-684ea1f04e96,2026-06-09 09:36:34.072+00,2026-06-08 13:02:05.99895+00,2026-06-30 11:39:47.488434+00,null,exact,HDFC Bank,null,null
06dec819-7fcf-4d74-a9ea-28ec3a7db7a5,00000000-0000-0000-0000-000000000001,8b48adf3-c14a-fa6d-9785-b4bcb35f8fbb,556b2146-6ea3-473e-8b12-32c88319abfa,17011.00,UPI,HDFC Bank,high,verified,90aebef5-9521-4f50-a0ec-ade697f6d9f8,f6623646-3abe-4faf-bff7-684ea1f04e96,2026-06-09 09:36:55.583+00,2026-06-08 13:05:11.977099+00,2026-06-30 11:39:47.488434+00,null,exact,HDFC Bank,null,null
ed275e18-3fb0-4baa-b947-af4c3a965ab5,00000000-0000-0000-0000-000000000001,b2f85d5d-acf9-7c53-dc5b-0d3b67b462c5,666eb358-9aae-4683-8170-32ef28d971d4,21112.00,UPI,HDFC Bank,high,verified,7298089d-dd09-4c77-9364-672d417573ac,8c42685b-f2df-4dec-96bd-0e77b715e33e,2026-06-09 10:26:51.287+00,2026-06-08 13:50:55.846439+00,2026-06-09 10:26:47.171224+00,5b4eb65b-4a0f-43a5-8529-c8f0459131b3,exact,State Bank of India,null,null
cbbe9449-92ae-4443-9f7c-c77c87196524,00000000-0000-0000-0000-000000000001,9653a402-ff75-bbdf-8cc6-1cb0ca01f233,35134308-561a-4ba3-bbcd-1a26bbc2c523,16732.00,UPI,HDFC Bank,high,verified,6de24525-e0d2-43a6-98c6-899d7aec615d,f6623646-3abe-4faf-bff7-684ea1f04e96,2026-06-09 09:36:10.766+00,2026-06-08 14:38:26.478205+00,2026-06-09 09:36:10.92297+00,a3fd34c7-8dc4-43e6-a749-202980c1d4f2,exact,null,null,null
8f0f06a8-546a-4943-a8dd-94c4c53d5341,00000000-0000-0000-0000-000000000001,83af11b3-a274-7404-3265-ec658f74f8cf,220f5fad-d08a-43f7-8719-06257bd4824c,16763.00,UPI,HDFC Bank,high,verified,d7ea9a0c-6c6c-4c1b-b5e1-b9ec3121ae48,f6623646-3abe-4faf-bff7-684ea1f04e96,2026-06-09 09:34:22.261+00,2026-06-08 17:40:01.969998+00,2026-06-09 09:34:22.417151+00,76c6b23e-75d4-4b3a-af19-eec5eb313331,exact,Axis Bank,null,null
1215ca60-9de9-42fc-9490-477e9b96f4e2,00000000-0000-0000-0000-000000000001,18788fe2-f6a2-826e-2199-6cec118c6d00,ef984d54-dd79-44c8-bd0c-eb7001b77b9c,16616.00,UPI,HDFC Bank,high,verified,68959203-a906-434b-a13d-80891b94c172,8c42685b-f2df-4dec-96bd-0e77b715e33e,2026-06-09 08:28:23.704+00,2026-06-08 18:46:14.105593+00,2026-06-09 08:28:19.53638+00,a299cf0e-5e62-4830-972b-3520a54a57c7,exact,HDFC Bank,null,null
d889b3cc-f803-4ba0-85e4-4a3c05612bb5,00000000-0000-0000-0000-000000000001,df5ea39c-c069-5211-271d-f0d3831adefa,6d880ef6-3b57-40ca-b874-7a66334cc3de,17476.00,UPI,HDFC Bank,high,verified,f30cf6d3-fc8c-4e91-a910-7c5eeb8342ac,8c42685b-f2df-4dec-96bd-0e77b715e33e,2026-06-09 08:26:55.476+00,2026-06-08 20:06:16.664986+00,2026-06-09 08:26:51.302297+00,88c5e93f-350b-4486-8b35-e300f2dc2273,exact,null,null,null
49074f8a-574c-4daf-a2af-d17c56d8717c,00000000-0000-0000-0000-000000000001,3d18aa61-88d3-4390-b5d3-db4cb2e31e11,ded78153-0377-403a-8d70-d6e6572b6b03,32383.00,UPI,HDFC Bank,high,rejected,null,8c42685b-f2df-4dec-96bd-0e77b715e33e,2026-06-09 11:21:45.471+00,2026-06-09 06:09:59.155123+00,2026-06-09 11:21:41.306088+00,null,null,HDFC Bank,null,null
a9b5716c-a141-46d2-b2d4-53543c1c194a,00000000-0000-0000-0000-000000000001,c675e97a-0958-0695-90b3-49311eec8fd7,e9ecb403-6163-4b47-a446-18cf7856fd89,15340.00,UPI,HDFC Bank,high,rejected,null,8c42685b-f2df-4dec-96bd-0e77b715e33e,2026-06-10 05:58:37.699+00,2026-06-09 07:41:47.490084+00,2026-06-10 05:58:33.330092+00,c81b2f3a-d5da-4854-9135-ac3fd42bd399,exact,State Bank of India,null,null
890228cd-c349-42a9-bb27-1e0b56e4dc45,00000000-0000-0000-0000-000000000001,c675e97a-0958-0695-90b3-49311eec8fd7,c2084040-b98a-44ab-b072-73cf08e4068b,15492.00,UPI,HDFC Bank,high,verified,585dec5f-0c7d-477c-9b5b-c02e3aa08d94,f6623646-3abe-4faf-bff7-684ea1f04e96,2026-06-09 09:32:57.776+00,2026-06-09 07:43:11.523364+00,2026-06-09 09:32:57.974522+00,2c079c1d-4673-4f59-814f-dfa839749a84,exact,State Bank of India,null,null
5b4ef6e2-ff86-4346-a79f-5955bd8553ef,00000000-0000-0000-0000-000000000001,3b27dc97-dafa-0480-7b61-5549a3ea7eee,6174cbdb-0774-434c-902f-0e9217318a25,17918.00,Unknown,null,low,verified,a67c6427-38ba-4c64-bf87-e0bc4c1c82f4,8c42685b-f2df-4dec-96bd-0e77b715e33e,2026-06-10 05:56:41.157+00,2026-06-09 14:10:45.670288+00,2026-06-10 05:56:36.766103+00,92d58620-5b1e-4630-819b-3860eae2a5a7,exact,null,null,null
dbc8c388-569d-4b2f-83a9-89fd6c7a2cc0,00000000-0000-0000-0000-000000000001,a467df39-5ec5-465e-a471-e2b54be7bc71,a2c58be5-b222-4b99-9c01-b54e3660b35d,null,Unknown,null,low,rejected,null,8c42685b-f2df-4dec-96bd-0e77b715e33e,2026-06-10 05:55:08.658+00,2026-06-09 19:25:37.732985+00,2026-06-10 05:55:04.293648+00,null,null,null,null,null
6bfa7609-14fa-4b11-a354-7e136d85edfe,00000000-0000-0000-0000-000000000001,a467df39-5ec5-465e-a471-e2b54be7bc71,5f659d39-a081-4949-8c29-fa3d3e8b5038,null,Unknown,null,low,rejected,null,8c42685b-f2df-4dec-96bd-0e77b715e33e,2026-06-10 05:54:58.586+00,2026-06-09 19:25:37.835558+00,2026-06-10 05:54:54.214788+00,null,null,null,null,null
3cbaa267-e915-4568-9e36-227fa0368534,00000000-0000-0000-0000-000000000001,c0791d4c-9325-bf1b-30af-7af648c26338,ccf8af17-9886-417c-af7a-6ebc576126b2,null,Unknown,null,low,rejected,null,8c42685b-f2df-4dec-96bd-0e77b715e33e,2026-06-10 05:54:40.787+00,2026-06-10 04:25:25.626524+00,2026-06-10 05:54:36.412455+00,null,null,null,null,null
04a4a5bc-6320-454b-b70d-6085b8dc7ed7,00000000-0000-0000-0000-000000000001,null,016de55b-ffba-4103-9382-4fb34795b6ad,null,null,null,low,rejected,null,54acafd0-4c07-4bbf-97ee-b4760389c991,2026-06-10 07:26:15.458+00,2026-06-10 07:25:48.925526+00,2026-06-10 07:26:15.522748+00,null,null,null,null,null
a3d5cfc6-fbe5-44cb-a8b1-ed853607c04d,00000000-0000-0000-0000-000000000001,4628a4bf-d4c5-9e5d-471c-271b9f3e7d03,cf90c3fe-ffe1-4f6d-92d1-3d08a38b4e38,null,Unknown,null,low,rejected,null,8c42685b-f2df-4dec-96bd-0e77b715e33e,2026-06-11 09:20:58.221+00,2026-06-10 14:55:47.442435+00,2026-06-11 09:20:53.720044+00,null,null,null,null,null
b1b6deb6-6c36-4885-922f-71774120d464,00000000-0000-0000-0000-000000000001,4628a4bf-d4c5-9e5d-471c-271b9f3e7d03,2f13d00d-41c4-4feb-9350-fba7c269f1b4,null,Unknown,null,low,rejected,null,8c42685b-f2df-4dec-96bd-0e77b715e33e,2026-06-11 09:21:05.908+00,2026-06-10 16:12:12.513414+00,2026-06-11 09:21:01.42905+00,null,null,null,null,null
afd9e403-2384-4bb6-b474-2b293eb64d9c,00000000-0000-0000-0000-000000000001,11e96dd2-92f4-f793-56db-439d5b3de156,79f0aba8-0bc0-4765-ba81-b318ad4a236e,1798.00,UPI,HDFC Bank,high,verified,435489d9-02d0-47d2-baea-689be8430161,8c42685b-f2df-4dec-96bd-0e77b715e33e,2026-06-12 04:54:47.346+00,2026-06-11 11:53:46.281842+00,2026-06-12 04:54:42.674336+00,null,null,State Bank of India,null,2026-06-11
22b0d339-53b1-460d-bef5-a2535c520052,00000000-0000-0000-0000-000000000001,ba8dd5e0-ed0e-8b6a-7098-2732476feb31,efc79027-321a-4232-b66e-84d135a4866b,13500.00,Unknown,null,low,verified,bac5a24a-881b-4ddc-95cc-b10d878f7c4d,8c42685b-f2df-4dec-96bd-0e77b715e33e,2026-06-13 06:32:06.635+00,2026-06-12 17:16:53.958467+00,2026-06-13 06:32:01.525817+00,null,null,null,null,2026-06-12
7bcaea33-5189-4a30-96fa-a6d7b6cdb637,00000000-0000-0000-0000-000000000001,d2449d75-0593-4deb-a6c2-fae99fc83ab0,0005c8b8-d6dc-4cf3-8e8a-ce41483721a5,15639.00,UPI,HDFC Bank,high,verified,27264e62-7007-4cd3-be77-50342567abae,8c42685b-f2df-4dec-96bd-0e77b715e33e,2026-06-15 06:04:17.792+00,2026-06-15 05:54:47.543524+00,2026-06-15 06:04:12.83858+00,c772c2a2-ae87-470d-99a2-1998c87717df,exact,ICICI Bank,null,2026-06-15
24a38a54-3ddd-4d94-ad02-a63d633e4df2,00000000-0000-0000-0000-000000000001,d225973a-f437-d98e-4e24-0fb32a7bfbe8,null,18011.00,UPI,HDFC Bank,high,verified,b8f9c338-e6ef-44a3-9d8b-cd661fad2239,8c42685b-f2df-4dec-96bd-0e77b715e33e,2026-06-15 07:43:12.367+00,2026-06-15 07:40:00.206513+00,2026-06-30 11:39:47.488434+00,null,exact,HDFC Bank,null,2026-06-15
38a15bbd-9bd1-47ad-89e1-fcbe37587d66,00000000-0000-0000-0000-000000000001,080eae03-9f65-4515-aec2-8924472923dd,261b681c-32f3-4fb8-a5e6-c43bb6be25e1,19702.00,UPI,HDFC Bank,high,verified,eea41b1b-ef4c-44b7-b2c4-39103077d21f,8c42685b-f2df-4dec-96bd-0e77b715e33e,2026-06-17 06:23:29.194+00,2026-06-15 14:13:54.175675+00,2026-06-17 06:23:23.203059+00,null,null,HDFC Bank,null,2026-06-15
fd576a2a-ed3f-443b-971d-f707302e01eb,00000000-0000-0000-0000-000000000001,38069f8b-d44e-0b86-a0d1-dafac5ae1232,f8ebed35-cfbf-414e-b32a-6271bcdb3f8d,2170.00,UPI,HDFC Bank,high,verified,2def00fe-273b-487f-a6e0-acdbd9d230e6,8c42685b-f2df-4dec-96bd-0e77b715e33e,2026-06-18 10:43:34.078+00,2026-06-18 08:06:11.343057+00,2026-06-18 10:43:28.78884+00,null,null,HDFC Bank,null,2026-06-18
80a8fd2e-55b2-425d-aec0-a13118aac9fd,00000000-0000-0000-0000-000000000001,0278721a-a690-833b-298a-16a351fb7a3a,78b4aa46-eb25-4e86-a699-6ca1abe66614,21330.00,UPI,IDFC First Bank,low,verified,605a9b9f-fa05-4525-98ae-728db9c910c1,8c42685b-f2df-4dec-96bd-0e77b715e33e,2026-07-03 06:21:45.365+00,2026-06-30 11:06:44.393653+00,2026-07-03 06:21:45.176941+00,null,null,null,null,2026-06-30
b9196237-4810-45a8-ab5f-e0b835c79fa0,00000000-0000-0000-0000-000000000001,bdcc24e3-6077-3ea9-b25e-2747d0f07be7,9710fe0f-f5ea-4add-9360-ae44071bc71d,19360.00,UPI,HDFC Bank,high,verified,b6b67c35-30ea-4177-8061-b74bc2b57699,8c42685b-f2df-4dec-96bd-0e77b715e33e,2026-07-02 10:19:51.629+00,2026-06-30 11:12:41.666451+00,2026-07-02 10:19:50.532725+00,null,null,State Bank of India,null,2026-06-30
d1a4b26c-851d-4dd8-8c02-5d492ea8d00d,00000000-0000-0000-0000-000000000001,b4a50439-db13-dc26-d980-eb079b321460,a24de08c-eed7-4a0f-aece-167c16b6f737,16550.00,UPI,HDFC Bank,high,verified,1eabe238-4fc3-43bc-aa02-056b948be2b4,8c42685b-f2df-4dec-96bd-0e77b715e33e,2026-07-02 10:20:55.217+00,2026-06-30 11:17:10.628921+00,2026-07-02 10:20:53.975635+00,null,null,ICICI Bank,null,2026-06-30
733388ea-5049-40e1-a670-b729fbb7d570,00000000-0000-0000-0000-000000000001,79e31f6f-69dc-a40c-27d7-3f076878f83c,2b396a07-69fd-46a0-8f10-fd4fbe7bb78e,16720.00,UPI,HDFC Bank,high,verified,9710808f-aa2e-4eeb-bc72-9577adb350ee,8c42685b-f2df-4dec-96bd-0e77b715e33e,2026-07-02 10:22:21.114+00,2026-06-30 11:46:25.478011+00,2026-07-02 10:22:19.932742+00,null,null,State Bank of India,null,2026-06-30
9509f5e7-920b-4f1a-bd7a-d6822d6445a4,00000000-0000-0000-0000-000000000001,b0348aa8-ad9f-d0dd-94e8-c71a6627c930,6349affa-6dbb-4b62-9db3-fa26ccba6cf6,15330.00,UPI,HDFC Bank,high,verified,6dfb9737-5b2f-445e-92e4-bcd627844db4,8c42685b-f2df-4dec-96bd-0e77b715e33e,2026-07-02 10:23:37.88+00,2026-06-30 11:51:57.600906+00,2026-07-02 10:23:36.648386+00,bcdf1904-5914-43ab-b7fc-10210c4e95f1,exact,Axis Bank,null,2026-06-30
394ffed5-b7b7-44b0-9243-c89d00916a89,00000000-0000-0000-0000-000000000001,1b003ea3-bdcb-0416-c3c2-8ff60f2f65f5,4d2f3071-32fb-4e7d-9dbd-6db1e83d6612,17810.00,UPI,HDFC Bank,high,verified,805ea35a-54f8-4dd5-8900-dcc228f068a0,8c42685b-f2df-4dec-96bd-0e77b715e33e,2026-07-02 10:24:24.201+00,2026-06-30 11:59:51.683048+00,2026-07-02 10:24:22.957452+00,null,null,ICICI Bank,null,2026-06-30
0f30fd1c-32e2-48ac-a1a3-91d22e12b40f,00000000-0000-0000-0000-000000000001,8aacbc78-5e56-b3c0-f8bc-fcb5490b94f3,b737f74d-a481-495e-b148-6c6bc6ec183c,17060.00,Bank,Axis Bank,high,verified,b20e2075-e14a-4c9b-85d1-024d6f8fee2f,8c42685b-f2df-4dec-96bd-0e77b715e33e,2026-07-03 06:13:04.868+00,2026-06-30 13:13:16.230109+00,2026-07-03 06:13:04.721072+00,null,null,null,null,2026-06-30
17c4e895-06cd-4a20-8292-19d769034581,00000000-0000-0000-0000-000000000001,cda37b51-1bbc-af0d-a560-49af88fdc751,73d6fd26-7cc7-4c15-870d-3e64d543e9be,16390.00,UPI,HDFC Bank,high,verified,e132920a-c7f1-4e0c-9b3e-4632df0e7e93,8c42685b-f2df-4dec-96bd-0e77b715e33e,2026-07-02 10:26:36.52+00,2026-06-30 14:23:11.634013+00,2026-07-02 10:26:35.272084+00,ac672ba2-c09e-4272-9b4d-68f7accef501,exact,State Bank of India,null,2026-06-30
869d504f-56cd-4c4c-8a0c-2ee4a3b5f919,00000000-0000-0000-0000-000000000001,8e39a9bd-3317-b2a6-22a6-16fa4cab9632,98502d7b-38ba-4ea7-aa7d-7d4c767e5a35,22390.00,UPI,HDFC Bank,high,verified,0b1d2037-4a2c-4422-b032-1f0f66c74cf0,8c42685b-f2df-4dec-96bd-0e77b715e33e,2026-07-02 10:27:06.061+00,2026-06-30 15:12:32.411189+00,2026-07-02 10:27:04.813352+00,null,null,null,null,2026-06-30
75c7d97e-56ae-4b50-9896-bb1ba11fea79,00000000-0000-0000-0000-000000000001,5b45a840-9d6c-242e-0e2f-2e2c972c2eec,e77262eb-28a1-466a-b303-9d96e663197d,27160.00,UPI,HDFC Bank,high,verified,2f0cfc3e-3399-43c2-82f7-676e1c7834b5,8c42685b-f2df-4dec-96bd-0e77b715e33e,2026-07-02 10:27:51.925+00,2026-07-01 01:36:11.803637+00,2026-07-02 10:27:50.672814+00,1c89281f-fe72-4d24-9377-c7352a74a479,exact,ICICI Bank,null,2026-07-01
f9da6384-7207-4c4e-b15a-d28efdd8237e,00000000-0000-0000-0000-000000000001,1dc2bdca-ae79-4cd5-9d74-961c02cce282,34e3d44c-65ab-443a-a8fc-4bcf51de13f2,21450.00,UPI,HDFC Bank,high,verified,b47361d2-c505-4e88-87c6-8ff69703a8d5,8c42685b-f2df-4dec-96bd-0e77b715e33e,2026-07-02 10:28:21.554+00,2026-07-01 01:50:24.508382+00,2026-07-02 10:28:20.300849+00,6919c9e3-f589-42a2-ba7e-65a8a58622c6,exact,Yes Bank,null,2024-07-01
6a1ef28b-65a6-4d28-8df5-c311d35d347a,00000000-0000-0000-0000-000000000001,18d86801-3cb7-11d4-8b9d-433429296014,fc0be7dd-1683-40be-829f-ff4d72168544,17720.00,UPI,HDFC Bank,high,verified,9a76705f-eb59-4e1b-a0f7-8539ec414b39,8c42685b-f2df-4dec-96bd-0e77b715e33e,2026-07-02 10:29:14.105+00,2026-07-01 03:26:13.424998+00,2026-07-02 10:29:12.846399+00,adec2cf2-d06c-44ab-9c93-f7f5fe621627,exact,State Bank of India,null,2026-07-01
f9c8ffd4-0272-4f2f-a094-dd8e0d08f5d6,00000000-0000-0000-0000-000000000001,a7dadee2-80e3-eba0-084f-5f1847bb3aa4,0f5732e9-ded5-4548-80dd-dfa9558d1713,27150.00,UPI,HDFC Bank,high,verified,6bb165df-ae6f-4358-9770-3fa7d4f5bd02,8c42685b-f2df-4dec-96bd-0e77b715e33e,2026-07-02 10:29:52.31+00,2026-07-01 04:55:43.614239+00,2026-07-02 10:29:51.057455+00,7225bfdd-2a7f-43d1-90a3-ed1234bb54d9,exact,ICICI Bank,null,2026-07-01
2963b3ad-a6ee-44d2-8275-0777fffd71be,00000000-0000-0000-0000-000000000001,79d4d3fe-73c5-a965-030f-c60220ee20cb,85551d5a-bf08-4189-98c2-cb38a871a2f0,15790.00,UPI,HDFC Bank,high,verified,c4ff0dee-e4ce-451b-8842-5466eef15ffe,8c42685b-f2df-4dec-96bd-0e77b715e33e,2026-07-02 10:55:56.882+00,2026-07-01 05:54:00.732913+00,2026-07-02 10:55:55.732197+00,a4ebd39e-aaca-4a07-be4e-9af1d70da082,exact,State Bank of India,null,2026-07-01
9e8bc348-3c0e-43c3-b6a6-b0f21e476ada,00000000-0000-0000-0000-000000000001,f91c2854-a88b-4630-b2a6-c48401e4dd14,a86fe058-a78b-439b-abd6-a6c148d250f4,22410.00,UPI,HDFC Bank,high,verified,a0becffd-438f-453e-a51f-bcd37da18b03,8c42685b-f2df-4dec-96bd-0e77b715e33e,2026-07-02 10:59:22.69+00,2026-07-01 07:34:51.096034+00,2026-07-02 10:59:21.365373+00,162758ad-a556-4dcc-9a78-cc1f3ba105be,exact,Karur Vysya Bank,null,2026-07-01
bcf8643b-ae73-4b6f-851a-0f7b1318f570,00000000-0000-0000-0000-000000000001,1a171004-7682-1c39-e6a2-758b668c33b0,caea38fa-7197-4782-99fd-195645fe42d8,20130.00,UPI,HDFC Bank,high,verified,ce500b0c-956f-4435-98ea-b92eedd8d718,8c42685b-f2df-4dec-96bd-0e77b715e33e,2026-07-02 11:06:34.122+00,2026-07-01 09:23:08.622784+00,2026-07-02 11:06:32.855987+00,32f00025-0af1-45cc-9194-923f4c38dc9f,exact,State Bank of India,null,2026-07-01
39f14d32-524e-46fd-9f5b-acd1842c90b9,00000000-0000-0000-0000-000000000001,ba8dd5e0-ed0e-8b6a-7098-2732476feb31,bbe9d936-db59-45b0-acb1-946ac01c22a0,15640.00,Unknown,null,low,verified,b4b1ab37-ce9c-447a-adb1-6d1f574d5b32,8c42685b-f2df-4dec-96bd-0e77b715e33e,2026-07-03 06:20:29.292+00,2026-07-01 12:57:43.299502+00,2026-07-03 06:20:29.103785+00,null,null,null,null,2026-07-01
fec394cb-b591-413e-b806-bb7872927e90,00000000-0000-0000-0000-000000000001,89d188b4-94a9-2f97-e068-155ed8ec3f5e,65c2e3bf-d8da-4bb4-a60f-4b06dcb4a61b,14740.00,UPI,HDFC Bank,high,verified,e8bbbd37-89fe-4abf-bbee-082e0c3abdc8,8c42685b-f2df-4dec-96bd-0e77b715e33e,2026-07-02 11:07:22.383+00,2026-07-01 13:09:06.687717+00,2026-07-02 11:07:21.006393+00,d6ebadee-ca10-4d96-850a-fec0d54c6e66,exact,Axis Bank,null,2026-07-01
d0713acf-86b1-4409-8809-16c85ff2a018,00000000-0000-0000-0000-000000000001,49355947-7605-ec5f-7d81-a6597f38d76b,e7158752-0924-4334-8ff5-c7b241ef971b,15790.00,UPI,HDFC Bank,high,verified,7236fd42-b6ea-48a9-806a-999a880cf10f,8c42685b-f2df-4dec-96bd-0e77b715e33e,2026-07-02 11:08:05.32+00,2026-07-01 14:50:19.961246+00,2026-07-02 11:08:03.938709+00,c151428f-57d7-40e4-8a43-27fade29d96c,exact,Yes Bank,null,2026-07-01
43ab6ed7-5da8-44f6-8603-758f36e5dad1,00000000-0000-0000-0000-000000000001,e17238d1-34ce-0cbb-4dc0-f65e60ff52f7,1fa02879-12cf-49e5-8bb9-7710731cb3ed,21630.00,UPI,null,medium,verified,4a630f64-c80d-412e-b005-7915be0d324a,8c42685b-f2df-4dec-96bd-0e77b715e33e,2026-07-02 11:08:32.813+00,2026-07-02 04:24:50.097479+00,2026-07-02 11:08:31.430735+00,055c0af8-b9f9-452b-ab66-b89b7f6c8706,exact,null,null,2026-07-02
9fd9336c-0ee5-4911-b684-6600e35b188d,00000000-0000-0000-0000-000000000001,3b02f95a-b47e-1037-4f8a-f2f31e35c98e,81086bf7-3ab0-412a-a296-1dc0d3c9723f,13179.00,Unknown,null,low,verified,eca00352-a732-4712-b04a-df7a52f4bc41,8c42685b-f2df-4dec-96bd-0e77b715e33e,2026-07-03 06:19:31.348+00,2026-07-02 04:44:15.72729+00,2026-07-03 06:19:31.168042+00,null,null,null,null,2026-07-02
5f46d028-3e79-453d-b3c4-c795922e35fd,00000000-0000-0000-0000-000000000001,38305983-db92-2c3c-7949-96f7ca7833eb,c63fa42e-a788-436a-8e8b-60ee12ca022e,21300.00,UPI,HDFC Bank,high,verified,8d5c7d83-53ad-4d9a-acd9-0c65cbae3fad,8c42685b-f2df-4dec-96bd-0e77b715e33e,2026-07-03 06:12:08.103+00,2026-07-02 05:58:49.758251+00,2026-07-03 06:12:07.960638+00,7ff5ed0a-5db2-4037-9b6b-32faad4891bd,exact,HDFC Bank,null,2026-07-02
9001ad43-946a-42a8-86ba-38eab2a30c4c,00000000-0000-0000-0000-000000000001,491b8136-32a1-37c5-5253-b53ff3991d86,95d49eb6-b45a-4e10-a320-a5c0dee4b39b,15530.00,UPI,HDFC Bank,high,verified,84e9187d-3a91-4051-8473-3403080aef65,8c42685b-f2df-4dec-96bd-0e77b715e33e,2026-07-03 06:11:34.748+00,2026-07-02 08:05:51.570422+00,2026-07-03 06:11:34.609387+00,a79bb0c1-d838-4d40-b298-f63301222b10,exact,Axis Bank,null,2026-07-02
96d690b1-231e-44ac-ab1e-21f0b634c293,00000000-0000-0000-0000-000000000001,8971261e-a813-477f-94c0-0a9661dc4c34,c1bb0e8d-849b-403a-839c-e0024e71924e,17720.00,UPI,HDFC Bank,high,verified,152a8889-c10e-4fa6-9de2-58bc4c1e3c20,8c42685b-f2df-4dec-96bd-0e77b715e33e,2026-07-03 06:11:03.927+00,2026-07-02 09:52:34.094003+00,2026-07-03 06:11:03.789643+00,365734db-4a35-41ab-b3e0-1feaca9b41b7,exact,Axis Bank,null,2026-07-02
b8870974-740a-4dcb-9af4-c9e6e9c58c03,00000000-0000-0000-0000-000000000001,d497808b-36e2-ea42-d247-85b4e409078c,276d6813-ea50-4ff9-9273-b72ee7daa61f,17450.00,UPI,HDFC Bank,high,verified,9297fbad-bc6b-4f86-abce-ab092cd953e6,8c42685b-f2df-4dec-96bd-0e77b715e33e,2026-07-03 06:10:21.802+00,2026-07-02 10:20:51.078347+00,2026-07-03 06:10:21.671324+00,9cb076b7-87dd-48f7-b9fc-7a9b618e0612,exact,Punjab National Bank,null,2026-07-02
7f9e845b-e668-4945-bf77-c3dd0609c694,00000000-0000-0000-0000-000000000001,a4ef95bf-1c7c-4c4d-0497-ae38085af6cc,72233f74-84e2-4787-a41f-d16697a868a9,21060.00,UPI,HDFC Bank,high,verified,d5ae3355-40cb-4d91-a529-13ecbfee9247,8c42685b-f2df-4dec-96bd-0e77b715e33e,2026-07-03 06:09:05.402+00,2026-07-02 12:01:58.469409+00,2026-07-03 06:09:05.28474+00,c0850206-9cd5-4f91-ac16-c12a799fb1e1,exact,Axis Bank,null,2026-07-02
350c7d5c-57fe-4c80-83ae-d2f4cdc4044b,00000000-0000-0000-0000-000000000001,618f174c-7c45-cb54-907b-cacc78483918,9bb0a7f9-4cbf-42ad-aa84-0d38d9ea18e5,20620.00,UPI,HDFC Bank,high,verified,2deca826-dfe6-4a8a-b7b5-3ce2183e787b,8c42685b-f2df-4dec-96bd-0e77b715e33e,2026-07-03 06:08:38.217+00,2026-07-02 16:41:46.793317+00,2026-07-03 06:08:38.100006+00,83390700-5061-4783-b0ae-400d3df8658d,exact,Yes Bank,null,2026-07-02
9c34713e-5d2b-4e6f-956a-5dcdc53e94c5,00000000-0000-0000-0000-000000000001,4505ca5d-0961-03c9-5943-ffda2a5ae270,2594b742-c1b1-4978-aed4-d01982908215,17120.00,UPI,HDFC Bank,high,verified,d406e783-86de-4805-aef4-84653997fd31,8c42685b-f2df-4dec-96bd-0e77b715e33e,2026-07-03 06:07:58.636+00,2026-07-02 17:45:53.053443+00,2026-07-03 06:07:58.524041+00,e86ad0d4-c8d9-4c93-ab65-49a6da0dfd27,exact,Canara Bank,null,2023-07-02
5b5f577d-2b0c-4c42-ac8c-36cd14206434,00000000-0000-0000-0000-000000000001,93eb3d6a-d35b-ef1f-83b8-7430b6ad1674,dcfb6bde-6cf2-4986-a9b0-5df83a55d7ef,16060.00,UPI,HDFC Bank,high,verified,1d4e09b7-20ee-4afe-83f2-70a8068f2180,8c42685b-f2df-4dec-96bd-0e77b715e33e,2026-07-03 06:18:38.854+00,2026-07-03 06:18:06.698665+00,2026-07-03 06:18:38.675486+00,3319a544-a8a0-49f6-b8da-70876f3b271a,exact,State Bank of India,null,2026-06-30
10cb9290-7162-4c57-86cb-67e6e7dfa2a8,00000000-0000-0000-0000-000000000001,43774f3c-9ce6-fc78-7857-b8607c3e1966,null,null,null,null,failed,verified,031af753-93cc-4759-996a-b252401883e0,8c42685b-f2df-4dec-96bd-0e77b715e33e,2026-07-03 07:14:19.263+00,2026-07-03 07:14:19.038961+00,2026-07-03 07:14:19.038961+00,null,null,null,null,null
f36ea197-2fc1-4dd3-8140-4a2dfc08f2b8,00000000-0000-0000-0000-000000000001,55ca6f7c-112a-ec33-7c1c-987508bc9e41,null,null,null,null,failed,verified,68977a86-c35a-4ced-a7ff-065603462b48,8c42685b-f2df-4dec-96bd-0e77b715e33e,2026-07-03 07:23:48.316+00,2026-07-03 07:23:48.060162+00,2026-07-03 07:23:48.060162+00,null,null,null,null,null
627935d6-3541-4fd0-b0da-9c4a187e296f,00000000-0000-0000-0000-000000000001,257579ca-bef0-99b8-f916-e518891ffdab,null,null,null,null,failed,verified,563a6c32-6cdb-4a1b-812e-668509b3e654,8c42685b-f2df-4dec-96bd-0e77b715e33e,2026-07-03 07:34:56.61+00,2026-07-03 07:34:56.371447+00,2026-07-03 07:34:56.371447+00,null,null,null,null,null
45a34a02-f01c-4eac-a835-b70b06f8b69d,00000000-0000-0000-0000-000000000001,2ba81159-3fd3-401a-b806-4cf09e7dce86,null,null,null,null,failed,verified,674267a1-d1aa-4e06-9485-3eb2833d87c0,8c42685b-f2df-4dec-96bd-0e77b715e33e,2026-07-03 10:48:34.459+00,2026-07-03 10:48:33.672058+00,2026-07-03 10:48:33.672058+00,null,null,null,null,null
fbfd5004-05cd-4fb7-9c09-84515221a6f2,00000000-0000-0000-0000-000000000001,b3002707-86e9-43d5-956d-cf108fb6a23f,null,null,null,null,failed,verified,6346cce1-869d-470b-a652-020a98ab990f,8c42685b-f2df-4dec-96bd-0e77b715e33e,2026-07-03 11:07:05.593+00,2026-07-03 11:07:04.709347+00,2026-07-03 11:07:04.709347+00,null,null,null,null,null
5d936008-6a66-4ffd-9bbf-97344ea8f057,00000000-0000-0000-0000-000000000001,f70ae790-e17b-aca8-a21a-82ddd895450b,null,null,null,null,failed,verified,b6dcb211-77cf-4435-8108-f8b9318fe5df,8c42685b-f2df-4dec-96bd-0e77b715e33e,2026-07-06 07:22:26.523+00,2026-07-06 07:22:26.274613+00,2026-07-06 07:22:26.274613+00,null,null,null,null,null
2c26a03e-735c-4932-a6d5-51fdaa7030b2,00000000-0000-0000-0000-000000000001,f284b25b-d762-1399-a12e-ba7ffa6b6f97,null,null,null,null,failed,verified,86f90509-8ede-401f-b57d-2f02110e662c,8c42685b-f2df-4dec-96bd-0e77b715e33e,2026-07-06 07:28:35.063+00,2026-07-06 07:28:34.763135+00,2026-07-06 07:28:34.763135+00,null,null,null,null,null
c20ab95d-4873-4127-8cf8-1867a30085ae,00000000-0000-0000-0000-000000000001,f2a00e3d-de04-40a3-6f41-a3ebfcab4a3c,null,null,null,null,failed,verified,aae416e4-4fd4-4d6d-8397-163778b1c5fc,8c42685b-f2df-4dec-96bd-0e77b715e33e,2026-07-06 07:33:09.188+00,2026-07-06 07:33:08.879177+00,2026-07-06 07:33:08.879177+00,null,null,null,null,null
0c798e82-3e6f-437e-b188-2f2793b1cc02,00000000-0000-0000-0000-000000000001,6ea3368b-00ab-4626-a86f-7fcacb3e167e,null,null,null,null,failed,verified,null,8c42685b-f2df-4dec-96bd-0e77b715e33e,2026-07-06 07:37:22.1+00,2026-07-06 07:37:21.834125+00,2026-07-24 16:24:13.310867+00,null,null,null,null,null
1a82876d-7d62-4893-b751-ea2d869a6b33,00000000-0000-0000-0000-000000000001,51c3d3a9-bfa0-4a8e-a687-3ef46bc022cc,4807f463-2345-4081-9ba2-ae2d8d0ee691,16720.00,UPI,HDFC Bank,high,verified,a2f668b0-ee29-41df-8b3b-b43d6d3a2187,8c42685b-f2df-4dec-96bd-0e77b715e33e,2026-07-08 10:36:44.467+00,2026-07-06 17:53:52.99927+00,2026-07-08 10:36:42.764764+00,465c6588-5810-424a-96f5-ee45d6e4e914,exact,Federal Bank,null,2026-07-06
7b66e25f-f500-430a-9d9d-16a16ed9e640,00000000-0000-0000-0000-000000000001,122c395f-56fd-4482-fe33-7fa3c3cd30b5,2aee4eaf-0b4f-49e6-b425-bd372013ded6,11453.00,UPI,HDFC Bank,high,verified,6ff111e7-e703-4f27-9945-5b33610531be,8c42685b-f2df-4dec-96bd-0e77b715e33e,2026-07-08 10:36:09.585+00,2026-07-07 05:37:53.056314+00,2026-07-08 10:36:07.881935+00,14703d78-7701-485e-9eb4-c0357d4e92b6,exact,Standard Chartered,null,2026-07-07
ad451c7e-251c-4b82-870e-653fa48d81dc,00000000-0000-0000-0000-000000000001,c511ac63-cb7e-1453-92d5-ea4ffba1c360,2472f328-f9b9-402d-97d4-b31a292e7e28,1231.00,UPI,HDFC Bank,high,verified,9b6b04ef-95a0-4358-bc87-f00e97a2da22,8c42685b-f2df-4dec-96bd-0e77b715e33e,2026-07-08 10:35:21.103+00,2026-07-07 06:29:59.004447+00,2026-07-08 10:35:19.398038+00,null,null,HDFC Bank,null,2026-07-07
f2691f29-7a83-46da-b8ba-8f9bb6b9848a,00000000-0000-0000-0000-000000000001,9e188cc2-9f75-4d15-8fa3-9348236cae71,3faa1990-2bd7-4730-9544-4e80d9889976,17290.00,UPI,null,low,verified,33b9c88f-c37e-4d3b-a425-6cbee125f623,8c42685b-f2df-4dec-96bd-0e77b715e33e,2026-07-08 10:39:48.953+00,2026-07-07 06:57:19.372211+00,2026-07-08 10:39:47.237332+00,fe4e12fe-1dd3-41e1-a426-9c08669e3cfd,exact,null,null,2026-07-07
08cddf5c-1178-462e-88fd-3a6acfbdce41,00000000-0000-0000-0000-000000000001,146a8458-f956-54ed-317f-b99f7d16fff8,33d05916-5742-4153-bc5b-820f3a21fc5e,17150.00,UPI,HDFC Bank,high,verified,f5d17baa-7951-4f8f-abd4-d8147b586317,8c42685b-f2df-4dec-96bd-0e77b715e33e,2026-07-08 10:34:52.926+00,2026-07-07 07:03:53.206086+00,2026-07-08 10:34:51.357554+00,bd910d60-5506-4fe3-a2c3-ef36128938fa,exact,State Bank of India,null,2026-07-07
0d0d59b6-2ee5-4071-99a8-d0662cd70cc6,00000000-0000-0000-0000-000000000001,890b32d9-f754-8150-5a18-8a21fcdf3828,b3572fa9-8231-40cc-a849-d6e85e83ec0b,26830.00,UPI,HDFC Bank,high,verified,6f8d18fa-3718-4f45-8625-db1c923b94d9,8c42685b-f2df-4dec-96bd-0e77b715e33e,2026-07-08 10:34:11.319+00,2026-07-07 07:21:05.109605+00,2026-07-08 10:34:09.707937+00,3fa6f134-7bf0-4c45-ae60-31e218a290c2,exact,ICICI Bank,null,2026-07-07
1490441d-a463-4142-b963-60c67130f828,00000000-0000-0000-0000-000000000001,733dd472-3b1e-dd43-76e5-082ddfe66c5b,b8562aac-b9c3-47d7-8ff5-c932ef7abd71,17330.00,UPI,null,low,verified,4eef166d-9db6-4acc-8801-74046c5abada,8c42685b-f2df-4dec-96bd-0e77b715e33e,2026-07-08 10:39:17.646+00,2026-07-07 08:38:39.128312+00,2026-07-08 10:39:16.006065+00,b0267afb-5d62-4b05-869d-a5f2d96c55c3,exact,null,null,2026-07-07
74678f54-50c1-4de7-ab1a-84effeb1dfba,00000000-0000-0000-0000-000000000001,854c86e3-8b7f-0ca8-f4ac-c6a073699611,47c23c03-d3f1-4afe-9f02-7980f7434a08,22290.00,Unknown,null,low,verified,fce2846d-fc4d-4e56-9775-6da57777d7dd,8c42685b-f2df-4dec-96bd-0e77b715e33e,2026-07-08 10:37:37.525+00,2026-07-07 09:26:22.985879+00,2026-07-08 10:37:35.817567+00,d3885d06-fc43-4bd0-afb0-85f5724f067c,exact,null,null,2026-07-07
f3169fe8-65f5-4723-a037-28b02e197dbd,00000000-0000-0000-0000-000000000001,a467df39-5ec5-465e-a471-e2b54be7bc71,f2c585fd-2786-4ec5-adaa-78559e2a905b,13500.00,UPI,HDFC Bank,high,verified,fd84fc24-973e-414a-ba1f-4ba60b0f34f9,8c42685b-f2df-4dec-96bd-0e77b715e33e,2026-07-08 10:33:35.884+00,2026-07-07 09:34:02.872186+00,2026-07-08 10:33:34.194614+00,d004bf74-817d-48da-8716-b2bf041a043c,exact,South Indian Bank,null,2026-07-07
733d3d45-e70e-49a7-9239-e1443c5b69f2,00000000-0000-0000-0000-000000000001,d77b5c1e-605d-6795-5eee-1e2f9b83e069,dd631165-61e9-4ba7-9752-b0bb4c84fc87,17450.00,UPI,HDFC Bank,high,verified,bfb74bfc-c80e-4ea2-9a98-d73fe1bb362e,8c42685b-f2df-4dec-96bd-0e77b715e33e,2026-07-08 10:33:04.809+00,2026-07-07 09:56:03.870045+00,2026-07-08 10:33:03.130543+00,b65d5536-03b2-4018-b3cd-0b5dd7ba19e7,exact,Axis Bank,null,2026-07-07
0e1b268d-8796-4675-afcb-33b4e3f883b8,00000000-0000-0000-0000-000000000001,062b56c4-c469-4ef7-b4e6-9615dd770ec9,7d08d4fb-0f12-420b-acd2-92d84471450d,17516.00,UPI,HDFC Bank,high,verified,8a30e606-4d11-429a-af9f-387d913135ed,8c42685b-f2df-4dec-96bd-0e77b715e33e,2026-07-08 10:32:28.498+00,2026-07-07 12:16:34.159601+00,2026-07-08 10:32:26.811608+00,fd95f6c5-75c1-44f6-80b4-4a8f916112ae,exact,Canara Bank,null,2026-07-07
e0d26966-9aef-4827-afad-36659044457b,00000000-0000-0000-0000-000000000001,a4709d2c-85e2-3d68-7467-1eaf879ba2c9,null,17060.00,UPI,null,medium,verified,840897d5-081f-4d5e-b54a-b3b7ba0423c0,8c42685b-f2df-4dec-96bd-0e77b715e33e,2026-07-09 06:10:24.527+00,2026-07-09 06:10:24.538955+00,2026-07-09 06:10:24.538955+00,null,null,null,null,null
cd6d672e-e61a-422f-96fd-c1ef1239c20b,00000000-0000-0000-0000-000000000001,6dd50e39-9843-4442-cc09-3b49fbe97fb9,null,1800221070.00,Bank,IDBI,medium,verified,5d79695f-60e4-4cde-a0f8-315484d333ca,8c42685b-f2df-4dec-96bd-0e77b715e33e,2026-07-09 06:13:21.872+00,2026-07-09 06:13:21.865895+00,2026-07-09 06:13:21.865895+00,null,null,null,null,null
97270a8f-cb78-4a0b-86fd-3e89763cf31c,00000000-0000-0000-0000-000000000001,1a3b6c74-26e1-7124-0b5c-7f783d71624d,null,15860.00,Unknown,null,medium,verified,ea6efa14-0772-450d-8d7c-166e70193244,8c42685b-f2df-4dec-96bd-0e77b715e33e,2026-07-09 06:19:10.229+00,2026-07-09 06:19:10.220569+00,2026-07-09 06:19:10.220569+00,null,null,null,null,null
341540f8-0708-4d1f-840e-3acf9ac03246,00000000-0000-0000-0000-000000000001,4f75b0ca-7bed-c37c-cfd4-1e361a1bb6d4,null,21780.00,Unknown,null,medium,verified,e05ac42e-31cb-4164-9bf1-e35b8e8e6ba6,8c42685b-f2df-4dec-96bd-0e77b715e33e,2026-07-09 06:24:02.473+00,2026-07-09 06:24:02.375516+00,2026-07-09 06:24:02.375516+00,null,null,null,null,null
991ecf7c-c9d2-47a3-83d3-ab7cffabfb16,00000000-0000-0000-0000-000000000001,2631ddfd-660e-8719-1876-82cf88e13a60,null,16030.00,UPI,ICICI,medium,verified,dc6a0627-f17b-4baa-9409-194e25767d79,8c42685b-f2df-4dec-96bd-0e77b715e33e,2026-07-09 06:25:40.275+00,2026-07-09 06:25:40.16849+00,2026-07-09 06:25:40.16849+00,null,null,null,null,null
1fb6d6c9-f137-45c7-9edf-95b13dd9f248,00000000-0000-0000-0000-000000000001,011b7d1c-5697-5394-c05b-fa0473640657,null,20410.00,UPI,HDFC,medium,verified,c020e6a9-9410-4500-bb48-0df5d4a3cb18,8c42685b-f2df-4dec-96bd-0e77b715e33e,2026-07-09 06:27:25.27+00,2026-07-09 06:27:25.152579+00,2026-07-09 06:27:25.152579+00,null,null,null,null,null
8ab660ae-845a-4433-977c-1076b4ca8d67,00000000-0000-0000-0000-000000000001,b0a6f0b5-9fd8-112e-2bfa-24fa8a25779b,null,16070.00,UPI,null,medium,verified,afa3e1da-f62b-4133-b052-1597ec7f7649,8c42685b-f2df-4dec-96bd-0e77b715e33e,2026-07-09 06:28:47.683+00,2026-07-09 06:28:47.557346+00,2026-07-09 06:28:47.557346+00,null,null,null,null,null
68fd6180-1cdc-48d6-91e3-8d5565b81a60,00000000-0000-0000-0000-000000000001,1d4c0119-5151-7a5b-2266-f16e44f67157,null,15390.00,UPI,Axis,medium,verified,3790ac83-e441-4c9c-a398-2880d7893ecc,8c42685b-f2df-4dec-96bd-0e77b715e33e,2026-07-09 06:30:56.236+00,2026-07-09 06:30:56.161819+00,2026-07-09 06:30:56.161819+00,null,null,Axis,null,null
3c0c9ddf-d968-4feb-a5db-50e6c44d0d82,00000000-0000-0000-0000-000000000001,1bc75090-ac1a-44a6-bb22-f211aca7c760,null,21190.00,UPI,null,medium,verified,39e4820c-e9b0-4d64-b89d-bb5dc964b5ed,8c42685b-f2df-4dec-96bd-0e77b715e33e,2026-07-09 06:36:31.589+00,2026-07-09 06:36:31.512246+00,2026-07-09 06:36:31.512246+00,null,null,null,null,null
548e01cf-1c3f-4185-a24a-9f5d5114c0b3,00000000-0000-0000-0000-000000000001,a6037691-771e-8146-3714-f9dedb8acbcc,ea4c405b-6b08-416d-933c-6acf84903259,16690.00,UPI,HDFC Bank,high,verified,640ec9bf-2172-4ce6-b2d1-2ca37065a1fb,8c42685b-f2df-4dec-96bd-0e77b715e33e,2026-07-09 06:43:44.983+00,2026-07-09 06:43:35.023769+00,2026-07-09 06:43:44.767769+00,dc80e992-bb4f-4c5c-9e82-379072713119,exact,HDFC BANK LTD,null,2026-07-05
f3328ebb-b637-4a3f-a487-db597ed161e7,00000000-0000-0000-0000-000000000001,22b0be2d-52c5-1127-642d-4f1083b404ca,null,21090.00,UPI,null,medium,verified,9ce90ba3-038f-40b0-a427-23c6a529bb46,8c42685b-f2df-4dec-96bd-0e77b715e33e,2026-07-09 06:45:30.644+00,2026-07-09 06:45:30.586826+00,2026-07-09 06:45:30.586826+00,null,null,null,null,null
949998bb-086e-411e-9e38-b34b66e7dc62,00000000-0000-0000-0000-000000000001,23f7ef5f-6b26-a104-b616-b438d7e9243c,null,16260.00,UPI,Canara,medium,verified,a4466dd8-4a5b-4939-b367-d8dcc9c8535b,8c42685b-f2df-4dec-96bd-0e77b715e33e,2026-07-09 06:47:14.636+00,2026-07-09 06:47:14.622546+00,2026-07-09 06:47:14.622546+00,null,null,Canara,null,null
1abc5aae-29ba-46e8-8323-5726ae4bedb4,00000000-0000-0000-0000-000000000001,6d60a9d5-34ce-4336-9c23-231057dffa71,null,17025.00,UPI,null,medium,verified,740e236a-38cc-4d12-b186-8e961bd37150,8c42685b-f2df-4dec-96bd-0e77b715e33e,2026-07-09 06:50:06.038+00,2026-07-09 06:50:05.968511+00,2026-07-09 06:50:05.968511+00,null,null,null,null,null
6e669d70-4e7d-47e0-8731-9d9292680027,00000000-0000-0000-0000-000000000001,cf1318a5-0564-4af6-d90e-c3e76de1ef08,null,16790.00,UPI,KotakMahindra Bank,medium,verified,d8388d59-0a89-4617-af4a-706b64dd8958,8c42685b-f2df-4dec-96bd-0e77b715e33e,2026-07-09 06:52:22.293+00,2026-07-09 06:52:22.23561+00,2026-07-09 06:52:22.23561+00,null,null,null,null,null
4cfa1a7c-d804-413d-a919-54c6c49d2836,00000000-0000-0000-0000-000000000001,af12a12c-92bf-088b-3073-292fe4dfc478,null,21900.00,UPI,Axis,medium,verified,b98a5e38-d70c-4c23-b7ac-e91638a0a08e,8c42685b-f2df-4dec-96bd-0e77b715e33e,2026-07-09 06:57:24.72+00,2026-07-09 06:57:24.676905+00,2026-07-09 06:57:24.676905+00,null,null,null,null,null
3041aff0-bf08-4c72-9855-842f2da8aae2,00000000-0000-0000-0000-000000000001,11316c38-dc08-4983-3588-fcadd88bd5d2,null,15690.00,UPI,null,medium,verified,4dd0ef2a-1885-4f85-8975-ea0be9bf92d9,8c42685b-f2df-4dec-96bd-0e77b715e33e,2026-07-09 06:58:56.721+00,2026-07-09 06:58:56.644003+00,2026-07-09 06:58:56.644003+00,null,null,null,null,null
12ba86eb-ec15-4378-b730-5bf23bc7bb88,00000000-0000-0000-0000-000000000001,be68c44d-d4d2-478a-7b1e-c9c3fefac406,null,15630.00,UPI,Canara,medium,verified,99d79c86-a97a-4af8-9823-7d3ef916dc4a,8c42685b-f2df-4dec-96bd-0e77b715e33e,2026-07-09 07:03:04.393+00,2026-07-09 07:03:04.276157+00,2026-07-09 07:03:04.276157+00,null,null,Canara,null,null
41797656-c3a2-41f2-a55a-c1fe90804ea2,00000000-0000-0000-0000-000000000001,a267e3ee-ef69-4d54-8414-357c81b2eb3c,null,14400.00,Unknown,null,medium,verified,f6909cda-056f-439b-acfc-81a09a5a47bc,8c42685b-f2df-4dec-96bd-0e77b715e33e,2026-07-09 07:07:26.444+00,2026-07-09 07:07:26.306371+00,2026-07-09 07:07:26.306371+00,null,null,null,null,null
10a1fec4-020e-4c25-9faa-abc57fcf4f82,00000000-0000-0000-0000-000000000001,d6d33436-345a-e39c-9f8d-91c76dca514e,null,15690.00,UPI,null,medium,verified,1acc6b99-17b4-4cba-a350-7a078d2c2003,8c42685b-f2df-4dec-96bd-0e77b715e33e,2026-07-09 07:13:05.994+00,2026-07-09 07:13:05.894294+00,2026-07-09 07:13:05.894294+00,null,null,null,null,null
889e0244-753d-459d-bced-7c7a82dd779e,00000000-0000-0000-0000-000000000001,83f51f9d-9d36-eda9-e7fb-5b1badbbd5d9,null,16090.00,UPI,null,medium,verified,d49184f1-da04-4a34-b59e-c317ce93f316,8c42685b-f2df-4dec-96bd-0e77b715e33e,2026-07-09 07:14:43.909+00,2026-07-09 07:14:43.730823+00,2026-07-09 07:14:43.730823+00,null,null,null,null,null
abb22997-4439-46c6-b5ae-feee4a363a11,00000000-0000-0000-0000-000000000001,5527e05d-475b-45ed-a6f4-284340eed262,null,19990.00,UPI,"KotakMahindra
Bank",medium,verified,e56b4d88-2a77-4e93-af04-57a1c1f6cc7e,8c42685b-f2df-4dec-96bd-0e77b715e33e,2026-07-09 07:16:19.421+00,2026-07-09 07:16:19.235474+00,2026-07-09 07:16:19.235474+00,null,null,null,null,null
6facc516-4568-4df4-89e5-4c13a1d18191,00000000-0000-0000-0000-000000000001,72ac33cc-b9b2-9cc4-47fd-d37096c8f30d,null,17030.00,UPI,null,medium,verified,80ea2b98-0589-4e02-a719-c9e9d990b018,8c42685b-f2df-4dec-96bd-0e77b715e33e,2026-07-09 07:26:21.177+00,2026-07-09 07:26:21.02445+00,2026-07-09 07:26:21.02445+00,null,null,null,null,null
09d1f592-87f2-480c-82f5-5a2484bc6078,00000000-0000-0000-0000-000000000001,238b347e-e7e9-b1a3-31a8-a2f8fed99f55,null,27900.00,UPI,null,medium,verified,1fc9c847-8547-4963-b0c1-f395d4a6dfaf,8c42685b-f2df-4dec-96bd-0e77b715e33e,2026-07-09 07:29:15.45+00,2026-07-09 07:29:15.243522+00,2026-07-09 07:29:15.243522+00,null,null,null,null,null
9590375e-33d3-4bb7-b335-e83c43c08002,00000000-0000-0000-0000-000000000001,11e96dd2-92f4-f793-56db-439d5b3de156,null,17300.00,UPI,null,medium,verified,6bbe6d70-49c0-4d12-b991-a8e39aeffbac,8c42685b-f2df-4dec-96bd-0e77b715e33e,2026-07-09 07:36:44.337+00,2026-07-09 07:36:44.118954+00,2026-07-09 07:36:44.118954+00,null,null,null,null,null
7d89736c-4d3f-417b-affd-f2340a274dad,00000000-0000-0000-0000-000000000001,25aa2406-e171-b558-8249-7a525d126d8f,null,20810.00,UPI,null,medium,verified,cd3ed973-efc1-4fdc-ae43-32f78dc33eba,8c42685b-f2df-4dec-96bd-0e77b715e33e,2026-07-09 07:38:22.52+00,2026-07-09 07:38:22.293063+00,2026-07-09 07:38:22.293063+00,null,null,null,null,null
b66cf5d0-0a38-4e41-9ef7-d79af92da62c,00000000-0000-0000-0000-000000000001,855f3f6a-72ae-46f4-4cc2-a9a0d5df5b70,null,16780.00,UPI,ICICI,medium,verified,f16d7175-3565-4444-a89a-d6363949d002,8c42685b-f2df-4dec-96bd-0e77b715e33e,2026-07-09 07:40:22.844+00,2026-07-09 07:40:22.597949+00,2026-07-09 07:40:22.597949+00,null,null,null,null,null
e6f92366-95e9-42f0-af4e-c31fbe782bd0,00000000-0000-0000-0000-000000000001,04ba1c6f-6c06-819d-9ecc-a0c5f795b922,null,17120.00,UPI,State Bank,medium,verified,af35eea0-7034-4df6-b28a-4eae49110c0d,8c42685b-f2df-4dec-96bd-0e77b715e33e,2026-07-09 07:45:53.084+00,2026-07-09 07:45:52.761328+00,2026-07-09 07:45:52.761328+00,null,null,State Bank,null,null
90dfc55d-cd8b-4d6f-8d33-5dfa0d8a91f2,00000000-0000-0000-0000-000000000001,8fd367e7-7404-4ef6-530b-a40219a48f1e,null,16930.00,UPI,null,medium,verified,38e705bf-748d-40bc-a453-b43caece8c3a,8c42685b-f2df-4dec-96bd-0e77b715e33e,2026-07-09 07:49:03.892+00,2026-07-09 07:49:03.563074+00,2026-07-09 07:49:03.563074+00,null,null,null,null,null
b20052cc-12c8-4c40-b861-9f2d7a102ef8,00000000-0000-0000-0000-000000000001,e426d68a-16d2-9097-ff7d-ae2521fb52e5,null,18064.00,UPI,HDFC,medium,verified,9736ee74-8a82-436a-bb78-14285bde35dc,8c42685b-f2df-4dec-96bd-0e77b715e33e,2026-07-09 07:53:51.437+00,2026-07-09 07:53:51.099705+00,2026-07-09 07:53:51.099705+00,null,null,null,null,null
dcc69818-c034-4278-9249-bfdbb22c86b6,00000000-0000-0000-0000-000000000001,9541a16d-d020-eb78-80f1-a4a2d4b7775f,fab9144a-30b6-42d0-a4e0-03a394afa8a5,27030.00,UPI,HDFC Bank,high,verified,332a4a7b-6bd0-41d4-80cb-f6ea2891e1b7,8c42685b-f2df-4dec-96bd-0e77b715e33e,2026-07-10 11:57:46.392+00,2026-07-09 08:13:13.368487+00,2026-07-10 11:57:45.783421+00,7a29db7a-8a5c-4b02-a0ae-27e02ef123fe,exact,HDFC Bank,null,2026-07-06
868371a3-d76e-44c9-8f9f-f81c9b47f9b8,00000000-0000-0000-0000-000000000001,94927866-7ca0-4311-b799-972822792cb8,null,15132.00,UPI,ICICI,medium,verified,4786ff9f-ad82-435e-be58-22911ebd6f44,8c42685b-f2df-4dec-96bd-0e77b715e33e,2026-07-09 09:26:15.537+00,2026-07-09 09:26:15.036045+00,2026-07-09 09:26:15.036045+00,null,null,null,null,null
aa0326b9-7d7d-4014-a6b3-4d44498f73fa,00000000-0000-0000-0000-000000000001,55e6e452-fae2-a5ac-3c12-21424bffbcac,null,16930.00,UPI,null,medium,verified,942a73ae-fc94-4768-ba5d-e066343d1382,8c42685b-f2df-4dec-96bd-0e77b715e33e,2026-07-09 09:28:02.113+00,2026-07-09 09:28:01.591646+00,2026-07-09 09:28:01.591646+00,null,null,null,null,null
2c60ab5f-ae55-4fe8-a368-471e525c1ff8,00000000-0000-0000-0000-000000000001,b6263381-5732-4544-952b-edde50fdfc28,null,17195.00,UPI,null,medium,verified,5025ff77-302d-42f2-85c8-866d2e0b8dd9,8c42685b-f2df-4dec-96bd-0e77b715e33e,2026-07-09 09:31:45.764+00,2026-07-09 09:31:45.179645+00,2026-07-09 09:31:45.179645+00,null,null,null,null,null
b27a2731-1875-4d85-b8f1-af8d3646b5eb,00000000-0000-0000-0000-000000000001,03ce56c0-8798-b95d-7125-311b80363e74,null,16810.00,UPI,null,medium,verified,263f55b6-0348-4b00-970e-edd91d41e9cf,8c42685b-f2df-4dec-96bd-0e77b715e33e,2026-07-09 09:36:39.203+00,2026-07-09 09:36:38.715392+00,2026-07-09 09:36:38.715392+00,null,null,null,null,null
d60b0540-2acb-4a33-ae69-1fa5b6db8bb4,00000000-0000-0000-0000-000000000001,19214e19-efc4-4eea-8118-944c998e3ab6,485e8059-7178-4c00-a288-f04ece0a8fc7,21043.00,UPI,HDFC Bank,high,verified,daba29b5-1f1a-4b13-b511-dbf859ee5286,8c42685b-f2df-4dec-96bd-0e77b715e33e,2026-07-10 11:58:38.06+00,2026-07-09 09:45:41.744713+00,2026-07-10 11:58:37.454155+00,4ab4df80-87c8-4497-aece-9b3306c9315d,exact,HDFC Bank,null,2026-07-06
ba955cbb-5ac9-4d91-844e-2e159b99d1ca,00000000-0000-0000-0000-000000000001,f9eb9b23-5f60-4ec4-b990-8313323bb759,82fce3f1-206b-440e-8196-e429c39eb28c,16810.00,UPI,HDFC Bank,high,verified,5bc7798a-8ada-4959-a5f0-ed66eb7bcdae,8c42685b-f2df-4dec-96bd-0e77b715e33e,2026-07-10 11:58:49.667+00,2026-07-09 09:47:56.329309+00,2026-07-10 11:58:49.060446+00,ea87fd56-9363-426a-8696-78c611273720,exact,Canara Bank,null,2026-07-06
f2d28818-216f-4874-984d-272b3836eae6,00000000-0000-0000-0000-000000000001,66fbcb59-3d06-d8cc-b1d5-53f38a599207,null,15330.00,UPI,HDFC,medium,verified,bb5e7b53-b525-41ca-bedc-b7d805ff5747,8c42685b-f2df-4dec-96bd-0e77b715e33e,2026-07-09 09:53:01.517+00,2026-07-09 09:53:01.001268+00,2026-07-09 09:53:01.001268+00,null,null,HDFC,null,null
a114ab60-bc92-46e8-bee8-25dcd9248f44,00000000-0000-0000-0000-000000000001,c02eb961-2471-c285-9c28-fb9a12aaf70a,aa788c83-ad5d-445e-8390-45d1e5c8eb0b,21360.00,UPI,HDFC Bank,high,verified,7d37175f-94be-4d96-9429-6a4a4d5e4d8d,8c42685b-f2df-4dec-96bd-0e77b715e33e,2026-07-10 11:58:59.94+00,2026-07-09 09:56:57.85946+00,2026-07-10 11:58:59.334911+00,34bb8bfa-04a3-4c6c-862d-802d6007abe5,exact,State Bank of India,null,2026-07-07
8ff69d8b-4522-4107-a8f5-923acb30b60f,00000000-0000-0000-0000-000000000001,d4890451-59e6-45f4-a75f-b2199aa5a3a7,null,19500.00,UPI,"Punjab
National Bank",medium,verified,58721bd1-8293-49a2-bdff-023a3766f886,8c42685b-f2df-4dec-96bd-0e77b715e33e,2026-07-09 10:04:54.166+00,2026-07-09 10:04:53.635761+00,2026-07-09 10:04:53.635761+00,null,null,null,null,null
a33b1068-20ef-4677-8352-59caadedb943,00000000-0000-0000-0000-000000000001,2d700a6b-44c4-438b-841f-febe1b2c47a7,null,16391.00,UPI,Kotak,medium,verified,59c0c07e-982b-42e5-9e2f-78c123567f68,8c42685b-f2df-4dec-96bd-0e77b715e33e,2026-07-09 10:07:26.014+00,2026-07-09 10:07:25.44777+00,2026-07-09 10:07:25.44777+00,null,null,null,null,null
491050d8-8c4a-44c9-a608-a14634f7d627,00000000-0000-0000-0000-000000000001,ec6bd398-2413-2c67-18db-10bdd92ee4f9,null,27930.00,UPI,null,medium,verified,d692736d-70f7-4473-b56f-04cb19f337b7,8c42685b-f2df-4dec-96bd-0e77b715e33e,2026-07-09 10:09:28.287+00,2026-07-09 10:09:27.700823+00,2026-07-09 10:09:27.700823+00,null,null,null,null,null
8c73f9dc-f4b6-40db-a521-a7c4ec3bae6d,00000000-0000-0000-0000-000000000001,c09e703c-d287-38c8-d1c1-239145e17df9,089ae146-5d6c-47d9-ab7c-097deef7562f,17150.00,UPI,null,medium,verified,5bc7fb01-9a01-4dea-90ef-62155885cc73,8c42685b-f2df-4dec-96bd-0e77b715e33e,2026-07-10 11:59:12.409+00,2026-07-09 10:16:27.817763+00,2026-07-10 11:59:11.804086+00,fc6e6155-fdab-460a-a6b1-c4db781754d1,exact,null,null,2026-07-06
9927a557-0ef9-4e4a-879e-e8b3d05ed5f6,00000000-0000-0000-0000-000000000001,25ef6338-6197-45a8-82d9-ddd0a846f1b2,null,16260.00,Unknown,null,medium,verified,e30d78f1-2b70-43f1-abdf-2da506155bbd,8c42685b-f2df-4dec-96bd-0e77b715e33e,2026-07-09 10:17:42.662+00,2026-07-09 10:17:41.951379+00,2026-07-09 10:17:41.951379+00,null,null,null,null,null
84b8f4a1-4b26-4fa6-a7e0-a500915fd88f,00000000-0000-0000-0000-000000000001,284ce00f-b05a-4366-9117-bf73f7449a76,3359a9c5-5a30-4154-927e-8514afb21b22,13828.00,UPI,HDFC Bank,high,verified,bea82f38-a1b2-44a8-a088-6dee183e6dcc,8c42685b-f2df-4dec-96bd-0e77b715e33e,2026-07-10 11:59:30.682+00,2026-07-09 10:22:50.96406+00,2026-07-17 11:42:13.761242+00,null,exact,IndusInd Bank,null,2026-07-07
2694736a-d569-4d1d-b71d-596e0175c462,00000000-0000-0000-0000-000000000001,bcf8ffc1-fd5c-f6ab-0453-7a73c73786dd,751704bd-bc59-41cd-b98a-c893d2fcab2a,17330.00,UPI,HDFC Bank,high,verified,5ee0d3d6-c75f-43bb-a223-7010eaab05ad,8c42685b-f2df-4dec-96bd-0e77b715e33e,2026-07-10 11:59:47.795+00,2026-07-09 10:35:50.000144+00,2026-07-10 11:59:47.186077+00,f1d1da75-0fc2-4506-9262-48dcfea0a391,exact,City Union Bank,null,2026-07-07
f97ae424-72f1-47d8-b3d6-6de27f1c89bb,00000000-0000-0000-0000-000000000001,8b48adf3-c14a-fa6d-9785-b4bcb35f8fbb,null,17140.00,UPI,null,medium,verified,60c005b2-7156-4e8b-b73a-02a945b1a66c,8c42685b-f2df-4dec-96bd-0e77b715e33e,2026-07-09 10:39:59.943+00,2026-07-09 10:39:59.227594+00,2026-07-09 10:39:59.227594+00,null,null,null,null,null
c20f302c-96fb-48b1-a8a6-b019d79e2360,00000000-0000-0000-0000-000000000001,c2329858-525d-2f70-5e31-bf9a8358eb3e,null,16070.00,Unknown,null,medium,verified,3ad4543d-d9ea-4619-b6df-4274b1bff853,8c42685b-f2df-4dec-96bd-0e77b715e33e,2026-07-09 10:41:32.047+00,2026-07-09 10:41:31.25597+00,2026-07-09 10:41:31.25597+00,null,null,null,null,null
629f1031-5416-41fa-a421-a1850450c711,00000000-0000-0000-0000-000000000001,86cd2239-fa55-0389-437e-e8fd505dc931,null,28410.00,UPI,null,medium,verified,a461c077-ea09-43ec-b469-4ef81c4558a5,8c42685b-f2df-4dec-96bd-0e77b715e33e,2026-07-09 10:53:07.571+00,2026-07-09 10:53:08.179138+00,2026-07-09 10:53:08.179138+00,null,null,null,null,null
04b836a5-ec4e-4dd6-ab3a-6fea939f026f,00000000-0000-0000-0000-000000000001,c511ac63-cb7e-1453-92d5-ea4ffba1c360,null,2310.00,UPI,null,medium,verified,475b9444-328f-46f3-995b-6eef3538f032,8c42685b-f2df-4dec-96bd-0e77b715e33e,2026-07-09 11:00:55.378+00,2026-07-09 11:00:55.951737+00,2026-07-09 11:00:55.951737+00,null,null,null,null,null
72283739-f22d-4fc4-ab55-81c6a35a9ced,00000000-0000-0000-0000-000000000001,950dd22f-78fa-d205-48b3-fe5a5cc7438e,null,16910.00,UPI,null,medium,verified,7f0773f7-bb78-44af-91e6-a26b4501879b,8c42685b-f2df-4dec-96bd-0e77b715e33e,2026-07-09 11:05:05.197+00,2026-07-09 11:05:05.831191+00,2026-07-09 11:05:05.831191+00,null,null,null,null,null
5b7f7371-d0e0-4d39-b845-29b03e6e94f6,00000000-0000-0000-0000-000000000001,87a1e515-e2e0-110f-05d1-04f5a83c066a,null,17630.00,UPI,null,medium,verified,fbe72e7a-6a4d-4032-9f92-b1ff7c41dc00,8c42685b-f2df-4dec-96bd-0e77b715e33e,2026-07-09 11:12:49.582+00,2026-07-09 11:12:50.121667+00,2026-07-09 11:12:50.121667+00,null,null,null,null,null
c9088bdd-75d1-4d52-85f2-c74d85e42935,00000000-0000-0000-0000-000000000001,2b785f57-1c4f-d4a8-d486-b69e7b2db5bc,null,20550.00,UPI,Karur Vysya,medium,verified,0d0d5336-c151-4c12-b7d9-d79df32ecd35,8c42685b-f2df-4dec-96bd-0e77b715e33e,2026-07-09 11:16:53.159+00,2026-07-09 11:16:53.692283+00,2026-07-09 11:16:53.692283+00,null,null,Karur Vysya,null,null
720df1b1-444e-451b-a7d2-4f9480f920ee,00000000-0000-0000-0000-000000000001,82be44de-b1d6-4e48-e6bb-33ec98b83c7d,a7cec854-896d-4c41-8617-7691635babe1,16070.00,UPI,HDFC Bank,high,verified,f40a74f6-59ea-4ec9-b3a2-17b81c0f6253,8c42685b-f2df-4dec-96bd-0e77b715e33e,2026-07-14 07:36:19.921+00,2026-07-09 11:23:25.721463+00,2026-07-14 07:36:19.744957+00,335c758a-a82e-48b9-9c9c-f5b9b1f953f5,exact,ICICI Bank,null,2026-07-07
56d57558-7808-4f9d-b0f9-ff49ac7178c4,00000000-0000-0000-0000-000000000001,b19dfc6c-a5d5-734c-3d3d-6389c281b3bb,7914a4a7-e18b-4a70-9e53-d238b3e3e55a,17780.00,UPI,HDFC Bank,high,verified,796b740b-81b0-409e-94c5-266ee6cc19dd,8c42685b-f2df-4dec-96bd-0e77b715e33e,2026-07-10 11:59:59.44+00,2026-07-09 11:44:04.31627+00,2026-07-10 11:59:58.829044+00,8222baed-94ea-4715-886b-bbbd58847c75,exact,Kotak Mahindra Bank,null,2026-07-07
0250a8f5-d586-4cfc-a62f-05928ccb3f5c,00000000-0000-0000-0000-000000000001,f59fa4ad-6dca-c7e7-d459-5326609a6412,3f55a814-cf68-45d6-857c-07d0083cb470,17300.00,UPI,HDFC Bank,high,verified,a437bd3b-c5a4-4b2e-8b32-057a0b8d8b07,8c42685b-f2df-4dec-96bd-0e77b715e33e,2026-07-10 12:00:15.467+00,2026-07-09 13:06:36.64917+00,2026-07-10 12:00:14.855205+00,1a2e4cfc-8517-4346-8168-b1f61823eac8,exact,Axis Bank,null,2026-07-07
9de159ee-96e9-4c46-baa4-c2a6eec0adee,00000000-0000-0000-0000-000000000001,77dd12b8-a20b-05c8-2372-79ba1b1624a9,null,1.97,UPI,Kotak,medium,verified,cc840c88-9bfd-4f7b-a12c-bb01a9b66ced,8c42685b-f2df-4dec-96bd-0e77b715e33e,2026-07-10 06:29:44.17+00,2026-07-10 06:29:44.480559+00,2026-07-10 06:29:44.480559+00,null,null,null,null,null
5237487d-df91-443a-9d23-edb133aa38c4,00000000-0000-0000-0000-000000000001,d751c131-c1c9-4f5c-88f8-7e4c6cb710b3,e2822299-6dcd-400e-8643-71d7f322fd9f,16990.00,UPI,HDFC Bank,high,verified,91441c27-c271-4a7b-af0a-0a6621fd3f8c,8c42685b-f2df-4dec-96bd-0e77b715e33e,2026-07-10 06:34:06.588+00,2026-07-10 06:32:10.94651+00,2026-07-10 06:34:06.805298+00,8559730f-18d6-4366-99b5-73771fd98c90,exact,State Bank of India,null,2026-07-08
1cbbc5e9-6e62-43c5-98a1-31931062463e,00000000-0000-0000-0000-000000000001,61031b0a-ef18-26aa-64b7-d412d7b3d276,null,1.45,UPI,HDFC,medium,verified,b1478e15-7298-46d6-8efe-db88dcaac406,8c42685b-f2df-4dec-96bd-0e77b715e33e,2026-07-10 06:38:35.647+00,2026-07-10 06:38:35.93426+00,2026-07-10 06:38:35.93426+00,null,null,null,null,null
5ce4f879-c32a-4c7e-b5a9-d390df3ad105,00000000-0000-0000-0000-000000000001,4628a4bf-d4c5-9e5d-471c-271b9f3e7d03,null,716910.00,UPI,Yes Bank,medium,verified,c0667b5d-9b49-4b65-ae01-d3b004877dc6,8c42685b-f2df-4dec-96bd-0e77b715e33e,2026-07-10 06:43:46.059+00,2026-07-10 06:43:46.35919+00,2026-07-10 06:43:46.35919+00,null,null,null,null,null
69e90621-a58a-494b-9c7a-d1ea59df3d5f,00000000-0000-0000-0000-000000000001,31f3f7a3-5dc4-21cd-ba54-b41347a7822a,null,817260.00,UPI,ICICI,medium,verified,52d1f501-0b37-47ce-8506-fdba3eeb7adb,8c42685b-f2df-4dec-96bd-0e77b715e33e,2026-07-10 07:00:22.644+00,2026-07-10 07:00:22.900539+00,2026-07-10 07:00:22.900539+00,null,null,ICICI,null,null
97f0ad39-a376-4a22-9dd6-795e73f66d66,00000000-0000-0000-0000-000000000001,9653a402-ff75-bbdf-8cc6-1cb0ca01f233,05c02e1d-946d-486a-912a-df1d4f338294,16450.00,UPI,HDFC Bank,high,verified,878246b6-4003-489f-8bf7-0053441f6fef,8c42685b-f2df-4dec-96bd-0e77b715e33e,2026-07-11 05:55:50.145+00,2026-07-10 07:21:42.020633+00,2026-07-11 05:55:49.116153+00,e8734846-e5fd-4446-aab6-6cdf61712176,exact,null,null,2026-07-10
4ac9924a-c06b-4e7b-a3cf-c2c023d77391,00000000-0000-0000-0000-000000000001,21e237d1-286e-324e-0cef-45725d629768,d16cb926-20ae-4351-b162-6ebbdf189510,17990.00,UPI,HDFC Bank,high,verified,5fafbb0f-4769-4270-b69f-c9b5755ee93a,8c42685b-f2df-4dec-96bd-0e77b715e33e,2026-07-10 12:00:50.04+00,2026-07-10 07:27:13.192105+00,2026-07-10 12:00:49.425457+00,11334e0e-3a8a-48c0-8cfc-a051309a7f64,exact,State Bank of India,null,2026-07-09
c96c12b9-105b-43de-af39-adcb3408e80c,00000000-0000-0000-0000-000000000001,1287ac56-adee-78b5-6a6b-56b3e8dd7d48,9f150a8b-02a4-439e-af9f-21b36b6ddf52,15910.00,UPI,HDFC Bank,high,verified,bf65d6e7-337f-4fa3-bae1-a7d3317af36e,8c42685b-f2df-4dec-96bd-0e77b715e33e,2026-07-11 05:57:51.143+00,2026-07-10 10:00:55.913809+00,2026-07-11 05:57:50.113982+00,745156ec-252b-4948-9c87-4f7b5b0ad514,exact,IDFC First Bank,null,2026-07-10
40fb6bb0-cd30-44f3-a707-f051c02fd06e,00000000-0000-0000-0000-000000000001,83af11b3-a274-7404-3265-ec658f74f8cf,049b2a0a-ca15-413a-9e43-6e8ddbfcddaa,16690.00,UPI,HDFC Bank,high,verified,f18c687a-6abe-4026-9b46-bc47d666a143,8c42685b-f2df-4dec-96bd-0e77b715e33e,2026-07-11 05:59:34.053+00,2026-07-10 10:27:23.138519+00,2026-07-11 05:59:33.020788+00,2c31a8b4-3662-4c4a-b5a7-c4b36b43a8d5,exact,Axis Bank,null,2026-07-10
8b602627-e51d-43dd-95ed-31f5a90855f3,00000000-0000-0000-0000-000000000001,417cb75b-9992-4df9-28ae-ad4d2313621f,null,null,null,null,failed,verified,75b0e45d-151c-4946-84c4-cc0ef716f009,8c42685b-f2df-4dec-96bd-0e77b715e33e,2026-07-10 11:08:19.388+00,2026-07-10 11:08:19.02337+00,2026-07-10 11:08:19.02337+00,null,null,null,null,null
d58653e2-5454-4693-abee-a334ec4517df,00000000-0000-0000-0000-000000000001,3b27dc97-dafa-0480-7b61-5549a3ea7eee,90730996-5d42-458a-b403-a906dc406e35,11866.00,UPI,HDFC Bank,high,verified,1ceadfe7-34c7-4822-90f6-24ab70a24677,8c42685b-f2df-4dec-96bd-0e77b715e33e,2026-07-11 06:26:15.495+00,2026-07-11 06:03:27.187508+00,2026-07-11 06:26:14.423237+00,4ae4414e-d014-4a9b-8df9-6c3f732758d9,exact,HDFC Bank,null,2026-07-10
9edacb2e-241e-4f98-8518-062d0b8f936c,00000000-0000-0000-0000-000000000001,c511ac63-cb7e-1453-92d5-ea4ffba1c360,d4f06800-07fb-444a-b125-8c05fccf27e6,30187.00,UPI,HDFC Bank,high,verified,c9512d03-2a8d-433c-a55d-cc8b77c22fc4,8c42685b-f2df-4dec-96bd-0e77b715e33e,2026-07-11 08:08:01.648+00,2026-07-11 08:06:03.099215+00,2026-07-11 08:08:00.303049+00,null,null,null,null,2026-07-11
2ed8484a-da2c-48a8-a205-f95c700f63e3,00000000-0000-0000-0000-000000000001,8709ca2e-a8a6-48a4-b8ce-e813c4796ab9,null,1.47,UPI,HDFC,medium,verified,19dd7ec6-b482-486d-ba3e-17da6c744356,8c42685b-f2df-4dec-96bd-0e77b715e33e,2026-07-11 08:17:04.107+00,2026-07-11 08:17:02.915735+00,2026-07-11 08:17:02.915735+00,null,null,null,null,null
592b8ad6-2384-470a-b91a-3ded63204eda,00000000-0000-0000-0000-000000000001,080eae03-9f65-4515-aec2-8924472923dd,f610eb47-c2ca-4daf-ad9d-ec4683a4933a,21720.00,UPI,HDFC Bank,high,verified,ca137d8c-cf21-4534-ae89-88992a46ed5c,8c42685b-f2df-4dec-96bd-0e77b715e33e,2026-07-14 07:35:29.633+00,2026-07-13 05:18:37.838176+00,2026-07-14 07:35:29.458478+00,59d6ee22-3d09-4d51-b5f2-39d409d36379,exact,HDFC Bank,null,2026-07-12
5334b0d8-5b7f-484e-b4b2-86de0ded3d2a,00000000-0000-0000-0000-000000000001,06061874-ce68-4008-82f6-50ace2ba4bf4,null,216743.00,UPI,ICICI,medium,verified,31c7e081-99e0-454e-967a-4844ba90d35e,8c42685b-f2df-4dec-96bd-0e77b715e33e,2026-07-13 05:59:14.606+00,2026-07-13 05:59:14.579661+00,2026-07-13 05:59:14.579661+00,null,null,ICICI,null,null
5b770333-bf29-45dc-9eaa-ea45d06ffae5,00000000-0000-0000-0000-000000000001,1fc0c3bb-f35c-8d5d-a4fa-a9c1723cd8ab,3ff6ce40-cfcc-46ec-b49d-e643aa83a4ad,15910.00,UPI,HDFC Bank,high,verified,f72b4d80-0e41-40d8-bb0b-7335e44c42fd,8c42685b-f2df-4dec-96bd-0e77b715e33e,2026-07-13 07:20:44.563+00,2026-07-13 06:37:21.089308+00,2026-07-13 07:20:44.188892+00,0f0bf387-a2cd-4f2f-91b0-8e8645621db2,exact,Canara Bank,null,2026-07-03
50b775f4-ed71-46f4-865e-cc1498cbabef,00000000-0000-0000-0000-000000000001,71a9340d-9832-4609-a110-d9b5aaffc020,6d75491a-4946-46e1-84fb-eb952a289774,19500.00,UPI,HDFC Bank,high,verified,77de339a-5975-401b-8980-6ec75c448ef7,8c42685b-f2df-4dec-96bd-0e77b715e33e,2026-07-13 07:18:53.102+00,2026-07-13 07:15:30.552872+00,2026-07-13 07:18:52.732776+00,null,null,HDFC Bank,null,null
8f557b66-f986-4647-a703-0479ef5a0dec,00000000-0000-0000-0000-000000000001,71a9340d-9832-4609-a110-d9b5aaffc020,7216689c-1540-476b-ad23-984d8b19e0b5,100.00,UPI,HDFC Bank,high,verified,b69f85a6-a04a-41ca-8cf1-7caccd54799c,8c42685b-f2df-4dec-96bd-0e77b715e33e,2026-07-13 07:18:47.918+00,2026-07-13 07:15:32.270409+00,2026-07-13 07:18:47.577186+00,null,null,HDFC Bank,null,null
4a35baaf-90fa-41d1-8837-485ad04a9d22,00000000-0000-0000-0000-000000000001,1604768e-85d5-4c44-882a-b748eddc1f37,d34d023e-b189-4907-aebf-c5ad497f5f5e,14686.00,UPI,HDFC Bank,high,verified,70d669f3-0d2d-4149-83ff-98c4d2158923,8c42685b-f2df-4dec-96bd-0e77b715e33e,2026-07-14 07:33:40.359+00,2026-07-13 10:37:55.616165+00,2026-07-14 07:33:40.207519+00,2b95eb32-436b-461d-8dff-4ce7d45f69ed,exact,State Bank of India,null,2026-07-13
c507654c-588f-463a-8db3-2206edef0887,00000000-0000-0000-0000-000000000001,3b27dc97-dafa-0480-7b61-5549a3ea7eee,b779d31a-b688-4187-83aa-29f560e014b8,5372.00,UPI,HDFC Bank,high,verified,b2cad534-28d3-4c1b-b8a1-ec0ce1c85b12,8c42685b-f2df-4dec-96bd-0e77b715e33e,2026-07-14 07:34:18.526+00,2026-07-14 03:39:41.00053+00,2026-07-14 07:34:18.361515+00,null,null,State Bank of India,null,2026-07-14
8bdd4af5-5e79-42bb-ab2f-b7c89faee013,00000000-0000-0000-0000-000000000001,73715344-908a-b7fa-00cc-34358ffb16f0,67b52f83-6bb3-44da-a59b-dce8cfa32052,17360.00,UPI,HDFC Bank,high,verified,c94ab01d-c5ab-4d16-b641-4f793826cf5f,8c42685b-f2df-4dec-96bd-0e77b715e33e,2026-07-14 07:35:02.56+00,2026-07-14 04:34:59.230648+00,2026-07-14 07:35:02.392556+00,816c48dc-337d-43bf-b888-1f3d7c8cc02a,exact,Kotak Mahindra Bank,null,2026-07-09
31bc022e-05cf-4c25-8937-5de0bdc24a95,00000000-0000-0000-0000-000000000001,e6dde6a9-4da9-d1a2-802a-faf5db207e8e,null,16986.00,UPI,HDFC Bank,medium,verified,d414d9e2-029c-4f27-9583-e4c3dbc89e91,8c42685b-f2df-4dec-96bd-0e77b715e33e,2026-07-14 07:32:59.709+00,2026-07-14 07:32:59.66185+00,2026-07-14 07:32:59.66185+00,null,null,ICICI Bank,null,null
d980118b-67d5-4fb7-b8af-21d3ff592e63,00000000-0000-0000-0000-000000000001,8334eb99-0bc0-3c80-9ff8-83bea3d7b5ef,null,16300.00,UPI,HDFC Bank,medium,verified,bea2db43-dadc-46be-a830-01393c8c2646,8c42685b-f2df-4dec-96bd-0e77b715e33e,2026-07-14 07:39:12.817+00,2026-07-14 07:39:12.745259+00,2026-07-14 07:39:12.745259+00,null,null,Axis Bank,null,null
a1a2f9be-fecc-43e5-9b68-96ded2d81e4d,00000000-0000-0000-0000-000000000001,edee54e5-b970-ea10-551f-b156c26d8f0a,b4df591a-185d-47bd-8821-5ea318dccbcd,16450.00,UPI,HDFC Bank,high,verified,3ec5ecd3-ac29-45c2-b3b8-f8f98a325bb1,8c42685b-f2df-4dec-96bd-0e77b715e33e,2026-07-15 06:26:31.013+00,2026-07-14 12:04:09.018855+00,2026-07-15 06:26:30.090808+00,ea869205-6218-4ec4-87b3-2e8f6b5d3122,exact,Axis Bank,null,2026-07-14
797aa5ad-9cff-4dd7-b30b-4c65ea893d81,00000000-0000-0000-0000-000000000001,d225973a-f437-d98e-4e24-0fb32a7bfbe8,null,18230.00,UPI,HDFC Bank,medium,verified,68b850e8-5f18-455d-89d7-08c5dca36947,8c42685b-f2df-4dec-96bd-0e77b715e33e,2026-07-15 06:31:51.058+00,2026-07-15 06:31:50.23029+00,2026-07-15 06:31:50.23029+00,null,null,HDFC Bank,null,null
6fbe99bf-f672-458f-afe3-7642c0ca642e,00000000-0000-0000-0000-000000000001,5fee0a79-3970-704a-2332-f7c7598e86c1,fcea74ca-acf9-4594-8c06-b96e1cb4609e,15550.00,Bank,null,medium,verified,348a272c-d381-4e8f-8aa3-7bd52d3c7eee,8c42685b-f2df-4dec-96bd-0e77b715e33e,2026-07-16 06:06:09.201+00,2026-07-15 07:58:37.930974+00,2026-07-16 06:06:09.175388+00,e315ce7d-3931-4303-8e27-b185656728d4,exact,null,null,2026-07-01
488078ba-1dca-4726-9864-bf1253c25008,00000000-0000-0000-0000-000000000001,61492721-611b-479f-9815-e09e0d7c95fd,a22d5d6b-8bae-4bbb-bbd6-ab950dfadf80,15836.00,UPI,null,low,verified,8fad9446-7bf1-45c5-9a3c-f01fec72643a,8c42685b-f2df-4dec-96bd-0e77b715e33e,2026-07-16 06:09:06.594+00,2026-07-15 08:01:02.834233+00,2026-07-16 06:09:06.543277+00,cb30312a-7f8b-49ec-8dce-48f4e34bb8ad,exact,null,null,2026-07-15
1cc9bf37-9002-413a-b047-567e2bb343fd,00000000-0000-0000-0000-000000000001,c3c77367-5f51-f7a7-e667-0e3480f53751,null,16630.00,UPI,null,medium,verified,7c83ae10-b5a8-49de-b181-99213f1799ad,8c42685b-f2df-4dec-96bd-0e77b715e33e,2026-07-16 06:03:59.643+00,2026-07-16 06:03:59.767204+00,2026-07-16 06:03:59.767204+00,null,null,null,null,null
b446b981-a149-4b5b-8d05-7aaccf897fc4,00000000-0000-0000-0000-000000000001,df5ea39c-c069-5211-271d-f0d3831adefa,6f021b5d-3c01-4d08-9480-40c68d3350a0,17890.00,UPI,HDFC Bank,high,verified,3adae10c-2198-4b3e-801c-5e581e9841eb,8c42685b-f2df-4dec-96bd-0e77b715e33e,2026-07-17 06:23:07.448+00,2026-07-16 22:35:29.051784+00,2026-07-17 06:23:07.052547+00,f055c25e-8172-4aca-af41-31d58925c66c,exact,State Bank of India,null,2026-07-17
23406cc0-b671-44eb-913c-0df29f742dd0,00000000-0000-0000-0000-000000000001,2a00764b-10fd-4f2c-84a8-b611cf9b893a,null,14686.00,UPI,VISHFUL,medium,verified,c5f24b5f-29f4-464f-a009-4c5327fde35a,8c42685b-f2df-4dec-96bd-0e77b715e33e,2026-07-17 06:08:11.872+00,2026-07-17 06:08:11.589701+00,2026-07-17 06:08:11.589701+00,null,null,null,null,null
fcd3ba7e-8906-4cc5-a71b-4ecd86c6e3a9,00000000-0000-0000-0000-000000000001,be84008a-74d3-3cc1-6fd6-bcef998f7bff,66b8f92e-8966-4d34-be2f-07e5d8af4aa6,21120.00,UPI,HDFC Bank,high,verified,49e95b4a-ffae-4f79-86ab-1c0af55678a6,8c42685b-f2df-4dec-96bd-0e77b715e33e,2026-07-18 05:46:06.76+00,2026-07-17 06:35:47.598146+00,2026-07-18 05:46:06.723365+00,null,null,HDFC Bank,null,2026-07-17
f88ac33d-a3a9-4796-966b-ee966c020fd8,00000000-0000-0000-0000-000000000001,be84008a-74d3-3cc1-6fd6-bcef998f7bff,4c93d6c9-a9c7-4e61-96a4-cd7658843daa,690.00,UPI,HDFC Bank,high,verified,098488a9-3842-40e6-858c-074708c7d0f4,8c42685b-f2df-4dec-96bd-0e77b715e33e,2026-07-18 05:54:11.76+00,2026-07-18 05:48:28.354992+00,2026-07-18 05:54:11.688572+00,null,null,HDFC Bank,null,2026-07-18
c7e8dd46-d25b-4800-a106-3b08f420cb21,00000000-0000-0000-0000-000000000001,22a9494d-0e02-6fba-4aee-7947f1e6110b,673e450d-0726-4693-8a7e-bd895a8a1e49,17810.00,UPI,HDFC Bank,high,verified,9fc80d8d-d60a-4e60-84fd-ba535129cb46,8c42685b-f2df-4dec-96bd-0e77b715e33e,2026-07-21 11:06:18.339+00,2026-07-21 06:04:36.374794+00,2026-07-21 11:06:16.931084+00,c08221a0-7659-4ea7-9fca-ddf7593d4bf0,exact,Kotak Mahindra Bank,null,2026-07-21
079dace1-eda8-4535-b738-69de941d60d6,00000000-0000-0000-0000-000000000001,e0174322-3fb7-483f-91a0-61b903ae3e49,null,600.00,Unknown,VISHFUL,medium,verified,0902a881-8f6c-4c5c-870a-ba47bba0fcc1,8c42685b-f2df-4dec-96bd-0e77b715e33e,2026-07-21 11:09:57.984+00,2026-07-21 11:09:56.702568+00,2026-07-21 11:09:56.702568+00,null,null,null,null,null
538e69fe-1c7a-44d6-afb4-4a014678331c,00000000-0000-0000-0000-000000000001,0366c854-a2dd-42cd-b83a-7a0affb3fa85,null,27750.00,UPI,State Bank of India,medium,verified,7adc0584-bec7-439a-823d-1a7bc3c220fc,8c42685b-f2df-4dec-96bd-0e77b715e33e,2026-07-23 09:50:22.016+00,2026-07-23 09:50:21.454227+00,2026-07-23 09:50:21.454227+00,null,null,null,null,null
2c2603e7-2874-461e-9bc6-ed083eeb72c1,00000000-0000-0000-0000-000000000001,9fd15f79-3f68-411c-a282-24af6ade0fdb,null,0.00,UPI,State Bank of India,medium,verified,afb9990c-5237-4e06-91d1-8009ba874e90,8c42685b-f2df-4dec-96bd-0e77b715e33e,2026-07-23 09:50:57.46+00,2026-07-23 09:50:56.875782+00,2026-07-23 09:50:56.875782+00,null,null,null,null,null
ef2c3787-9f36-42ae-90e5-85c17c822f0b,00000000-0000-0000-0000-000000000001,b4a50439-db13-dc26-d980-eb079b321460,d9c99dd0-deb4-45e1-b69f-c4633479cbc2,16492.00,UPI,HDFC Bank,high,verified,8939c49d-0f0c-4c07-9203-06f7a6baa11e,8c42685b-f2df-4dec-96bd-0e77b715e33e,2026-08-03 06:36:36.915+00,2026-07-31 10:36:38.984738+00,2026-08-03 06:36:36.687955+00,null,null,ICICI Bank,null,2026-07-31
aa9e9721-4640-428d-8bcd-8126ba9d3efd,00000000-0000-0000-0000-000000000001,71492154-2bd6-41d1-b8b8-3acec9cedd1f,bf8b82a3-743a-4911-b966-e7cc511a3450,15887.00,UPI,HDFC Bank,high,verified,88d083c4-1b27-4121-a79e-752ef96e7c92,8c42685b-f2df-4dec-96bd-0e77b715e33e,2026-08-03 06:35:16.061+00,2026-07-31 10:43:45.92244+00,2026-08-03 06:35:15.84332+00,null,null,Kotak Mahindra Bank,null,2026-07-31
7e0b46cf-0667-400c-bbeb-df814f55af2d,00000000-0000-0000-0000-000000000001,8709ca2e-a8a6-48a4-b8ce-e813c4796ab9,bfa0c649-4a1b-42f0-9b5c-8ddfd10244cb,16298.00,UPI,HDFC Bank,high,verified,34ddf718-a41a-4fe0-a54a-1c16403e809c,8c42685b-f2df-4dec-96bd-0e77b715e33e,2026-08-03 06:34:26.351+00,2026-07-31 11:53:25.063828+00,2026-08-03 06:34:26.135187+00,null,null,null,null,2026-07-31
f0db4a5e-cf68-47ce-94b5-85e31a2519a2,00000000-0000-0000-0000-000000000001,3b27dc97-dafa-0480-7b61-5549a3ea7eee,50eae61c-7f99-4cca-a702-f858c8c6d4ef,5664.00,Unknown,null,low,verified,1d6cc051-e687-44af-afb2-eb1ca7ead609,8c42685b-f2df-4dec-96bd-0e77b715e33e,2026-08-03 06:34:03.213+00,2026-07-31 13:43:18.701324+00,2026-08-03 06:34:02.989442+00,null,null,null,null,2026-07-31
40864784-0329-4889-bca2-e7f4670fe325,00000000-0000-0000-0000-000000000001,bdcc24e3-6077-3ea9-b25e-2747d0f07be7,baa23f1d-f3c2-4860-9b04-fb15f1205b28,18251.00,UPI,HDFC Bank,high,verified,e5ffffb3-a183-4022-97ae-7d79d70dbd04,8c42685b-f2df-4dec-96bd-0e77b715e33e,2026-08-03 06:29:32.879+00,2026-07-31 15:02:45.616665+00,2026-08-03 06:29:32.652701+00,null,null,State Bank of India,null,2026-07-31
a040f089-4640-4547-afa3-0c51ec6bf09a,00000000-0000-0000-0000-000000000001,22b0be2d-52c5-1127-642d-4f1083b404ca,934725ea-ee25-472f-b410-89953902b152,21143.00,UPI,HDFC Bank,high,verified,0e960b8e-7a54-4ab1-9df3-a4f2cb81a843,8c42685b-f2df-4dec-96bd-0e77b715e33e,2026-08-03 06:29:07.558+00,2026-07-31 18:26:07.106135+00,2026-08-03 06:29:07.451157+00,null,null,State Bank of India,null,2026-07-31
52f7e1fa-bcd7-43ab-a40c-d1a49d27b952,00000000-0000-0000-0000-000000000001,93eb3d6a-d35b-ef1f-83b8-7430b6ad1674,12de3a3d-3561-4dc0-a51e-04778933d836,16360.00,UPI,null,low,verified,c775aaa1-c200-4727-9ed3-8966149fa548,8c42685b-f2df-4dec-96bd-0e77b715e33e,2026-08-03 06:28:44.064+00,2026-07-31 19:23:45.176996+00,2026-08-03 06:28:43.879739+00,null,null,null,null,2026-08-01
3232e0e5-77cb-474a-a92c-429a8f47e55d,00000000-0000-0000-0000-000000000001,257579ca-bef0-99b8-f916-e518891ffdab,e98cb126-da00-4561-a935-2284323dc316,34418.00,UPI,HDFC Bank,high,verified,ebce0945-294d-4eaa-8e8b-277e4d5f22f3,8c42685b-f2df-4dec-96bd-0e77b715e33e,2026-08-03 06:28:11.171+00,2026-07-31 20:33:46.441393+00,2026-08-03 06:28:10.946762+00,null,null,Federal Bank,null,2026-08-01
35d768e4-d2b0-4f9b-8813-b5ace5e0819e,00000000-0000-0000-0000-000000000001,1dc2bdca-ae79-4cd5-9d74-961c02cce282,d096fc02-46fb-4703-b363-b056d8277d47,21639.00,UPI,HDFC Bank,high,verified,8fe704b6-ebb6-46f8-b46e-6445c11ab755,8c42685b-f2df-4dec-96bd-0e77b715e33e,2026-08-03 06:27:42.001+00,2026-08-01 01:53:03.434803+00,2026-08-03 06:27:41.780023+00,8ffbf90c-25f1-40a3-8c5b-927be26b89f8,exact,null,null,null
a0915dce-4cd8-43fc-819e-f5a6d027d019,00000000-0000-0000-0000-000000000001,18d86801-3cb7-11d4-8b9d-433429296014,41d62d0b-9a52-4f33-9833-12f04561183e,17856.00,UPI,HDFC Bank,high,verified,778df267-9bbe-4ca9-b170-98f579e05e28,8c42685b-f2df-4dec-96bd-0e77b715e33e,2026-08-03 06:26:52.197+00,2026-08-01 05:47:47.137934+00,2026-08-03 06:26:51.988095+00,a1431c50-73f7-4ef7-8f30-4b3e35295d3a,exact,State Bank of India,null,2026-08-01
4ec2bb5d-6d3c-4df1-b34f-11297f3af08c,00000000-0000-0000-0000-000000000001,be2214d4-f4b5-4c51-825a-83cddbfb06f8,e73f3493-5827-4f80-8d60-d0d3409f70c3,3023.00,Unknown,null,low,verified,490b74c4-0fe5-470d-bf93-7ea8d1d34e89,8c42685b-f2df-4dec-96bd-0e77b715e33e,2026-08-03 06:26:29.505+00,2026-08-01 06:00:12.655435+00,2026-08-03 06:26:29.28279+00,4f9dbbfe-3580-43b0-bb94-d2ba7a52bd09,exact,null,null,2026-08-01
4d9f9705-7f2e-4e7d-8ba1-311778f112ea,00000000-0000-0000-0000-000000000001,ba8dd5e0-ed0e-8b6a-7098-2732476feb31,a196a71d-2db8-437f-8e76-2e7d06279ee8,16042.00,UPI,HDFC Bank,low,verified,cd370c7d-c11b-4fa8-89c5-3a0ea40f74be,8c42685b-f2df-4dec-96bd-0e77b715e33e,2026-08-03 06:26:03.367+00,2026-08-01 06:00:43.20747+00,2026-08-03 06:26:03.154879+00,7b188fe8-83b4-411a-93c3-f243f038ee77,exact,null,null,2026-08-01
b9a74c00-d645-4fff-b3d8-d4382aaca42b,00000000-0000-0000-0000-000000000001,e8530c57-faad-4ff7-aec4-fb01b6118ece,null,19500.00,UPI,ICICI,medium,verified,c6db6e08-c05b-4944-925b-aba5b9b1531b,8c42685b-f2df-4dec-96bd-0e77b715e33e,2026-08-01 06:51:07.249+00,2026-08-01 06:51:06.463571+00,2026-08-01 06:51:06.463571+00,null,null,null,null,null
fda298b3-8800-4926-9090-327384c38456,00000000-0000-0000-0000-000000000001,30f37c32-22c8-495f-9468-246790e56559,52da116f-5d37-4931-b808-0ffa976c4418,32860.00,UPI,HDFC Bank,high,verified,9b55de4f-452f-481e-ac6b-528a1b3db263,8c42685b-f2df-4dec-96bd-0e77b715e33e,2026-08-03 06:24:35.063+00,2026-08-01 07:14:31.02717+00,2026-08-03 06:24:34.857413+00,null,null,Yes Bank,null,2026-08-01
0348c987-6cb8-4c45-a837-f6a7d485ebd1,00000000-0000-0000-0000-000000000001,a7dadee2-80e3-eba0-084f-5f1847bb3aa4,584b4fca-0111-4661-bdfe-0a8939603e75,27050.00,UPI,HDFC Bank,high,verified,645e8714-9e1b-4e7e-8fa3-186bb136f2fa,8c42685b-f2df-4dec-96bd-0e77b715e33e,2026-08-03 06:23:43.567+00,2026-08-01 07:57:10.046736+00,2026-08-03 06:23:43.377957+00,c875befb-e32c-4971-a493-9adfa5e722cf,exact,ICICI Bank,null,2026-08-01
a645086f-8853-4563-b3f6-792218bb8e59,00000000-0000-0000-0000-000000000001,d926094a-e5b5-4bc7-af79-7f822211d3f3,59c7af5d-9a7b-4b54-8cb4-10772d0df8f7,20565.00,UPI,HDFC Bank,high,verified,e6f4abe2-0c72-457c-95e0-d72853de1369,8c42685b-f2df-4dec-96bd-0e77b715e33e,2026-08-03 06:22:23.728+00,2026-08-01 09:07:00.492668+00,2026-08-03 06:22:23.527744+00,787e6508-7e07-449a-813a-a6dd6b944b60,exact,null,null,2026-08-01
48891391-b724-4ddf-97ac-1288ac561576,00000000-0000-0000-0000-000000000001,b0348aa8-ad9f-d0dd-94e8-c71a6627c930,ce0d6809-b99b-41e2-ac6b-351b4cb152ba,15515.00,UPI,HDFC Bank,high,verified,e034758f-a892-4236-92ba-7b8fb4012ef0,8c42685b-f2df-4dec-96bd-0e77b715e33e,2026-08-03 06:21:52.348+00,2026-08-01 09:57:13.965635+00,2026-08-03 06:21:52.155885+00,7801732d-bb81-4ffc-be28-c597fe387246,exact,Axis Bank,null,2026-08-01
97769630-aef7-4e50-8129-322585847f4e,00000000-0000-0000-0000-000000000001,d2de48e8-0097-4d6d-8e3d-62ee7c8f2fcd,c25d65d7-a35b-4ce4-bea4-f6dff42dd5e4,30860.00,UPI,HDFC Bank,high,verified,2b8ad530-3a5b-47ca-9b78-c0a5bf6a34b8,8c42685b-f2df-4dec-96bd-0e77b715e33e,2026-08-03 06:21:10.974+00,2026-08-01 10:12:49.193302+00,2026-08-03 06:21:10.780778+00,null,null,State Bank of India,null,2026-08-01
42f2c0bd-2619-4137-bf3c-9246a83097ab,00000000-0000-0000-0000-000000000001,a4ef95bf-1c7c-4c4d-0497-ae38085af6cc,cb0ccb45-d337-4633-880b-ff62b957aaf8,21360.00,UPI,HDFC Bank,high,verified,93544676-f879-41f9-afe3-2550f74c959f,8c42685b-f2df-4dec-96bd-0e77b715e33e,2026-08-03 06:18:22.966+00,2026-08-01 10:16:43.597247+00,2026-08-03 06:18:22.774871+00,e607d174-3a31-443c-b1dd-c8ef3dd8c144,exact,Axis Bank,null,2026-08-01
4c5c3f6e-4b73-4f84-b19f-eba6d7eeb6f7,00000000-0000-0000-0000-000000000001,4f75b0ca-7bed-c37c-cfd4-1e361a1bb6d4,null,21763.00,UPI,HDFC Bank,medium,verified,2d978b7e-0e20-423d-8f9a-fdf680751e32,8c42685b-f2df-4dec-96bd-0e77b715e33e,2026-08-03 06:33:24.291+00,2026-08-03 06:33:24.260451+00,2026-08-03 06:33:24.260451+00,null,null,YES BANK,null,null
a30a37b6-9879-47b5-a734-3f0063346d16,00000000-0000-0000-0000-000000000001,961c950e-debe-4dd2-8e5f-08bf92bda977,6c01c893-9180-4411-b346-7529e6c9b0da,15706.00,UPI,HDFC Bank,high,verified,29125d23-a515-4cc3-8eae-fd608c3a4365,8c42685b-f2df-4dec-96bd-0e77b715e33e,2026-08-04 06:52:09.451+00,2026-08-03 08:31:48.462096+00,2026-08-04 06:52:08.694115+00,815bdc85-91a0-4df9-a218-1a6c75483b06,exact,HDFC Bank,null,2026-08-03
0ef13fea-c394-42df-9366-208c79f737e9,00000000-0000-0000-0000-000000000001,1fc0c3bb-f35c-8d5d-a4fa-a9c1723cd8ab,72aafc6c-3ce2-4ce5-8a20-efbaa3a1371f,15957.00,UPI,HDFC Bank,high,verified,8f790696-1a40-450b-a42b-59b3f1d67c03,8c42685b-f2df-4dec-96bd-0e77b715e33e,2026-08-04 06:51:44.804+00,2026-08-03 08:40:28.082746+00,2026-08-04 06:51:44.043275+00,bc710f23-8fe3-46e0-9f96-dba820b452d7,exact,Canara Bank,null,2026-08-03
5beddfd0-5657-4779-b4a0-f15e1662b072,00000000-0000-0000-0000-000000000001,2ba81159-3fd3-401a-b806-4cf09e7dce86,323fc3fb-a241-4dbe-9acc-2b20e4bb1860,20926.00,UPI,HDFC Bank,high,verified,8b1a49db-23e9-43bf-ab03-c0c4e291dd0a,8c42685b-f2df-4dec-96bd-0e77b715e33e,2026-08-04 06:51:16.692+00,2026-08-03 13:23:46.63271+00,2026-08-04 06:51:15.934721+00,af81c712-61e5-4033-9558-1bdc8cdd6e01,exact,null,null,2026-08-03
ef815b38-b408-4984-8cbd-96f55bb78e39,00000000-0000-0000-0000-000000000001,38305983-db92-2c3c-7949-96f7ca7833eb,727fa007-6477-4683-9efa-760faf81d77a,21019.00,UPI,HDFC Bank,high,verified,c346d404-1beb-4206-a2c7-07336a582bc7,8c42685b-f2df-4dec-96bd-0e77b715e33e,2026-08-04 06:50:46.059+00,2026-08-03 16:03:45.623552+00,2026-08-04 06:50:45.313071+00,40c30fe0-eb75-4528-9981-ccd5fc066991,exact,HDFC Bank,null,2026-08-03
743a39fb-e3f5-4a75-a43f-134e23046afa,00000000-0000-0000-0000-000000000001,2631ddfd-660e-8719-1876-82cf88e13a60,41e388e4-5d28-4979-b64a-d9e78d4761a5,15926.00,UPI,HDFC Bank,high,verified,bf587924-e19a-47b1-9cbc-c20e67913fb7,8c42685b-f2df-4dec-96bd-0e77b715e33e,2026-08-04 06:50:06.598+00,2026-08-03 16:56:00.693852+00,2026-08-04 06:50:05.859274+00,d909531d-49bd-4adb-b21b-fd55f96b377c,exact,null,null,2026-08-03
7c3963a7-20cd-4937-a66c-2957812154b4,00000000-0000-0000-0000-000000000001,1604768e-85d5-4c44-882a-b748eddc1f37,76538e16-323b-4d55-b308-9f1eb15b4d1b,16825.00,UPI,HDFC Bank,high,verified,f39ee933-4fbe-459a-8c34-06340ddd85e2,8c42685b-f2df-4dec-96bd-0e77b715e33e,2026-08-05 05:37:51.444+00,2026-08-04 03:54:57.014051+00,2026-08-05 05:37:51.282189+00,06fb2812-95e0-47c9-b077-2b43add28db7,exact,State Bank of India,null,2026-08-04
7b90beca-ea28-4266-b9da-0be40cdfb600,00000000-0000-0000-0000-000000000001,c2f58086-b0e6-4083-b634-acc444ebc69f,4a1766d0-b03c-4287-b577-f9c4e2603c14,18680.00,UPI,HDFC Bank,high,verified,dc096e0f-6971-4354-aed1-2c88b81e0635,8c42685b-f2df-4dec-96bd-0e77b715e33e,2026-08-05 05:36:15.677+00,2026-08-04 05:16:07.85094+00,2026-08-05 05:36:15.521296+00,null,null,Federal Bank,null,2026-08-04
7e01966d-866c-4a0e-844c-4c689b7dd660,00000000-0000-0000-0000-000000000001,6e52de53-d0e1-4fff-871f-36aa18ac4720,6f840ef6-12eb-4193-ac20-8d5ed7c560fb,22819.00,UPI,HDFC Bank,high,verified,78325a84-09bd-4f26-86c5-406761115b3b,8c42685b-f2df-4dec-96bd-0e77b715e33e,2026-08-05 05:35:52.411+00,2026-08-04 06:15:37.771608+00,2026-08-05 05:35:52.266964+00,null,null,HDFC Bank,null,2026-08-04
00caee34-2299-4b14-ba09-e9c21c45b51f,00000000-0000-0000-0000-000000000001,df5ea39c-c069-5211-271d-f0d3831adefa,null,22400.00,UPI,null,medium,verified,bcf98b5c-3de6-4b13-a358-9ac2a646da28,8c42685b-f2df-4dec-96bd-0e77b715e33e,2026-08-04 06:59:08.958+00,2026-08-04 06:59:08.303014+00,2026-08-04 06:59:08.303014+00,null,null,null,null,null
1c7e2c61-6b8f-48c9-b604-f427409a029e,00000000-0000-0000-0000-000000000001,073e4bd7-f1f1-49d3-604f-c365b9952a6c,e50b11b1-628c-4522-a484-3a35b2987e95,15500.00,UPI,HDFC Bank,high,verified,15dd8772-075d-46fc-9a40-dc9ff8ed453d,8c42685b-f2df-4dec-96bd-0e77b715e33e,2026-08-05 05:34:53.666+00,2026-08-04 07:06:17.1759+00,2026-08-05 05:34:53.52043+00,feeb7562-64c0-4eac-a1fa-367aa6673330,exact,HDFC Bank,null,2026-08-04
9b3776f3-246e-4c3c-b1ab-e4f43938d72d,00000000-0000-0000-0000-000000000001,1a3b6c74-26e1-7124-0b5c-7f783d71624d,a7223336-1eb0-4aec-a1dc-3a1510b58c02,15918.00,UPI,HDFC Bank,low,verified,126b22da-b31d-43f9-a295-67af824911d2,8c42685b-f2df-4dec-96bd-0e77b715e33e,2026-08-05 05:37:23.537+00,2026-08-04 07:30:19.143999+00,2026-08-05 05:37:23.396673+00,d4ff2323-b116-4ec6-9b23-33656da01ef4,exact,null,null,2026-08-04
ec156c6c-5d4e-419d-8564-0fe91557630b,00000000-0000-0000-0000-000000000001,890b32d9-f754-8150-5a18-8a21fcdf3828,2fa3db19-cf4d-4f95-a640-4afed6d6586f,27015.00,UPI,HDFC Bank,high,verified,4cf06510-1ada-4d39-bacf-28c413feadc8,8c42685b-f2df-4dec-96bd-0e77b715e33e,2026-08-05 05:34:27.394+00,2026-08-04 07:35:37.665404+00,2026-08-05 05:34:27.249586+00,4544c17c-5b52-4717-9c80-be432a807d28,exact,ICICI Bank,null,2026-08-04
23204d0a-bde4-45a9-9118-4f170c115e2c,00000000-0000-0000-0000-000000000001,f284b25b-d762-1399-a12e-ba7ffa6b6f97,42727ddf-9126-4c09-a961-220745c54a94,16492.00,UPI,HDFC Bank,high,verified,27c077d6-315f-47be-b639-32bdb043b126,8c42685b-f2df-4dec-96bd-0e77b715e33e,2026-08-05 05:34:00.577+00,2026-08-04 07:50:03.081399+00,2026-08-05 05:34:00.430519+00,6a5bfce2-46c6-492e-a3be-840d4b9186c1,exact,HDFC Bank,null,2026-08-01
1f9b69ce-9166-400b-8b8b-aa03129fa37c,00000000-0000-0000-0000-000000000001,71a9340d-9832-4609-a110-d9b5aaffc020,7b0de190-01a9-4898-a8ff-7252212969ed,19500.00,UPI,HDFC Bank,high,verified,a3048a14-fa8f-4505-bf1f-2e4e3e9eb60e,8c42685b-f2df-4dec-96bd-0e77b715e33e,2026-08-05 05:33:43.232+00,2026-08-04 08:24:45.125043+00,2026-08-05 05:33:43.088753+00,null,null,HDFC Bank,null,null
aebda8bd-66b5-4a18-b9e9-eb61df080caa,00000000-0000-0000-0000-000000000001,1218c50c-4da4-4f61-baec-5182a25958e3,e41c46ab-0857-47de-845b-416d3ed9420e,15918.00,UPI,HDFC Bank,high,verified,b6c8eaf5-428c-4dca-8777-7508fcb1d666,8c42685b-f2df-4dec-96bd-0e77b715e33e,2026-08-05 05:33:11.757+00,2026-08-04 08:26:41.83127+00,2026-08-05 05:33:11.616424+00,3a4b8f63-3afb-4711-be9d-081e65c68feb,exact,Union Bank of India,null,2026-08-04
a5706507-f30c-4450-91d9-5d839eaac793,00000000-0000-0000-0000-000000000001,8971261e-a813-477f-94c0-0a9661dc4c34,053c05c4-5b2f-4314-bca4-9fbd50c0af68,2000.00,UPI,null,low,verified,ae454fd3-dd0d-49a9-b462-3c74c1dc1b02,8c42685b-f2df-4dec-96bd-0e77b715e33e,2026-08-05 05:40:14.33+00,2026-08-04 12:04:01.230899+00,2026-08-05 05:40:14.180444+00,null,null,null,null,null
cf80b3d8-a973-4ad1-8792-69243c4c1647,00000000-0000-0000-0000-000000000001,72ac33cc-b9b2-9cc4-47fd-d37096c8f30d,78cc6c24-4782-40d1-ae91-ec526ee4f995,16926.00,UPI,HDFC Bank,high,verified,81fa0ce1-b760-4a4d-ac8a-9285696a5e37,8c42685b-f2df-4dec-96bd-0e77b715e33e,2026-08-05 05:32:43.344+00,2026-08-04 14:18:16.895656+00,2026-08-05 05:32:43.20688+00,31162868-5769-409d-a653-e5b95d0fc1b9,exact,null,null,2026-08-04
54c1e92d-2b31-4d6c-af72-7003efe4e1b5,00000000-0000-0000-0000-000000000001,011b7d1c-5697-5394-c05b-fa0473640657,1871be2e-ac5b-4190-81c5-ed39a9de9b21,20457.00,UPI,HDFC Bank,high,verified,794de2d5-08d7-4139-96c5-367d5cdae2e1,8c42685b-f2df-4dec-96bd-0e77b715e33e,2026-08-05 05:32:14.663+00,2026-08-04 14:42:27.503743+00,2026-08-05 05:32:14.537221+00,0df4e4e5-62d0-4980-b31e-85270d2035c1,exact,State Bank of India,null,2026-08-04
4031b9b8-dee1-48b9-ad17-11e00ccc0aa5,00000000-0000-0000-0000-000000000001,cf1318a5-0564-4af6-d90e-c3e76de1ef08,2926802f-42d7-4ebe-ab47-eeb200ff8127,16926.00,UPI,null,medium,verified,7144a335-5592-4678-820b-6466ce74389b,8c42685b-f2df-4dec-96bd-0e77b715e33e,2026-08-05 05:31:39.032+00,2026-08-04 17:38:28.606224+00,2026-08-05 05:31:38.910224+00,8c1b2b32-a89d-418d-8bd5-589cf346951a,exact,Kotak Mahindra Bank,null,2026-08-04
b01d050d-5b61-42e1-8cef-3d32b362dc3b,00000000-0000-0000-0000-000000000001,9541a16d-d020-eb78-80f1-a4a2d4b7775f,a16dcf96-9e8d-4113-aec0-4cd2bf93402e,26926.00,UPI,HDFC Bank,high,verified,0a8794bb-ebf8-4db4-b6b4-ea07ae1cd4f7,8c42685b-f2df-4dec-96bd-0e77b715e33e,2026-08-05 05:31:01.512+00,2026-08-05 02:04:55.620266+00,2026-08-05 05:31:01.385777+00,98fdacf3-4e28-43d4-982f-86240ff9dfac,exact,HDFC Bank,null,2026-08-05
a61fab44-ec0a-4591-a413-792a31e5076a,00000000-0000-0000-0000-000000000001,9eb73523-a830-4796-9317-1a3f4e9e7254,5f01883a-dfeb-46e0-84b6-3781f8add054,18680.00,UPI,null,low,verified,8a4ccc7a-8347-409b-acfb-38f67b327e00,8c42685b-f2df-4dec-96bd-0e77b715e33e,2026-08-05 05:38:28.574+00,2026-08-05 03:39:16.085819+00,2026-08-05 05:38:28.435589+00,null,null,null,null,2026-08-05
85303819-5577-4df4-9564-113877f38382,00000000-0000-0000-0000-000000000001,be2214d4-f4b5-4c51-825a-83cddbfb06f8,3ac48433-a118-4f53-ba40-d4c709c54e8b,18242.00,Unknown,null,low,verified,0803cb46-f7b2-4c82-90f6-dc8a14e9f529,8c42685b-f2df-4dec-96bd-0e77b715e33e,2026-08-05 05:39:03.78+00,2026-08-05 03:41:34.760542+00,2026-08-05 05:39:03.631951+00,null,null,null,null,2026-08-05
8b276011-9787-4466-a533-863083b13a03,00000000-0000-0000-0000-000000000001,49355947-7605-ec5f-7d81-a6597f38d76b,e0e9ecfe-9d55-42b2-ac47-fd7e59b8c1e1,15926.00,UPI,HDFC Bank,high,verified,4b6e0d42-dfd2-4513-8b36-3b2c16db9813,8c42685b-f2df-4dec-96bd-0e77b715e33e,2026-08-05 05:30:21.222+00,2026-08-05 04:02:06.56501+00,2026-08-05 05:30:21.119393+00,374ad8fd-b7b2-49f6-babb-74111255e089,exact,null,null,2026-08-05
90e303cf-7197-4340-b3ab-681d4cdc6842,00000000-0000-0000-0000-000000000001,491b8136-32a1-37c5-5253-b53ff3991d86,null,15426.00,Unknown,VISHFUL,medium,verified,1c45c9eb-c122-41d2-8970-b7e0024ee44b,8c42685b-f2df-4dec-96bd-0e77b715e33e,2026-08-05 05:58:34.978+00,2026-08-05 05:58:34.908914+00,2026-08-05 05:58:34.908914+00,null,null,null,null,null
a59458ed-7d99-410b-a7c5-be5d089013f5,00000000-0000-0000-0000-000000000001,79e31f6f-69dc-a40c-27d7-3f076878f83c,null,16656.00,UPI,State Bank of India,medium,verified,1883f5cd-e9da-4c6b-8372-31e437bf6851,8c42685b-f2df-4dec-96bd-0e77b715e33e,2026-08-05 06:01:48.703+00,2026-08-05 06:01:48.635397+00,2026-08-05 06:01:48.635397+00,null,null,null,null,null
3ef189c8-dcec-446f-885f-885efb35e25c,00000000-0000-0000-0000-000000000001,cda37b51-1bbc-af0d-a560-49af88fdc751,a23329b4-7315-46c4-8d35-604503fccb8b,16577.00,UPI,HDFC Bank,high,verified,db08bead-5da1-4846-b689-ca352cbcd531,8c42685b-f2df-4dec-96bd-0e77b715e33e,2026-08-05 06:02:19.719+00,2026-08-05 06:01:55.275923+00,2026-08-05 06:02:19.499291+00,c99c69b7-1dac-4e81-919a-034e3b826d6f,exact,State Bank of India,null,2026-08-01
fa7c9b9b-fcc7-490e-8a4b-3793014df4fa,00000000-0000-0000-0000-000000000001,79d4d3fe-73c5-a965-030f-c60220ee20cb,6fed7864-c57d-4096-8de4-bb7f15d5fbcb,15926.00,UPI,HDFC Bank,high,verified,2c24749d-8c73-4dbb-bee4-d87c4cb05771,8c42685b-f2df-4dec-96bd-0e77b715e33e,2026-08-05 06:03:51.16+00,2026-08-05 06:03:43.493267+00,2026-08-05 06:03:50.934746+00,41d9de4d-2574-4fc9-9390-81ca83798b37,exact,State Bank of India,null,2026-08-01
3e918292-fc19-4a2a-aa86-c696ce65a251,00000000-0000-0000-0000-000000000001,6dd50e39-9843-4442-cc09-3b49fbe97fb9,null,16453.00,UPI,me v,medium,verified,6715b8f4-4c79-463f-878d-4c9f0091a917,8c42685b-f2df-4dec-96bd-0e77b715e33e,2026-08-05 06:26:46.728+00,2026-08-05 06:26:46.559228+00,2026-08-05 06:26:46.559228+00,null,null,null,null,null
f580779b-023b-4f17-81fc-cecb98aa2d93,00000000-0000-0000-0000-000000000001,e17238d1-34ce-0cbb-4dc0-f65e60ff52f7,null,21484.00,UPI,VISHFUL,medium,verified,f6c8007e-2fc5-45be-aed0-fa6deae967e7,8c42685b-f2df-4dec-96bd-0e77b715e33e,2026-08-05 06:28:11.056+00,2026-08-05 06:28:10.877067+00,2026-08-05 06:28:10.877067+00,null,null,null,null,null
db7f7b3d-6943-4a88-bf72-22a30cb7a8eb,00000000-0000-0000-0000-000000000001,be68c44d-d4d2-478a-7b1e-c9c3fefac406,null,15019.00,UPI,Canara Bank,medium,verified,d3e6cd68-cf45-437a-8ee6-defce6339fee,8c42685b-f2df-4dec-96bd-0e77b715e33e,2026-08-05 06:33:43.781+00,2026-08-05 06:33:43.622668+00,2026-08-05 06:33:43.622668+00,null,null,null,null,null
d820aae0-f9aa-42b0-9a9d-5ddd08c175f5,00000000-0000-0000-0000-000000000001,89d188b4-94a9-2f97-e068-155ed8ec3f5e,null,15.00,UPI,Axis Bank,medium,verified,051a18fd-f297-4acf-8bd0-c27616e8777f,8c42685b-f2df-4dec-96bd-0e77b715e33e,2026-08-05 06:34:48.778+00,2026-08-05 06:34:48.63041+00,2026-08-05 06:34:48.63041+00,null,null,null,null,null
48f3da85-0f06-4b17-ac33-9810c7a9fc41,00000000-0000-0000-0000-000000000001,1a171004-7682-1c39-e6a2-758b668c33b0,null,19919.00,UPI,State Bank of India,medium,verified,3789971b-fdc3-4634-864f-fbc041e41b75,8c42685b-f2df-4dec-96bd-0e77b715e33e,2026-08-05 06:44:12.417+00,2026-08-05 06:44:12.26247+00,2026-08-05 06:44:12.26247+00,null,null,null,null,null
3350ecd6-2c3a-4b8b-a69a-36bb00ccf9e3,00000000-0000-0000-0000-000000000001,918b6526-10a3-4e0e-b3d8-7862211d2485,null,16696.00,UPI,Axis Bank,medium,verified,46ce3ea5-2f46-4c02-b48d-95b55ccb4e53,8c42685b-f2df-4dec-96bd-0e77b715e33e,2026-08-05 06:51:02.309+00,2026-08-05 06:51:02.141562+00,2026-08-05 06:51:02.141562+00,null,null,null,null,null
485b6c37-06d1-4238-922a-80cbb33663c8,00000000-0000-0000-0000-000000000001,11e59c65-004e-4eea-a733-d3a6a7c65fb1,a0a67598-a7cd-4376-b94c-27514d649014,17856.00,UPI,HDFC Bank,high,verified,7c352384-0fdf-4848-ba06-05b39e6e7624,8c42685b-f2df-4dec-96bd-0e77b715e33e,2026-08-05 06:53:36.825+00,2026-08-05 06:52:45.705417+00,2026-08-05 06:53:36.505587+00,e884c8e6-1a7b-48f8-808a-39fff5ae3c5c,exact,HDFC Bank,null,2026-08-02
b5b8ebe4-7a57-4ef1-b1fb-0aadcb2d0aa4,00000000-0000-0000-0000-000000000001,61492721-611b-479f-9815-e09e0d7c95fd,null,1.00,Unknown,VISHFUL,medium,verified,f82c9fc2-a065-45fa-9923-39921a497d4b,8c42685b-f2df-4dec-96bd-0e77b715e33e,2026-08-05 06:55:11.965+00,2026-08-05 06:55:11.826236+00,2026-08-05 06:55:11.826236+00,null,null,null,null,null
439bfc70-b70b-4419-bc0d-13726edb0207,00000000-0000-0000-0000-000000000001,55ca6f7c-112a-ec33-7c1c-987508bc9e41,null,17763.00,UPI,HDFC,medium,verified,80af28ed-8e93-460d-a02f-4629999bf6a6,8c42685b-f2df-4dec-96bd-0e77b715e33e,2026-08-05 06:56:24.781+00,2026-08-05 06:56:24.611399+00,2026-08-05 06:56:24.611399+00,null,null,null,null,null
b14e4eb1-b88b-4144-b2c7-6c587b4e7b56,00000000-0000-0000-0000-000000000001,8123af5e-305b-80f8-20db-4d54b7f628c7,null,17228.00,Card,HDFC Bank,medium,verified,6851fa5a-d8ed-4c87-b589-af7c1ee0d490,8c42685b-f2df-4dec-96bd-0e77b715e33e,2026-08-05 06:57:57.271+00,2026-08-05 06:57:57.285217+00,2026-08-05 06:57:57.285217+00,null,null,HDFC Bank,null,null
35179579-7e7b-40e2-8b3a-2dd5f4441fff,00000000-0000-0000-0000-000000000001,83f51f9d-9d36-eda9-e7fb-5b1badbbd5d9,null,0.00,UPI,HDFC,medium,verified,7828f9e3-2af7-438c-979c-933c91418b5e,8c42685b-f2df-4dec-96bd-0e77b715e33e,2026-08-05 06:59:44.254+00,2026-08-05 06:59:44.095307+00,2026-08-05 06:59:44.095307+00,null,null,null,null,null
9b7085cc-470d-42df-a35f-093be8460ec7,00000000-0000-0000-0000-000000000001,4505ca5d-0961-03c9-5943-ffda2a5ae270,null,0.00,UPI,Canara Bank,medium,verified,c5cc5d16-fde5-4983-ad20-bdcd69aef069,8c42685b-f2df-4dec-96bd-0e77b715e33e,2026-08-05 07:01:22.224+00,2026-08-05 07:01:22.052396+00,2026-08-05 07:01:22.052396+00,null,null,null,null,null
d6106948-6d14-450f-b5d2-30556a8b79dc,00000000-0000-0000-0000-000000000001,b3002707-86e9-43d5-956d-cf108fb6a23f,null,0.00,UPI,null,medium,verified,9bbae33c-132d-436e-94c3-61ea8d0e27d7,8c42685b-f2df-4dec-96bd-0e77b715e33e,2026-08-05 07:02:37.108+00,2026-08-05 07:02:36.935212+00,2026-08-05 07:02:36.935212+00,null,null,null,null,null
dd047613-3d41-4a88-a450-7c2944923054,00000000-0000-0000-0000-000000000001,5e901269-d116-cf62-7661-df859f5b02dc,9d3480cc-626b-4293-b22b-68bff2329829,18228.00,UPI,HDFC Bank,high,verified,95450abb-3582-4a5e-b23a-49452718cda7,8c42685b-f2df-4dec-96bd-0e77b715e33e,2026-08-05 07:03:48.033+00,2026-08-05 07:03:32.042596+00,2026-08-05 07:03:47.674923+00,70948315-5bad-4e2f-974b-1faf329588f5,exact,City Union Bank,null,2026-08-01
9ca1133d-4202-440a-a94e-adfc9994b4b0,00000000-0000-0000-0000-000000000001,f2a00e3d-de04-40a3-6f41-a3ebfcab4a3c,null,0.00,UPI,ve VISHFUL 216,medium,verified,978a5422-630a-4680-a8cc-dc8b83a00d6f,8c42685b-f2df-4dec-96bd-0e77b715e33e,2026-08-05 07:06:09.805+00,2026-08-05 07:06:09.590448+00,2026-08-05 07:06:09.590448+00,null,null,null,null,null
64cc6d76-3b28-4b1c-9854-8e18fd75481e,00000000-0000-0000-0000-000000000001,22a9494d-0e02-6fba-4aee-7947f1e6110b,null,0.00,UPI,Kotak,medium,verified,e962bd8b-31ae-4ec7-a292-b2f6241c88ae,8c42685b-f2df-4dec-96bd-0e77b715e33e,2026-08-05 07:14:20.822+00,2026-08-05 07:14:20.620111+00,2026-08-05 07:14:20.620111+00,null,null,null,null,null
d4edf790-7c56-42cd-bede-867ea477213b,00000000-0000-0000-0000-000000000001,a6037691-771e-8146-3714-f9dedb8acbcc,null,0.00,UPI,HDFC,medium,verified,bce1b202-b7af-47d6-b19a-19e1685c05b0,8c42685b-f2df-4dec-96bd-0e77b715e33e,2026-08-05 07:34:33.119+00,2026-08-05 07:34:32.811817+00,2026-08-05 07:34:32.811817+00,null,null,null,null,null
1cc8dfaf-03bf-4267-98da-d9cc02dbc509,00000000-0000-0000-0000-000000000001,f70ae790-e17b-aca8-a21a-82ddd895450b,null,21025.00,UPI,VISHFUL,medium,verified,a66ab33a-39b2-4a53-8583-0c6c98cd4228,8c42685b-f2df-4dec-96bd-0e77b715e33e,2026-08-05 07:36:24.442+00,2026-08-05 07:36:24.136841+00,2026-08-05 07:36:24.136841+00,null,null,null,null,null
300662da-995a-40e7-887f-352bc9e188bb,00000000-0000-0000-0000-000000000001,1d4c0119-5151-7a5b-2266-f16e44f67157,null,15577.00,UPI,Axis Bank,medium,verified,7d2d490a-7a60-458b-bb42-0a0c945b09fa,8c42685b-f2df-4dec-96bd-0e77b715e33e,2026-08-05 07:37:36.884+00,2026-08-05 07:37:36.560774+00,2026-08-05 07:37:36.560774+00,null,null,null,null,null
f7ed2d04-a71a-42bb-b86c-228e3c48df2a,00000000-0000-0000-0000-000000000001,7976ec26-6b18-471f-96d3-aa39a03abac8,null,17646.00,UPI,HDFC Bank,medium,verified,6445c03e-fbb8-40cd-9ef5-26d9de2137c3,8c42685b-f2df-4dec-96bd-0e77b715e33e,2026-08-05 07:41:08.87+00,2026-08-05 07:41:08.539196+00,2026-08-05 07:41:08.539196+00,null,null,State Bank of India,null,null
009a9058-90c7-4b93-8d8b-fde499510074,00000000-0000-0000-0000-000000000001,1bc75090-ac1a-44a6-bb22-f211aca7c760,null,210.00,UPI,HDFC,medium,verified,81cfcd9d-4030-4fcc-9282-cf8265099aff,8c42685b-f2df-4dec-96bd-0e77b715e33e,2026-08-05 07:42:32.469+00,2026-08-05 07:42:32.124488+00,2026-08-05 07:42:32.124488+00,null,null,null,null,null
b7abbd96-fed1-411b-8430-3703a1e982ee,00000000-0000-0000-0000-000000000001,11316c38-dc08-4983-3588-fcadd88bd5d2,null,0.00,UPI,State Bank of India,medium,verified,221fafec-0bd6-408f-a7ef-87f613c49022,8c42685b-f2df-4dec-96bd-0e77b715e33e,2026-08-05 07:44:07.876+00,2026-08-05 07:44:07.534019+00,2026-08-05 07:44:07.534019+00,null,null,null,null,null
363a96b1-7ab1-4ea3-9dec-6b1797186fa5,00000000-0000-0000-0000-000000000001,31f3f7a3-5dc4-21cd-ba54-b41347a7822a,null,17104.00,UPI,ICICI Bank,medium,verified,5f18b9a6-40e4-443c-b692-c88d421d0a72,b48573e1-c1d9-45dd-ac6c-f08fef9c997c,2026-08-06 07:30:48.569+00,2026-08-06 07:30:48.829493+00,2026-08-06 07:30:48.829493+00,null,null,null,null,null
e9c44b6d-5986-44f5-9b53-e2508b8d2ebb,00000000-0000-0000-0000-000000000001,618f174c-7c45-cb54-907b-cacc78483918,null,20798.00,UPI,VISHFUL,medium,verified,b138f42b-a291-44de-8f58-557de9422b29,b48573e1-c1d9-45dd-ac6c-f08fef9c997c,2026-08-06 07:49:02.352+00,2026-08-06 07:49:02.480185+00,2026-08-06 07:49:02.480185+00,null,null,null,null,null
e0db2422-2432-4ec9-bbbf-ae2ab691906e,00000000-0000-0000-0000-000000000001,cd2c3f97-4df7-b32f-d0c0-12031beae516,null,null,null,null,failed,verified,dd04661c-df73-4d76-9c45-4b40d185f959,b48573e1-c1d9-45dd-ac6c-f08fef9c997c,2026-08-06 07:52:52.221+00,2026-08-06 07:52:52.37194+00,2026-08-06 07:52:52.37194+00,null,null,null,null,null
4e074f51-50c6-4e5b-be50-0d8c3bebc835,00000000-0000-0000-0000-000000000001,5fee0a79-3970-704a-2332-f7c7598e86c1,null,15492.00,Bank,Bank of India,medium,verified,2aac2896-f33b-4e8b-b693-63b0a0621791,b48573e1-c1d9-45dd-ac6c-f08fef9c997c,2026-08-06 10:01:50.777+00,2026-08-06 10:01:50.699156+00,2026-08-06 10:01:50.699156+00,null,null,null,null,null
8bfd288e-d3ed-46aa-a2af-b9cadebb39e2,00000000-0000-0000-0000-000000000001,2ac2da6e-0954-f906-32d7-a1f55477c590,null,15918.00,UPI,HDFC,medium,verified,a82e04e2-acc2-4fbc-b8d6-bb480150ea85,b48573e1-c1d9-45dd-ac6c-f08fef9c997c,2026-08-07 04:37:56.049+00,2026-08-07 04:37:56.208901+00,2026-08-07 04:37:56.208901+00,null,null,null,null,null
7b78a08a-402c-4439-9e5e-3ec5e0ce41d6,00000000-0000-0000-0000-000000000001,e6dde6a9-4da9-d1a2-802a-faf5db207e8e,null,17008.00,UPI,HDFC Bank,medium,verified,44024034-da43-4f0d-8002-b4ba1449bedf,b48573e1-c1d9-45dd-ac6c-f08fef9c997c,2026-08-07 10:19:11.23+00,2026-08-07 10:19:10.397503+00,2026-08-07 10:19:10.397503+00,null,null,ICICI Bank,null,null
4cba01a6-e61c-4805-807f-b4b757ba98cb,00000000-0000-0000-0000-000000000001,41a311d7-b970-4e78-a30e-a633fc4e5f2f,null,32660.00,UPI,VISHFUL,medium,verified,e52a094f-72a4-406b-8e63-8766abf793dd,54acafd0-4c07-4bbf-97ee-b4760389c991,2026-08-08 06:54:07.338+00,2026-08-08 06:54:08.297944+00,2026-08-08 06:54:08.297944+00,null,null,null,null,null
4dcf3d2c-fc84-4fd7-8f27-c7c100e8209f,00000000-0000-0000-0000-000000000001,8fd367e7-7404-4ef6-530b-a40219a48f1e,2645e671-1dbc-455c-a688-767c9187ba47,5866.00,UPI,HDFC Bank,low,verified,b4228752-9706-4b41-98f2-9701ca0da150,a8b5f110-d39b-4e98-a7f3-cbac0db8f199,2026-08-10 07:43:18.473+00,2026-08-08 12:30:33.084571+00,2026-08-10 07:43:18.529899+00,cb8089f8-ebcf-4468-9f40-e224e4f6bfd7,exact,null,null,2026-08-05
a27d71bb-9782-42c6-bfbd-0741343cc084,00000000-0000-0000-0000-000000000001,aa88d180-8c53-dbe4-70de-ecf38130d3ce,2848fadf-f048-40aa-a2b1-52f0ab2627d4,16298.00,UPI,HDFC Bank,high,verified,ca30d6e0-a986-432b-a64c-6205fa3df7db,a8b5f110-d39b-4e98-a7f3-cbac0db8f199,2026-08-10 07:44:34.286+00,2026-08-08 12:31:02.121387+00,2026-08-10 07:44:34.328425+00,17df809a-e3c8-4660-a618-00fb718563aa,exact,null,null,2026-08-05
4c4bd9dc-b926-4e19-94be-0d2fb878641e,00000000-0000-0000-0000-000000000001,0366c854-a2dd-42cd-b83a-7a0affb3fa85,ef8c5873-3ba7-403f-a94e-499054534e6e,15914.00,UPI,null,medium,verified,53f2d840-8023-4b19-880b-be12314c85ad,a8b5f110-d39b-4e98-a7f3-cbac0db8f199,2026-08-10 07:50:10.505+00,2026-08-08 12:31:43.093544+00,2026-08-10 07:50:10.568902+00,08921217-7532-401a-a55c-1cac4e325d16,exact,null,null,2026-08-05
89abd917-d9c4-4a4b-8058-2da40c672848,00000000-0000-0000-0000-000000000001,d6d33436-345a-e39c-9f8d-91c76dca514e,0a12a0cd-f2fa-49f7-b9bf-7865a389ad57,15577.00,UPI,HDFC Bank,high,verified,d13ee42d-866d-4069-97ad-3c4149e4bb5b,a8b5f110-d39b-4e98-a7f3-cbac0db8f199,2026-08-10 07:52:40.848+00,2026-08-08 12:32:37.04515+00,2026-08-10 07:52:40.915287+00,0b44f982-2850-441f-a2ff-5418c536025e,exact,HDFC Bank,null,2026-08-05
b008a924-6fb0-498b-b56b-00560c6f40e4,00000000-0000-0000-0000-000000000001,55e6e452-fae2-a5ac-3c12-21424bffbcac,0310f134-9583-4ac9-a941-8ac16a943e1e,17386.00,UPI,HDFC Bank,high,verified,eb9e627c-3ca6-4eae-aeee-d20f98154b16,a8b5f110-d39b-4e98-a7f3-cbac0db8f199,2026-08-10 07:54:50.089+00,2026-08-08 12:32:53.1021+00,2026-08-10 07:54:50.186092+00,null,null,Standard Chartered,null,2026-08-06
a010d753-631c-4095-88a4-c9eb846452d2,00000000-0000-0000-0000-000000000001,06061874-ce68-4008-82f6-50ace2ba4bf4,534c947e-9f58-4d6d-9c2d-cc6ac59ef290,19034.00,UPI,HDFC Bank,high,verified,353223d0-b962-4666-8db3-9a71a0231c76,a8b5f110-d39b-4e98-a7f3-cbac0db8f199,2026-08-10 07:38:18.823+00,2026-08-08 12:47:54.799022+00,2026-08-10 07:38:18.877194+00,3832fc96-fc13-477c-8382-81d6e7e1ff0b,exact,State Bank of India,null,2026-08-06
c65d65bb-7b4f-47ff-ae97-3e46ec0878b9,00000000-0000-0000-0000-000000000001,5b45a840-9d6c-242e-0e2f-2e2c972c2eec,8a76dbae-1d67-4e45-9f14-38bd668ab1e6,27542.00,UPI,HDFC Bank,high,verified,129d43e9-cac1-4aaa-8167-80232de0c840,a8b5f110-d39b-4e98-a7f3-cbac0db8f199,2026-08-10 07:37:21.691+00,2026-08-08 12:51:56.507871+00,2026-08-10 07:37:21.726483+00,35639fa7-9ae0-4b59-85d8-d0058dd2a66f,exact,ICICI Bank,null,2026-08-05
9ffc0310-192a-4acc-9949-0b65f4350901,00000000-0000-0000-0000-000000000001,af12a12c-92bf-088b-3073-292fe4dfc478,12c3de9c-ca99-4da1-bae3-782fe47ab71e,22045.00,UPI,HDFC Bank,high,verified,0c72ab06-508e-457e-9857-440215644ae9,a8b5f110-d39b-4e98-a7f3-cbac0db8f199,2026-08-10 07:23:42.253+00,2026-08-08 13:01:30.835956+00,2026-08-10 07:23:42.323541+00,null,null,null,null,2026-08-06
eb113f74-b90f-41ab-bd89-c48f67aecde7,00000000-0000-0000-0000-000000000001,c675e97a-0958-0695-90b3-49311eec8fd7,118dc031-bf87-427b-831b-5e6796b24562,15492.00,UPI,HDFC Bank,high,verified,e2e6c1be-7d52-4672-a3a7-61dc5ca323b2,a8b5f110-d39b-4e98-a7f3-cbac0db8f199,2026-08-10 07:19:13.579+00,2026-08-08 14:13:34.801655+00,2026-08-10 07:19:13.657279+00,a62525bc-054b-460a-8221-2b94970784db,exact,State Bank of India,null,2026-08-05
9edc6679-d8ae-40d7-abba-fbb1bf7b20ac,00000000-0000-0000-0000-000000000001,2c1980eb-be51-916e-8f61-1e8fe83afb0c,f5c3e39c-b941-4884-b3e7-ce8d091b1dad,21930.00,UPI,HDFC Bank,high,verified,cdd5a263-9d61-492b-99c1-1ccc1ac8ad82,a8b5f110-d39b-4e98-a7f3-cbac0db8f199,2026-08-10 07:14:48.875+00,2026-08-08 14:41:04.422503+00,2026-08-10 07:14:48.95736+00,null,null,HDFC Bank,null,2026-08-02
684c738a-b6c3-47bb-9bed-b8fe64ae62a9,00000000-0000-0000-0000-000000000001,3e50af3d-452f-d098-b3bc-3c2a64576d55,null,17077.00,UPI,HDFC Bank,medium,verified,2a670468-aa12-4845-9f76-8db0f4948e1c,b48573e1-c1d9-45dd-ac6c-f08fef9c997c,2026-08-10 04:43:56.326+00,2026-08-10 04:43:55.238383+00,2026-08-10 04:43:55.238383+00,null,null,Canara Bank,null,null
0d74fbe9-21b4-487c-b9d8-8200c8817e3e,00000000-0000-0000-0000-000000000001,3e50af3d-452f-d098-b3bc-3c2a64576d55,null,17077.00,UPI,HDFC Bank,medium,verified,add8569e-a7f5-4321-8990-d5e9e7c573e5,b48573e1-c1d9-45dd-ac6c-f08fef9c997c,2026-08-10 04:45:20.041+00,2026-08-10 04:45:18.953274+00,2026-08-10 04:45:18.953274+00,null,null,Canara Bank,null,null
b8fa855f-4566-462f-9be1-a8c2680aeef0,00000000-0000-0000-0000-000000000001,6e29f80e-ffb7-4c7e-9f39-a7980c00926b,null,15160.00,Unknown,VISHFUL,medium,verified,7f0f44e5-0217-4180-b049-ddf97d85efaf,a8b5f110-d39b-4e98-a7f3-cbac0db8f199,2026-08-10 07:03:26.395+00,2026-08-10 07:03:26.631879+00,2026-08-10 07:03:26.631879+00,null,null,null,null,null
3be323ed-dae9-4eda-b037-28e60b010626,00000000-0000-0000-0000-000000000001,d77b5c1e-605d-6795-5eee-1e2f9b83e069,null,17639.00,UPI,Axis Bank,medium,verified,3fc96f78-48d7-4b02-bbdd-f2eccc2c3474,a8b5f110-d39b-4e98-a7f3-cbac0db8f199,2026-08-10 07:07:55.633+00,2026-08-10 07:07:55.856322+00,2026-08-10 07:07:55.856322+00,null,null,null,null,null
975d00d0-a686-4fa1-872f-bd834f7cab00,00000000-0000-0000-0000-000000000001,d497808b-36e2-ea42-d247-85b4e409078c,null,17639.00,UPI,HDFC Bank,medium,verified,2d384488-9050-4118-a421-abd927e18d70,a8b5f110-d39b-4e98-a7f3-cbac0db8f199,2026-08-10 07:09:43.765+00,2026-08-10 07:09:44.013918+00,2026-08-10 07:09:44.013918+00,null,null,State Bank of India,null,null
2707b338-35b9-4e72-aa47-39fd8424fa5e,00000000-0000-0000-0000-000000000001,8b48adf3-c14a-fa6d-9785-b4bcb35f8fbb,null,16825.00,UPI,HDFC,medium,verified,116b53de-d3ee-4669-9723-8ce3651db709,a8b5f110-d39b-4e98-a7f3-cbac0db8f199,2026-08-10 07:16:09.835+00,2026-08-10 07:16:10.051374+00,2026-08-10 07:16:10.051374+00,null,null,null,null,null
f08dc833-a7b6-466b-b6e8-e345541fb2ea,00000000-0000-0000-0000-000000000001,c09e703c-d287-38c8-d1c1-239145e17df9,null,17050.00,UPI,null,medium,verified,230a7e43-3560-4349-a62b-c7212ae09bfa,a8b5f110-d39b-4e98-a7f3-cbac0db8f199,2026-08-10 07:20:36.099+00,2026-08-10 07:20:36.252354+00,2026-08-10 07:20:36.252354+00,null,null,null,null,null
c70b42be-5009-49d5-a27f-919e7a63e340,00000000-0000-0000-0000-000000000001,950dd22f-78fa-d205-48b3-fe5a5cc7438e,null,16957.00,UPI,State Bank of India,medium,verified,9408a440-c3ce-401e-9a00-f1b96b24c96f,a8b5f110-d39b-4e98-a7f3-cbac0db8f199,2026-08-10 07:22:02.629+00,2026-08-10 07:22:02.789289+00,2026-08-10 07:22:02.789289+00,null,null,null,null,null
204ac05c-4906-4fbd-b1bf-c8b1edf0cf03,00000000-0000-0000-0000-000000000001,be84008a-74d3-3cc1-6fd6-bcef998f7bff,null,21918.00,UPI,HDFC,medium,verified,68e7754a-2c97-4f54-bc5b-e1da4b374429,a8b5f110-d39b-4e98-a7f3-cbac0db8f199,2026-08-10 07:25:00.976+00,2026-08-10 07:25:01.105209+00,2026-08-10 07:25:01.105209+00,null,null,null,null,null
6e65c510-33ca-4dab-8232-3ae1e402d4bb,00000000-0000-0000-0000-000000000001,9653a402-ff75-bbdf-8cc6-1cb0ca01f233,null,16639.00,UPI,VISHFUL,medium,verified,53484070-b7bb-4463-a59f-a38f840579fb,a8b5f110-d39b-4e98-a7f3-cbac0db8f199,2026-08-10 07:39:26.807+00,2026-08-10 07:39:27.009072+00,2026-08-10 07:39:27.009072+00,null,null,null,null,null
1c5cd7c5-0467-4f1d-9a7b-ab0be9e830ac,00000000-0000-0000-0000-000000000001,6d60a9d5-34ce-4336-9c23-231057dffa71,null,17918.00,UPI,HDFC Bank,medium,verified,91f335f2-58df-4d09-a0a4-3c350bcad0d7,a8b5f110-d39b-4e98-a7f3-cbac0db8f199,2026-08-10 07:40:55.353+00,2026-08-10 07:40:55.531956+00,2026-08-10 07:40:55.531956+00,null,null,State Bank of India,null,null
a755e27c-800e-4bcd-9698-bd9e6da197a4,00000000-0000-0000-0000-000000000001,b0a6f0b5-9fd8-112e-2bfa-24fa8a25779b,null,16337.00,UPI,ICICI,medium,verified,6f8a05f9-60c0-4201-a7d4-2b8fb802e706,a8b5f110-d39b-4e98-a7f3-cbac0db8f199,2026-08-10 07:42:31.577+00,2026-08-10 07:42:31.849232+00,2026-08-10 07:42:31.849232+00,null,null,null,null,null
b18a0eb5-3fbc-46bd-90be-11363439caad,00000000-0000-0000-0000-000000000001,855f3f6a-72ae-46f4-4cc2-a9a0d5df5b70,null,16763.00,UPI,HDFC Bank,medium,verified,bee5bdfb-3954-40ef-b6bd-8aa51aa5d646,a8b5f110-d39b-4e98-a7f3-cbac0db8f199,2026-08-10 07:51:39.893+00,2026-08-10 07:51:40.026395+00,2026-08-10 07:51:40.026395+00,null,null,null,null,null
d9fac6ac-7968-4979-b389-bdcd12d953c1,00000000-0000-0000-0000-000000000001,11e96dd2-92f4-f793-56db-439d5b3de156,null,17019.00,UPI,State Bank of India,medium,verified,a5ba3d75-d12d-4503-a240-3f3b7f1de050,a8b5f110-d39b-4e98-a7f3-cbac0db8f199,2026-08-10 07:55:52.287+00,2026-08-10 07:55:52.42784+00,2026-08-10 07:55:52.42784+00,null,null,null,null,null
bf5af21b-96d8-426b-a533-990c972aab76,00000000-0000-0000-0000-000000000001,8b48adf3-c14a-fa6d-9785-b4bcb35f8fbb,null,90.00,UPI,HDFC Bank,medium,verified,9832889a-9f69-45b7-9a81-350a03445d99,a8b5f110-d39b-4e98-a7f3-cbac0db8f199,2026-08-10 09:02:15.416+00,2026-08-10 09:02:15.625644+00,2026-08-10 09:02:15.625644+00,null,null,HDFC Bank,null,null
f2118bd6-6aeb-4aee-aec1-b284f879300a,00000000-0000-0000-0000-000000000001,12062e7c-25cc-4c45-8869-abf33c8a981c,null,20678.00,UPI,HDFC Bank,medium,verified,70564935-1451-43b9-9579-b87a1d4e5f0f,a8b5f110-d39b-4e98-a7f3-cbac0db8f199,2026-08-11 04:53:05.4+00,2026-08-11 04:53:05.217611+00,2026-08-11 04:53:05.217611+00,null,null,Axis Bank,null,null
10438900-3568-4720-a428-a7ad4547da3d,00000000-0000-0000-0000-000000000001,2c1980eb-be51-916e-8f61-1e8fe83afb0c,35833a24-4b5f-4036-b40b-d58e7f051fa2,21453.00,UPI,HDFC Bank,high,verified,df69620c-9c8b-4418-a821-fb07740bd82b,a8b5f110-d39b-4e98-a7f3-cbac0db8f199,2026-08-11 08:52:59.072+00,2026-08-11 06:33:46.708933+00,2026-08-11 08:52:58.978247+00,a4e705ac-defb-4a84-9cf5-4432b20fe25a,exact,HDFC Bank,null,2026-08-11
7dc937ce-1b97-405a-af92-9a8cea2fc2e3,00000000-0000-0000-0000-000000000001,0f9eb102-09ca-440e-adfa-ded3e743f533,null,743.00,UPI,HDFC Bank,medium,verified,90df45c7-6631-4ccb-8f30-4126c3649000,b48573e1-c1d9-45dd-ac6c-f08fef9c997c,2026-08-11 08:32:24.883+00,2026-08-11 08:32:23.77659+00,2026-08-11 08:32:23.77659+00,null,null,YES BANK,null,null
081ff64a-b3e8-425f-916f-ba54038fc71f,00000000-0000-0000-0000-000000000001,2e7429df-04ff-40b8-8b77-da551c9573fa,null,60000.00,UPI,null,medium,verified,d4bc6a49-1cbd-4691-be39-cb5cca4197cc,b48573e1-c1d9-45dd-ac6c-f08fef9c997c,2026-08-13 07:11:08.725+00,2026-08-13 07:11:07.800859+00,2026-08-13 07:11:07.800859+00,null,null,null,null,null
9b12f076-c660-4593-afc7-4acef3b950e0,00000000-0000-0000-0000-000000000001,df5ea39c-c069-5211-271d-f0d3831adefa,07b66b33-3a28-4375-a872-e2676783341e,14500.00,UPI,HDFC Bank,high,verified,5b0eac42-601c-4fb4-8243-e36d30063c77,a8b5f110-d39b-4e98-a7f3-cbac0db8f199,2026-08-17 05:47:22.609+00,2026-08-15 20:42:11.336922+00,2026-08-17 05:47:22.707276+00,ef36d67c-fbc5-49f0-9680-57c0901ed518,manual,null,null,2026-08-16
f8d51510-4be4-4ee1-8504-9e09509077a2,00000000-0000-0000-0000-000000000001,2794ccf7-4966-f00d-35d6-34ac17db73ea,null,20833.00,Card,AXIS BANK,medium,verified,9ece7675-547e-4a57-b8ba-5bcf76baea25,a8b5f110-d39b-4e98-a7f3-cbac0db8f199,2026-08-17 11:35:42.24+00,2026-08-17 11:35:42.918723+00,2026-08-17 11:35:42.918723+00,null,null,null,null,null
38285685-ffe5-48fe-9c16-429e53e987e0,00000000-0000-0000-0000-000000000001,21f9320d-9d9a-458d-930b-a7442b24b980,null,46500.00,UPI,Canara Bank,medium,verified,null,b48573e1-c1d9-45dd-ac6c-f08fef9c997c,2026-08-21 12:27:03.343+00,2026-08-21 12:27:01.499783+00,2026-08-21 12:27:20.331447+00,null,null,null,null,null
0a740823-1be8-4c5a-b25b-21d2cf653d76,00000000-0000-0000-0000-000000000001,d225973a-f437-d98e-4e24-0fb32a7bfbe8,null,17825.00,UPI,HDFC,medium,verified,750d5a53-26e4-4500-84d1-3b0eb39bd6d8,b48573e1-c1d9-45dd-ac6c-f08fef9c997c,2026-08-27 12:39:12.522+00,2026-08-27 12:39:11.91549+00,2026-08-27 12:39:11.91549+00,null,null,null,null,null